row_label,embedding_dim,mean_abs_shap,aac_ctd_feature,pearson_r_raw,p_value_raw,pearson_r_partial,p_value_partial,p_adj_fdr_raw,p_adj_fdr_partial,shrinkage
dim 625,625,1.0250282,AAC_A,-0.2825317973479122,1.174252444916629e-18,-0.23491959810082544,3.2511681143775465e-13,5.827642148620417e-18,2.911233646654425e-12,0.047612199247086734
dim 625,625,1.0250282,AAC_C,-0.13178092849513032,5.206742007605391e-05,-0.09773854493242515,0.002744438727566233,0.00010272013175075018,0.006022618495447581,0.03404238356270517
dim 625,625,1.0250282,AAC_D,0.22235559868239685,5.832806044997627e-12,0.06316757320784264,0.05324387043472549,2.0378213588171625e-11,0.08628555422221404,0.1591880254745542
dim 625,625,1.0250282,AAC_E,0.576399246950105,4.634400587335864e-84,0.34733735676682564,5.882187710510322e-28,2.456967930428855e-82,1.836122145149951e-26,0.22906189018327938
dim 625,625,1.0250282,AAC_F,0.17383706283842862,8.557987059904958e-08,0.07075231927295991,0.030342981022157135,2.2140725623611588e-07,0.05173331118632202,0.1030847435654687
dim 625,625,1.0250282,AAC_G,-0.274271531285456,1.2433989182045166e-17,-0.17599301753013308,5.8799965927288534e-08,5.949788519775194e-17,2.8838749808684833e-07,0.09827851375532293
dim 625,625,1.0250282,AAC_H,0.4075376038456695,8.470834081926184e-39,0.1412268075198598,1.4312544779905533e-05,8.370587524743626e-38,4.823804194236577e-05,0.2663107963258097
dim 625,625,1.0250282,AAC_I,0.31235911976229364,1.1852252543988003e-22,0.15711212325199814,1.3455951692841942e-06,6.720971731225795e-22,5.356719744230285e-06,0.1552469965102955
dim 625,625,1.0250282,AAC_K,0.4656504590884478,1.3314019666412306e-51,0.26376699836319695,2.229342169367802e-16,1.9386355714418693e-50,2.631096411904049e-15,0.20188346072525087
dim 625,625,1.0250282,AAC_L,0.43452686649072586,1.9513807578003418e-44,0.27794100437238545,4.40175398618365e-18,2.30304301450641e-43,5.765434632883682e-17,0.1565858621183404
dim 625,625,1.0250282,AAC_M,0.22894411833265627,1.310958802980735e-12,0.03638624054169405,0.2658454176120989,4.7905934375882434e-12,0.34469966325702267,0.19255787779096223
dim 625,625,1.0250282,AAC_N,0.016363943148033605,0.6168831377869941,0.027480737770235363,0.40077736379848006,0.6610169009331281,0.48535039705834787,-0.011116794622201758
dim 625,625,1.0250282,AAC_P,-0.47714018156883675,1.931865050585437e-54,-0.1839643465128414,1.4098084948816329e-08,3.05802335021581e-53,7.594774795007507e-08,0.2931758350559953
dim 625,625,1.0250282,AAC_Q,0.11885301568495049,0.0002661263494941716,0.06675764391704589,0.0410491181648149,0.0004873146969904239,0.06794056227476797,0.0520953717679046
dim 625,625,1.0250282,AAC_R,-0.07239358356479861,0.026694886247189298,0.035405821570079626,0.2789500036779182,0.037636521766826615,0.35820569484207876,0.03698776199471898
dim 625,625,1.0250282,AAC_S,-0.5445416201315553,1.8530213506533305e-73,-0.28951196971874527,1.5013325949369548e-19,6.067736579590318e-72,2.248632675824856e-18,0.25502965041281
dim 625,625,1.0250282,AAC_T,-0.5686236371575759,2.2960826659971044e-81,-0.2996320978444334,6.859874678315886e-21,1.1114371165841056e-79,1.1689786441619928e-19,0.2689915393131425
dim 625,625,1.0250282,AAC_V,0.06870952326939987,0.03547382132283985,0.07412283106232284,0.023266694586798278,0.04902363214135512,0.04085739217660686,-0.0054133077929229695
dim 625,625,1.0250282,AAC_W,-0.13867311960163167,2.046299320229265e-05,-0.04915173031022299,0.13272117174233217,4.1878919911554816e-05,0.19066978222384973,0.08952138929140868
dim 625,625,1.0250282,AAC_Y,0.04660022237784113,0.154063483961185,-0.011499091951256046,0.7251876158078653,0.19065284788082915,0.776474581233669,0.03510113042658508
dim 625,625,1.0250282,Hydrophobicity_C1,0.6041726308225456,2.650426140703682e-94,0.3904936682377085,1.7025444129911424e-35,2.0587030953372787e-92,9.47749723231736e-34,0.2136789625848371
dim 625,625,1.0250282,Hydrophobicity_C2,-0.65298161857446,5.70139941471098e-115,-0.4297568364216351,2.110248597521557e-43,1.002246002375509e-112,1.9049271123572976e-41,0.22322478215282493
dim 625,625,1.0250282,Hydrophobicity_C3,0.5512054679159382,1.393773638256918e-75,0.3344445406601031,6.384440499249228e-26,5.005595647073233e-74,1.6154569142039712e-24,0.21676092725583507
dim 625,625,1.0250282,Hydrophobicity_T12,0.05891635399210781,0.07144868657807046,-0.02797067580125586,0.3924296128616258,0.0946227649368578,0.4767969832513023,0.03094567819085195
dim 625,625,1.0250282,Hydrophobicity_T13,0.6068936734631145,2.3170912455623165e-95,0.382137024116584,6.043095078266723e-34,1.8875816488239359e-93,3.1052211632939775e-32,0.2247566493465305
dim 625,625,1.0250282,Hydrophobicity_T23,-0.2962290737574499,1.9631949337165258e-20,-0.21267563962524016,4.807160852296871e-11,1.0326096186792435e-19,3.423436513149584e-10,0.08355343413220973
dim 625,625,1.0250282,Hydrophobicity_group1_D0,-0.03723622019927642,0.25483202783636955,-0.07612315437954856,0.01978311451127239,0.2999558672965663,0.035353452363643546,-0.038886934180272135
dim 625,625,1.0250282,Hydrophobicity_group1_D25,-0.3927993939182408,6.243824807121938e-36,-0.08046281241388893,0.013750686720818538,5.546376291432786e-35,0.025416321885740962,0.3123365815043519
dim 625,625,1.0250282,Hydrophobicity_group1_D50,-0.1875959321721412,7.200678495537782e-09,-0.01679128068708622,0.6077143204312071,2.0347094902788656e-08,0.6781872517027588,0.170804651485055
dim 625,625,1.0250282,Hydrophobicity_group1_D75,-0.23400084379425468,4.038682826782219e-13,-0.05825765556300348,0.07467963628634211,1.520766701403902e-12,0.11569108775342424,0.17574318823125118
dim 625,625,1.0250282,Hydrophobicity_group1_D100,0.29150827325249373,8.248227399884207e-20,0.17160014043926905,1.2570743170838332e-07,4.25140115981686e-19,5.896949745870791e-07,0.11990813281322468
dim 625,625,1.0250282,Hydrophobicity_group2_D0,0.1935036159554654,2.3456768596540393e-09,0.07226954875230539,0.026956720485519177,6.878455409345471e-09,0.04673428960118771,0.12123406720316
dim 625,625,1.0250282,Hydrophobicity_group2_D25,0.3647606248909657,7.304426777364733e-31,0.08562462662978518,0.008733150408233515,5.660507061809329e-30,0.01702785893957965,0.2791359982611805
dim 625,625,1.0250282,Hydrophobicity_group2_D50,0.13766818395809532,2.3513952491524838e-05,-0.022031220438725272,0.5005864888716826,4.785898922711332e-05,0.5791336587569864,0.11563696351937006
dim 625,625,1.0250282,Hydrophobicity_group2_D75,0.20129922592113303,5.055027962963142e-10,0.0490199386643555,0.13376441255715488,1.5522268065113612e-09,0.19174812787162973,0.15227928725677753
dim 625,625,1.0250282,Hydrophobicity_group2_D100,-0.18018884488864617,2.7949502176051072e-08,-0.10144391314159384,0.0018764353132600358,7.522267306044367e-08,0.004257672517859049,0.07874493174705233
dim 625,625,1.0250282,Hydrophobicity_group3_D0,-0.3134398602304887,8.319791802801046e-23,-0.11809730743964286,0.00029135026694777937,4.774588422913315e-22,0.0007822426781395362,0.19534255279084584
dim 625,625,1.0250282,Hydrophobicity_group3_D25,-0.3455874085693101,1.1258289942934683e-27,-0.11346951542662884,0.0005014850979360135,7.689711331166021e-27,0.0012785955932109049,0.23211789314268125
dim 625,625,1.0250282,Hydrophobicity_group3_D50,-0.17671993076428508,5.175667935625948e-08,-0.06277683779452137,0.05473707312327418,1.3633068537058885e-07,0.08840513744281225,0.11394309296976371
dim 625,625,1.0250282,Hydrophobicity_group3_D75,-0.09118381563576677,0.005217761523890648,-0.08516463532857525,0.009102290052036745,0.008139805459969531,0.01768565955427733,0.006019180307191521
dim 625,625,1.0250282,Hydrophobicity_group3_D100,-0.07502773465022189,0.021629876832392883,-0.06076429803046971,0.06299054650995774,0.03086022580956524,0.09971015419111792,0.014263436619752178
dim 625,625,1.0250282,NormVanDerWaalsVolume_C1,-0.6387563986315878,1.4705218530870327e-108,-0.40961492821804824,3.251146924565972e-39,1.9646171957242756e-106,2.413073495122299e-37,0.2291414704135396
dim 625,625,1.0250282,NormVanDerWaalsVolume_C2,0.6208335398137587,6.003449645371119e-101,0.4157252978828409,1.868900216125868e-40,5.419330220416091e-99,1.522469932161073e-38,0.20510824193091776
dim 625,625,1.0250282,NormVanDerWaalsVolume_C3,0.47018702418386416,1.0387815255386882e-52,0.24639631152457217,2.0021609842115163e-14,1.54889745325858e-51,2.0512937691001426e-13,0.22379071265929198
dim 625,625,1.0250282,NormVanDerWaalsVolume_T12,-0.25118678289340085,5.9911176728447995e-15,-0.1381873849070636,2.1887413545489013e-05,2.482671591476629e-14,7.160035381188375e-05,0.11299939798633726
dim 625,625,1.0250282,NormVanDerWaalsVolume_T13,-0.07416688303101278,0.023184594042808503,-0.1415693830134547,1.3635921793658997e-05,0.03293770485026814,4.6097144525122524e-05,-0.06740249998244192
dim 625,625,1.0250282,NormVanDerWaalsVolume_T23,0.5684716370622359,2.5879514905275745e-81,0.3796723031359933,1.6980572872913962e-33,1.2348225683374428e-79,8.340457852284211e-32,0.1887993339262426
dim 625,625,1.0250282,NormVanDerWaalsVolume_group1_D0,0.1764654800603266,5.412384169734622e-08,0.04655881816699432,0.15443011466192522,1.4222945025109078e-07,0.21800362762926045,0.12990666189333228
dim 625,625,1.0250282,NormVanDerWaalsVolume_group1_D25,0.28384935691031193,7.999634290095194e-19,0.03560236968878894,0.2762883341360103,4.0118286079456375e-18,0.35547112327206254,0.248246987221523
dim 625,625,1.0250282,NormVanDerWaalsVolume_group1_D50,0.07567181063607924,0.02052668940428428,-0.03630106408740506,0.26696683719359443,0.02936151717786274,0.3452927264302576,0.039370746548674174
dim 625,625,1.0250282,NormVanDerWaalsVolume_group1_D75,0.20277561380731904,3.753359690827594e-10,0.07148300564127892,0.02866916291429944,1.1646170572790735e-09,0.049256689369218176,0.1312926081660401
dim 625,625,1.0250282,NormVanDerWaalsVolume_group1_D100,-0.16096139907942544,7.313290903998203e-07,-0.07574047798689555,0.02041201576856262,1.7213806638022548e-06,0.03634122210394411,0.08522092109252989
dim 625,625,1.0250282,NormVanDerWaalsVolume_group2_D0,-0.04885158078713348,0.13510630549655184,-0.028431965245057936,0.38466698439478575,0.16869348050784416,0.46895453874941706,0.020419615542075546
dim 625,625,1.0250282,NormVanDerWaalsVolume_group2_D25,-0.29499977165572056,2.860366413926046e-20,-0.05984175084327267,0.06710365599139279,1.4974332010208456e-19,0.1054215479827149,0.23515802081244788
dim 625,625,1.0250282,NormVanDerWaalsVolume_group2_D50,-0.029967027507167704,0.3595170791132677,0.05944499905962682,0.06893918038105576,0.41108765636368166,0.10784864752820901,-0.02947797155245912
dim 625,625,1.0250282,NormVanDerWaalsVolume_group2_D75,-0.010813605111882112,0.7409638758240585,0.009155690836701976,0.779560651753678,0.7792252346512454,0.8224044778450046,0.0016579142751801355
dim 625,625,1.0250282,NormVanDerWaalsVolume_group2_D100,0.1931286294411376,2.5214295970629525e-09,0.13806125554006504,2.2272417772427424e-05,7.361516480935543e-09,7.278852774942036e-05,0.05506737390107255
dim 625,625,1.0250282,NormVanDerWaalsVolume_group3_D0,-0.2250956152697363,3.15301530970706e-12,-0.14533799058595723,7.94502231696757e-06,1.1179481034417814e-11,2.794313837532654e-05,0.07975762468377906
dim 625,625,1.0250282,NormVanDerWaalsVolume_group3_D25,-0.14531222834496973,7.97478220431673e-06,-0.042911303972877464,0.1893900263130786,1.7030545116635473e-05,0.25977933794073205,0.10240092437209228
dim 625,625,1.0250282,NormVanDerWaalsVolume_group3_D50,-0.12652866394424184,0.00010294318925455953,-0.0666304671477946,0.04143677811763799,0.0001977172237551632,0.0684126737088042,0.05989819679644724
dim 625,625,1.0250282,NormVanDerWaalsVolume_group3_D75,-0.15733562368798096,1.299304825580551e-06,-0.11928597425059165,0.0002526114630546643,2.9805481575817585e-06,0.0006853958461434433,0.03804964943738931
dim 625,625,1.0250282,NormVanDerWaalsVolume_group3_D100,0.11119020197599287,0.0006505413668584727,0.03685762182710557,0.2596978597112508,0.0011340334892000516,0.3381045334803555,0.0743325801488873
dim 625,625,1.0250282,Polarity_C1,0.5427553218424765,6.746550989373311e-73,0.3146529327341805,5.582750621292978e-23,2.166680798510275e-71,1.1300840651586998e-21,0.22810238910829606
dim 625,625,1.0250282,Polarity_C2,-0.6542907894558506,1.407473768339859e-115,-0.4125570686656338,8.278769495279579e-40,2.611645770141738e-113,6.58359288434138e-38,0.24173372079021682
dim 625,625,1.0250282,Polarity_C3,0.6350624095349363,5.989843545794254e-107,0.3973291611817019,8.500909756695837e-37,6.453573368694454e-105,5.460199728339249e-35,0.2377332483532344
dim 625,625,1.0250282,Polarity_T12,-0.4631606651269985,5.3118734900188424e-51,-0.3126890126021602,1.0640334447887535e-22,7.485931416313474e-50,2.102882666032211e-21,0.1504716525248383
dim 625,625,1.0250282,Polarity_T13,0.6320315626326384,1.207883037460831e-105,0.3851557504181114,1.6844250104581807e-34,1.1865674544468162e-103,8.790593023328631e-33,0.24687581221452698
dim 625,625,1.0250282,Polarity_T23,-0.13672455196904254,2.6768316443902466e-05,-0.13995246196680158,1.712096830281898e-05,5.42842604266146e-05,5.695620929423844e-05,-0.003227909997759043
dim 625,625,1.0250282,Polarity_group1_D0,-0.22692790106699523,2.0803107988686977e-12,-0.08110136728901621,0.013016130325331441,7.479265950722766e-12,0.02429797977092232,0.14582653377797902
dim 625,625,1.0250282,Polarity_group1_D25,-0.27899765592052156,3.254570009690696e-18,-0.09286918569383067,0.004439413526107267,1.589219858533176e-17,0.00936679796411767,0.18612847022669088
dim 625,625,1.0250282,Polarity_group1_D50,-0.17994337533424237,2.9206670625330096e-08,-0.0935704272098993,0.004147740037174881,7.854289846103263e-08,0.008818237889346978,0.08637294812434307
dim 625,625,1.0250282,Polarity_group1_D75,-0.19888929240053385,8.178675588340536e-10,-0.15884435760073504,1.024536791318108e-06,2.4788363398418686e-09,4.1428001004872645e-06,0.040044934799798815
dim 625,625,1.0250282,Polarity_group1_D100,-0.04359577806949508,0.1824205093567632,-0.08162776997804674,0.012436871482633756,0.22212340548727275,0.023336601546065587,-0.038031991908551666
dim 625,625,1.0250282,Polarity_group2_D0,0.19625760993644095,1.3737170798784606e-09,0.06909377086958883,0.0344558485566874,4.082041856578344e-09,0.05794689535716814,0.12716383906685214
dim 625,625,1.0250282,Polarity_group2_D25,0.350984490307658,1.5003206547838046e-28,0.06287902541655849,0.05434323345714926,1.0707416638841681e-27,0.08781151414943325,0.2881054648910995
dim 625,625,1.0250282,Polarity_group2_D50,0.20247504161629704,3.9886334366309344e-10,0.020903871033895245,0.5227626277121522,1.2335218220691964e-09,0.6000093390235699,0.1815711705824018
dim 625,625,1.0250282,Polarity_group2_D75,0.22612292574197745,2.498405148914373e-12,0.0603109317773135,0.06498507580974529,8.924784168314445e-12,0.10252723344570111,0.16581199396466395
dim 625,625,1.0250282,Polarity_group2_D100,-0.15104661630105,3.4155614166640605e-06,-0.11636715151914391,0.00035775943310123047,7.544957097657382e-06,0.000947919000384462,0.0346794647819061
dim 625,625,1.0250282,Polarity_group3_D0,-0.06057485185191125,0.0638177601999319,-0.05862355385426866,0.07287048154934538,0.08522643705228812,0.11346732325166133,0.0019512979976425912
dim 625,625,1.0250282,Polarity_group3_D25,-0.4393264697511815,1.7105758556118875e-45,-0.08945735814062045,0.006140728661327698,2.0927924387339578e-44,0.012400262230250612,0.34986911161056106
dim 625,625,1.0250282,Polarity_group3_D50,-0.23575427180592626,2.6675580568864826e-13,-0.01856608143865384,0.5703021846625477,1.0170826381279511e-12,0.6437341320624904,0.2171881903672724
dim 625,625,1.0250282,Polarity_group3_D75,-0.21916451783437438,1.1820054700798163e-11,-0.04345724634244352,0.18381553104767415,4.061623734636406e-11,0.253381706025271,0.17570727149193086
dim 625,625,1.0250282,Polarity_group3_D100,0.2589779880208172,7.969910139814678e-16,0.15398026438939702,2.186425369500256e-06,3.4615734547439564e-15,8.47176419272721e-06,0.10499772363142015
dim 625,625,1.0250282,Polarizability_C1,-0.5896350220616454,8.102606721901566e-89,-0.38811536462323365,4.75166225571015e-35,5.638063843989839e-87,2.5597664409793386e-33,0.20151965743841177
dim 625,625,1.0250282,Polarizability_C2,0.49504024841789407,4.396649297464778e-59,0.35645340287959304,1.8694657610834006e-29,8.537679449728116e-58,6.572648044230062e-28,0.13858684553830103
dim 625,625,1.0250282,Polarizability_C3,0.47018702418386416,1.0387815255386882e-52,0.24639631152457217,2.0021609842115163e-14,1.54889745325858e-51,2.0512937691001426e-13,0.22379071265929198
dim 625,625,1.0250282,Polarizability_T12,-0.5342265443320278,2.901121173636722e-70,-0.29663169624541397,1.7348208204075e-20,8.425864973866653e-69,2.826488556176122e-19,0.2375948480866138
dim 625,625,1.0250282,Polarizability_T13,-0.03310827992797352,0.3113543646430066,-0.10969692933855438,0.0007694798873439641,0.36033388007887807,0.0018869771099330691,-0.07658864941058086
dim 625,625,1.0250282,Polarizability_T23,0.534154267106516,3.051846165416443e-70,0.34512941903210154,1.333410981311986e-27,8.787212234905964e-69,4.01224565547931e-26,0.1890248480744145
dim 625,625,1.0250282,Polarizability_group1_D0,0.14051942779511012,1.5812205290508023e-05,0.024080205933897415,0.4615914101055772,3.2925664382978057e-05,0.542284667517632,0.11643922186121271
dim 625,625,1.0250282,Polarizability_group1_D25,0.270712414413207,3.3537677408427255e-17,0.011253612853374569,0.7308242663177796,1.566655140477581e-16,0.7803558342395729,0.2594588015598324
dim 625,625,1.0250282,Polarizability_group1_D50,0.19357848218288315,2.312043131879526e-09,-0.03086395246720569,0.34531103809518937,6.7857856418959724e-09,0.42906951906173085,0.16271452971567746
dim 625,625,1.0250282,Polarizability_group1_D75,0.23843030103460527,1.4073538207174492e-13,0.0872086792355787,0.0075620175755055155,5.45942132543122e-13,0.014962759894661386,0.15122162179902657
dim 625,625,1.0250282,Polarizability_group1_D100,-0.06860122122686622,0.03576532881113615,-0.040471551176423516,0.21582507987022886,0.049362065383964766,0.29055049043392356,0.028129670050442708
dim 625,625,1.0250282,Polarizability_group2_D0,0.04469375956324655,0.1716399695828201,-0.011280012561480722,0.7302173774471765,0.21045429456924344,0.7799571604328652,0.03341374700176583
dim 625,625,1.0250282,Polarizability_group2_D25,-0.22227215323510255,5.94235713474694e-12,-0.029805506644244112,0.36211376131883877,2.073926105543864e-11,0.4462951892269083,0.19246664659085844
dim 625,625,1.0250282,Polarizability_group2_D50,-0.23083525845088482,8.467583563171406e-13,0.009179274113213837,0.779007548462459,3.1216036535311808e-12,0.8220806356602253,0.22165598433767097
dim 625,625,1.0250282,Polarizability_group2_D75,-0.11387357069565582,0.00047863838015999477,-0.029009301365395035,0.3750846809941511,0.000848091347339195,0.4583910847129399,0.08486426933026078
dim 625,625,1.0250282,Polarizability_group2_D100,-0.051117591042269137,0.11789593459815298,0.0008656462698123711,0.9788884750699133,0.1493825574953835,0.9847853935944308,0.050251944772456765
dim 625,625,1.0250282,Polarizability_group3_D0,-0.2250956152697363,3.15301530970706e-12,-0.14533799058595723,7.94502231696757e-06,1.1179481034417814e-11,2.794313837532654e-05,0.07975762468377906
dim 625,625,1.0250282,Polarizability_group3_D25,-0.14531222834496973,7.97478220431673e-06,-0.042911303972877464,0.1893900263130786,1.7030545116635473e-05,0.25977933794073205,0.10240092437209228
dim 625,625,1.0250282,Polarizability_group3_D50,-0.12652866394424184,0.00010294318925455953,-0.0666304671477946,0.04143677811763799,0.0001977172237551632,0.0684126737088042,0.05989819679644724
dim 625,625,1.0250282,Polarizability_group3_D75,-0.15733562368798096,1.299304825580551e-06,-0.11928597425059165,0.0002526114630546643,2.9805481575817585e-06,0.0006853958461434433,0.03804964943738931
dim 625,625,1.0250282,Polarizability_group3_D100,0.11119020197599287,0.0006505413668584727,0.03685762182710557,0.2596978597112508,0.0011340334892000516,0.3381045334803555,0.0743325801488873
dim 625,625,1.0250282,Charge_C1,0.4721107556039476,3.4810908814507767e-53,0.32491061695955437,1.7759706434825492e-24,5.284928883657088e-52,3.9024618087050753e-23,0.14720013864439324
dim 625,625,1.0250282,Charge_C2,-0.5876342210229087,4.3842602512050875e-88,-0.36850020738550276,1.6444903243033998e-31,2.9286858478049985e-86,6.865747103966694e-30,0.21913401363740598
dim 625,625,1.0250282,Charge_C3,0.5227055192434964,7.989654882661314e-67,0.2783035470008807,3.969151595376584e-18,1.991451291648417e-65,5.239907639746162e-17,0.24440197224261567
dim 625,625,1.0250282,Charge_T12,0.3780755573594461,3.3005391855621424e-33,0.2692037283307736,5.084833057157436e-17,2.70855058471193e-32,6.175760876693031e-16,0.10887182902867248
dim 625,625,1.0250282,Charge_T13,0.49257719017236123,1.988068972857906e-58,0.289761614581038,1.3933552722749739e-19,3.7943716396259465e-57,2.105794845881635e-18,0.20281557559132324
dim 625,625,1.0250282,Charge_T23,0.4809043069735706,2.1496827824288123e-55,0.24070559028701136,8.120863049754308e-14,3.4685702866242674e-54,7.749623596051255e-13,0.24019871668655926
dim 625,625,1.0250282,Charge_group1_D0,-0.04426088862520768,0.17583183415535802,-0.014610281849321541,0.6551247284863164,0.21488412955685904,0.7190655909116979,0.029650606775886143
dim 625,625,1.0250282,Charge_group1_D25,-0.13250899661581436,4.727607078805979e-05,-0.015327482900658022,0.6393681105956426,9.376607864140124e-05,0.7054805052492389,0.11718151371515634
dim 625,625,1.0250282,Charge_group1_D50,-0.022948615785329647,0.4829147492821647,0.012468897139076104,0.7030667557792701,0.5356809241456095,0.7577421633761736,0.010479718646253543
dim 625,625,1.0250282,Charge_group1_D75,-0.13910471384345155,1.9271681460941732e-05,-0.07476848583320832,0.022088261474777663,3.973297288860826e-05,0.03907563205813422,0.06433622801024323
dim 625,625,1.0250282,Charge_group1_D100,0.11423712781494966,0.000458913714969721,0.08767147811113707,0.007247480094757222,0.000814005208708905,0.014365924935601853,0.02656564970381259
dim 625,625,1.0250282,Charge_group2_D0,-0.02343404245731425,0.47370268357175693,-0.0503829471730074,0.12327659987927503,0.5265114685955635,0.17925287052537162,-0.026948904715693146
dim 625,625,1.0250282,Charge_group2_D25,0.12107920928449818,0.00020318924266655847,-0.03809505533469839,0.2440298052127511,0.0003785008759098189,0.32154113703229736,0.0829841539497998
dim 625,625,1.0250282,Charge_group2_D50,-0.04535748446867588,0.16535824965690882,-0.07149286229293353,0.02864713768546038,0.20327440333237962,0.04924417903728135,-0.02613537782425765
dim 625,625,1.0250282,Charge_group2_D75,0.025497178358905803,0.4356468759778734,-0.0027849537518843566,0.9321540071606838,0.48860327930359204,0.948049446990464,0.022712224607021447
dim 625,625,1.0250282,Charge_group2_D100,-0.25340701968974844,3.3953195745873798e-15,-0.14570342940450862,7.5341267605913045e-06,1.4282578563125754e-14,2.6713358153264285e-05,0.10770359028523982
dim 625,625,1.0250282,Charge_group3_D0,-0.05831487152967836,0.07439434391193228,-0.11107255250029978,0.0006592533288886593,0.09825113035423244,0.0016358886467222305,-0.05275768097062142
dim 625,625,1.0250282,Charge_group3_D25,-0.21980358571178438,1.0269903255948735e-11,-0.06062499463718515,0.06359794560461333,3.547205467928519e-11,0.10038617122845395,0.15917859107459922
dim 625,625,1.0250282,Charge_group3_D50,-0.017619668904299446,0.5901159878944329,-0.0016769287491604189,0.9591158963642397,0.6372413189678001,0.9683939219638937,0.015942740155139027
dim 625,625,1.0250282,Charge_group3_D75,0.034829232258541856,0.28685843632515623,0.023391126135240685,0.4745132108951656,0.33441786294101983,0.554151791744704,0.011438106123301171
dim 625,625,1.0250282,Charge_group3_D100,0.202301520673259,4.1309377150599786e-10,0.09682974223905697,0.0030070097910357804,1.2763489332377731e-09,0.006547205151277384,0.10547177843420202
dim 625,625,1.0250282,SecondaryStructure_C1,0.559429228808514,2.860507823917957e-78,0.29824314016634,1.0554484823326422e-20,1.1109414106844157e-76,1.7714562467291583e-19,0.26118608864217396
dim 625,625,1.0250282,SecondaryStructure_C2,-0.22365546200880154,4.360898306941629e-12,-0.09354993879927648,0.004156009628742533,1.534815631737096e-11,0.008830198575063652,0.13010552320952506
dim 625,625,1.0250282,SecondaryStructure_C3,-0.5983215758268808,4.6222436457164646e-92,-0.33506133619238376,5.127601741872213e-26,3.4307319503762203e-90,1.3073427341872664e-24,0.2632602396344971
dim 625,625,1.0250282,SecondaryStructure_T12,0.4177038676171236,7.317992741922875e-41,0.1848280094111266,1.2030761186401586e-08,7.759395478737272e-40,6.535989987773787e-08,0.232875858205997
dim 625,625,1.0250282,SecondaryStructure_T13,0.2763585359817352,6.901619981634947e-18,0.056119035333644054,0.08599939815601063,3.335949455667254e-17,0.1309558632414231,0.22023950064809117
dim 625,625,1.0250282,SecondaryStructure_T23,-0.5283658004744545,1.6944765746851985e-68,-0.27677953076616557,6.125075738573018e-18,4.6012615930476116e-67,7.898746319240881e-17,0.2515862697082889
dim 625,625,1.0250282,SecondaryStructure_group1_D0,-0.14095920712239993,1.4863199328570044e-05,-0.13261122590894728,4.663771690674119e-05,3.1007548880339755e-05,0.00014356679674517564,0.008347981213452649
dim 625,625,1.0250282,SecondaryStructure_group1_D25,0.03259769285457988,0.31887948199668964,0.0008167572314724469,0.9800805343059087,0.36789549909117214,0.9850250294060712,0.03178093562310743
dim 625,625,1.0250282,SecondaryStructure_group1_D50,0.09928906286960966,0.0023442865747766287,-0.02716758522944696,0.40616833178326384,0.00381203367076628,0.4902790849859419,0.0721214776401627
dim 625,625,1.0250282,SecondaryStructure_group1_D75,0.1405874170760593,1.5661813370864725e-05,-0.0007954014975840229,0.9806012643039481,3.263284882014234e-05,0.9850250294060712,0.13979201557847526
dim 625,625,1.0250282,SecondaryStructure_group1_D100,0.24288355946891776,4.772003075168131e-14,0.15624135696897692,1.541507841404484e-06,1.8929323362305886e-13,6.1002798463163226e-06,0.08664220249994084
dim 625,625,1.0250282,SecondaryStructure_group2_D0,-0.11638404326131008,0.00035704771508258666,-0.06935334455101627,0.033782361097096494,0.0006435722441315918,0.05692890316059651,0.047030698710293806
dim 625,625,1.0250282,SecondaryStructure_group2_D25,0.0396613468102895,0.2251647860769542,-0.019007872445273574,0.5611626395122712,0.26897367149392953,0.6351001407362488,0.02065347436501593
dim 625,625,1.0250282,SecondaryStructure_group2_D50,-0.019840671519205922,0.5441290131954416,0.011301840045961985,0.7297157243214528,0.5935306675613242,0.779670671539876,0.008538831473243937
dim 625,625,1.0250282,SecondaryStructure_group2_D75,-0.18925317891248694,5.27579127843774e-09,-0.0684983955285964,0.03604398132054938,1.5035104837868645e-08,0.06043518956357175,0.12075478338389053
dim 625,625,1.0250282,SecondaryStructure_group2_D100,-0.1632621713103234,5.044627032374654e-07,-0.14531227334222716,7.974730131993446e-06,1.2095516359031834e-06,2.8007990158631032e-05,0.017949897968096235
dim 625,625,1.0250282,SecondaryStructure_group3_D0,0.12794891755261345,8.58335446765339e-05,0.04711373473874583,0.14957110824458472,0.00016629004595105756,0.2116811447190309,0.08083518281386762
dim 625,625,1.0250282,SecondaryStructure_group3_D25,0.030934126882642903,0.3442148496742511,0.007214721876216694,0.825439725064478,0.39562202268134844,0.8607457638824092,0.02371940500642621
dim 625,625,1.0250282,SecondaryStructure_group3_D50,-0.12821396844542063,8.295338932318281e-05,-0.017731880648782308,0.58775028828994,0.0001608034360646724,0.660304730201278,0.11048208779663832
dim 625,625,1.0250282,SecondaryStructure_group3_D75,-0.027791823363808435,0.3954646954524254,0.028806275821657637,0.37843746893985836,0.44820226766579596,0.4621503276998636,-0.001014452457849202
dim 625,625,1.0250282,SecondaryStructure_group3_D100,-0.11622430426983983,0.0003638313533508972,-0.024462827594030172,0.4545019855283937,0.0006543870329520715,0.5350851715420638,0.09176147667580967
dim 625,625,1.0250282,SolventAccessibility_C1,0.05041432069872683,0.12304296695759566,-0.03513933057428374,0.28258657272383064,0.15531500742190837,0.36197209592134905,0.01527499012444309
dim 625,625,1.0250282,SolventAccessibility_C2,0.6041726308225456,2.650426140703682e-94,0.3904936682377085,1.7025444129911424e-35,2.0587030953372787e-92,9.47749723231736e-34,0.2136789625848371
dim 625,625,1.0250282,SolventAccessibility_C3,-0.6451525042565992,2.1232681384607916e-111,-0.3791307004845365,2.1283064090544116e-33,3.3770074202185923e-109,1.0012032966537655e-31,0.2660218037720627
dim 625,625,1.0250282,SolventAccessibility_T12,0.6335895298428829,2.589574476644798e-106,0.37950146888925707,1.823516257953684e-33,2.7028683599980082e-104,8.700777573664722e-32,0.2540880609536258
dim 625,625,1.0250282,SolventAccessibility_T13,-0.5314611948828221,1.9970200759452365e-69,-0.34470166689211257,1.5613248491989298e-27,5.605081557695034e-68,4.614889377278253e-26,0.1867595279907095
dim 625,625,1.0250282,SolventAccessibility_T23,-0.02476093934728013,0.44902113332130866,-0.023495834369682438,0.47253700372707674,0.5017499448956744,0.5526168040785842,0.0012651049775976933
dim 625,625,1.0250282,SolventAccessibility_group1_D0,-0.0032271142297542036,0.9214147149997217,-0.03975562448459732,0.2240634071272036,0.9357023861657253,0.2997083619562915,-0.03652851025484311
dim 625,625,1.0250282,SolventAccessibility_group1_D25,0.16198033222876757,6.208176021086169e-07,-0.004933591959288409,0.8801186354974789,1.4695469816036714e-06,0.9042129321936572,0.15704674026947915
dim 625,625,1.0250282,SolventAccessibility_group1_D50,0.16233467031485177,5.862976006635471e-07,-0.05210752933193813,0.11093849501014144,1.3937608442820263e-06,0.16315921326898827,0.11022714098291364
dim 625,625,1.0250282,SolventAccessibility_group1_D75,0.20081423611626872,5.571670688762386e-10,0.0334858414899736,0.30586561608758855,1.7041556868558946e-09,0.38681982496499273,0.16732839462629512
dim 625,625,1.0250282,SolventAccessibility_group1_D100,-0.10258515478271582,0.0016649303770370045,-0.12478615090590298,0.0001283308110712226,0.0027474641597349777,0.0003660332271373898,-0.022200996123187156
dim 625,625,1.0250282,SolventAccessibility_group2_D0,-0.03723622019927642,0.25483202783636955,-0.07612315437954856,0.01978311451127239,0.2999558672965663,0.035353452363643546,-0.038886934180272135
dim 625,625,1.0250282,SolventAccessibility_group2_D25,-0.3927993939182408,6.243824807121938e-36,-0.08046281241388893,0.013750686720818538,5.546376291432786e-35,0.025416321885740962,0.3123365815043519
dim 625,625,1.0250282,SolventAccessibility_group2_D50,-0.1875959321721412,7.200678495537782e-09,-0.01679128068708622,0.6077143204312071,2.0347094902788656e-08,0.6781872517027588,0.170804651485055
dim 625,625,1.0250282,SolventAccessibility_group2_D75,-0.23400084379425468,4.038682826782219e-13,-0.05825765556300348,0.07467963628634211,1.520766701403902e-12,0.11569108775342424,0.17574318823125118
dim 625,625,1.0250282,SolventAccessibility_group2_D100,0.29150827325249373,8.248227399884207e-20,0.17160014043926905,1.2570743170838332e-07,4.25140115981686e-19,5.896949745870791e-07,0.11990813281322468
dim 625,625,1.0250282,SolventAccessibility_group3_D0,-0.24268672999300564,5.007964317020119e-14,-0.1362276442940995,2.8649579460571577e-05,1.9841756605987184e-13,9.14814487555536e-05,0.10645908569890614
dim 625,625,1.0250282,SolventAccessibility_group3_D25,0.03030957305871344,0.35404892724010756,0.023812570918747576,0.4665867253727606,0.40552929251781866,0.547159018378836,0.0064970021399658635
dim 625,625,1.0250282,SolventAccessibility_group3_D50,-0.0476309618812151,0.14514781138663174,0.03959213148885178,0.22597583325159368,0.18075827368804998,0.3015418629885429,0.00803883039236332
dim 625,625,1.0250282,SolventAccessibility_group3_D75,0.06615027611483675,0.042928517955180635,0.02792064591956153,0.39327718403147804,0.058546855847408465,0.4776530162418679,0.03822963019527521
dim 625,625,1.0250282,SolventAccessibility_group3_D100,-0.20830647199732394,1.2057959257623212e-10,-0.0791215149926116,0.01541364606576999,3.894930746659722e-10,0.028271047698886196,0.12918495700471233
dim 534,534,0.3688076,AAC_A,0.14653527701732225,6.673118790291075e-06,0.038824862968597204,0.23510615416703143,1.4351717166498512e-05,0.3123526471431523,0.10771041404872504
dim 534,534,0.3688076,AAC_C,0.003288816818053393,0.9199171606094972,-0.08169914473580796,0.01236011111049709,0.9347500202116583,0.023231722627495937,-0.07841032791775457
dim 534,534,0.3688076,AAC_D,-0.13950702480423924,1.822083122408437e-05,0.041657733644942074,0.20265877631294707,3.768270977612495e-05,0.27470791919043963,0.09784929115929716
dim 534,534,0.3688076,AAC_E,-0.4820416344428641,1.1012801856495074e-55,-0.21233828385361156,5.164597580855604e-11,1.8299879701837584e-54,3.6546093050969743e-10,0.26970335058925254
dim 534,534,0.3688076,AAC_F,-0.20937668116846841,9.643841618239411e-11,-0.12797642590915217,8.553029679591692e-05,3.134746859458601e-10,0.0002510291663430251,0.08140025525931624
dim 534,534,0.3688076,AAC_G,0.20547460699496478,2.1652071614157087e-10,0.08118159146094277,0.012926339997760035,6.874326919323638e-10,0.024173558562440377,0.12429301553402201
dim 534,534,0.3688076,AAC_H,-0.31415600014853867,6.5754052756351e-23,-0.021981739719337708,0.5015492677948604,3.79306625572042e-22,0.5798458132346257,0.29217426042920097
dim 534,534,0.3688076,AAC_I,-0.3015787312604682,3.7354681302175176e-21,-0.1512780238421956,3.298467728190553e-06,2.038637835772305e-20,1.2336934168148315e-05,0.1503007074182726
dim 534,534,0.3688076,AAC_K,-0.3262941649344403,1.1040930479575365e-24,-0.06500785202743228,0.04666056975804701,6.803820627635003e-24,0.07632042262089962,0.261286312907008
dim 534,534,0.3688076,AAC_L,-0.3537986384627516,5.164027660658237e-29,-0.16487917003162397,3.873704042598229e-07,3.7413996500213686e-28,1.6979227693278327e-06,0.18891946843112764
dim 534,534,0.3688076,AAC_M,-0.28116913398758697,1.742700290012901e-18,-0.12971736960471708,6.826769531597876e-05,8.597664650876054e-18,0.0002040201023541872,0.1514517643828699
dim 534,534,0.3688076,AAC_N,-0.005685464504827974,0.8620196959747795,-0.010446147776165055,0.749466262996717,0.8869826816253121,0.7956825551204815,-0.004760683271337081
dim 534,534,0.3688076,AAC_P,0.38453297763955696,2.1947566413827753e-34,0.06388676729868605,0.05058425207369422,1.8372148326362078e-33,0.08237200756196898,0.32064621034087093
dim 534,534,0.3688076,AAC_Q,-0.10571336287172235,0.0011923695669553479,-0.0507612194180138,0.12048263274650087,0.002008327964513798,0.1757257612983899,0.05495214345370855
dim 534,534,0.3688076,AAC_R,0.16680794064972043,2.817380844696899e-07,0.1084790618189029,0.0008810811119928161,6.944687838588666e-07,0.0021402261193134587,0.05832887883081753
dim 534,534,0.3688076,AAC_S,0.43260210260693704,5.123418153408123e-44,0.13059071571489492,6.0902579835347665e-05,6.004286537678291e-43,0.00018358719914265452,0.3020113868920421
dim 534,534,0.3688076,AAC_T,0.49314309515186655,1.4071563501073571e-58,0.1994060040262964,7.380735970496325e-10,2.7010932237692947e-57,4.6077865684967706e-09,0.2937370911255701
dim 534,534,0.3688076,AAC_V,0.06752573147980105,0.038772484821340616,0.11826397195636157,0.00028560236711630945,0.0531827923216746,0.0007674271167887961,-0.05073824047656052
dim 534,534,0.3688076,AAC_W,0.13200859590287894,5.052187913482676e-05,0.046585916263380295,0.15419008861504185,9.990709076987648e-05,0.21775682705041852,0.08542267963949865
dim 534,534,0.3688076,AAC_Y,-0.06995916732460138,0.03225409575813315,-0.02708370413078777,0.4076196643523335,0.04486825482389201,0.4911434628199112,0.04287546319381361
dim 534,534,0.3688076,Hydrophobicity_C1,-0.40766094578901946,8.004136363146351e-39,-0.08780456451615663,0.007159225523240474,7.932882923711814e-38,0.014199414042531583,0.3198563812728628
dim 534,534,0.3688076,Hydrophobicity_C2,0.4921849417602274,2.5252152463118054e-58,0.17804978185326426,4.09261565423108e-08,4.765095436543181e-57,2.0524528956654368e-07,0.31413515990696317
dim 534,534,0.3688076,Hydrophobicity_C3,-0.47773420166135117,1.368600789254375e-54,-0.23295920141589666,5.158907196586979e-13,2.176726969576006e-53,4.48717448869805e-12,0.2447750002454545
dim 534,534,0.3688076,Hydrophobicity_T12,0.0012672694124482402,0.9690977392270057,0.102099359369166,0.001752132084979151,0.9758964438440649,0.004002818853509141,-0.10083208995671776
dim 534,534,0.3688076,Hydrophobicity_T13,-0.4886916759061598,2.0959553898992396e-57,-0.20593492579182834,1.9698014822344096e-10,3.723665426735883e-56,1.3237980040913688e-09,0.28275675011433143
dim 534,534,0.3688076,Hydrophobicity_T23,0.12046951474125771,0.00021887365697997353,-0.03657715964127458,0.2633435831354408,0.0004059067264370414,0.34211107260691265,0.08389235509998313
dim 534,534,0.3688076,Hydrophobicity_group1_D0,-0.10221929842854145,0.001730221305245723,-0.12403400187349951,0.0001410176715487434,0.0028509813317813097,0.0003991517143837313,-0.02181470344495806
dim 534,534,0.3688076,Hydrophobicity_group1_D25,0.37370578403198074,1.996632152180832e-32,0.0824940436573001,0.01153313382172105,1.5915874435045294e-31,0.02189918531242087,0.2912117403746806
dim 534,534,0.3688076,Hydrophobicity_group1_D50,0.13896097528970877,1.9660914828248703e-05,-0.036106675954577776,0.2695382728865391,4.0410741862369646e-05,0.34732169422879655,0.10285429933513099
dim 534,534,0.3688076,Hydrophobicity_group1_D75,0.19522949539618561,1.6789618323809094e-09,0.01804682732201268,0.5811339475242857,4.966990717583913e-09,0.6537512242273877,0.17718266807417293
dim 534,534,0.3688076,Hydrophobicity_group1_D100,-0.1813529746208328,2.2667148581797495e-08,-0.019623497359258016,0.5485461342848851,6.145152294091204e-08,0.6233902989151127,0.16172947726157477
dim 534,534,0.3688076,Hydrophobicity_group2_D0,-0.22855581292633795,1.4333722601126559e-12,-0.13086871975636244,5.872028391716725e-05,5.209426930115637e-12,0.00017732888633213256,0.09768709316997551
dim 534,534,0.3688076,Hydrophobicity_group2_D25,-0.2808953918711901,1.886046883603305e-18,0.015242391505664839,0.6412292411776265,9.277461842761471e-18,0.7073004179436171,0.26565300036552525
dim 534,534,0.3688076,Hydrophobicity_group2_D50,-0.10800100578154447,0.0009288461679527453,0.047246362268804756,0.1484272141767642,0.0015909467697241895,0.2104184473867427,0.06075464351273971
dim 534,534,0.3688076,Hydrophobicity_group2_D75,-0.12886940476092773,7.621775786846124e-05,0.04072885274099663,0.21291812127989748,0.00014817654905742756,0.28709992938024126,0.0881405520199311
dim 534,534,0.3688076,Hydrophobicity_group2_D100,0.15297831248193416,2.548631742214216e-06,0.0668779272268411,0.040685298103524996,5.693933123073901e-06,0.06740520618341939,0.08610038525509306
dim 534,534,0.3688076,Hydrophobicity_group3_D0,0.2432288571847724,4.384144721983805e-14,0.03112882090491092,0.3411851769444264,1.745297183721801e-13,0.42504979149361594,0.2121000362798615
dim 534,534,0.3688076,Hydrophobicity_group3_D25,0.22444274800774044,3.653401294811286e-12,-0.04676887106799267,0.1525769359426883,1.289890097745211e-11,0.21556978259246148,0.1776738769397478
dim 534,534,0.3688076,Hydrophobicity_group3_D50,0.10331533777690832,0.001541337751609101,-0.03189192672791859,0.3294752772058506,0.002564160466833285,0.41199828748316775,0.07142341104898974
dim 534,534,0.3688076,Hydrophobicity_group3_D75,-0.002472191409063007,0.9397580179668636,-0.047685135279260986,0.1446903726638369,0.9505729194455859,0.2058202064298191,-0.04521294387019798
dim 534,534,0.3688076,Hydrophobicity_group3_D100,0.04997814994863581,0.12632216011403957,0.024855049920075215,0.44729869666614247,0.15903355249939397,0.5292163113230308,0.025123100028560594
dim 534,534,0.3688076,NormVanDerWaalsVolume_C1,0.48490284762291275,2.0243210901111881e-56,0.17142208071716702,1.295867176092951e-07,3.485171361325448e-55,6.070401638359687e-07,0.3134807669057457
dim 534,534,0.3688076,NormVanDerWaalsVolume_C2,-0.4859171122710217,1.1062004192577613e-56,-0.2102077237327439,8.101202581195587e-11,1.9445838949057488e-55,5.648855244507988e-10,0.27570938853827776
dim 534,534,0.3688076,NormVanDerWaalsVolume_C3,-0.33944949453658874,1.0623993763872549e-26,-0.06190027504950929,0.058214008353931354,7.01267572556014e-26,0.09276468888460435,0.27754921948707945
dim 534,534,0.3688076,NormVanDerWaalsVolume_T12,0.12242644194949094,0.00017219173495355231,-0.0387289805433491,0.23626520524677877,0.00032382905109508154,0.3137677079619249,0.08369746140614184
dim 534,534,0.3688076,NormVanDerWaalsVolume_T13,0.026746787663975712,0.41348009778535444,0.0633188855889957,0.052674825661547055,0.46687745997399727,0.08552937175963402,-0.03657209792501999
dim 534,534,0.3688076,NormVanDerWaalsVolume_T23,-0.3951837102812114,2.194343171085171e-36,-0.11844703874251857,0.0002794111210865133,1.9755003211386715e-35,0.0007513954464001243,0.27673667153869286
dim 534,534,0.3688076,NormVanDerWaalsVolume_group1_D0,-0.21485669868671609,3.014784550926626e-11,-0.11177143711983781,0.0006090479348076147,1.0140362940679689e-10,0.0015192084408195915,0.10308526156687828
dim 534,534,0.3688076,NormVanDerWaalsVolume_group1_D25,-0.2568755121543467,1.3828793441723646e-15,-0.020213537824945657,0.5365866757247335,5.959763883271868e-15,0.6131351994819971,0.236661974329401
dim 534,534,0.3688076,NormVanDerWaalsVolume_group1_D50,-0.06311207708722605,0.053453857217021165,0.041355673384078244,0.20595476324242296,0.07213571034539422,0.27894927381577156,0.021756403703147804
dim 534,534,0.3688076,NormVanDerWaalsVolume_group1_D75,-0.12594448220921095,0.0001108740021090568,0.027149568670196043,0.40647979894721625,0.00021258275949727308,0.49030066034080977,0.0987949135390149
dim 534,534,0.3688076,NormVanDerWaalsVolume_group1_D100,0.20216820525511486,4.2436188816782494e-10,0.13869634368942932,2.0397145419681964e-05,1.3099525937897739e-09,6.706245904788479e-05,0.06347186156568554
dim 534,534,0.3688076,NormVanDerWaalsVolume_group2_D0,0.018627661809780188,0.5690240031655327,-0.01267211322186483,0.6984623818369682,0.6178609137102988,0.7544839441576564,0.005955548587915357
dim 534,534,0.3688076,NormVanDerWaalsVolume_group2_D25,0.23368550946739583,4.34989940857736e-13,-0.008440168289066678,0.7963936936558593,1.632434160072852e-12,0.8377810824600221,0.22524534117832914
dim 534,534,0.3688076,NormVanDerWaalsVolume_group2_D50,0.019399747532010295,0.5531154096374591,-0.06291221647401589,0.05421582130736298,0.602545814804016,0.08764803638266812,-0.0435124689420056
dim 534,534,0.3688076,NormVanDerWaalsVolume_group2_D75,0.013134013725347284,0.6880382014469129,-0.003610948540024037,0.9121035776152826,0.7288447804734186,0.9307748088099738,0.009523065185323247
dim 534,534,0.3688076,NormVanDerWaalsVolume_group2_D100,-0.15672396970310692,1.4297756381771082e-06,-0.08684445192977717,0.007818095581024675,3.2619198302674466e-06,0.01537835055395902,0.06987951777332975
dim 534,534,0.3688076,NormVanDerWaalsVolume_group3_D0,0.14264178812201467,1.170926824702489e-05,0.03131609799654793,0.33828705525016123,2.468999744006511e-05,0.4217539247986332,0.11132569012546674
dim 534,534,0.3688076,NormVanDerWaalsVolume_group3_D25,0.12389084034269184,0.00014356232043103763,0.021188266056868202,0.5171211518072096,0.00027213288889878874,0.5949654312904168,0.10270257428582363
dim 534,534,0.3688076,NormVanDerWaalsVolume_group3_D50,0.08806199938619966,0.006991239724894511,0.016106903643744327,0.6224270844239961,0.010662438667190716,0.6904372175277804,0.07195509574245533
dim 534,534,0.3688076,NormVanDerWaalsVolume_group3_D75,0.051206556015872644,0.11725702301058717,-0.02977162711547175,0.3626599087027281,0.1486858226482009,0.44663867812209135,0.021434928900400895
dim 534,534,0.3688076,NormVanDerWaalsVolume_group3_D100,-0.06870320897894723,0.03549076123287326,0.01664274530531039,0.6108943681066575,0.04902363214135512,0.6801290631587454,0.05206046367363684
dim 534,534,0.3688076,Polarity_C1,-0.48161031635107476,1.4196668763751122e-55,-0.23430226779726465,3.7616515545446115e-13,2.3243565524965072e-54,3.3414670723880324e-12,0.2473080485538101
dim 534,534,0.3688076,Polarity_C2,0.5002626607933685,1.7212618544214646e-60,0.17171917111017163,1.2317699388185166e-07,3.593134121104807e-59,5.802696185689485e-07,0.3285434896831968
dim 534,534,0.3688076,Polarity_C3,-0.4375974203275566,4.1300303325059054e-45,-0.08687899740582025,0.007793478939658675,4.989550191818603e-44,0.015339323131617986,0.3507184229217364
dim 534,534,0.3688076,Polarity_T12,0.2545912838443777,2.5023555275556055e-15,0.0076455766042441125,0.8151980155406044,1.063341916289532e-14,0.8532627301490501,0.24694570724013357
dim 534,534,0.3688076,Polarity_T13,-0.5078581474944379,1.3966737887718747e-62,-0.19757100895012839,1.061417753790023e-09,3.151953009795988e-61,6.552930309905132e-09,0.31028713854430956
dim 534,534,0.3688076,Polarity_T23,0.15568234941296008,1.6814084420316257e-06,0.16001808888599486,8.503298542343317e-07,3.817745884694514e-06,3.480516805321897e-06,-0.004335739473034783
dim 534,534,0.3688076,Polarity_group1_D0,0.19658074329267183,1.2894690242320298e-09,0.049244851050317555,0.13198784376651332,3.838526328819055e-09,0.1900169819742045,0.14733589224235427
dim 534,534,0.3688076,Polarity_group1_D25,0.19318880065821378,2.4923897873147964e-09,-0.016078834170998143,0.6230338042412134,7.283098766081733e-09,0.6907457332445512,0.17710996648721564
dim 534,534,0.3688076,Polarity_group1_D50,0.1172819069618714,0.00032106450274425793,0.010335197803704382,0.7520395120619306,0.0005815376568144367,0.7979072332550344,0.10694670915816701
dim 534,534,0.3688076,Polarity_group1_D75,0.09323523946302309,0.004284919891217804,0.008673786748533845,0.7908868738136546,0.006747587193148264,0.8325124987512155,0.08456145271448924
dim 534,534,0.3688076,Polarity_group1_D100,0.010354631363403938,0.7515885921477486,0.028429321281540472,0.38471120843515055,0.7884126563358921,0.46895453874941706,-0.018074689918136534
dim 534,534,0.3688076,Polarity_group2_D0,-0.2417274220526227,6.332179185207244e-14,-0.14323695902312042,1.0754958824001298e-05,2.4911046500108595e-13,3.695633999193862e-05,0.09849046302950229
dim 534,534,0.3688076,Polarity_group2_D25,-0.3173769943551782,2.2638061535807187e-23,-0.04041923779301608,0.21641958379295842,1.3311817874928874e-22,0.2912334447495895,0.2769577565621621
dim 534,534,0.3688076,Polarity_group2_D50,-0.1806048484065115,2.5937686021566782e-08,-0.007028387943272596,0.8298783228026497,7.003384908005905e-08,0.8637561851545186,0.1735764604632389
dim 534,534,0.3688076,Polarity_group2_D75,-0.1465691388072625,6.64014145763802e-06,0.03921699545656636,0.23040780148589635,1.4299208554810437e-05,0.30684292542380137,0.10735214335069614
dim 534,534,0.3688076,Polarity_group2_D100,0.10828084347531898,0.0009006033412669211,0.05535996561972095,0.0903354938685163,0.0015505232782636682,0.13663795356343375,0.05292087785559803
dim 534,534,0.3688076,Polarity_group3_D0,-0.046524190352652636,0.15473724885114673,-0.09204091567185003,0.004807747381594809,0.191274023376325,0.010042449189822803,-0.0455167253191974
dim 534,534,0.3688076,Polarity_group3_D25,0.4276107196773728,6.083819702194726e-43,0.10802610424610545,0.0009262800325243826,6.864850609908914e-42,0.002240242801326168,0.31958461543126737
dim 534,534,0.3688076,Polarity_group3_D50,0.17942936804451884,3.201905529129382e-08,-0.041776969491685065,0.20136832973122398,8.589850977744687e-08,0.2732914349054401,0.1376523985528338
dim 534,534,0.3688076,Polarity_group3_D75,0.15747444900191818,1.2713261112490507e-06,-0.028953400950338267,0.37600599377533,2.9244002834516733e-06,0.45934894630929124,0.1285210480515799
dim 534,534,0.3688076,Polarity_group3_D100,-0.1689695180020058,1.9632618537877473e-07,-0.0306790449751597,0.34821008948658333,4.908154634469368e-07,0.4321945834174937,0.1382904730268461
dim 534,534,0.3688076,Polarizability_C1,0.4519050988026539,2.4031150643123472e-48,0.18104887357451666,2.3945265060632907e-08,3.160001698741433e-47,1.2549671500501631e-07,0.27085622522813724
dim 534,534,0.3688076,Polarizability_C2,-0.3999753280089093,2.614093103583482e-37,-0.21686866756931897,1.9516365576746677e-11,2.4320531938631838e-36,1.4681229960886014e-10,0.1831066604395903
dim 534,534,0.3688076,Polarizability_C3,-0.33944949453658874,1.0623993763872549e-26,-0.06190027504950929,0.058214008353931354,7.01267572556014e-26,0.09276468888460435,0.27754921948707945
dim 534,534,0.3688076,Polarizability_T12,0.37859340072114067,2.6616685228464145e-33,0.0681490458180998,0.03700454692822119,2.1896484892381833e-32,0.06185945282295233,0.3104443549030409
dim 534,534,0.3688076,Polarizability_T13,0.008190002933241007,0.8023017911805248,0.0630421138021547,0.05371956856749811,0.8334954844612606,0.08692992200360644,-0.054852110868913694
dim 534,534,0.3688076,Polarizability_T23,-0.37771129789749536,3.8388812293754694e-33,-0.1135638396513493,0.0004960626165321726,3.142613555420115e-32,0.0012657365463846115,0.26414745824614605
dim 534,534,0.3688076,Polarizability_group1_D0,-0.19284393323902438,2.6633505153055856e-09,-0.10807288330381036,0.0009215147089732152,7.755528091648348e-09,0.002230332701427927,0.08477104993521402
dim 534,534,0.3688076,Polarizability_group1_D25,-0.26038165571762517,5.501231312147435e-16,-0.0225345301673923,0.4908491043731546,2.424025406671825e-15,0.5698421997241351,0.23784712555023288
dim 534,534,0.3688076,Polarizability_group1_D50,-0.17444430230208152,7.703123664988556e-08,0.03456177088705171,0.290577731259188,1.9959994601289198e-07,0.37043115358995726,0.13988253141502982
dim 534,534,0.3688076,Polarizability_group1_D75,-0.15875477080537378,1.0391575985930902e-06,0.014848163389425784,0.6498811081579002,2.4169821582875497e-06,0.7147194274769136,0.143906607415948
dim 534,534,0.3688076,Polarizability_group1_D100,0.12923715946065564,7.266813122528913e-05,0.12559773751829748,0.00011584993126752365,0.00014152277451455727,0.00033328059468865545,0.0036394219423581675
dim 534,534,0.3688076,Polarizability_group2_D0,-0.08223936369367277,0.011792589951772013,-0.04677275524780107,0.15254282781623693,0.017474379076716295,0.21556978259246148,0.0354666084458717
dim 534,534,0.3688076,Polarizability_group2_D25,0.18116688983727033,2.3441168490903416e-08,-0.011059293638065702,0.7352965223644197,6.349838017811632e-08,0.7836760519595761,0.17010759619920462
dim 534,534,0.3688076,Polarizability_group2_D50,0.21705778041872345,1.873060698033436e-11,-0.004344600693702162,0.8943410276800653,6.338422220295519e-11,0.9171320332979485,0.2127131797250213
dim 534,534,0.3688076,Polarizability_group2_D75,0.11260889959996323,0.0005535713483052526,0.03435540745068998,0.2934694461253696,0.0009731201596523913,0.3738321701215616,0.07825349214927324
dim 534,534,0.3688076,Polarizability_group2_D100,0.04613626712082511,0.15820969311718724,-0.0026766603184452,0.934786218938793,0.19527730044767383,0.9501161293933819,0.04345960680237991
dim 534,534,0.3688076,Polarizability_group3_D0,0.14264178812201467,1.170926824702489e-05,0.03131609799654793,0.33828705525016123,2.468999744006511e-05,0.4217539247986332,0.11132569012546674
dim 534,534,0.3688076,Polarizability_group3_D25,0.12389084034269184,0.00014356232043103763,0.021188266056868202,0.5171211518072096,0.00027213288889878874,0.5949654312904168,0.10270257428582363
dim 534,534,0.3688076,Polarizability_group3_D50,0.08806199938619966,0.006991239724894511,0.016106903643744327,0.6224270844239961,0.010662438667190716,0.6904372175277804,0.07195509574245533
dim 534,534,0.3688076,Polarizability_group3_D75,0.051206556015872644,0.11725702301058717,-0.02977162711547175,0.3626599087027281,0.1486858226482009,0.44663867812209135,0.021434928900400895
dim 534,534,0.3688076,Polarizability_group3_D100,-0.06870320897894723,0.03549076123287326,0.01664274530531039,0.6108943681066575,0.04902363214135512,0.6801290631587454,0.05206046367363684
dim 534,534,0.3688076,Charge_C1,-0.23660865519541416,2.1767955052826125e-13,0.0211451930580206,0.5179735534089961,8.337725903261383e-13,0.5955358583084499,0.21546346213739356
dim 534,534,0.3688076,Charge_C2,0.39108494166882696,1.3173825302460355e-35,0.06806238065509371,0.0372461812598675,1.1640364156142218e-34,0.06223223882339042,0.3230225610137333
dim 534,534,0.3688076,Charge_C3,-0.4130389330745909,6.608497507931964e-40,-0.12398323192088512,0.00014191519765972742,6.812463480399e-39,0.0004013520407988904,0.28905570115370577
dim 534,534,0.3688076,Charge_T12,-0.17264159598605328,1.0516806782772991e-07,0.026106039969022526,0.42476192096632065,2.69993348612312e-07,0.5086786719352854,0.14653555601703075
dim 534,534,0.3688076,Charge_T13,-0.31640325007940784,3.1291999621198666e-23,-0.032497305787799684,0.32037287201608844,1.824001374080341e-22,0.4025753922248816,0.28390594429160815
dim 534,534,0.3688076,Charge_T23,-0.3994793161460026,3.2634259495867722e-37,-0.13303018234892783,4.410586937187759e-05,3.0277340754499496e-36,0.00013652789963120588,0.2664491337970748
dim 534,534,0.3688076,Charge_group1_D0,-0.0555577570098089,0.08918905928362499,-0.12149625236378919,0.0001930747671614657,0.11591107315459434,0.0005364972731441726,-0.06593849535398029
dim 534,534,0.3688076,Charge_group1_D25,0.09021805337185344,0.0057173418129887995,-0.03312236459769435,0.3111484533591669,0.008848897894060515,0.39231250819917607,0.0570956887741591
dim 534,534,0.3688076,Charge_group1_D50,-0.047222437749747714,0.14863306521547998,-0.10575007939049152,0.0011876440494315457,0.1844795383945385,0.0028053261139330712,-0.05852764164074381
dim 534,534,0.3688076,Charge_group1_D75,0.06667929602070206,0.04128757353189077,-0.023075812625232464,0.48049155012581357,0.056401020693871234,0.5605455038142568,0.0436034833954696
dim 534,534,0.3688076,Charge_group1_D100,-0.049720124818946825,0.12829377726338959,0.0030283000519767617,0.9262419061514182,0.16115126591189213,0.9434729998614629,0.046691824766970064
dim 534,534,0.3688076,Charge_group2_D0,-0.07242799331144824,0.026622637888290765,-0.08713470035550544,0.007613414058995554,0.037550511210680385,0.015031377345656427,-0.014706707044057202
dim 534,534,0.3688076,Charge_group2_D25,-0.09181318269480017,0.0049137490016289715,0.06209705375291131,0.05741793261387387,0.0076699704203970894,0.09198448293565167,0.02971612894188886
dim 534,534,0.3688076,Charge_group2_D50,0.0439271113210508,0.1791157839679193,0.06393638233694199,0.050404945176895734,0.21865742633510615,0.08212317897113744,-0.020009271015891186
dim 534,534,0.3688076,Charge_group2_D75,0.01105793726689328,0.7353277709542129,0.050569411086745765,0.12189310531200925,0.773785367040665,0.17747296065479987,-0.03951147381985248
dim 534,534,0.3688076,Charge_group2_D100,0.20277297257903928,3.755366978112462e-10,0.07881090591294057,0.01582305888662781,1.1646170572790735e-09,0.028910840635304642,0.12396206666609871
dim 534,534,0.3688076,Charge_group3_D0,-0.009376183738509538,0.7743937732747698,0.007471860448443996,0.8193236794045382,0.8095384046127484,0.8554364142579424,0.0019043232900655422
dim 534,534,0.3688076,Charge_group3_D25,0.17780696633193202,4.272441139346803e-08,0.014242258492700085,0.6632705459575708,1.1361427870555988e-07,0.7258596407268304,0.16356470783923194
dim 534,534,0.3688076,Charge_group3_D50,-0.004922221651581348,0.8803928446513539,-0.028066445533193717,0.390810236718598,0.9017209755092064,0.4756946758892556,-0.02314422388161237
dim 534,534,0.3688076,Charge_group3_D75,-0.04922005578951985,0.13218280013157127,-0.04344627581473473,0.18392634098718974,0.1654142197225358,0.2534298592810288,0.00577377997478512
dim 534,534,0.3688076,Charge_group3_D100,-0.09490279153409785,0.0036409179222354326,0.04804985017727565,0.14163938711906793,0.005790793266793498,0.20184428231425727,0.0468529413568222
dim 534,534,0.3688076,SecondaryStructure_C1,-0.45707092666710447,1.4938915974982033e-49,-0.15405276751316502,2.162225283672115e-06,2.028291843757723e-48,8.387726419819819e-06,0.3030181591539395
dim 534,534,0.3688076,SecondaryStructure_C2,0.18580254412820718,1.0050595500636388e-08,0.049053219166165146,0.13350037375967147,2.804426814713913e-08,0.19168204328199226,0.13674932496204203
dim 534,534,0.3688076,SecondaryStructure_C3,0.4866675699621848,7.064496832578629e-57,0.17246193067830862,1.0846339199067103e-07,1.2484348899900858e-55,5.138549351047394e-07,0.3142056392838762
dim 534,534,0.3688076,SecondaryStructure_T12,-0.36052344907389694,3.86382016785055e-30,-0.11672907839051583,0.0003427961203903977,2.910625859933704e-29,0.0009123020255808194,0.2437943706833811
dim 534,534,0.3688076,SecondaryStructure_T13,-0.2789519310366281,3.297462897591793e-18,-0.08047900643974877,0.013731615478556232,1.607814025979064e-17,0.025416321885740962,0.19847292459687932
dim 534,534,0.3688076,SecondaryStructure_T23,0.41336173268525456,5.681396923818995e-40,0.11404249648474551,0.0004693771716300528,5.8748810295837285e-39,0.001206866630673115,0.29931923620050904
dim 534,534,0.3688076,SecondaryStructure_group1_D0,0.06800668101613207,0.03740218632132132,0.026553707754860628,0.4168609243733385,0.05145111297908287,0.5002930245802912,0.04145297326127144
dim 534,534,0.3688076,SecondaryStructure_group1_D25,-0.12423267032688315,0.00013755660639211992,-0.13088628115379963,5.858494194088465e-05,0.00026163955885517116,0.00017708027699778707,-0.006653610826916484
dim 534,534,0.3688076,SecondaryStructure_group1_D50,-0.20079163123708615,5.596965684221819e-10,-0.12873915037260578,7.751378790121651e-05,1.7103262017658623e-09,0.0002297214299823098,0.07205248086448038
dim 534,534,0.3688076,SecondaryStructure_group1_D75,-0.20652010117271197,1.7460846309588774e-10,-0.10622839930118783,0.0011276411447020507,5.586132823182616e-10,0.002682565116313995,0.10029170187152414
dim 534,534,0.3688076,SecondaryStructure_group1_D100,-0.14413495052631264,9.454180606025728e-06,-0.019223024778127755,0.556737446295986,2.003614417774488e-05,0.6318393036454615,0.12491192574818488
dim 534,534,0.3688076,SecondaryStructure_group2_D0,0.04926038510141058,0.13186581839518138,-0.02233376508794121,0.4947210206313728,0.16507939784104417,0.5733476012212335,0.02692662001346937
dim 534,534,0.3688076,SecondaryStructure_group2_D25,-0.06379719136294008,0.050909327378625836,-0.021018937577618114,0.5204762848936626,0.068896739645304,0.5980016482782364,0.04277825378532197
dim 534,534,0.3688076,SecondaryStructure_group2_D50,0.019930598189546244,0.5423051715189067,-0.007667925196658539,0.8146676173113072,0.5917344896678041,0.8531630069526018,0.012262672992887705
dim 534,534,0.3688076,SecondaryStructure_group2_D75,0.16410408259031606,4.3979171421289063e-07,0.042189682307080575,0.19694789842905336,1.0613470559761955e-06,0.26844525070546854,0.12191440028323548
dim 534,534,0.3688076,SecondaryStructure_group2_D100,0.08913845612288981,0.006326457578911831,0.03789708325548662,0.24649091532883696,0.009728530531107513,0.32450912778806285,0.05124137286740319
dim 534,534,0.3688076,SecondaryStructure_group3_D0,-0.12951486533884055,7.009174678495896e-05,-0.05526812085480062,0.09087185265028341,0.0001369043475214988,0.13721156774500298,0.07424674448403992
dim 534,534,0.3688076,SecondaryStructure_group3_D25,0.10519402130727522,0.001261094476946596,0.17940491035626516,3.215921487731188e-08,0.0021176749889399854,1.6499505021539428e-07,-0.07421088904898994
dim 534,534,0.3688076,SecondaryStructure_group3_D50,0.20850651649835372,1.1565851220620854e-10,0.14045373636734823,1.5958819173240222e-05,3.739587906764148e-10,5.330245603862235e-05,0.06805278013100549
dim 534,534,0.3688076,SecondaryStructure_group3_D75,0.13602955748765583,2.9433956857874392e-05,0.12810921922479204,8.408056663134412e-05,5.9222539701988236e-05,0.00024720870822948006,0.007920338262863785
dim 534,534,0.3688076,SecondaryStructure_group3_D100,0.17350401704563398,9.065066978607299e-08,0.11249675112423181,0.0005607177250731936,2.3380172747913806e-07,0.00141130158383155,0.06100726592140217
dim 534,534,0.3688076,SolventAccessibility_C1,-0.1247594518414882,0.0001287621450083192,-0.07815615989897028,0.01671747566619883,0.00024589226090782507,0.030395410302179692,0.04660329194251793
dim 534,534,0.3688076,SolventAccessibility_C2,-0.40766094578901946,8.004136363146351e-39,-0.08780456451615663,0.007159225523240474,7.932882923711814e-38,0.014199414042531583,0.3198563812728628
dim 534,534,0.3688076,SolventAccessibility_C3,0.512052468628755,9.284378824853932e-64,0.1751867485446952,6.769686004870477e-08,2.1239606352748036e-62,3.281676524857387e-07,0.3368657200840598
dim 534,534,0.3688076,SolventAccessibility_T12,-0.4936371053094142,1.0401378613921147e-58,-0.16532633551929357,3.5992272002939557e-07,2.0081274318206143e-57,1.5880341940530796e-06,0.32831076979012064
dim 534,534,0.3688076,SolventAccessibility_T13,0.35487640985819613,3.422543329389111e-29,0.08229982061307352,0.011730535798748812,2.4959158777641117e-28,0.022198294372703133,0.2725765892451226
dim 534,534,0.3688076,SolventAccessibility_T23,0.04038034589152696,0.2168623242757038,0.044252622657527614,0.17591261583928958,0.25970604628212646,0.2442012206580329,-0.0038722767660006527
dim 534,534,0.3688076,SolventAccessibility_group1_D0,-0.047297257623170205,0.14799002425431237,-0.035482402813395146,0.27791087137178777,0.1838864140659983,0.3570085809160658,0.01181485480977506
dim 534,534,0.3688076,SolventAccessibility_group1_D25,-0.22474990823379998,3.408983919204479e-12,-0.10105628440780887,0.001953702400441654,1.2061447341253137e-11,0.004412012182200896,0.12369362382599111
dim 534,534,0.3688076,SolventAccessibility_group1_D50,-0.19715977876364238,1.1509071787767766e-09,-0.021523205213829246,0.5105176397000758,3.4413876249905407e-09,0.5881783085885661,0.17563657354981313
dim 534,534,0.3688076,SolventAccessibility_group1_D75,-0.1755046374148752,6.404366224876882e-08,-0.01281762935933551,0.6951721271241467,1.6685322301941331e-07,0.7516590820960343,0.1626870080555397
dim 534,534,0.3688076,SolventAccessibility_group1_D100,0.07299384570503586,0.02545851169863418,0.07634368835415774,0.01942840986589045,0.03598452351817104,0.03480899043178314,-0.003349842649121873
dim 534,534,0.3688076,SolventAccessibility_group2_D0,-0.10221929842854145,0.001730221305245723,-0.12403400187349951,0.0001410176715487434,0.0028509813317813097,0.0003991517143837313,-0.02181470344495806
dim 534,534,0.3688076,SolventAccessibility_group2_D25,0.37370578403198074,1.996632152180832e-32,0.0824940436573001,0.01153313382172105,1.5915874435045294e-31,0.02189918531242087,0.2912117403746806
dim 534,534,0.3688076,SolventAccessibility_group2_D50,0.13896097528970877,1.9660914828248703e-05,-0.036106675954577776,0.2695382728865391,4.0410741862369646e-05,0.34732169422879655,0.10285429933513099
dim 534,534,0.3688076,SolventAccessibility_group2_D75,0.19522949539618561,1.6789618323809094e-09,0.01804682732201268,0.5811339475242857,4.966990717583913e-09,0.6537512242273877,0.17718266807417293
dim 534,534,0.3688076,SolventAccessibility_group2_D100,-0.1813529746208328,2.2667148581797495e-08,-0.019623497359258016,0.5485461342848851,6.145152294091204e-08,0.6233902989151127,0.16172947726157477
dim 534,534,0.3688076,SolventAccessibility_group3_D0,0.16167824246131243,6.517845740962292e-07,0.026669269861769727,0.4148354818149575,1.5395760095342332e-06,0.498754123967997,0.1350089725995427
dim 534,534,0.3688076,SolventAccessibility_group3_D25,0.046483943657700894,0.15509480196806258,0.0829266853452283,0.011103956776358682,0.1916450753138472,0.021144364671059294,-0.03644274168752741
dim 534,534,0.3688076,SolventAccessibility_group3_D50,0.1099017237488088,0.0007520534579408731,0.057252528701887954,0.07983856825332895,0.0013021558058696299,0.12265906990161854,0.052649195046920845
dim 534,534,0.3688076,SolventAccessibility_group3_D75,-0.03363254395999553,0.30375033355258874,0.014655343408482333,0.6541301224645043,0.35263333822233106,0.7184959814959494,0.018977200551513196
dim 534,534,0.3688076,SolventAccessibility_group3_D100,0.18699339886508967,8.05724955124716e-09,0.058599584496287466,0.0729878897686808,2.272906545706547e-08,0.11359718165302604,0.1283938143688022
dim 260,260,0.33524722,AAC_A,0.12444687933006163,0.0001339143960349509,-0.0013614259669615914,0.9668030167854242,0.00025500232768342987,0.9746821841422629,0.12308545336310003
dim 260,260,0.33524722,AAC_C,-0.022983500039362427,0.4822495181972671,-0.12971466499360151,6.829175881197045e-05,0.5351207278335123,0.0002040201023541872,-0.1067311649542391
dim 260,260,0.33524722,AAC_D,-0.186460167202756,8.89718012385797e-09,-0.013005739791257093,0.6909272628708747,2.495095013743545e-08,0.7490393905659988,0.17345442741149888
dim 260,260,0.33524722,AAC_E,-0.504635491939751,1.0929806620987134e-61,-0.2302440123961737,9.711540905624693e-13,2.3704905268894176e-60,8.274629241016957e-12,0.2743914795435773
dim 260,260,0.33524722,AAC_F,-0.17985870861485342,2.965286267590155e-08,-0.08176249842337846,0.012292328349136945,7.967864950724954e-08,0.023117329215156194,0.09809621019147496
dim 260,260,0.33524722,AAC_G,0.12190983291516565,0.00018351229294228243,-0.051379109191591076,0.11602555290371963,0.0003439568229108997,0.170116482308351,0.07053072372357458
dim 260,260,0.33524722,AAC_H,-0.41528640531979166,2.2990197956044186e-40,-0.16083633812958373,7.461308701865331e-07,2.3846975519623473e-39,3.0728447674759808e-06,0.2544500671902079
dim 260,260,0.33524722,AAC_I,-0.23194739511883777,6.536429806344156e-13,-0.0372296860998436,0.25491546508166957,2.4311442709565123e-12,0.33375839018924985,0.19471770901899418
dim 260,260,0.33524722,AAC_K,-0.3329005836495646,1.1028084121235e-25,-0.054562952602491624,0.0950755889451698,7.069827440484626e-25,0.14284861316998074,0.278337631047073
dim 260,260,0.33524722,AAC_L,-0.35119907100432957,1.383662026528213e-28,-0.1494559489804022,4.335032349081953e-06,9.895998219709276e-28,1.5946044103451237e-05,0.20174312202392736
dim 260,260,0.33524722,AAC_M,-0.18698389101141058,8.071528746770105e-09,0.022086014850839237,0.4995214605647549,2.2750131657562997e-08,0.5781017596279562,0.16489787616057133
dim 260,260,0.33524722,AAC_N,0.10767373831378078,0.0009629143394566487,0.15450029524334247,2.018438963568717e-06,0.0016442402319965267,7.857326501537896e-06,-0.04682655692956168
dim 260,260,0.33524722,AAC_P,0.41757872379113503,7.766539974588928e-41,0.09163031320102827,0.0050003911541468835,8.208937821242728e-40,0.010418781319307917,0.32594841059010676
dim 260,260,0.33524722,AAC_Q,-0.03940602902971532,0.22816685099100084,0.049338159171401365,0.1312561880499808,0.27207328893607385,0.18920831596328697,-0.009932130141686042
dim 260,260,0.33524722,AAC_R,0.06954459138568253,0.033293373485898926,-0.035977530160505214,0.27125601106188413,0.04619853238176253,0.34926564261630416,0.033567061225177316
dim 260,260,0.33524722,AAC_S,0.503328258472591,2.502310126985366e-61,0.22549220287955635,2.882501025134171e-12,5.357510143673796e-60,2.3424704194520998e-11,0.27783605559303465
dim 260,260,0.33524722,AAC_T,0.5605273552214559,1.2354552721024801e-78,0.2922910456412067,6.513275600551061e-20,4.912405486693195e-77,1.0165579675626423e-18,0.2682363095802492
dim 260,260,0.33524722,AAC_V,-0.08649668611534791,0.008069810135370482,-0.09894451305414062,0.0024282911310245367,0.01223542401894281,0.005385453105990673,-0.012447826938792705
dim 260,260,0.33524722,AAC_W,0.10782406056549321,0.000947124977899666,0.0055513962157533745,0.8652419519878649,0.001619763147048072,0.8919771996368565,0.10227266434973983
dim 260,260,0.33524722,AAC_Y,-0.04600999137495813,0.15935265183668815,0.010520100289958787,0.7477526345954467,0.19661538867179104,0.7943682568539415,0.03548989108499934
dim 260,260,0.33524722,Hydrophobicity_C1,-0.40900552629936415,4.308697076408552e-39,-0.06240340703634394,0.05619657121004976,4.3216361066680373e-38,0.09036906492131258,0.3466021192630202
dim 260,260,0.33524722,Hydrophobicity_C2,0.49946494807893543,2.8339046325882997e-60,0.1639393176320025,4.517844429534949e-07,5.842741649904272e-59,1.957146614091664e-06,0.33552563044693295
dim 260,260,0.33524722,Hydrophobicity_C3,-0.49091171326290045,5.47670383393913e-58,-0.23803028055199035,1.5492888612069487e-13,1.0106182765390439e-56,1.4413996647440694e-12,0.2528814327109101
dim 260,260,0.33524722,Hydrophobicity_T12,-0.06033578702733697,0.06487439648833014,0.022974167638109257,0.4824274352278351,0.08646467848005694,0.5622148058831016,0.03736161938922771
dim 260,260,0.33524722,Hydrophobicity_T13,-0.4685302623496135,2.648631697168078e-52,-0.1491009497291817,4.570388016340118e-06,3.9143494993545935e-51,1.6756417096131715e-05,0.3194293126204318
dim 260,260,0.33524722,Hydrophobicity_T23,0.10003658853658061,0.0021710936835769414,-0.08101943243265594,0.013108403421911713,0.0035424782135549506,0.024418330969986125,0.019017156103924668
dim 260,260,0.33524722,Hydrophobicity_group1_D0,-0.0005001895865422437,0.9878003465067391,0.018783828285771055,0.5657887020408324,0.990036182384143,0.6395039813253401,-0.01828363869922881
dim 260,260,0.33524722,Hydrophobicity_group1_D25,0.3623956582266911,1.8565563658740523e-30,0.03969059024346379,0.22482274362744223,1.4092950595498488e-29,0.30030759756327635,0.32270506798322734
dim 260,260,0.33524722,Hydrophobicity_group1_D50,0.20656052119115362,1.7315820635795697e-10,0.050193393016582606,0.12469553946530686,5.545047068413962e-10,0.180843726363059,0.15636712817457102
dim 260,260,0.33524722,Hydrophobicity_group1_D75,0.21259754456424304,4.887691046159263e-11,0.03035346180027686,0.353352130069419,1.6243669745444714e-10,0.43759588966698537,0.18224408276396617
dim 260,260,0.33524722,Hydrophobicity_group1_D100,-0.2106146129979707,7.436538190452754e-11,-0.05109705455814466,0.11804380627887837,2.437491418656742e-10,0.17254543237262746,0.15951755843982607
dim 260,260,0.33524722,Hydrophobicity_group2_D0,-0.17148249294210555,1.2825776719851695e-07,-0.04206482301539122,0.19827767575126967,3.260128937922729e-07,0.26954390181095567,0.12941766992671433
dim 260,260,0.33524722,Hydrophobicity_group2_D25,-0.3266549984318819,9.749723761662864e-25,-0.03221267110406016,0.3246319666377754,6.019237960065428e-24,0.40716138511835137,0.2944423273278217
dim 260,260,0.33524722,Hydrophobicity_group2_D50,-0.19009127089204045,4.503091874887278e-09,-0.06124827423097133,0.06091738562541593,1.2876992176475606e-08,0.09661161822834245,0.12884299666106913
dim 260,260,0.33524722,Hydrophobicity_group2_D75,-0.2420569967104286,5.842482033532005e-14,-0.11407769859955215,0.0004674683815889183,2.3038831159382407e-13,0.0012043588399857168,0.12797929811087644
dim 260,260,0.33524722,Hydrophobicity_group2_D100,0.08308406436056846,0.010951387547828286,-0.04120912636426733,0.20756777244567054,0.01631473434868264,0.2806786882463723,0.04187493799630113
dim 260,260,0.33524722,Hydrophobicity_group3_D0,0.2742464267085906,1.2521962591274449e-17,0.06214255987493152,0.057235128290486596,5.983312597261324e-17,0.09181812127292277,0.2121038668336591
dim 260,260,0.33524722,Hydrophobicity_group3_D25,0.3412075421146395,5.6143995931577e-27,0.11248769776069974,0.0005612983539228613,3.7806642421666766e-26,0.0014116991732698468,0.22871984435393977
dim 260,260,0.33524722,Hydrophobicity_group3_D50,0.19384310527015808,2.1968781737736264e-09,0.09074183390376066,0.00544129170037428,6.453450396133608e-09,0.011218465604475368,0.10310127136639742
dim 260,260,0.33524722,Hydrophobicity_group3_D75,0.023381046767638882,0.4747036823221067,-0.015035695221544862,0.6457594985419537,0.5274485359134519,0.7113510711255114,0.00834535154609402
dim 260,260,0.33524722,Hydrophobicity_group3_D100,0.1852539617677763,1.1122636231768113e-08,0.22160400605531286,6.895227036027098e-12,3.095800417842125e-08,5.393456276424007e-11,-0.03635004428753655
dim 260,260,0.33524722,NormVanDerWaalsVolume_C1,0.49146019280807796,3.925151159015844e-58,0.15613897819456068,1.5662647449374308e-06,7.324025067660849e-57,6.176297813566729e-06,0.33532121461351727
dim 260,260,0.33524722,NormVanDerWaalsVolume_C2,-0.45697397530788053,1.574536910697016e-49,-0.13965708893261772,1.7842998637796544e-05,2.1291308832907017e-48,5.918134602804415e-05,0.3173168863752628
dim 260,260,0.33524722,NormVanDerWaalsVolume_C3,-0.3865163336988251,9.429475624174012e-35,-0.11532303579469562,0.0004044145891811142,8.013854601715318e-34,0.0010594076296979776,0.2711932979041295
dim 260,260,0.33524722,NormVanDerWaalsVolume_T12,0.16876463728319988,2.032042000149093e-07,0.016336528982804188,0.6174733889520343,5.072511420402071e-07,0.6864475308777455,0.1524281083003957
dim 260,260,0.33524722,NormVanDerWaalsVolume_T13,-0.061888235412236786,0.05826301091974948,-0.06125672756653506,0.060881682535616946,0.07805794483432141,0.09660086445081263,0.0006315078457017273
dim 260,260,0.33524722,NormVanDerWaalsVolume_T23,-0.38885753582378724,3.452539946562593e-35,-0.08605722458969023,0.008398241937733784,2.99519049909586e-34,0.016422791611259275,0.302800311234097
dim 260,260,0.33524722,NormVanDerWaalsVolume_group1_D0,-0.14966667882872217,4.200855410487351e-06,-0.009831928202939124,0.7637459745490426,9.194532811944791e-06,0.8077617336902477,0.13983475062578304
dim 260,260,0.33524722,NormVanDerWaalsVolume_group1_D25,-0.23630322006319793,2.3411139495163226e-13,0.03137440492425028,0.3373879839829002,8.956839165388908e-13,0.4209472792315602,0.20492881513894765
dim 260,260,0.33524722,NormVanDerWaalsVolume_group1_D50,-0.09024441957513583,0.00570315007447817,0.011047155777415685,0.7355761745189434,0.008831025150096006,0.7836760519595761,0.07919726379772014
dim 260,260,0.33524722,NormVanDerWaalsVolume_group1_D75,-0.20120206390737097,5.154644311703801e-10,-0.0720733524394281,0.0273754054362701,1.5809469238834431e-09,0.047301528275810724,0.12912871146794286
dim 260,260,0.33524722,NormVanDerWaalsVolume_group1_D100,0.13751078865900876,2.4029297096623893e-05,0.04255011329522299,0.19314582744764894,4.8818644952995015e-05,0.26417160674657963,0.09496067536378577
dim 260,260,0.33524722,NormVanDerWaalsVolume_group2_D0,0.08545027057416442,0.008871468146137393,0.08216145375010984,0.011872986782317822,0.013365224902164586,0.022429737473383216,0.0032888168240545745
dim 260,260,0.33524722,NormVanDerWaalsVolume_group2_D25,0.33767881207182754,2.011253695883803e-26,0.13286223430074834,4.510477565809816e-05,1.3120287781741997e-25,0.00013936165651993326,0.2048165777710792
dim 260,260,0.33524722,NormVanDerWaalsVolume_group2_D50,0.12751736728081822,9.072568055764916e-05,0.08716305637709101,0.007593677007931191,0.00017515825032517234,0.015007622015674661,0.04035431090372721
dim 260,260,0.33524722,NormVanDerWaalsVolume_group2_D75,0.10673499593697909,0.001067151554218508,0.1317721403467446,5.2127966797365754e-05,0.001812963474613335,0.0001594390193252762,-0.025037144409765497
dim 260,260,0.33524722,NormVanDerWaalsVolume_group2_D100,-0.057219051397720995,0.08001524993333542,0.06271689811071586,0.054969189519715037,0.10488655211041614,0.088565891459647,-0.005497846712994865
dim 260,260,0.33524722,NormVanDerWaalsVolume_group3_D0,0.04957076840126144,0.12944590211921728,-0.1147659424787285,0.0004315714029527426,0.16235422946984066,0.0011226234313568226,-0.06519517407746706
dim 260,260,0.33524722,NormVanDerWaalsVolume_group3_D25,0.021995825609023946,0.5012750897388278,-0.1371617399140757,2.5210695126098285e-05,0.5522207553291724,8.127772366908135e-05,-0.11516591430505177
dim 260,260,0.33524722,NormVanDerWaalsVolume_group3_D50,0.004331398691883923,0.8946602233194911,-0.11222728304011167,0.0005782410717835467,0.9133098045912201,0.0014477699998178756,-0.10789588434822775
dim 260,260,0.33524722,NormVanDerWaalsVolume_group3_D75,0.04023972440638501,0.218468569920954,-0.053322744237260994,0.1028449037782506,0.26144214386814274,0.1530757480478418,-0.01308301983087598
dim 260,260,0.33524722,NormVanDerWaalsVolume_group3_D100,-0.09390094902638942,0.0040163777339090705,-0.013078716830223961,0.6892830764787196,0.006345648832193139,0.7477120738677894,0.08082223219616545
dim 260,260,0.33524722,Polarity_C1,-0.48509299209192586,1.8077808226178898e-56,-0.2229371729434796,5.122307921977559e-12,3.1284911645304413e-55,4.054148924029632e-11,0.26215581914844627
dim 260,260,0.33524722,Polarity_C2,0.5176036074563874,2.421509427859647e-65,0.1735472792379791,8.997592972160234e-08,5.860754702211029e-64,4.3178104205481583e-07,0.34405632821840837
dim 260,260,0.33524722,Polarity_C3,-0.4622771091629353,8.655918375432963e-51,-0.0983328138861684,0.002584235310642134,1.1996169034832403e-49,0.005712340130737741,0.3639442952767669
dim 260,260,0.33524722,Polarity_T12,0.24252827821464767,5.2062065075989105e-14,-0.03202890507474455,0.3274011848628859,2.060276034997673e-13,0.40971148649008576,0.21049937313990313
dim 260,260,0.33524722,Polarity_T13,-0.5021069924819483,5.407617122726721e-61,-0.1609089535829947,7.375016431089794e-07,1.1359396974784432e-59,3.0410561580049276e-06,0.3411980388989536
dim 260,260,0.33524722,Polarity_T23,0.06803465947233822,0.03732375423590654,0.03736795107943168,0.25315393300626404,0.0513643754214783,0.3321029600317839,0.03066670839290654
dim 260,260,0.33524722,Polarity_group1_D0,0.17198959363967056,1.176097058037413e-07,0.0017973995678504358,0.9561816270441517,3.0077826752258495e-07,0.9668927139956,0.17019219407182012
dim 260,260,0.33524722,Polarity_group1_D25,0.28374606365827515,8.24461749381677e-19,0.1046089905722335,0.0013428744490951176,4.1284891198422804e-18,0.0031475092350720653,0.17913707308604165
dim 260,260,0.33524722,Polarity_group1_D50,0.16925622987511882,1.870770585760925e-07,0.07902069737708863,0.01554550117145468,4.694495684779481e-07,0.0284972414449279,0.0902355324980302
dim 260,260,0.33524722,Polarity_group1_D75,0.12383700942366394,0.0001445302678796452,0.047283751642293016,0.1481059444559372,0.00027350203666743055,0.21005259213708288,0.07655325778137093
dim 260,260,0.33524722,Polarity_group1_D100,0.08246746609877595,0.011559971397193662,0.13621321962466548,2.8706021346628467e-05,0.017160135318500813,9.157412731398192e-05,-0.053745753525889534
dim 260,260,0.33524722,Polarity_group2_D0,-0.16574730782036864,3.3580215466102076e-07,-0.0263985142559493,0.41959012220422665,8.234795863199775e-07,0.5032068251928606,0.13934879356441934
dim 260,260,0.33524722,Polarity_group2_D25,-0.3174266985691958,2.2266335395705522e-23,-0.017326189043784933,0.5963238723128592,1.3116324554084029e-22,0.6674670688756534,0.3001005095254109
dim 260,260,0.33524722,Polarity_group2_D50,-0.22473164369735843,3.4230588386242765e-12,-0.059696948947447946,0.06776885494845043,1.2098430180957762e-11,0.10641653762474115,0.16503469474991048
dim 260,260,0.33524722,Polarity_group2_D75,-0.22571887641070185,2.738233767035391e-12,-0.0638804850578693,0.05060699386741328,9.750214053196384e-12,0.08237200756196898,0.16183839135283257
dim 260,260,0.33524722,Polarity_group2_D100,0.08409862573965741,0.010011713343645777,0.017454404875246337,0.5936081107355361,0.015015322212742207,0.6653191576700304,0.06664422086441107
dim 260,260,0.33524722,Polarity_group3_D0,-0.020479130437931016,0.5312464782203614,-0.06063874410595795,0.0635377802666475,0.5817584384445925,0.10033862226506035,-0.040159613668026936
dim 260,260,0.33524722,Polarity_group3_D25,0.4034472716835565,5.473776606556828e-38,0.039057007645324264,0.23231659082926276,5.314655193575524e-37,0.30926162350328323,0.3643902640382322
dim 260,260,0.33524722,Polarity_group3_D50,0.23275625136633754,5.410193228371785e-13,0.02033020295942716,0.5342376053247724,2.016746136468947e-12,0.6108707982830331,0.21242604840691037
dim 260,260,0.33524722,Polarity_group3_D75,0.17301980402472839,9.854438106429187e-08,-0.02162117184136744,0.5085945266037027,2.535733688403196e-07,0.5863671794464506,0.15139863218336094
dim 260,260,0.33524722,Polarity_group3_D100,-0.2183801248970944,1.4037783097810436e-11,-0.09433575243560896,0.0038493147293618404,4.803913478144145e-11,0.008230929062783962,0.12404437246148545
dim 260,260,0.33524722,Polarizability_C1,0.4532148907491275,1.1935380553303596e-48,0.16258990810975457,5.625846668190746e-07,1.5819115495251593e-47,2.3738805542273803e-06,0.290624982639373
dim 260,260,0.33524722,Polarizability_C2,-0.35580052494745895,2.4023002519787272e-29,-0.137782684555654,2.3145670136986175e-05,1.7673310223808257e-28,7.534750317498423e-05,0.21801784039180494
dim 260,260,0.33524722,Polarizability_C3,-0.3865163336988251,9.429475624174012e-35,-0.11532303579469562,0.0004044145891811142,8.013854601715318e-34,0.0010594076296979776,0.2711932979041295
dim 260,260,0.33524722,Polarizability_T12,0.42368876740821315,4.1305193539123756e-42,0.11687735546306321,0.0003368363147712971,4.553113743256546e-41,0.0008978717408907681,0.30681141194514994
dim 260,260,0.33524722,Polarizability_T13,-0.05547342524922196,0.08967642237895511,-0.023685276063335814,0.46897311000960307,0.11649912514418906,0.5492181582861411,0.03178814918588615
dim 260,260,0.33524722,Polarizability_T23,-0.38797884263625204,5.038739578755282e-35,-0.10973180684468904,0.0007664858792922131,4.348679636445127e-34,0.0018810160446994795,0.278247035791563
dim 260,260,0.33524722,Polarizability_group1_D0,-0.13130803229024376,5.5421831234043996e-05,-0.013518806805714136,0.6793990393859884,0.00010901585177956828,0.7398737500975551,0.11778922548452964
dim 260,260,0.33524722,Polarizability_group1_D25,-0.2810956202138526,1.7801056197631877e-18,-0.035376933154580695,0.27934267564464843,8.769251873169685e-18,0.35857207404040187,0.2457186870592719
dim 260,260,0.33524722,Polarizability_group1_D50,-0.22785100976801217,1.6848024823423024e-12,-0.028587124602951982,0.3820771625643846,6.090086895046851e-12,0.46642460634687305,0.1992638851650602
dim 260,260,0.33524722,Polarizability_group1_D75,-0.20532374791547353,2.2332670281525382e-10,-0.04069307807778251,0.21332060071875145,7.070248221828889e-10,0.2875265562552986,0.16463066983769103
dim 260,260,0.33524722,Polarizability_group1_D100,0.020820057156514755,0.5244312238555784,-0.029212389629138184,0.3717492543049613,0.5750493393557556,0.4553535844594123,-0.008392332472623429
dim 260,260,0.33524722,Polarizability_group2_D0,0.016532920237309533,0.6132503785190841,0.09920356643428843,0.002364879879521502,0.657546152248392,0.0052587874817588654,-0.08267064619697889
dim 260,260,0.33524722,Polarizability_group2_D25,0.32767253109417954,6.859380167451612e-25,0.19533839754037532,1.643737811238494e-09,4.266355634876794e-24,9.838860733936506e-09,0.13233413355380422
dim 260,260,0.33524722,Polarizability_group2_D50,0.32231129430414324,4.309048773005803e-24,0.13927232810655293,1.882704835130081e-05,2.5978741700071086e-23,6.213670108038014e-05,0.1830389661975903
dim 260,260,0.33524722,Polarizability_group2_D75,0.16923236325069924,1.8783064667773784e-07,0.11265832473309491,0.0005504488265495364,4.709867566844177e-07,0.0013896440519088828,0.05657403851760433
dim 260,260,0.33524722,Polarizability_group2_D100,0.1418183113164331,1.3163490878724408e-05,0.1335321276676621,4.12438329894821e-05,2.758222053634851e-05,0.00012850224084409536,0.008286183648771012
dim 260,260,0.33524722,Polarizability_group3_D0,0.04957076840126144,0.12944590211921728,-0.1147659424787285,0.0004315714029527426,0.16235422946984066,0.0011226234313568226,-0.06519517407746706
dim 260,260,0.33524722,Polarizability_group3_D25,0.021995825609023946,0.5012750897388278,-0.1371617399140757,2.5210695126098285e-05,0.5522207553291724,8.127772366908135e-05,-0.11516591430505177
dim 260,260,0.33524722,Polarizability_group3_D50,0.004331398691883923,0.8946602233194911,-0.11222728304011167,0.0005782410717835467,0.9133098045912201,0.0014477699998178756,-0.10789588434822775
dim 260,260,0.33524722,Polarizability_group3_D75,0.04023972440638501,0.218468569920954,-0.053322744237260994,0.1028449037782506,0.26144214386814274,0.1530757480478418,-0.01308301983087598
dim 260,260,0.33524722,Polarizability_group3_D100,-0.09390094902638942,0.0040163777339090705,-0.013078716830223961,0.6892830764787196,0.006345648832193139,0.7477120738677894,0.08082223219616545
dim 260,260,0.33524722,Charge_C1,-0.32308101578141296,3.317271475663758e-24,-0.09195728095981298,0.004846433946816105,2.0035599871097565e-23,0.01011693086397862,0.23112373482159998
dim 260,260,0.33524722,Charge_C2,0.46329279158040815,4.93721590657324e-51,0.16202275285310722,6.165841271345756e-07,6.987415732184163e-50,2.5710249495998533e-06,0.30127003872730096
dim 260,260,0.33524722,Charge_C3,-0.45336654935902315,1.1004192563563938e-48,-0.16788599742195584,2.3542952558858094e-07,1.4643029148328108e-47,1.0683894231873102e-06,0.28548055193706734
dim 260,260,0.33524722,Charge_T12,-0.24540610589321304,2.5611092041362375e-14,-0.0673517984845079,0.03927842240351059,1.0343536568095567e-13,0.06526862230235093,0.17805430740870515
dim 260,260,0.33524722,Charge_T13,-0.3569107292655574,1.567750835412263e-29,-0.0738881430992163,0.023708347931034105,1.161039421347441e-28,0.04158922378658294,0.2830225861663411
dim 260,260,0.33524722,Charge_T23,-0.4402592520861576,1.0609736648497894e-45,-0.1793632522501992,3.2399313955552606e-08,1.302813250219962e-44,1.6597194572322962e-07,0.26089599983595846
dim 260,260,0.33524722,Charge_group1_D0,-0.05361092523229443,0.10099606285199245,-0.12792422682300778,8.610659497907998e-05,0.12979101574669288,0.0002524987069623592,-0.07431330159071334
dim 260,260,0.33524722,Charge_group1_D25,0.04447806684889177,0.17371927842378282,-0.11187388827611541,0.0006019941228283039,0.21261355439187785,0.0015038596636099738,-0.06739582142722364
dim 260,260,0.33524722,Charge_group1_D50,-0.00858422619480654,0.7929967666753215,-0.05739612489097714,0.07908430497430069,0.8248549363735825,0.1217242297761126,-0.0488118986961706
dim 260,260,0.33524722,Charge_group1_D75,0.05183144613662607,0.11284548374587805,-0.052857056591317314,0.10588924323118869,0.14341853718083436,0.15662979291061568,-0.0010256104546912462
dim 260,260,0.33524722,Charge_group1_D100,-0.06119476099671309,0.061143803492351274,-0.009496022896913932,0.7715897081132104,0.08188464461285215,0.8152830196450879,0.051698738099799156
dim 260,260,0.33524722,Charge_group2_D0,-0.07641267527080985,0.019318597118746117,-0.09703190029118708,0.0029466986751130984,0.027728454824500228,0.006424264735559888,-0.020619225020377233
dim 260,260,0.33524722,Charge_group2_D25,-0.07738943027929444,0.017820942730763442,0.098010835784339,0.0026699423297497716,0.02572253618009935,0.005874576667565373,-0.020621405505044557
dim 260,260,0.33524722,Charge_group2_D50,0.01311027610867934,0.688572492980406,0.022617777232073456,0.48924839901562944,0.7291794947858453,0.5685767754739743,-0.009507501123394116
dim 260,260,0.33524722,Charge_group2_D75,-0.006479373453632715,0.8429872442987136,0.029740449313410255,0.3631629582410934,0.8703484995232469,0.4467640075599455,-0.02326107585977754
dim 260,260,0.33524722,Charge_group2_D100,0.2072693252471637,1.4955597453293865e-10,0.07796478380824938,0.01698713985357861,4.803047643653991e-10,0.03081860245027298,0.12930454143891434
dim 260,260,0.33524722,Charge_group3_D0,0.052828271879753176,0.10607973461038259,0.09998783037772511,0.0021820230732995417,0.1356975540400911,0.004868374792799245,-0.04715955849797194
dim 260,260,0.33524722,Charge_group3_D25,0.27134911430146946,2.811333211538397e-17,0.14223965203104183,1.239917311148368e-05,1.3187995683340232e-16,4.200125577318002e-05,0.12910946227042763
dim 260,260,0.33524722,Charge_group3_D50,0.014224016116200146,0.6636753680204626,-0.0028487678707250475,0.9306032675177969,0.705947684454887,0.9467605584859706,0.011375248245475098
dim 260,260,0.33524722,Charge_group3_D75,-0.08987981572285757,0.005902241328173229,-0.10388041599495594,0.0014515443859570304,0.009118171154532185,0.003383222783737949,-0.014000600272098374
dim 260,260,0.33524722,Charge_group3_D100,-0.19225620329452395,2.9813240445150496e-09,-0.08370187981190587,0.01037028250883006,8.636272600763456e-09,0.019894740711942794,0.10855432348261808
dim 260,260,0.33524722,SecondaryStructure_C1,-0.5024573852625076,4.336367903873349e-61,-0.20674322057805766,1.6674828204571346e-10,9.225139362380246e-60,1.129694243474002e-09,0.29571416468444994
dim 260,260,0.33524722,SecondaryStructure_C2,0.21018071453550513,8.147319233317953e-11,0.07599803204904443,0.01998685968590269,2.660024070311043e-10,0.03567937538798236,0.1341826824864607
dim 260,260,0.33524722,SecondaryStructure_C3,0.5307828719265341,3.196766524550078e-69,0.22298833049190062,5.0640264268985234e-12,8.897666826664385e-68,4.024660835420559e-11,0.3077945414346335
dim 260,260,0.33524722,SecondaryStructure_T12,-0.31318026923189907,9.059119139157325e-23,-0.022685519636584904,0.48794789714833303,5.181071562463264e-22,0.5674602982156798,0.2904947495953142
dim 260,260,0.33524722,SecondaryStructure_T13,-0.27003912987619844,4.039567477325314e-17,-0.052408049712140074,0.10889168255331663,1.8817510982240653e-16,0.16057316544285985,0.21763108016405835
dim 260,260,0.33524722,SecondaryStructure_T23,0.4531122382096191,1.260969880626698e-48,0.15602356106644288,1.5946321365449215e-06,1.6646796052542178e-47,6.2733466855830835e-06,0.2970886771431762
dim 260,260,0.33524722,SecondaryStructure_group1_D0,-0.0011237262721947405,0.972596564735215,-0.07714474511766388,0.0181862544241757,0.9784555801854272,0.03276272371992817,-0.07602101884546913
dim 260,260,0.33524722,SecondaryStructure_group1_D25,-0.1737841925594987,8.63661238162597e-08,-0.2082583712336303,1.217930035278349e-10,2.2326846249714195e-07,8.387394469751928e-10,-0.034474178674131606
dim 260,260,0.33524722,SecondaryStructure_group1_D50,-0.23831731094409242,1.4460983808349482e-13,-0.1826601155278837,1.7886979466978214e-08,5.603211823652816e-13,9.528311231213276e-08,0.05565719541620873
dim 260,260,0.33524722,SecondaryStructure_group1_D75,-0.25073452016493186,6.72128263953631e-15,-0.1673349776304264,2.580970142582151e-07,2.781794797528039e-14,1.166500713968117e-06,0.08339954253450546
dim 260,260,0.33524722,SecondaryStructure_group1_D100,-0.22401871028055434,4.019208447769122e-12,-0.12863831556031488,7.853134962763457e-05,1.4160502337076864e-11,0.00023211921040380482,0.09538039472023946
dim 260,260,0.33524722,SecondaryStructure_group2_D0,0.03965053845149593,0.22529129867415476,-0.04287872534317621,0.1897265702543985,0.26902857975390665,0.26013413162959403,-0.003228186891680279
dim 260,260,0.33524722,SecondaryStructure_group2_D25,0.004851008690597852,0.8821105584306964,0.08225952441153052,0.011771864372746738,0.9026498974137641,0.022263888451287715,-0.07740851572093267
dim 260,260,0.33524722,SecondaryStructure_group2_D50,0.04334268150828694,0.18497515143492216,0.024127078598968243,0.4607196270242221,0.22490608146801602,0.5418322374158104,0.0192156029093187
dim 260,260,0.33524722,SecondaryStructure_group2_D75,0.18883075600406102,5.712620952105194e-09,0.07052044928975669,0.030891362780202464,1.625226063035038e-08,0.052560953482361804,0.11831030671430433
dim 260,260,0.33524722,SecondaryStructure_group2_D100,0.24745519171729985,1.5368494974424345e-14,0.2673796472511356,8.380767045196265e-17,6.267493676993566e-14,1.008614625978831e-15,-0.01992445553383576
dim 260,260,0.33524722,SecondaryStructure_group3_D0,-0.14263599371129615,1.171894414855695e-05,-0.07048043533372206,0.03098685177108198,2.469480975153326e-05,0.052696580914161816,0.07215555837757409
dim 260,260,0.33524722,SecondaryStructure_group3_D25,0.09738243579703391,0.0028447276667999304,0.17984561982364827,2.9722426997175797e-08,0.004574574100679715,1.5296287545541935e-07,-0.08246318402661436
dim 260,260,0.33524722,SecondaryStructure_group3_D50,0.21148869773277046,6.18369250004337e-11,0.14395383232891623,9.703817411803985e-06,2.042881597442617e-10,3.366547047710516e-05,0.06753486540385423
dim 260,260,0.33524722,SecondaryStructure_group3_D75,0.0771841956095507,0.01812691631258655,0.04556215832559215,0.16345642407108205,0.026130298007785532,0.22896800541655202,0.03162203728395855
dim 260,260,0.33524722,SecondaryStructure_group3_D100,0.1581457171569664,1.1440053482205501e-06,0.08863840041447188,0.006627867326637207,2.651615449727021e-06,0.01326367697481622,0.06950731674249452
dim 260,260,0.33524722,SolventAccessibility_C1,-0.22706126549565456,2.0180043263731e-12,-0.22727413741400748,1.9223200019867314e-12,7.263075916041115e-12,1.585320692996465e-11,-0.00021287191835292485
dim 260,260,0.33524722,SolventAccessibility_C2,-0.40900552629936415,4.308697076408552e-39,-0.06240340703634394,0.05619657121004976,4.3216361066680373e-38,0.09036906492131258,0.3466021192630202
dim 260,260,0.33524722,SolventAccessibility_C3,0.5999094483200085,1.1511078361009245e-92,0.30397667658286415,1.7555137618369062e-21,8.7379549376752e-91,3.204052439636758e-20,0.29593277173714433
dim 260,260,0.33524722,SolventAccessibility_T12,-0.5325004337107564,9.692481124881843e-70,-0.2054938489594728,2.1566729911571346e-10,2.743464996364861e-68,1.4377819941047563e-09,0.3270065847512836
dim 260,260,0.33524722,SolventAccessibility_T13,0.4034359448535166,5.50193497296727e-38,0.1391658834914683,1.9108270990783833e-05,5.3265109593364295e-37,6.294045868759172e-05,0.2642700613620483
dim 260,260,0.33524722,SolventAccessibility_T23,0.0792775937957248,0.015211455476060667,0.1028878135861737,0.0016126366547383007,0.022244422631367177,0.003722326487094626,-0.023610219790448903
dim 260,260,0.33524722,SolventAccessibility_group1_D0,-0.01744487472013384,0.5938097760253012,0.007921692231697324,0.8086509795129301,0.6404018895461756,0.8488039822668719,0.009523182488436517
dim 260,260,0.33524722,SolventAccessibility_group1_D25,-0.19154742967484711,3.4140804146048866e-09,-0.04440212374783654,0.17445583571171233,9.830197055845103e-09,0.24288557368783625,0.14714530592701058
dim 260,260,0.33524722,SolventAccessibility_group1_D50,-0.26788010701635845,7.309886877997566e-17,-0.11488679800238595,0.0004255395140063121,3.3629507124672e-16,0.0011095253526784406,0.1529933090139725
dim 260,260,0.33524722,SolventAccessibility_group1_D75,-0.19688937194395037,1.213709600173434e-09,-0.03212974841050308,0.3258796601697583,3.6162266410162976e-09,0.40811326020509664,0.16475962353344728
dim 260,260,0.33524722,SolventAccessibility_group1_D100,0.08496804417745335,0.009264250274354246,0.09666101367643389,0.003058206100070426,0.013944387524264617,0.006650005451976056,-0.011692969498980535
dim 260,260,0.33524722,SolventAccessibility_group2_D0,-0.0005001895865422437,0.9878003465067391,0.018783828285771055,0.5657887020408324,0.990036182384143,0.6395039813253401,-0.01828363869922881
dim 260,260,0.33524722,SolventAccessibility_group2_D25,0.3623956582266911,1.8565563658740523e-30,0.03969059024346379,0.22482274362744223,1.4092950595498488e-29,0.30030759756327635,0.32270506798322734
dim 260,260,0.33524722,SolventAccessibility_group2_D50,0.20656052119115362,1.7315820635795697e-10,0.050193393016582606,0.12469553946530686,5.545047068413962e-10,0.180843726363059,0.15636712817457102
dim 260,260,0.33524722,SolventAccessibility_group2_D75,0.21259754456424304,4.887691046159263e-11,0.03035346180027686,0.353352130069419,1.6243669745444714e-10,0.43759588966698537,0.18224408276396617
dim 260,260,0.33524722,SolventAccessibility_group2_D100,-0.2106146129979707,7.436538190452754e-11,-0.05109705455814466,0.11804380627887837,2.437491418656742e-10,0.17254543237262746,0.15951755843982607
dim 260,260,0.33524722,SolventAccessibility_group3_D0,0.12386709221188494,0.00014398858786043864,-0.0399007677743267,0.22237532760001724,0.0002727860938479098,0.2982244463941213,0.08396632443755825
dim 260,260,0.33524722,SolventAccessibility_group3_D25,0.05725044030146038,0.07984958084528514,0.10431993426456525,0.001385058942443621,0.1047516103783395,0.0032350327746585275,-0.04706949396310487
dim 260,260,0.33524722,SolventAccessibility_group3_D50,0.09488035939146866,0.003648963524989516,0.0328843575732851,0.3146400550033175,0.005800827307693947,0.396266132621071,0.06199600181818356
dim 260,260,0.33524722,SolventAccessibility_group3_D75,-0.08572775908240812,0.00865224342922807,-0.057314632738859145,0.07951164296927093,0.013064418197839853,0.12232560456810912,0.028413126343548978
dim 260,260,0.33524722,SolventAccessibility_group3_D100,0.1912944990200537,3.5828284466044133e-09,0.056469235469644524,0.08405631948967275,1.0289464326447756e-08,0.12854766808402335,0.13482526355040916
dim 986,986,0.3060995,AAC_A,-0.08814480493653348,0.0069379622470496964,0.04723907358480815,0.1484899043384888,0.010600546159719115,0.2104184473867427,0.04090573135172533
dim 986,986,0.3060995,AAC_C,-0.07928994752438161,0.015195552004974643,-0.02274436784775615,0.4868196568982754,0.022230899560497286,0.5665427365993867,0.056545579676625456
dim 986,986,0.3060995,AAC_D,0.3133979060308393,8.435104631845756e-23,0.20571865396419398,2.0593664274622303e-10,4.832461315671497e-22,1.3756567735447699e-09,0.1076792520666453
dim 986,986,0.3060995,AAC_E,0.5688177301110272,1.9705526632874886e-81,0.3471475249485628,6.312612463456843e-28,9.678891022617958e-80,1.9343234521051242e-26,0.22167020516246438
dim 986,986,0.3060995,AAC_F,0.18340213396479693,1.562478587167337e-08,0.08991817875737881,0.005881002772941979,4.2916763825155476e-08,0.011984471788667609,0.09348395520741812
dim 986,986,0.3060995,AAC_G,-0.11676921192909949,0.00034117335660685717,0.0494083120146236,0.13070817007900132,0.0006172909052366756,0.18858111795415308,0.06736089991447589
dim 986,986,0.3060995,AAC_H,0.3638437584375215,1.0496629695101839e-30,0.09125231479494955,0.005183869657417004,8.040996142578014e-30,0.010767490457570146,0.27259144364257193
dim 986,986,0.3060995,AAC_I,0.23443799323119868,3.6430770073596954e-13,0.04980925730232656,0.12761001712491724,1.3780155384576878e-12,0.18458963066142206,0.18462873592887213
dim 986,986,0.3060995,AAC_K,0.27214805126236197,2.2515404239253717e-17,-0.0257603074427111,0.43092318767694365,1.0621673751286358e-16,0.5138462859125283,0.24638774381965087
dim 986,986,0.3060995,AAC_L,0.3647385095407997,7.368689855934429e-31,0.17742458592687174,4.571231798414306e-08,5.697088916393749e-30,2.268635097578571e-07,0.18731392361392799
dim 986,986,0.3060995,AAC_M,0.251728746165386,5.218274375213177e-15,0.0835767029712838,0.010485758424577194,2.1731965602508744e-14,0.020081670377343937,0.16815204319410218
dim 986,986,0.3060995,AAC_N,-0.1834199575197413,1.5574013954339662e-08,-0.2558822950477817,1.7909811606957366e-15,4.28125157263329e-08,1.9807539989151523e-14,-0.0724623375280404
dim 986,986,0.3060995,AAC_P,-0.4116324040689138,1.2744161775589166e-39,-0.0985228541491397,0.0025348349763548257,1.2898636463778124e-38,0.00561056913255475,0.31310954991977413
dim 986,986,0.3060995,AAC_Q,-0.007789486219267658,0.8117841056884337,-0.11098009434408268,0.0006661757442581383,0.8430842391167191,0.0016506134909660102,-0.10319060812481502
dim 986,986,0.3060995,AAC_R,0.013764247484015883,0.6739103310821976,0.14863908093425127,4.894935181459401e-06,0.7148177682867822,1.7848344438945853e-05,-0.13487483345023538
dim 986,986,0.3060995,AAC_S,-0.5682590497292863,3.0591025444586103e-81,-0.34408348777397774,1.9603896706131954e-27,1.4190836803460775e-79,5.644570258489717e-26,0.22417556195530858
dim 986,986,0.3060995,AAC_T,-0.5462730569830943,5.256293672858901e-74,-0.2800683471747161,2.393529839690246e-18,1.755602086734873e-72,3.210598258861615e-17,0.2662047098083781
dim 986,986,0.3060995,AAC_V,0.13162286624414402,5.3166634785594707e-05,0.15995450579260811,8.589879747364942e-07,0.00010482677696805569,3.511652185581262e-06,-0.0283316395484641
dim 986,986,0.3060995,AAC_W,-0.1148656467216268,0.00042658946670319324,-0.020355701316494917,0.5337248831002004,0.0007594929737679454,0.6104935306694073,0.09450994540513188
dim 986,986,0.3060995,AAC_Y,-0.053597562931246706,0.10108120092379103,-0.1484067568769475,5.06640348966006e-06,0.12985046580210077,1.8433319886127018e-05,-0.09480919394570078
dim 986,986,0.3060995,Hydrophobicity_C1,0.43008130741255307,1.7968897331813497e-43,0.11521616714578652,0.00040949732165699394,2.0553464756252422e-42,0.0010686496181087205,0.31486514026676654
dim 986,986,0.3060995,Hydrophobicity_C2,-0.525602292488556,1.1221086479003892e-67,-0.22563139271101687,2.7930553713777337e-12,2.951057388966378e-66,2.275318278146739e-11,0.2999708997775392
dim 986,986,0.3060995,Hydrophobicity_C3,0.5170289803995285,3.543078828451306e-65,0.2901783476827574,1.2299264217083671e-19,8.392825026260541e-64,1.8672519311390663e-18,0.22685063271677108
dim 986,986,0.3060995,Hydrophobicity_T12,0.09947459305993184,0.002300161155155495,0.03692618070242141,0.2588119963468967,0.0037439270264226867,0.3376687764838418,0.06254841235751044
dim 986,986,0.3060995,Hydrophobicity_T13,0.4914889955632153,3.857023808773486e-58,0.2029648639226183,3.6122226742054303e-10,7.237336809721034e-57,2.3426842197759492e-09,0.288524131640597
dim 986,986,0.3060995,Hydrophobicity_T23,-0.059920958704274996,0.06674206287910392,0.12853679237852716,7.956858683764313e-05,0.08884754484504069,0.000234769505333682,-0.06861583367425217
dim 986,986,0.3060995,Hydrophobicity_group1_D0,0.05511581896953554,0.09176690433732793,0.05951384998522033,0.068617728535783,0.11884507967688067,0.10749681674930359,-0.0043980310156847904
dim 986,986,0.3060995,Hydrophobicity_group1_D25,-0.33892572590470815,1.2837040489234064e-26,-0.019000137745164167,0.5613220405549121,8.440101424023972e-26,0.6351001407362488,0.31992558815954397
dim 986,986,0.3060995,Hydrophobicity_group1_D50,-0.13247954428443134,4.746151021565869e-05,0.05065586429726934,0.12125577985619364,9.402220884952551e-05,0.17669908582883365,0.081823679987162
dim 986,986,0.3060995,Hydrophobicity_group1_D75,-0.18483690302929956,1.201108498455319e-08,0.0018524684448043244,0.9548405269819975,3.3336871876828176e-08,0.9659374623310901,0.18298443458449523
dim 986,986,0.3060995,Hydrophobicity_group1_D100,0.20578686089513662,2.030699378174788e-10,0.05088307757304848,0.11959318947029549,6.459558022003611e-10,0.17458096714632296,0.15490378332208815
dim 986,986,0.3060995,Hydrophobicity_group2_D0,0.12415713131203415,0.00013886307341077876,-0.020553510778298683,0.5297557711600515,0.0002638240416336752,0.6074096380619883,0.10360362053373547
dim 986,986,0.3060995,Hydrophobicity_group2_D25,0.2330890489299216,5.004174134528259e-13,-0.0983128823866433,0.002589467037696058,1.871661994325239e-12,0.0057201189853867945,0.1347761665432783
dim 986,986,0.3060995,Hydrophobicity_group2_D50,0.03129987099494069,0.33853754257511015,-0.1623845065902468,5.815932334240402e-07,0.3892307718419511,2.443423144196597e-06,-0.13108463559530611
dim 986,986,0.3060995,Hydrophobicity_group2_D75,0.13759793769035797,2.374264231659492e-05,-0.033123928583984476,0.31112559414458996,4.8295021520966525e-05,0.39231250819917607,0.1044740091063735
dim 986,986,0.3060995,Hydrophobicity_group2_D100,-0.10623144132853009,0.001127268655629069,0.0014239828697107954,0.9652785711109365,0.0019063682581271341,0.9736265078961542,0.1048074584588193
dim 986,986,0.3060995,Hydrophobicity_group3_D0,-0.34028012412416586,7.863973513714028e-27,-0.16989807518945854,1.6787094749325307e-07,5.242649009142686e-26,7.798177533066276e-07,0.17038204893470732
dim 986,986,0.3060995,Hydrophobicity_group3_D25,-0.20426175802389215,2.7750473064371485e-10,0.08554555679544018,0.008795636784135507,8.702965261502419e-10,0.017139688949248888,0.11871620122845197
dim 986,986,0.3060995,Hydrophobicity_group3_D50,-0.03832231806683556,0.24122586953585973,0.12904180175470378,7.453384482025042e-05,0.28611306969097,0.00022108618268173744,-0.09071948368786822
dim 986,986,0.3060995,Hydrophobicity_group3_D75,0.08726393200583746,0.00752383380793015,0.16904072096727898,1.939888753868163e-07,0.011453785286457019,8.936866810923675e-07,-0.08177678896144153
dim 986,986,0.3060995,Hydrophobicity_group3_D100,-0.094139126366609,0.0039240670266214505,-0.08676456651470771,0.007875287417065249,0.006211556335978978,0.015454441817272579,0.007374559851901288
dim 986,986,0.3060995,NormVanDerWaalsVolume_C1,-0.47605190284907845,3.6263758702502427e-54,-0.14737283666955797,5.901618431114857e-06,5.68642976837362e-53,2.1263652168202396e-05,0.3286790661795205
dim 986,986,0.3060995,NormVanDerWaalsVolume_C2,0.4629071353331104,6.111698511704288e-51,0.16513357647906846,3.71516619163553e-07,8.576921440795093e-50,1.637025736156025e-06,0.29777355885404194
dim 986,986,0.3060995,NormVanDerWaalsVolume_C3,0.3501661634662055,2.0417320750772635e-28,0.0709448511524008,0.029894001178974786,1.4417304716190403e-27,0.0510459938332187,0.2792213123138047
dim 986,986,0.3060995,NormVanDerWaalsVolume_T12,-0.06523318823923505,0.04590359551277082,0.12607854094991328,0.00010900472162096013,0.062349739330075045,0.00031440049241278654,-0.06084535271067823
dim 986,986,0.3060995,NormVanDerWaalsVolume_T13,0.048087021019895565,0.1413312302226132,0.04056685945194459,0.2147449900924107,0.17633407132742926,0.2892130108502628,0.007520161567950975
dim 986,986,0.3060995,NormVanDerWaalsVolume_T23,0.34880795947267645,3.3980158686947356e-28,0.037310963687917115,0.2538789391390456,2.3644527086334202e-27,0.3329233045639624,0.3114969957847593
dim 986,986,0.3060995,NormVanDerWaalsVolume_group1_D0,0.09660733695773051,0.0030746585454760524,-0.0598912019233907,0.06687771774564248,0.004927715711079662,0.10511603636256277,0.036716135034339806
dim 986,986,0.3060995,NormVanDerWaalsVolume_group1_D25,0.15183207551872466,3.0335280785757934e-06,-0.14449865671050524,8.971258686777277e-06,6.73221513783598e-06,3.124505110931815e-05,0.007333418808219416
dim 986,986,0.3060995,NormVanDerWaalsVolume_group1_D50,-0.015706706861661875,0.6311013364317988,-0.15669943594186295,1.4352628947503532e-06,0.6745211083783065,5.6933231216938e-06,-0.14099272908020108
dim 986,986,0.3060995,NormVanDerWaalsVolume_group1_D75,0.15051016283676905,3.702510842412537e-06,0.00383391204078675,0.906700323781184,8.135780403722286e-06,0.9261098108346039,0.1466762507959823
dim 986,986,0.3060995,NormVanDerWaalsVolume_group1_D100,-0.12975086080655085,6.797037996870516e-05,-0.03517821520931509,0.28205395815377493,0.0001330721389774181,0.36149663094152273,0.09457264559723576
dim 986,986,0.3060995,NormVanDerWaalsVolume_group2_D0,-0.042604093602177165,0.19258107318130294,-0.020186302629343518,0.5371358064923125,0.23305100884983762,0.6131351994819971,0.022417790972833647
dim 986,986,0.3060995,NormVanDerWaalsVolume_group2_D25,-0.2337984995190052,4.2357724462360064e-13,0.015205298277420272,0.6420412553561948,1.593184681354534e-12,0.7077286445180497,0.21859320124158493
dim 986,986,0.3060995,NormVanDerWaalsVolume_group2_D50,0.019299718910094795,0.5551641381808173,0.12055726036752462,0.00021654852400851743,0.6045804439269415,0.000597251915927703,-0.10125754145742982
dim 986,986,0.3060995,NormVanDerWaalsVolume_group2_D75,-0.006444150074571752,0.8438298049994944,0.013526809092132958,0.6792198170944665,0.8709491806855104,0.7398737500975551,-0.007082659017561207
dim 986,986,0.3060995,NormVanDerWaalsVolume_group2_D100,0.08107845839929906,0.01304187183064699,-0.021778003300749693,0.5055237918378302,0.019214756027508138,0.5830281300892103,0.059300455098549365
dim 986,986,0.3060995,NormVanDerWaalsVolume_group3_D0,-0.1569989207646185,1.3696412451182818e-06,-0.04917980927052677,0.13249971834363067,3.129002570926854e-06,0.19050755887547413,0.10781911149409172
dim 986,986,0.3060995,NormVanDerWaalsVolume_group3_D25,0.0028118424185983597,0.9315005570425047,0.1622109711331746,5.981331650726307e-07,0.9439356372942856,2.5066057356870598e-06,-0.15939912871457623
dim 986,986,0.3060995,NormVanDerWaalsVolume_group3_D50,-0.02376047260070707,0.46756259343418394,0.07684971742578638,0.018635418767090264,0.5200329877023557,0.03348160230343275,-0.053089244825079304
dim 986,986,0.3060995,NormVanDerWaalsVolume_group3_D75,-0.060519071573935455,0.06406302400034301,0.019046209389031267,0.5603728932229572,0.08548561732366987,0.6346712320666928,0.04147286218490419
dim 986,986,0.3060995,NormVanDerWaalsVolume_group3_D100,0.10812985630382392,0.000915741575477243,0.03685785645893964,0.25969482441488806,0.0015749623388743518,0.3381045334803555,0.07127199984488428
dim 986,986,0.3060995,Polarity_C1,0.4722467360942075,3.2213539976328785e-53,0.21332837353000203,4.182870578585714e-11,4.912932580864756e-52,3.010945631999199e-10,0.2589183625642054
dim 986,986,0.3060995,Polarity_C2,-0.5161129966915511,6.489563727102196e-65,-0.18916681940359747,5.3623717728973856e-09,1.526418510459249e-63,3.030511289590062e-08,0.3269461772879536
dim 986,986,0.3060995,Polarity_C3,0.46918801935361604,1.8276949337436553e-52,0.129725638131902,6.819417815123345e-05,2.713111590535026e-51,0.0002040201023541872,0.339462381221714
dim 986,986,0.3060995,Polarity_T12,-0.20507347754063376,2.350804277110238e-10,0.07416218650220455,0.023193335081405496,7.4353089825267e-10,0.04079291162290382,0.13091129103842922
dim 986,986,0.3060995,Polarity_T13,0.5059669936470921,4.683789911421699e-62,0.1853333888240117,1.0960819718632551e-08,1.0292012042202944e-60,6.011352686409314e-08,0.32063360482308034
dim 986,986,0.3060995,Polarity_T23,-0.021851166260323664,0.504094613956768,0.02715573431968872,0.4063731922482345,0.5551190275686136,0.49030066034080977,-0.005304568059365057
dim 986,986,0.3060995,Polarity_group1_D0,-0.2602767586261222,5.656198302901273e-16,-0.13805318450291357,2.229727206863864e-05,2.489025340143643e-15,7.27985226874419e-05,0.12222357412320864
dim 986,986,0.3060995,Polarity_group1_D25,-0.1452568910519954,8.039066559038987e-06,0.09277062494881329,0.004481863642545449,1.71568577042749e-05,0.009444431902903344,0.05248626610318212
dim 986,986,0.3060995,Polarity_group1_D50,-0.057088622331541924,0.0807066373797825,0.07837958059025717,0.016407411911566014,0.10562702541084386,0.0299130763016542,-0.021290958258715242
dim 986,986,0.3060995,Polarity_group1_D75,-0.02468907914478381,0.45033886382768895,0.09089938525034218,0.005360639618536676,0.5030541154463147,0.011072687894812925,-0.06621030610555836
dim 986,986,0.3060995,Polarity_group1_D100,-0.02837364057867388,0.38564326807939275,-0.054612256545597114,0.09477670247981596,0.43870862240639363,0.14252777410292,-0.026238615966923232
dim 986,986,0.3060995,Polarity_group2_D0,0.11749278111517006,0.0003131196479908773,-0.03685333168312425,0.2597533631468839,0.0005677630967912758,0.3381045334803555,0.08063944943204582
dim 986,986,0.3060995,Polarity_group2_D25,0.22254207026924208,5.595091026814766e-12,-0.11472031809509324,0.0004338691626404864,1.956817175870295e-11,0.00112772218149356,0.10782175217414884
dim 986,986,0.3060995,Polarity_group2_D50,0.10138551531646768,0.0018878937254591388,-0.11312877363252549,0.0005215366049396484,0.0031000811421010442,0.0013256714311251335,-0.011743258316057811
dim 986,986,0.3060995,Polarity_group2_D75,0.16719904466406252,2.6400457476976025e-07,-0.014653285443742642,0.6541755328530485,6.531668738748142e-07,0.7184959814959494,0.15254575922031988
dim 986,986,0.3060995,Polarity_group2_D100,-0.09278550651625339,0.004475430704771966,-0.03257288834061382,0.3192480579419581,0.007024407215196602,0.401464048767372,0.06021261817563957
dim 986,986,0.3060995,Polarity_group3_D0,0.01576762517548899,0.6297776163164626,0.0508490548916923,0.1198410028417852,0.6733217792884075,0.17486629510334756,-0.035081429716203316
dim 986,986,0.3060995,Polarity_group3_D25,-0.39600892624349326,1.524949081592151e-36,-0.046485513319302986,0.15508084530905672,1.3803062147744674e-35,0.21882975214712694,0.34952341292419026
dim 986,986,0.3060995,Polarity_group3_D50,-0.17014379869595964,1.6103413193246192e-07,0.06205571292387927,0.057584424337705976,4.062341394670867e-07,0.09220133139402588,0.10808808577208037
dim 986,986,0.3060995,Polarity_group3_D75,-0.15046311831821924,3.7287470455410133e-06,0.04458656867004385,0.17267096861120992,8.188044136822476e-06,0.24060118279576184,0.10587654964817539
dim 986,986,0.3060995,Polarity_group3_D100,0.20634122692795204,1.8116992000731125e-10,0.08113739278171693,0.01297574114002821,5.784966853005923e-10,0.02423880056358737,0.1252038341462351
dim 986,986,0.3060995,Polarizability_C1,-0.42612034467842586,1.2634869202427306e-42,-0.1323551803869088,4.825215618836852e-05,1.4020087420633623e-41,0.00014812702359296952,0.29376516429151706
dim 986,986,0.3060995,Polarizability_C2,0.3475575504907161,5.41922004943827e-28,0.13403491053668873,3.855400072670303e-05,3.74745237373164e-27,0.00012045871134442293,0.2135226399540274
dim 986,986,0.3060995,Polarizability_C3,0.3501661634662055,2.0417320750772635e-28,0.0709448511524008,0.029894001178974786,1.4417304716190403e-27,0.0510459938332187,0.2792213123138047
dim 986,986,0.3060995,Polarizability_T12,-0.3491571018826252,2.9816729729514277e-28,-0.011720218134228015,0.7201228389690901,2.0834283953258928e-27,0.7721381323135669,0.3374368837483972
dim 986,986,0.3060995,Polarizability_T13,0.08214801222561467,0.011886906335269686,0.0623610552822339,0.056364120621821126,0.01760632690013337,0.09050777061388585,0.01978695694338077
dim 986,986,0.3060995,Polarizability_T23,0.324401698325076,2.1139741205312684e-24,0.022942193578412286,0.4830372728423067,1.2907995544011766e-23,0.5627291563632035,0.3014595047466637
dim 986,986,0.3060995,Polarizability_group1_D0,0.07158227164853907,0.028448011259711643,-0.06649603199355444,0.04184992388350666,0.03995641615115092,0.06906064514373135,0.005086239654984628
dim 986,986,0.3060995,Polarizability_group1_D25,0.17250915069081668,1.0758776965745364e-07,-0.11649529289723679,0.0003523932373503851,2.759932032687367e-07,0.0009356068463833753,0.056013857793579896
dim 986,986,0.3060995,Polarizability_group1_D50,0.11063390795523241,0.0006926987240909613,-0.13457630042652516,3.584386546824891e-05,0.0012043798742653882,0.00011272929441050033,-0.023942392471292748
dim 986,986,0.3060995,Polarizability_group1_D75,0.15014865104836156,3.908746781773068e-06,-0.03226307741376847,0.3238750490279348,8.57203824761789e-06,0.4063646370222773,0.1178855736345931
dim 986,986,0.3060995,Polarizability_group1_D100,-0.05004221837649891,0.12583627127767416,-0.015012353700368065,0.6462719148711392,0.15854136026685464,0.7113510711255114,0.03502986467613084
dim 986,986,0.3060995,Polarizability_group2_D0,0.05495622588401756,0.09271237967218784,0.0077645398359241224,0.8123756447330137,0.1198836036024419,0.8519104092333644,0.047191686048093436
dim 986,986,0.3060995,Polarizability_group2_D25,-0.21735661343702845,1.755159620570802e-11,-0.036551386475303274,0.2636803684851687,5.957553996652925e-11,0.3424154085305067,0.18080522696172519
dim 986,986,0.3060995,Polarizability_group2_D50,-0.19165805003794423,3.342729701945791e-09,0.048357336999937224,0.1391056852179289,9.633060573338173e-09,0.19862724504092055,0.143300713038007
dim 986,986,0.3060995,Polarizability_group2_D75,-0.05244117639225351,0.10866789707458567,0.05289442685830325,0.10564233861531651,0.13863666013335224,0.15633381079980377,-0.0004532504660497358
dim 986,986,0.3060995,Polarizability_group2_D100,-0.11752213289545928,0.0003120284789094865,-0.09686427277834798,0.002996629105908869,0.0005664560188794256,0.006528859239227412,0.020657860117111293
dim 986,986,0.3060995,Polarizability_group3_D0,-0.1569989207646185,1.3696412451182818e-06,-0.04917980927052677,0.13249971834363067,3.129002570926854e-06,0.19050755887547413,0.10781911149409172
dim 986,986,0.3060995,Polarizability_group3_D25,0.0028118424185983597,0.9315005570425047,0.1622109711331746,5.981331650726307e-07,0.9439356372942856,2.5066057356870598e-06,-0.15939912871457623
dim 986,986,0.3060995,Polarizability_group3_D50,-0.02376047260070707,0.46756259343418394,0.07684971742578638,0.018635418767090264,0.5200329877023557,0.03348160230343275,-0.053089244825079304
dim 986,986,0.3060995,Polarizability_group3_D75,-0.060519071573935455,0.06406302400034301,0.019046209389031267,0.5603728932229572,0.08548561732366987,0.6346712320666928,0.04147286218490419
dim 986,986,0.3060995,Polarizability_group3_D100,0.10812985630382392,0.000915741575477243,0.03685785645893964,0.25969482441488806,0.0015749623388743518,0.3381045334803555,0.07127199984488428
dim 986,986,0.3060995,Charge_C1,0.3214347993441806,5.7988286153819265e-24,0.09962442526068171,0.0022650817576461606,3.4834689883769123e-23,0.005043582047025451,0.2218103740834989
dim 986,986,0.3060995,Charge_C2,-0.533507884028313,4.797835113642061e-70,-0.290992894817476,9.631913679801574e-20,1.3696383999627764e-68,1.4689767895222492e-18,0.24251498921083697
dim 986,986,0.3060995,Charge_C3,0.5645828082119931,5.412333454010074e-80,0.36012914251871686,4.5059488028459155e-30,2.317588940563288e-78,1.7102123865346998e-28,0.20445366569327628
dim 986,986,0.3060995,Charge_T12,0.24557350454004365,2.4568825753557253e-14,0.07510243215712452,0.02149934596508274,9.934609929404507e-14,0.03821597420083893,0.17047107238291914
dim 986,986,0.3060995,Charge_T13,0.39414017157954623,3.4715847548361244e-36,0.14556726218059832,7.68480234077043e-06,3.116960505686198e-35,2.7189872688742837e-05,0.2485729093989479
dim 986,986,0.3060995,Charge_T23,0.568431013653779,2.6720257034131678e-81,0.3933031212562883,5.009732177146204e-36,1.256981105549293e-79,3.0422737221215128e-34,0.17512789239749071
dim 986,986,0.3060995,Charge_group1_D0,0.042614094890170415,0.1924765706159823,0.10626454346992975,0.0011232227117919382,0.23300896914004382,0.002673958558364272,-0.06365044857975934
dim 986,986,0.3060995,Charge_group1_D25,-0.05880673797413426,0.07197828483235418,0.08167323071654527,0.012387931903679953,0.09524860195723572,0.023270918199263805,-0.02286649274241101
dim 986,986,0.3060995,Charge_group1_D50,0.06794582135554678,0.037573278146110126,0.13765847118074656,2.354544772910637e-05,0.051665191028409975,7.649980098756351e-05,-0.06971264982519979
dim 986,986,0.3060995,Charge_group1_D75,-0.07422300378409359,0.023080364532736482,0.015006868056111965,0.6463923655287207,0.03281754684518512,0.7113510711255114,0.05921613572798162
dim 986,986,0.3060995,Charge_group1_D100,0.06884835997562323,0.03510308868115707,0.022573254498173503,0.4901041492962251,0.04858861010984858,0.5691907059289891,0.04627510547744973
dim 986,986,0.3060995,Charge_group2_D0,-0.002402566181287663,0.941451547169477,-0.01704664241669818,0.602264497316183,0.951997628684848,0.6734393776484939,-0.014644076235410516
dim 986,986,0.3060995,Charge_group2_D25,0.08678070187518569,0.007863705671440731,-0.07412686335387018,0.023259169060042374,0.011943964048482057,0.04085739217660686,0.012653838521315505
dim 986,986,0.3060995,Charge_group2_D50,-0.0658091710817378,0.04401549962469186,-0.09598826272417675,0.0032703216200735247,0.0598825941940818,0.007078985230748913,-0.030179091642438954
dim 986,986,0.3060995,Charge_group2_D75,-0.012723271182503446,0.697305004216269,-0.054502278320377406,0.09544443792385154,0.7372582190827283,0.14314522795943607,-0.04177900713787396
dim 986,986,0.3060995,Charge_group2_D100,-0.1734216065605145,9.194954453094427e-08,-0.0338777080800275,0.30023705334042183,2.3696873359055083e-07,0.38114471993804977,0.139543898480487
dim 986,986,0.3060995,Charge_group3_D0,-0.045312118691430966,0.16578202971064793,-0.08510523030466563,0.009150962322278392,0.20357058060057504,0.017769891951401065,-0.039793111613234664
dim 986,986,0.3060995,Charge_group3_D25,-0.23749257588386397,1.7624002744197808e-13,-0.0966231942044877,0.0030697897753895215,6.789408208260748e-13,0.00667085091073585,0.14086938167937627
dim 986,986,0.3060995,Charge_group3_D50,0.039631062599758876,0.22551939281376282,0.07791570430323488,0.017056907833893697,0.2692047076475939,0.030911596400002687,-0.03828464170347601
dim 986,986,0.3060995,Charge_group3_D75,0.1113456013054071,0.0006391978294458553,0.13135260284330064,5.509715816558049e-05,0.0011154235895241152,0.00016805891166487565,-0.020007001537893532
dim 986,986,0.3060995,Charge_group3_D100,0.24918347814383618,9.953679487436547e-15,0.16895561425715488,1.9678575058229303e-07,4.079176624299149e-14,9.053228745796952e-07,0.0802278638866813
dim 986,986,0.3060995,SecondaryStructure_C1,0.5368367476326642,4.619497414834968e-71,0.2775002378861279,4.9906568364333384e-18,1.4419739593970837e-69,6.460772803754787e-17,0.2593365097465363
dim 986,986,0.3060995,SecondaryStructure_C2,-0.24234657839908252,5.443026961307458e-14,-0.12749398055414163,9.099816887933634e-05,2.151444976422119e-13,0.00026567647207778264,0.1148525978449409
dim 986,986,0.3060995,SecondaryStructure_C3,-0.5544701437991713,1.2194864710788487e-76,-0.27809737328336587,4.209746607355743e-18,4.475917377366324e-75,5.5356510506173944e-17,0.2763727705158054
dim 986,986,0.3060995,SecondaryStructure_T12,0.37666509479088456,5.9184820520347334e-33,0.13550289727231798,3.161972883752766e-05,4.821397574096588e-32,0.00010010416522970842,0.24116219751856657
dim 986,986,0.3060995,SecondaryStructure_T13,0.30229137793995137,2.9867853604815025e-21,0.11040234813385769,0.0007109829762934711,1.6407669578960885e-20,0.0017525336832621354,0.19188902980609368
dim 986,986,0.3060995,SecondaryStructure_T23,-0.4584846149457535,6.926820051225912e-50,-0.1787963410159018,3.584443359752485e-08,9.48179466028465e-49,1.8222284355514914e-07,0.2796882739298517
dim 986,986,0.3060995,SecondaryStructure_group1_D0,-0.07399478351724906,0.023506771812622097,-0.034189432472564285,0.29580914914951156,0.03335285380380536,0.3762385979281678,0.03980535104468477
dim 986,986,0.3060995,SecondaryStructure_group1_D25,0.133112968665434,4.362122380393935e-05,0.14497065718896196,8.379552127185845e-06,8.66200282432565e-05,2.936800010996928e-05,-0.011857688523527948
dim 986,986,0.3060995,SecondaryStructure_group1_D50,0.2718597209411147,2.4395996471786107e-17,0.22955977024115737,1.1375620777539733e-12,1.147642650926276e-16,9.618879341008281e-12,0.042299950699957345
dim 986,986,0.3060995,SecondaryStructure_group1_D75,0.245344249539388,2.6007110799152183e-14,0.16032027455511028,8.103153901638083e-07,1.0490791071155591e-13,3.3248813306475672e-06,0.08502397498427772
dim 986,986,0.3060995,SecondaryStructure_group1_D100,0.23338965060822225,4.663208699631197e-13,0.14414976117728728,9.43404015865967e-06,1.7480490523870032e-12,3.278844342343736e-05,0.08923988943093497
dim 986,986,0.3060995,SecondaryStructure_group2_D0,-0.07186942180001947,0.02781652077067857,-0.007534306321012645,0.817840042698286,0.03913529038503219,0.8544215647833204,0.06433511547900683
dim 986,986,0.3060995,SecondaryStructure_group2_D25,0.07138454511704274,0.02888997865528373,0.03082106310781727,0.3459821018598984,0.0405040356675105,0.4297434809267611,0.04056348200922547
dim 986,986,0.3060995,SecondaryStructure_group2_D50,-0.007482805309062708,0.819063596213991,0.02604127021620116,0.4259122486026478,0.8495877053896677,0.5096907597036344,-0.01855846490713845
dim 986,986,0.3060995,SecondaryStructure_group2_D75,-0.14891407050300934,4.69914546272727e-06,-0.017482704178402288,0.5930094606238444,1.026497439209227e-05,0.6648712985846392,0.13143136632460706
dim 986,986,0.3060995,SecondaryStructure_group2_D100,-0.11584905052470662,0.00038024343476919525,-0.07472826476356342,0.022160128124329662,0.0006817032056516973,0.03918201584714721,0.0411207857611432
dim 986,986,0.3060995,SecondaryStructure_group3_D0,0.09697649605635884,0.0029631171882824863,0.007589112530132209,0.8165384513112799,0.0047580824081074535,0.8536043163616165,0.08938738352622663
dim 986,986,0.3060995,SecondaryStructure_group3_D25,-0.13155998318857076,5.361001803135828e-05,-0.22045776220338392,8.889439534540903e-12,0.00010557633267967963,6.904820475666656e-11,-0.08889777901481316
dim 986,986,0.3060995,SecondaryStructure_group3_D50,-0.2594184571663754,7.096403830218786e-16,-0.21271992121285424,4.7620757856127466e-11,3.0942544116097576e-15,3.4058529173333135e-10,0.046698535953521164
dim 986,986,0.3060995,SecondaryStructure_group3_D75,-0.15091127598086776,3.4858779753780704e-06,-0.15026268560541986,3.842533536689468e-06,7.674906023574656e-06,1.4244241967306127e-05,0.0006485903754478994
dim 986,986,0.3060995,SecondaryStructure_group3_D100,-0.11762362838989848,0.0003082826603381021,-0.03252874015972748,0.31990475418018705,0.0005604742705893757,0.4021384565155532,0.085094888230171
dim 986,986,0.3060995,SolventAccessibility_C1,0.2689283572552793,5.484583422913226e-17,0.2819537214665119,1.3887234548686483e-18,2.5477758876954345e-16,1.924620887660284e-17,-0.01302536421123257
dim 986,986,0.3060995,SolventAccessibility_C2,0.43008130741255307,1.7968897331813497e-43,0.11521616714578652,0.00040949732165699394,2.0553464756252422e-42,0.0010686496181087205,0.31486514026676654
dim 986,986,0.3060995,SolventAccessibility_C3,-0.6563342584363029,1.5633579858203762e-116,-0.4173640957527874,8.600259328065223e-41,3.071538630964739e-114,7.181216538934462e-39,0.2389701626835155
dim 986,986,0.3060995,SolventAccessibility_T12,0.5809890144763861,1.0989111462164327e-85,0.3055876515965737,1.0528462604593007e-21,6.55422005064801e-84,1.9428212762066652e-20,0.2754013628798124
dim 986,986,0.3060995,SolventAccessibility_T13,-0.44472405652896324,1.0563349391582642e-46,-0.215581597224393,2.578852601452901e-11,1.3214077516062181e-45,1.9081210051356564e-10,0.22914245930457025
dim 986,986,0.3060995,SolventAccessibility_T23,-0.08548088821875115,0.008847038458025366,-0.1084012124702523,0.0008887011940391869,0.013334435221031012,0.00215716714250791,-0.02292032425150116
dim 986,986,0.3060995,SolventAccessibility_group1_D0,0.016777531647782465,0.6080083688122547,-0.0074998321288342416,0.8186590266857204,0.6533938068960523,0.85500974019084,0.009277699518948223
dim 986,986,0.3060995,SolventAccessibility_group1_D25,0.21054464286948887,7.546916792630796e-11,0.07814501054469115,0.016733082434023615,2.468824886129957e-10,0.030407233585222456,0.13239963232479773
dim 986,986,0.3060995,SolventAccessibility_group1_D50,0.24708255852391353,1.6870049392181457e-14,0.08983578724361303,0.0059267014298478434,6.863089521301591e-14,0.01205553153209001,0.1572467712803005
dim 986,986,0.3060995,SolventAccessibility_group1_D75,0.2030517083620664,3.5492012602741e-10,0.04849370616802351,0.1379932137628654,1.1037553267519082e-09,0.19713316251837917,0.1545580021940429
dim 986,986,0.3060995,SolventAccessibility_group1_D100,-0.038463730951156294,0.23949260998110658,-0.02854757293454815,0.38273631800906754,0.2841581944358423,0.4668879847152248,0.009916158016608143
dim 986,986,0.3060995,SolventAccessibility_group2_D0,0.05511581896953554,0.09176690433732793,0.05951384998522033,0.068617728535783,0.11884507967688067,0.10749681674930359,-0.0043980310156847904
dim 986,986,0.3060995,SolventAccessibility_group2_D25,-0.33892572590470815,1.2837040489234064e-26,-0.019000137745164167,0.5613220405549121,8.440101424023972e-26,0.6351001407362488,0.31992558815954397
dim 986,986,0.3060995,SolventAccessibility_group2_D50,-0.13247954428443134,4.746151021565869e-05,0.05065586429726934,0.12125577985619364,9.402220884952551e-05,0.17669908582883365,0.081823679987162
dim 986,986,0.3060995,SolventAccessibility_group2_D75,-0.18483690302929956,1.201108498455319e-08,0.0018524684448043244,0.9548405269819975,3.3336871876828176e-08,0.9659374623310901,0.18298443458449523
dim 986,986,0.3060995,SolventAccessibility_group2_D100,0.20578686089513662,2.030699378174788e-10,0.05088307757304848,0.11959318947029549,6.459558022003611e-10,0.17458096714632296,0.15490378332208815
dim 986,986,0.3060995,SolventAccessibility_group3_D0,-0.22867657921068668,1.394147669510007e-12,-0.11978833680894395,0.00023773622871594752,5.077920628313439e-12,0.0006492551135823914,0.10888824240174273
dim 986,986,0.3060995,SolventAccessibility_group3_D25,-0.07941284688257313,0.015038132877906339,-0.13119584516989752,5.6247083682573944e-05,0.022010238305086405,0.00017125365496790972,-0.05178299828732438
dim 986,986,0.3060995,SolventAccessibility_group3_D50,-0.15793991976172683,1.1816764347463187e-06,-0.12449455152811303,0.00013311625800596386,2.733240506961707e-06,0.00037806828379244843,0.0334453682336138
dim 986,986,0.3060995,SolventAccessibility_group3_D75,0.07419083050819479,0.023140068108848263,0.041192764079100164,0.20774843456786693,0.03288843722704391,0.28080929642115565,0.03299806642909463
dim 986,986,0.3060995,SolventAccessibility_group3_D100,-0.16168078662927976,6.51517672798778e-07,-0.019192045041098185,0.5573735811244893,1.5395760095342332e-06,0.6321316675571458,0.1424887415881816
dim 414,414,0.30589852,AAC_A,0.12001942113566069,0.0002311728727531592,0.17580601956789887,6.075672151501891e-08,0.000428002990574031,2.966775582750924e-07,-0.05578659843223818
dim 414,414,0.30589852,AAC_C,0.037072518777232125,0.2569281314925409,0.06407739649840859,0.04989822651072647,0.3017369758034763,0.08133727503456634,-0.027004877721176462
dim 414,414,0.30589852,AAC_D,-0.03203305206042487,0.32733852449103956,-0.10523822855158657,0.0012551053335963542,0.37713372604348816,0.002954229608324047,-0.0732051764911617
dim 414,414,0.30589852,AAC_E,-0.0778548512637393,0.017143760716708718,-0.2590481394528359,7.824028825063051e-16,0.02483094570416614,8.980156795776835e-15,-0.18119328818909658
dim 414,414,0.30589852,AAC_F,-0.19777512611551015,1.0195518939750603e-09,-0.2575312209403137,1.1651341660808788e-15,3.0650795012391548e-09,1.3058886290973608e-14,-0.05975609482480357
dim 414,414,0.30589852,AAC_G,0.3130177250245525,9.554730848682121e-23,0.39483124843995165,2.5625558462075374e-36,5.445870483719843e-22,1.5849882456172545e-34,-0.08181352341539916
dim 414,414,0.30589852,AAC_H,-0.08497849425761732,0.009255576865287454,-0.23364764876866556,4.3888111914060806e-13,0.01393761349416596,3.857534047183239e-12,-0.14866915451104823
dim 414,414,0.30589852,AAC_I,-0.11226433706782828,0.0005758016470382793,-0.20540108485318623,2.1981199888013738e-10,0.001011134332864276,1.4595866327229797e-09,-0.09313674778535795
dim 414,414,0.30589852,AAC_K,-0.04700400035427804,0.15052261870862238,-0.18025110715250947,2.763905825664221e-08,0.1864783184298215,1.4268076441605096e-07,-0.13324710679823143
dim 414,414,0.30589852,AAC_L,-0.07044399489687353,0.03107403291118843,-0.18360682185842248,1.5051254851442543e-08,0.04335307849764802,8.06921207123886e-08,-0.11316282696154895
dim 414,414,0.30589852,AAC_M,-0.07232761192318797,0.026833876351810722,-0.15928756920247378,9.55064174965878e-07,0.037813838355968736,3.88067438489785e-06,-0.08695995727928581
dim 414,414,0.30589852,AAC_N,0.01798262518579053,0.5824798673183739,0.0194419353341027,0.5522524542022447,0.6300138461280339,0.6271755175231204,-0.00145931014831217
dim 414,414,0.30589852,AAC_P,-0.05605487179327706,0.08635930537747147,0.09483535509596812,0.0036651536420773704,0.11258395002371378,0.007872420041503805,-0.03878048330269106
dim 414,414,0.30589852,AAC_Q,-0.15990787637435866,8.653913167249852e-07,-0.1953601464444563,1.636789845255534e-09,2.0297801951274233e-06,9.814861908713616e-09,-0.03545227007009763
dim 414,414,0.30589852,AAC_R,0.038493774762682155,0.23912550319417353,0.07697645441763075,0.01844129449335783,0.28382344728803827,0.03316851028961505,-0.038482679654948594
dim 414,414,0.30589852,AAC_S,0.018737417663241933,0.5667492694368406,0.18892290225286962,5.614433781748176e-09,0.615937298039647,3.167602843080897e-08,-0.17018548458962768
dim 414,414,0.30589852,AAC_T,0.008780623750070738,0.7883719783115778,0.1905216473013294,4.150226590364883e-09,0.8215215652066455,2.3817451566698813e-08,-0.18174102355125865
dim 414,414,0.30589852,AAC_V,0.19197867700024634,3.1440153124615014e-09,0.19225488724805792,2.9820758705045025e-09,9.083919674412989e-09,1.7382431775715597e-08,-0.00027621024781157577
dim 414,414,0.30589852,AAC_W,-0.10523384417166944,0.0012556981506087628,-0.0698053718455543,0.032636352724996584,0.0021107356935245437,0.05516468527403269,0.03542847232611514
dim 414,414,0.30589852,AAC_Y,-0.11521468563058118,0.00040956820016959224,-0.1406562163439762,1.551101618951576e-05,0.0007311372466950498,5.1910615303589814e-05,-0.025441530713395027
dim 414,414,0.30589852,Hydrophobicity_C1,-0.09444670945099978,0.0038077040411918658,-0.28157683394806743,1.5488961932229851e-18,0.00603880887824351,2.1115564430060287e-17,-0.18713012449706765
dim 414,414,0.30589852,Hydrophobicity_C2,0.11591973964120242,0.000377099910920269,0.334285395097462,6.755436685915697e-26,0.0006771579045557519,1.6964780850344683e-24,-0.2183656554562596
dim 414,414,0.30589852,Hydrophobicity_C3,-0.11455877670257977,0.0004420967788707753,-0.28843342396161276,2.0708488856863188e-19,0.0007858452588762051,3.0740601236410242e-18,-0.17387464725903298
dim 414,414,0.30589852,Hydrophobicity_T12,0.17912574138189927,3.380174584624646e-08,0.15758921097655892,1.2486348385860265e-06,9.060821117693674e-08,5.000528010644279e-06,0.021536530405340343
dim 414,414,0.30589852,Hydrophobicity_T13,-0.10161449223450303,0.0018433297419076919,-0.29708216971515444,1.5102938391156157e-20,0.00303137436630807,2.48491695696855e-19,-0.19546767748065141
dim 414,414,0.30589852,Hydrophobicity_T23,0.04657050354305347,0.15432657469952085,0.1105342758128676,0.0007005116590972009,0.1908370083289151,0.0017279977410521795,-0.06396377226981412
dim 414,414,0.30589852,Hydrophobicity_group1_D0,0.005740449667750929,0.8606988179254332,0.0008009610801820231,0.980465700777521,0.8858964720711702,0.9850250294060712,0.0049394885875689055
dim 414,414,0.30589852,Hydrophobicity_group1_D25,-0.10412289358082692,0.0014145104982046265,0.025593380942122528,0.4339164006957563,0.002364597129130857,0.5166776393311323,0.07852951263870439
dim 414,414,0.30589852,Hydrophobicity_group1_D50,-0.1479528217127118,5.41814679659142e-06,-0.08929269879533205,0.006236005262866017,1.1743420052313656e-05,0.012554387656053552,0.05866012291737974
dim 414,414,0.30589852,Hydrophobicity_group1_D75,-0.14686231089818647,6.361062046013383e-06,-0.08098887464172917,0.013142964465383426,1.3709703584915288e-05,0.024441815876603924,0.0658734362564573
dim 414,414,0.30589852,Hydrophobicity_group1_D100,0.04267906329514828,0.191798734617115,-0.024731897369815896,0.4495534249888783,0.2324630388946639,0.5300649631149263,0.01794716592533238
dim 414,414,0.30589852,Hydrophobicity_group2_D0,-0.13363595423053287,4.067420834661967e-05,-0.19811880621193642,9.526656056461651e-10,8.091236204747451e-05,5.903345311425216e-09,-0.06448285198140355
dim 414,414,0.30589852,Hydrophobicity_group2_D25,0.08196456889217504,0.012078322677448043,-0.03685945785278478,0.2596741087635992,0.017873991024668346,0.3381045334803555,0.045105111039390265
dim 414,414,0.30589852,Hydrophobicity_group2_D50,0.0831633123253891,0.010875267907016978,0.029373861498475304,0.36911046433035777,0.01623029258687967,0.4527465849663588,0.05378945082691379
dim 414,414,0.30589852,Hydrophobicity_group2_D75,0.18215822845279936,1.9593829328244304e-08,0.12841561314747488,8.082357265733175e-05,5.355432893317183e-08,0.0002382618999783654,0.05374261530532448
dim 414,414,0.30589852,Hydrophobicity_group2_D100,0.03597056687253281,0.2713488403941501,0.081232432810694,0.012869719813787855,0.3173337279119262,0.024094654808324796,-0.04526186593816119
dim 414,414,0.30589852,Hydrophobicity_group3_D0,0.052879468594301746,0.10574111278377286,0.1535535818370334,2.334190575075549e-06,0.13531621329417676,8.961145426152108e-06,-0.10067411324273166
dim 414,414,0.30589852,Hydrophobicity_group3_D25,-0.07791564717606586,0.017056989187910432,0.02513575563863816,0.4421834866163545,0.02473021387183927,0.5248375427500441,0.0527798915374277
dim 414,414,0.30589852,Hydrophobicity_group3_D50,-0.019006691984279546,0.5611869657010992,0.03214868481230182,0.3255944603392673,0.6105421711536388,0.4080621003876746,-0.013141992828022274
dim 414,414,0.30589852,Hydrophobicity_group3_D75,-0.08350292166094378,0.010554355549047685,-0.07382168922174355,0.023834717590730664,0.01578663122875919,0.0417889536761367,0.00968123243920023
dim 414,414,0.30589852,Hydrophobicity_group3_D100,-0.06271038855838655,0.0549944470089255,-0.05214556828078489,0.11067775158243844,0.07403524909706213,0.16284744065433673,0.01056482027760166
dim 414,414,0.30589852,NormVanDerWaalsVolume_C1,0.1369317969903916,2.601888189770241e-05,0.35717638276941355,1.415195995242173e-29,5.279651612291984e-05,5.048554879763055e-28,-0.22024458577902195
dim 414,414,0.30589852,NormVanDerWaalsVolume_C2,-0.07849237593533318,0.01625279900367819,-0.2642120750881442,1.9777916534168365e-16,0.023653310968315973,2.3508270898264176e-15,-0.18571969915281103
dim 414,414,0.30589852,NormVanDerWaalsVolume_C3,-0.16609575129512374,3.170229038474725e-07,-0.326675769362758,9.680123159670928e-25,7.77998897024657e-07,2.2452507884236734e-23,-0.16058001806763425
dim 414,414,0.30589852,NormVanDerWaalsVolume_T12,0.11100564871496924,0.000664255751232753,0.18067150299939613,2.5628666770226855e-08,0.0011573365723095434,1.3354094697746912e-07,-0.0696658542844269
dim 414,414,0.30589852,NormVanDerWaalsVolume_T13,-0.018980525007600158,0.5617263288651116,-0.02746272393133568,0.40108630662076217,0.6109299701756669,0.48554848282469937,-0.008482198923735522
dim 414,414,0.30589852,NormVanDerWaalsVolume_T23,-0.15236760190158186,2.7969007725871926e-06,-0.32522786961281247,1.5929236819075426e-24,6.22361664253246e-06,3.523420594418008e-23,-0.17286026771123061
dim 414,414,0.30589852,NormVanDerWaalsVolume_group1_D0,-0.1344857370615811,3.628426948844992e-05,-0.19893335522777192,8.107478141746784e-10,7.235191647249118e-05,5.052047946536242e-09,-0.06444761816619082
dim 414,414,0.30589852,NormVanDerWaalsVolume_group1_D25,-0.011734198539935261,0.719803034322055,-0.11895369803614976,0.000262924456452167,0.7586437786796035,0.0007116431803486531,-0.1072194994962145
dim 414,414,0.30589852,NormVanDerWaalsVolume_group1_D50,0.011420779376994882,0.72698421887708,-0.026170371334768464,0.42362117536667454,0.7659707542742735,0.5074945214220563,-0.014749591957773582
dim 414,414,0.30589852,NormVanDerWaalsVolume_group1_D75,0.12580507287349818,0.00011284988762025895,0.07317260105532311,0.025100018491899433,0.00021587550094597072,0.04382334645214015,0.05263247181817507
dim 414,414,0.30589852,NormVanDerWaalsVolume_group1_D100,0.026810950633299097,0.41236020311791305,0.07069696013136634,0.030473143071596532,0.4657704018984882,0.051928723397516544,-0.043886009498067244
dim 414,414,0.30589852,NormVanDerWaalsVolume_group2_D0,0.012092887661679541,0.7116148289086406,0.02390751190411283,0.4648112649732501,0.750724424685679,0.5458753955733668,-0.011814624242433288
dim 414,414,0.30589852,NormVanDerWaalsVolume_group2_D25,-0.030442809997542203,0.35193627559222534,0.07033059202538872,0.03134668720660103,0.40324773944357895,0.05320017036079647,-0.03988778202784651
dim 414,414,0.30589852,NormVanDerWaalsVolume_group2_D50,0.026990189568347898,0.40924131046600526,0.054635656322824896,0.09463511347420522,0.4627169861057744,0.1423789545062367,-0.027645466754477
dim 414,414,0.30589852,NormVanDerWaalsVolume_group2_D75,-0.08939485613752485,0.006176738901745247,-0.08648680138537125,0.008077069436706483,0.009507054346465036,0.015841110932824223,0.0029080547521535965
dim 414,414,0.30589852,NormVanDerWaalsVolume_group2_D100,-0.010668680979311094,0.7443134884047476,-0.0501277877567833,0.12518959006751934,0.781809200919583,0.18124544032315326,-0.039459106777472205
dim 414,414,0.30589852,NormVanDerWaalsVolume_group3_D0,0.04980623487027627,0.12763315659587426,0.10239228735215868,0.0016990620840464567,0.1605025387914985,0.0038948986689877597,-0.0525860524818824
dim 414,414,0.30589852,NormVanDerWaalsVolume_group3_D25,-0.002647346000767003,0.9354988649373631,0.042127720853236295,0.19760698360138448,0.9474124344726479,0.268951640272463,-0.03948037485246929
dim 414,414,0.30589852,NormVanDerWaalsVolume_group3_D50,-0.053065710683506136,0.10451649926777805,-0.024090913212005488,0.4613921847854644,0.13385165166962373,0.5422413431328118,0.028974797471500648
dim 414,414,0.30589852,NormVanDerWaalsVolume_group3_D75,-0.03017142111574107,0.356247942345356,-0.0017614703534648258,0.9570566832288513,0.4076286836017434,0.9668993714411263,0.028409950762276245
dim 414,414,0.30589852,NormVanDerWaalsVolume_group3_D100,0.0126738478342957,0.6984231271617212,-0.019847145816909738,0.5439976035129424,0.7379731871939731,0.6196971336061485,-0.007173297982614037
dim 414,414,0.30589852,Polarity_C1,-0.15277240559464686,2.629878859208775e-06,-0.33627778763750377,3.322826129257817e-26,5.863681835619031e-06,8.603286257148147e-25,-0.1835053820428569
dim 414,414,0.30589852,Polarity_C2,0.13662126861232707,2.714941552993551e-05,0.37289113564323473,2.784283991957376e-32,5.4990326179493395e-05,1.2236195438338994e-30,-0.23626986703090766
dim 414,414,0.30589852,Polarity_C3,-0.10421337930982634,0.0014009147964053406,-0.3197163414140666,1.0350097767059041e-23,0.002344216142281482,2.2018679326100125e-22,-0.21550296210424025
dim 414,414,0.30589852,Polarity_T12,0.08197242692815063,0.012070067521789853,0.2003581482367957,6.104250944785193e-10,0.017869692164352,3.868728302767086e-09,-0.11838572130864508
dim 414,414,0.30589852,Polarity_T13,-0.12011814881836244,0.0002284208597027141,-0.3436692513930314,2.282738279400661e-27,0.00042314235796287586,6.516534917263424e-26,-0.22355110257466895
dim 414,414,0.30589852,Polarity_T23,0.20992849145234727,8.590533564562921e-11,0.23495973850607516,3.220436311096142e-13,2.8019904400039215e-10,2.8914670105002996e-12,-0.02503124705372789
dim 414,414,0.30589852,Polarity_group1_D0,0.08256298784816468,0.011463772297707332,0.1561854170716513,1.5549881197458165e-06,0.017024899721806354,6.139078392377101e-06,-0.07362242922348661
dim 414,414,0.30589852,Polarity_group1_D25,-0.05223523996582511,0.11006499619535018,0.030375829162336245,0.35299734913596426,0.1403118653788052,0.4375926139430398,0.021859410803488865
dim 414,414,0.30589852,Polarity_group1_D50,0.005435783164036317,0.8680224460726083,0.05111338634913093,0.11792619841162642,0.8920599907330805,0.17252453030873072,-0.04567760318509461
dim 414,414,0.30589852,Polarity_group1_D75,-0.10120238153912213,0.0019242443442294421,-0.0702265846886491,0.03159855085632864,0.003154250228218098,0.053573177593978505,0.030975796850473025
dim 414,414,0.30589852,Polarity_group1_D100,-0.0005236465489294921,0.9872282775062857,-0.0046926250812692576,0.8859328719025112,0.990036182384143,0.9093472010308505,-0.004168978532339765
dim 414,414,0.30589852,Polarity_group2_D0,-0.1388112977059,2.0074168999548396e-05,-0.20577774264109255,2.0345090777687337e-10,4.113357328741818e-05,1.3617756151798738e-09,-0.06696644493519255
dim 414,414,0.30589852,Polarity_group2_D25,0.041550509016885964,0.20382435728529436,-0.08314756547382984,0.010890355665743636,0.2459441305393364,0.02081467082455358,-0.04159705645694388
dim 414,414,0.30589852,Polarity_group2_D50,0.0921944956694243,0.004737432353365678,0.024971991817833335,0.4451636308343893,0.007411252487232489,0.5278120436588073,0.06722250385159095
dim 414,414,0.30589852,Polarity_group2_D75,0.22632330105558385,2.3872246478031806e-12,0.16966894865751667,1.7449783981658408e-07,8.55507545457363e-12,8.083533772363257e-07,0.05665435239806718
dim 414,414,0.30589852,Polarity_group2_D100,0.0610705186001429,0.06167216514790227,0.09183465155447229,0.004903666657063486,0.08255913089939622,0.010230010390126198,-0.030764132954329393
dim 414,414,0.30589852,Polarity_group3_D0,-0.06819434732364353,0.0368787714034964,-0.0627608090995585,0.05479906415502069,0.050793854221722876,0.08846248152622964,0.00543353822408503
dim 414,414,0.30589852,Polarity_group3_D25,-0.12090980294951686,0.00020743805504696273,0.025319204325955663,0.43885869636474295,0.00038555542785579056,0.5218184570517058,0.0955905986235612
dim 414,414,0.30589852,Polarity_group3_D50,-0.16289141156036033,5.357618200234748e-07,-0.08845683921145851,0.006740453975092198,1.2827558988375669e-06,0.013464782462205708,0.07443457234890181
dim 414,414,0.30589852,Polarity_group3_D75,-0.16411783075515976,4.388050066032306e-07,-0.10147763375977366,0.0018698479723473437,1.0597315416159003e-06,0.004245609944010964,0.0626401969953861
dim 414,414,0.30589852,Polarity_group3_D100,0.016163462736284703,0.6212053411102103,-0.044291778546992934,0.175530197464393,0.6652214938467786,0.24396021058884557,-0.02812831581070823
dim 414,414,0.30589852,Polarizability_C1,0.16885560320939436,2.0012217410117593e-07,0.3588887143521505,7.298305041749005e-30,4.999312352265727e-07,2.7084820932712975e-28,-0.19003311114275612
dim 414,414,0.30589852,Polarizability_C2,-0.11083041373946151,0.0006775256424426121,-0.23534167514578488,2.9419133695760786e-13,0.001179226495965776,2.662870096039052e-12,-0.12451126140632338
dim 414,414,0.30589852,Polarizability_C3,-0.16609575129512374,3.170229038474725e-07,-0.326675769362758,9.680123159670928e-25,7.77998897024657e-07,2.2452507884236734e-23,-0.16058001806763425
dim 414,414,0.30589852,Polarizability_T12,0.10960677114284291,0.0007772696872298835,0.2866945986540925,3.4678205510003106e-19,0.00134372709904131,4.9924657932504466e-18,-0.17708782751124963
dim 414,414,0.30589852,Polarizability_T13,0.0013364570869334146,0.9674115161659685,-0.01382774590955669,0.6724931396316133,0.9747072289575671,0.7333095286874268,-0.012491288822623275
dim 414,414,0.30589852,Polarizability_T23,-0.16241184383389626,5.790281467189089e-07,-0.325889643571138,1.269030864597148e-24,1.3774601211119341e-06,2.862226854588537e-23,-0.16347779973724172
dim 414,414,0.30589852,Polarizability_group1_D0,-0.1601450922393344,8.332862926889112e-07,-0.21671536815808642,2.017688660666689e-11,1.957226594642028e-06,1.5110045126965786e-10,-0.05657027591875202
dim 414,414,0.30589852,Polarizability_group1_D25,-0.00436192680608681,0.8939221459597124,-0.11174987379362557,0.0006105423292523943,0.9133098045912201,0.0015217995370917887,-0.10738794698753876
dim 414,414,0.30589852,Polarizability_group1_D50,0.130910539203669,5.83984753135995e-05,0.05755769019399614,0.07824258465326969,0.0001146683759831995,0.1205954004346658,0.07335284900967284
dim 414,414,0.30589852,Polarizability_group1_D75,0.19348358048492248,2.354758219598443e-09,0.13619698539207112,2.8769670041224922e-05,6.899028467946315e-09,9.168959726878934e-05,0.05728659509285136
dim 414,414,0.30589852,Polarizability_group1_D100,0.00918980951667716,0.778760495625671,0.025359218756071035,0.4381353919615894,0.8133396045621454,0.5211439491281014,-0.016169409239393875
dim 414,414,0.30589852,Polarizability_group2_D0,-0.015861356129894207,0.627743213905819,-0.03636405674852356,0.2661371735597863,0.6713616184583527,0.34480145837458737,-0.020502700618629355
dim 414,414,0.30589852,Polarizability_group2_D25,-0.028164285978924744,0.3891600385948177,0.049623882496363965,0.1290352680789238,0.4421950460177939,0.18640908104827228,-0.02145959651743922
dim 414,414,0.30589852,Polarizability_group2_D50,-0.09906732725690216,0.002398037387753653,-0.013940266669884446,0.669984695343933,0.0038899683706154447,0.7310755894882505,0.08512706058701772
dim 414,414,0.30589852,Polarizability_group2_D75,-0.2000801601849367,6.452850213443024e-10,-0.1734137750136538,9.207390960183967e-08,1.966470776724425e-09,4.4121500440479843e-07,0.02666638517128292
dim 414,414,0.30589852,Polarizability_group2_D100,-0.033093653387528586,0.3115682927713955,-0.014822749582153412,0.6504404850592347,0.3604565631646903,0.7150991507892837,0.018270903805375174
dim 414,414,0.30589852,Polarizability_group3_D0,0.04980623487027627,0.12763315659587426,0.10239228735215868,0.0016990620840464567,0.1605025387914985,0.0038948986689877597,-0.0525860524818824
dim 414,414,0.30589852,Polarizability_group3_D25,-0.002647346000767003,0.9354988649373631,0.042127720853236295,0.19760698360138448,0.9474124344726479,0.268951640272463,-0.03948037485246929
dim 414,414,0.30589852,Polarizability_group3_D50,-0.053065710683506136,0.10451649926777805,-0.024090913212005488,0.4613921847854644,0.13385165166962373,0.5422413431328118,0.028974797471500648
dim 414,414,0.30589852,Polarizability_group3_D75,-0.03017142111574107,0.356247942345356,-0.0017614703534648258,0.9570566832288513,0.4076286836017434,0.9668993714411263,0.028409950762276245
dim 414,414,0.30589852,Polarizability_group3_D100,0.0126738478342957,0.6984231271617212,-0.019847145816909738,0.5439976035129424,0.7379731871939731,0.6196971336061485,-0.007173297982614037
dim 414,414,0.30589852,Charge_C1,-0.022344860043829465,0.4945066208173389,-0.13465946165007797,3.544392499820096e-05,0.5463619297154853,0.0001116394657551396,-0.11231460160624851
dim 414,414,0.30589852,Charge_C2,0.05779513886962112,0.07701875604765204,0.2341093148236883,3.936759868881711e-13,0.1015164345695177,3.478512688376961e-12,-0.17631417595406718
dim 414,414,0.30589852,Charge_C3,-0.07163964567175246,0.028320859757421112,-0.24098136567278336,7.59435153128083e-14,0.03981130959166099,7.28883164209137e-13,-0.1693417200010309
dim 414,414,0.30589852,Charge_T12,-0.008886602293311882,0.7858794643705054,-0.09052552461415353,0.005553804041675066,0.8199987608819503,0.011422232450243054,-0.08163892232084165
dim 414,414,0.30589852,Charge_T13,-0.0629510469072461,0.05406707699756512,-0.20540374876661197,2.196918990968963e-10,0.07290433474843258,1.4595866327229797e-09,-0.14245270185936587
dim 414,414,0.30589852,Charge_T23,-0.029422176944353732,0.3683231544756686,-0.17791721647431938,4.189863227084753e-08,0.41986325459001134,2.0949316135423766e-07,-0.14849503952996565
dim 414,414,0.30589852,Charge_group1_D0,0.030506421521802305,0.350930445657606,0.04482752717474036,0.17035980770427867,0.4022332493124242,0.23758331284671658,-0.014321105652938055
dim 414,414,0.30589852,Charge_group1_D25,-0.02111930224691852,0.5184862736319524,0.024800222871157986,0.44830169939336445,0.5694084841125143,0.5295623855377168,-0.0036809206242394664
dim 414,414,0.30589852,Charge_group1_D50,-0.02536456802795707,0.43803874993716685,-0.014511166545122377,0.6573145662695477,0.4909561828154823,0.7212321456439846,0.010853401482834694
dim 414,414,0.30589852,Charge_group1_D75,-0.06589953786441216,0.043725297611254245,-0.034790159882448976,0.2873997627645689,0.05953300196258567,0.3675019937341731,0.031109377981963185
dim 414,414,0.30589852,Charge_group1_D100,0.0014151753215221447,0.9654931942262595,-0.019747386774271458,0.5460241735166429,0.9733616869048315,0.6215817108199002,-0.018332211452749315
dim 414,414,0.30589852,Charge_group2_D0,-0.021466623400443047,0.5116300836695239,-0.02618430386748225,0.42337435495001124,0.5626751661034606,0.5073808200692635,-0.004717680467039201
dim 414,414,0.30589852,Charge_group2_D25,0.09348194516232289,0.004183560553001013,0.04259315792339005,0.19269538675693496,0.006597305121351929,0.26374010132980175,0.05088878723893284
dim 414,414,0.30589852,Charge_group2_D50,0.16139595828275158,6.820607025958365e-07,0.1667788506761785,2.831020176803595e-07,1.6099524711449427e-06,1.2726254899763134e-06,-0.00538289239342693
dim 414,414,0.30589852,Charge_group2_D75,0.10433385153643769,0.0013830002345761605,0.09809962375846625,0.0026460525931570446,0.0023200506195300732,0.005825850798381364,0.006234227777971446
dim 414,414,0.30589852,Charge_group2_D100,-0.06227331861602825,0.056712540223214765,-0.004808595436634633,0.8831338637783906,0.07615732009813311,0.9070317051106472,0.05746472317939362
dim 414,414,0.30589852,Charge_group3_D0,0.004895623644864137,0.8810343446319244,-0.0009362150280262619,0.9771678838895947,0.9019217506108996,0.9833506273550005,0.003959408616837875
dim 414,414,0.30589852,Charge_group3_D25,-0.08335093416394382,0.010696921044970777,-0.018731639281126176,0.5668689200765539,0.01599271096248988,0.640508184389611,0.06461929488281765
dim 414,414,0.30589852,Charge_group3_D50,-0.1246807500835924,0.0001300415535834911,-0.12332048803367542,0.00015413505252086197,0.0002480518497823302,0.0004344132318332219,0.0013602620499169882
dim 414,414,0.30589852,Charge_group3_D75,-0.10739475451542324,0.0009928646724197846,-0.11890508929496456,0.00026446577936662015,0.0016919224519806534,0.0007152353871129646,-0.011510334779541317
dim 414,414,0.30589852,Charge_group3_D100,0.01682110732845091,0.6070766409160488,-0.03574540779444505,0.2743622053163951,0.6528126145072772,0.3531290041451867,-0.01892430046599414
dim 414,414,0.30589852,SecondaryStructure_C1,-0.06491684463991128,0.04696925145842664,-0.2525912033458228,4.1858286574245355e-15,0.06371945567471364,4.539177829804529e-14,-0.18767435870591154
dim 414,414,0.30589852,SecondaryStructure_C2,-0.10299210940989456,0.0015949688984608756,-0.04646942497393931,0.15522394010402532,0.002645082483048324,0.2189391722751033,0.05652268443595525
dim 414,414,0.30589852,SecondaryStructure_C3,0.16100285594438984,7.264850356464005e-07,0.38837307956675315,4.253247445488345e-35,1.7111847807186019e-06,2.328827289824766e-33,-0.2273702236223633
dim 414,414,0.30589852,SecondaryStructure_T12,-0.17529961756014606,6.637726498533485e-08,-0.32650059968933204,1.0282844161416449e-24,1.7266360206465607e-07,2.352376678022667e-23,-0.15120098212918598
dim 414,414,0.30589852,SecondaryStructure_T13,0.13457053144179829,3.5871767878758764e-05,0.051262304449642096,0.11685804473153644,7.161488626123986e-05,0.17111173581908448,0.08330822699215619
dim 414,414,0.30589852,SecondaryStructure_T23,0.025891146770111242,0.4285854477945243,0.19121824975833793,3.6352709439566936e-09,0.4814918922414097,2.104298951961067e-08,-0.16532710298822667
dim 414,414,0.30589852,SecondaryStructure_group1_D0,-0.024226204205158162,0.45887902400978825,-0.005254544526592429,0.8723845049021967,0.511909131660886,0.8972812256739573,0.018971659678565733
dim 414,414,0.30589852,SecondaryStructure_group1_D25,0.08649608526362755,0.008070251231655992,0.07779163345855972,0.017234398718208248,0.01223542401894281,0.031165615440614806,0.008704451805067834
dim 414,414,0.30589852,SecondaryStructure_group1_D50,-0.03708120290393525,0.2568166369537317,-0.08401470318265983,0.010086627640729609,0.3017369758034763,0.019439894010407903,-0.04693350027872458
dim 414,414,0.30589852,SecondaryStructure_group1_D75,0.022249437582725566,0.49635219218941407,-0.030939887848285788,0.3441249567328796,0.5480384535248406,0.42823299384792024,-0.008690450265560222
dim 414,414,0.30589852,SecondaryStructure_group1_D100,0.03778331894053204,0.24791301899484788,-0.014208932640726318,0.6640101640074434,0.2927968470448345,0.7264310343219328,0.023574386299805718
dim 414,414,0.30589852,SecondaryStructure_group2_D0,-0.08230172772136216,0.011728583019676804,-0.05914477911596895,0.07035531736523158,0.017394967711243572,0.10996104819834979,0.023156948605393204
dim 414,414,0.30589852,SecondaryStructure_group2_D25,0.0172024513906885,0.5989501256560401,-0.0019703630686545193,0.9519698566818916,0.6455286930271616,0.9643599220262286,0.01523208832203398
dim 414,414,0.30589852,SecondaryStructure_group2_D50,0.08880270954977582,0.006527436993638656,0.10271982449987731,0.0016414725714758538,0.010019135826632863,0.0037862696054760713,-0.013917114950101492
dim 414,414,0.30589852,SecondaryStructure_group2_D75,-0.052793666186574335,0.10630910711115844,-0.00013049293335361733,0.9968171542701444,0.1359389041926758,0.9977133039443459,0.052663173253220716
dim 414,414,0.30589852,SecondaryStructure_group2_D100,-0.07343522647810474,0.02458124144787425,-0.0512744661065402,0.11677114823675463,0.03484777013408319,0.17105948908366686,0.022160760371564545
dim 414,414,0.30589852,SecondaryStructure_group3_D0,-0.16918026997536428,1.894856799495802e-07,-0.21427301572160753,3.417410469422504e-11,4.7442441606566555e-07,2.4976260323569287e-10,-0.04509274574624325
dim 414,414,0.30589852,SecondaryStructure_group3_D25,-0.07024856531045803,0.031545178763819674,-0.08294138237322819,0.011089629540471754,0.04397405275394275,0.021129128730847494,-0.01269281706277016
dim 414,414,0.30589852,SecondaryStructure_group3_D50,-0.05534992827866829,0.09039398627294984,-0.013505389741471883,0.6796995737252004,0.11734003659216963,0.7399597706134842,0.041844538537196406
dim 414,414,0.30589852,SecondaryStructure_group3_D75,-0.00160670229227944,0.9608266375203327,0.016181656134911394,0.6208125635210684,0.9695350360477073,0.6893330991224629,-0.014574953842631954
dim 414,414,0.30589852,SecondaryStructure_group3_D100,0.02040292731648228,0.5327759164095919,0.05966170274946835,0.06793158778590853,0.5830509701205887,0.10659374109224304,-0.03925877543298607
dim 414,414,0.30589852,SolventAccessibility_C1,0.2038306968667497,3.029796263081478e-10,0.18472370292409812,1.2263875171221514e-08,9.47520554184657e-10,6.649568680499977e-08,0.019106993942651584
dim 414,414,0.30589852,SolventAccessibility_C2,-0.09444670945099978,0.0038077040411918658,-0.28157683394806743,1.5488961932229851e-18,0.00603880887824351,2.1115564430060287e-17,-0.18713012449706765
dim 414,414,0.30589852,SolventAccessibility_C3,-0.07819054731615911,0.016669420800604667,0.10681209048387548,0.0010582134310266403,0.024206898032182428,0.002540929446174679,-0.028621543167716368
dim 414,414,0.30589852,SolventAccessibility_T12,0.05861668860491669,0.07290409356647257,-0.1224605090582725,0.00017146875037124987,0.09639733670309517,0.00048030327903432463,-0.06384382045335579
dim 414,414,0.30589852,SolventAccessibility_T13,0.057181159815299934,0.08021561123286403,0.20253068119203935,3.9440235920790975e-10,0.10510794096420786,2.552914495648098e-09,-0.1453495213767394
dim 414,414,0.30589852,SolventAccessibility_T23,-0.09066643969018633,0.005480272283711005,-0.09077497139065409,0.005424238033611583,0.008513539268648724,0.011190213114430319,-0.00010853170046776217
dim 414,414,0.30589852,SolventAccessibility_group1_D0,-0.14859933756597798,4.923869195686478e-06,-0.16331976661493375,4.997613752832654e-07,1.0699884914504121e-05,2.1400038377514187e-06,-0.014720429048955763
dim 414,414,0.30589852,SolventAccessibility_group1_D25,-0.024163480795861957,0.4600432183923764,-0.08997911386563925,0.005847409211109945,0.5127200170520896,0.011930572245025788,-0.0658156330697773
dim 414,414,0.30589852,SolventAccessibility_group1_D50,0.062556005403053,0.055596300852766393,-0.009619304220772885,0.7687082068832565,0.07481532830307806,0.812752583409331,0.052936701182280124
dim 414,414,0.30589852,SolventAccessibility_group1_D75,0.07547007990683503,0.0208668276693129,0.010835879920784927,0.7404494735747218,0.029797009155838,0.7883650754668698,0.0646341999860501
dim 414,414,0.30589852,SolventAccessibility_group1_D100,0.004979932459810389,0.8790012253009802,0.01246926730538445,0.7030583587707903,0.9008400192523685,0.7577421633761736,-0.007489334845574061
dim 414,414,0.30589852,SolventAccessibility_group2_D0,0.005740449667750929,0.8606988179254332,0.0008009610801820231,0.980465700777521,0.8858964720711702,0.9850250294060712,0.0049394885875689055
dim 414,414,0.30589852,SolventAccessibility_group2_D25,-0.10412289358082692,0.0014145104982046265,0.025593380942122528,0.4339164006957563,0.002364597129130857,0.5166776393311323,0.07852951263870439
dim 414,414,0.30589852,SolventAccessibility_group2_D50,-0.1479528217127118,5.41814679659142e-06,-0.08929269879533205,0.006236005262866017,1.1743420052313656e-05,0.012554387656053552,0.05866012291737974
dim 414,414,0.30589852,SolventAccessibility_group2_D75,-0.14686231089818647,6.361062046013383e-06,-0.08098887464172917,0.013142964465383426,1.3709703584915288e-05,0.024441815876603924,0.0658734362564573
dim 414,414,0.30589852,SolventAccessibility_group2_D100,0.04267906329514828,0.191798734617115,-0.024731897369815896,0.4495534249888783,0.2324630388946639,0.5300649631149263,0.01794716592533238
dim 414,414,0.30589852,SolventAccessibility_group3_D0,0.05035702698094697,0.12346988358838107,0.11299624200145163,0.0005295352333592871,0.15579501744812724,0.0013449792238935505,-0.06263921502050465
dim 414,414,0.30589852,SolventAccessibility_group3_D25,0.0745654554074142,0.022453112693361827,0.0720285678547848,0.02747175765083587,0.0319409382010577,0.04741895119059008,0.002536887552629402
dim 414,414,0.30589852,SolventAccessibility_group3_D50,0.058981631240698836,0.07113482394931162,0.0897645011945283,0.005966497956914834,0.09428186983757969,0.012114348435316441,-0.03078286995382947
dim 414,414,0.30589852,SolventAccessibility_group3_D75,0.0701139941966191,0.03187315066588038,0.054941975169015826,0.09279718336102119,0.0443849188521272,0.1398657908058713,0.015172019027603269
dim 414,414,0.30589852,SolventAccessibility_group3_D100,-0.025066675706330796,0.44343919853637154,0.03409652409706259,0.2971242807846919,0.49640884982585337,0.3774800676382164,-0.009029848390731794
dim 121,121,0.26860073,AAC_A,-0.15225523237692543,2.8450372860701464e-06,-0.07396308752897768,0.023566529206908063,6.3223050801558806e-06,0.0413621689706111,0.07829214484794775
dim 121,121,0.26860073,AAC_C,-0.24041522917906138,8.713931685071843e-14,-0.22805889057524978,1.606462941731962e-12,3.4000621294556027e-13,1.3314109740408816e-11,0.012356338603811606
dim 121,121,0.26860073,AAC_D,0.033800177900083765,0.30134514956324504,-0.1141240265098145,0.00046496732752411395,0.34996272584883115,0.0012010756952285696,-0.08032384860973074
dim 121,121,0.26860073,AAC_E,0.39567020863791674,1.770852063881001e-36,0.1773911603592448,4.598291089448177e-08,1.5985529441520386e-35,2.2786783737028056e-07,0.21827904827867195
dim 121,121,0.26860073,AAC_F,0.23092460075098645,8.293730589118913e-13,0.16829969099860795,2.1968613550885887e-07,3.0608906262604607e-12,1.0037642853619543e-06,0.0626249097523785
dim 121,121,0.26860073,AAC_G,-0.14432289490033184,9.201617016531054e-06,-0.03831320253414881,0.24133789789881308,1.9513270371564266e-05,0.3189824214412488,0.10600969236618303
dim 121,121,0.26860073,AAC_H,0.2787936384008741,3.450299544314136e-18,0.06681902860596502,0.040863105945570515,1.679883451604842e-17,0.06766622402489118,0.21197460979490912
dim 121,121,0.26860073,AAC_I,0.33192010810425704,1.5579105807932214e-25,0.2237130383604421,4.304903175647712e-12,9.949180382121146e-25,3.448051944043971e-11,0.10820706974381494
dim 121,121,0.26860073,AAC_K,0.3323381770466355,1.3447200390157756e-25,0.1509866503121507,3.4465477718796544e-06,8.604147376077952e-25,1.2847622274640678e-05,0.1813515267344848
dim 121,121,0.26860073,AAC_L,0.3303187196921349,2.7317106392798524e-25,0.18372162215285495,1.4738578869923111e-08,1.721493119848058e-24,7.914285116646815e-08,0.14659709753927994
dim 121,121,0.26860073,AAC_M,0.13959958217867602,1.798690025619195e-05,-0.006660325970189679,0.8386616188178954,3.72681432107203e-05,0.8699160890844008,0.13293925620848634
dim 121,121,0.26860073,AAC_N,-0.03527221988794235,0.28076915720210005,-0.039784351346191786,0.22372857729883144,0.3276621191666716,0.2995003800313014,-0.004512131458249434
dim 121,121,0.26860073,AAC_P,-0.3427159624759385,3.237625374616064e-27,-0.11011446077359315,0.0007343391797381834,2.1934419373666642e-26,0.0018074376273585354,0.23260150170234534
dim 121,121,0.26860073,AAC_Q,-0.04645383117550827,0.1553627317396873,-0.11689730469881845,0.0003360419088392575,0.1919051494121877,0.0008964696290120767,-0.07044347352331018
dim 121,121,0.26860073,AAC_R,-0.09975666678482624,0.0022345280443513056,-0.03806097226174053,0.24445228002793062,0.003640645691772371,0.3219521353680159,0.06169569452308571
dim 121,121,0.26860073,AAC_S,-0.2920257101807234,7.056678354078276e-20,-0.03463019440997394,0.2896231704419638,3.648499334771121e-19,0.3697718568429349,0.25739551577074943
dim 121,121,0.26860073,AAC_T,-0.40292574041294477,6.931086092395093e-38,-0.1683723492287467,2.1702803340171842e-07,6.6714200428240954e-37,9.929775774818348e-07,0.23455339118419807
dim 121,121,0.26860073,AAC_V,0.06721457794157222,0.039681509781976765,0.06307658383113285,0.05358851866023122,0.05436269182600591,0.08675988963895893,0.004137994110439372
dim 121,121,0.26860073,AAC_W,-0.2372858982251233,1.8517486943676692e-13,-0.19274941448209365,2.7121629733662265e-09,7.125392441460848e-13,1.5920253657369414e-08,0.04453648374302965
dim 121,121,0.26860073,AAC_Y,-0.04698791587639098,0.15066247403488522,-0.10045492557671971,0.0020793600968322316,0.18658237422191942,0.004667380862513208,-0.053467009700328735
dim 121,121,0.26860073,Hydrophobicity_C1,0.3062546639871293,8.511858884037879e-22,0.052297812573224994,0.10963900503431118,4.738268112114419e-21,0.16146132134682512,0.25395685141390434
dim 121,121,0.26860073,Hydrophobicity_C2,-0.41106905203984034,1.6563951444587913e-39,-0.16779697732113716,2.389567863381113e-07,1.6714077892726173e-38,1.0829249204468002e-06,0.24327207471870319
dim 121,121,0.26860073,Hydrophobicity_C3,0.44363620183881564,1.8590588804466506e-46,0.2584000123585224,9.278172545941554e-16,2.316886813690975e-45,1.061270421350849e-14,0.18523618948029325
dim 121,121,0.26860073,Hydrophobicity_T12,-0.0023108981246339113,0.9436816369960128,-0.06732914858763503,0.039344716636274486,0.9539638824354366,0.06534627228501083,-0.06501825046300112
dim 121,121,0.26860073,Hydrophobicity_T13,0.29249239121765047,6.128678491584394e-20,0.02456610683656159,0.4525989242490621,3.178538223896254e-19,0.5330325835655386,0.2679262843810889
dim 121,121,0.26860073,Hydrophobicity_T23,0.06618099866347366,0.0428317378399448,0.21299553045620867,4.4906095037457366e-11,0.05843872728162403,3.2185913610538114e-10,-0.14681453179273501
dim 121,121,0.26860073,Hydrophobicity_group1_D0,0.09620186662165922,0.0032015661865588533,0.1017526679621671,0.0018169066604069638,0.005123733139964815,0.004128209690992693,-0.00555080134050788
dim 121,121,0.26860073,Hydrophobicity_group1_D25,-0.13337050945937695,4.214558162532751e-05,0.14611326795837834,7.0974527052007266e-06,8.37395851449101e-05,2.5299351158346243e-05,-0.012742758499001389
dim 121,121,0.26860073,Hydrophobicity_group1_D50,-0.13904517653578144,1.9432006729082687e-05,-0.017385730740304937,0.595062006606457,3.999003086788822e-05,0.6662779423619063,0.1216594457954765
dim 121,121,0.26860073,Hydrophobicity_group1_D75,-0.17887012445178146,3.5376747817462036e-08,-0.049040210648308734,0.13360353196421496,9.467815521660513e-08,0.19168204328199226,0.12982991380347272
dim 121,121,0.26860073,Hydrophobicity_group1_D100,0.040953516963234134,0.21040306671608408,-0.10442541576531149,0.001369525720008417,0.25278641828479165,0.0032054771582537577,-0.06347189880207735
dim 121,121,0.26860073,Hydrophobicity_group2_D0,0.2708536949527436,3.225141818573246e-17,0.2009830897671525,5.386213647993935e-10,1.5086797862793614e-16,3.446351261360104e-09,0.06987060518559107
dim 121,121,0.26860073,Hydrophobicity_group2_D25,0.1974466049890917,1.0877497181727163e-09,-0.0301581560827788,0.35645953810657666,3.2612962824927045e-09,0.4403013525428869,0.1672884489063129
dim 121,121,0.26860073,Hydrophobicity_group2_D50,0.09998273835256019,0.002183167375730778,-0.008783362436149286,0.7883075396782703,0.0035604389819046864,0.8303207765769229,0.0911993759164109
dim 121,121,0.26860073,Hydrophobicity_group2_D75,0.19884393686539834,8.252597621166367e-10,0.09570402855564564,0.003363894148536279,2.496709787563013e-09,0.007262706177188862,0.1031399083097527
dim 121,121,0.26860073,Hydrophobicity_group2_D100,-0.0903911894886304,0.005624728633345046,-0.012512525253055311,0.7020773265756354,0.008721724064704017,0.7576537223788763,0.07787866423557509
dim 121,121,0.26860073,Hydrophobicity_group3_D0,-0.19196539790744666,3.15201236072236e-09,-0.029210438871062096,0.37178120503617285,9.099154092318654e-09,0.4553535844594123,0.16275495903638457
dim 121,121,0.26860073,Hydrophobicity_group3_D25,-0.16799541435003942,2.3116284304622746e-07,0.03304891353626198,0.3122232594297591,5.740400712077322e-07,0.3935191269793945,0.13494650081377746
dim 121,121,0.26860073,Hydrophobicity_group3_D50,-0.10576822387972518,0.0011853151869908065,-0.012167106427810081,0.7099246545084626,0.001997453443264023,0.76268183784778,0.0936011174519151
dim 121,121,0.26860073,Hydrophobicity_group3_D75,0.04520348684547252,0.16680011837112593,0.08166057636896011,0.012401537479965065,0.204745459522073,0.023283381215898433,-0.03645708952348759
dim 121,121,0.26860073,Hydrophobicity_group3_D100,-0.12256409410140781,0.00016928790296551002,-0.11554972848022795,0.00039382712882141254,0.00031854737797453716,0.0010373679891668122,0.007014365621179866
dim 121,121,0.26860073,NormVanDerWaalsVolume_C1,-0.4262821105455729,1.1673403252183559e-42,-0.19251447223370485,2.8372930125680556e-09,1.2996388954097695e-41,1.659642497719318e-08,0.23376763831186806
dim 121,121,0.26860073,NormVanDerWaalsVolume_C2,0.44087734768276227,7.724892373667631e-46,0.2341631844483358,3.8870837070753553e-13,9.55597797335181e-45,3.443729331997795e-12,0.20671416323442646
dim 121,121,0.26860073,NormVanDerWaalsVolume_C3,0.28202279969711197,1.3611905424221828e-18,0.07168878368367769,0.02821234973269883,6.725408893032679e-18,0.0485968272858247,0.21033401601343427
dim 121,121,0.26860073,NormVanDerWaalsVolume_T12,-0.03902425019857518,0.2327087927534035,0.08977402233518864,0.005961168760822366,0.2768961053781146,0.012110890304833762,-0.050749772136613455
dim 121,121,0.26860073,NormVanDerWaalsVolume_T13,-0.027573519693598492,0.39918838750736807,-0.0493195427102697,0.13140191379152563,0.45226906861418226,0.18925502029482347,-0.021746023016671206
dim 121,121,0.26860073,NormVanDerWaalsVolume_T23,0.33323969454886015,9.78315807670889e-26,0.12043629123975055,0.00021976012402461954,6.2837976877322485e-25,0.0006051103167701808,0.2128034033091096
dim 121,121,0.26860073,NormVanDerWaalsVolume_group1_D0,0.24390757411318428,3.709822590151616e-14,0.16885093953730618,2.0027908141604278e-07,1.489279741719519e-13,9.201267289265239e-07,0.0750566345758781
dim 121,121,0.26860073,NormVanDerWaalsVolume_group1_D25,0.13392125909036737,3.914707135330058e-05,-0.06355252899661638,0.05180613097746779,7.792086908225503e-05,0.08415976530386306,0.07036873009375098
dim 121,121,0.26860073,NormVanDerWaalsVolume_group1_D50,0.04984387863426829,0.1273451916261956,-0.02431286869364089,0.4572731807319521,0.16026109270214517,0.5381580069220296,0.025531009940627403
dim 121,121,0.26860073,NormVanDerWaalsVolume_group1_D75,0.1844829230754147,1.2818848001274386e-08,0.08935651123693417,0.006198924989931034,3.5472205736749334e-08,0.012495117360512766,0.09512641183848053
dim 121,121,0.26860073,NormVanDerWaalsVolume_group1_D100,-0.15103356866671075,3.4222807613949103e-06,-0.08646787115069043,0.008090988010262338,7.554803531433576e-06,0.015859096217298245,0.06456569751602032
dim 121,121,0.26860073,NormVanDerWaalsVolume_group2_D0,0.05901564328577711,0.0709717367230812,0.09417250398459208,0.003911285655995202,0.09410766206945219,0.008352745582496148,-0.03515686069881497
dim 121,121,0.26860073,NormVanDerWaalsVolume_group2_D25,-0.17035092525557702,1.554807139804019e-07,0.01417654973006878,0.6647291680305125,3.925212280382028e-07,0.7267415454081544,0.15617437552550822
dim 121,121,0.26860073,NormVanDerWaalsVolume_group2_D50,-0.08132815129606456,0.012763715820940805,-0.03809391379443698,0.24404394681942332,0.018829863446087582,0.32154113703229736,0.04323423750162758
dim 121,121,0.26860073,NormVanDerWaalsVolume_group2_D75,-0.18934823876567125,5.182058081055e-09,-0.20848259072523914,1.1623660215982009e-10,1.478059264792801e-08,8.021286182103287e-10,-0.01913435195956789
dim 121,121,0.26860073,NormVanDerWaalsVolume_group2_D100,-0.004064569832770011,0.9011151442266488,-0.08996145769556228,0.005857125252723848,0.9187193472884637,0.01194310033217195,-0.08589688786279227
dim 121,121,0.26860073,NormVanDerWaalsVolume_group3_D0,-0.04246877992109447,0.19399904820576896,0.0583128614250778,0.07440435167864316,0.23451205972032874,0.11537165023522197,-0.01584408150398333
dim 121,121,0.26860073,NormVanDerWaalsVolume_group3_D25,0.08296828263376854,0.011063448580727104,0.1969126363105369,1.2081778391147136e-09,0.01645965178602607,7.390684949895867e-09,-0.11394435367676836
dim 121,121,0.26860073,NormVanDerWaalsVolume_group3_D50,0.052754854950310376,0.10656682153238799,0.13099063353189894,5.7786784032566875e-05,0.13616418665576735,0.0001751432474308288,-0.07823577858158856
dim 121,121,0.26860073,NormVanDerWaalsVolume_group3_D75,0.10271452029365544,0.0016423907245841942,0.18642315340747861,8.958537008439513e-09,0.002714292439441469,4.9538929814880746e-08,-0.08370863311382318
dim 121,121,0.26860073,NormVanDerWaalsVolume_group3_D100,-0.008997551058761826,0.7832724017410031,-0.0830325541970315,0.011001117461061142,0.817540569317172,0.02098442736718687,-0.07403500313826968
dim 121,121,0.26860073,Polarity_C1,0.40483262457748964,2.91802953784042e-38,0.20363191365290303,3.154821379210131e-10,2.849771536955264e-37,2.0620554611667005e-09,0.2012007109245866
dim 121,121,0.26860073,Polarity_C2,-0.4019121512356228,1.0952549745970737e-37,-0.14261320006843797,1.17570805157338e-05,1.036303573698081e-36,3.9988440857994795e-05,0.2592989511671848
dim 121,121,0.26860073,Polarity_C3,0.3386765821202232,1.4044271766375906e-26,0.06528311072388387,0.045737295242999056,9.215691100136645e-26,0.07499389598017518,0.27339347139633935
dim 121,121,0.26860073,Polarity_T12,-0.06446243047068627,0.04853632538472111,0.1572352413999605,1.319903135114834e-06,0.06576524413183306,5.266996978833388e-06,-0.09277281092927424
dim 121,121,0.26860073,Polarity_T13,0.3246225393363011,1.9601245578077873e-24,0.04076043424528225,0.21256327173754086,1.1990505536772913e-23,0.286737208240463,0.28386210509101883
dim 121,121,0.26860073,Polarity_T23,-0.0696094528886295,0.03312891195160368,-0.04591104801189471,0.16025256649397057,0.04600554196510253,0.22517609259144372,0.023698404876734795
dim 121,121,0.26860073,Polarity_group1_D0,-0.08324628080758208,0.01079607804156431,0.04796935159050087,0.14230850975540224,0.01612652086709517,0.2026046132067534,0.035276929217081206
dim 121,121,0.26860073,Polarity_group1_D25,-0.15329252963427922,2.429266415586273e-06,0.0021236850405246333,0.9482374857805025,5.449126815351345e-06,0.9620635487566459,0.1511688445937546
dim 121,121,0.26860073,Polarity_group1_D50,-0.10282998817894358,0.0016225096284137723,-0.023112700341425544,0.4797900497471146,0.0026857155267365467,0.5599226995651163,0.07971728783751804
dim 121,121,0.26860073,Polarity_group1_D75,-0.008589948814068443,0.792861906154417,0.06803314922491926,0.03732798434518338,0.8248549363735825,0.06233773385645625,-0.05944320041085082
dim 121,121,0.26860073,Polarity_group1_D100,-0.09932838220733806,0.0023348709757767083,-0.12578321442543,0.0001131626843321228,0.003798572361955288,0.0003261116183514151,-0.026454832218091945
dim 121,121,0.26860073,Polarity_group2_D0,0.26214171975002115,3.44521558653115e-16,0.1866597588034358,8.573287083227165e-09,1.5281567143444942e-15,4.764522272542218e-08,0.07548196094658535
dim 121,121,0.26860073,Polarity_group2_D25,0.2137954508013765,3.785507569335365e-11,-0.008999926315167968,0.7832166146507484,1.266893314787587e-10,0.8254791710108866,0.20479552448620852
dim 121,121,0.26860073,Polarity_group2_D50,0.14686099681153428,6.362287591802005e-06,0.01644039077990371,0.6152384589088584,1.3709703584915288e-05,0.6842812030488136,0.13042060603163058
dim 121,121,0.26860073,Polarity_group2_D75,0.1903740186771858,4.268127742699281e-09,0.07083150476087399,0.030157626853671935,1.2226026295553686e-08,0.051443551425569084,0.11954251391631182
dim 121,121,0.26860073,Polarity_group2_D100,-0.04857334900407095,0.13734667805497758,0.004023141293479881,0.9021179487091606,0.171426720741265,0.9236759005720135,0.04455020771059107
dim 121,121,0.26860073,Polarity_group3_D0,0.06664402310739377,0.041395310029509635,0.09609450100997022,0.0032359592142016313,0.0565250758375152,0.007009146417272016,-0.029450477902576447
dim 121,121,0.26860073,Polarity_group3_D25,-0.1810105203184922,2.4111337749647562e-08,0.12808338156031507,8.436081207867705e-05,6.520799035127356e-08,0.0002478145227289194,0.052927138758177145
dim 121,121,0.26860073,Polarity_group3_D50,-0.15182275184652338,3.037812950497321e-06,0.007600728695876915,0.8162626440087013,6.73724784506046e-06,0.8536043163616165,0.14422202315064647
dim 121,121,0.26860073,Polarity_group3_D75,-0.15008842282382037,3.944157029115319e-06,-0.018544970162347223,0.5707406911983001,8.644018685856408e-06,0.6440114556088926,0.13154345266147316
dim 121,121,0.26860073,Polarity_group3_D100,0.03790535474899434,0.2463877410622658,-0.08885166986441305,0.006497776491059448,0.291098356967799,0.013026754789999132,-0.05094631511541871
dim 121,121,0.26860073,Polarizability_C1,-0.37043698820549414,7.538430424227662e-32,-0.15360236590130721,2.31682343492821e-06,5.9664354542465375e-31,8.910512741360217e-06,0.21683462230418693
dim 121,121,0.26860073,Polarizability_C2,0.3241619479906492,2.2945354327776496e-24,0.16570505499498323,3.3815095360666523e-07,1.3984942236272537e-23,1.5038937217659944e-06,0.15845689299566595
dim 121,121,0.26860073,Polarizability_C3,0.28202279969711197,1.3611905424221828e-18,0.07168878368367769,0.02821234973269883,6.725408893032679e-18,0.0485968272858247,0.21033401601343427
dim 121,121,0.26860073,Polarizability_T12,-0.26704034542584193,9.193194644300105e-17,-0.0166629949038045,0.6104604036388348,4.1889863727097343e-16,0.6801290631587454,0.2503773505220374
dim 121,121,0.26860073,Polarizability_T13,-2.2856465708370223e-05,0.9994425078114793,-0.0333031819372175,0.3085129560064544,0.9994425078114793,0.3897471360381263,-0.03328032547150913
dim 121,121,0.26860073,Polarizability_T23,0.3113893390357376,1.626185590554926e-22,0.10550710426859591,0.0012192395364792007,9.190287432239345e-22,0.0028738603047569022,0.2058822347671417
dim 121,121,0.26860073,Polarizability_group1_D0,0.22961593195266117,1.1229117936919735e-12,0.1688244923820002,2.0117113290661075e-07,4.112418191810517e-12,9.229554724012087e-07,0.060791439570660966
dim 121,121,0.26860073,Polarizability_group1_D25,0.12192137767521734,0.0001832518529927921,-0.0805656077625753,0.013630022911329942,0.00034385460055950874,0.025277221834448645,0.04135576991264203
dim 121,121,0.26860073,Polarizability_group1_D50,0.11966942271724416,0.0002411813152914876,-0.03783654915362427,0.24724690600508964,0.000444071440503621,0.32524799765931445,0.0818328735636199
dim 121,121,0.26860073,Polarizability_group1_D75,0.07618237508454649,0.019687314357044308,-0.06322303281157868,0.053034709566927844,0.028221300408810296,0.0859883155114267,0.012959342272967814
dim 121,121,0.26860073,Polarizability_group1_D100,-0.14272120422603668,1.1577418668588213e-05,-0.1334048183406812,4.1952607729318096e-05,2.4442843459598373e-05,0.00013022863101121767,0.009316385885355466
dim 121,121,0.26860073,Polarizability_group2_D0,0.1526384176921944,2.684074784045842e-06,0.1363873099159235,2.803182301713791e-05,5.980526870389002e-06,8.959453481075658e-05,0.016251107776270923
dim 121,121,0.26860073,Polarizability_group2_D25,-0.17862849085451366,3.693078296023085e-08,-0.04313534087873567,0.18708756913805374,9.860017193219108e-08,0.2570433899305222,0.135493149975778
dim 121,121,0.26860073,Polarizability_group2_D50,-0.20368564924433424,3.120536769729346e-10,-0.04549809340293662,0.16404993581349378,9.731645948549035e-10,0.22945007772909096,0.15818755584139763
dim 121,121,0.26860073,Polarizability_group2_D75,-0.10410580530418549,0.0014170916475782906,-0.04421342448268812,0.1762960681557656,0.0023677269149132017,0.2445302606479473,0.05989238082149737
dim 121,121,0.26860073,Polarizability_group2_D100,-0.053848366489826764,0.09949269405330637,-0.02046264666779326,0.531577127951913,0.12810547345337056,0.6082451549706713,0.033385719822033505
dim 121,121,0.26860073,Polarizability_group3_D0,-0.04246877992109447,0.19399904820576896,0.0583128614250778,0.07440435167864316,0.23451205972032874,0.11537165023522197,-0.01584408150398333
dim 121,121,0.26860073,Polarizability_group3_D25,0.08296828263376854,0.011063448580727104,0.1969126363105369,1.2081778391147136e-09,0.01645965178602607,7.390684949895867e-09,-0.11394435367676836
dim 121,121,0.26860073,Polarizability_group3_D50,0.052754854950310376,0.10656682153238799,0.13099063353189894,5.7786784032566875e-05,0.13616418665576735,0.0001751432474308288,-0.07823577858158856
dim 121,121,0.26860073,Polarizability_group3_D75,0.10271452029365544,0.0016423907245841942,0.18642315340747861,8.958537008439513e-09,0.002714292439441469,4.9538929814880746e-08,-0.08370863311382318
dim 121,121,0.26860073,Polarizability_group3_D100,-0.008997551058761826,0.7832724017410031,-0.0830325541970315,0.011001117461061142,0.817540569317172,0.02098442736718687,-0.07403500313826968
dim 121,121,0.26860073,Charge_C1,0.2979191772816792,1.1666344070251684e-20,0.13561254130149425,3.11523590491934e-05,6.194847248750497e-20,9.890577873032887e-05,0.16230663598018497
dim 121,121,0.26860073,Charge_C2,-0.34992071824192567,2.239018133616239e-28,-0.11611456916361791,0.0003685609867207358,1.574383277111208e-27,0.0009738874174424506,0.23380614907830777
dim 121,121,0.26860073,Charge_C3,0.2971567133187371,1.476013989879532e-20,0.05797241593248055,0.07611524927638236,7.812815730899584e-20,0.11764226403661132,0.23918429738625657
dim 121,121,0.26860073,Charge_T12,0.24928311622317045,9.706526087009115e-15,0.12775632058511274,8.798528694268823e-05,3.992585853523454e-14,0.00025732999858894807,0.12152679563805771
dim 121,121,0.26860073,Charge_T13,0.254605226868406,2.4933575747290637e-15,0.0397634076725439,0.22397265381901288,1.0608680636426844e-14,0.2997069966969163,0.21484181919586207
dim 121,121,0.26860073,Charge_T23,0.28010725263947067,2.3668924163231024e-18,0.055276616507407464,0.09082213231626657,1.1625618633116415e-17,0.13719851738413855,0.22483063613206322
dim 121,121,0.26860073,Charge_group1_D0,0.10406813581640686,0.0014227968662085678,0.15103711095994765,3.42045528066521e-06,0.002374883324905855,1.2764604064158438e-05,-0.046968975143540787
dim 121,121,0.26860073,Charge_group1_D25,0.08431570236418609,0.009820227879423556,0.20330166001420064,3.3737381202421736e-10,0.014741375783044798,2.1965468463175165e-09,-0.11898595765001455
dim 121,121,0.26860073,Charge_group1_D50,0.16404859691807563,4.437956879322501e-07,0.21885571555251296,1.264891409177659e-11,1.0694643562003718e-06,9.756899091578247e-11,-0.054807118634437324
dim 121,121,0.26860073,Charge_group1_D75,0.04437930983060908,0.17467755751962413,0.1272628813293761,9.37326136611248e-05,0.21362982135318367,0.00027294414091382456,-0.08288357149876702
dim 121,121,0.26860073,Charge_group1_D100,-0.005747705583698824,0.860524542055195,-0.053175602297553845,0.10379921125729424,0.8858964720711702,0.15422124804242116,-0.04742789671385502
dim 121,121,0.26860073,Charge_group2_D0,0.21439314349980979,3.330469304099138e-11,0.24343170503995945,4.170906850198063e-14,1.1179665804714694e-10,4.109389050047649e-13,-0.029038561540149666
dim 121,121,0.26860073,Charge_group2_D25,-0.04581389606156715,0.16113991459839838,-0.1783556604021607,3.876493652645452e-08,0.1986737965148212,1.955814018102086e-07,-0.13254176434059356
dim 121,121,0.26860073,Charge_group2_D50,-0.11764467148281876,0.0003075113184284543,-0.14022045355303914,1.648999762611841e-05,0.0005600260651859528,5.502157050073476e-05,-0.022575782070220374
dim 121,121,0.26860073,Charge_group2_D75,-0.10531138142639919,0.0012452522364918269,-0.14650554776065672,6.702200430445619e-06,0.0020952858790341065,2.3941550200736222e-05,-0.04119416633425753
dim 121,121,0.26860073,Charge_group2_D100,-0.21930316352591062,1.1465421784673129e-11,-0.12941384323126845,7.101881852134371e-05,3.943821705541529e-11,0.0002114107431918788,0.08988932029464217
dim 121,121,0.26860073,Charge_group3_D0,0.1175212943422992,0.0003120596032150129,0.1249336353117245,0.00012597253707790525,0.0005664560188794256,0.0003605383666154272,-0.007412340969425293
dim 121,121,0.26860073,Charge_group3_D25,-0.04395103331131575,0.1788789172477741,0.10101080459248121,0.0019629566679138944,0.21844811100825062,0.004429915723535411,-0.05705977128116546
dim 121,121,0.26860073,Charge_group3_D50,0.06046133646556711,0.0643177009842355,0.08473332428560272,0.009460981717736678,0.08579118262274224,0.018308041099212344,-0.02427198782003561
dim 121,121,0.26860073,Charge_group3_D75,0.16042901990899536,7.963637128988125e-07,0.17262361219824787,1.054935091362752e-07,1.873137183860587e-06,5.033547435930845e-07,-0.012194592289252515
dim 121,121,0.26860073,Charge_group3_D100,0.08445226076174463,0.009701444470231446,-0.016065336769427552,0.6233256407182867,0.014582729311689031,0.6907457332445512,0.06838692399231708
dim 121,121,0.26860073,SecondaryStructure_C1,0.3765285598400127,6.26174545924083e-33,0.14011950520068217,1.6725031922181597e-05,5.08862039753391e-32,5.575010640727199e-05,0.23640905463933054
dim 121,121,0.26860073,SecondaryStructure_C2,-0.14507230392936266,8.25709350198814e-06,-0.036489915145245105,0.2644848291564227,1.7610914621098587e-05,0.34332659517390274,0.10858238878411755
dim 121,121,0.26860073,SecondaryStructure_C3,-0.40658353300901223,1.3120591417855923e-38,-0.16362618526963144,4.754501074275909e-07,1.292707237039492e-37,2.0516839261087257e-06,0.2429573477393808
dim 121,121,0.26860073,SecondaryStructure_T12,0.2413474572143697,6.946869135364193e-14,0.033629864058693684,0.3037888874569798,2.7233031586991083e-13,0.38448460936199796,0.207717593155676
dim 121,121,0.26860073,SecondaryStructure_T13,0.23305311198164624,5.046537207598707e-13,0.07835263131652614,0.01644454269280571,1.8853953325928053e-12,0.02996441494488329,0.1547004806651201
dim 121,121,0.26860073,SecondaryStructure_T23,-0.3312287627084976,1.9861515167924342e-25,-0.09713960970224034,0.002915016997771598,1.2635706792546154e-24,0.006363501158534076,0.23408915300625727
dim 121,121,0.26860073,SecondaryStructure_group1_D0,0.0515360479129527,0.11491435272138628,0.1043886023197671,0.0013749285575590602,0.14593685858913694,0.0032158693152992027,-0.0528525544068144
dim 121,121,0.26860073,SecondaryStructure_group1_D25,0.12127485162619568,0.000198384010835539,0.1160218429790043,0.0003726021991826128,0.00036996236526560595,0.0009837876247193098,0.005253008647191387
dim 121,121,0.26860073,SecondaryStructure_group1_D50,0.2607930246678348,4.93280568241289e-16,0.21188190758258368,5.68971681913416e-11,2.176429455648488e-15,4.0092097417527627e-10,0.04891111708525114
dim 121,121,0.26860073,SecondaryStructure_group1_D75,0.10752213421418529,0.0009790845588076094,0.009525945465282123,0.7708900256957365,0.0016701442422969437,0.8148014828556203,0.09799618874890316
dim 121,121,0.26860073,SecondaryStructure_group1_D100,0.039454419848979475,0.22759568900414717,-0.0712764934066245,0.029133985220687608,0.27148914331208984,0.04992689104007009,-0.03182207355764502
dim 121,121,0.26860073,SecondaryStructure_group2_D0,0.07474436189072677,0.02213134158798439,0.14670532838569603,6.5090742905270525e-06,0.03152182554535943,2.3276561167409374e-05,-0.07196096649496926
dim 121,121,0.26860073,SecondaryStructure_group2_D25,0.01671847675383753,0.6092720853305931,-0.02379655544507431,0.46688659546804623,0.6541204644822182,0.547159018378836,-0.007078078691236781
dim 121,121,0.26860073,SecondaryStructure_group2_D50,-0.09240427405378819,0.004642889116931045,-0.08591984050003598,0.008503337514309572,0.007273569254479216,0.016608858068885363,0.0064844335537522085
dim 121,121,0.26860073,SecondaryStructure_group2_D75,-0.11662677193997295,0.00034696546039722357,-0.017697572439131632,0.5884731248346835,0.0006269420030686754,0.6604503484367752,0.09892919950084132
dim 121,121,0.26860073,SecondaryStructure_group2_D100,-0.15858400063930977,1.067584996840565e-06,-0.1316753152153989,5.279947709409039e-05,2.481373618265475e-06,0.00016134515415760467,0.026908685423910866
dim 121,121,0.26860073,SecondaryStructure_group3_D0,0.19270094599709098,2.73752988920162e-09,0.14746452622405476,5.822535466012339e-06,7.964590444192868e-09,2.1001369823413837e-05,0.04523641977303622
dim 121,121,0.26860073,SecondaryStructure_group3_D25,-0.11669765358654022,0.00034407178352773986,-0.15885358816969367,1.023041621011398e-06,0.0006221980276029513,4.1428001004872645e-06,-0.04215593458315345
dim 121,121,0.26860073,SecondaryStructure_group3_D50,-0.1423832043320639,1.2148565032058847e-05,-0.07158425572457075,0.02844360599625884,2.5503587182323414e-05,0.04894469037996112,0.07079894860749314
dim 121,121,0.26860073,SecondaryStructure_group3_D75,-0.06827515456097902,0.03665531988018059,-0.041335920825943326,0.20617164343348143,0.05052776244317093,0.27912982937487957,0.026939233735035692
dim 121,121,0.26860073,SecondaryStructure_group3_D100,-0.11349593370220405,0.0004999608360360974,-0.05088912920039942,0.1195491528262848,0.0008854025410183272,0.17458096714632296,0.06260680450180464
dim 121,121,0.26860073,SolventAccessibility_C1,0.15833231942244394,1.110847400877321e-06,0.1254819287771531,0.00011755815407709111,2.5783393460251926e-06,0.0003376132713821877,0.03285039064529083
dim 121,121,0.26860073,SolventAccessibility_C2,0.3062546639871293,8.511858884037879e-22,0.052297812573224994,0.10963900503431118,4.738268112114419e-21,0.16146132134682512,0.25395685141390434
dim 121,121,0.26860073,SolventAccessibility_C3,-0.4393163978790062,1.7194068645125433e-45,-0.1868334017142411,8.300836745968515e-09,2.095919316595582e-44,4.620799121922473e-08,0.2524829961647651
dim 121,121,0.26860073,SolventAccessibility_T12,0.2791091393689326,3.1522829009389675e-18,-0.030333470611270567,0.35366941165093413,1.5415263380872842e-17,0.43782647698818383,0.24877566875766205
dim 121,121,0.26860073,SolventAccessibility_T13,-0.29884941833645756,8.74751132183059e-21,-0.09156079685754577,0.005033687610533458,4.6821615088003484e-20,0.010481618839888872,0.2072886214789118
dim 121,121,0.26860073,SolventAccessibility_T23,0.002587065758922728,0.9369644698570779,0.010552545733680568,0.7470012004563528,0.9483216149462547,0.793822465645631,-0.00796547997475784
dim 121,121,0.26860073,SolventAccessibility_group1_D0,0.18683343135113947,8.300790970175706e-09,0.20027167034035578,6.210680931624406e-10,2.337659514366514e-08,3.92872619538362e-09,-0.013438238989216311
dim 121,121,0.26860073,SolventAccessibility_group1_D25,0.14090349842039238,1.4980342865972673e-05,0.029339009163797974,0.36967903833393106,3.1232425201216435e-05,0.453277528647331,0.1115644892565944
dim 121,121,0.26860073,SolventAccessibility_group1_D50,0.14562994175559973,7.615090511221566e-06,0.009004547119049704,0.7831080901016961,1.629365938980143e-05,0.8254791710108866,0.13662539463655002
dim 121,121,0.26860073,SolventAccessibility_group1_D75,-0.0007925863628887091,0.9806699080855954,-0.15392107426133753,2.2063741798851323e-06,0.9850939828589138,8.53915383640364e-06,-0.15312848789844882
dim 121,121,0.26860073,SolventAccessibility_group1_D100,-0.0987184837568426,0.0024848838355942897,-0.10007430245461396,0.002162674307412149,0.004023030543327644,0.004831660325589684,-0.0013558186977713632
dim 121,121,0.26860073,SolventAccessibility_group2_D0,0.09620186662165922,0.0032015661865588533,0.1017526679621671,0.0018169066604069638,0.005123733139964815,0.004128209690992693,-0.00555080134050788
dim 121,121,0.26860073,SolventAccessibility_group2_D25,-0.13337050945937695,4.214558162532751e-05,0.14611326795837834,7.0974527052007266e-06,8.37395851449101e-05,2.5299351158346243e-05,-0.012742758499001389
dim 121,121,0.26860073,SolventAccessibility_group2_D50,-0.13904517653578144,1.9432006729082687e-05,-0.017385730740304937,0.595062006606457,3.999003086788822e-05,0.6662779423619063,0.1216594457954765
dim 121,121,0.26860073,SolventAccessibility_group2_D75,-0.17887012445178146,3.5376747817462036e-08,-0.049040210648308734,0.13360353196421496,9.467815521660513e-08,0.19168204328199226,0.12982991380347272
dim 121,121,0.26860073,SolventAccessibility_group2_D100,0.040953516963234134,0.21040306671608408,-0.10442541576531149,0.001369525720008417,0.25278641828479165,0.0032054771582537577,-0.06347189880207735
dim 121,121,0.26860073,SolventAccessibility_group3_D0,-0.0333607908617714,0.30767638411621895,0.09009195181568211,0.005785657282289104,0.35694307848147666,0.011826251727567691,-0.05673116095391071
dim 121,121,0.26860073,SolventAccessibility_group3_D25,-0.09492577362752037,0.0036326917785028216,-0.12348801658227115,0.00015095598422506517,0.005780462382181717,0.00042583867171597776,-0.02856224295475078
dim 121,121,0.26860073,SolventAccessibility_group3_D50,-0.038237258168353765,0.24227266294559902,0.01646263388677063,0.6147602870012373,0.28702645411376254,0.6839771347715299,0.021774624281583135
dim 121,121,0.26860073,SolventAccessibility_group3_D75,0.21722375514733575,1.8066532488706613e-11,0.21625313699677048,2.2303568089035493e-11,6.119900457634897e-11,1.662810656637914e-10,0.0009706181505652611
dim 121,121,0.26860073,SolventAccessibility_group3_D100,-0.19928094373838062,7.566607334476543e-10,-0.10669018695350325,0.0010723785696141,2.2974971361046957e-09,0.0025694005900366527,0.09259075678487737
dim 1023,1023,0.22621763,AAC_A,-0.36635954647204166,3.8704356382846472e-31,-0.3314182064617703,1.8583957286970817e-25,3.0274601948174995e-30,4.632120696901681e-24,0.03494134001027138
dim 1023,1023,0.22621763,AAC_C,-0.05338602776204678,0.10243661899735751,-0.0029926487313817933,0.9271078090576209,0.13143999517909108,0.9440670982476994,0.050393379030664986
dim 1023,1023,0.22621763,AAC_D,0.18025937000161163,2.7598111047322985e-08,0.05235944835401395,0.1092206648461617,7.43368474984345e-08,0.16098721120308035,0.12789992164759767
dim 1023,1023,0.22621763,AAC_E,0.4325118567026042,5.359808951102463e-44,0.2047709734376992,2.5009422320351205e-10,6.259357306532247e-43,1.6540885257420401e-09,0.22774088326490502
dim 1023,1023,0.22621763,AAC_F,0.22424523833669327,3.81954217759842e-12,0.15674244613471164,1.4256564740608591e-06,1.3471246962173942e-11,5.661941288184625e-06,0.06750279220198163
dim 1023,1023,0.22621763,AAC_G,-0.3790351979735719,2.21467518631711e-33,-0.32010392448424146,9.085309651250823e-24,1.8264234869874437e-32,1.9451880919985738e-22,0.058931273489330416
dim 1023,1023,0.22621763,AAC_H,0.4404252951731533,9.743413835843638e-46,0.2619239556074708,3.6512846544192566e-16,1.200848790100286e-44,4.2492302250035954e-15,0.17850133956568254
dim 1023,1023,0.22621763,AAC_I,0.26745838447379316,8.202588021819451e-17,0.1341683762899146,3.78684034353272e-05,3.7581130305729724e-16,0.00011851417031890766,0.13329000818387857
dim 1023,1023,0.22621763,AAC_K,0.3305297043538131,2.5373736294420274e-25,0.1303096863591179,6.318639890531227e-05,1.6050810458970399e-24,0.00018978648592063216,0.20022001799469522
dim 1023,1023,0.22621763,AAC_L,0.38566793492027746,1.3543795280171355e-34,0.2422765844016877,5.537048512418186e-14,1.136589855170159e-33,5.37608779984789e-13,0.14339135051858976
dim 1023,1023,0.22621763,AAC_M,0.24138322936714035,6.88658655622848e-14,0.10679545974733208,0.0010601356815160116,2.706023423270956e-13,0.002543716362258246,0.13458776961980828
dim 1023,1023,0.22621763,AAC_N,0.05256940785442298,0.10780505933775354,0.06571594900156055,0.044316570534809516,0.13758842116472939,0.07280735149348931,-0.01314654114713757
dim 1023,1023,0.22621763,AAC_P,-0.3198838174578605,9.783528487427419e-24,-0.051952361398999794,0.11200713515786373,5.824774536186735e-23,0.16436899447595116,0.2679314560588607
dim 1023,1023,0.22621763,AAC_Q,0.3439667335139984,2.046382985269329e-27,0.3505763420942747,1.7497449288790905e-28,1.389211213577146e-26,5.786285210352636e-27,-0.0066096085802762605
dim 1023,1023,0.22621763,AAC_R,-0.08898959876915438,0.0064148678978070955,-0.019397166568953683,0.553168224893488,0.00985994421476102,0.6280019956302686,0.0695924322002007
dim 1023,1023,0.22621763,AAC_S,-0.36510030099165797,6.384396458030998e-31,-0.10814876201950918,0.0009138332460101763,4.95904283019152e-30,0.0022149514090522415,0.2569515389721488
dim 1023,1023,0.22621763,AAC_T,-0.4461813489289844,4.93790329227122e-47,-0.20321550923803636,3.4332380903917293e-10,6.294884349689265e-46,2.2309368136008514e-09,0.24296583969094807
dim 1023,1023,0.22621763,AAC_V,-0.22802287386243844,1.6197754318230875e-12,-0.29490598609774904,2.9434698269049826e-20,5.86773312612702e-12,4.681518677077449e-19,-0.0668831122353106
dim 1023,1023,0.22621763,AAC_W,0.01759140454337562,0.5907125598147586,0.12104162522015104,0.00020412476750886253,0.6374733278776393,0.0005648522978289982,-0.10345022067677542
dim 1023,1023,0.22621763,AAC_Y,0.22319815790583944,4.831694758860357e-12,0.22142684868589926,7.171990154009172e-12,1.698722157325641e-11,5.596833437941737e-11,0.0017713092199401759
dim 1023,1023,0.22621763,Hydrophobicity_C1,0.5238506482038973,3.685635462176909e-67,0.33056888728042433,2.502819072172165e-25,9.325774578538541e-66,6.1017632854416286e-24,0.19328176092347293
dim 1023,1023,0.22621763,Hydrophobicity_C2,-0.538396507146234,1.5290051190458759e-71,-0.32482344835634047,1.8298095236675243e-24,4.8178085826539866e-70,3.9944861497055756e-23,0.21357305878989352
dim 1023,1023,0.22621763,Hydrophobicity_C3,0.4209601647033712,1.5427212780976454e-41,0.20758471908864337,1.4009195202134185e-10,1.6729509963786155e-40,9.60794907086821e-10,0.21337544561472785
dim 1023,1023,0.22621763,Hydrophobicity_T12,0.07978955027011776,0.014564521167425404,0.02520930548780004,0.4408487577062929,0.02134510781009252,0.5236254803481573,0.054580244782317724
dim 1023,1023,0.22621763,Hydrophobicity_T13,0.48297079874069293,6.36463266013969e-56,0.26495559092362975,1.618451804454152e-16,1.0736299537811396e-54,1.930581795313167e-15,0.21801520781706318
dim 1023,1023,0.22621763,Hydrophobicity_T23,-0.2552112226150497,2.1315638315202773e-15,-0.16796372916595065,2.3239066448809324e-07,9.092494504824682e-15,1.0574725059812417e-06,0.08724749344909905
dim 1023,1023,0.22621763,Hydrophobicity_group1_D0,-0.06226311804112249,0.0567531645880998,-0.0882819397919678,0.006850529469249008,0.07615732009813311,0.013627616692847937,-0.026018821750845314
dim 1023,1023,0.22621763,Hydrophobicity_group1_D25,-0.3605198729335966,3.8692152150016896e-30,-0.1331398907408198,4.34647070440397e-05,2.910625859933704e-29,0.00013466801625889853,0.2273799821927768
dim 1023,1023,0.22621763,Hydrophobicity_group1_D50,-0.1510071170826206,3.4359418040993926e-06,-0.020200619162250147,0.5368471136456854,7.5699509404300605e-06,0.6131351994819971,0.13080649792037047
dim 1023,1023,0.22621763,Hydrophobicity_group1_D75,-0.16555769886926572,3.4646688915195495e-07,-0.01967894389502924,0.5474167245975602,8.477651353608276e-07,0.6225304256574229,0.14587875497423647
dim 1023,1023,0.22621763,Hydrophobicity_group1_D100,0.18237176529520155,1.8849151234719623e-08,0.056090913503611846,0.08615699038791037,5.160341403603569e-08,0.13104023128215875,0.1262808517915897
dim 1023,1023,0.22621763,Hydrophobicity_group2_D0,0.17562882151715298,6.26689627762706e-08,0.07939861136505927,0.015056293105839677,1.6339916914343777e-07,0.027630779655771716,0.09623021015209371
dim 1023,1023,0.22621763,Hydrophobicity_group2_D25,0.3116285037186374,1.5043187961634643e-22,0.09755943861957767,0.0027944691505626235,8.51597420201012e-22,0.006120345549428959,0.2140690650990597
dim 1023,1023,0.22621763,Hydrophobicity_group2_D50,0.15591729252020828,1.6211864792674958e-06,0.04945714159455882,0.13032777170453386,3.6885305454723675e-06,0.1881135512070627,0.10646015092564945
dim 1023,1023,0.22621763,Hydrophobicity_group2_D75,0.16413240249204264,4.3776151880613224e-07,0.04347060449733677,0.18368067107480734,1.0579764636848638e-06,0.2533003473946559,0.12066179799470586
dim 1023,1023,0.22621763,Hydrophobicity_group2_D100,-0.05896034456111051,0.07123704921220857,0.033713585790707754,0.30258597331823317,0.09437990653263649,0.38368912334202687,0.025246758770402757
dim 1023,1023,0.22621763,Hydrophobicity_group3_D0,-0.2113591375952914,6.355445613036177e-11,-0.03743313720569579,0.2523263876632504,2.0954776256210097e-10,0.3311474007054052,0.1739260003895956
dim 1023,1023,0.22621763,Hydrophobicity_group3_D25,-0.28870711486342054,1.9088096954197858e-19,-0.10292738579253446,0.0016059120401252316,9.733472340003182e-19,0.003711935096206418,0.18577972907088608
dim 1023,1023,0.22621763,Hydrophobicity_group3_D50,-0.18509769831071715,1.1447784371380436e-08,-0.10094452110937259,0.001976516042765708,3.183646944247348e-08,0.004457504107250145,0.08415317720134456
dim 1023,1023,0.22621763,Hydrophobicity_group3_D75,-0.09889761758505528,0.002439934962452007,-0.08840139035507709,0.006775178455243552,0.0039560110556260695,0.013517978518825247,0.010496227229978186
dim 1023,1023,0.22621763,Hydrophobicity_group3_D100,0.022597622318410268,0.4896356874641523,0.05947408843110348,0.06880321727109645,0.5420560809182197,0.1076886711134435,-0.03687646611269321
dim 1023,1023,0.22621763,NormVanDerWaalsVolume_C1,-0.5706215316669759,4.7357210888775007e-82,-0.3748436286661142,1.252844384203959e-32,2.3965618843713412e-80,5.6547300584340855e-31,0.19577790300086173
dim 1023,1023,0.22621763,NormVanDerWaalsVolume_C2,0.4959824292053276,2.460548005552553e-59,0.28894521540422136,1.7780614513840403e-19,4.8628581884884774e-58,2.6512166284029888e-18,0.20703721380110623
dim 1023,1023,0.22621763,NormVanDerWaalsVolume_C3,0.49015469311875565,8.664708591992045e-58,0.3295644513003638,3.554749729891528e-25,1.5814276883745045e-56,8.541628847365254e-24,0.16059024181839182
dim 1023,1023,0.22621763,NormVanDerWaalsVolume_T12,-0.26645281954032846,1.0787229659870602e-16,-0.17862076182269304,3.698156655741628e-08,4.901951981492219e-16,1.8714913985116724e-07,0.08783205771763541
dim 1023,1023,0.22621763,NormVanDerWaalsVolume_T13,0.015965072790386906,0.6254953626607564,0.00048717229251995717,0.9881178153280052,0.6691718485864595,0.991085136094756,0.015477900497866948
dim 1023,1023,0.22621763,NormVanDerWaalsVolume_T23,0.5170477950731579,3.4992395772069736e-65,0.3491421734957795,2.998393369434329e-28,8.348185848479494e-64,9.62945562876025e-27,0.16790562157737843
dim 1023,1023,0.22621763,NormVanDerWaalsVolume_group1_D0,0.15086386954336914,3.5108342887260137e-06,0.048897100099571315,0.13474247459422045,7.724760556221927e-06,0.192901785317058,0.10196676944379782
dim 1023,1023,0.22621763,NormVanDerWaalsVolume_group1_D25,0.2628099537730882,2.88171492824538e-16,0.08197966683884295,0.012062466149077621,1.2816148948521397e-15,0.022736251093633888,0.18083028693424524
dim 1023,1023,0.22621763,NormVanDerWaalsVolume_group1_D50,0.11959717585475249,0.0002432971725400534,0.05332557231631718,0.10282663038766891,0.00044772041668527735,0.1530757480478418,0.06627160353843531
dim 1023,1023,0.22621763,NormVanDerWaalsVolume_group1_D75,0.1546573919097755,1.9701753514927833e-06,0.04416059686642053,0.17681383284613245,4.449212761315684e-06,0.24514661756167802,0.11049679504335498
dim 1023,1023,0.22621763,NormVanDerWaalsVolume_group1_D100,-0.09117765635248097,0.00522081877356928,-0.008017295445363505,0.8063872002039605,0.008140772504071614,0.8466938851559975,0.08316036090711747
dim 1023,1023,0.22621763,NormVanDerWaalsVolume_group2_D0,-0.07676557421679807,0.018765285561595596,-0.06561698375942905,0.044638086516381736,0.026980651646891646,0.0732995127653466,0.011148590457369018
dim 1023,1023,0.22621763,NormVanDerWaalsVolume_group2_D25,-0.2601065550431171,5.916829044260712e-16,-0.08234599795497148,0.011683333452658122,2.596873719820076e-15,0.02213405203169491,0.1777605570881456
dim 1023,1023,0.22621763,NormVanDerWaalsVolume_group2_D50,-0.12988473590318542,6.679408871915519e-05,-0.09374766431244028,0.004076822897793949,0.0001309226856349638,0.008678514008050855,0.03613707159074514
dim 1023,1023,0.22621763,NormVanDerWaalsVolume_group2_D75,-0.0019121647123566806,0.9533868797258676,0.01337701876922031,0.6825775711774879,0.9629005679723004,0.7428507943085074,-0.011464854056863628
dim 1023,1023,0.22621763,NormVanDerWaalsVolume_group2_D100,0.18890741338352024,5.630822679218068e-09,0.13644022276929443,2.7829904334207654e-05,1.603320353673346e-08,8.92052595741397e-05,0.052467190614225806
dim 1023,1023,0.22621763,NormVanDerWaalsVolume_group3_D0,-0.1708743913701611,1.4225740311730354e-07,-0.08890742943763691,0.006464144412931197,3.599543381907529e-07,0.012967112516030149,0.0819669619325242
dim 1023,1023,0.22621763,NormVanDerWaalsVolume_group3_D25,-0.17219910269895855,1.1346438133176503e-07,-0.10198834690943452,0.0017726388099610294,2.903992595004561e-07,0.004041374488238798,0.07021075578952403
dim 1023,1023,0.22621763,NormVanDerWaalsVolume_group3_D50,-0.08309037782395036,0.010945306026448845,-0.024806965198974636,0.44817828692776096,0.016312950525809524,0.5295623855377168,0.058283412624975724
dim 1023,1023,0.22621763,NormVanDerWaalsVolume_group3_D75,-0.11026526126345026,0.0007220174800585753,-0.06191295343870409,0.058162442962518435,0.0012520967722718802,0.09276468888460435,0.04835230782474618
dim 1023,1023,0.22621763,NormVanDerWaalsVolume_group3_D100,0.10351969845573683,0.0015082904323812354,0.045658023301362434,0.16257132997545928,0.0025113110888102326,0.22805050067956067,0.057861675154374397
dim 1023,1023,0.22621763,Polarity_C1,0.48556460015187825,1.3650479281196626e-56,0.29383587263373084,4.078047642216955e-20,2.3746146249581632e-55,6.424848643870108e-19,0.1917287275181474
dim 1023,1023,0.22621763,Polarity_C2,-0.5870702486879025,7.041466346827002e-88,-0.386030188311824,1.1605191186717034e-34,4.611470117333762e-86,6.15259342279919e-33,0.20104006037607847
dim 1023,1023,0.22621763,Polarity_C3,0.5708461562834269,3.9628635959552636e-82,0.37222605340554243,3.650138031757911e-32,2.0363022169985506e-80,1.5833066267625224e-30,0.1986201028778845
dim 1023,1023,0.22621763,Polarity_T12,-0.41664805824953466,1.2078659013816444e-40,-0.2759871045230895,7.666779390569921e-18,1.2686390284951863e-39,9.811127649235071e-17,0.14066095372644516
dim 1023,1023,0.22621763,Polarity_T13,0.5508107057576368,1.867822373043976e-75,0.33929133433951675,1.1249134079947021e-26,6.636730559539234e-74,2.9584336871671693e-25,0.21151937141812005
dim 1023,1023,0.22621763,Polarity_T23,-0.1355696055220589,3.133459142198251e-05,-0.12469704813664736,0.00012977562765244976,6.285737858824119e-05,0.000369838392797937,0.010872557385411541
dim 1023,1023,0.22621763,Polarity_group1_D0,-0.16206261804895114,6.126310082881923e-07,-0.03633861256744866,0.2664720801821155,1.452226804600825e-06,0.34496773170863015,0.12572400548150248
dim 1023,1023,0.22621763,Polarity_group1_D25,-0.23475211970859658,3.3825233385232084e-13,-0.08528197694454896,0.009006826174409897,1.2809101984883805e-12,0.017520558778409467,0.14947014276404763
dim 1023,1023,0.22621763,Polarity_group1_D50,-0.17160452597895756,1.256133163333877e-07,-0.1001395025342316,0.0021481892918026554,3.1953425480084914e-07,0.004802511535890809,0.07146502344472597
dim 1023,1023,0.22621763,Polarity_group1_D75,-0.16824498289092046,2.2170825614438044e-07,-0.1185551797542028,0.00027581306505189244,5.517925301954028e-07,0.000743515445741179,0.04968980313671767
dim 1023,1023,0.22621763,Polarity_group1_D100,0.03283054208437841,0.3154330879686603,0.02974221872231446,0.36313439740788694,0.36473508112811914,0.4467640075599455,0.003088323362063952
dim 1023,1023,0.22621763,Polarity_group2_D0,0.17950532979157566,3.158750355371851e-08,0.07968038238347773,0.014700402919402292,8.48088921779902e-08,0.027081823359516633,0.09982494740809793
dim 1023,1023,0.22621763,Polarity_group2_D25,0.3154384169466212,4.30753367529252e-23,0.1026477899495454,0.0016539820613251381,2.4934423701000026e-22,0.003812491431901975,0.21279062699707582
dim 1023,1023,0.22621763,Polarity_group2_D50,0.1777076535457414,4.348174021097449e-08,0.042064208040867974,0.19828424154177185,1.1553620708405314e-07,0.26954390181095567,0.13564344550487342
dim 1023,1023,0.22621763,Polarity_group2_D75,0.16263326494491762,5.586494212255887e-07,0.024883697908513455,0.4467751192607127,1.3346845972056266e-06,0.5287841595785898,0.13774956703640417
dim 1023,1023,0.22621763,Polarity_group2_D100,-0.03189142971770356,0.3294828182523441,0.029709399518348188,0.36366437549463276,0.37947331481476876,0.4472161318674792,0.002182030199355374
dim 1023,1023,0.22621763,Polarity_group3_D0,-0.07298592221679708,0.025474504084165808,-0.06883510926361935,0.035138328650581474,0.03599189663329687,0.0589462670481879,0.004150812953177721
dim 1023,1023,0.22621763,Polarity_group3_D25,-0.3702208475794756,8.226201651106431e-32,-0.1051674850682546,0.0012647022155576457,6.495393265885457e-31,0.0029747221126496734,0.265053362511221
dim 1023,1023,0.22621763,Polarity_group3_D50,-0.18175861524181214,2.106477125718129e-08,-0.013835684359683211,0.6723160466391718,5.743374367264123e-08,0.7333095286874268,0.16792293088212892
dim 1023,1023,0.22621763,Polarity_group3_D75,-0.16692471496963426,2.7632641146627834e-07,-0.026494213092344475,0.4179059464460138,6.821361524740353e-07,0.5013670478195711,0.14043050187728978
dim 1023,1023,0.22621763,Polarity_group3_D100,0.169119652206535,1.9142926018905612e-07,0.05991905609081223,0.06675072971636589,4.789316322332939e-07,0.10496583674795766,0.10920059611572276
dim 1023,1023,0.22621763,Polarizability_C1,-0.5628172482135351,2.123732100734325e-79,-0.3974895158249326,7.91702435714834e-37,8.650323434698349e-78,5.184874775073619e-35,0.1653277323886025
dim 1023,1023,0.22621763,Polarizability_C2,0.4318441534808992,7.480015223065803e-44,0.2914122271324541,8.490296525108755e-20,8.704965451233375e-43,1.3128514071232981e-18,0.1404319263484451
dim 1023,1023,0.22621763,Polarizability_C3,0.49015469311875565,8.664708591992045e-58,0.3295644513003638,3.554749729891528e-25,1.5814276883745045e-56,8.541628847365254e-24,0.16059024181839182
dim 1023,1023,0.22621763,Polarizability_T12,-0.4780062587110218,1.1684680394816478e-54,-0.2814129184337005,1.62411815882445e-18,1.867312560702729e-53,2.2051035164527084e-17,0.19659334027732134
dim 1023,1023,0.22621763,Polarizability_T13,-0.009328171195522934,0.7755180254504916,-0.048566778757625884,0.1373999264906106,0.8104600140815527,0.19636959969133053,-0.03923860756210295
dim 1023,1023,0.22621763,Polarizability_T23,0.5244302334629766,2.4885952562260288e-67,0.3717374096213907,4.4517778934640266e-32,6.393775504457643e-66,1.906274123611519e-30,0.1526928238415859
dim 1023,1023,0.22621763,Polarizability_group1_D0,0.12948222772467355,7.039000230200454e-05,0.0423213245864241,0.1955529536683114,0.00013740655037328765,0.2669173948721537,0.08716090313824945
dim 1023,1023,0.22621763,Polarizability_group1_D25,0.24532621667734864,2.6123689165538727e-14,0.05727476773002593,0.07972137342089626,1.0525105164402816e-13,0.12253538298471858,0.1880514489473227
dim 1023,1023,0.22621763,Polarizability_group1_D50,0.1718800784322434,1.1983440799801253e-07,0.011492902804384928,0.7253295489368405,3.0599917638636226e-07,0.776474581233669,0.16038717562785848
dim 1023,1023,0.22621763,Polarizability_group1_D75,0.16785631051035957,2.3660019711250322e-07,0.03634602790611973,0.2663744466092102,5.871059868913527e-07,0.34496773170863015,0.13151028260423983
dim 1023,1023,0.22621763,Polarizability_group1_D100,-0.030918425124903007,0.3444599326852138,0.0010111446628606568,0.9753410830908111,0.3957675181178583,0.9818080824361992,0.02990728046204235
dim 1023,1023,0.22621763,Polarizability_group2_D0,-0.0047489744137263175,0.884572670178929,-0.05431197074152301,0.09660877559287168,0.9048921036439886,0.1446965517848392,-0.04956299632779669
dim 1023,1023,0.22621763,Polarizability_group2_D25,-0.18050518832180232,2.6406467014073292e-08,-0.03218912779186428,0.32498589428027663,7.124200309128012e-08,0.4074522848709174,0.14831606052993804
dim 1023,1023,0.22621763,Polarizability_group2_D50,-0.23793422474250453,1.5854091747058106e-13,-0.07345348577518039,0.024545520312231915,6.114626609142502e-13,0.04294501720421928,0.16448073896732412
dim 1023,1023,0.22621763,Polarizability_group2_D75,-0.06847668947769477,0.03610303927519394,0.004602330435669993,0.8881131687592903,0.04980757999964798,0.9110287326529428,0.06387435904202478
dim 1023,1023,0.22621763,Polarizability_group2_D100,0.01779289281982296,0.5864658423679325,0.06971258901779358,0.03286883165759992,0.6341197518643233,0.05550146498300492,-0.05191969619797061
dim 1023,1023,0.22621763,Polarizability_group3_D0,-0.1708743913701611,1.4225740311730354e-07,-0.08890742943763691,0.006464144412931197,3.599543381907529e-07,0.012967112516030149,0.0819669619325242
dim 1023,1023,0.22621763,Polarizability_group3_D25,-0.17219910269895855,1.1346438133176503e-07,-0.10198834690943452,0.0017726388099610294,2.903992595004561e-07,0.004041374488238798,0.07021075578952403
dim 1023,1023,0.22621763,Polarizability_group3_D50,-0.08309037782395036,0.010945306026448845,-0.024806965198974636,0.44817828692776096,0.016312950525809524,0.5295623855377168,0.058283412624975724
dim 1023,1023,0.22621763,Polarizability_group3_D75,-0.11026526126345026,0.0007220174800585753,-0.06191295343870409,0.058162442962518435,0.0012520967722718802,0.09276468888460435,0.04835230782474618
dim 1023,1023,0.22621763,Polarizability_group3_D100,0.10351969845573683,0.0015082904323812354,0.045658023301362434,0.16257132997545928,0.0025113110888102326,0.22805050067956067,0.057861675154374397
dim 1023,1023,0.22621763,Charge_C1,0.3045961670011196,1.4427287382724249e-21,0.12865819768295264,7.832971906727151e-05,7.978003287797846e-21,0.00023172830972957204,0.17593796931816694
dim 1023,1023,0.22621763,Charge_C2,-0.4187273552984662,4.494541602855973e-41,-0.18644456529278605,8.922993146930876e-09,4.796092317424584e-40,4.950630749293875e-08,0.23228279000568017
dim 1023,1023,0.22621763,Charge_C3,0.3991796112957258,3.7309006902117075e-37,0.17276509761993308,1.0295919959550664e-07,3.44232273627268e-36,4.926700954856621e-07,0.22641451367579274
dim 1023,1023,0.22621763,Charge_T12,0.23316764973499768,4.912729563434702e-13,0.09678775011576778,0.003019677729152808,1.8395198141112e-12,0.006570503983954644,0.13637989961922992
dim 1023,1023,0.22621763,Charge_T13,0.3523019744450169,9.118340815888671e-29,0.14776992291236102,5.5663676042972e-06,6.563633259712965e-28,2.0164498696694842e-05,0.20453205153265586
dim 1023,1023,0.22621763,Charge_T23,0.3460208374822413,9.589796424497486e-28,0.12048884806705372,0.00021835935049439731,6.563508208570001e-27,0.0006017493652238342,0.22553198941518754
dim 1023,1023,0.22621763,Charge_group1_D0,-0.092691078488187,0.004516391700455183,-0.0806956423599807,0.01347872340052367,0.007085367909591504,0.025024422544607593,0.011995436128206305
dim 1023,1023,0.22621763,Charge_group1_D25,-0.15130343431707055,3.285846629530021e-06,-0.07128948316919323,0.029104557902303763,7.263221537147763e-06,0.0499020653971738,0.08001395114787732
dim 1023,1023,0.22621763,Charge_group1_D50,-0.0400904632127973,0.2201828200294304,-0.019725736375747573,0.5464644867498158,0.2633049118862505,0.6218710002536235,0.020364726837049728
dim 1023,1023,0.22621763,Charge_group1_D75,-0.0734291184494989,0.024593200775384842,-0.006262005743216059,0.8481896144326169,0.03484993236732514,0.8776187460362269,0.06716711270628284
dim 1023,1023,0.22621763,Charge_group1_D100,0.08129847687788605,0.012796496116547616,0.04714235427566273,0.1493237022262937,0.01886156091318139,0.21142058729793176,0.03415612260222332
dim 1023,1023,0.22621763,Charge_group2_D0,-0.05759241469372828,0.07806263146633609,-0.0794557000542954,0.014983581373213116,0.10256852442862413,0.027512458376323146,-0.021863285360567128
dim 1023,1023,0.22621763,Charge_group2_D25,0.12144459111863859,0.00019430155631848062,0.01237480928331745,0.7052022546855056,0.00036255150732051694,0.7588194364206149,0.10906978183532114
dim 1023,1023,0.22621763,Charge_group2_D50,-0.04326417472522393,0.18577290828293166,-0.05479644154266014,0.09366679427323617,0.22579385504548463,0.14104918524463878,-0.011532266817436208
dim 1023,1023,0.22621763,Charge_group2_D75,-0.001674968170855138,0.959163654226455,-0.027417273377958518,0.40186643178949927,0.9681494726855121,0.48596447580627355,-0.02574230520710338
dim 1023,1023,0.22621763,Charge_group2_D100,-0.11936153229075916,0.00025031979866864466,0.0017843758345978458,0.9564988140918462,0.0004601365589175967,0.9668993714411263,0.11757715645616132
dim 1023,1023,0.22621763,Charge_group3_D0,-0.05740206837604887,0.07905321095174352,-0.08448194158879554,0.009675796806580428,0.10378841374953747,0.01869124426488064,-0.027079873212746672
dim 1023,1023,0.22621763,Charge_group3_D25,-0.13936704400694794,1.8580125882058797e-05,-0.00201189224938315,0.9509587898604851,3.837824393696746e-05,0.963653628074642,0.1373551517575648
dim 1023,1023,0.22621763,Charge_group3_D50,-0.007031589593321666,0.829802011161048,0.006756970704885642,0.8363533336954168,0.8593918503187288,0.8690427325455886,0.00027461888843602345
dim 1023,1023,0.22621763,Charge_group3_D75,0.03722327680156611,0.2549973271031883,0.0274234359726517,0.40176060217117926,0.29999685541551563,0.48596447580627355,0.00979984082891441
dim 1023,1023,0.22621763,Charge_group3_D100,0.15202566033767917,2.94585934268289e-06,0.057057177647330475,0.08087404413119101,6.542001465798439e-06,0.12407868966383923,0.09496848269034869
dim 1023,1023,0.22621763,SecondaryStructure_C1,0.43759360867759467,4.138040129142973e-45,0.19993968778530113,6.636303843775459e-10,4.989550191818603e-44,4.190029269982994e-09,0.23765392089229354
dim 1023,1023,0.22621763,SecondaryStructure_C2,-0.15509755699216862,1.840770527132285e-06,-0.03854045086617949,0.2385559520705211,4.171081113040592e-06,0.31618130155378593,0.11655710612598913
dim 1023,1023,0.22621763,SecondaryStructure_C3,-0.48211187095737,1.056630962826431e-55,-0.24473891546642101,3.021411518536935e-14,1.7645737079201398e-54,3.058034688458595e-13,0.237372955490949
dim 1023,1023,0.22621763,SecondaryStructure_T12,0.41286323812454184,7.17469708731144e-40,0.23980515766160823,1.0101858573940517e-13,7.373381006652371e-39,9.558132475059866e-13,0.1730580804629336
dim 1023,1023,0.22621763,SecondaryStructure_T13,0.15968848622046686,8.961398467638859e-07,-0.03100846672348882,0.34305601512533723,2.0989530772730564e-06,0.4270619047777214,0.12868001949697805
dim 1023,1023,0.22621763,SecondaryStructure_T23,-0.43646921010009965,7.320629755990278e-45,-0.2178908345650549,1.5622059968779965e-11,8.763764654124561e-44,1.1994869033500018e-10,0.21857837553504475
dim 1023,1023,0.22621763,SecondaryStructure_group1_D0,-0.1324056330481801,4.792991110174915e-05,-0.1123901345315322,0.0005675910534622886,9.483762030796336e-05,0.001426451556481598,0.020015498516647898
dim 1023,1023,0.22621763,SecondaryStructure_group1_D25,0.016734972204922538,0.6089189815538778,-0.009396101695014914,0.7739275167937805,0.6539515750450007,0.8174945939567447,0.007338870509907624
dim 1023,1023,0.22621763,SecondaryStructure_group1_D50,0.07072505553152285,0.030407024617589526,-0.023045692335403226,0.4810647667179112,0.042493498837970295,0.5610182684489607,0.04767936319611962
dim 1023,1023,0.22621763,SecondaryStructure_group1_D75,0.07895652273838286,0.015629947701598645,-0.0355565300281715,0.276907546970608,0.02280647676860615,0.3561306148948135,0.04339999271021135
dim 1023,1023,0.22621763,SecondaryStructure_group1_D100,0.11210671661721876,0.0005862451195406881,0.0061673452976837104,0.8504572496822536,0.0010285794989042304,0.8792217733460023,0.10593937131953504
dim 1023,1023,0.22621763,SecondaryStructure_group2_D0,-0.08990530381038979,0.005888122925191511,-0.04428535222324579,0.17559291804059424,0.009104782671360948,0.24396021058884557,0.045619951587144
dim 1023,1023,0.22621763,SecondaryStructure_group2_D25,0.015333641050712723,0.6392335064290783,-0.02996513821825608,0.3595473845057161,0.6825575164556015,0.44329577860800734,-0.014631497167543356
dim 1023,1023,0.22621763,SecondaryStructure_group2_D50,-0.06001923176548536,0.06629566312267214,-0.047553042639106965,0.14580769759669296,0.08828848278697167,0.2069177250485171,0.012466189126378396
dim 1023,1023,0.22621763,SecondaryStructure_group2_D75,-0.1646134830347543,4.046222713525675e-07,-0.06742146281844726,0.039075114330688755,9.84295984207994e-07,0.06499545909586675,0.09719202021630703
dim 1023,1023,0.22621763,SecondaryStructure_group2_D100,-0.07557872416758482,0.020683038026635944,-0.03023015056560104,0.3553120758320956,0.029559840397502805,0.4395341975108146,0.045348573601983785
dim 1023,1023,0.22621763,SecondaryStructure_group3_D0,0.13784649429252532,2.2942815854667544e-05,0.07843762931171624,0.016327681926605244,4.6782054306831256e-05,0.029783974677696078,0.05940886498080908
dim 1023,1023,0.22621763,SecondaryStructure_group3_D25,0.05989359026413327,0.06686682144671899,0.04857663903726983,0.13732002001521623,0.08897816080957825,0.19633941217929032,0.011316951226863436
dim 1023,1023,0.22621763,SecondaryStructure_group3_D50,-0.05310706644555104,0.1042461008155891,0.044051757589864134,0.17788413392450114,0.1336374798110508,0.24642596736119196,0.009055308855686908
dim 1023,1023,0.22621763,SecondaryStructure_group3_D75,0.05901491830355407,0.07097520980627248,0.1155013559823535,0.00039606437964723044,0.09410766206945219,0.001042438950371749,-0.056486437678799434
dim 1023,1023,0.22621763,SecondaryStructure_group3_D100,-0.09759339285741411,0.002784921176356155,-0.026055749806550444,0.4256549299178123,0.004484877882849353,0.509565399973295,0.07153764305086367
dim 1023,1023,0.22621763,SolventAccessibility_C1,-0.20272177993954657,3.7944798013215685e-10,-0.31623491493676764,3.3089158663392516e-23,1.1756551518009314e-09,6.822085798501914e-22,-0.11351313499722107
dim 1023,1023,0.22621763,SolventAccessibility_C2,0.5238506482038973,3.685635462176909e-67,0.33056888728042433,2.502819072172165e-25,9.325774578538541e-66,6.1017632854416286e-24,0.19328176092347293
dim 1023,1023,0.22621763,SolventAccessibility_C3,-0.35097476595672844,1.5058321107746772e-28,-0.021545709541801236,0.5100755377047733,1.0723836353917744e-27,0.5878717377273786,0.3294290564149272
dim 1023,1023,0.22621763,SolventAccessibility_T12,0.42848365131696736,3.958541431365301e-43,0.15354464644534604,2.3373850699187205e-06,4.497118496857179e-42,8.963106927128044e-06,0.2749390048716213
dim 1023,1023,0.22621763,SolventAccessibility_T13,-0.37501690333720944,1.1668204695199349e-32,-0.17225993142492166,1.1228751280541254e-07,9.390796067943573e-32,5.312185450001103e-07,0.20275697191228778
dim 1023,1023,0.22621763,SolventAccessibility_T23,0.14471463200690493,8.695724778292606e-06,0.1842193092928535,1.3454386336882139e-08,1.8463903852191547e-05,7.260155481627054e-08,-0.03950467728594856
dim 1023,1023,0.22621763,SolventAccessibility_group1_D0,-0.01718779025982036,0.5992616454537446,-0.04252632194291269,0.19339512329487402,0.6456560954243571,0.2644043028263935,-0.02533853168309233
dim 1023,1023,0.22621763,SolventAccessibility_group1_D25,0.17599268386452305,5.8803402512980235e-08,0.0621928457386172,0.05703368544297213,1.5368025382891547e-07,0.09153892810164677,0.11379983812590586
dim 1023,1023,0.22621763,SolventAccessibility_group1_D50,0.17664155985075852,5.2474879578915517e-08,0.03414335358212114,0.296460915504701,1.3800480141226601e-07,0.37678061559577675,0.14249820626863738
dim 1023,1023,0.22621763,SolventAccessibility_group1_D75,0.20151729720315664,4.838229064262209e-10,0.08114486322378348,0.012967379688364693,1.4893718962797953e-09,0.02423673651882377,0.12037243397937317
dim 1023,1023,0.22621763,SolventAccessibility_group1_D100,-0.053805707248144256,0.09976147131782241,-0.047549986035191616,0.14583363016892492,0.12835258636422453,0.2069177250485171,0.0062557212129526404
dim 1023,1023,0.22621763,SolventAccessibility_group2_D0,-0.06226311804112249,0.0567531645880998,-0.0882819397919678,0.006850529469249008,0.07615732009813311,0.013627616692847937,-0.026018821750845314
dim 1023,1023,0.22621763,SolventAccessibility_group2_D25,-0.3605198729335966,3.8692152150016896e-30,-0.1331398907408198,4.34647070440397e-05,2.910625859933704e-29,0.00013466801625889853,0.2273799821927768
dim 1023,1023,0.22621763,SolventAccessibility_group2_D50,-0.1510071170826206,3.4359418040993926e-06,-0.020200619162250147,0.5368471136456854,7.5699509404300605e-06,0.6131351994819971,0.13080649792037047
dim 1023,1023,0.22621763,SolventAccessibility_group2_D75,-0.16555769886926572,3.4646688915195495e-07,-0.01967894389502924,0.5474167245975602,8.477651353608276e-07,0.6225304256574229,0.14587875497423647
dim 1023,1023,0.22621763,SolventAccessibility_group2_D100,0.18237176529520155,1.8849151234719623e-08,0.056090913503611846,0.08615699038791037,5.160341403603569e-08,0.13104023128215875,0.1262808517915897
dim 1023,1023,0.22621763,SolventAccessibility_group3_D0,-0.19443672564274786,1.9584595641877176e-09,-0.09584190518033538,0.0033182040672351237,5.7632202153189225e-09,0.00717798030088427,0.09859482046241248
dim 1023,1023,0.22621763,SolventAccessibility_group3_D25,0.024039475782064883,0.46234969512758517,0.015854778537003983,0.6278858867215734,0.5149209675645663,0.6948770250662873,0.0081846972450609
dim 1023,1023,0.22621763,SolventAccessibility_group3_D50,-0.09446575994451338,0.0038006009820077966,-0.046421919670382214,0.15564705127568285,0.006033273422008574,0.21944328883950218,0.04804384027413117
dim 1023,1023,0.22621763,SolventAccessibility_group3_D75,-0.04621270885706419,0.15752081462660034,-0.10041504659977352,0.002087949227827515,0.19449889865169875,0.0046835127071483545,-0.05420233774270933
dim 1023,1023,0.22621763,SolventAccessibility_group3_D100,-0.1324325973978264,4.775852405193825e-05,-0.016029025931577165,0.6241110350474293,9.455451709156715e-05,0.6913866855915136,0.11640357146624923
dim 46,46,0.20575878,AAC_A,0.14494149300181894,8.415006328586569e-06,0.025298015467488534,0.43924198527221125,1.7901987985655503e-05,0.5220883383662582,0.11964347753433041
dim 46,46,0.20575878,AAC_C,0.21042713765120213,7.735891368403237e-11,0.21653448183752455,2.0984408927782118e-11,2.5281680205936217e-10,1.567962546281706e-10,-0.0061073441863224165
dim 46,46,0.20575878,AAC_D,-0.3301936652070975,2.8537743795632283e-25,-0.22959971537032806,1.1271229458216929e-12,1.7950294590849683e-24,9.579111040825583e-12,0.10059394983676942
dim 46,46,0.20575878,AAC_E,-0.5630047728880038,1.8374242710590933e-79,-0.32318676655177775,3.1999850985875184e-24,7.576539586836262e-78,6.94022742161189e-23,0.23981800633622602
dim 46,46,0.20575878,AAC_F,-0.23296798320658355,5.148296113967191e-13,-0.16059378376302305,7.75664278752097e-07,1.921263577726304e-12,3.1905402598916303e-06,0.0723741994435605
dim 46,46,0.20575878,AAC_G,0.3403791539800582,7.586467645109401e-27,0.2776512640182612,4.7806149993950864e-18,5.0677603869330805e-26,6.237208632023276e-17,0.06272788996179701
dim 46,46,0.20575878,AAC_H,-0.4751172120628686,6.217057244908589e-54,-0.25264671784955334,4.1267306531964965e-15,9.703257569156396e-53,4.489667876767524e-14,0.22247049421331527
dim 46,46,0.20575878,AAC_I,-0.20312605398524797,3.496102536257525e-10,0.014690824706986568,0.6533474046299426,1.089270752901132e-09,0.7180586809687424,0.1884352292782614
dim 46,46,0.20575878,AAC_K,-0.39137342504989986,1.1622077462216027e-35,-0.1407134611876221,1.5386598803152762e-05,1.0296482420106508e-34,5.159763052462874e-05,0.25065996386227773
dim 46,46,0.20575878,AAC_L,-0.45032587185616135,5.565179430464699e-48,-0.30304099499530923,2.359020868930249e-21,7.289293842255723e-47,4.2360912377564687e-20,0.14728487686085212
dim 46,46,0.20575878,AAC_M,-0.22277833143877435,5.3074835375601474e-12,-0.025729704195132458,0.4314710474980247,1.8601253951155188e-11,0.514315952406639,0.1970486272436419
dim 46,46,0.20575878,AAC_N,0.19933592743665363,7.484332752984974e-10,0.29667210866474086,1.713400939991095e-20,2.274583384437654e-09,2.805274088024636e-19,-0.09733618122808724
dim 46,46,0.20575878,AAC_P,0.326006950929631,1.21884051309363e-24,-0.07957555559069537,0.014831929979830672,7.497103708531721e-24,0.027263976957971628,0.24643139533893563
dim 46,46,0.20575878,AAC_Q,-0.05647902024864357,0.08400254259953313,0.02759667498234323,0.3987924227456501,0.10955427266007055,0.4835557236680047,0.02888234526630034
dim 46,46,0.20575878,AAC_R,-0.04688421851595543,0.1515665027059906,-0.21693259502821433,1.9247209678709657e-11,0.18763236435804617,1.4577251774805048e-10,-0.1700483765122589
dim 46,46,0.20575878,AAC_S,0.6325038767117297,7.580142058976064e-106,0.4419472199240554,4.4532586364364925e-46,7.672022568781834e-104,4.64808870178059e-44,0.1905566567876743
dim 46,46,0.20575878,AAC_T,0.559189927158638,3.433356158930344e-78,0.2815773819034069,1.548650585250597e-18,1.3031147239576534e-76,2.1115564430060287e-17,0.2776125452552311
dim 46,46,0.20575878,AAC_V,-0.053831065617830756,0.09960162968878968,-0.05198049000368977,0.11181281446304399,0.1281963172102341,0.16422814437403999,0.0018505756141409882
dim 46,46,0.20575878,AAC_W,0.01676014014160194,0.6083804087020793,-0.13639592977148846,2.7998834577629256e-05,0.653583327457364,8.957481560276026e-05,-0.11963578962988652
dim 46,46,0.20575878,AAC_Y,-0.049729331070930326,0.12822302212806932,0.007134414648480708,0.8273520221867282,0.16112298491638508,0.8624054276734592,0.04259491642244962
dim 46,46,0.20575878,Hydrophobicity_C1,-0.5285777875036713,1.464682217835915e-68,-0.25767818330933634,1.1211663264599235e-15,4.009867711124554e-67,1.2650998413432921e-14,0.270899604194335
dim 46,46,0.20575878,Hydrophobicity_C2,0.5915068257557728,1.651861447274036e-89,0.31767781562534564,2.0478588578444488e-23,1.1738760072117617e-87,4.301791563019156e-22,0.2738290101304272
dim 46,46,0.20575878,Hydrophobicity_C3,-0.5237238434683461,4.015910320473395e-67,-0.28674872673785146,3.4127945201133367e-19,1.0085068022842962e-65,4.934516752025344e-18,0.23697511673049465
dim 46,46,0.20575878,Hydrophobicity_T12,-0.07044548040224974,0.03107047484074023,0.011099897235434008,0.7343612841377309,0.04335307849764802,0.7831311267624589,0.05934558316681573
dim 46,46,0.20575878,Hydrophobicity_T13,-0.5275711267847665,2.9234745279988514e-68,-0.24142901675025807,6.810175183892976e-14,7.811523938812931e-67,6.55503893781053e-13,0.2861421100345084
dim 46,46,0.20575878,Hydrophobicity_T23,0.17798195972165382,4.1420925256697004e-08,0.030873977247627922,0.3451543059769835,1.1023576920905816e-07,0.4290343810804335,0.1471079824740259
dim 46,46,0.20575878,Hydrophobicity_group1_D0,0.04785492952144069,0.14326377892269862,0.09251393466135209,0.004594149004452162,0.1786118035094488,0.009650602311239133,-0.044659005139911404
dim 46,46,0.20575878,Hydrophobicity_group1_D25,0.48375675595095485,3.997393241904625e-56,0.233052381501859,5.047401944640667e-13,6.777306308609873e-55,4.401650782010399e-12,0.2507043744490959
dim 46,46,0.20575878,Hydrophobicity_group1_D50,0.23688615351113662,2.0373475597621733e-13,0.09215346098731995,0.004756128104488951,7.812561250982386e-13,0.009953300669795172,0.14473269252381665
dim 46,46,0.20575878,Hydrophobicity_group1_D75,0.25169309412929886,5.2659536050829066e-15,0.08498069475539842,0.00925375140766732,2.1875976419125506e-14,0.017927801451049215,0.16671239937390042
dim 46,46,0.20575878,Hydrophobicity_group1_D100,-0.2316933605629404,6.935385772685513e-13,-0.07867394594219419,0.016006598382926722,2.56809184930927e-12,0.029214228742609424,0.1530194146207462
dim 46,46,0.20575878,Hydrophobicity_group2_D0,-0.19308995834845302,2.5402664142862236e-09,-0.07114550900822048,0.029432151774775626,7.41003478053798e-09,0.050411993296282355,0.12194444934023255
dim 46,46,0.20575878,Hydrophobicity_group2_D25,-0.4202733717934131,2.145383173115891e-41,-0.17610550357785867,5.765242347476885e-08,2.311477354260347e-40,2.835921861645478e-07,0.24416786821555445
dim 46,46,0.20575878,Hydrophobicity_group2_D50,-0.1477030812891167,5.62149666370391e-06,0.0075754690045208364,0.8168624240057095,1.2168372557855517e-05,0.8536672391048404,0.14012761228459586
dim 46,46,0.20575878,Hydrophobicity_group2_D75,-0.25961581405953893,6.736251877298247e-16,-0.1383262816555658,2.1470757269338642e-05,2.9458905028369747e-15,7.030620517606967e-05,0.12128953240397314
dim 46,46,0.20575878,Hydrophobicity_group2_D100,0.17076455344454602,1.4493870591803447e-07,0.08694230321873392,0.007748547956699465,3.664612246527139e-07,0.015277538474248061,0.0838222502258121
dim 46,46,0.20575878,Hydrophobicity_group3_D0,0.3877718897494305,5.507042798239506e-35,0.2352407751688939,3.0131090571297336e-13,4.740598697453595e-34,2.7190351418003073e-12,0.1525311145805366
dim 46,46,0.20575878,Hydrophobicity_group3_D25,0.2749937508737078,1.014816481533658e-17,-0.0018724135700840042,0.9543548318442455,4.8699526556356573e-17,0.9659374623310901,0.2731213373036238
dim 46,46,0.20575878,Hydrophobicity_group3_D50,0.15228135074871205,2.833778484179275e-06,0.024939424792671173,0.4457576395399958,6.3014781206117035e-06,0.5281413678834997,0.12734192595604088
dim 46,46,0.20575878,Hydrophobicity_group3_D75,0.06494247238228211,0.04688215347272327,0.04587145032619038,0.16061379008662388,0.06362714043027051,0.2255887547894549,0.01907102205609173
dim 46,46,0.20575878,Hydrophobicity_group3_D100,0.09589791001072451,0.003299806687921098,0.09226307504795359,0.004706335201152386,0.0052758996350677195,0.009867645682265518,0.003634834962770922
dim 46,46,0.20575878,NormVanDerWaalsVolume_C1,0.5806831388890069,1.4127447733869713e-85,0.30409660282920803,1.690140139415839e-21,7.9975721069703135e-84,3.10168575035654e-20,0.2765865360597989
dim 46,46,0.20575878,NormVanDerWaalsVolume_C2,-0.47373802976279294,1.3731170465562066e-53,-0.1573182213958639,1.3028534942014944e-06,2.123245803471171e-52,5.211413976805978e-06,0.31641980836692907
dim 46,46,0.20575878,NormVanDerWaalsVolume_C3,-0.5358626831474796,9.187469586046056e-71,-0.3550676607468216,3.1810985514060235e-29,2.7896498561267114e-69,1.0953473362573318e-27,0.18079502240065803
dim 46,46,0.20575878,NormVanDerWaalsVolume_T12,0.30067235881851545,4.960241900409807e-21,0.21411647875179088,3.534036232064436e-11,2.689481809637785e-20,2.577222929060091e-10,0.08655588006672457
dim 46,46,0.20575878,NormVanDerWaalsVolume_T13,-0.12762723379175298,8.945584774180052e-05,-0.16116619343007152,7.076983813878846e-07,0.00017280655376380205,2.929011888272038e-06,-0.033538959638318544
dim 46,46,0.20575878,NormVanDerWaalsVolume_T23,-0.4977188652451364,8.401624242497361e-60,-0.2593690016676902,7.189582056338786e-16,1.680324848499472e-58,8.309067151616452e-15,0.2383498635774462
dim 46,46,0.20575878,NormVanDerWaalsVolume_group1_D0,-0.170693324223392,1.4670352953799266e-07,-0.037102430567563474,0.2565442385240681,3.7064280533804497e-07,0.3354963808419685,0.13359089365582855
dim 46,46,0.20575878,NormVanDerWaalsVolume_group1_D25,-0.3304647365756587,2.5957103327888127e-25,-0.10908923145227799,0.0008234179534887726,1.6388794917797041e-24,0.002010391787026682,0.22137550512338072
dim 46,46,0.20575878,NormVanDerWaalsVolume_group1_D50,-0.07168583614220961,0.028218848602490357,0.043068540580102746,0.18777191475654675,0.0396846123504496,0.25787754740413904,0.028617295562106862
dim 46,46,0.20575878,NormVanDerWaalsVolume_group1_D75,-0.2276512757935524,1.7635909251198655e-12,-0.10918124382017462,0.0008150321627797374,6.36799317827065e-12,0.0019913733896739744,0.11847003197337778
dim 46,46,0.20575878,NormVanDerWaalsVolume_group1_D100,0.13584900614068435,3.01666134224123e-05,0.03728842073443311,0.2541661334688873,6.062363948908369e-05,0.3330562746066936,0.09856058540625123
dim 46,46,0.20575878,NormVanDerWaalsVolume_group2_D0,0.041464044074315955,0.20476781280876685,0.017282017627550567,0.5972607815614351,0.2466597580696875,0.6682917957839843,0.024182026446765387
dim 46,46,0.20575878,NormVanDerWaalsVolume_group2_D25,0.3341128272726288,7.181855107358523e-26,0.12128145955049886,0.00019822358782658158,4.639728444599123e-25,0.0005494330152205663,0.21283136772212996
dim 46,46,0.20575878,NormVanDerWaalsVolume_group2_D50,0.10074127880426503,0.0020186294897953025,0.04676955776370872,0.15257090544382296,0.0033012939884008957,0.21556978259246148,0.053971721040556316
dim 46,46,0.20575878,NormVanDerWaalsVolume_group2_D75,0.046591846191220976,0.154137601026848,0.044512955910586974,0.17338167491475903,0.190673921270249,0.24149073987293376,0.002078890280634002
dim 46,46,0.20575878,NormVanDerWaalsVolume_group2_D100,-0.06656770597127885,0.04162922445378024,0.053951387762752,0.09884598017727998,0.05682125446490642,0.14771614039915668,0.012616318208526857
dim 46,46,0.20575878,NormVanDerWaalsVolume_group3_D0,0.21813659540984512,1.480561029351059e-11,0.1346552841599666,3.54639141216177e-05,5.043348460630978e-11,0.0001116394657551396,0.08348131124987851
dim 46,46,0.20575878,NormVanDerWaalsVolume_group3_D25,0.09836355141784613,0.0025761860710782646,-0.02901758103157869,0.3749483396603997,0.004164792583446953,0.4583910847129399,0.06934597038626744
dim 46,46,0.20575878,NormVanDerWaalsVolume_group3_D50,0.07994375212787135,0.014374469570159858,-0.003989404894587781,0.9029346752597678,0.021075824567310764,0.9236759005720135,0.07595434723328356
dim 46,46,0.20575878,NormVanDerWaalsVolume_group3_D75,0.1288471002261937,7.643822637400217e-05,0.07633193152363381,0.019447178486738725,0.00014843236981928332,0.03480899043178314,0.052515168702559886
dim 46,46,0.20575878,NormVanDerWaalsVolume_group3_D100,-0.1464394099130191,6.767332339160915e-06,-0.08990392043859882,0.005888888424077879,1.4535620587008012e-05,0.011985915500560704,0.056535489474420275
dim 46,46,0.20575878,Polarity_C1,-0.5177601485003658,2.1827369956264073e-65,-0.27095430568866163,3.136517368085578e-17,5.3214172010162046e-64,3.865670852179273e-16,0.24680584281170415
dim 46,46,0.20575878,Polarity_C2,0.6096877647559485,1.8511269397469997e-96,0.3294692983379785,3.674640882486803e-25,1.5853240971166612e-94,8.766643248218516e-24,0.28021846641797005
dim 46,46,0.20575878,Polarity_C3,-0.5831283091399804,1.8822034090398908e-86,-0.30236394718342235,2.9194223195370867e-21,1.143010797489679e-84,5.186633269815888e-20,0.280764361956558
dim 46,46,0.20575878,Polarity_T12,0.3545563319651019,3.8678859531194643e-29,0.13748131552957366,2.4126983231065765e-05,2.808421539873698e-28,7.823701358423267e-05,0.21707501643552823
dim 46,46,0.20575878,Polarity_T13,-0.5771691876433906,2.4842088950556863e-84,-0.2842534839149798,7.108257999005058e-19,1.3382673724977405e-82,1.0102800730500806e-17,0.29291570372841086
dim 46,46,0.20575878,Polarity_T23,0.10630710396803446,0.0011180404064774368,0.09454602289340903,0.003770806425321321,0.001894288186240415,0.008078571815633876,0.011761081074625424
dim 46,46,0.20575878,Polarity_group1_D0,0.26440548896934696,1.8773890261922377e-16,0.13844255328235225,2.112777813322915e-05,8.405468294211896e-16,6.93190363113805e-05,0.1259629356869947
dim 46,46,0.20575878,Polarity_group1_D25,0.17492588728811312,7.084449569898411e-08,-0.0717399277182596,0.028099789950135737,1.8399736830062747e-07,0.048452916073027034,0.10318595956985352
dim 46,46,0.20575878,Polarity_group1_D50,0.11279822781104987,0.0005416987800879923,-0.008906968679949483,0.7854007164932397,0.0009537553639925643,0.8275199978193756,0.10389125913110038
dim 46,46,0.20575878,Polarity_group1_D75,0.12177296524963302,0.00018662650095924589,0.042185361642693535,0.19699380523326449,0.0003493581187446839,0.26844525070546854,0.07958760360693948
dim 46,46,0.20575878,Polarity_group1_D100,0.024582248815261037,0.4523018928372427,0.05347339391786507,0.10187507782707074,0.5050780080496124,0.15183523424471942,-0.028891145102604033
dim 46,46,0.20575878,Polarity_group2_D0,-0.17822714030412223,3.965920166210686e-08,-0.04087674509129061,0.2112600815413526,1.0571566923498557e-07,0.2853249787093076,0.13735039521283163
dim 46,46,0.20575878,Polarity_group2_D25,-0.39841836326450103,5.238667290955783e-37,-0.13986925555756702,1.7321501106736403e-05,4.820151171292649e-36,5.756598377761153e-05,0.258549107706934
dim 46,46,0.20575878,Polarity_group2_D50,-0.18846842046480305,6.115136531429664e-09,0.0018480652204461898,0.9549477546758263,1.7353063734048493e-08,0.9659374623310901,0.18662035524435686
dim 46,46,0.20575878,Polarity_group2_D75,-0.24374475872010842,3.861648192285014e-14,-0.08689558886009231,0.007781680757708872,1.5446592769140057e-13,0.01533381341047058,0.15684916986001612
dim 46,46,0.20575878,Polarity_group2_D100,0.1357710887655655,3.0488109318624923e-05,0.09341341576598822,0.004211495847582646,6.11960848102207e-05,0.008936719269965717,0.042357672999577295
dim 46,46,0.20575878,Polarity_group3_D0,0.07856241793423994,0.016157434381520203,0.08582823792368341,0.008574062168575817,0.023524773685386868,0.016727434370936465,-0.007265819989443464
dim 46,46,0.20575878,Polarity_group3_D25,0.5248293183942577,1.8981086578669273e-67,0.2380667756655285,1.5357781198480503e-13,4.914482881608944e-66,1.4328209274560021e-12,0.28676254272872925
dim 46,46,0.20575878,Polarity_group3_D50,0.29627262558531714,1.937125858517797e-20,0.1127669431252469,0.0005436441319126579,1.0221169616823763e-19,0.0013766272938500967,0.18350568246007024
dim 46,46,0.20575878,Polarity_group3_D75,0.24387268696690328,3.741853464409666e-14,0.08100394776272943,0.013125906634491705,1.5003350025364086e-13,0.024437306666222017,0.16286873920417386
dim 46,46,0.20575878,Polarity_group3_D100,-0.22284781893350802,5.225683416775375e-12,-0.09819809467837541,0.00261978577518718,1.8353083714016565e-11,0.005775633326155235,0.12464972425513261
dim 46,46,0.20575878,Polarizability_C1,0.5558133277164129,4.440849882007116e-77,0.32933136499168886,3.85556964200056e-25,1.6665661354948055e-75,9.13305149239849e-24,0.22648196272472404
dim 46,46,0.20575878,Polarizability_C2,-0.3755043811536303,9.549732400218847e-33,-0.16321706977411446,5.0817390201291e-07,7.704373482302161e-32,2.167689441536551e-06,0.21228731137951581
dim 46,46,0.20575878,Polarizability_C3,-0.5358626831474796,9.187469586046056e-71,-0.3550676607468216,3.1810985514060235e-29,2.7896498561267114e-69,1.0953473362573318e-27,0.18079502240065803
dim 46,46,0.20575878,Polarizability_T12,0.5362887028974841,6.803289063753855e-71,0.2992631269862272,7.693493777742512e-21,2.1039801363831364e-69,1.2977913746292925e-19,0.2370255759112569
dim 46,46,0.20575878,Polarizability_T13,-0.11987088877327555,0.00023537176582941888,-0.1199068165488791,0.00023434961445188883,0.00043385303414473456,0.000640530042773575,-3.5927775603544765e-05
dim 46,46,0.20575878,Polarizability_T23,-0.4972976485904394,1.0909691572055856e-59,-0.283015722714925,1.0200961302446187e-18,2.1689505863492002e-58,1.4376038291211083e-17,0.21428192587551442
dim 46,46,0.20575878,Polarizability_group1_D0,-0.1513334725000406,3.2709866373546428e-06,-0.03998547564646078,0.22139434960048882,7.2351624958705345e-06,0.29720945645724783,0.11134799685357981
dim 46,46,0.20575878,Polarizability_group1_D25,-0.31291506964112825,9.881445070609852e-23,-0.07760542714802508,0.017503813311596,5.612929682965461e-22,0.03160147916796251,0.23530964249310315
dim 46,46,0.20575878,Polarizability_group1_D50,-0.17125124850196297,1.334170687315492e-07,0.06727025005449544,0.039517551542617914,3.3886920879344054e-07,0.06556811830717528,0.10398099844746753
dim 46,46,0.20575878,Polarizability_group1_D75,-0.221757700752017,6.663604608538935e-12,-0.06072418893421601,0.06316493981753858,2.3232191432693156e-11,0.0998915241432665,0.161033511817801
dim 46,46,0.20575878,Polarizability_group1_D100,0.012492412267616366,0.7025334005622516,-0.04406007251914726,0.17780219727147517,0.7418468409351628,0.24641466343847598,-0.03156766025153089
dim 46,46,0.20575878,Polarizability_group2_D0,-0.034773334100225956,0.2876330866567473,0.026571372437072645,0.4165509412286044,0.33508702805494806,0.5001006986712936,0.00820196166315331
dim 46,46,0.20575878,Polarizability_group2_D25,0.26510518048591875,1.5543421182177787e-16,0.09571852390524391,0.003359063861566132,7.006076484274468e-16,0.007256968497820751,0.16938665658067484
dim 46,46,0.20575878,Polarizability_group2_D50,0.2751233985861918,9.784134823784767e-18,0.059635728708208234,0.06805171601867033,4.702015872149802e-17,0.10671020258326709,0.21548766987798354
dim 46,46,0.20575878,Polarizability_group2_D75,0.07278274084238937,0.025887570297687904,-0.03366629499830493,0.3032650583160788,0.036544583598595776,0.38425496776268436,0.039116445844084434
dim 46,46,0.20575878,Polarizability_group2_D100,0.11992135110173116,0.0002339372866405646,0.10253693955211265,0.0016734034614727304,0.0004324020682786307,0.0038466397531444732,0.017384411549618506
dim 46,46,0.20575878,Polarizability_group3_D0,0.21813659540984512,1.480561029351059e-11,0.1346552841599666,3.54639141216177e-05,5.043348460630978e-11,0.0001116394657551396,0.08348131124987851
dim 46,46,0.20575878,Polarizability_group3_D25,0.09836355141784613,0.0025761860710782646,-0.02901758103157869,0.3749483396603997,0.004164792583446953,0.4583910847129399,0.06934597038626744
dim 46,46,0.20575878,Polarizability_group3_D50,0.07994375212787135,0.014374469570159858,-0.003989404894587781,0.9029346752597678,0.021075824567310764,0.9236759005720135,0.07595434723328356
dim 46,46,0.20575878,Polarizability_group3_D75,0.1288471002261937,7.643822637400217e-05,0.07633193152363381,0.019447178486738725,0.00014843236981928332,0.03480899043178314,0.052515168702559886
dim 46,46,0.20575878,Polarizability_group3_D100,-0.1464394099130191,6.767332339160915e-06,-0.08990392043859882,0.005888888424077879,1.4535620587008012e-05,0.011985915500560704,0.056535489474420275
dim 46,46,0.20575878,Charge_C1,-0.4842389346940618,3.00326123669919e-56,-0.34437021160260317,1.764094394827596e-27,5.144047451577073e-55,5.1235437206297136e-26,0.13986872309145865
dim 46,46,0.20575878,Charge_C2,0.6238619722347454,3.36628623446146e-102,0.4308577925554285,1.2222117624127085e-43,3.123165561972577e-100,1.133940912905124e-41,0.19300417967931688
dim 46,46,0.20575878,Charge_C3,-0.5691888718588504,1.470607703340292e-81,-0.3571660394309336,1.4208507745440933e-29,7.331089147994889e-80,5.048554879763055e-28,0.21202283242791675
dim 46,46,0.20575878,Charge_T12,-0.37686845621386983,5.441510593171963e-33,-0.2673734045914022,8.3950558689256e-17,4.4436785773091336e-32,1.008614625978831e-15,0.10949505162246764
dim 46,46,0.20575878,Charge_T13,-0.5252735845978013,1.4034140634912506e-67,-0.34350943176443655,2.4206796720064653e-27,3.662033571922482e-66,6.851754325848809e-26,0.18176415283336472
dim 46,46,0.20575878,Charge_T23,-0.5203141084783954,3.9821214573393627e-66,-0.3062100511499898,8.633919948581151e-22,9.779621814348141e-65,1.602071812681169e-20,0.21410405732840565
dim 46,46,0.20575878,Charge_group1_D0,0.03734788089983788,0.25340910582517834,0.004082587476098904,0.9006790646258178,0.29865434490335063,0.9224986433150051,0.033265293423738976
dim 46,46,0.20575878,Charge_group1_D25,0.21621729493283032,2.247733721839342e-11,0.14230220245390196,1.2289375400780732e-05,7.590930870519113e-11,4.1713936827853295e-05,0.07391509247892836
dim 46,46,0.20575878,Charge_group1_D50,0.02634063986018803,0.4206105669202249,-0.007594198168628746,0.8164176981538448,0.47332860293583257,0.8536043163616165,0.018746441691559285
dim 46,46,0.20575878,Charge_group1_D75,0.1282879159531875,8.216626288119146e-05,0.058233238170465176,0.07480165853928483,0.00015937010338163736,0.11571910121408584,0.07005467778272233
dim 46,46,0.20575878,Charge_group1_D100,-0.0824453233382215,0.011582373022699733,-0.03983309688036939,0.2231612348362144,0.017185751175396315,0.29898055529601125,0.042612226457852106
dim 46,46,0.20575878,Charge_group2_D0,0.006801294496588938,0.8352951631597442,0.025661588997188782,0.43269189294149996,0.8640092427852417,0.5155872002941883,-0.018860294500599846
dim 46,46,0.20575878,Charge_group2_D25,-0.21306367955886588,4.42585157682034e-11,-0.10194587642120173,0.0017805422380801014,1.476030437215512e-10,0.004056624198627243,0.11111780313766415
dim 46,46,0.20575878,Charge_group2_D50,0.0603929440057041,0.06462046800969538,0.09443840691271493,0.0038108034450688726,0.08616062401292718,0.008159027888801304,-0.03404546290701083
dim 46,46,0.20575878,Charge_group2_D75,-0.02727041735656564,0.4043933127918509,0.0002807149026479181,0.9931531645125979,0.4577003269145314,0.9952389947410972,0.02698970245391772
dim 46,46,0.20575878,Charge_group2_D100,0.196962414588574,1.1964239480735506e-09,0.05863048853427168,0.07283654245739951,3.5679071308621958e-09,0.11346732325166133,0.13833192605430233
dim 46,46,0.20575878,Charge_group3_D0,0.040625287036595,0.21408478052808247,0.08506775948025745,0.009181782427327657,0.2568402180186047,0.0178116928980261,-0.04444247244366245
dim 46,46,0.20575878,Charge_group3_D25,0.2617665118362443,3.807780436988154e-16,0.12490923092441365,0.00012635992625761451,1.6845015443099912e-15,0.0003610283607360415,0.13685728091183064
dim 46,46,0.20575878,Charge_group3_D50,0.0064305381898265256,0.8441554558948743,-0.015232421952461004,0.6414474443086187,0.8710161330518629,0.7073075153485593,-0.008801883762634478
dim 46,46,0.20575878,Charge_group3_D75,-0.03480613662854753,0.2871783305531698,-0.023357743636568496,0.4751442057609992,0.33467397908150287,0.5546947386374474,0.011448392991979032
dim 46,46,0.20575878,Charge_group3_D100,-0.2710727869717846,3.0352233121645074e-17,-0.2017340174520629,4.6317599220817464e-10,1.4218297142537804e-16,2.9807472330930698e-09,0.0693387695197217
dim 46,46,0.20575878,SecondaryStructure_C1,-0.63895863316944,1.1986531877698554e-108,-0.43744793952159966,4.4559926601137313e-45,1.6681256863130487e-106,4.510004692357534e-43,0.20151069364784036
dim 46,46,0.20575878,SecondaryStructure_C2,0.2566309361821522,1.4739550582666987e-15,0.1438657833982445,9.827434981759678e-06,6.319653266509337e-15,3.4014127294380653e-05,0.11276515278390772
dim 46,46,0.20575878,SecondaryStructure_C3,0.6825418159881335,1.816574832898136e-129,0.4859160700238514,1.1068887097202747e-56,5.51578176534525e-127,1.8485041452328587e-54,0.19662574596428206
dim 46,46,0.20575878,SecondaryStructure_T12,-0.4818396984729416,1.2403742470617751e-55,-0.28955225386102607,1.4833663554780632e-19,2.0408128005843983e-54,2.2317313636471762e-18,0.19228744461191555
dim 46,46,0.20575878,SecondaryStructure_T13,-0.3253362890348184,1.5347505713530118e-24,-0.13280056880321806,4.547689174580301e-05,9.422917110880624e-24,0.00014025190990857067,0.19253572023160037
dim 46,46,0.20575878,SecondaryStructure_T23,0.5890479354747437,1.3314247962380238e-88,0.3806512633407839,1.1277086642876206e-33,9.075426162112243e-87,5.706889301091898e-32,0.20839667213395974
dim 46,46,0.20575878,SecondaryStructure_group1_D0,0.14306319464224093,1.1025627323247892e-05,0.13609952392567382,2.915460676955347e-05,2.3307338771929087e-05,9.273941581934152e-05,0.006963670716567116
dim 46,46,0.20575878,SecondaryStructure_group1_D25,0.016026032412474262,0.6241758031657783,0.07252621455050098,0.02641733475178418,0.6679741052783401,0.045931232728245265,-0.056500182138026725
dim 46,46,0.20575878,SecondaryStructure_group1_D50,-0.16985773292518594,1.6901984888650118e-07,-0.07949085265438782,0.01493896261140223,4.2573627095091547e-07,0.027445618879033802,0.09036688027079812
dim 46,46,0.20575878,SecondaryStructure_group1_D75,-0.1645720597267783,4.0737784514879516e-07,-0.035135309858881934,0.2826416844799037,9.902780224141019e-07,0.36197209592134905,0.12943674986789636
dim 46,46,0.20575878,SecondaryStructure_group1_D100,-0.2054079434551934,2.195029156098675e-10,-0.09879795882341229,0.0024648491439713464,6.962390675564648e-10,0.005459281260520091,0.1066099846317811
dim 46,46,0.20575878,SecondaryStructure_group2_D0,0.06718239848677234,0.039776543116925446,-0.005020515210347336,0.8780228494591936,0.0544705428497462,0.9023373283672944,0.062161883276425
dim 46,46,0.20575878,SecondaryStructure_group2_D25,-0.1103626108299281,0.0007141653329334081,-0.0871741566820177,0.007585963183627659,0.001240411966717412,0.0150012534241068,0.023188454147910403
dim 46,46,0.20575878,SecondaryStructure_group2_D50,0.07407112781257642,0.023363376332495047,0.07008219940313735,0.031951064671331464,0.03317758373747171,0.05408847237822964,0.003988928409439069
dim 46,46,0.20575878,SecondaryStructure_group2_D75,0.16540404288239124,3.553481395296292e-07,0.03145189676420171,0.3361954637527995,8.688600190548767e-07,0.4199300108206247,0.13395214611818954
dim 46,46,0.20575878,SecondaryStructure_group2_D100,0.12279204074516775,0.0001645801822706875,0.08452115615786725,0.009642003428736544,0.0003102132103747721,0.018636742738414383,0.038270884587300505
dim 46,46,0.20575878,SecondaryStructure_group3_D0,-0.15101223256484048,3.433295824308927e-06,-0.08176312473137003,0.012291659900253214,7.5699509404300605e-06,0.023117329215156194,0.06924910783347045
dim 46,46,0.20575878,SecondaryStructure_group3_D25,-0.054904138432395,0.09302264532455858,-0.04316320488273594,0.18680265636139462,0.12023824898762601,0.25675756059549715,0.011740933549659063
dim 46,46,0.20575878,SecondaryStructure_group3_D50,0.1780585864374155,4.0862347393552174e-08,0.09303733138267364,0.0043678321314229215,1.0883591730021074e-07,0.009239112931572233,0.08502125505474187
dim 46,46,0.20575878,SecondaryStructure_group3_D75,0.018015847887752207,0.5817832123438256,-0.043924407381138106,0.17914257202477218,0.629668155939202,0.24775825696179674,-0.0259085594933859
dim 46,46,0.20575878,SecondaryStructure_group3_D100,0.1004118847186842,0.0020886316217398433,2.8431765385728523e-05,0.9993065206753342,0.003411261426215685,0.9993065206753342,0.10038345295329848
dim 46,46,0.20575878,SolventAccessibility_C1,-0.09620315419124478,0.0032011557580343296,-0.03347252674654356,0.30605808102829274,0.005123733139964815,0.386916726205336,0.06273062744470123
dim 46,46,0.20575878,SolventAccessibility_C2,-0.5285777875036713,1.464682217835915e-68,-0.25767818330933634,1.1211663264599235e-15,4.009867711124554e-67,1.2650998413432921e-14,0.270899604194335
dim 46,46,0.20575878,SolventAccessibility_C3,0.6084881322376476,5.495238742382698e-96,0.30939465785110865,3.105380224830729e-22,4.5885243498895525e-94,5.960902270652089e-21,0.299093474386539
dim 46,46,0.20575878,SolventAccessibility_T12,-0.567193552144433,7.060940811047588e-81,-0.2566815036334988,1.4546533969402701e-15,3.1444723078531924e-79,1.6195141152601675e-14,0.3105120485109342
dim 46,46,0.20575878,SolventAccessibility_T13,0.46520665256743005,1.7052592239417086e-51,0.2336333693925882,4.4035754385276114e-13,2.4340024820364557e-50,3.860352221701371e-12,0.23157328317484185
dim 46,46,0.20575878,SolventAccessibility_T23,0.03057830618940563,0.3497959920441524,0.03230016816653142,0.32331881584049854,0.40120831505064186,0.4059717462057388,-0.0017218619771257881
dim 46,46,0.20575878,SolventAccessibility_group1_D0,-0.044684703717377365,0.17172689352694082,-0.03200103141081909,0.3278225537331656,0.21048360527705776,0.41008514212313596,0.012683672306558272
dim 46,46,0.20575878,SolventAccessibility_group1_D25,-0.22954160681600616,1.1423401213969998e-12,-0.09828461098273225,0.002596904452290466,4.178987957794063e-12,0.005732756689127665,0.1312569958332739
dim 46,46,0.20575878,SolventAccessibility_group1_D50,-0.1988550091005019,8.234491904497712e-10,-0.0034500257686821212,0.9160058856290947,2.493490748959416e-09,0.933616007934445,0.1954049833318198
dim 46,46,0.20575878,SolventAccessibility_group1_D75,-0.19325646535009589,2.460121926565883e-09,-0.020916340603796522,0.5225146119700973,7.195102657381829e-09,0.599930836706815,0.17234012474629937
dim 46,46,0.20575878,SolventAccessibility_group1_D100,0.06870786335620296,0.03547827385252349,0.07430277778761592,0.02293290467036281,0.04902363214135512,0.04035611253899462,-0.005594914431412953
dim 46,46,0.20575878,SolventAccessibility_group2_D0,0.04785492952144069,0.14326377892269862,0.09251393466135209,0.004594149004452162,0.1786118035094488,0.009650602311239133,-0.044659005139911404
dim 46,46,0.20575878,SolventAccessibility_group2_D25,0.48375675595095485,3.997393241904625e-56,0.233052381501859,5.047401944640667e-13,6.777306308609873e-55,4.401650782010399e-12,0.2507043744490959
dim 46,46,0.20575878,SolventAccessibility_group2_D50,0.23688615351113662,2.0373475597621733e-13,0.09215346098731995,0.004756128104488951,7.812561250982386e-13,0.009953300669795172,0.14473269252381665
dim 46,46,0.20575878,SolventAccessibility_group2_D75,0.25169309412929886,5.2659536050829066e-15,0.08498069475539842,0.00925375140766732,2.1875976419125506e-14,0.017927801451049215,0.16671239937390042
dim 46,46,0.20575878,SolventAccessibility_group2_D100,-0.2316933605629404,6.935385772685513e-13,-0.07867394594219419,0.016006598382926722,2.56809184930927e-12,0.029214228742609424,0.1530194146207462
dim 46,46,0.20575878,SolventAccessibility_group3_D0,0.25281467414873127,3.952882132744407e-15,0.1515490182991877,3.16622739174543e-06,1.654464451549664e-14,1.1882246616213186e-05,0.10126565584954356
dim 46,46,0.20575878,SolventAccessibility_group3_D25,-0.06920497784033357,0.03416592247630492,-0.08232960022693205,0.011700075865654228,0.04736993817802342,0.02215320487034304,-0.013124622386598478
dim 46,46,0.20575878,SolventAccessibility_group3_D50,0.0591965286242362,0.07010952928014437,-0.02270822130118439,0.4875124931444376,0.09307067877411851,0.5671514200983705,0.03648830732305181
dim 46,46,0.20575878,SolventAccessibility_group3_D75,-0.10665137561341702,0.001076925052437282,-0.08880126959662353,0.006528311164859519,0.0018286373539097723,0.013080119550468382,0.017850106016793488
dim 46,46,0.20575878,SolventAccessibility_group3_D100,0.15462014003477484,1.981518831812957e-06,-0.0039619202012528415,0.9036001297425202,4.471806012334646e-06,0.9240736170667537,0.150658219833522
dim 994,994,0.17082407,AAC_A,0.049730598596427256,0.1282132828665221,0.1152562405503063,0.0004075844673009616,0.16112298491638508,0.0010660392488529458,-0.06552564195387904
dim 994,994,0.17082407,AAC_C,0.08435352143150675,0.009787202624329238,0.12168406597187188,0.00018867576008458088,0.014698406818911713,0.0005247102736740218,-0.037330544540365135
dim 994,994,0.17082407,AAC_D,-0.07592438532164938,0.02010763660870847,-0.17195616842706488,1.1828444338006692e-07,0.028799102175422937,5.580085323296943e-07,-0.09603178310541549
dim 994,994,0.17082407,AAC_E,-0.025909312224405113,0.4282614642320096,-0.2390892585129043,1.200871693655822e-13,0.4812898016604684,1.129834213186041e-12,-0.21317994628849918
dim 994,994,0.17082407,AAC_F,-0.03635355564179615,0.26627535831049637,-0.10052932059824526,0.0020634233363933064,0.3117278993189828,0.004634723566613075,-0.06417576495644911
dim 994,994,0.17082407,AAC_G,0.11761965101490937,0.0003084286554919978,0.2052934571678284,2.2471820107658603e-10,0.0005604742705893757,1.489203951578963e-09,-0.08767380615291903
dim 994,994,0.17082407,AAC_H,-0.013809959211779273,0.6728899957201012,-0.18635555424324737,9.071656133316524e-09,0.7141571610121189,4.9998896840391405e-08,-0.1725455950314681
dim 994,994,0.17082407,AAC_I,-0.11979205720123477,0.0002376291917645789,-0.23751597057768634,1.7525569844928345e-13,0.0004377724768304984,1.6214793152925394e-12,-0.11772391337645156
dim 994,994,0.17082407,AAC_K,-0.06589472442382886,0.04374071461562432,-0.23549114333549043,2.839469756813486e-13,0.05953300196258567,2.577127442325284e-12,-0.16959641891166155
dim 994,994,0.17082407,AAC_L,0.00019203487956711597,0.9953161026104521,-0.13201272264944738,5.049426908348358e-05,0.9965095271939179,0.00015472555847599554,-0.13182068776988026
dim 994,994,0.17082407,AAC_M,0.05151444035547075,0.11506684636135947,-0.04481957362654637,0.1704357232186818,0.14607497789697477,0.23758569096427265,0.00669486672892438
dim 994,994,0.17082407,AAC_N,-0.0020447484330280187,0.9501589310439782,-0.0012189286051544515,0.9702759704583083,0.9599306804860518,0.9777330786481823,0.0008258198278735672
dim 994,994,0.17082407,AAC_P,-0.10078161498187872,0.002010206685671338,0.07983788721496203,0.014504709941437297,0.0032896081970319787,0.026765597350497553,0.020943727766916692
dim 994,994,0.17082407,AAC_Q,0.10684351849810483,0.0010545896368110064,0.07832373895931857,0.016484432497694473,0.001792534039159675,0.030020722214994296,0.02851977953878626
dim 994,994,0.17082407,AAC_R,0.00013070274772787084,0.9968120367268178,0.04608425884720512,0.158679682262099,0.9971105728264664,0.22305982270850616,-0.04595355609947725
dim 994,994,0.17082407,AAC_S,-0.09963899535226438,0.002261696780532319,0.08583884838370845,0.008565843229716706,0.0036831142111057756,0.016721166795589593,0.01380014696855593
dim 994,994,0.17082407,AAC_T,0.0025179324878045277,0.9386455823981295,0.22847657119414994,1.4596950278589398e-12,0.9497353060314306,1.2127814410569301e-11,-0.22595863870634542
dim 994,994,0.17082407,AAC_V,0.0720370031543468,0.027453587152420085,0.06730609366342871,0.039412293729500045,0.03865724329219354,0.06542597468018396,0.004730909490918089
dim 994,994,0.17082407,AAC_W,0.03916286048034009,0.23105242733512552,0.09295380074651001,0.004403260396274102,0.2753175552263001,0.009296390470009798,-0.05379094026616992
dim 994,994,0.17082407,AAC_Y,0.1565918569989902,1.4595637653179695e-06,0.1406770323915205,1.5465663681753982e-05,3.3276061270730502e-06,5.181074894388997e-05,0.015914824607469708
dim 994,994,0.17082407,Hydrophobicity_C1,-0.04345174237537826,0.18387111876090473,-0.2635497810320615,2.3632927129563483e-16,0.22364513352564525,2.7696132144821766e-15,-0.22009803865668326
dim 994,994,0.17082407,Hydrophobicity_C2,0.029436849856877646,0.3680842631683922,0.2748715234922271,1.0503566211064158e-17,0.4197341887956401,1.3339129712910376e-16,-0.24543467363534946
dim 994,994,0.17082407,Hydrophobicity_C3,-0.003698061235906786,0.9099920086450861,-0.19631257305762648,1.3590183263279824e-09,0.9257914434586011,8.252947654428111e-09,-0.19261451182171968
dim 994,994,0.17082407,Hydrophobicity_T12,0.07757071944752963,0.017554436099589378,0.04568731672598801,0.16230159345435027,0.025392731300402132,0.22786352338693985,0.03188340272154162
dim 994,994,0.17082407,Hydrophobicity_T13,-0.045401492019332676,0.16494793561332183,-0.273650986264436,1.4797995014629507e-17,0.20284466308854748,1.8580941108594946e-16,-0.22824949424510332
dim 994,994,0.17082407,Hydrophobicity_T23,0.006984235659770888,0.8309308598919428,0.08409423883533954,0.010015617067193686,0.8602941946804368,0.019325338535197523,-0.07711000317556865
dim 994,994,0.17082407,Hydrophobicity_group1_D0,-0.10622018744078228,0.0011286472349878289,-0.11916029403494915,0.00025646688942219514,0.001906768722741198,0.0006947278269830752,-0.012940106594166875
dim 994,994,0.17082407,Hydrophobicity_group1_D25,-0.10804871933591738,0.0009239734227014987,0.0558338106520653,0.08760859524558164,0.001585039153478688,0.1328849718983845,0.052214908683852077
dim 994,994,0.17082407,Hydrophobicity_group1_D50,-0.13958951220306526,1.8012212094313754e-05,-0.06596025068883167,0.04353123308624107,3.727434225217344e-05,0.07155232210041594,0.07362926151423359
dim 994,994,0.17082407,Hydrophobicity_group1_D75,-0.13627997772151385,2.8445688446950035e-05,-0.053054289804998864,0.10459127087700308,5.737234264058763e-05,0.15510654226963694,0.08322568791651498
dim 994,994,0.17082407,Hydrophobicity_group1_D100,0.032691906001261505,0.3174820827726722,-0.05257311986091108,0.1077801630548948,0.3665365214174646,0.15907456677125437,-0.019881213859649575
dim 994,994,0.17082407,Hydrophobicity_group2_D0,-0.05001856929293538,0.12601545413233065,-0.12495912085488475,0.00012556917907598052,0.15870724615459442,0.00035969215961730266,-0.07494055156194937
dim 994,994,0.17082407,Hydrophobicity_group2_D25,0.1777007668922099,4.3534734770084246e-08,0.04384522602338012,0.17992834482662973,1.1558506687764815e-07,0.24858479361497696,0.13385554086882978
dim 994,994,0.17082407,Hydrophobicity_group2_D50,0.1318618062729926,5.1513320818090185e-05,0.06903568820293354,0.03460810752554399,0.00010168705173310947,0.05816541316241259,0.06282611807005906
dim 994,994,0.17082407,Hydrophobicity_group2_D75,0.20977774321221443,8.866580037598162e-11,0.14581723178044728,7.4103665303950025e-06,2.8892075439588154e-10,2.6330451288850328e-05,0.06396051143176715
dim 994,994,0.17082407,Hydrophobicity_group2_D100,0.11264562411053988,0.0005512496436476217,0.17532605954732167,6.60717375759457e-08,0.0009695491362733315,3.207552376506666e-07,-0.06268043543678178
dim 994,994,0.17082407,Hydrophobicity_group3_D0,-0.12411943513483635,0.0001395193948469882,-0.019208468147878705,0.5570363066864837,0.000264920283563923,0.6319637446782798,0.10491096698695765
dim 994,994,0.17082407,Hydrophobicity_group3_D25,-0.21968188877597772,1.0548899816961505e-11,-0.11003357689505018,0.0007410281594974206,3.6398063418028335e-11,0.0018225582126077946,0.10964831188092754
dim 994,994,0.17082407,Hydrophobicity_group3_D50,-0.14656329826480616,6.645818317022449e-06,-0.0926124473394763,0.004550758735728212,1.4302212099777692e-05,0.009571495073886794,0.05395085092532986
dim 994,994,0.17082407,Hydrophobicity_group3_D75,-0.17531241342590417,6.622924323361656e-08,-0.16981093750406812,1.703620383406066e-07,1.7241283897137904e-07,7.902905667467028e-07,0.005501475921836058
dim 994,994,0.17082407,Hydrophobicity_group3_D100,-0.043669201686819405,0.18168431519842607,-0.02996770692448294,0.3595061812202947,0.22163097617339045,0.44329577860800734,0.013701494762336466
dim 994,994,0.17082407,NormVanDerWaalsVolume_C1,-0.004891701628731267,0.8811289437854388,0.22771934284930742,1.736343660655329e-12,0.9019217506108996,1.4354920362843562e-11,-0.22282764122057616
dim 994,994,0.17082407,NormVanDerWaalsVolume_C2,-0.0038333514649025583,0.906713903369378,-0.21678080497182012,1.989230819255159e-11,0.9232692218313294,1.4930406598454452e-10,-0.21294745350691757
dim 994,994,0.17082407,NormVanDerWaalsVolume_C3,0.013872132577522374,0.6715031835025999,-0.15328923866974029,2.4304883606244564e-06,0.7135923108172713,9.298775629422317e-06,-0.1394171060922179
dim 994,994,0.17082407,NormVanDerWaalsVolume_T12,-0.04493193567314475,0.16936558756575487,0.029588255171014325,0.3656248438171068,0.20774185180669164,0.4491309225263467,0.015343680502130422
dim 994,994,0.17082407,NormVanDerWaalsVolume_T13,-0.0021380558617594726,0.947887708652948,-0.011965726369129143,0.7145139441566762,0.9579258538277902,0.7666163101456147,-0.00982767050736967
dim 994,994,0.17082407,NormVanDerWaalsVolume_T23,-0.024461482196125966,0.4545268059948985,-0.21326028135213496,4.2441023598027924e-11,0.507392891718904,3.0484520175787803e-10,-0.188798799156009
dim 994,994,0.17082407,NormVanDerWaalsVolume_group1_D0,-0.02480139813033306,0.44828018590646795,-0.09758043175194747,0.0027885623395155212,0.5012573889948453,0.00611141615090672,-0.07277903362161442
dim 994,994,0.17082407,NormVanDerWaalsVolume_group1_D25,0.055035495547947434,0.09224179197504803,-0.07045677380889949,0.031043436378370218,0.11936752622884944,0.052765942750003327,-0.015421278260952055
dim 994,994,0.17082407,NormVanDerWaalsVolume_group1_D50,0.09368824646335741,0.004100474137489854,0.05245325704856059,0.10858637731116759,0.006469335672752061,0.16019368384244687,0.04123498941479682
dim 994,994,0.17082407,NormVanDerWaalsVolume_group1_D75,0.1843927477727463,1.303290026382615e-08,0.12416053558589657,0.00013880394537015884,3.5986419564857023e-08,0.0003935527822889054,0.06023221218684974
dim 994,994,0.17082407,NormVanDerWaalsVolume_group1_D100,0.08405518753352216,0.010050426890409941,0.14348109420174282,1.0385357200216076e-05,0.01506661840842424,3.5833773810662906e-05,-0.05942590666822066
dim 994,994,0.17082407,NormVanDerWaalsVolume_group2_D0,-0.0968735659758439,0.0029938409338718082,-0.08862666820409901,0.0066350911628848324,0.004805107505589544,0.013270182325769665,0.008246897771744893
dim 994,994,0.17082407,NormVanDerWaalsVolume_group2_D25,-0.13915773704830114,1.9129957343887097e-05,-0.026875778303387627,0.4112305321467185,3.9465137448167325e-05,0.49525968123722125,0.11228195874491352
dim 994,994,0.17082407,NormVanDerWaalsVolume_group2_D50,-0.11649677885324496,0.00035233145291233426,-0.09092283583912399,0.005348727621623199,0.0006357574569028614,0.011068618498278492,0.02557394301412097
dim 994,994,0.17082407,NormVanDerWaalsVolume_group2_D75,-0.09526486158070681,0.003513265155500221,-0.09302314800020654,0.004373829557226493,0.005601100534305842,0.009245943494390181,0.0022417135805002653
dim 994,994,0.17082407,NormVanDerWaalsVolume_group2_D100,0.020775775849812186,0.525313890251066,-0.026573866919073274,0.4165071785352138,0.5758281566913556,0.5001006986712936,-0.005798091069261088
dim 994,994,0.17082407,NormVanDerWaalsVolume_group3_D0,-0.06338379542279202,0.0524322776985547,-0.005782050130802841,0.8596997313467267,0.07079983105698773,0.8873291417484757,0.05760174529198918
dim 994,994,0.17082407,NormVanDerWaalsVolume_group3_D25,0.05193078823291,0.11215634906770433,0.11208739561007684,0.0005875373168207559,0.1427056022423362,0.0014688432920518897,-0.06015660737716684
dim 994,994,0.17082407,NormVanDerWaalsVolume_group3_D50,-0.014492143146746773,0.6577352031333404,0.023884087257238656,0.46524897269505855,0.7002982398678218,0.5460054704151425,-0.009391944110491882
dim 994,994,0.17082407,NormVanDerWaalsVolume_group3_D75,-0.10267512978631287,0.001649223960897099,-0.07219670454493521,0.027111522101907842,0.0027228907708335697,0.04691838539915658,0.030478425241377657
dim 994,994,0.17082407,NormVanDerWaalsVolume_group3_D100,0.04463798138552839,0.17217588780642448,0.006164367361051009,0.8505286076889021,0.21087915851611946,0.8792217733460023,0.03847361402447738
dim 994,994,0.17082407,Polarity_C1,0.05578696611513959,0.08787518939163526,-0.12695834640591655,9.745441347232243e-05,0.11433702086796328,0.00028304151391091907,-0.07117138029077696
dim 994,994,0.17082407,Polarity_C2,0.0012213023483600661,0.9702181126637244,0.25124844363012744,5.897810792927813e-15,0.9766511441521517,6.374979950931682e-14,-0.2500271412817674
dim 994,994,0.17082407,Polarity_C3,-0.04207509217257857,0.19816806030096043,-0.2911009535627626,9.324003999611745e-20,0.23929187324844825,1.428540062325836e-18,-0.24902586139018404
dim 994,994,0.17082407,Polarity_T12,0.02577456968932254,0.4306680024017812,0.1660281914653465,3.205830626991524e-07,0.48350626151998294,1.4276632392202255e-06,-0.14025362177602396
dim 994,994,0.17082407,Polarity_T13,-0.005166588349683553,0.8745028433129175,-0.24805660037289481,1.3217505150426547e-14,0.8970637274770099,1.3882536856108385e-13,-0.24289001202321125
dim 994,994,0.17082407,Polarity_T23,0.0026175876670132495,0.9362223579701326,0.023430020117486162,0.4737786180953388,0.9478577373810982,0.5534874377189337,-0.020812432450472915
dim 994,994,0.17082407,Polarity_group1_D0,-0.12924645693957135,7.25804468050068e-05,-0.05582093222385746,0.08768182189070665,0.00014143447627113344,0.13293567186335006,0.0734255247157139
dim 994,994,0.17082407,Polarity_group1_D25,-0.16123294832440785,7.001557060759252e-07,-0.06969297989090517,0.03291814555415124,1.6503317278006989e-06,0.05555664787815319,0.09153996843350268
dim 994,994,0.17082407,Polarity_group1_D50,-0.10282895341530618,0.0016226868062737577,-0.05355998003934491,0.10132096688143415,0.0026857155267365467,0.1511442739544395,0.04926897337596127
dim 994,994,0.17082407,Polarity_group1_D75,-0.1622212239830114,5.971434954958813e-07,-0.12860056390208938,7.891554945567913e-05,1.4185343349617664e-06,0.00023304857222101528,0.033620660080922016
dim 994,994,0.17082407,Polarity_group1_D100,0.055000241834813196,0.0924508400857033,0.05314301326628105,0.10401151886836818,0.11959171413100271,0.15446797377516663,0.0018572285685321474
dim 994,994,0.17082407,Polarity_group2_D0,-0.024995809344407042,0.44472949467124745,-0.10040146464767792,0.002090881916525839,0.49762027209446114,0.004686943356507585,-0.07540565530327088
dim 994,994,0.17082407,Polarity_group2_D25,0.11314143917736715,0.0005207781208727552,-0.03163668628621469,0.33336268457014245,0.0009208040887850727,0.4165474622013752,0.08150475289115246
dim 994,994,0.17082407,Polarity_group2_D50,0.15460154908742557,1.9872033221939403e-06,0.07667929265158953,0.018899272767279585,4.481606411970129e-06,0.033919167674752185,0.07792225643583604
dim 994,994,0.17082407,Polarity_group2_D75,0.23093120560755945,8.281017829433363e-13,0.16118544631702683,7.055150025605363e-07,3.0595795962729462e-12,2.9272299485120385e-06,0.06974575929053262
dim 994,994,0.17082407,Polarity_group2_D100,0.14882146905142857,4.764225000864321e-06,0.1938237743956263,2.20509862510229e-09,1.0400334315612309e-05,1.3012419448483478e-08,-0.045002305344197746
dim 994,994,0.17082407,Polarity_group3_D0,-0.10630394705880224,0.0011184240428940414,-0.10261672429841452,0.0016594038891279304,0.001894288186240415,0.003819716739963672,0.003687222760387715
dim 994,994,0.17082407,Polarity_group3_D25,-0.09075503288867412,0.0054344932759561185,0.10354927879713748,0.0015035613343206227,0.008458158220733194,0.0034933081860667333,-0.012794245908463356
dim 994,994,0.17082407,Polarity_group3_D50,-0.15881690604311585,1.0289958220066993e-06,-0.06503501831786399,0.04656875730817673,2.395014665855314e-06,0.07624492618103444,0.09378188772525187
dim 994,994,0.17082407,Polarity_group3_D75,-0.16574266846196614,3.360592821984842e-07,-0.08791658754418162,0.0070856867457841834,8.235055044335563e-07,0.014070269756789044,0.07782608091778452
dim 994,994,0.17082407,Polarity_group3_D100,0.005216975409242559,0.8732892094463334,-0.07141930251369448,0.028811862468250564,0.896093996789786,0.04947464855399901,-0.06620232710445192
dim 994,994,0.17082407,Polarizability_C1,0.012923850537568034,0.692773977406706,0.21360742706497696,3.9408232771548765e-11,0.7331638417422047,2.8551734806284785e-10,-0.20068357652740892
dim 994,994,0.17082407,Polarizability_C2,-0.034635441480974714,0.28955005689626195,-0.17931829978103164,3.266034766222271e-08,0.3372026464552004,1.6705292678686653e-07,-0.14468285830005692
dim 994,994,0.17082407,Polarizability_C3,0.013872132577522374,0.6715031835025999,-0.15328923866974029,2.4304883606244564e-06,0.7135923108172713,9.298775629422317e-06,-0.1394171060922179
dim 994,994,0.17082407,Polarizability_T12,-0.0389685045063766,0.2333773085821955,0.14890300756507352,4.706875451850104e-06,0.2774938450211937,1.7219018629988332e-05,-0.10993450305869693
dim 994,994,0.17082407,Polarizability_T13,-0.008410487079882439,0.7970940662324838,-0.02801438588550702,0.39169001311535223,0.8286007411193576,0.4762467218636327,-0.019603898805624582
dim 994,994,0.17082407,Polarizability_T23,-0.02043584445292329,0.5321149787381401,-0.1971797506243484,1.1463962434456046e-09,0.5825185280188095,7.064508216067009e-09,-0.1767439061714251
dim 994,994,0.17082407,Polarizability_group1_D0,-0.020576520421819653,0.5292950495017603,-0.08223967256862409,0.011792272179228706,0.5798115661974023,0.022289863655135186,-0.06166315214680444
dim 994,994,0.17082407,Polarizability_group1_D25,0.07493863045871568,0.021786483144010344,-0.049029110787505124,0.1336916030999059,0.031043879565270712,0.19172604308874439,0.02590951967121056
dim 994,994,0.17082407,Polarizability_group1_D50,0.1696456318073189,1.7518620373129501e-07,0.08198073438921348,0.012061345658315435,4.4093588580446523e-07,0.022736251093633888,0.08766489741810542
dim 994,994,0.17082407,Polarizability_group1_D75,0.22014427504762066,9.526680764735148e-12,0.15163377098045563,3.1259225471874058e-06,3.297317487483461e-11,1.1770666637661708e-05,0.06851050406716502
dim 994,994,0.17082407,Polarizability_group1_D100,0.07834242357989377,0.01645862617138885,0.10303157637080841,0.0015883297052444224,0.023921588952323224,0.003673837406867293,-0.024689152790914645
dim 994,994,0.17082407,Polarizability_group2_D0,-0.08632667500094988,0.008195481404080418,-0.11667081540972978,0.0003451647652862442,0.012419649677689925,0.0009178744554586431,-0.03034414040877989
dim 994,994,0.17082407,Polarizability_group2_D25,-0.13539395987462077,3.209066873625982e-05,-0.04892543031296693,0.13451641630710193,6.425829351265456e-05,0.1926607334758664,0.08646852956165385
dim 994,994,0.17082407,Polarizability_group2_D50,-0.18648862122473148,8.850290059571992e-09,-0.08999540105924743,0.005838459370654798,2.4840309915101225e-08,0.011919593091679111,0.09649322016548405
dim 994,994,0.17082407,Polarizability_group2_D75,-0.12589665774917097,0.00011154812990119185,-0.08927448086069717,0.006246627900893696,0.0002135075953409632,0.012554387656053552,0.0366221768884738
dim 994,994,0.17082407,Polarizability_group2_D100,0.07811204476509948,0.016779302371790747,0.10768414191096021,0.0009618137882637126,0.024355875672221246,0.0023228185486629067,-0.029572097145860732
dim 994,994,0.17082407,Polarizability_group3_D0,-0.06338379542279202,0.0524322776985547,-0.005782050130802841,0.8596997313467267,0.07079983105698773,0.8873291417484757,0.05760174529198918
dim 994,994,0.17082407,Polarizability_group3_D25,0.05193078823291,0.11215634906770433,0.11208739561007684,0.0005875373168207559,0.1427056022423362,0.0014688432920518897,-0.06015660737716684
dim 994,994,0.17082407,Polarizability_group3_D50,-0.014492143146746773,0.6577352031333404,0.023884087257238656,0.46524897269505855,0.7002982398678218,0.5460054704151425,-0.009391944110491882
dim 994,994,0.17082407,Polarizability_group3_D75,-0.10267512978631287,0.001649223960897099,-0.07219670454493521,0.027111522101907842,0.0027228907708335697,0.04691838539915658,0.030478425241377657
dim 994,994,0.17082407,Polarizability_group3_D100,0.04463798138552839,0.17217588780642448,0.006164367361051009,0.8505286076889021,0.21087915851611946,0.8792217733460023,0.03847361402447738
dim 994,994,0.17082407,Charge_C1,-0.0750174667785671,0.021647873258186283,-0.2229804158194729,5.073000633868429e-12,0.030872714211076936,4.024660835420559e-11,-0.1479629490409058
dim 994,994,0.17082407,Charge_C2,0.07716471710496554,0.018156193051382767,0.301114851677035,4.3194800315965265e-21,0.02616121000501227,7.553436285619057e-20,-0.22395013457206947
dim 994,994,0.17082407,Charge_C3,-0.05770169423032771,0.0774985051324466,-0.26543482139784685,1.4217609542010153e-16,0.1020279886252943,1.7020364111223623e-15,-0.20773312716751913
dim 994,994,0.17082407,Charge_T12,-0.07874767785066968,0.015907559658700006,-0.18835187813862453,6.250359955484921e-09,0.023181173324632643,3.508605420389855e-08,-0.10960420028795485
dim 994,994,0.17082407,Charge_T13,-0.10289883739684999,0.0016107607525459912,-0.28753777775171574,2.7019421278133394e-19,0.002669945862780948,3.987235761035444e-18,-0.18463894035486575
dim 994,994,0.17082407,Charge_T23,-0.033321132331275496,0.3082521272221399,-0.2197198517012886,1.0461081636409876e-11,0.35748684198678726,8.10673147693944e-11,-0.18639871937001312
dim 994,994,0.17082407,Charge_group1_D0,-0.15257012494549732,2.7121082032128404e-06,-0.14558296841156312,7.667276990269415e-06,6.038960932487258e-06,2.7156633242311607e-05,0.006987156533934197
dim 994,994,0.17082407,Charge_group1_D25,-0.05188015364676697,0.11250718526362628,0.0031974561178967622,0.9221346323684528,0.14309748620735407,0.9395758609245372,0.04868269752887021
dim 994,994,0.17082407,Charge_group1_D50,-0.0225686436656318,0.49019281782649327,-0.009081633849564117,0.7812982482959883,0.5424930455733888,0.8239773126961164,0.013487009816067682
dim 994,994,0.17082407,Charge_group1_D75,-0.09805867548118208,0.0026570459994420324,-0.061914379031926606,0.05815664717748764,0.004289286436991971,0.09276468888460435,0.03614429644925547
dim 994,994,0.17082407,Charge_group1_D100,0.005039054305107831,0.8775759676087731,-0.021247723991342178,0.5159456899774364,0.8996635149825973,0.594022269743067,-0.01620866968623435
dim 994,994,0.17082407,Charge_group2_D0,-0.14818057275661164,5.238847188410301e-06,-0.1620501878443583,6.138609899548888e-07,1.1376950331138104e-05,2.562869633061661e-06,-0.013869615087746645
dim 994,994,0.17082407,Charge_group2_D25,0.1539662009598747,2.1911494353270004e-06,0.0957575146846622,0.0033461022369008666,4.928241827604163e-06,0.0072336449652096405,0.0582086862752125
dim 994,994,0.17082407,Charge_group2_D50,0.10073795764592601,0.0020193244366176737,0.1057047962286412,0.0011934746100610712,0.0033012939884008957,0.002817106146716592,-0.004966838582715197
dim 994,994,0.17082407,Charge_group2_D75,0.07755422217931061,0.017578543024890245,0.06930432619382888,0.03390867592194217,0.025416594676681135,0.05711294885491016,0.008249895985481731
dim 994,994,0.17082407,Charge_group2_D100,-0.024282720616119413,0.4578314496365382,0.05063528186369344,0.12140727520463401,0.5109111399218301,0.17684269480308662,-0.026352561247574027
dim 994,994,0.17082407,Charge_group3_D0,0.017536364919277868,0.5918750677965265,0.011052033738541852,0.7354637837568426,0.638521552467829,0.7836760519595761,0.006484331180736016
dim 994,994,0.17082407,Charge_group3_D25,-0.09404673713246599,0.003959643600500898,-0.014386405323227927,0.6600752000529657,0.006264902712303647,0.7238921022095852,0.07966033180923807
dim 994,994,0.17082407,Charge_group3_D50,-0.05101324374234442,0.1186487874471958,-0.04627791943204152,0.1569349448545003,0.15022249813253752,0.2209792225185628,0.0047353243103029005
dim 994,994,0.17082407,Charge_group3_D75,-0.05527952062186945,0.09080514115874723,-0.06778516683692437,0.03802811560551813,0.11773647960800301,0.06344350955166361,-0.01250564621505492
dim 994,994,0.17082407,Charge_group3_D100,-0.016621586985596508,0.6113479530040016,-0.08506609424563007,0.009183154242635012,0.6557168153607468,0.0178116928980261,-0.06844450726003357
dim 994,994,0.17082407,SecondaryStructure_C1,0.016966365615893143,0.603975361388192,-0.19629688734311143,1.3631974674313897e-09,0.6498961685040467,8.263302252669403e-09,-0.17933052172721828
dim 994,994,0.17082407,SecondaryStructure_C2,0.05534219776574795,0.09043905641863,0.13938754632953,1.8527083748275073e-05,0.11735293257118266,6.120718073119559e-05,-0.08404534856378204
dim 994,994,0.17082407,SecondaryStructure_C3,-0.062265248446010106,0.05674467813369829,0.15577694980617537,1.6569061663861616e-06,0.07615732009813311,6.503015976180704e-06,-0.09351170136016526
dim 994,994,0.17082407,SecondaryStructure_T12,0.05484062405858594,0.09340210214833974,-0.09520518986564502,0.0035340193851214298,0.12068201979708114,0.007615241771810049,-0.040364565807059084
dim 994,994,0.17082407,SecondaryStructure_T13,-0.02967247810156598,0.3642611748664673,-0.15427834742757213,2.088562919486721e-06,0.4156584639747184,8.111395524518196e-06,-0.12460586932600615
dim 994,994,0.17082407,SecondaryStructure_T23,-0.018137189203571373,0.5792420857396867,0.17882543446295646,3.565931048455676e-08,0.6273585025430647,1.8155807472320056e-07,-0.16068824525938508
dim 994,994,0.17082407,SecondaryStructure_group1_D0,-0.16424332311148146,4.2989641688569987e-07,-0.14959670702435307,4.244961371968593e-06,1.0419840583441492e-06,1.564919534478488e-05,0.014646616087128389
dim 994,994,0.17082407,SecondaryStructure_group1_D25,-0.019699487230731345,0.5469985620484528,-0.03616373400363646,0.2687817355504465,0.5964659475161058,0.3467047331957564,-0.016464246772905117
dim 994,994,0.17082407,SecondaryStructure_group1_D50,-0.004646341620052606,0.8870503474302693,-0.06141021599384529,0.0602364210002476,0.9068711847006733,0.09580459340039381,-0.05676387437379268
dim 994,994,0.17082407,SecondaryStructure_group1_D75,0.012497259825415708,0.7024234694997769,-0.05481132664168276,0.09357755242191015,0.7418468409351628,0.14097836043715828,-0.04231406681626705
dim 994,994,0.17082407,SecondaryStructure_group1_D100,0.04086609899507371,0.21137912403065076,-0.02379652389332225,0.46688718634122234,0.2538677721187967,0.547159018378836,0.017069575101751458
dim 994,994,0.17082407,SecondaryStructure_group2_D0,-0.1062154353276863,0.001129229826736414,-0.07962597344961253,0.014768541592222784,0.00190678848397352,0.027189661846629014,0.026589461878073775
dim 994,994,0.17082407,SecondaryStructure_group2_D25,0.03811719000393744,0.24375571051879993,0.01559509551462759,0.6335296526368468,0.28849896283940174,0.7003994898726312,0.022522094489309852
dim 994,994,0.17082407,SecondaryStructure_group2_D50,-0.001733411968366667,0.957740081315272,0.011186754469051732,0.7323619900965678,0.9670047979422638,0.7814980980583183,-0.009453342500685065
dim 994,994,0.17082407,SecondaryStructure_group2_D75,-0.07758011379738428,0.017540721373343268,-0.013939278878033376,0.6700067004262079,0.025383886216189998,0.7310755894882505,0.0636408349193509
dim 994,994,0.17082407,SecondaryStructure_group2_D100,0.022491800052072672,0.49167182478872945,0.05571487752604565,0.08828672417444965,0.5437711883724257,0.1337313645091437,-0.033223077473972976
dim 994,994,0.17082407,SecondaryStructure_group3_D0,-0.06819684556389297,0.03687184585455918,-0.11932856277393991,0.00025131735491502915,0.050793854221722876,0.0006841075512764445,-0.051131717210046945
dim 994,994,0.17082407,SecondaryStructure_group3_D25,-0.00015857126340878408,0.9961323021971058,-0.012589543080491065,0.7003318927035275,0.9969140335646549,0.7562588172097581,-0.012430971817082281
dim 994,994,0.17082407,SecondaryStructure_group3_D50,0.03322145644773977,0.30970231241738355,0.09175005217369504,0.004943505319680706,0.3586705005111169,0.010306683999833682,-0.05852859572595527
dim 994,994,0.17082407,SecondaryStructure_group3_D75,-0.006546230654508465,0.8413884810801174,0.015428122321309645,0.6371698344049279,0.8692352387279901,0.7035929224311784,-0.00888189166680118
dim 994,994,0.17082407,SecondaryStructure_group3_D100,0.0872839405532127,0.007510049043597437,0.14140953920396662,1.3947749369936916e-05,0.01143801359125191,4.705604332887808e-05,-0.05412559865075392
dim 994,994,0.17082407,SolventAccessibility_C1,0.09873520543964576,0.0024806561892630977,0.07000372712853321,0.032144061055285215,0.004018133691628878,0.05436008299982411,0.028731478311112543
dim 994,994,0.17082407,SolventAccessibility_C2,-0.04345174237537826,0.18387111876090473,-0.2635497810320615,2.3632927129563483e-16,0.22364513352564525,2.7696132144821766e-15,-0.22009803865668326
dim 994,994,0.17082407,SolventAccessibility_C3,-0.0401671234943113,0.219301184643969,0.2075062441658345,1.423906342913469e-10,0.26234454036921795,9.74558849453071e-10,-0.16733912067152318
dim 994,994,0.17082407,SolventAccessibility_T12,0.007599993495812163,0.8162800994868554,-0.23680779683346886,2.0758100762662323e-13,0.8469635080105925,1.9047268282223123e-12,-0.2292078033376567
dim 994,994,0.17082407,SolventAccessibility_T13,-0.006893939410213616,0.8330843545063842,0.16304817234766958,5.223066229004665e-07,0.8622565057487831,2.2194708912055445e-06,-0.15615423293745595
dim 994,994,0.17082407,SolventAccessibility_T23,-0.010779033040509955,0.7417624932509229,-0.0071261985792985,0.8275477232615079,0.7798195553849804,0.8624054276734592,0.003652834461211455
dim 994,994,0.17082407,SolventAccessibility_group1_D0,-0.07694310922417583,0.01849219758419755,-0.09274461786651207,0.004493125953595135,0.026599457334719988,0.009462194631152427,-0.015801508642336246
dim 994,994,0.17082407,SolventAccessibility_group1_D25,-0.07571875434575806,0.020448233505557224,-0.16290061185869628,5.349630017804027e-07,0.02926182515362516,2.2647654035624856e-06,-0.08718185751293822
dim 994,994,0.17082407,SolventAccessibility_group1_D50,-0.006167617532655376,0.850450726385869,-0.10331518840320593,0.0015413621485660383,0.8764287029092264,0.0035726228842543842,-0.09714757087055055
dim 994,994,0.17082407,SolventAccessibility_group1_D75,0.06815556269897123,0.03698643097180866,-0.013225777295865033,0.6859742304953993,0.05092113744676048,0.7453330936417155,0.054929785403106196
dim 994,994,0.17082407,SolventAccessibility_group1_D100,0.0387364009354464,0.236175361888718,0.05024513158954317,0.12430698583553898,0.28052123353780867,0.18051536203943486,-0.011508730654096772
dim 994,994,0.17082407,SolventAccessibility_group2_D0,-0.10622018744078228,0.0011286472349878289,-0.11916029403494915,0.00025646688942219514,0.001906768722741198,0.0006947278269830752,-0.012940106594166875
dim 994,994,0.17082407,SolventAccessibility_group2_D25,-0.10804871933591738,0.0009239734227014987,0.0558338106520653,0.08760859524558164,0.001585039153478688,0.1328849718983845,0.052214908683852077
dim 994,994,0.17082407,SolventAccessibility_group2_D50,-0.13958951220306526,1.8012212094313754e-05,-0.06596025068883167,0.04353123308624107,3.727434225217344e-05,0.07155232210041594,0.07362926151423359
dim 994,994,0.17082407,SolventAccessibility_group2_D75,-0.13627997772151385,2.8445688446950035e-05,-0.053054289804998864,0.10459127087700308,5.737234264058763e-05,0.15510654226963694,0.08322568791651498
dim 994,994,0.17082407,SolventAccessibility_group2_D100,0.032691906001261505,0.3174820827726722,-0.05257311986091108,0.1077801630548948,0.3665365214174646,0.15907456677125437,-0.019881213859649575
dim 994,994,0.17082407,SolventAccessibility_group3_D0,-0.12101514680559698,0.00020478627960878227,-0.05655839125168362,0.08356734851066963,0.0003808386268893835,0.12789004645152402,0.06445675555391336
dim 994,994,0.17082407,SolventAccessibility_group3_D25,0.12228559980524553,0.0001752112275134203,0.12288454468891236,0.00016270503163595373,0.00032932217214115013,0.0004570519812145378,-0.0005989448836668243
dim 994,994,0.17082407,SolventAccessibility_group3_D50,0.04939556867063462,0.13080758624072886,0.08798136326534507,0.007043473643007753,0.16381602476341747,0.014003096409313033,-0.038585794594710454
dim 994,994,0.17082407,SolventAccessibility_group3_D75,0.03456142212449242,0.29058260217235954,0.014094712989385352,0.6665475768146363,0.3382871701832279,0.7277766938741043,0.020466709135107064
dim 994,994,0.17082407,SolventAccessibility_group3_D100,-0.0012640502630515995,0.969176198871486,0.0747810397170367,0.02206587179252717,0.9758964438440649,0.039056710009030604,-0.0735169894539851
dim 0,0,0.16330731,AAC_A,0.18283360773884155,1.733119636157261e-08,0.10644000477911901,0.001101999700099581,4.752561235439452e-08,0.002634702217847244,0.07639360295972254
dim 0,0,0.16330731,AAC_C,0.3519912956280109,1.0256683035063435e-28,0.3651323243164478,6.303826470915155e-31,7.351356510109844e-28,2.557950739721055e-29,-0.013141028688436918
dim 0,0,0.16330731,AAC_D,-0.19850012401472233,8.834511035361649e-10,-0.0778207030381869,0.017192668463104795,2.6655164280133613e-09,0.031106994944079102,0.12067942097653543
dim 0,0,0.16330731,AAC_E,-0.34677659194691735,7.245664889008005e-28,-0.09094777201950444,0.005336087187122643,4.996199443687171e-27,0.011049306388710246,0.2558288199274129
dim 0,0,0.16330731,AAC_F,-0.1128420735117844,0.0005389832511170418,-0.02147458287633723,0.511473517651491,0.0009499757565862374,0.5890763961917173,0.09136749063544716
dim 0,0,0.16330731,AAC_G,0.2730348065902317,1.7582119113646325e-17,0.18946072767707212,5.07322774853347e-09,8.35338233848915e-17,2.8817314081805767e-08,0.0835740789131596
dim 0,0,0.16330731,AAC_H,-0.2988609034952005,8.716411610022567e-21,-0.0767291621934877,0.018821728520932494,4.6730039771228533e-20,0.03379815766662072,0.22213174130171282
dim 0,0,0.16330731,AAC_I,-0.3162940891343211,3.2446072790485645e-23,-0.19818638986263065,9.400247884696371e-10,1.88797705784359e-22,5.835841623584736e-09,0.11810769927169046
dim 0,0,0.16330731,AAC_K,-0.4582031418890232,8.0745319006219385e-50,-0.3035385487611965,2.016281091119789e-21,1.1007729203296847e-48,3.640204780724376e-20,0.1546645931278267
dim 0,0,0.16330731,AAC_L,-0.3509577219938954,1.5155405092981776e-28,-0.2003850285628187,6.071532293221537e-10,1.0770011278842368e-27,3.855307577825083e-09,0.1505726934310767
dim 0,0,0.16330731,AAC_M,-0.18550752117021027,1.0614013710348325e-08,-0.039595053792780804,0.2259415484173192,2.956697730822636e-08,0.3015418629885429,0.14591246737742947
dim 0,0,0.16330731,AAC_N,-0.020031079325803666,0.5402708767496338,-0.02591997893110399,0.42807128826554913,0.5899002054082304,0.5119076630171623,-0.005888899605300323
dim 0,0,0.16330731,AAC_P,0.352228324388563,9.376326704510222e-29,0.10389346507693945,0.001449528886085314,6.7348239124869125e-28,0.0033808844130760814,0.24833485931162355
dim 0,0,0.16330731,AAC_Q,-0.0534843774132953,0.10180465546576196,0.0027428638277453114,0.9331769707239961,0.13067930409517484,0.9488009382703644,0.050741513585549985
dim 0,0,0.16330731,AAC_R,0.016635370820384514,0.6110524429057322,-0.06693094580508373,0.04052580179268217,0.6556103948940397,0.06717428187968161,-0.050295574984699214
dim 0,0,0.16330731,AAC_S,0.45903591308251507,5.127928244943711e-50,0.24618361785972045,2.1110907323264763e-14,7.048263513626336e-49,2.1562822770551775e-13,0.2128522952227946
dim 0,0,0.16330731,AAC_T,0.34981246958323176,2.331919183225545e-28,0.07213919112310785,0.027234284784548087,1.6362626201624627e-27,0.04710642733319037,0.2776732784601239
dim 0,0,0.16330731,AAC_V,-0.028107313513274054,0.39012043306710553,-0.016543552248426498,0.61302212144567,0.442896752700249,0.6822705383633915,0.011563761264847556
dim 0,0,0.16330731,AAC_W,0.21058191978079463,7.487914487818069e-11,0.15948570267431683,9.254928992596108e-07,2.451924940128662e-10,3.7789074370746945e-06,0.0510962171064778
dim 0,0,0.16330731,AAC_Y,0.04211910947567046,0.19769871037830294,0.09989258972702623,0.0022035171142353867,0.23881146208446,0.004913048839483438,-0.05777348025135577
dim 0,0,0.16330731,Hydrophobicity_C1,-0.4986367831341103,4.748806964128741e-60,-0.300073361105214,5.979368481384172e-21,9.61273652132727e-59,1.0294376663826358e-19,0.19856342202889632
dim 0,0,0.16330731,Hydrophobicity_C2,0.5045835004963751,1.129664475962618e-61,0.28166500775051484,1.5098644091936085e-18,2.434244741751706e-60,2.0838624490523356e-17,0.22291849274586029
dim 0,0,0.16330731,Hydrophobicity_C3,-0.38449765274658715,2.2279131696314824e-34,-0.16287129722461335,5.375122537556336e-07,1.860307496642288e-33,2.2725201614478683e-06,0.2216263555219738
dim 0,0,0.16330731,Hydrophobicity_T12,-0.006495981470453738,0.8425900344755713,0.062380340629508126,0.05628777369812106,0.8702073949129276,0.0904286503856298,-0.05588435915905439
dim 0,0,0.16330731,Hydrophobicity_T13,-0.41276168598995416,7.523658218928443e-40,-0.17141352962350043,1.2977589608021596e-07,7.7082878684727e-39,6.070749200391054e-07,0.24134815636645374
dim 0,0,0.16330731,Hydrophobicity_T23,0.24136216076877512,6.922028541897135e-14,0.15223477747599845,2.853884654237701e-06,2.716753857806866e-13,1.0819494602898891e-05,0.08912738329277667
dim 0,0,0.16330731,Hydrophobicity_group1_D0,-0.043621831879320956,0.18215902410764756,-0.04025237902082084,0.21832367439685663,0.22188590099180994,0.29344107544688175,0.0033694528585001132
dim 0,0,0.16330731,Hydrophobicity_group1_D25,0.3461838245260546,9.027861359821765e-28,0.11930384181369869,0.0002520677758272476,6.191592801191929e-27,0.0006850336625410959,0.22687998271235593
dim 0,0,0.16330731,Hydrophobicity_group1_D50,0.21812966596935374,1.4828048468082696e-11,0.10640973609173449,0.001105634236164791,5.043348460630978e-11,0.0026396128297286646,0.11171992987761925
dim 0,0,0.16330731,Hydrophobicity_group1_D75,0.23405919791991148,3.9835340352109265e-13,0.10858947324785578,0.0008703774440375829,1.503390246057005e-12,0.0021203943567363434,0.1254697246720557
dim 0,0,0.16330731,Hydrophobicity_group1_D100,-0.11500428517672082,0.00041975115652657,0.024754793152040797,0.44913375317391174,0.0007478775575271292,0.5300649631149263,0.09024949202468002
dim 0,0,0.16330731,Hydrophobicity_group2_D0,-0.3560527102753562,2.180666089127827e-29,-0.3028642709653864,2.4941170446613953e-21,1.6078200303944683e-28,4.4547331172027057e-20,0.053188439309969804
dim 0,0,0.16330731,Hydrophobicity_group2_D25,-0.34268393920670165,3.27578800895084e-27,-0.14395188066302936,9.706541338159362e-06,2.2148040384404466e-26,3.366547047710516e-05,0.1987320585436723
dim 0,0,0.16330731,Hydrophobicity_group2_D50,-0.18820014733150378,6.430770011859112e-09,-0.09145050835913063,0.005086923606544732,1.8233252834982543e-08,0.010585872178105549,0.09674963897237315
dim 0,0,0.16330731,Hydrophobicity_group2_D75,-0.1291750960940952,7.325601776253509e-05,-0.0029088190132180182,0.9291442116274663,0.00014258455671728855,0.9455641885544599,0.12626627708087718
dim 0,0,0.16330731,Hydrophobicity_group2_D100,0.22028290212373441,9.239557941430907e-12,0.1651218649183896,3.7223251184059343e-07,3.201257627010293e-11,1.6380192220653254e-06,0.05516103720534482
dim 0,0,0.16330731,Hydrophobicity_group3_D0,0.2733709700739581,1.6004780544032704e-17,0.1203520746813606,0.0002220222844715385,7.625672898298036e-17,0.0006088295813915753,0.1530188953925975
dim 0,0,0.16330731,Hydrophobicity_group3_D25,0.22588116108015951,2.6393142163474024e-12,0.025787488355413515,0.43043693253471693,9.408014389114541e-12,0.5136332099556822,0.20009367272474599
dim 0,0,0.16330731,Hydrophobicity_group3_D50,0.08275563073123764,0.011271918859317866,-0.02285610635538414,0.4846812803242158,0.016747423927990068,0.5644475161376851,0.0598995243758535
dim 0,0,0.16330731,Hydrophobicity_group3_D75,0.050162840339444355,0.12492543195608173,0.02947796391006882,0.36741539390647193,0.15745318593709925,0.45116449104691775,0.020684876429375536
dim 0,0,0.16330731,Hydrophobicity_group3_D100,-0.049672302203550754,0.1286618081398685,-0.09097601163290403,0.005321804732680207,0.16149208537661058,0.011026568118580578,-0.041303709429353276
dim 0,0,0.16330731,NormVanDerWaalsVolume_C1,0.49577731285629284,2.792414265902923e-59,0.2720955705076874,2.2846731984578876e-17,5.486272734185743e-58,2.8367317780109085e-16,0.22368174234860544
dim 0,0,0.16330731,NormVanDerWaalsVolume_C2,-0.46055508744743057,2.2327464994643814e-50,-0.24446526117276293,3.2328829601734606e-14,3.0815592182690224e-49,3.252358158728722e-13,0.21608982627466763
dim 0,0,0.16330731,NormVanDerWaalsVolume_C3,-0.39042957000649936,1.7504911034004106e-35,-0.19972552154177306,6.925815358919963e-10,1.5305341061144952e-34,4.34816227420915e-09,0.1907040484647263
dim 0,0,0.16330731,NormVanDerWaalsVolume_T12,0.21985269870448917,1.0159364765386138e-11,0.12245632327600094,0.00017155742870896684,3.5126582108063874e-11,0.00048030327903432463,0.09739637542848824
dim 0,0,0.16330731,NormVanDerWaalsVolume_T13,0.03813907984954175,0.2434848599091797,0.0643282469797297,0.04900736367034337,0.28828055019378246,0.08000224567885966,-0.026189167130187957
dim 0,0,0.16330731,NormVanDerWaalsVolume_T23,-0.4654652738278876,1.4763069176605864e-51,-0.2828181402398088,1.0804645557279625e-18,2.125372890080327e-50,1.5162821916518467e-17,0.18264713358807882
dim 0,0,0.16330731,NormVanDerWaalsVolume_group1_D0,-0.3130440176639399,9.472783109129359e-23,-0.25021610416364437,7.666194706418192e-15,5.408392407605481e-22,8.23314801268063e-14,0.06282791350029554
dim 0,0,0.16330731,NormVanDerWaalsVolume_group1_D25,-0.3618241277644826,2.3232884775280064e-30,-0.21349959903341473,4.032684669894219e-11,1.7595880986266534e-29,2.915404068711405e-10,0.14832452873106786
dim 0,0,0.16330731,NormVanDerWaalsVolume_group1_D50,-0.19706617625861025,1.1722799369961961e-09,-0.14874220950362066,4.820611707154124e-06,3.5021600980029472e-09,1.7596549838136364e-05,0.048323966754989595
dim 0,0,0.16330731,NormVanDerWaalsVolume_group1_D75,-0.20495924012736555,2.406439732687137e-10,-0.10851147815838985,0.0008779259926203781,7.599113761257137e-10,0.002134114130532797,0.0964477619689757
dim 0,0,0.16330731,NormVanDerWaalsVolume_group1_D100,0.22983854667926348,1.0666377030158301e-12,0.17875441350832288,3.611285833877881e-08,3.9149120088712886e-12,1.8303026836346164e-07,0.0510841331709406
dim 0,0,0.16330731,NormVanDerWaalsVolume_group2_D0,-0.11500244104722221,0.00041984144322256505,-0.16552611489935826,3.4827478245755626e-07,0.0007478775575271292,1.5468587412343589e-06,-0.05052367385213605
dim 0,0,0.16330731,NormVanDerWaalsVolume_group2_D25,0.24849146166989125,1.1849298041673355e-14,0.07152011644888275,0.028586312494803357,4.844143875053734e-14,0.049164924682102575,0.1769713452210085
dim 0,0,0.16330731,NormVanDerWaalsVolume_group2_D50,0.029603688804912504,0.36537471721247217,-0.02713418258313532,0.40674590360112195,0.4167867334322599,0.49044451914359105,0.002469506221777183
dim 0,0,0.16330731,NormVanDerWaalsVolume_group2_D75,-0.028136486931600903,0.38962847224909725,-0.04915102733261374,0.13272671966181157,0.4424886424046191,0.19066978222384973,-0.02101454040101284
dim 0,0,0.16330731,NormVanDerWaalsVolume_group2_D100,-0.19230431084036242,2.953967476288681e-09,-0.14115919529261955,1.4449810492220835e-05,8.564454314934197e-09,4.865157968146934e-05,0.05114511554774287
dim 0,0,0.16330731,NormVanDerWaalsVolume_group3_D0,0.28400686554340004,7.639821643436672e-19,0.22875122190169608,1.3704317636487613e-12,3.8429223326925425e-18,1.1443105226467156e-11,0.05525564364170396
dim 0,0,0.16330731,NormVanDerWaalsVolume_group3_D25,0.157609172778638,1.2447278210896306e-06,0.08537202507149812,0.008934173451501975,2.8691448740092247e-06,0.017389358582760254,0.07223714770713989
dim 0,0,0.16330731,NormVanDerWaalsVolume_group3_D50,0.2016040632938258,4.754512482658917e-10,0.16961557814844527,1.760773200742936e-07,1.4649512631070831e-09,8.134138990983964e-07,0.031988485145380524
dim 0,0,0.16330731,NormVanDerWaalsVolume_group3_D75,0.15785156747367657,1.19821231783422e-06,0.12035436429059469,0.000221960495194612,2.7676550079988206e-06,0.0006088295813915753,0.037497203183081876
dim 0,0,0.16330731,NormVanDerWaalsVolume_group3_D100,0.028167207847538234,0.38911082291733673,0.11286262306688204,0.000537714902971643,0.4421950460177939,0.001363680923253825,-0.0846954152193438
dim 0,0,0.16330731,Polarity_C1,-0.35033843679911275,1.9136434168958544e-28,-0.11258279747451151,0.0005552270362959206,1.3570210217478033e-27,0.0014006482637676549,0.23775563932460125
dim 0,0,0.16330731,Polarity_C2,0.48962950224436463,1.1903698684350822e-57,0.24819689276512977,1.2759957196135956e-14,2.1491001949044186e-56,1.3486790200979144e-13,0.24143260947923487
dim 0,0,0.16330731,Polarity_C3,-0.5154279699474839,1.0191910508762396e-64,-0.2973149238733309,1.405783600793303e-20,2.3804881887598883e-63,2.335978719726185e-19,0.21811304607415294
dim 0,0,0.16330731,Polarity_T12,0.3728329616158816,2.851086942195777e-32,0.22201999338960615,6.2857827350970434e-12,2.2672929492699753e-31,4.951536399817011e-11,0.15081296822627543
dim 0,0,0.16330731,Polarity_T13,-0.4222797712815076,8.169149056759601e-42,-0.15780230542695425,1.2075284071965827e-06,8.91665289201865e-41,4.847529903890128e-06,0.26447746585455334
dim 0,0,0.16330731,Polarity_T23,0.10247699237017106,0.0016839934869527172,0.08443932172156099,0.009712644219506213,0.0027775497513195437,0.018751579013381935,0.018037670648610074
dim 0,0,0.16330731,Polarity_group1_D0,0.18371174783022753,1.4765223544010168e-08,0.06597048685348482,0.043498585527523406,4.0656097804611676e-08,0.07155232210041594,0.11774126097674271
dim 0,0,0.16330731,Polarity_group1_D25,0.16310039661359463,5.178967616637019e-07,-0.0017430842583237393,0.9575044967150159,1.2408717245027005e-06,0.9670592739728313,0.1613573123552709
dim 0,0,0.16330731,Polarity_group1_D50,0.09857899819454832,0.0025204064164942403,0.012292155508464648,0.7070801517631703,0.004078564646846299,0.7601054737331795,0.08628684268608368
dim 0,0,0.16330731,Polarity_group1_D75,0.12176486064452356,0.0001868124551131753,0.06274465898112708,0.054861583899045954,0.0003493581187446839,0.08848518885289769,0.059020201663396485
dim 0,0,0.16330731,Polarity_group1_D100,0.04718065802387418,0.14899306762222803,0.06667789035616964,0.04129186240943438,0.1848576693381284,0.06827466358787665,-0.01949723233229546
dim 0,0,0.16330731,Polarity_group2_D0,-0.32729904473405796,7.805552280952583e-25,-0.2634142391316868,2.450857791239546e-16,4.836835736248911e-24,2.8621905673916377e-15,0.06388480560237114
dim 0,0,0.16330731,Polarity_group2_D25,-0.35563487041891106,2.559885146975381e-29,-0.1611268431026357,7.121811523149089e-07,1.8791244815159942e-28,2.943917139519549e-06,0.19450802731627537
dim 0,0,0.16330731,Polarity_group2_D50,-0.24682555912363682,1.7988677177493428e-14,-0.13115910264049713,5.651987993664776e-05,7.309267855575188e-14,0.0001717710636837157,0.1156664564831397
dim 0,0,0.16330731,Polarity_group2_D75,-0.2041655644187562,2.83001986811233e-10,-0.0797199733890929,0.014650995429041757,8.858731358477208e-10,0.027005697976269023,0.1244455910296633
dim 0,0,0.16330731,Polarity_group2_D100,0.14256082172470652,1.1845164099448969e-05,0.10576190377861888,0.0011861258994331212,2.4929330870925996e-05,0.002803722932842622,0.03679891794608764
dim 0,0,0.16330731,Polarity_group3_D0,0.04533691975378235,0.16555025200106346,0.03529547158287279,0.28045197966113594,0.20343555617496395,0.35985770728705113,0.010041448170909566
dim 0,0,0.16330731,Polarity_group3_D25,0.38827152252381764,4.4431422961072464e-35,0.13769616317689473,2.3423448941604753e-05,3.8445842665798453e-34,7.61775262560466e-05,0.2505753593469229
dim 0,0,0.16330731,Polarity_group3_D50,0.2552943960899427,2.0861207397291232e-15,0.11067525207137442,0.0006894804103789912,8.910029757922342e-15,0.0017033021972380404,0.1446191440185683
dim 0,0,0.16330731,Polarity_group3_D75,0.22565858149935153,2.77590344437117e-12,0.1028991825298301,0.0016107020542697201,9.87382055825315e-12,0.003720432130885799,0.12275939896952143
dim 0,0,0.16330731,Polarity_group3_D100,-0.09312556972341514,0.0043306875469279705,0.0314190385583243,0.3367007869019552,0.006810026556845302,0.420403973178516,0.06170653116509084
dim 0,0,0.16330731,Polarizability_C1,0.4357477304919859,1.0544638789311417e-44,0.22593548189674953,2.6069916066844814e-12,1.257824769867862e-43,2.134154893707394e-11,0.20981224859523637
dim 0,0,0.16330731,Polarizability_C2,-0.323583655240904,2.7952509024864076e-24,-0.15381409803087645,2.24287184184372e-06,1.7005715873050275e-23,8.660337516483266e-06,0.16976955721002754
dim 0,0,0.16330731,Polarizability_C3,-0.39042957000649936,1.7504911034004106e-35,-0.19972552154177306,6.925815358919963e-10,1.5305341061144952e-34,4.34816227420915e-09,0.1907040484647263
dim 0,0,0.16330731,Polarizability_T12,0.42657560053068483,1.0110828389689403e-42,0.21533625332048453,2.7190092507202162e-11,1.1294370174435653e-41,2.0003283914990136e-10,0.2112393472102003
dim 0,0,0.16330731,Polarizability_T13,-0.014524550123943198,0.6570186994888848,0.018670572619833962,0.5681341413340945,0.6999816447505184,0.6415037295658809,-0.004146022495890763
dim 0,0,0.16330731,Polarizability_T23,-0.4265933674831548,1.0023205030526195e-42,-0.24367320053258104,3.9302906659135135e-14,1.1234062014079696e-41,3.9105807933254087e-13,0.18292016695057375
dim 0,0,0.16330731,Polarizability_group1_D0,-0.28339499678031654,9.133858993194715e-19,-0.2321388664659686,6.250679791009786e-13,4.560102995107675e-18,5.408619301029194e-12,0.05125613031434795
dim 0,0,0.16330731,Polarizability_group1_D25,-0.2822490150965956,1.2747400282689551e-18,-0.109252939978044,0.0008085528584496729,6.316960970947047e-18,0.0019769886875709427,0.1729960751185516
dim 0,0,0.16330731,Polarizability_group1_D50,-0.26012457925897015,5.888678817185237e-16,-0.1262030332959447,0.0001072954518664154,2.587919374920881e-15,0.0003100437773324985,0.13392154596302544
dim 0,0,0.16330731,Polarizability_group1_D75,-0.22855791146733415,1.4326815183103155e-12,-0.11468879162168377,0.0004354635722331127,5.209426930115637e-12,0.001130986260698753,0.11386911984565037
dim 0,0,0.16330731,Polarizability_group1_D100,0.14912432646396462,4.55452121636028e-06,0.14227733831873643,1.2332909200616152e-05,9.955563391782286e-06,4.181920480208928e-05,0.006846988145228189
dim 0,0,0.16330731,Polarizability_group2_D0,-0.1918714351427772,3.209167103159397e-09,-0.18441377654332658,1.2982675681879565e-08,9.256146912394114e-09,7.02789899148748e-08,0.007457658599450634
dim 0,0,0.16330731,Polarizability_group2_D25,0.141671392103193,1.344040246570171e-05,-0.012999593470635057,0.6910658072423685,2.810954554504929e-05,0.7490393905659988,0.12867179863255793
dim 0,0,0.16330731,Polarizability_group2_D50,0.17167891935072957,1.2402713771447123e-07,-0.006967566543585137,0.8313283103393732,3.1622186256972054e-07,0.8647264268245114,0.16471135280714444
dim 0,0,0.16330731,Polarizability_group2_D75,0.026613612765240446,0.41581025079453304,-0.05370701201870334,0.10038552328154808,0.4689699160672392,0.14988272139489076,-0.027093399253462897
dim 0,0,0.16330731,Polarizability_group2_D100,-0.015570723723976339,0.634060432981511,-0.06550371573757094,0.04500847783079303,0.6772503505462893,0.073871408331621,-0.0499329920135946
dim 0,0,0.16330731,Polarizability_group3_D0,0.28400686554340004,7.639821643436672e-19,0.22875122190169608,1.3704317636487613e-12,3.8429223326925425e-18,1.1443105226467156e-11,0.05525564364170396
dim 0,0,0.16330731,Polarizability_group3_D25,0.157609172778638,1.2447278210896306e-06,0.08537202507149812,0.008934173451501975,2.8691448740092247e-06,0.017389358582760254,0.07223714770713989
dim 0,0,0.16330731,Polarizability_group3_D50,0.2016040632938258,4.754512482658917e-10,0.16961557814844527,1.760773200742936e-07,1.4649512631070831e-09,8.134138990983964e-07,0.031988485145380524
dim 0,0,0.16330731,Polarizability_group3_D75,0.15785156747367657,1.19821231783422e-06,0.12035436429059469,0.000221960495194612,2.7676550079988206e-06,0.0006088295813915753,0.037497203183081876
dim 0,0,0.16330731,Polarizability_group3_D100,0.028167207847538234,0.38911082291733673,0.11286262306688204,0.000537714902971643,0.4421950460177939,0.001363680923253825,-0.0846954152193438
dim 0,0,0.16330731,Charge_C1,-0.5088747812464319,7.264935234840701e-63,-0.3965171815188043,1.2181169446503171e-36,1.6506723594808125e-61,7.676435085154829e-35,0.11235759972762766
dim 0,0,0.16330731,Charge_C2,0.4957207871208728,2.891450711209394e-59,0.2997335987546949,6.646636336228888e-21,5.6476288745259514e-58,1.1384495057951017e-19,0.1959871883661779
dim 0,0,0.16330731,Charge_C3,-0.348054250677539,4.503222629592321e-28,-0.10810431079736578,0.0009183259776442048,3.1204903698834753e-27,0.0022242268058967687,0.2399499398801732
dim 0,0,0.16330731,Charge_T12,-0.4355538840255211,1.162914251826437e-44,-0.353184943054331,6.52228470714974e-29,1.3773523408157092e-43,2.2229011144775643e-27,0.08236894097119007
dim 0,0,0.16330731,Charge_T13,-0.45029994933081285,5.642216088716476e-48,-0.2830823164612877,1.0005085893938438e-18,7.361328803247278e-47,1.415974020582813e-17,0.16721763286952518
dim 0,0,0.16330731,Charge_T23,-0.27421092850605405,1.2647405683296117e-17,-0.029034934788038525,0.37466267443721235,6.03461928317272e-17,0.4583910847129399,0.24517599371801552
dim 0,0,0.16330731,Charge_group1_D0,0.04543598479912433,0.16462686996055953,0.023626487791491665,0.4700774796882481,0.20267369910367447,0.5503185356322288,0.021809497007632662
dim 0,0,0.16330731,Charge_group1_D25,0.21771789035017836,1.6222825011217024e-11,0.153903799394085,2.2122291378148854e-06,5.512129759660718e-11,8.551904305904764e-06,0.06381409095609336
dim 0,0,0.16330731,Charge_group1_D50,0.08296094048600422,0.011070588957589469,0.07176341087625858,0.028048236888647906,0.016462941726780422,0.04838900372318389,0.01119752960974564
dim 0,0,0.16330731,Charge_group1_D75,0.16469204739783197,3.9944523216443097e-07,0.11847631596882774,0.0002784327014529972,9.724104048317781e-07,0.0007493676251837314,0.04621573142900423
dim 0,0,0.16330731,Charge_group1_D100,0.022140608758472905,0.4984615252691284,0.077192669242244,0.018114193093820122,0.5498221579917071,0.032658818968897725,-0.05505206048377109
dim 0,0,0.16330731,Charge_group2_D0,-0.10807911985310438,0.0009208811157645268,-0.12092450803251913,0.0002070659663847984,0.0015813588311843288,0.0005725168275871081,-0.012845388179414746
dim 0,0,0.16330731,Charge_group2_D25,-0.14626321241315765,6.943813446387551e-06,-0.04535166574754716,0.16541255913257447,1.4905100842502841e-05,0.2312590822531598,0.10091154666561049
dim 0,0,0.16330731,Charge_group2_D50,-0.016786847383458623,0.6078091278289021,-0.018036903807146454,0.5813418870055466,0.6533899217729426,0.6537649503698739,-0.0012500564236878307
dim 0,0,0.16330731,Charge_group2_D75,-0.021711275201840352,0.506829124921575,-0.001483135613068981,0.9638371976543184,0.55776252956773,0.9725728822252034,0.02022813958877137
dim 0,0,0.16330731,Charge_group2_D100,0.20826535152900838,1.2161617925894402e-10,0.1106237189981957,0.0006934939922198038,3.9246187316412855e-10,0.0017119511707421617,0.09764163253081268
dim 0,0,0.16330731,Charge_group3_D0,-0.0349633601146093,0.2850053999046316,-0.027784193379398036,0.3955944886363866,0.3324897085859132,0.48029283607616546,0.007179166735211264
dim 0,0,0.16330731,Charge_group3_D25,0.11140146248337753,0.000635165266134423,-0.02945337508558279,0.36781532944074397,0.0011095460192933958,0.4513237326715962,0.08194808739779473
dim 0,0,0.16330731,Charge_group3_D50,0.03662053818733994,0.2627774126547529,0.02922767906599993,0.37149889326647584,0.30806478001645304,0.4553417627559741,0.007392859121340013
dim 0,0,0.16330731,Charge_group3_D75,0.057753948060361875,0.07722993289116484,0.08687874003479172,0.007793662082142432,0.10175462558441442,0.015339323131617986,-0.029124791974429846
dim 0,0,0.16330731,Charge_group3_D100,-0.02139661628160869,0.5130082263660792,0.10106584499127938,0.0019517620996961174,0.5636340381785213,0.004410612593359291,-0.07966922870967069
dim 0,0,0.16330731,SecondaryStructure_C1,-0.4715467135545037,4.80003109501632e-53,-0.25417463537238416,2.7864700727128304e-15,7.254345636811995e-52,3.041441190477403e-14,0.21737207818211957
dim 0,0,0.16330731,SecondaryStructure_C2,0.19527397224103804,1.6644881177937439e-09,0.09069442886069581,0.005465771948755371,4.932910659654929e-09,0.011260715553791947,0.10457954338034223
dim 0,0,0.16330731,SecondaryStructure_C3,0.49953338937501673,2.7153722200020254e-60,0.2764261301914606,6.770703968606451e-18,5.633132431556997e-59,8.697750482748287e-17,0.22310725918355612
dim 0,0,0.16330731,SecondaryStructure_T12,-0.3893241429231397,2.823259436292841e-35,-0.21246640290068441,5.025895647715818e-11,2.455647530525544e-34,3.5640109264056966e-10,0.1768577400224553
dim 0,0,0.16330731,SecondaryStructure_T13,-0.3199769253231925,9.48192468329422e-24,-0.17771254923799606,4.344410458773142e-08,5.655290793250482e-23,2.1657210346719843e-07,0.14226437608519643
dim 0,0,0.16330731,SecondaryStructure_T23,0.47709626035595554,1.9816810441711583e-54,0.2796325022967145,2.712905507093227e-18,3.122082399779089e-53,3.6244417574765517e-17,0.19746375805924105
dim 0,0,0.16330731,SecondaryStructure_group1_D0,0.02641456739361719,0.41930732998584624,-0.015621574614197976,0.6329531916850324,0.4724769017073492,0.700021079545698,0.010792992779419214
dim 0,0,0.16330731,SecondaryStructure_group1_D25,0.11552106546679089,0.00039515137931166275,0.1681415513493857,2.2558046553496394e-07,0.0007076705667029241,1.027883703801882e-06,-0.0526204858825948
dim 0,0,0.16330731,SecondaryStructure_group1_D50,-0.00367574077656046,0.9105329857410542,0.10251241657388972,0.0016777281758778612,0.9260597358024121,0.0038539285470646878,-0.09883667579732926
dim 0,0,0.16330731,SecondaryStructure_group1_D75,-0.011176608697799567,0.7325954339003499,0.11584108775249953,0.0003805990651952494,0.7711530883161578,0.0010041081182876248,-0.10466447905469996
dim 0,0,0.16330731,SecondaryStructure_group1_D100,-0.09582120995856447,0.0033250259377755795,0.0113490798934524,0.7286304237285108,0.0053136778144356155,0.7788565298466339,0.08447213006511206
dim 0,0,0.16330731,SecondaryStructure_group2_D0,-0.023734921186451173,0.46804161654854054,-0.09231336774497707,0.0046836474850276925,0.5203924764554345,0.0098324214959098,-0.06857844655852591
dim 0,0,0.16330731,SecondaryStructure_group2_D25,-0.05767944618682752,0.07761308510422119,-0.022333461791560132,0.4947268822513758,0.10213857535386082,0.5733476012212335,0.035345984395267385
dim 0,0,0.16330731,SecondaryStructure_group2_D50,0.05063166893866957,0.1214338830915018,0.036300851388797385,0.26696964160930603,0.15339983718820574,0.3452927264302576,0.014330817549872185
dim 0,0,0.16330731,SecondaryStructure_group2_D75,0.1531251621028465,2.4921629659425468e-06,0.055302372521948605,0.0906715301622221,5.586459265938326e-06,0.13703299128589222,0.09782278958089788
dim 0,0,0.16330731,SecondaryStructure_group2_D100,0.0976672566770059,0.002764253242371983,0.05783618011444196,0.07680881353233565,0.004453741355293016,0.11860445547757795,0.03983107656256395
dim 0,0,0.16330731,SecondaryStructure_group3_D0,-0.20300202869363887,3.585120488067211e-10,-0.15857443913478114,1.0691985551084384e-06,1.1138885981529753e-09,4.3181658694826895e-06,0.04442758955885773
dim 0,0,0.16330731,SecondaryStructure_group3_D25,-0.22761896741339768,1.7766701100387271e-12,-0.25067851319425677,6.817579598253441e-15,6.4082917575910895e-12,7.345392212311773e-14,-0.023059545780859086
dim 0,0,0.16330731,SecondaryStructure_group3_D50,-0.01760235858506785,0.5904813215068312,-0.12779451886069645,8.755452209778388e-05,0.6374297394417634,0.000256294569506221,-0.1101921602756286
dim 0,0,0.16330731,SecondaryStructure_group3_D75,-0.07661932314870479,0.018992891148963523,-0.13489026399715603,3.4355993666081084e-05,0.027284411370984158,0.00010866384360294584,-0.05827094084845125
dim 0,0,0.16330731,SecondaryStructure_group3_D100,0.11057153953518442,0.0006975799974342676,0.04336366999613769,0.18476230351988215,0.0012122357915871247,0.2541727633773719,0.06720786953904673
dim 0,0,0.16330731,SolventAccessibility_C1,0.0099769085937033,0.7603679459732711,0.07890545985671382,0.015697428250580313,0.7968713334015455,0.028728444031199042,-0.06892855126301052
dim 0,0,0.16330731,SolventAccessibility_C2,-0.4986367831341103,4.748806964128741e-60,-0.300073361105214,5.979368481384172e-21,9.61273652132727e-59,1.0294376663826358e-19,0.19856342202889632
dim 0,0,0.16330731,SolventAccessibility_C3,0.48883325978230163,1.9245869067636672e-57,0.23709878911603466,1.9364600114529972e-13,3.4374974698345714e-56,1.7866785741030416e-12,0.251734470666267
dim 0,0,0.16330731,SolventAccessibility_T12,-0.41998932940944944,2.458326388967627e-41,-0.1488091189625983,4.772969407524811e-06,2.6401318775407956e-40,1.7441704399488914e-05,0.27118021044685114
dim 0,0,0.16330731,SolventAccessibility_T13,0.41535656855846004,2.2241846083235833e-40,0.23100655572358578,8.137331703549448e-13,2.314260620498682e-39,7.004816466457514e-12,0.18435001283487426
dim 0,0,0.16330731,SolventAccessibility_T23,0.03176195376674363,0.33145113585099967,0.030076532273738767,0.35776329146200603,0.38160868450270213,0.441748389457708,0.001685421493004862
dim 0,0,0.16330731,SolventAccessibility_group1_D0,-0.14253755114796424,1.1884499180416256e-05,-0.15067224809682483,3.6134641258042718e-06,2.4996364774930916e-05,1.3454816254388259e-05,-0.008134696948860598
dim 0,0,0.16330731,SolventAccessibility_group1_D25,-0.12832126212835734,8.181362350463972e-05,-0.005742721251520325,0.8606442572706098,0.00015877832801016657,0.8880296012616116,0.12257854087683702
dim 0,0,0.16330731,SolventAccessibility_group1_D50,-0.10428198096639063,0.0013906875194943803,0.05291192190795443,0.10552690598026254,0.0023294364669564846,0.15623221009489224,0.0513700590584362
dim 0,0,0.16330731,SolventAccessibility_group1_D75,-0.13928024870134306,1.8806280536135706e-05,-0.006452604847739461,0.8436275463185432,3.8821370204383967e-05,0.8742525611864518,0.1328276438536036
dim 0,0,0.16330731,SolventAccessibility_group1_D100,0.06681828166289008,0.04086536509183947,0.06313848337966187,0.05335385486474703,0.05586996291720992,0.08642185996520615,0.0036797982832282167
dim 0,0,0.16330731,SolventAccessibility_group2_D0,-0.043621831879320956,0.18215902410764756,-0.04025237902082084,0.21832367439685663,0.22188590099180994,0.29344107544688175,0.0033694528585001132
dim 0,0,0.16330731,SolventAccessibility_group2_D25,0.3461838245260546,9.027861359821765e-28,0.11930384181369869,0.0002520677758272476,6.191592801191929e-27,0.0006850336625410959,0.22687998271235593
dim 0,0,0.16330731,SolventAccessibility_group2_D50,0.21812966596935374,1.4828048468082696e-11,0.10640973609173449,0.001105634236164791,5.043348460630978e-11,0.0026396128297286646,0.11171992987761925
dim 0,0,0.16330731,SolventAccessibility_group2_D75,0.23405919791991148,3.9835340352109265e-13,0.10858947324785578,0.0008703774440375829,1.503390246057005e-12,0.0021203943567363434,0.1254697246720557
dim 0,0,0.16330731,SolventAccessibility_group2_D100,-0.11500428517672082,0.00041975115652657,0.024754793152040797,0.44913375317391174,0.0007478775575271292,0.5300649631149263,0.09024949202468002
dim 0,0,0.16330731,SolventAccessibility_group3_D0,0.1620746941008755,6.114383418518352e-07,0.057920193363618755,0.0763805044088168,1.4504290211542115e-06,0.11799763400807035,0.10415450073725674
dim 0,0,0.16330731,SolventAccessibility_group3_D25,-0.10330923471497372,0.0015423348436730746,-0.11142946288652876,0.000633152846410546,0.002564160466833285,0.0015746317997105165,-0.008120228171555041
dim 0,0,0.16330731,SolventAccessibility_group3_D50,-0.03432913440847139,0.2938389817214072,-0.1085346988679527,0.0008756723267074199,0.3418398463773947,0.002130186140715792,-0.0742055644594813
dim 0,0,0.16330731,SolventAccessibility_group3_D75,-0.06573533599507476,0.04425381561654909,-0.036377876104091475,0.2659553988662717,0.06018230625377605,0.34469966325702267,0.02935745989098329
dim 0,0,0.16330731,SolventAccessibility_group3_D100,0.3154972100048351,4.224600190375968e-23,0.24416756453857458,3.479449060462772e-14,2.44968136039162e-22,3.4883640468234587e-13,0.07132964546626053
dim 880,880,0.13460498,AAC_A,0.2670475599415129,9.175139067034106e-17,0.22925300009923527,1.2209520779098487e-12,4.1864705579090045e-16,1.0297929141966906e-11,0.03779455984227764
dim 880,880,0.13460498,AAC_C,0.2573140865354328,1.2332161767909926e-15,0.24250122098224636,5.2408198545344476e-14,5.321630530338392e-15,5.103305630946081e-13,0.01481286555318645
dim 880,880,0.13460498,AAC_D,-0.3501071601751717,2.0875258161260626e-28,-0.2992999279622463,7.606048208949134e-21,1.4709570096753268e-27,1.2895533511619344e-19,0.05080723221292538
dim 880,880,0.13460498,AAC_E,-0.35234704439359027,8.963947988741065e-29,-0.24361594716612167,3.9860725760552873e-14,6.466433322331568e-28,3.950588250452421e-13,0.1087310972274686
dim 880,880,0.13460498,AAC_F,-0.17747117980297103,4.533769270551633e-08,-0.1341749401276326,3.78349856985689e-05,1.202763253665008e-07,0.00011851417031890766,0.04329623967533844
dim 880,880,0.13460498,AAC_G,0.2576527517618316,1.128656340191069e-15,0.20747171782699636,1.4341359666712606e-10,4.876729852830751e-15,9.795529915505133e-10,0.05018103393483525
dim 880,880,0.13460498,AAC_H,-0.254412752961425,2.6204284419597598e-15,-0.14450469131729807,8.963448086585586e-06,1.1106892127088323e-14,3.124505110931815e-05,0.10990806164412695
dim 880,880,0.13460498,AAC_I,-0.2751770425397214,9.637302526526354e-18,-0.20746069064808137,1.4374182324253415e-10,4.63812542342911e-17,9.797912033266615e-10,0.06771635189164005
dim 880,880,0.13460498,AAC_K,-0.24744022444199484,1.5426193038526873e-14,-0.14292087925752453,1.1252132932001993e-05,6.283351798619483e-14,3.83882778272591e-05,0.10451934518447031
dim 880,880,0.13460498,AAC_L,-0.28457286261052156,6.473754584833735e-19,-0.2007718183219017,5.619228432415262e-10,3.276112168688587e-18,3.5885703564564005e-09,0.08380104428861987
dim 880,880,0.13460498,AAC_M,-0.20598407643415473,1.9499828341229863e-10,-0.13416293095829834,3.789614787442916e-05,6.214639948445395e-10,0.00011851417031890766,0.07182114547585638
dim 880,880,0.13460498,AAC_N,0.03671841899193097,0.26150297100694525,0.03765032449214356,0.24958276377477834,0.3067860636330162,0.32806234986531274,-0.0009319055002125903
dim 880,880,0.13460498,AAC_P,0.1998430687562822,6.765424444369566e-10,0.06074251080776085,0.0630852274214331,2.059846640309421e-09,0.09981272363220586,0.13910055794852133
dim 880,880,0.13460498,AAC_Q,0.03918271639419877,0.23081583963855257,0.07296789640869335,0.02551091883508164,0.27513379885537675,0.044471017175977394,-0.03378518001449458
dim 880,880,0.13460498,AAC_R,-0.047050975421140076,0.15011473388758506,-0.09065784119713749,0.0054847338561790915,0.186180174966407,0.011287129439086978,-0.043606865775997414
dim 880,880,0.13460498,AAC_S,0.2826315736995958,1.1406947101943282e-18,0.15829616460303128,1.117198886629787e-06,5.6695243036444296e-18,4.501139060727972e-06,0.12433540909656451
dim 880,880,0.13460498,AAC_T,0.26826325263297257,6.582195942405002e-17,0.13284290190861012,4.5221124234493406e-05,3.0365379071315893e-16,0.00013959201011387058,0.13542035072436245
dim 880,880,0.13460498,AAC_V,0.10788392746095171,0.0009409036911539469,0.12127335571973342,0.0001984203444090386,0.0016099479141671016,0.0005495223468708034,-0.013389428258781713
dim 880,880,0.13460498,AAC_W,0.19134861699221214,3.5460542455607933e-09,0.1572839821550737,1.3098627372659368e-06,1.0200147567508153e-08,5.233183663239508e-06,0.03406463483713845
dim 880,880,0.13460498,AAC_Y,-0.0168306879568729,0.6068718749260238,0.005337359566867124,0.8703908202213727,0.6528025965387825,0.8955962229018437,0.011493328390005777
dim 880,880,0.13460498,Hydrophobicity_C1,-0.40093291243213675,1.701542037136239e-37,-0.30187839984744796,3.40040043312062e-21,1.5919188806820835e-36,5.977546024538354e-20,0.09905451258468878
dim 880,880,0.13460498,Hydrophobicity_C2,0.4021939181697338,9.645924755921296e-38,0.2964901560786523,1.8119468050325348e-20,9.178743215036218e-37,2.9378166644702264e-19,0.10570376209108151
dim 880,880,0.13460498,Hydrophobicity_C3,-0.3019378584527245,3.337537088752995e-21,-0.1892940831847497,5.235257729106816e-09,1.8274383403991808e-20,2.9687200025834916e-08,0.11264377526797478
dim 880,880,0.13460498,Hydrophobicity_T12,-0.059513185482160384,0.06862082508586735,-0.029750119286925388,0.3630068879291645,0.09116688774335599,0.4467640075599455,0.029763066195234996
dim 880,880,0.13460498,Hydrophobicity_T13,-0.35788895831053863,1.0748541035799717e-29,-0.24693706875604324,1.7494640449044802e-14,7.995573955361037e-29,1.803459848759557e-13,0.11095188955449539
dim 880,880,0.13460498,Hydrophobicity_T23,0.13616039162703225,2.891363285633705e-05,0.07791799954161636,0.017053639497609567,5.8245798395757386e-05,0.030911596400002687,0.05824239208541589
dim 880,880,0.13460498,Hydrophobicity_group1_D0,-0.018135685735577525,0.5792735394738956,-0.013250697875894208,0.6854141128986083,0.6273585025430647,0.7450333081947261,0.004884987859683316
dim 880,880,0.13460498,Hydrophobicity_group1_D25,0.176401864279133,5.473183509458353e-08,0.043841691259900235,0.17996348232365697,1.4348848447088619e-07,0.24858479361497696,0.13256017301923279
dim 880,880,0.13460498,Hydrophobicity_group1_D50,0.10770186657427361,0.0009599414518842082,0.03924651290894192,0.23005685325317415,0.0016400022758533276,0.30649776221204694,0.06845535366533169
dim 880,880,0.13460498,Hydrophobicity_group1_D75,0.10707409952838123,0.0010283511301837104,0.03017318559638737,0.3562198023783414,0.0017506079382332278,0.4401680132976915,0.07690091393199386
dim 880,880,0.13460498,Hydrophobicity_group1_D100,-0.04150344699905859,0.20433747837152852,0.03379597973227652,0.3014052291696523,0.24629634708080306,0.3823370548525023,0.007707467266782071
dim 880,880,0.13460498,Hydrophobicity_group2_D0,-0.189628729698142,4.914812957946744e-09,-0.13966646456051718,1.781964167571644e-05,1.4030320751745405e-08,5.9162627432299117e-05,0.049962265137624834
dim 880,880,0.13460498,Hydrophobicity_group2_D25,-0.1217681238887546,0.00018673756149270777,0.0052470198064827524,0.8725656949068903,0.0003493581187446839,0.8972812256739573,0.11652110408227186
dim 880,880,0.13460498,Hydrophobicity_group2_D50,0.03761146911356916,0.25007207048693686,0.10604343027270363,0.0011505048049427142,0.2950338097585196,0.002731120148193792,-0.06843196115913447
dim 880,880,0.13460498,Hydrophobicity_group2_D75,0.02217259681087631,0.49784103564608617,0.09751344151841905,0.0028074511996586957,0.5493191473597383,0.006144749021533449,-0.07534084470754274
dim 880,880,0.13460498,Hydrophobicity_group2_D100,0.19836399419922365,9.075791906500562e-10,0.16194008049349562,6.248604801459102e-07,2.735843408638256e-09,2.602286787640075e-06,0.036423913705728034
dim 880,880,0.13460498,Hydrophobicity_group3_D0,0.05860412581526633,0.0729656333356349,-0.041805808099670425,0.20105712045033106,0.09644052842937102,0.27297999280654706,0.016798317715595902
dim 880,880,0.13460498,Hydrophobicity_group3_D25,0.008876431693498655,0.7861185725580854,-0.11533362933818529,0.0004039139727010876,0.8199987608819503,0.0010594076296979776,-0.10645719764468664
dim 880,880,0.13460498,Hydrophobicity_group3_D50,-0.14550357215237814,7.756261754243321e-06,-0.2134603511268033,4.066637518994914e-11,1.658509235542426e-05,2.9336002836809966e-10,-0.06795677897442517
dim 880,880,0.13460498,Hydrophobicity_group3_D75,-0.21104305746447788,6.794242009513315e-11,-0.23604662675409555,2.4885099798001466e-13,2.2379455928771672e-10,2.270935336757511e-12,-0.025003569289617666
dim 880,880,0.13460498,Hydrophobicity_group3_D100,0.03823181963963998,0.24233970077868572,0.02552011196537211,0.43523398988591516,0.28702645411376254,0.518061841132914,0.01271170767426787
dim 880,880,0.13460498,NormVanDerWaalsVolume_C1,0.36893173858624356,1.3827854740043104e-31,0.25544164218838405,2.0079949797247597e-15,1.0867067019233874e-30,2.2134334099936296e-14,0.11349009639785951
dim 880,880,0.13460498,NormVanDerWaalsVolume_C2,-0.32108129405897456,6.5347841434656444e-24,-0.2036766219525979,3.1262709067339584e-10,3.9185240644838877e-23,2.0474009467630236e-09,0.11740467210637667
dim 880,880,0.13460498,NormVanDerWaalsVolume_C3,-0.31641963105341164,3.112235452554266e-23,-0.21688200689679607,1.9459900501819388e-11,1.8172843376802882e-22,1.4671798572477822e-10,0.09953762415661557
dim 880,880,0.13460498,NormVanDerWaalsVolume_T12,0.09909336287154873,0.002391668260381285,0.03659328287772689,0.2631330469380291,0.0038815218608714737,0.34210368889568593,0.06250007999382184
dim 880,880,0.13460498,NormVanDerWaalsVolume_T13,-0.01967763396844393,0.5474433936947887,-0.012002650103413852,0.7136717040495366,0.5967561798108989,0.7659587055030374,0.007674983865030077
dim 880,880,0.13460498,NormVanDerWaalsVolume_T23,-0.3091425237830754,3.368790412740563e-22,-0.20149646033359309,4.858546486436236e-10,1.8974300132467926e-21,3.1146919893852266e-09,0.1076460634494823
dim 880,880,0.13460498,NormVanDerWaalsVolume_group1_D0,-0.14606634705200292,7.146192906278494e-06,-0.09316652548249388,0.004313544268204831,1.5319823046835797e-05,0.009130062012550148,0.05289982156950904
dim 880,880,0.13460498,NormVanDerWaalsVolume_group1_D25,-0.1130242850571563,0.0005278333021462683,-0.008305048104656034,0.7995833722768593,0.0009313065130314506,0.840607007681684,0.10471923695250027
dim 880,880,0.13460498,NormVanDerWaalsVolume_group1_D50,0.037108011174368315,0.25647266011301956,0.08184795079523646,0.012201422871772423,0.3015201283975661,0.022985195934416183,-0.04473993962086815
dim 880,880,0.13460498,NormVanDerWaalsVolume_group1_D75,0.0007426385806900425,0.9818878498854482,0.06836291648283371,0.03641394251005382,0.9860208715025246,0.06093315029237463,-0.06762027790214367
dim 880,880,0.13460498,NormVanDerWaalsVolume_group1_D100,0.20024110872132664,6.248724262286457e-10,0.16482829666328827,3.906179431002626e-07,1.9060035649348644e-09,1.7099134075424337e-06,0.03541281205803837
dim 880,880,0.13460498,NormVanDerWaalsVolume_group2_D0,-0.04058297280912777,0.2145627691078152,-0.055235194166954237,0.09106476079094668,0.2573212383555126,0.13744071443369268,-0.01465222135782647
dim 880,880,0.13460498,NormVanDerWaalsVolume_group2_D25,0.05734741016341957,0.07933953611407508,-0.052083334929972844,0.11110459077406269,0.10412339906523017,0.1633315727048281,0.005264075233446727
dim 880,880,0.13460498,NormVanDerWaalsVolume_group2_D50,-0.10062940433243941,0.0020421600598481975,-0.13551811242793205,3.155447738864417e-05,0.003336993444174648,9.999236667748722e-05,-0.03488870809549263
dim 880,880,0.13460498,NormVanDerWaalsVolume_group2_D75,-0.03984655145444406,0.22300482007232608,-0.04895442417225098,0.1342853657390232,0.2664887653100426,0.19241232156513835,-0.009107872717806921
dim 880,880,0.13460498,NormVanDerWaalsVolume_group2_D100,-0.031427476948827686,0.3365709671974928,0.010213087101512544,0.754874793915035,0.38723631775391865,0.8004069243416561,0.021214389847315142
dim 880,880,0.13460498,NormVanDerWaalsVolume_group3_D0,0.03658111106882065,0.26329197491240913,-0.016702008850356533,0.6096246900834598,0.308451489374762,0.6796216504935766,0.019879102218464118
dim 880,880,0.13460498,NormVanDerWaalsVolume_group3_D25,-0.004139467265224285,0.8993026045564448,-0.05454062936492394,0.0952111628092576,0.9171513585400078,0.142859516524223,-0.05040116209969965
dim 880,880,0.13460498,NormVanDerWaalsVolume_group3_D50,0.0006772343163704627,0.9834827505046079,-0.034327987251426204,0.29385512381119994,0.9870289623453696,0.374038153021878,-0.03365075293505574
dim 880,880,0.13460498,NormVanDerWaalsVolume_group3_D75,-0.04047350431860138,0.21580290657691534,-0.07589732533994813,0.020152173096464734,0.2585300243783706,0.035916893352290404,-0.035423821021346745
dim 880,880,0.13460498,NormVanDerWaalsVolume_group3_D100,0.005247040548536002,0.8725651954435527,0.04250205643781015,0.19364963047991648,0.8956262301110837,0.26453569153493706,-0.03725501588927415
dim 880,880,0.13460498,Polarity_C1,-0.2940154621670496,3.86128370452994e-20,-0.17859698111925218,3.713824208245363e-08,2.0088298400514018e-19,1.876576831397808e-07,0.11541848104779742
dim 880,880,0.13460498,Polarity_C2,0.4014384560672756,1.3556498797554645e-37,0.29286399151915704,5.476808934271185e-20,1.2790594910687152e-36,8.588047812425238e-19,0.10857446454811853
dim 880,880,0.13460498,Polarity_C3,-0.4177098545738018,7.297190927715342e-41,-0.3160634107463777,3.502504915465954e-23,7.759395478737272e-40,7.176911912672569e-22,0.10164644382742405
dim 880,880,0.13460498,Polarity_T12,0.2337040299608544,4.3309881436536686e-13,0.14094289645478855,1.4897406594923332e-05,1.6271653993029533e-12,5.0108094689873044e-05,0.09276113350606585
dim 880,880,0.13460498,Polarity_T13,-0.3643132680523708,8.719259986600667e-31,-0.24748122597442865,1.5268638899406205e-14,6.710213906738763e-30,1.5936641851255225e-13,0.11683204207794215
dim 880,880,0.13460498,Polarity_T23,0.059134581397033766,0.07040383532903118,0.04371495073603582,0.18122671899154066,0.09342423917320784,0.25022622630497965,0.015419630660997947
dim 880,880,0.13460498,Polarity_group1_D0,0.03338177871360893,0.3073719804918916,-0.03986484606267019,0.22279226367398933,0.35671383420532243,0.29860600347958444,-0.006483067349061261
dim 880,880,0.13460498,Polarity_group1_D25,-0.0035378850662971945,0.9138750788817346,-0.10122311167467234,0.0019200976059151522,0.9291758792891913,0.004344936316908271,-0.09768522660837514
dim 880,880,0.13460498,Polarity_group1_D50,-0.1227613333865179,0.00016520712685555696,-0.18104265256884378,2.397212699796419e-08,0.0003112192914255839,1.2549671500501631e-07,-0.058281319182325875
dim 880,880,0.13460498,Polarity_group1_D75,-0.13975434113268587,1.7602129095426123e-05,-0.18762738696775833,7.158479037073544e-09,3.651621812343059e-05,4.004911220071296e-08,-0.04787304583507246
dim 880,880,0.13460498,Polarity_group1_D100,0.1037264037756657,0.001475528007583651,0.11339182413271902,0.0005059927748736218,0.0024604411109981996,0.0012881218506691286,-0.009665420357053325
dim 880,880,0.13460498,Polarity_group2_D0,-0.17527232410126098,6.669406385752233e-08,-0.12236949269933904,0.0001734067285641676,1.733526640343382e-07,0.000485074098328576,0.05290283140192194
dim 880,880,0.13460498,Polarity_group2_D25,-0.14863552085985055,4.897520347214281e-06,-0.02579333801524977,0.43033232616255823,1.0649555963343553e-05,0.5136332099556822,0.12284218284460077
dim 880,880,0.13460498,Polarity_group2_D50,0.008648718338278065,0.7914772890775802,0.09207221242357266,0.004793342456794055,0.823787518080124,0.01002417501156644,-0.08342349408529459
dim 880,880,0.13460498,Polarity_group2_D75,0.06250111433539135,0.055811606607118966,0.14953783749139504,4.282411965463708e-06,0.07505084814622108,1.5769852221222473e-05,-0.08703672315600369
dim 880,880,0.13460498,Polarity_group2_D100,0.20306524138792292,3.5394776060195913e-10,0.18260960605466922,1.805200852426775e-08,1.101757241761923e-09,9.600908992206097e-08,0.020455635333253702
dim 880,880,0.13460498,Polarity_group3_D0,-0.003732458819384994,0.909158402048836,-0.012984869215489416,0.6913977490649521,0.9252251867285535,0.7490393905659988,-0.009252410396104423
dim 880,880,0.13460498,Polarity_group3_D25,0.19763105983097787,1.0489301746765958e-09,0.050203666036809806,0.12461831454437347,3.150563654154523e-09,0.180843726363059,0.14742739379416805
dim 880,880,0.13460498,Polarity_group3_D50,0.08987402881406448,0.005905451062335856,-0.000584642957130773,0.9857407269606488,0.009118911950162626,0.9889979056919698,0.0892893858569337
dim 880,880,0.13460498,Polarity_group3_D75,0.05854474772985906,0.07325707592932058,-0.02018761105115753,0.5371094189357861,0.09678743417877007,0.6131351994819971,0.03835713667870153
dim 880,880,0.13460498,Polarity_group3_D100,-0.06965214047359004,0.0330210533535843,-0.0060953320888104704,0.8521831882623049,0.04589692809029196,0.8803872096492726,0.06355680838477958
dim 880,880,0.13460498,Polarizability_C1,0.34182610697190496,4.4814970759706624e-27,0.23444319133619218,3.638609387142432e-13,3.023878835099396e-26,3.240788094148193e-12,0.10738291563571278
dim 880,880,0.13460498,Polarizability_C2,-0.243859117778044,3.754384926838327e-14,-0.15041535205251896,3.7555677626564944e-06,1.5035546349688265e-13,1.3952832399635918e-05,0.09344376572552504
dim 880,880,0.13460498,Polarizability_C3,-0.31641963105341164,3.112235452554266e-23,-0.21688200689679607,1.9459900501819388e-11,1.8172843376802882e-22,1.4671798572477822e-10,0.09953762415661557
dim 880,880,0.13460498,Polarizability_T12,0.26699480876220194,9.3079679662812e-17,0.14541302456558847,7.858947723707805e-06,4.2355058593159685e-16,2.7747236149243203e-05,0.12158178419661347
dim 880,880,0.13460498,Polarizability_T13,-0.03713560916178225,0.25611888422783363,-0.021998578834350746,0.501221508210058,0.30121023708484657,0.5796675337332388,0.015137030327431501
dim 880,880,0.13460498,Polarizability_T23,-0.29455496736413456,3.27620462527951e-20,-0.18970518792311084,4.844319082038009e-09,1.712444984105409e-19,2.7601722423002234e-08,0.10484977944102372
dim 880,880,0.13460498,Polarizability_group1_D0,-0.13811375550135144,2.211138858456669e-05,-0.09335532444270005,0.004235308346216068,4.516944212382431e-05,0.008981542778642328,0.04475843105865139
dim 880,880,0.13460498,Polarizability_group1_D25,-0.10153953449388589,0.0018578108044820928,0.005513616963109623,0.8661503616208439,0.003053685082170369,0.8926079012075343,0.09602591753077627
dim 880,880,0.13460498,Polarizability_group1_D50,0.02797805445629435,0.392304702500414,0.1248775657088952,0.00012686424314309265,0.44492282049282944,0.0003621594633315637,-0.09689951125260085
dim 880,880,0.13460498,Polarizability_group1_D75,0.06867576651584612,0.03556446365011524,0.15367212361559787,2.29220472730247e-06,0.049105129636785816,8.830408061349771e-06,-0.08499635709975176
dim 880,880,0.13460498,Polarizability_group1_D100,0.14768432005982024,5.6370639333936706e-06,0.1374405507363558,2.426271645558484e-05,1.2194166798921541e-05,7.860084671353383e-05,0.010243769323464436
dim 880,880,0.13460498,Polarizability_group2_D0,-0.09551071876333014,0.0034289172144431816,-0.07822711170239077,0.01661845659953062,0.005469237581776612,0.03024830792503121,0.01728360706093937
dim 880,880,0.13460498,Polarizability_group2_D25,0.05064587992488034,0.12132925057854226,-0.03417419718924933,0.2960245397058286,0.15332565150674654,0.3763692282517958,0.01647168273563101
dim 880,880,0.13460498,Polarizability_group2_D50,-0.022466565221705658,0.49215803998649804,-0.13050179024018352,6.161666625700103e-05,0.5439470064708483,0.0001854051038724175,-0.10803522501847786
dim 880,880,0.13460498,Polarizability_group2_D75,-0.09300344405943796,0.004382173712989713,-0.13869539269278935,2.039983784211106e-05,0.006881269488192591,6.706245904788479e-05,-0.045691948633351395
dim 880,880,0.13460498,Polarizability_group2_D100,0.07324292519183943,0.024960184275135917,0.05504057294533765,0.09221171518402227,0.035354968396502956,0.13904610777184395,0.018202352246501782
dim 880,880,0.13460498,Polarizability_group3_D0,0.03658111106882065,0.26329197491240913,-0.016702008850356533,0.6096246900834598,0.308451489374762,0.6796216504935766,0.019879102218464118
dim 880,880,0.13460498,Polarizability_group3_D25,-0.004139467265224285,0.8993026045564448,-0.05454062936492394,0.0952111628092576,0.9171513585400078,0.142859516524223,-0.05040116209969965
dim 880,880,0.13460498,Polarizability_group3_D50,0.0006772343163704627,0.9834827505046079,-0.034327987251426204,0.29385512381119994,0.9870289623453696,0.374038153021878,-0.03365075293505574
dim 880,880,0.13460498,Polarizability_group3_D75,-0.04047350431860138,0.21580290657691534,-0.07589732533994813,0.020152173096464734,0.2585300243783706,0.035916893352290404,-0.035423821021346745
dim 880,880,0.13460498,Polarizability_group3_D100,0.005247040548536002,0.8725651954435527,0.04250205643781015,0.19364963047991648,0.8956262301110837,0.26453569153493706,-0.03725501588927415
dim 880,880,0.13460498,Charge_C1,-0.320282649254292,8.554800552737282e-24,-0.23777814794252955,1.6458685416949557e-13,5.1206153846133553e-23,1.5270002581280978e-12,0.08250450131176246
dim 880,880,0.13460498,Charge_C2,0.4472671055718574,2.795363268720762e-47,0.35915610811474147,6.578896955748573e-30,3.59096666058744e-46,2.4689343631685656e-28,0.08811099745711592
dim 880,880,0.13460498,Charge_C3,-0.4306486198457948,1.3560556239061395e-43,-0.34180311863660034,4.519232554672043e-27,1.5618019944298295e-42,1.2372325190659527e-25,0.08884550120919443
dim 880,880,0.13460498,Charge_T12,-0.26350890099732927,2.3893732904632025e-16,-0.19706315228142282,1.1729768205105817e-09,1.0640675720196129e-15,7.214995544208735e-09,0.06644574871590644
dim 880,880,0.13460498,Charge_T13,-0.33590287907746863,3.798955811447884e-26,-0.24081014830397293,7.917153632385703e-14,2.4637888175215407e-25,7.576874822970845e-13,0.0950927307734957
dim 880,880,0.13460498,Charge_T23,-0.4034172963529258,5.548608444989911e-38,-0.31427218285612524,6.328742629191479e-23,5.356171157880434e-37,1.2657485258382956e-21,0.08914511349680054
dim 880,880,0.13460498,Charge_group1_D0,-0.07153346229215084,0.02855656807908158,-0.0897001874774496,0.0060026081865828034,0.04009202916525115,0.012180262055398884,-0.018166725185298757
dim 880,880,0.13460498,Charge_group1_D25,-0.004329113614584313,0.8947154732402611,-0.057129755801598896,0.08048807325407657,0.9133098045912201,0.12354327420432709,-0.05280064218701458
dim 880,880,0.13460498,Charge_group1_D50,-0.017997638316293984,0.5821650051582942,-0.03213460754491159,0.3258064616224338,0.629877265056269,0.40811326020509664,-0.014136969228617607
dim 880,880,0.13460498,Charge_group1_D75,0.028883834380123322,0.37715448890518916,-0.007660353649334181,0.8148473030475449,0.42963710536948563,0.8531630069526018,0.02122348073078914
dim 880,880,0.13460498,Charge_group1_D100,0.0029805417700143806,0.9274018838265305,0.026828293443031812,0.4120578117766797,0.9409241470171968,0.4959542671474271,-0.02384775167301743
dim 880,880,0.13460498,Charge_group2_D0,-0.12385132233235416,0.0001442723067198004,-0.12552983525656394,0.00011684865926103806,0.00027316865331300077,0.00033586447670556555,-0.0016785129242097852
dim 880,880,0.13460498,Charge_group2_D25,-0.024162230884336586,0.46006643446260853,0.037207355735805865,0.2552007560465733,0.5127200170520896,0.3340009894966907,-0.013045124851469279
dim 880,880,0.13460498,Charge_group2_D50,0.08873613984914011,0.006567960412609446,0.09405424904579031,0.00395674008353837,0.01007670545618537,0.008439024188389627,-0.0053181091966501975
dim 880,880,0.13460498,Charge_group2_D75,0.0756008529619084,0.02064577674161676,0.09090208666147367,0.0053592661877642144,0.029519218457619848,0.011072687894812925,-0.015301233699565278
dim 880,880,0.13460498,Charge_group2_D100,0.1364949130229734,2.7622654373060642e-05,0.0778903269226608,0.01709308089359278,5.584725520945674e-05,0.0309603525946854,0.05860458610031259
dim 880,880,0.13460498,Charge_group3_D0,0.12282900776507397,0.0001638284003643064,0.13553090763996956,3.1499702967176864e-05,0.0003089705574346603,9.991358775913649e-05,-0.01270189987489559
dim 880,880,0.13460498,Charge_group3_D25,0.11887044627023167,0.0002655694237937793,0.04970634515958786,0.12839973817906658,0.0004868286912575318,0.18565156948834735,0.0691641011106438
dim 880,880,0.13460498,Charge_group3_D50,-0.017367354716292426,0.5954513193694865,-0.02519827283616436,0.44104882310776355,0.641964947286664,0.5236768820405013,-0.007830918119871935
dim 880,880,0.13460498,Charge_group3_D75,-0.0979770012311926,0.002679097693407452,-0.09462303048124446,0.0037424196780431666,0.004320708013510811,0.0080229022623005,0.003353970749948143
dim 880,880,0.13460498,Charge_group3_D100,-0.13295000786852387,4.458008181136464e-05,-0.08210271058751999,0.011933925514791067,8.847146360662976e-05,0.022532114878124457,0.050847297281003886
dim 880,880,0.13460498,SecondaryStructure_C1,-0.2965791999640465,1.7630406732029424e-20,-0.17138756673667085,1.303519168824597e-07,9.317335203319347e-20,6.089166466956859e-07,0.12519163322737567
dim 880,880,0.13460498,SecondaryStructure_C2,0.14877014495104496,4.800665478197237e-06,0.08928250178477337,0.006241949003225426,1.0466202804946977e-05,0.012554387656053552,0.05948764316627159
dim 880,880,0.13460498,SecondaryStructure_C3,0.2957506848810811,2.273360938875554e-20,0.16298509842183873,5.27680844871784e-07,1.1919977293319232e-19,2.239458731730316e-06,0.13276558645924236
dim 880,880,0.13460498,SecondaryStructure_T12,-0.237102902537885,1.9345574807295216e-13,-0.1309712803949556,5.793402901874336e-05,7.435468337901729e-13,0.00017543033265875142,0.1061316221429294
dim 880,880,0.13460498,SecondaryStructure_T13,-0.18089569294794208,2.461524984234122e-08,-0.0926860579621781,0.004518578968113308,6.651693727622951e-08,0.009509800726842122,0.08820963498576398
dim 880,880,0.13460498,SecondaryStructure_T23,0.2831078050918178,9.931100418668576e-19,0.16243768512565254,5.766134404812863e-07,4.950727671395977e-18,2.4255527597071742e-06,0.12067011996616528
dim 880,880,0.13460498,SecondaryStructure_group1_D0,-0.053795904844271804,0.09982331360896358,-0.07884961797711926,0.01577151713051778,0.12838269828800092,0.028832439636524022,-0.025053713132847454
dim 880,880,0.13460498,SecondaryStructure_group1_D25,-0.16385106238650154,4.5833717342310723e-07,-0.15836357565199632,1.1053844461676415e-06,1.1037102806295445e-06,4.458917935024061e-06,0.00548748673450522
dim 880,880,0.13460498,SecondaryStructure_group1_D50,-0.22600227042250257,2.567781201735509e-12,-0.18969793764699958,4.850961395898896e-09,9.162808989098931e-12,2.7601722423002234e-08,0.03630433277550299
dim 880,880,0.13460498,SecondaryStructure_group1_D75,-0.10962286581957573,0.0007758737463166072,-0.05622175094963501,0.08542576366991136,0.0013420084477977566,0.13034355900297118,0.053401114869940716
dim 880,880,0.13460498,SecondaryStructure_group1_D100,-0.07707074156068386,0.01829802251426021,-0.021782000648259924,0.5054456519895338,0.026342842757598753,0.5830281300892103,0.05528874091242393
dim 880,880,0.13460498,SecondaryStructure_group2_D0,-0.06960486614600041,0.03314051915210679,-0.10317098634293768,0.00156508075597018,0.04600554196510253,0.0036250830270044393,-0.03356612019693728
dim 880,880,0.13460498,SecondaryStructure_group2_D25,-0.05236800340242523,0.10916269894097523,-0.032834006074338534,0.31538200266355504,0.13921474397207226,0.39705084391114737,0.019533997328086694
dim 880,880,0.13460498,SecondaryStructure_group2_D50,-0.060054214519311096,0.06613734984847773,-0.07460480516414893,0.022381994215787505,0.08811278360347652,0.039469831404820625,-0.014550590644837831
dim 880,880,0.13460498,SecondaryStructure_group2_D75,0.029941724754225654,0.3599230842748957,-0.030286018379692237,0.3544232489726249,0.4112703049873937,0.43859712914730165,-0.00034429362546658376
dim 880,880,0.13460498,SecondaryStructure_group2_D100,0.11302483905991224,0.0005277997310763585,0.09068910553785063,0.005468527134206748,0.0009313065130314506,0.011260715553791947,0.022335733522061613
dim 880,880,0.13460498,SecondaryStructure_group3_D0,-0.0960732768578007,0.003242797724049895,-0.0602902486705973,0.06507729527215364,0.0051872339072445645,0.10262425222332067,0.03578302818720341
dim 880,880,0.13460498,SecondaryStructure_group3_D25,0.1265588593626463,0.00010254814915314376,0.1438292385718109,9.87918238728499e-06,0.0001972988583937213,3.415783558336632e-05,-0.017270379209164605
dim 880,880,0.13460498,SecondaryStructure_group3_D50,0.22871526293485583,1.3818071007217285e-12,0.19285052350240728,2.6599791360727004e-09,5.038466939312853e-12,1.5641426610004962e-08,0.035864739432448556
dim 880,880,0.13460498,SecondaryStructure_group3_D75,0.10798130646906368,0.0009308648840237462,0.0935010005799424,0.004175822688929948,0.0015935872437925745,0.008866654660537841,0.014480305889121275
dim 880,880,0.13460498,SecondaryStructure_group3_D100,0.08778159340150386,0.0071743894120331825,0.050147286723243235,0.1250425912292495,0.010936768889178836,0.181142245409764,0.03763430667826063
dim 880,880,0.13460498,SolventAccessibility_C1,0.1471302303492471,6.115849464519369e-06,0.18640123240138434,8.995068361830086e-09,1.3204225734644274e-05,4.965872450993799e-08,-0.03927100205213724
dim 880,880,0.13460498,SolventAccessibility_C2,-0.40093291243213675,1.701542037136239e-37,-0.30187839984744796,3.40040043312062e-21,1.5919188806820835e-36,5.977546024538354e-20,0.09905451258468878
dim 880,880,0.13460498,SolventAccessibility_C3,0.27540725444130587,9.031441795564705e-18,0.12667898091538313,0.0001009907258121589,4.3591063001714035e-17,0.0002922955149156072,0.14872827352592274
dim 880,880,0.13460498,SolventAccessibility_T12,-0.28443957270201536,6.731464654214432e-19,-0.14394071510660583,9.722139051871154e-06,3.401375483370076e-18,3.368458966104736e-05,0.14049885759540953
dim 880,880,0.13460498,SolventAccessibility_T13,0.3534758902550373,5.839148469796172e-29,0.2592883121675826,7.344197745046367e-16,4.221375733575588e-28,8.458489816708574e-15,0.0941875780874547
dim 880,880,0.13460498,SolventAccessibility_T23,-0.16494027290915544,3.8350423423643513e-07,-0.17677470609140084,5.1260368856805215e-08,9.349665272625499e-07,2.532686863635051e-07,-0.01183443318224539
dim 880,880,0.13460498,SolventAccessibility_group1_D0,-0.10306201454172421,0.0015832267089640958,-0.09822719180029275,0.00261206988388959,0.0026269136651465874,0.005762426296031195,0.00483482274143146
dim 880,880,0.13460498,SolventAccessibility_group1_D25,-0.2435100262350909,4.091327804678803e-14,-0.1901214079357051,4.477461570218198e-09,1.630672418571265e-13,2.565132357552107e-08,0.05338861829938582
dim 880,880,0.13460498,SolventAccessibility_group1_D50,-0.23193814001026256,6.550561725226394e-13,-0.16609931439923742,3.1683620297536814e-07,2.4336903406291605e-12,1.412861038635153e-06,0.06583882561102514
dim 880,880,0.13460498,SolventAccessibility_group1_D75,-0.13549604791885417,3.164914461672521e-05,-0.06825464549122617,0.03671192308380258,6.341220337124309e-05,0.06140101306955465,0.067241402427628
dim 880,880,0.13460498,SolventAccessibility_group1_D100,0.13969393859398055,1.7751364565514e-05,0.13836293412589415,2.1362072400514823e-05,3.6802953227074345e-05,7.001896154830178e-05,0.0013310044680863997
dim 880,880,0.13460498,SolventAccessibility_group2_D0,-0.018135685735577525,0.5792735394738956,-0.013250697875894208,0.6854141128986083,0.6273585025430647,0.7450333081947261,0.004884987859683316
dim 880,880,0.13460498,SolventAccessibility_group2_D25,0.176401864279133,5.473183509458353e-08,0.043841691259900235,0.17996348232365697,1.4348848447088619e-07,0.24858479361497696,0.13256017301923279
dim 880,880,0.13460498,SolventAccessibility_group2_D50,0.10770186657427361,0.0009599414518842082,0.03924651290894192,0.23005685325317415,0.0016400022758533276,0.30649776221204694,0.06845535366533169
dim 880,880,0.13460498,SolventAccessibility_group2_D75,0.10707409952838123,0.0010283511301837104,0.03017318559638737,0.3562198023783414,0.0017506079382332278,0.4401680132976915,0.07690091393199386
dim 880,880,0.13460498,SolventAccessibility_group2_D100,-0.04150344699905859,0.20433747837152852,0.03379597973227652,0.3014052291696523,0.24629634708080306,0.3823370548525023,0.007707467266782071
dim 880,880,0.13460498,SolventAccessibility_group3_D0,0.009540206870278026,0.7705566152736588,-0.05623500996077899,0.08535194182214402,0.8067896849573731,0.13029044135555806,-0.04669480309050096
dim 880,880,0.13460498,SolventAccessibility_group3_D25,0.109385096709324,0.0007967345147436893,0.12079921982620696,0.00021025633684919288,0.001376664914249313,0.0005808570430738661,-0.01141412311688296
dim 880,880,0.13460498,SolventAccessibility_group3_D50,0.15475288902704168,1.941379524937763e-06,0.1315930092248496,5.3376719872845204e-05,4.387149941334322e-06,0.00016296000399936288,0.023159879802192085
dim 880,880,0.13460498,SolventAccessibility_group3_D75,0.0067640883306312434,0.8361833900337584,0.027266657435853804,0.40445813229340843,0.8646602237500783,0.48839123711496174,-0.02050256910522256
dim 880,880,0.13460498,SolventAccessibility_group3_D100,0.15700414321069134,1.3685228910771472e-06,0.10056352322039262,0.0020561341212130464,3.129002570926854e-06,0.0046214589265488396,0.056440619990298715
dim 417,417,0.12882659,AAC_A,0.08729714187202027,0.00750096646185383,0.012855336717285726,0.6943204600244044,0.011429392327824722,0.7512245987954359,0.07444180515473454
dim 417,417,0.12882659,AAC_C,0.34060852442878625,6.980394248896884e-27,0.33684858772874504,2.709004647395854e-26,4.6722478539710603e-26,7.068809001798557e-25,0.003759936700041211
dim 417,417,0.12882659,AAC_D,-0.14037462594539965,1.6137099713211566e-05,-0.037537063018379405,0.2510109343780218,3.3539460511590936e-05,0.32955051919127076,0.10283756292702025
dim 417,417,0.12882659,AAC_E,-0.34677313985804126,7.254960270024784e-28,-0.15947210981473445,9.274931802647012e-07,4.996199443687171e-27,3.7824508206155093e-06,0.1873010300433068
dim 417,417,0.12882659,AAC_F,-0.0687791686909637,0.03528743384151755,0.007666916135765903,0.8146915634859441,0.048823541437725194,0.8531630069526018,0.0611122525551978
dim 417,417,0.12882659,AAC_G,0.33125194011127196,1.9700664160736304e-25,0.27000409876453657,4.0788034676465545e-17,1.255729356810291e-24,4.990184462248898e-16,0.06124784134673539
dim 417,417,0.12882659,AAC_H,-0.35686253676119345,1.5971221721989737e-29,-0.20456506853781842,2.608442440553911e-10,1.1801743484833124e-28,1.7217782117490243e-09,0.15229746822337503
dim 417,417,0.12882659,AAC_I,-0.2227005761655712,5.4005023698527e-12,-0.11278062516304803,0.0005427925540271375,1.8907419198436078e-11,0.0013755137560323514,0.10991995100252318
dim 417,417,0.12882659,AAC_K,-0.2928272613632045,5.538067326796766e-20,-0.13662808264700468,2.712411495428894e-05,2.8766943812599066e-19,8.711013841088948e-05,0.15619917871619984
dim 417,417,0.12882659,AAC_L,-0.403599609936936,5.108676889745756e-38,-0.29618424632607376,1.9903892168527283e-20,4.974629974271377e-37,3.196105761676977e-19,0.10741536361086224
dim 417,417,0.12882659,AAC_M,-0.25331864935021486,3.4733041119716524e-15,-0.15223672952151618,2.8530391987538014e-06,1.4592246206270842e-14,1.0819494602898891e-05,0.10108191982869869
dim 417,417,0.12882659,AAC_N,0.14789262432198305,5.466509115209999e-06,0.1635250659422483,4.833442060693553e-07,1.184055800570778e-05,2.083057610673093e-06,-0.015632441620265253
dim 417,417,0.12882659,AAC_P,0.18863574676580705,5.9259449486771275e-09,-0.04032105510991994,0.2175385344360258,1.684481372645243e-08,0.2926213068934056,0.14831469165588712
dim 417,417,0.12882659,AAC_Q,-0.036881308241246795,0.2593915659869039,0.008215471790364085,0.8016997767215525,0.30441596289397715,0.8425667886249166,0.02866583645088271
dim 417,417,0.12882659,AAC_R,0.000606542644440362,0.9852066599119643,-0.06328702136802504,0.052794234616806546,0.9884620739278945,0.0856399920447469,-0.06268047872358468
dim 417,417,0.12882659,AAC_S,0.364472295015745,8.187652269773513e-31,0.1812893275136685,2.2929059579888422e-08,6.315648633035457e-30,1.2098429541362927e-07,0.18318296750207652
dim 417,417,0.12882659,AAC_T,0.3367295961441274,2.8269327032370766e-26,0.13133922282177546,5.519443514243213e-05,1.8369562701968554e-25,0.0001682020195033972,0.20539037332235194
dim 417,417,0.12882659,AAC_V,-0.04460199579029977,0.17252230105264812,-0.037022721734964195,0.25756811786769407,0.2112259844266293,0.3361772230082447,0.007579274055335573
dim 417,417,0.12882659,AAC_W,0.055302711027888876,0.09066955216551112,-0.00870647024477234,0.7901172867351705,0.11760633174089598,0.8319646083529222,0.046596240783116534
dim 417,417,0.12882659,AAC_Y,0.08669602648937676,0.007924654740572025,0.13289988766887,4.4878978720834506e-05,0.012031066742504802,0.00013879239715517338,-0.04620386117949325
dim 417,417,0.12882659,Hydrophobicity_C1,-0.31349853092307417,8.161141699762366e-23,-0.11406711966177882,0.0004680412497908564,4.691602973701602e-22,0.0012043588399857168,0.19943141126129535
dim 417,417,0.12882659,Hydrophobicity_C2,0.401944896015794,1.0792110151613623e-37,0.20917142532308905,1.0066967127389901e-10,1.0240240882497017e-36,6.99036802608779e-10,0.19277347069270492
dim 417,417,0.12882659,Hydrophobicity_C3,-0.41547382124625803,2.1044847116581418e-40,-0.259750787683012,6.50035851606113e-16,2.1965559177931854e-39,7.53861022348756e-15,0.15572303356324602
dim 417,417,0.12882659,Hydrophobicity_T12,0.1153327162751542,0.0004039570983242644,0.18083020516943593,2.4907192354170334e-08,0.0007222787518217575,1.2998441009832643e-07,-0.06549748889428172
dim 417,417,0.12882659,Hydrophobicity_T13,-0.3300625378993979,2.9875628170526976e-25,-0.12939461657635357,7.119656670395823e-05,1.8756503400293253e-24,0.0002117511422895997,0.2006679213230443
dim 417,417,0.12882659,Hydrophobicity_T23,-0.0054236254231021346,0.8683149351129644,-0.11271725871487102,0.0005467469790419454,0.8920860914418028,0.001382388274034896,-0.10729363329176889
dim 417,417,0.12882659,Hydrophobicity_group1_D0,0.026397612432119355,0.4196060120612534,0.038444099516740916,0.23973270166554767,0.4724769017073492,0.3173505044525024,-0.012046487084621561
dim 417,417,0.12882659,Hydrophobicity_group1_D25,0.2517720573399715,5.160922723115708e-15,0.058929925914105064,0.0713833376454363,2.1519952428472488e-14,0.11141137744661553,0.19284213142586643
dim 417,417,0.12882659,Hydrophobicity_group1_D50,0.08050324490070979,0.013703114113529131,-0.028005864754172,0.391834129245887,0.020126825478974184,0.4762467218636327,0.052497380146537785
dim 417,417,0.12882659,Hydrophobicity_group1_D75,0.17623471605798086,5.63609755681959e-08,0.06887036875382731,0.035044623394659344,1.475279454528012e-07,0.058818614139780005,0.10736434730415355
dim 417,417,0.12882659,Hydrophobicity_group1_D100,-0.09825834042862751,0.002603832972522016,0.010073759335344367,0.7581138681345804,0.004205416889856641,0.8033313196603739,0.08818458109328314
dim 417,417,0.12882659,Hydrophobicity_group2_D0,-0.1438101614492419,9.906298680633475e-06,-0.06483613126144563,0.047244451060342085,2.0967704431759067e-05,0.07719983685985449,0.07897403018779628
dim 417,417,0.12882659,Hydrophobicity_group2_D25,-0.2172537503529967,1.7949000694111745e-11,-0.0387059537063351,0.23654415928243838,6.086260133840937e-11,0.3138113508595655,0.1785477966466616
dim 417,417,0.12882659,Hydrophobicity_group2_D50,-0.08553306206849981,0.008805547376760432,0.005420150883702062,0.8683985283494451,0.013283888093215828,0.8940971284485655,0.08011291118479774
dim 417,417,0.12882659,Hydrophobicity_group2_D75,-0.12209289725505533,0.0001794231534485552,-0.024625831624172274,0.4515004674368986,0.00033704911840167287,0.5319264766275984,0.09746706563088306
dim 417,417,0.12882659,Hydrophobicity_group2_D100,0.1360599037915361,2.9312484790552364e-05,0.07765116040831108,0.017437304377003016,5.901368245958101e-05,0.031515474361033594,0.05840874338322502
dim 417,417,0.12882659,Hydrophobicity_group3_D0,0.21845604509052424,1.380647662276863e-11,0.09030445351199017,0.00567095478382948,4.7296032738509977e-11,0.011633409284795409,0.12815159157853406
dim 417,417,0.12882659,Hydrophobicity_group3_D25,0.16862843449556655,2.07904684122789e-07,0.006320682406144031,0.8467846158409339,5.182101828135189e-07,0.8767081887503779,0.16230775208942252
dim 417,417,0.12882659,Hydrophobicity_group3_D50,0.14486265869171114,8.511561155020822e-06,0.07303513631594119,0.02537531301205863,1.8095871583557956e-05,0.044280849247793005,0.07182752237576995
dim 417,417,0.12882659,Hydrophobicity_group3_D75,0.061928651614278754,0.05809864804053456,0.0463530037269124,0.15626241136180644,0.07786897450055595,0.22021791305841076,0.015575647887366352
dim 417,417,0.12882659,Hydrophobicity_group3_D100,-0.037684156670415636,0.24915725867877803,-0.06488522095280194,0.04707691444568183,0.29405839010145535,0.07696372699391939,-0.027201064282386306
dim 417,417,0.12882659,NormVanDerWaalsVolume_C1,0.4123593403821278,9.07980903406151e-40,0.2253878220013536,2.951412138147822e-12,9.245903101757757e-39,2.3926496459742052e-11,0.1869715183807742
dim 417,417,0.12882659,NormVanDerWaalsVolume_C2,-0.38442774794785445,2.2949982304570515e-34,-0.20439950419196318,2.6981372977877204e-10,1.9115446607796887e-33,1.7739721603564935e-09,0.18002824375589127
dim 417,417,0.12882659,NormVanDerWaalsVolume_C3,-0.3231053872655873,3.28987007079853e-24,-0.16328037197046733,5.029724563304203e-07,1.9906097892150523e-23,2.1482455295954014e-06,0.15982501529511997
dim 417,417,0.12882659,NormVanDerWaalsVolume_T12,0.13884843567386193,1.9970868931139458e-05,0.04936147051113775,0.13107388822650756,4.097217581695687e-05,0.1890271099639617,0.08948696516272418
dim 417,417,0.12882659,NormVanDerWaalsVolume_T13,0.004144110613662683,0.8991902513340236,0.01812222014733944,0.5795552858655003,0.9171513585400078,0.6524147808529731,-0.013978109533676758
dim 417,417,0.12882659,NormVanDerWaalsVolume_T23,-0.3861069933032224,1.1230975137777989e-34,-0.22894732932822176,1.3099905150877829e-12,9.472590141459214e-34,1.1017974202824269e-11,0.15715966397500064
dim 417,417,0.12882659,NormVanDerWaalsVolume_group1_D0,-0.12191637559733098,0.0001833646529858701,-0.04007677539610373,0.22034050417790388,0.00034387307185446717,0.2959136646377961,0.08183960020122726
dim 417,417,0.12882659,NormVanDerWaalsVolume_group1_D25,-0.19700112543316922,1.1873603579519437e-09,-0.04964419235894952,0.12887851639665418,3.5440425340120567e-09,0.18626319548456294,0.1473569330742197
dim 417,417,0.12882659,NormVanDerWaalsVolume_group1_D50,0.015312950736374833,0.6396858000430344,0.08381121531259661,0.010270346135488198,0.6828221707074896,0.01972567917914352,-0.06849826457622178
dim 417,417,0.12882659,NormVanDerWaalsVolume_group1_D75,-0.08862827633883354,0.006634100573433523,0.004602187004611665,0.8881166327898149,0.0101735059298751,0.9110287326529428,0.08402608933422187
dim 417,417,0.12882659,NormVanDerWaalsVolume_group1_D100,0.10577699208211012,0.0011841912902681411,0.04500183748682852,0.16870238623781664,0.001996566839725185,0.23546425826757525,0.06077515459528161
dim 417,417,0.12882659,NormVanDerWaalsVolume_group2_D0,-0.014682297725825785,0.6535354752088584,-0.03616156530721802,0.2688104638339658,0.6967151251827599,0.3467047331957564,-0.021479267581392236
dim 417,417,0.12882659,NormVanDerWaalsVolume_group2_D25,0.16253817097420886,5.673154651355862e-07,0.011479608904326517,0.7256344442579971,1.3534526096806128e-06,0.7765520806862256,0.15105856206988236
dim 417,417,0.12882659,NormVanDerWaalsVolume_group2_D50,-0.05760756400387885,0.07798422849063652,-0.11069981055796664,0.0006875753002406591,0.10250583359257222,0.0016998530738740205,-0.05309224655408779
dim 417,417,0.12882659,NormVanDerWaalsVolume_group2_D75,-0.0847118913457491,0.009479129862884484,-0.1056546304034287,0.001199964671095322,0.01425497241874569,0.002830425142272864,-0.020942739057679613
dim 417,417,0.12882659,NormVanDerWaalsVolume_group2_D100,-0.1613477074644342,6.873693966148589e-07,-0.1135786468910049,0.000495216356074595,1.621337418568947e-06,0.0012650043685201236,0.04776906057342929
dim 417,417,0.12882659,NormVanDerWaalsVolume_group3_D0,0.24923277683263756,9.830630379630312e-15,0.19510379005876685,1.7205342840794307e-09,4.03369846043799e-14,1.0243466147638679e-08,0.05412898677387071
dim 417,417,0.12882659,NormVanDerWaalsVolume_group3_D25,0.1120272264292527,0.0005915784361921801,0.04804085651107061,0.14171402455896207,0.0010366589595392872,0.20184428231425727,0.06398636991818209
dim 417,417,0.12882659,NormVanDerWaalsVolume_group3_D50,0.08947285426816767,0.006131829890631839,0.045557490989795335,0.16349960865822652,0.009450997616386868,0.22896800541655202,0.04391536327837234
dim 417,417,0.12882659,NormVanDerWaalsVolume_group3_D75,0.11989516889174541,0.00023468053584177486,0.08242933130385552,0.011598575924871485,0.0004331541361691056,0.02199843474677499,0.03746583758788989
dim 417,417,0.12882659,NormVanDerWaalsVolume_group3_D100,0.009453531968787508,0.7725835964110636,0.06840088144774896,0.03630994477703786,0.8079976523895575,0.06078958173198319,-0.05894734947896145
dim 417,417,0.12882659,Polarity_C1,-0.3629641265592522,1.484700020064171e-30,-0.1909355396428038,3.836302126323012e-09,1.1321685084507607e-29,2.2168251041382113e-08,0.1720285869164484
dim 417,417,0.12882659,Polarity_C2,0.39838014505780883,5.3285766884079105e-37,0.19595679923141557,1.4569443906626925e-09,4.8894082800226434e-36,8.799627965304508e-09,0.20242334582639326
dim 417,417,0.12882659,Polarity_C3,-0.363279787213757,1.3111522613106237e-30,-0.15721080744637828,1.3249642002813333e-06,1.0021163736332914e-29,5.280883566753762e-06,0.2060689797673787
dim 417,417,0.12882659,Polarity_T12,0.18709530422551393,7.905736577124833e-09,0.03323395463779936,0.3095202298379109,2.23205073267937e-08,0.39070202859358366,0.15386134958771458
dim 417,417,0.12882659,Polarity_T13,-0.35811081922161553,9.864867574305259e-30,-0.1471811206420809,6.070304498675959e-06,7.354611093343653e-29,2.1777461896431474e-05,0.21092969857953464
dim 417,417,0.12882659,Polarity_T23,0.18373798551628945,1.469452693054595e-08,0.1764010236603255,5.473991318782345e-08,4.0494818438963265e-08,2.700610192722752e-07,0.007336961855963942
dim 417,417,0.12882659,Polarity_group1_D0,0.18215279884599467,1.9613131239816488e-08,0.09023137278154388,0.005710168605770865,5.356325293621183e-08,0.011693417009978349,0.09192142606445079
dim 417,417,0.12882659,Polarity_group1_D25,0.15929803940050555,9.534790362064421e-07,0.033658481872598976,0.3033773502964667,2.2254507204259374e-06,0.38425496776268436,0.12563955752790656
dim 417,417,0.12882659,Polarity_group1_D50,0.13149405605638295,5.407861951998156e-05,0.06921452489541048,0.034141129801087015,0.00010643641084074154,0.05747549069336221,0.06227953116097247
dim 417,417,0.12882659,Polarity_group1_D75,0.10521425298371351,0.0012583502523306515,0.05577970572043441,0.08791656699690056,0.0021141296995897266,0.13323109517679124,0.049434547263279095
dim 417,417,0.12882659,Polarity_group1_D100,0.060695867571589755,0.06328832019104587,0.07490317368556439,0.021849074162211043,0.08462089248922866,0.03877572141433841,-0.014207306113974631
dim 417,417,0.12882659,Polarity_group2_D0,-0.13904507491256152,1.943228146664149e-05,-0.05619116565512553,0.08559624915831199,3.999003086788822e-05,0.13054405122774523,0.08285390925743599
dim 417,417,0.12882659,Polarity_group2_D25,-0.25685598844231416,1.389941635493861e-15,-0.08734968178605657,0.007464916081990815,5.982480750708113e-15,0.014779383351422242,0.1695063066562576
dim 417,417,0.12882659,Polarity_group2_D50,-0.11200603490016471,0.0005930078551245514,0.0002163074229110136,0.9947240823423263,0.001038618896757211,0.9965142276614788,0.1117897274772537
dim 417,417,0.12882659,Polarity_group2_D75,-0.15308121192778357,2.508936365653929e-06,-0.04835094359489619,0.13915800999872877,5.612757844128682e-06,0.19862724504092055,0.10473026833288737
dim 417,417,0.12882659,Polarity_group2_D100,0.09183298267601243,0.004904449736310241,0.05386937847525131,0.09936051888475475,0.0076617689987260075,0.14841866416595745,0.03796360420076112
dim 417,417,0.12882659,Polarity_group3_D0,0.07122227285224861,0.029257093984166763,0.06523922378908545,0.0458834630873344,0.04096875099876463,0.07518291678462531,0.005983049063163159
dim 417,417,0.12882659,Polarity_group3_D25,0.2885791662089831,1.9829423109839346e-19,0.075807850338091,0.020300047379397414,1.009607822970479e-18,0.0361611510651666,0.2127713158708921
dim 417,417,0.12882659,Polarity_group3_D50,0.10937599072818158,0.0007975436701838898,-0.027553660506113544,0.39952817571127164,0.0013773504955605957,0.48401309643657864,0.08182233022206803
dim 417,417,0.12882659,Polarity_group3_D75,0.1835178337342273,1.529804399326488e-08,0.08079825316844187,0.01336038025949084,4.208852301277158e-08,0.024832315006510522,0.10271958056578544
dim 417,417,0.12882659,Polarity_group3_D100,-0.07456480585955885,0.022454288292240564,0.022258437438688567,0.4961779689478058,0.0319409382010577,0.5744313401336816,0.05230636842087029
dim 417,417,0.12882659,Polarizability_C1,0.3858802061897876,1.2371964907895532e-34,0.21735193356109167,1.7569488323126208e-11,1.040865561520682e-33,1.3367218906433152e-10,0.1685282726286959
dim 417,417,0.12882659,Polarizability_C2,-0.30882728223698597,3.729366991219283e-22,-0.1754950689087872,6.415078607905726e-08,2.0899472736027526e-21,3.1233764650736335e-07,0.13333221332819878
dim 417,417,0.12882659,Polarizability_C3,-0.3231053872655873,3.28987007079853e-24,-0.16328037197046733,5.029724563304203e-07,1.9906097892150523e-23,2.1482455295954014e-06,0.15982501529511997
dim 417,417,0.12882659,Polarizability_T12,0.3286559156786119,4.876978023622595e-25,0.14579413046512338,7.435331170574767e-06,3.039012425167811e-24,2.6391079819043273e-05,0.18286178521348853
dim 417,417,0.12882659,Polarizability_T13,-0.0191582119327542,0.5580687101741576,0.005180365744988555,0.8741709685172108,0.6075454667476162,0.8986552892728482,0.013977846187765645
dim 417,417,0.12882659,Polarizability_T23,-0.3664285216860973,3.765528777349832e-31,-0.21378007700773136,3.797979172323188e-11,2.9523159897531545e-30,2.7576631381650973e-10,0.15264844467836594
dim 417,417,0.12882659,Polarizability_group1_D0,-0.12089915136067778,0.00020770796797663362,-0.053011730275638436,0.10487027835969867,0.0003858423876762827,0.1553978392730229,0.06788742108503934
dim 417,417,0.12882659,Polarizability_group1_D25,-0.11611651916508521,0.00036847644223219955,0.048202667215116644,0.14037577968119264,0.000662384993033125,0.2001943228587461,0.06791385194996857
dim 417,417,0.12882659,Polarizability_group1_D50,-0.024788324645599748,0.44851953309603293,0.11853118993394005,0.00027660748966840067,0.5013571755491131,0.0007450556576552083,-0.0937428652883403
dim 417,417,0.12882659,Polarizability_group1_D75,-0.10430047099068558,0.0013879427733244523,0.004269914935388693,0.8961469901156782,0.0023271731239476257,0.9187019481235007,0.10003055605529688
dim 417,417,0.12882659,Polarizability_group1_D100,0.05069325891393474,0.1209809176061303,0.029019165269665692,0.3749222554841277,0.15294332505846905,0.4583910847129399,0.021674093644269046
dim 417,417,0.12882659,Polarizability_group2_D0,-0.09396234291846889,0.00399239680247448,-0.07035391240365392,0.03129045129880468,0.006313733579670815,0.053131727167263665,0.023608430514814968
dim 417,417,0.12882659,Polarizability_group2_D25,0.050187198039732074,0.12474212669720727,-0.08157663496692037,0.012492123774810212,0.1572815036499329,0.023427115894366145,-0.0313894369271883
dim 417,417,0.12882659,Polarizability_group2_D50,0.058653000156329405,0.07272645709087137,-0.0962343485999878,0.003191226777598911,0.09620054126079619,0.006916740711992449,-0.0375813484436584
dim 417,417,0.12882659,Polarizability_group2_D75,-0.05763240402428848,0.07785581124400498,-0.1279154378319822,8.620398843874939e-05,0.1023773265964475,0.00025256256261879206,-0.07028303380769371
dim 417,417,0.12882659,Polarizability_group2_D100,-0.05656297822888049,0.08354225377190778,-0.09749406013753298,0.0028129377753851083,0.10899653421803593,0.006152725716952366,-0.04093108190865249
dim 417,417,0.12882659,Polarizability_group3_D0,0.24923277683263756,9.830630379630312e-15,0.19510379005876685,1.7205342840794307e-09,4.03369846043799e-14,1.0243466147638679e-08,0.05412898677387071
dim 417,417,0.12882659,Polarizability_group3_D25,0.1120272264292527,0.0005915784361921801,0.04804085651107061,0.14171402455896207,0.0010366589595392872,0.20184428231425727,0.06398636991818209
dim 417,417,0.12882659,Polarizability_group3_D50,0.08947285426816767,0.006131829890631839,0.045557490989795335,0.16349960865822652,0.009450997616386868,0.22896800541655202,0.04391536327837234
dim 417,417,0.12882659,Polarizability_group3_D75,0.11989516889174541,0.00023468053584177486,0.08242933130385552,0.011598575924871485,0.0004331541361691056,0.02199843474677499,0.03746583758788989
dim 417,417,0.12882659,Polarizability_group3_D100,0.009453531968787508,0.7725835964110636,0.06840088144774896,0.03630994477703786,0.8079976523895575,0.06078958173198319,-0.05894734947896145
dim 417,417,0.12882659,Charge_C1,-0.33334662446477614,9.420242004728705e-26,-0.2071177330391667,1.5432400273889587e-10,6.062352272792654e-25,1.0476466852599841e-09,0.12622889142560945
dim 417,417,0.12882659,Charge_C2,0.38219924512707665,5.886843505808698e-34,0.20593396181674928,1.9701921364787423e-10,4.8789224092806585e-33,1.3237980040913688e-09,0.17626528331032737
dim 417,417,0.12882659,Charge_C3,-0.31789476990616566,1.9048834970526948e-23,-0.13268393444525128,4.618867561326607e-05,1.1280693049921988e-22,0.00014231566102242496,0.18521083546091438
dim 417,417,0.12882659,Charge_T12,-0.26394498734619826,2.125176084820404e-16,-0.16481464224368533,3.914940381182977e-07,9.48942262473282e-16,1.711505349888893e-06,0.09913034510251292
dim 417,417,0.12882659,Charge_T13,-0.3572958317019272,1.3514860027018883e-29,-0.20804794714025107,1.2724282021161608e-10,1.0031029442276238e-28,8.744671183267444e-10,0.14924788456167612
dim 417,417,0.12882659,Charge_T23,-0.2672868956826547,8.595552868028848e-17,-0.08362796671264652,0.010438330130171355,3.927379832998133e-16,0.020013790261063334,0.18365892897000816
dim 417,417,0.12882659,Charge_group1_D0,0.021104705333543385,0.5187754542378387,0.0006871952354190755,0.9832398463955043,0.5694084841125143,0.9873785589179147,0.02041751009812431
dim 417,417,0.12882659,Charge_group1_D25,0.0723231512575919,0.02684329662934188,-0.0003989778582283042,0.9902687688181476,0.037813838355968736,0.9926463649017446,0.07192417339936359
dim 417,417,0.12882659,Charge_group1_D50,-0.01872202521852198,0.5670680213987768,-0.041601234087453524,0.20327234675607622,0.615937298039647,0.2754278450974826,-0.022879208868931543
dim 417,417,0.12882659,Charge_group1_D75,0.12783612609883893,8.708757799949053e-05,0.08386495940938458,0.01022153666652583,0.00016852405012647646,0.01965453797708478,0.04397116668945435
dim 417,417,0.12882659,Charge_group1_D100,-0.006580156948105347,0.8405774473322337,0.029690825071142773,0.36396453729563794,0.8686660501515039,0.447420520635786,-0.023110668123037425
dim 417,417,0.12882659,Charge_group2_D0,-0.008454165261851075,0.796063470887983,-0.002654542802099569,0.9353239022291735,0.8277870463156486,0.9501161293933819,0.005799622459751507
dim 417,417,0.12882659,Charge_group2_D25,-0.060598534574578276,0.0637138625692674,0.029679174463354777,0.3641528892331376,0.08512172039254123,0.447487362045136,0.0309193601112235
dim 417,417,0.12882659,Charge_group2_D50,0.07791395087758743,0.017059405018178944,0.0884436460659631,0.006748701584840889,0.02473021387183927,0.013473199816717615,-0.010529695188375668
dim 417,417,0.12882659,Charge_group2_D75,-0.07663022835511876,0.018975836978304454,-0.067356163643926,0.039265656859802656,0.027271641784654424,0.06526862230235093,0.009274064711192756
dim 417,417,0.12882659,Charge_group2_D100,0.16501541785690044,3.7880053516171665e-07,0.08104124121087185,0.013083786657748772,9.241736942586805e-07,0.024386075578616575,0.08397417664602859
dim 417,417,0.12882659,Charge_group3_D0,0.07616190993264063,0.019720374587218415,0.09542827928886266,0.003456992966462459,0.028256564187605967,0.007458886633064996,-0.01926636935622203
dim 417,417,0.12882659,Charge_group3_D25,0.07129879264053943,0.02908348371781596,-0.0412154218610278,0.2074982918273217,0.04074615587982605,0.2806786882463723,0.030083370779511627
dim 417,417,0.12882659,Charge_group3_D50,0.023776238325376158,0.4672671621499697,0.015586595526375724,0.6337147480224825,0.5200329877023557,0.7003994898726312,0.008189642799000434
dim 417,417,0.12882659,Charge_group3_D75,0.08356859733691979,0.010493275111321044,0.1058936501486977,0.0011693314623573785,0.01570230236192307,0.0027684536677611135,-0.022325052811777907
dim 417,417,0.12882659,Charge_group3_D100,-0.07515820521053948,0.021402331826021772,0.008183059712705089,0.8024659303566383,0.03054862747816783,0.843106702545194,0.0669751454978344
dim 417,417,0.12882659,SecondaryStructure_C1,-0.4911805529887554,4.652056085753736e-58,-0.33997259966791965,8.791386731059046e-27,8.632148514676377e-57,2.349058534538977e-25,0.15120795332083575
dim 417,417,0.12882659,SecondaryStructure_C2,0.22883560522641996,1.3440967577809336e-12,0.15107844841549573,3.3992212898475395e-06,4.9063204054517134e-12,1.2699551575045617e-05,0.07775715681092424
dim 417,417,0.12882659,SecondaryStructure_C3,0.5022722318651582,4.873090802908866e-61,0.34496276948926446,1.4179967987191712e-27,1.0301343849187097e-59,4.2286690247518144e-26,0.15730946237589377
dim 417,417,0.12882659,SecondaryStructure_T12,-0.4158101960135629,1.7954352539632133e-40,-0.2868105620006729,3.35098681642799e-19,1.8798601091652453e-39,4.8662156377693414e-18,0.12899963401289
dim 417,417,0.12882659,SecondaryStructure_T13,-0.20937449138576453,9.64826278899234e-11,-0.0781757151059352,0.016690133274260128,3.134746859458601e-10,0.030362225019623545,0.13119877627982934
dim 417,417,0.12882659,SecondaryStructure_T23,0.44251138465130707,3.328059138609405e-46,0.2875278730660419,2.709887777709718e-19,4.132236997381194e-45,3.987235761035444e-18,0.1549835115852652
dim 417,417,0.12882659,SecondaryStructure_group1_D0,0.08814767549229213,0.0069361218656493005,0.06362116776280342,0.05155321546678798,0.010600546159719115,0.08378965433531478,0.02452650772948871
dim 417,417,0.12882659,SecondaryStructure_group1_D25,0.022482398584975468,0.49185293861973817,0.04631482747411959,0.15660408454955485,0.5437897434590948,0.2206063443253957,-0.02383242888914412
dim 417,417,0.12882659,SecondaryStructure_group1_D50,-0.10105034854722944,0.0019549079605939395,-0.035505908166820956,0.2775924552289064,0.003200682641364587,0.3567367450806262,0.06554444038040849
dim 417,417,0.12882659,SecondaryStructure_group1_D75,-0.061997241362214496,0.05782059061297543,0.024729193200382457,0.4496030061390977,0.07752740772675148,0.5300649631149263,0.03726804816183204
dim 417,417,0.12882659,SecondaryStructure_group1_D100,-0.08329245485287806,0.010752228917058135,4.7946616188800605e-05,0.9988305341276915,0.016068207867102537,0.9991296747488738,0.08324450823668926
dim 417,417,0.12882659,SecondaryStructure_group2_D0,0.02180958736279153,0.5049065621484606,-0.02228028587005934,0.4957551527765565,0.5558299003216409,0.574141569260544,-0.00047069850726780965
dim 417,417,0.12882659,SecondaryStructure_group2_D25,0.0011595029671899867,0.9717244655133659,0.03601374679013351,0.27077354841347157,0.9778727673439717,0.34877888611685115,-0.034854243822943526
dim 417,417,0.12882659,SecondaryStructure_group2_D50,0.053103523630793764,0.10426924322981988,0.04109442725104679,0.20883660724612868,0.1336374798110508,0.2821659661011609,0.012009096379746974
dim 417,417,0.12882659,SecondaryStructure_group2_D75,0.07976776313135503,0.014591551070029279,-0.006747316324601594,0.8365838582453656,0.021375342356972714,0.8690427325455886,0.07302044680675343
dim 417,417,0.12882659,SecondaryStructure_group2_D100,-0.010431233258894822,0.7498120123315731,-0.05589645799414716,0.08725308522303993,0.787043407035655,0.1324660475658879,-0.04546522473525234
dim 417,417,0.12882659,SecondaryStructure_group3_D0,-0.01998774177128497,0.5411478013491023,0.0420966539115252,0.19793804913403318,0.5906645936294124,0.2692924986181958,-0.02210891214024023
dim 417,417,0.12882659,SecondaryStructure_group3_D25,-0.05328961886592242,0.10305913256986739,-0.04214119186305052,0.1974635553042807,0.1321879810995995,0.268951640272463,0.0111484270028719
dim 417,417,0.12882659,SecondaryStructure_group3_D50,0.13452685209463525,3.6083697619287485e-05,0.07375247196232368,0.023966961942632134,7.199495223919964e-05,0.04197674509092361,0.06077438013231157
dim 417,417,0.12882659,SecondaryStructure_group3_D75,0.057966231927623804,0.07614662060233245,0.03357330097499792,0.30460337901196344,0.10048586045507324,0.38536942647725675,0.02439293095262588
dim 417,417,0.12882659,SecondaryStructure_group3_D100,0.02497768818320842,0.4450597778666904,-0.03870719614547948,0.2365291020693896,0.49782306030634493,0.3138113508595655,-0.013729507962271063
dim 417,417,0.12882659,SolventAccessibility_C1,-0.043679354903541724,0.1815826857417891,0.00013992459971006778,0.9965871083849982,0.22158793218033454,0.9977133039443459,0.04353943030383166
dim 417,417,0.12882659,SolventAccessibility_C2,-0.31349853092307417,8.161141699762366e-23,-0.11406711966177882,0.0004680412497908564,4.691602973701602e-22,0.0012043588399857168,0.19943141126129535
dim 417,417,0.12882659,SolventAccessibility_C3,0.349579035447963,2.5454482992116892e-28,0.12132896445486349,0.00019707387086169333,1.782347446408185e-27,0.0005466999407625048,0.2282500709930995
dim 417,417,0.12882659,SolventAccessibility_T12,-0.28005210430758337,2.404738097678495e-18,-0.03718539265938185,0.2554815706840643,1.1794163357189683e-17,0.33423754253222665,0.2428667116482015
dim 417,417,0.12882659,SolventAccessibility_T13,0.23548978876956345,2.8403822608140946e-13,0.053295235325864505,0.10302278481288363,1.0792806315266297e-12,0.15327220546771994,0.18219455344369895
dim 417,417,0.12882659,SolventAccessibility_T23,0.050272498412066026,0.12410184427426302,0.05004208765223671,0.12583726119587982,0.15653329300454627,0.1821041821465505,0.00023041075982931786
dim 417,417,0.12882659,SolventAccessibility_group1_D0,-0.12343665664869592,0.0001519239937408085,-0.12221167692681019,0.0001768158736405681,0.0002870057347818441,0.0004937834598323557,0.0012249797218857328
dim 417,417,0.12882659,SolventAccessibility_group1_D25,-0.07554507423212775,0.02073981122006389,0.025761955944482683,0.43089368761188956,0.029628301742948417,0.5138462859125283,0.04978311828764507
dim 417,417,0.12882659,SolventAccessibility_group1_D50,0.04363883009785875,0.18198857364980184,0.1848261712319129,1.2034831863715206e-08,0.22184008612786063,6.535989987773787e-08,-0.14118734113405412
dim 417,417,0.12882659,SolventAccessibility_group1_D75,-0.06338098792860461,0.05244274911227175,0.04932863402652826,0.13133073324347921,0.07079983105698773,0.18923410225764475,0.014052353902076348
dim 417,417,0.12882659,SolventAccessibility_group1_D100,0.0675648773302129,0.038659382325790165,0.06260412700544453,0.05540811656546226,0.05304944000334394,0.08923004307070587,0.004960750324768365
dim 417,417,0.12882659,SolventAccessibility_group2_D0,0.026397612432119355,0.4196060120612534,0.038444099516740916,0.23973270166554767,0.4724769017073492,0.3173505044525024,-0.012046487084621561
dim 417,417,0.12882659,SolventAccessibility_group2_D25,0.2517720573399715,5.160922723115708e-15,0.058929925914105064,0.0713833376454363,2.1519952428472488e-14,0.11141137744661553,0.19284213142586643
dim 417,417,0.12882659,SolventAccessibility_group2_D50,0.08050324490070979,0.013703114113529131,-0.028005864754172,0.391834129245887,0.020126825478974184,0.4762467218636327,0.052497380146537785
dim 417,417,0.12882659,SolventAccessibility_group2_D75,0.17623471605798086,5.63609755681959e-08,0.06887036875382731,0.035044623394659344,1.475279454528012e-07,0.058818614139780005,0.10736434730415355
dim 417,417,0.12882659,SolventAccessibility_group2_D100,-0.09825834042862751,0.002603832972522016,0.010073759335344367,0.7581138681345804,0.004205416889856641,0.8033313196603739,0.08818458109328314
dim 417,417,0.12882659,SolventAccessibility_group3_D0,0.1640688176748412,4.423324624697919e-07,0.0830007209598847,0.011031950566445977,1.0667078878332888e-06,0.02103122996114701,0.08106809671495649
dim 417,417,0.12882659,SolventAccessibility_group3_D25,-0.08085504485975027,0.013295276206232233,-0.08060883050999244,0.013579566461370023,0.019570834080571024,0.02519763998943104,0.0002462143497578284
dim 417,417,0.12882659,SolventAccessibility_group3_D50,-0.06357925559848734,0.051707527645371926,-0.12040726656060119,0.00022053731151313149,0.06989200418273664,0.0006067500992206418,-0.056828010962113845
dim 417,417,0.12882659,SolventAccessibility_group3_D75,-0.11998980854208678,0.00023200435473294697,-0.10249858491943305,0.00168017196288826,0.00042930445695736445,0.003856889591784734,0.017491223622653734
dim 417,417,0.12882659,SolventAccessibility_group3_D100,0.12779792264580833,8.75162340390661e-05,0.03968645843483776,0.2248710483550162,0.00016915753570050972,0.30030759756327635,0.08811146421097057
dim 754,754,0.114704676,AAC_A,-0.23193240122538725,6.559339494113139e-13,-0.17357833796584865,8.949451768329563e-08,2.4342437678153205e-12,4.300887612405862e-07,0.0583540632595386
dim 754,754,0.114704676,AAC_C,0.2648581225988304,1.6616169995221217e-16,0.350036658942208,2.143578878475443e-28,7.469449230691638e-16,7.019170053047039e-27,-0.08517853634337758
dim 754,754,0.114704676,AAC_D,0.026459330815634115,0.41851936845503374,-0.1038624629193663,0.0014543215483757848,0.4717700609651747,0.0033873319188111027,-0.07740313210373218
dim 754,754,0.114704676,AAC_E,0.1063080769478614,0.00111792219174577,-0.17440654159432645,7.753782964024876e-08,0.001894288186240415,3.7370324819398393e-07,-0.06809846464646505
dim 754,754,0.114704676,AAC_F,0.1913447435430939,3.5486740938456505e-09,0.12727664989118245,9.356755257203223e-05,1.0200147567508153e-08,0.00027270124397084437,0.06406809365191143
dim 754,754,0.114704676,AAC_G,-0.10803842817673084,0.0009250224024522943,-0.007889557494347051,0.8094122551149078,0.001586024037058862,0.849336139517371,0.10014887068238379
dim 754,754,0.114704676,AAC_H,0.05213025632279355,0.1107826514321616,-0.19227479504731332,2.970722687726011e-09,0.14113129660693463,1.7346527582176357e-08,-0.14014453872451976
dim 754,754,0.114704676,AAC_I,0.11659875685985548,0.00034811540378789133,-0.02115721222882218,0.5177356246980344,0.0006284894317035444,0.5954672818496676,0.0954415446310333
dim 754,754,0.114704676,AAC_K,0.2643510035978149,1.9051538485832926e-16,0.08795071819589366,0.00706341626831671,8.518358573317533e-16,0.014034390443889239,0.1764002854019212
dim 754,754,0.114704676,AAC_L,0.04575830819234423,0.1616492964115237,-0.14506002735829582,8.271792476361617e-06,0.19922605023356313,2.9020784528411554e-05,-0.0993017191659516
dim 754,754,0.114704676,AAC_M,0.2662054125637918,1.15372173527484e-16,0.1601333412330832,8.348493567796909e-07,5.235639396491801e-16,3.421345830238242e-06,0.10607207133070862
dim 754,754,0.114704676,AAC_N,0.2866459619157241,3.518010029730979e-19,0.32669293820588174,9.622963872044847e-25,1.788455631552735e-18,2.2452507884236734e-23,-0.04004697629015763
dim 754,754,0.114704676,AAC_P,-0.30904356295386565,3.478106338202662e-22,-0.0964234437203151,0.0031316364370234623,1.955702890504527e-21,0.0067952744710156835,0.21262011923355056
dim 754,754,0.114704676,AAC_Q,0.21440864279325664,3.3194104825229585e-11,0.19057200730149385,4.110736082487095e-09,1.1153753532823624e-10,2.3672169854322234e-08,0.023836635491762792
dim 754,754,0.114704676,AAC_R,-0.2305128698404108,9.125129194044553e-13,-0.19409402656067792,2.092840845133469e-09,3.360301158556649e-12,1.2371837916364223e-08,0.03641884327973288
dim 754,754,0.114704676,AAC_S,-0.14097310299266214,1.4834115455894578e-05,0.13048279915560584,6.177018997506308e-05,3.0966216014179933e-05,0.00018569976104114373,0.010490303837056292
dim 754,754,0.114704676,AAC_T,-0.18634458527428255,9.090141638666665e-09,0.09091195085439564,0.005354253804077929,2.5470698886868003e-08,0.011072687894812925,0.0954326344198869
dim 754,754,0.114704676,AAC_V,-0.2024822801998622,3.9828020890826903e-10,-0.24366937130279212,3.933997444782447e-14,1.2328599608467271e-09,3.9105807933254087e-13,-0.041187091102929924
dim 754,754,0.114704676,AAC_W,-0.03893253253103274,0.23380941424403925,0.03267218545845315,0.3177742519304776,0.2779086987811712,0.3997612058183786,0.006260347072579588
dim 754,754,0.114704676,AAC_Y,0.2615366179704186,4.048211175743319e-16,0.25834096989698346,9.423153778820835e-16,1.7884954136220483e-15,1.0741752089167779e-14,0.0031956480734351422
dim 754,754,0.114704676,Hydrophobicity_C1,0.29812103843323445,1.0960689172624684e-20,0.07506263883969058,0.021568797696477474,5.845827680854951e-20,0.03829866257641402,0.22305839959354387
dim 754,754,0.114704676,Hydrophobicity_C2,-0.272981112611729,1.784786147408964e-17,-0.013247977128775533,0.6854752563120938,8.467593369809575e-17,0.7450333081947261,0.2597331354829535
dim 754,754,0.114704676,Hydrophobicity_C3,0.17102617844829152,1.3863077242126902e-07,-0.07011118598795277,0.03188002570384153,3.515769019643421e-07,0.05399558106025899,0.10091499246033875
dim 754,754,0.114704676,Hydrophobicity_T12,0.07709532070745694,0.018260834049023903,0.0317942126918821,0.33096002108957434,0.026300640674316447,0.4137000263619679,0.04530110801557483
dim 754,754,0.114704676,Hydrophobicity_T13,0.3196952304920845,1.0423779742361186e-23,0.09644239065620594,0.0031257217818902515,6.183911960832391e-23,0.006787978381998335,0.22325283983587854
dim 754,754,0.114704676,Hydrophobicity_T23,-0.2685298445358633,6.11844397088841e-17,-0.19573175415052005,1.522397357068956e-09,2.830415908970539e-16,9.145336641385456e-09,0.07279809038534327
dim 754,754,0.114704676,Hydrophobicity_group1_D0,-0.04267065073009816,0.1918864066564636,-0.05824343463796506,0.074750683467104,0.2324630388946639,0.11569382890645384,-0.0155727839078669
dim 754,754,0.114704676,Hydrophobicity_group1_D25,-0.28908399109373417,1.7059736785015376e-19,-0.0894652179192913,0.0061362136727417015,8.72580717640909e-19,0.012398641056840461,0.19961877317444288
dim 754,754,0.114704676,Hydrophobicity_group1_D50,-0.1637112641508758,4.689045492303881e-07,-0.06013537928703049,0.06577123903221307,1.1275314574726396e-06,0.10357187098896355,0.10357588486384531
dim 754,754,0.114704676,Hydrophobicity_group1_D75,-0.17745799093916204,4.544343155119978e-08,-0.0619730062458021,0.05791871143241976,1.2036563154719056e-07,0.09259617985317188,0.11548498469335994
dim 754,754,0.114704676,Hydrophobicity_group1_D100,0.13658753535542753,2.7274997779239663e-05,0.02583828065557195,0.42952913227152056,5.517776655521531e-05,0.513283471122318,0.11074925469985558
dim 754,754,0.114704676,Hydrophobicity_group2_D0,0.11463718620471665,0.00043808523854925083,0.02523510676172806,0.4403810818403149,0.0007791292314986676,0.5232560702051411,0.08940207944298859
dim 754,754,0.114704676,Hydrophobicity_group2_D25,0.24581686839183395,2.3127487820220133e-14,0.058914553220115067,0.07145736098929235,9.363128402367908e-14,0.1114748181710586,0.18690231517171887
dim 754,754,0.114704676,Hydrophobicity_group2_D50,0.2062617160164679,1.8416317937120177e-10,0.12712264003860582,9.542957528393048e-05,5.874928549186379e-10,0.00027764353784697545,0.07913907597786207
dim 754,754,0.114704676,Hydrophobicity_group2_D75,0.14500136161342114,8.342379549410876e-06,0.04358548097067963,0.18252393126251004,1.7781459920250367e-05,0.2518091410230415,0.10141588064274151
dim 754,754,0.114704676,Hydrophobicity_group2_D100,-0.09578545137557971,0.0033368432813336442,-0.02742672412909458,0.40170414182320424,0.005330012701891138,0.48596447580627355,0.06835872724648513
dim 754,754,0.114704676,Hydrophobicity_group3_D0,-0.07890833591481469,0.015693620697125155,0.08709910803760472,0.00763825286990846,0.022889385645588654,0.015068969040457328,-0.008190772122790027
dim 754,754,0.114704676,Hydrophobicity_group3_D25,-0.2564431457887032,1.547864483785188e-15,-0.09975862874566105,0.0022340775956662113,6.6280350972340095e-15,0.0049778646894764154,0.15668451704304215
dim 754,754,0.114704676,Hydrophobicity_group3_D50,-0.1641355095668316,4.3753932930350407e-07,-0.09011200789931637,0.005774742998811155,1.0579764636848638e-06,0.011811170616062006,0.07402350166751523
dim 754,754,0.114704676,Hydrophobicity_group3_D75,-0.15365100537740256,2.2996311272693907e-06,-0.14975707852358972,4.144521757230508e-06,5.165277716933265e-06,1.5295804054309277e-05,0.0038939268538128458
dim 754,754,0.114704676,Hydrophobicity_group3_D100,-0.05572846820833746,0.0882090201088815,-0.038433559747672416,0.239861672507585,0.11468202692240725,0.3173505044525024,0.017294908460665046
dim 754,754,0.114704676,NormVanDerWaalsVolume_C1,-0.2744739788519046,1.174646071410857e-17,-0.018711788751265016,0.5672800491072678,5.628863527277278e-17,0.6407559567190647,0.2557621901006396
dim 754,754,0.114704676,NormVanDerWaalsVolume_C2,0.21096319899121893,6.90970435644033e-11,-0.04239319595177668,0.19479442868233424,2.273735226651301e-10,0.26599075707236153,0.16857000303944225
dim 754,754,0.114704676,NormVanDerWaalsVolume_C3,0.26878989459348424,5.697122204355447e-17,0.08108968984475692,0.013029246038838885,2.639166180658418e-16,0.02429797977092232,0.1877002047487273
dim 754,754,0.114704676,NormVanDerWaalsVolume_T12,-0.25315589939321004,3.6215608965219425e-15,-0.1753470312132543,6.583038534232407e-08,1.519599672661217e-14,3.200487438768012e-07,0.07780886817995575
dim 754,754,0.114704676,NormVanDerWaalsVolume_T13,0.09076896708023209,0.005427324475649225,0.08832942045545734,0.006820488471166081,0.008450938810568022,0.01359214289599923,0.0024395466247747466
dim 754,754,0.114704676,NormVanDerWaalsVolume_T23,0.2679842107153908,7.104677612385994e-17,0.06377420370222539,0.05099303177797114,3.273051479361272e-16,0.08291953560780117,0.2042100070131654
dim 754,754,0.114704676,NormVanDerWaalsVolume_group1_D0,0.08303082015783042,0.01100279504971714,-0.011196963944428772,0.7321271054815541,0.01638401046190604,0.7814971340071558,0.07183385621340165
dim 754,754,0.114704676,NormVanDerWaalsVolume_group1_D25,0.17678433930752127,5.1173561341867164e-08,0.012897906018781696,0.6933594428414203,1.3490110093278322e-07,0.7506711634004355,0.16388643328873959
dim 754,754,0.114704676,NormVanDerWaalsVolume_group1_D50,0.20742334693311454,1.448588207665517e-10,0.16498742470083888,3.80546233759531e-07,4.656674315305897e-10,1.6702029182087169e-06,0.04243592223227566
dim 754,754,0.114704676,NormVanDerWaalsVolume_group1_D75,0.19413897806838717,2.0747161191052604e-09,0.11025696029788061,0.000722690721848498,6.099957603707368e-09,0.0017800789166474802,0.08388201777050656
dim 754,754,0.114704676,NormVanDerWaalsVolume_group1_D100,-0.0636577043390096,0.05141900923388297,0.0077940204621551185,0.8116765993384667,0.06953015823529114,0.8514446739291704,0.055863683876854475
dim 754,754,0.114704676,NormVanDerWaalsVolume_group2_D0,-0.10116588715480183,0.0019315644280671475,-0.09333979257799668,0.004241695712201466,0.0031640143157156807,0.008983680202126124,0.007826094576805151
dim 754,754,0.114704676,NormVanDerWaalsVolume_group2_D25,-0.21524553639044683,2.772695512418398e-11,-0.06253037426707743,0.055696750759667076,9.344907176062007e-11,0.08965163736736773,0.15271516212336939
dim 754,754,0.114704676,NormVanDerWaalsVolume_group2_D50,-0.15740860105738003,1.2845241315186803e-06,-0.12907442939510982,7.421912865353558e-05,2.9506950476426357e-06,0.00022034834640249673,0.028334171662270202
dim 754,754,0.114704676,NormVanDerWaalsVolume_group2_D75,-0.04581808043706545,0.1611016199397229,-0.0397979035901083,0.22357074136823932,0.1986737965148212,0.29940909228946244,0.006020176846957152
dim 754,754,0.114704676,NormVanDerWaalsVolume_group2_D100,0.10409265053424582,0.0014190816013258131,0.045210282711507364,0.16673629081635968,0.002369866274214108,0.2329147684343962,0.05888236782273846
dim 754,754,0.114704676,NormVanDerWaalsVolume_group3_D0,0.008762275358655276,0.788803735479589,0.10484576823181121,0.001309204642184791,0.8215215652066455,0.0030707468433266868,-0.09608349287315594
dim 754,754,0.114704676,NormVanDerWaalsVolume_group3_D25,-0.06759593475603466,0.03856984862773585,0.007714859519846575,0.8135540032691272,0.05297211984317536,0.8526107219701553,0.05988107523618809
dim 754,754,0.114704676,NormVanDerWaalsVolume_group3_D50,-0.1401371464176104,1.6683729991460088e-05,-0.10032752074640072,0.0021069145597178637,3.4632478664684085e-05,0.004716551360226317,0.039809625671209686
dim 754,754,0.114704676,NormVanDerWaalsVolume_group3_D75,-0.1786293896562335,3.69248817688267e-08,-0.1472356307301889,6.021879464427116e-06,9.860017193219108e-08,2.162696495826513e-05,0.031393758926044624
dim 754,754,0.114704676,NormVanDerWaalsVolume_group3_D100,0.08857712870300945,0.006665671952264291,0.03826144404911715,0.24197469428136184,0.010198508621421316,0.319481716251758,0.050315684653892294
dim 754,754,0.114704676,Polarity_C1,0.2619861482879158,3.5912255904703274e-16,0.044371077695905856,0.17475761478032426,1.5908081528078108e-15,0.24320434723595125,0.2176150705920099
dim 754,754,0.114704676,Polarity_C2,-0.29811709748075477,1.0974053760167828e-20,-0.03552717880573023,0.27730452561721325,5.845827680854951e-20,0.3565038935956475,0.2625899186750245
dim 754,754,0.114704676,Polarity_C3,0.2787819972638663,3.461811145589937e-18,0.02109226289949493,0.5190220179439579,1.683034821873419e-17,0.5965359738240947,0.25768973436437137
dim 754,754,0.114704676,Polarity_T12,-0.2639121843733227,2.1440067224557697e-16,-0.11376040191506397,0.0004849376429954586,9.560724236318118e-16,0.0012430481409093105,0.15015178245825872
dim 754,754,0.114704676,Polarity_T13,0.34067113768384727,6.823447686494924e-27,0.10199150218606129,0.0017720529243123314,4.5763685286933827e-26,0.004041374488238798,0.23867963549778598
dim 754,754,0.114704676,Polarity_T23,-0.10874397773066864,0.0008556012226913985,-0.09229127988442817,0.00469359941547708,0.0014745655747106662,0.009847124401817493,0.01645269784624047
dim 754,754,0.114704676,Polarity_group1_D0,-0.0783014651868755,0.0165152423512581,0.03778056023918999,0.24794757501438935,0.02399343603880037,0.32604129942837023,0.04052090494768551
dim 754,754,0.114704676,Polarity_group1_D25,-0.20533992388276234,2.2258705581271042e-10,-0.07813507622963933,0.016746999158549807,7.05351770791701e-10,0.030415974545707648,0.127204847653123
dim 754,754,0.114704676,Polarity_group1_D50,-0.16328851355195792,5.023072069386513e-07,-0.1013712253350731,0.001890707359940742,1.2052486143499248e-06,0.004287143640327277,0.06191728821688482
dim 754,754,0.114704676,Polarity_group1_D75,-0.24965842659886545,8.828533653868573e-15,-0.21755816388932483,1.679770369527674e-11,3.640407704187782e-14,1.2809207840690482e-10,0.03210026270954061
dim 754,754,0.114704676,Polarity_group1_D100,0.08972405713166574,0.005989183210803211,0.09393271410386278,0.004003953795811518,0.009243933421480003,0.00852883015179239,-0.004208656972197036
dim 754,754,0.114704676,Polarity_group2_D0,0.11898732938712281,0.000261862973657306,0.026706648845372855,0.4141815903153732,0.0004802978209859429,0.4981514265946512,0.09228068054174995
dim 754,754,0.114704676,Polarity_group2_D25,0.20701041769884643,1.5778871597434343e-10,0.010371446669770577,0.7511984922869939,5.062577438562027e-10,0.7972681805651604,0.19663897102907585
dim 754,754,0.114704676,Polarity_group2_D50,0.2588790754469651,8.18015644695256e-16,0.16290018577719897,5.349999710810782e-07,3.5482756536131878e-15,2.2647654035624856e-06,0.09597888966976612
dim 754,754,0.114704676,Polarity_group2_D75,0.20484653689581206,2.462585397018569e-10,0.10082001532258339,0.0020022180453092018,7.766794358868764e-10,0.004509378470217622,0.10402652157322867
dim 754,754,0.114704676,Polarity_group2_D100,-0.02560011270173747,0.43379545965224015,0.0241667092047242,0.45998325640341003,0.4867490070052139,0.5411567722393059,0.0014334034970132706
dim 754,754,0.114704676,Polarity_group3_D0,-0.07054889677197843,0.030823629420211458,-0.0646404944804932,0.04791711492700979,0.043057683924511196,0.0782607158221089,0.005908402291485232
dim 754,754,0.114704676,Polarity_group3_D25,-0.28887623157099007,1.8150054757078852e-19,-0.056164204975694305,0.08574675826559808,9.269294019670238e-19,0.1307139080817424,0.23271202659529577
dim 754,754,0.114704676,Polarity_group3_D50,-0.2120397584059064,5.502445813101333e-11,-0.08306778184656868,0.010967085718140108,1.8232310531506402e-10,0.020943434132983395,0.1289719765593377
dim 754,754,0.114704676,Polarity_group3_D75,-0.18977851067042406,4.7776393144839605e-09,-0.08030637992716709,0.013936118585366346,1.3650398041382745e-08,0.02574482083801084,0.10947213074325697
dim 754,754,0.114704676,Polarity_group3_D100,0.09062254532836643,0.005503082435795604,-0.011633599205869958,0.7221053528165537,0.008545000156000612,0.7740153653425191,0.07898894612249648
dim 754,754,0.114704676,Polarizability_C1,-0.25944445907299174,7.047891625381108e-16,-0.03728735050656719,0.2541797736444497,3.0771186965716208e-15,0.3330562746066936,0.22215710856642457
dim 754,754,0.114704676,Polarizability_C2,0.1569243777215633,1.3857001377853091e-06,-0.020520309612077126,0.5304209159737823,3.1635259468236038e-06,0.6076660031882305,0.1364040681094862
dim 754,754,0.114704676,Polarizability_C3,0.26878989459348424,5.697122204355447e-17,0.08108968984475692,0.013029246038838885,2.639166180658418e-16,0.02429797977092232,0.1877002047487273
dim 754,754,0.114704676,Polarizability_T12,-0.3214513900266529,5.7663796473468785e-24,-0.11966645660053657,0.00024126784209526736,3.47021766164659e-23,0.0006578241572230147,0.20178493342611634
dim 754,754,0.114704676,Polarizability_T13,0.10151174478329432,0.0018632059506343245,0.08642033972474,0.008126030320704402,0.003061046667544832,0.015918440628242055,0.015091405058554316
dim 754,754,0.114704676,Polarizability_T23,0.2594057932422596,7.120149933493027e-16,0.06531339666838974,0.045636654812092975,3.1005607272316444e-15,0.07486563215736274,0.19409239657386984
dim 754,754,0.114704676,Polarizability_group1_D0,0.059481926213221736,0.06876662128782986,-0.02266719886196222,0.48829943103551465,0.09132426047767464,0.5676714582870236,0.03681472735125951
dim 754,754,0.114704676,Polarizability_group1_D25,0.16919347660310669,1.8906477104584812e-07,0.002081411730077472,0.9492664501673601,4.737256828905722e-07,0.962815045113569,0.1671120648730292
dim 754,754,0.114704676,Polarizability_group1_D50,0.2851114520599482,5.527886232289928e-19,0.17720119281317062,4.755046415025873e-08,2.801690442465609e-18,2.3528674112868762e-07,0.10791025924677758
dim 754,754,0.114704676,Polarizability_group1_D75,0.27260704225177207,1.9812248291655393e-17,0.1837869205275054,1.4563549176017406e-08,9.372933327780313e-17,7.832891183236414e-08,0.08882012172426668
dim 754,754,0.114704676,Polarizability_group1_D100,-0.008831652249386372,0.7871715650640575,0.019991668244482213,0.5410683209092612,0.8208407828017334,0.6167809528453694,-0.011160015995095841
dim 754,754,0.114704676,Polarizability_group2_D0,-0.056610768957213016,0.08328115937298333,-0.10211624694820316,0.0017490316880645583,0.10869834791159216,0.0039984707995452595,-0.04550547799099015
dim 754,754,0.114704676,Polarizability_group2_D25,-0.16434783583691978,4.2261034667660535e-07,-0.0416827491391282,0.20238754526040983,1.0250679432823978e-06,0.274451644811112,0.12266508669779158
dim 754,754,0.114704676,Polarizability_group2_D50,-0.27306306660681084,1.7443824152799282e-17,-0.14691647594427903,6.310742308586534e-06,8.299483286374587e-17,2.259151051519724e-05,0.1261465906625318
dim 754,754,0.114704676,Polarizability_group2_D75,-0.19943781237862038,7.334174616158583e-10,-0.15938108671421233,9.409953276883165e-07,2.230978435152064e-09,3.832834627413387e-06,0.040056725664408044
dim 754,754,0.114704676,Polarizability_group2_D100,-0.02401240603853365,0.46285404398897073,0.010034027056989468,0.7590383392705476,0.5153108356410541,0.8036829906011492,0.01397837898154418
dim 754,754,0.114704676,Polarizability_group3_D0,0.008762275358655276,0.788803735479589,0.10484576823181121,0.001309204642184791,0.8215215652066455,0.0030707468433266868,-0.09608349287315594
dim 754,754,0.114704676,Polarizability_group3_D25,-0.06759593475603466,0.03856984862773585,0.007714859519846575,0.8135540032691272,0.05297211984317536,0.8526107219701553,0.05988107523618809
dim 754,754,0.114704676,Polarizability_group3_D50,-0.1401371464176104,1.6683729991460088e-05,-0.10032752074640072,0.0021069145597178637,3.4632478664684085e-05,0.004716551360226317,0.039809625671209686
dim 754,754,0.114704676,Polarizability_group3_D75,-0.1786293896562335,3.69248817688267e-08,-0.1472356307301889,6.021879464427116e-06,9.860017193219108e-08,2.162696495826513e-05,0.031393758926044624
dim 754,754,0.114704676,Polarizability_group3_D100,0.08857712870300945,0.006665671952264291,0.03826144404911715,0.24197469428136184,0.010198508621421316,0.319481716251758,0.050315684653892294
dim 754,754,0.114704676,Charge_C1,0.11428603523095303,0.00045631881207414924,-0.06948372580506162,0.033448336890865384,0.0008098325357745262,0.0563944700734429,0.044802309425891404
dim 754,754,0.114704676,Charge_C2,-0.1181643435649934,0.00028902544993117315,0.1576418188406895,1.2383634718003538e-06,0.0005280880759136314,4.965346933749318e-06,-0.0394774752756961
dim 754,754,0.114704676,Charge_C3,0.08885575772217288,0.006495305521384394,-0.18122149916541164,2.3211404268149133e-08,0.009974400202953504,1.222808994568109e-07,-0.09236574144323875
dim 754,754,0.114704676,Charge_T12,0.09792396104795101,0.0026935076106747893,-0.038236002691400615,0.2422881373818166,0.004341851071261485,0.3196059948085574,0.05968795835655039
dim 754,754,0.114704676,Charge_T13,0.15585257593069846,1.637565195106057e-06,-0.0574524123466407,0.07879022872663238,3.723259191051212e-06,0.12132750758273497,0.09840016358405776
dim 754,754,0.114704676,Charge_T23,0.07265869852934544,0.026142579612381686,-0.18049540505288453,2.645292551752487e-08,0.03688898010365645,1.3740710922011361e-07,-0.10783670652353909
dim 754,754,0.114704676,Charge_group1_D0,-0.05709563819212595,0.08066932435938357,-0.03995782535564357,0.2217142188628103,0.10561957795387734,0.29751928123816246,0.01713781283648238
dim 754,754,0.114704676,Charge_group1_D25,-0.06077254416098626,0.06295474184102247,0.0195269973479729,0.5505145118032565,0.0842423228161118,0.6254144453819308,0.04124554681301336
dim 754,754,0.114704676,Charge_group1_D50,-0.11787893361966666,0.0002990453362971594,-0.11131496426016294,0.0006414195705940256,0.0005449053045458333,0.0015940039923988435,0.006563969359503721
dim 754,754,0.114704676,Charge_group1_D75,-0.08860679345375108,0.0066473447082520225,-0.03629602617209098,0.2670332671764537,0.010184463910808144,0.3452927264302576,0.0523107672816601
dim 754,754,0.114704676,Charge_group1_D100,0.08319629160587574,0.010843729081520896,0.05432449877466235,0.09653177953136309,0.016190458262083054,0.14464609404878992,0.028871792831213397
dim 754,754,0.114704676,Charge_group2_D0,-0.04146231796157106,0.20478667937941422,-0.054423180461308195,0.09592700377413105,0.2466597580696875,0.14380439524488228,-0.012960862499737137
dim 754,754,0.114704676,Charge_group2_D25,0.14617678046073132,7.0319830186791576e-06,0.06181663937399746,0.05855512135081996,1.5084664921251373e-05,0.09317489533670255,0.08436014108673387
dim 754,754,0.114704676,Charge_group2_D50,0.13593306843064268,2.9823371271489974e-05,0.15250201808621286,2.7403445814383786e-06,5.99699338029961e-05,1.0424545446474014e-05,-0.01656894965557018
dim 754,754,0.114704676,Charge_group2_D75,0.07950681429388735,0.014918741309541461,0.07054652481586421,0.030829272170893516,0.02184506618757934,0.05250880624721282,0.008960289478023145
dim 754,754,0.114704676,Charge_group2_D100,-0.08609324088927793,0.008370882925014653,0.01676568426930079,0.6082617974764137,0.012662476888382672,0.6785552450137682,0.06932755661997714
dim 754,754,0.114704676,Charge_group3_D0,-0.0380079209140566,0.2451108945511421,-0.05458847505995108,0.09492077474422152,0.28969228159972205,0.14268019245981092,-0.01658055414589448
dim 754,754,0.114704676,Charge_group3_D25,-0.19833288323675058,9.131828150797004e-10,-0.09787960339454542,0.0027056129221903987,2.750253022873038e-09,0.005945228394813113,0.10045327984220516
dim 754,754,0.114704676,Charge_group3_D50,-0.08143247289042199,0.012649063542133793,-0.08052851483850057,0.013673455417441853,0.018677220261152462,0.025343696500696886,0.0009039580519214219
dim 754,754,0.114704676,Charge_group3_D75,-0.0869221852063317,0.007762801429624222,-0.11250708222680036,0.0005600558319624329,0.011806810917552323,0.0014106987019264902,-0.025584897020468664
dim 754,754,0.114704676,Charge_group3_D100,0.0505727206837927,0.12186865921794289,-0.04336292051303035,0.1847699010419937,0.15389085889902807,0.2541727633773719,0.007209800170762351
dim 754,754,0.114704676,SecondaryStructure_C1,0.07585634737881818,0.020219780007390158,-0.22862350460785422,1.4112549291013152e-12,0.02894730614002706,1.1754592177552103e-11,-0.15276715722903605
dim 754,754,0.114704676,SecondaryStructure_C2,0.050849850740145905,0.11983520148207248,0.17926239597644297,3.298781705786812e-08,0.15155228055665357,1.6846989139645187e-07,-0.12841254523629708
dim 754,754,0.114704676,SecondaryStructure_C3,-0.13877905498007384,2.0164264616538654e-05,0.16735072896685732,2.574207707344547e-07,4.129285335330417e-05,1.165020832321245e-06,-0.02857167398678348
dim 754,754,0.114704676,SecondaryStructure_T12,0.15939526303342827,9.388800958625909e-07,-0.04275453730102835,0.19101349321713748,2.194443331127399e-06,0.2615764933764818,0.11664072573239992
dim 754,754,0.114704676,SecondaryStructure_T13,-0.008280792525944004,0.8001563103663498,-0.19341571190145837,2.385775398099675e-09,0.8315252260807743,1.4053773950005141e-08,-0.18513491937551438
dim 754,754,0.114704676,SecondaryStructure_T23,-0.09376887156360314,0.004068411343688476,0.1823147923728409,1.9045107852451457e-08,0.006421783500907142,1.0080928720631992e-07,-0.08854592080923776
dim 754,754,0.114704676,SecondaryStructure_group1_D0,-0.05763312798834531,0.07785207109474085,-0.02757659303720985,0.39913581850255053,0.1023773265964475,0.4837132198107833,0.030056534951135458
dim 754,754,0.114704676,SecondaryStructure_group1_D25,0.08400508564981876,0.010095244576598071,0.07228589724798766,0.026922083075985374,0.015120231787371102,0.04671156232404735,0.011719188401831102
dim 754,754,0.114704676,SecondaryStructure_group1_D50,-0.032331341839012984,0.3228517995256923,-0.12269504548848276,0.00016656816672370092,0.3723497964142998,0.0004675106528211438,-0.09036370364946977
dim 754,754,0.114704676,SecondaryStructure_group1_D75,0.07471941909384189,0.022175960697514447,-0.01722713586380889,0.5984257954817178,0.03157191335451758,0.6693711175180634,0.057492283230033
dim 754,754,0.114704676,SecondaryStructure_group1_D100,0.06759224126691674,0.03858048715280902,-0.02490782291905748,0.4463344750434242,0.05297211984317536,0.5284498924654509,0.04268441834785926
dim 754,754,0.114704676,SecondaryStructure_group2_D0,-0.12452997677550534,0.00013252606151503,-0.09107993451254202,0.005269541097597377,0.0002525025929607531,0.010931843022344869,0.03345004226296332
dim 754,754,0.114704676,SecondaryStructure_group2_D25,0.022089418924749516,0.4994553358977553,-0.012681691771728513,0.6982456271227699,0.5507364879163099,0.7544839441576564,0.009407727153021003
dim 754,754,0.114704676,SecondaryStructure_group2_D50,0.020270715823342708,0.5354347400193247,0.042767779789517506,0.19087596059044445,0.585768762418783,0.2614953684873193,-0.022497063966174798
dim 754,754,0.114704676,SecondaryStructure_group2_D75,-0.18041943588071652,2.68163906110302e-08,-0.10263412054613764,0.0016563657476925033,7.228954369720814e-08,0.0038153528257192835,0.07778531533457887
dim 754,754,0.114704676,SecondaryStructure_group2_D100,0.020128778505555375,0.5382965651098646,0.07109047639686686,0.029558205065772027,0.5881290570712946,0.05060195024073735,-0.05096169789131148
dim 754,754,0.114704676,SecondaryStructure_group3_D0,-0.010739947810650777,0.742665699436156,-0.08260431201857577,0.011422375395991016,0.7805234223149028,0.02172593042289863,-0.07186436420792498
dim 754,754,0.114704676,SecondaryStructure_group3_D25,-0.011996235644320187,0.7138179945841862,-0.03245381339385034,0.3210212936559339,0.7528108941936159,0.40323848093675035,-0.02045757774953015
dim 754,754,0.114704676,SecondaryStructure_group3_D50,-0.0072759119249460776,0.823983344478384,0.07665981260837361,0.018929638781324858,0.8544254487916183,0.033955420800013444,-0.06938390068342754
dim 754,754,0.114704676,SecondaryStructure_group3_D75,0.07189595942328524,0.02775877402736549,0.11568390952950855,0.00038768274708765707,0.03907050368790591,0.0010219892464662784,-0.043787950106223314
dim 754,754,0.114704676,SecondaryStructure_group3_D100,-0.06703414820218964,0.04021685444726702,-0.004009670310054077,0.902444056218116,0.05505094010404584,0.9236759005720135,0.06302447789213557
dim 754,754,0.114704676,SolventAccessibility_C1,-0.15708570552176793,1.3511702010491032e-06,-0.23256031614436257,5.664159727055317e-13,3.0931517967813603e-06,4.913842464510326e-12,-0.07547461062259464
dim 754,754,0.114704676,SolventAccessibility_C2,0.29812103843323445,1.0960689172624684e-20,0.07506263883969058,0.021568797696477474,5.845827680854951e-20,0.03829866257641402,0.22305839959354387
dim 754,754,0.114704676,SolventAccessibility_C3,-0.1644577615624471,4.150753045936831e-07,0.1631074110683132,5.173071928055015e-07,1.0075229050457134e-06,2.201026782127866e-06,0.0013503504941339006
dim 754,754,0.114704676,SolventAccessibility_T12,0.28658885218118635,3.5778581568793717e-19,0.02250541808117571,0.49140954471902293,1.8161164504524473e-18,0.5702946071443838,0.2640834341000106
dim 754,754,0.114704676,SolventAccessibility_T13,-0.1932782230625394,2.4498327179615008e-09,0.01588744474670675,0.627177469514605,7.17128946362087e-09,0.6943230852432153,0.17739077831583264
dim 754,754,0.114704676,SolventAccessibility_T23,0.11514774571453411,0.00041278269618687095,0.1371972226188041,2.5088126599748064e-05,0.0007364819472564898,8.10390162893216e-05,-0.02204947690426999
dim 754,754,0.114704676,SolventAccessibility_group1_D0,-0.12793596010198646,8.597673675727526e-05,-0.1620558217103995,6.133032188887611e-07,0.00016647089899669525,2.562869633061661e-06,-0.034119861608413043
dim 754,754,0.114704676,SolventAccessibility_group1_D25,0.004333940084246254,0.8945987766641424,-0.11705981181891743,0.0003296355461059768,0.9133098045912201,0.0008800821135043664,-0.11272587173467118
dim 754,754,0.114704676,SolventAccessibility_group1_D50,0.16960273280347402,1.7645952859943642e-07,0.053118129387649295,0.10417386156018929,4.4380634451966686e-07,0.15464031004934764,0.11648460341582473
dim 754,754,0.114704676,SolventAccessibility_group1_D75,0.25349638498741106,3.318207925400165e-15,0.16336655063482922,4.959736174673721e-07,1.3975806394497542e-14,2.128722619996507e-06,0.09012983435258184
dim 754,754,0.114704676,SolventAccessibility_group1_D100,-0.00015099556488238917,0.9963170790535384,0.013693407449001594,0.6754927408651596,0.9969140335646549,0.7363399982015774,-0.013542411884119206
dim 754,754,0.114704676,SolventAccessibility_group2_D0,-0.04267065073009816,0.1918864066564636,-0.05824343463796506,0.074750683467104,0.2324630388946639,0.11569382890645384,-0.0155727839078669
dim 754,754,0.114704676,SolventAccessibility_group2_D25,-0.28908399109373417,1.7059736785015376e-19,-0.0894652179192913,0.0061362136727417015,8.72580717640909e-19,0.012398641056840461,0.19961877317444288
dim 754,754,0.114704676,SolventAccessibility_group2_D50,-0.1637112641508758,4.689045492303881e-07,-0.06013537928703049,0.06577123903221307,1.1275314574726396e-06,0.10357187098896355,0.10357588486384531
dim 754,754,0.114704676,SolventAccessibility_group2_D75,-0.17745799093916204,4.544343155119978e-08,-0.0619730062458021,0.05791871143241976,1.2036563154719056e-07,0.09259617985317188,0.11548498469335994
dim 754,754,0.114704676,SolventAccessibility_group2_D100,0.13658753535542753,2.7274997779239663e-05,0.02583828065557195,0.42952913227152056,5.517776655521531e-05,0.513283471122318,0.11074925469985558
dim 754,754,0.114704676,SolventAccessibility_group3_D0,-0.06293024229480694,0.054146729045895785,0.04017492356868438,0.2192116215347908,0.07295283380931501,0.29451601606041883,0.02275531872612256
dim 754,754,0.114704676,SolventAccessibility_group3_D25,0.15631317261019054,1.5243662272325486e-06,0.16701788426269623,2.7208068950252336e-07,3.470608860911188e-06,1.2263825950586074e-06,-0.010704711652505694
dim 754,754,0.114704676,SolventAccessibility_group3_D50,-0.029289771142990736,0.370483223229491,0.020164658863956776,0.537572400826814,0.42218149627652674,0.6132144189759422,0.00912511227903396
dim 754,754,0.114704676,SolventAccessibility_group3_D75,-0.1534448308179389,2.373356273309816e-06,-0.20879351585904884,1.089390583427148e-10,5.327291634983054e-06,7.533259935086283e-10,-0.05534868504110996
dim 754,754,0.114704676,SolventAccessibility_group3_D100,-0.06599414678053334,0.043423202802780184,0.03886632923112055,0.23460614635224317,0.05914906091406436,0.31181238711360615,0.027127817549412785
dim 931,931,0.111722544,AAC_A,-0.28929296158470136,1.6028293500847959e-19,-0.24415719301506783,3.488364046823459e-14,8.223425544213853e-19,3.4883640468234587e-13,0.04513576856963353
dim 931,931,0.111722544,AAC_C,-0.154024295344928,2.1716979373306714e-06,-0.13057342132286326,6.104084101282203e-05,4.8877837673075756e-06,0.0001838380603993017,0.02345087402206475
dim 931,931,0.111722544,AAC_D,0.24103061232477005,7.503921533329002e-14,0.09361089835595106,0.004131448744366709,2.9347889837609915e-13,0.008789196691837458,0.14741971396881898
dim 931,931,0.111722544,AAC_E,0.6436420079233796,1.0091187211859244e-110,0.46478989607497717,2.1506845818473193e-51,1.532025694891358e-108,2.7628025012961715e-49,0.17885211184840238
dim 931,931,0.111722544,AAC_F,0.3062349727188539,8.565522745394773e-22,0.27049740372945075,3.5592742829605335e-17,4.7602073160762964e-21,4.3705794504000666e-16,0.03573756898940317
dim 931,931,0.111722544,AAC_G,-0.4085829980768607,5.236010837974442e-39,-0.3796019502766378,1.7486519925517203e-33,5.236010837974441e-38,8.464489355250356e-32,0.028981047800222925
dim 931,931,0.111722544,AAC_H,0.46543079633547974,1.5049669552703966e-51,0.23974680326340425,1.024546317981379e-13,2.1573346054090666e-50,9.666623452140695e-13,0.22568399307207548
dim 931,931,0.111722544,AAC_I,0.4312785543894418,9.914414574409648e-44,0.34188633886548675,4.384099066334984e-27,1.1497966902266745e-42,1.2101562712032104e-25,0.08939221552395504
dim 931,931,0.111722544,AAC_K,0.5627032560743664,2.3190477597861245e-79,0.4228175311034956,6.299484671918598e-42,9.332071708055007e-78,5.3949432831302864e-40,0.13988572497087082
dim 931,931,0.111722544,AAC_L,0.48146836011330907,1.5433001918795231e-55,0.3527828176715321,7.598512306136685e-29,2.514450068720784e-54,2.5635384952016694e-27,0.128685542441777
dim 931,931,0.111722544,AAC_M,0.3484356625253403,3.905499193031592e-28,0.2229184299128501,5.143824900616455e-12,2.7119266745791097e-27,4.0615544132527095e-11,0.1255172326124902
dim 931,931,0.111722544,AAC_N,-0.05426134911091289,0.09692039078333012,-0.07731214825158918,0.017935624003133567,0.12508272999085107,0.0323635786982529,-0.023050799140676287
dim 931,931,0.111722544,AAC_P,-0.5123956946477746,7.424736629874587e-64,-0.2481087347095475,1.3045623309294614e-14,1.7102496788814565e-62,1.3745230868468143e-13,0.26428695993822704
dim 931,931,0.111722544,AAC_Q,0.11165253184005511,0.0006173308763186766,0.05634940123913297,0.0847171848080913,0.0010789561103633596,0.12938061145817326,0.05530313060092214
dim 931,931,0.111722544,AAC_R,-0.06907927754023842,0.03449378803652405,0.038519833871271364,0.23880740678474727,0.047804668897091424,0.3163890276323109,0.030559443668967054
dim 931,931,0.111722544,AAC_S,-0.545757709240608,7.653914143882608e-74,-0.29453091447913493,3.3003177823238104e-20,2.5310963604522684e-72,5.224199712304041e-19,0.251226794761473
dim 931,931,0.111722544,AAC_T,-0.7107577538797445,5.244837906194152e-145,-0.5521692007557769,6.808987192428257e-76,3.503551721337694e-142,4.548403444542075e-73,0.15858855312396758
dim 931,931,0.111722544,AAC_V,-0.08054940523280085,0.013648979640178388,-0.14726878113500969,5.992610421097949e-06,0.02006496126681154,2.156823147248615e-05,-0.06671937590220883
dim 931,931,0.111722544,AAC_W,-0.1188187455167919,0.0002672245064718139,-0.020463397866792823,0.5315620573051079,0.0004890574529401965,0.6082451549706713,0.09835534764999908
dim 931,931,0.111722544,AAC_Y,0.11227616087268742,0.0005750252512040563,0.08680592434080703,0.00784563183897526,0.0010103021246825607,0.015405297085348248,0.025470236531880394
dim 931,931,0.111722544,Hydrophobicity_C1,0.6651788309504402,9.460067975753592e-121,0.4971775497852171,1.1752506700479859e-59,2.256901931358357e-118,2.616891491973515e-57,0.16800128116522306
dim 931,931,0.111722544,Hydrophobicity_C2,-0.7389918852547155,1.486794068996084e-162,-0.5850580798106096,3.788989350795419e-87,2.48294609522346e-159,4.218408143885566e-84,0.15393380544410584
dim 931,931,0.111722544,Hydrophobicity_C3,0.6480384868520301,1.054169091669553e-112,0.4992345538041721,3.272042789730628e-60,1.7604623830881535e-110,8.406633013615613e-58,0.14880393304785805
dim 931,931,0.111722544,Hydrophobicity_T12,0.07305628064401087,0.025332799181387755,-0.005480088812583383,0.8669567005783445,0.03584984418059893,0.8928878754029204,0.06757619183142749
dim 931,931,0.111722544,Hydrophobicity_T13,0.6569357644550978,8.160358331516848e-117,0.47106321990249406,6.318876399441871e-53,1.703474801704142e-114,8.793769655889936e-51,0.18587254455260377
dim 931,931,0.111722544,Hydrophobicity_T23,-0.2430608639645803,4.568814725903847e-14,-0.13204158519815334,5.030156261095671e-05,1.8166477600617677e-13,0.0001542766015799774,0.11101927876642695
dim 931,931,0.111722544,Hydrophobicity_group1_D0,0.07753766886917733,0.017602760958456528,0.09473063485652854,0.003703079040689901,0.025429594118185468,0.00794366345273235,-0.017192965987351205
dim 931,931,0.111722544,Hydrophobicity_group1_D25,-0.4451649416038318,8.395666716081482e-47,-0.1725835402936727,1.0622216891208947e-07,1.0541927380342915e-45,5.053875273025339e-07,0.27258140131015907
dim 931,931,0.111722544,Hydrophobicity_group1_D50,-0.18439103624821263,1.303699630942425e-08,-0.01435852526167119,0.6606927453912849,3.5986419564857023e-08,0.7239874572201087,0.17003251098654143
dim 931,931,0.111722544,Hydrophobicity_group1_D75,-0.1634579170114849,4.886559022949289e-07,0.04762645176488982,0.1451859445000798,1.1733362427498652e-06,0.2062890870210328,0.11583146524659509
dim 931,931,0.111722544,Hydrophobicity_group1_D100,0.2541642469591171,2.7939447808967705e-15,0.11533984822544974,0.00040362035757876287,1.1797440667756274e-14,0.0010594076296979776,0.13882439873366736
dim 931,931,0.111722544,Hydrophobicity_group2_D0,0.34071698911558657,6.710736949469486e-27,0.2955917875264306,2.3867198428448017e-20,4.5098312698648056e-26,3.814183863684994e-19,0.04512520158915595
dim 931,931,0.111722544,Hydrophobicity_group2_D25,0.40037183562095924,2.188667960898816e-37,0.14766057620607567,5.656824644164804e-06,2.0419416171514094e-36,2.0437990542564355e-05,0.2527112594148836
dim 931,931,0.111722544,Hydrophobicity_group2_D50,0.13395767926346652,3.895608400175229e-05,-0.025113778803516725,0.4425827536825857,7.758695322948875e-05,0.5251248303018956,0.1088439004599498
dim 931,931,0.111722544,Hydrophobicity_group2_D75,0.12162173537829798,0.00019012514430000651,-0.0700336358436579,0.03207038560679459,0.00035495694911236544,0.054262962475528836,0.05158809953464008
dim 931,931,0.111722544,Hydrophobicity_group2_D100,-0.27046668825368914,3.58962684353496e-17,-0.23696999967137372,1.9969645841631552e-13,1.674490734274688e-16,1.83742746862395e-12,0.033496688582315415
dim 931,931,0.111722544,Hydrophobicity_group3_D0,-0.21319179639486055,4.3065702780790405e-11,0.03615843953992881,0.26885187394521226,1.4383944728783997e-10,0.3467047331957564,0.17703335685493174
dim 931,931,0.111722544,Hydrophobicity_group3_D25,-0.32512303379826957,1.6512462895778064e-24,-0.08385452016934292,0.010231001240656965,1.0119564416862152e-23,0.019661417804254466,0.24126851362892665
dim 931,931,0.111722544,Hydrophobicity_group3_D50,-0.12416025404642986,0.00013880883446539734,0.01501030894893345,0.6463168112785721,0.0002638240416336752,0.7113510711255114,0.10914994509749641
dim 931,931,0.111722544,Hydrophobicity_group3_D75,0.02221928204951091,0.49693619384976007,0.08322211106515855,0.010819094029743999,0.5485019456239917,0.020696319621617956,-0.06100282901564764
dim 931,931,0.111722544,Hydrophobicity_group3_D100,-0.04234884176392555,0.19526228445125396,-0.01216671858125903,0.7099334831942359,0.23595370118205072,0.76268183784778,0.030182123182666522
dim 931,931,0.111722544,NormVanDerWaalsVolume_C1,-0.7365113551739331,6.3727886557480285e-161,-0.585213631564206,3.328175399787849e-87,7.095038036732805e-158,4.218408143885566e-84,0.15129772360972704
dim 931,931,0.111722544,NormVanDerWaalsVolume_C2,0.6351547986147419,5.462828597808874e-107,0.44195208031139904,4.442109159131582e-46,6.081949172227214e-105,4.64808870178059e-44,0.19320271830334285
dim 931,931,0.111722544,NormVanDerWaalsVolume_C3,0.6386537592685264,1.6311846081803105e-108,0.5249382701300401,1.7627044434529516e-67,2.0178357745637914e-106,6.541592045703176e-65,0.11371548913848628
dim 931,931,0.111722544,NormVanDerWaalsVolume_T12,-0.29777830435202834,1.2185186363549982e-20,-0.20950923947770245,9.379857895206459e-11,6.460082929247134e-20,6.526817785414494e-10,0.0882690648743259
dim 931,931,0.111722544,NormVanDerWaalsVolume_T13,0.0715274393516885,0.02856998835104497,0.07593866481627347,0.02008416938496875,0.04009401726575219,0.03583393469326689,-0.0044112254645849724
dim 931,931,0.111722544,NormVanDerWaalsVolume_T23,0.637453757193064,5.4665913198024314e-108,0.49576805179735095,2.8084059478602982e-59,6.296005175220731e-106,5.517691685796116e-57,0.141685705395713
dim 931,931,0.111722544,NormVanDerWaalsVolume_group1_D0,0.3038931581932128,1.8025099615778088e-21,0.24033505747674766,8.885039109666633e-14,9.934625860841389e-21,8.45470958013862e-13,0.06355810071646512
dim 931,931,0.111722544,NormVanDerWaalsVolume_group1_D25,0.33588476827541697,3.8235924714563444e-26,0.12143699621082231,0.00019448252645634434,2.4749610183457733e-25,0.0005399597991389776,0.21444777206459464
dim 931,931,0.111722544,NormVanDerWaalsVolume_group1_D50,0.04109718967228631,0.20880598274729845,-0.08599671532739138,0.008444386315123125,0.25113863247244395,0.016503364711826354,-0.04489952565510507
dim 931,931,0.111722544,NormVanDerWaalsVolume_group1_D75,0.1013292301850221,0.0018989982902935098,-0.08047289496633887,0.013738810044647474,0.0031152525980256986,0.025416321885740962,0.020856335218683228
dim 931,931,0.111722544,NormVanDerWaalsVolume_group1_D100,-0.32021303912009,8.757680490856503e-24,-0.31462149416653656,5.64090457707415e-23,5.232674926558268e-23,1.134977185989618e-21,0.005591544953553462
dim 931,931,0.111722544,NormVanDerWaalsVolume_group2_D0,0.06477218051679477,0.04746345713931321,0.13962673465859443,1.7918818421468803e-05,0.06433764076514047,5.937386262669227e-05,-0.07485455414179966
dim 931,931,0.111722544,NormVanDerWaalsVolume_group2_D25,-0.2924225978484164,6.259385501211897e-20,-0.05905891143627458,0.07076470910055106,3.241294197526781e-19,0.11054917137317144,0.23336368641214184
dim 931,931,0.111722544,NormVanDerWaalsVolume_group2_D50,-0.05194856420649896,0.11203338764428018,0.025073149704944356,0.4433214300398363,0.1426578401570323,0.5258144802319081,0.026875414501554604
dim 931,931,0.111722544,NormVanDerWaalsVolume_group2_D75,-0.02148377294940018,0.5112927763729602,-0.006982190409328152,0.8309796235454238,0.5624894180124134,0.8646330039382291,0.01450158254007203
dim 931,931,0.111722544,NormVanDerWaalsVolume_group2_D100,0.13942642411489956,1.8426897154782294e-05,0.05774545289844685,0.07727354438564608,3.808529486198816e-05,0.11926693079854801,0.08168097121645271
dim 931,931,0.111722544,NormVanDerWaalsVolume_group3_D0,-0.11167718115224937,0.000615605254887519,0.024795729357192327,0.44838395997025843,0.0010765034300127296,0.5295623855377168,0.08688145179505705
dim 931,931,0.111722544,NormVanDerWaalsVolume_group3_D25,-0.15722921429317263,1.3211498170233422e-06,-0.061967278655374464,0.0579419209260866,3.0265023243195907e-06,0.09259617985317188,0.09526193563779817
dim 931,931,0.111722544,NormVanDerWaalsVolume_group3_D50,-0.0477678113158111,0.14399438544236617,0.05014443555642321,0.12506407722003468,0.1793887532180168,0.181142245409764,-0.0023766242406121074
dim 931,931,0.111722544,NormVanDerWaalsVolume_group3_D75,0.033903097277084536,0.299874769711177,0.16535457074940302,3.582540054584967e-07,0.3483762542035934,1.5827624050679615e-06,-0.13145147347231848
dim 931,931,0.111722544,NormVanDerWaalsVolume_group3_D100,0.12356602666318231,0.00014949676765638274,0.05611480262910574,0.0860231029795456,0.00028258019466458306,0.1309558632414231,0.06745122403407658
dim 931,931,0.111722544,Polarity_C1,0.6598782653795945,3.319494555394832e-118,0.514513628183415,1.858768367804395e-64,7.391407876679159e-116,5.643896680424254e-62,0.14536463719617954
dim 931,931,0.111722544,Polarity_C2,-0.7514517941129971,4.822634091826301e-171,-0.5911538130053211,2.2313778805854982e-89,1.6107597866699846e-167,7.452802121155564e-86,0.160297981107676
dim 931,931,0.111722544,Polarity_C3,0.7030743088066804,1.359835053318769e-140,0.5209817628012928,2.5463370810963207e-66,7.569748463474481e-138,8.50476585086171e-64,0.1820925460053876
dim 931,931,0.111722544,Polarity_T12,-0.4208139605756115,1.655020228693015e-41,-0.2460099081688662,2.2043552917314302e-14,1.7889215416940679e-40,2.2378561320313002e-13,0.1748040524067453
dim 931,931,0.111722544,Polarity_T13,0.6897520149674491,2.8734197018230963e-133,0.4913001989204788,4.325958395957358e-58,1.1996527255111427e-130,8.027056134720876e-56,0.19845181604697026
dim 931,931,0.111722544,Polarity_T23,-0.15649536651587068,1.4816954859363055e-06,-0.16820180805246152,2.2331674955622708e-07,3.375759156225962e-06,1.0189589392319652e-06,-0.01170644153659084
dim 931,931,0.111722544,Polarity_group1_D0,-0.12336410247631516,0.00015330140880259665,0.07478224060813954,0.022063731052719752,0.00028944415228980943,0.039056710009030604,0.04858186186817562
dim 931,931,0.111722544,Polarity_group1_D25,-0.28931637831397267,1.5916617857911537e-19,-0.11107855367851155,0.0006588063319650038,8.178692868526851e-19,0.0016358886467222305,0.17823782463546112
dim 931,931,0.111722544,Polarity_group1_D50,-0.1488115007475776,4.7712818052231325e-06,-0.047568868947593414,0.14567348177434863,1.0408936139415587e-05,0.20686625388024,0.10124263179998419
dim 931,931,0.111722544,Polarity_group1_D75,-0.06072261407296069,0.06317179539389717,0.04762416494719729,0.1452052825109126,0.08449891734706308,0.2062890870210328,0.013098449125763398
dim 931,931,0.111722544,Polarity_group1_D100,-0.03806908404598937,0.24435168440639887,-0.07232224734887852,0.026845205900542846,0.28889721271411406,0.04660238446352032,-0.03425316330288915
dim 931,931,0.111722544,Polarity_group2_D0,0.3299644487041364,3.091682454084767e-25,0.2724364137885333,2.0777591135705374e-17,1.937376997494019e-24,2.589446059449849e-16,0.0575280349156031
dim 931,931,0.111722544,Polarity_group2_D25,0.4120140871609544,1.066718825676117e-39,0.1666150524438154,2.909016316659127e-07,1.0829303579812252e-38,1.3024282168420222e-06,0.245399034717139
dim 931,931,0.111722544,Polarity_group2_D50,0.18483228103179195,1.2021306772012174e-08,-0.003476633037480858,0.915360528786149,3.3336871876828176e-08,0.9332430299590164,0.1813556479943111
dim 931,931,0.111722544,Polarity_group2_D75,0.11829371381599124,0.0002845878548412684,-0.10234173674647411,0.001708113679318126,0.0005202646060042893,0.003912962749603938,0.015951977069517134
dim 931,931,0.111722544,Polarity_group2_D100,-0.2542411413326586,2.739081124437663e-15,-0.26940792649077167,4.807066041223095e-17,1.1595096268215202e-14,5.859708240031072e-16,-0.015166785158113039
dim 931,931,0.111722544,Polarity_group3_D0,0.003976994077149781,0.9032351553516977,0.03725795193077755,0.2545546607044884,0.9200382491231077,0.3334166928443103,-0.033280957853627766
dim 931,931,0.111722544,Polarity_group3_D25,-0.4858796135784773,1.1312340734883519e-56,-0.17572074309500704,6.166983295723688e-08,1.9781789557335578e-55,3.006967037622937e-07,0.31015887048347024
dim 931,931,0.111722544,Polarity_group3_D50,-0.19446121674071482,1.9491841132268134e-09,0.04226974790912319,0.19609862083962015,5.740983190632766e-09,0.2675260007436365,0.15219146883159163
dim 931,931,0.111722544,Polarity_group3_D75,-0.12556689711959926,0.00011630254122054454,0.09739498675097004,0.0028411369658331294,0.00022235288361569476,0.006206276956103762,0.02817191036862922
dim 931,931,0.111722544,Polarity_group3_D100,0.26510984320161685,1.552384520732914e-16,0.16378431799856655,4.6335346295630484e-07,7.006076484274468e-16,2.0046639459508525e-06,0.1013255252030503
dim 931,931,0.111722544,Polarizability_C1,-0.6900012496121372,2.113575124373321e-133,-0.5596199625385627,2.4729236785343084e-78,1.008477273629556e-130,2.0648912715761475e-75,0.13038128707357444
dim 931,931,0.111722544,Polarizability_C2,0.4923092683053817,2.3409464494412617e-58,0.35214114869287394,9.691047755778468e-29,4.4424779210987583e-57,3.236809950430009e-27,0.14016811961250775
dim 931,931,0.111722544,Polarizability_C3,0.6386537592685264,1.6311846081803105e-108,0.5249382701300401,1.7627044434529516e-67,2.0178357745637914e-106,6.541592045703176e-65,0.11371548913848628
dim 931,931,0.111722544,Polarizability_T12,-0.6429715751252018,2.0099054191554034e-110,-0.4829893958690994,6.295059253300315e-56,2.9187322173821948e-108,1.0012141860010977e-53,0.15998217925610236
dim 931,931,0.111722544,Polarizability_T13,0.08861906851533942,0.006639774265963504,0.07245850704912588,0.02655871090382782,0.010177533753243737,0.046153014786048344,0.016160561466213544
dim 931,931,0.111722544,Polarizability_T23,0.6191397264855752,2.966631890615654e-100,0.48622219513903653,9.219760065167554e-57,2.6075132933306007e-98,1.6207367693505067e-54,0.13291753134653872
dim 931,931,0.111722544,Polarizability_group1_D0,0.2794122352876117,2.889936685339506e-18,0.23396296549179124,4.074880418902457e-13,1.4153062359287318e-17,3.5910555670538802e-12,0.04544926979582048
dim 931,931,0.111722544,Polarizability_group1_D25,0.31763456597002887,2.0776041071513925e-23,0.08942347367271528,0.006160227544934569,1.226006663937394e-22,0.01243212084597067,0.2282110922973136
dim 931,931,0.111722544,Polarizability_group1_D50,0.1674006807416204,2.552875015016275e-07,-0.06766337604213339,0.03837603165297268,6.32537281168721e-07,0.06399198488313966,0.09973730469948701
dim 931,931,0.111722544,Polarizability_group1_D75,0.09266052014818275,0.004529719739708331,-0.13340458910601496,4.195389430181743e-05,0.007102940812500388,0.00013022863101121767,-0.04074406895783221
dim 931,931,0.111722544,Polarizability_group1_D100,-0.23806725253184777,1.5356023479214176e-13,-0.29158280348918786,8.065090067804252e-20,5.936240557936962e-13,1.2529023640216838e-18,-0.05351555095734009
dim 931,931,0.111722544,Polarizability_group2_D0,0.20768190421680968,1.3729535587691849e-10,0.23122737233428606,7.730179069210106e-13,4.4220490706741347e-10,6.67152405456376e-12,-0.023545468117476376
dim 931,931,0.111722544,Polarizability_group2_D25,-0.2096583828873045,9.091274502570353e-11,-0.013132716150377668,0.6880674035381951,2.9595377035657873e-10,0.7471213029315902,0.19652566673692684
dim 931,931,0.111722544,Polarizability_group2_D50,-0.23621857715484754,2.3887635199712394e-13,-0.002957915228060122,0.92795150283271,9.128684389821441e-13,0.9446382259863613,0.2332606619267874
dim 931,931,0.111722544,Polarizability_group2_D75,-0.0627236363903081,0.054943054725513314,0.04620497306837423,0.1575904247227526,0.07399588821903809,0.2217152563496182,0.01651866332193387
dim 931,931,0.111722544,Polarizability_group2_D100,-0.13669142629252104,2.688998817268776e-05,-0.12674585407806693,0.00010013337565410121,5.449791292280165e-05,0.00029006545939696274,0.009945572214454107
dim 931,931,0.111722544,Polarizability_group3_D0,-0.11167718115224937,0.000615605254887519,0.024795729357192327,0.44838395997025843,0.0010765034300127296,0.5295623855377168,0.08688145179505705
dim 931,931,0.111722544,Polarizability_group3_D25,-0.15722921429317263,1.3211498170233422e-06,-0.061967278655374464,0.0579419209260866,3.0265023243195907e-06,0.09259617985317188,0.09526193563779817
dim 931,931,0.111722544,Polarizability_group3_D50,-0.0477678113158111,0.14399438544236617,0.05014443555642321,0.12506407722003468,0.1793887532180168,0.181142245409764,-0.0023766242406121074
dim 931,931,0.111722544,Polarizability_group3_D75,0.033903097277084536,0.299874769711177,0.16535457074940302,3.582540054584967e-07,0.3483762542035934,1.5827624050679615e-06,-0.13145147347231848
dim 931,931,0.111722544,Polarizability_group3_D100,0.12356602666318231,0.00014949676765638274,0.05611480262910574,0.0860231029795456,0.00028258019466458306,0.1309558632414231,0.06745122403407658
dim 931,931,0.111722544,Charge_C1,0.5854461403823317,2.7413851371370292e-87,0.5050816546130609,8.231487304166641e-62,1.695597473710681e-85,2.291097299659715e-59,0.0803644857692708
dim 931,931,0.111722544,Charge_C2,-0.6850572135790085,8.82717712056839e-131,-0.5372186696456965,3.5257305022486794e-71,3.2758635091887133e-128,1.6822771253586557e-68,0.14783854393331197
dim 931,931,0.111722544,Charge_C3,0.5799150940110858,2.651579587850448e-85,0.37763444955964215,3.9631263836883605e-33,1.4518484956427042e-83,1.8384502946554338e-31,0.20228064445144361
dim 931,931,0.111722544,Charge_T12,0.5056512460505429,5.728150240658164e-62,0.4653606571194032,1.564989588821767e-51,1.2504589414247234e-60,2.090826090665881e-49,0.04029058893113968
dim 931,931,0.111722544,Charge_T13,0.5654675257824433,2.7197304352546676e-80,0.4105952584068471,2.0641854308678737e-39,1.195249954440867e-78,1.6033440323485344e-37,0.15487226737559623
dim 931,931,0.111722544,Charge_T23,0.5063066276862266,3.771072787751503e-62,0.28549937727357155,4.932403965475275e-19,8.396922074060013e-61,7.040268907986075e-18,0.22080725041265503
dim 931,931,0.111722544,Charge_group1_D0,0.06930938832263908,0.03389561274195076,0.1531822733095263,2.4705272262699873e-06,0.04701467880320413,9.430355355133438e-06,-0.08387288498688722
dim 931,931,0.111722544,Charge_group1_D25,-0.09560400882557804,0.00339739621440192,0.03837649051873233,0.24056085335970073,0.00542414118360536,0.31808125503618384,0.057227518306845714
dim 931,931,0.111722544,Charge_group1_D50,0.0792576235310415,0.015237194978655767,0.16313427812821854,5.150549729331755e-07,0.022272311259829435,2.19423929795511e-06,-0.08387665459717704
dim 931,931,0.111722544,Charge_group1_D75,0.016104369062799356,0.6224818587185247,0.1560029825971014,1.5997414675885967e-06,0.6663748102948309,6.286042943230485e-06,-0.13989861353430205
dim 931,931,0.111722544,Charge_group1_D100,0.09259953551276544,0.004556424613729273,0.055354175260394635,0.09036923335976801,0.007141463261311953,0.13663795356343375,0.0372453602523708
dim 931,931,0.111722544,Charge_group2_D0,0.22796955862315402,1.6396803817536883e-12,0.3221600964509005,4.535838124154895e-24,5.933404631698071e-12,9.773999570759581e-23,-0.09419053782774647
dim 931,931,0.111722544,Charge_group2_D25,0.11924719765394991,0.0002537951650287179,-0.03823718070075724,0.24227361775576056,0.0004660120127520164,0.3196059948085574,0.08101001695319267
dim 931,931,0.111722544,Charge_group2_D50,-0.1178898395496594,0.00029865656707283374,-0.1778620855829523,4.2309615240676676e-08,0.0005446495808658336,2.112318608428402e-07,-0.0599722460332929
dim 931,931,0.111722544,Charge_group2_D75,-0.1411297996487213,1.4509879374747927e-05,-0.24891692021674627,1.0645680493796547e-14,3.0308315892218936e-05,1.1323749315057474e-13,-0.10778712056802497
dim 931,931,0.111722544,Charge_group2_D100,-0.22282902403021887,5.247686095825972e-12,-0.10004717468680747,0.0021687273740253633,1.8410999537876836e-11,0.0048419448056448615,0.1227818493434114
dim 931,931,0.111722544,Charge_group3_D0,0.03899916667518596,0.23300943239048877,0.03441672222372099,0.2926082530539241,0.2771550940827039,0.37287736177035724,0.004582444451464968
dim 931,931,0.111722544,Charge_group3_D25,-0.18433349947359218,1.3175423076951345e-08,-0.008542942826727865,0.7939698426451135,3.633849139307803e-08,0.8354944153858472,0.17579055664686433
dim 931,931,0.111722544,Charge_group3_D50,0.06249993004541603,0.0558162595195249,0.11660754381675588,0.00034775434039091866,0.07505084814622108,0.0009240250572041912,-0.05410761377133985
dim 931,931,0.111722544,Charge_group3_D75,0.13160264736168573,5.330881667292491e-05,0.16654143533505494,2.9447417345426463e-07,0.00010504510188057179,1.3166582855920267e-06,-0.03493878797336922
dim 931,931,0.111722544,Charge_group3_D100,0.213061306320208,4.4280913116465355e-11,0.11392473943935669,0.00047581528670541357,1.476030437215512e-10,0.0012215396292052892,0.09913656688085132
dim 931,931,0.111722544,SecondaryStructure_C1,0.6718018793530401,5.261814100585268e-124,0.49640618594331876,1.8940634982551564e-59,1.464538257996233e-121,3.953857552607639e-57,0.1753956934097214
dim 931,931,0.111722544,SecondaryStructure_C2,-0.2713677553559828,2.796829451245329e-17,-0.16716263477608123,2.656089349327531e-07,1.3138411205568775e-16,1.1988295171289128e-06,0.10420512057990156
dim 931,931,0.111722544,SecondaryStructure_C3,-0.7165275984902738,2.03602264193943e-148,-0.5481556265448169,1.324571247032579e-74,1.700078906019424e-145,7.373446608481356e-72,0.16837197194545694
dim 931,931,0.111722544,SecondaryStructure_T12,0.5343130123129046,2.7305070087538055e-70,0.3765484056314138,6.21065137118285e-33,7.999906499331325e-69,2.8415856958562624e-31,0.15776460668149084
dim 931,931,0.111722544,SecondaryStructure_T13,0.3395039018093105,1.0416995931161491e-26,0.1578447072768522,1.199505519568398e-06,6.903326668666544e-26,4.82111725073219e-06,0.1816591945324583
dim 931,931,0.111722544,SecondaryStructure_T23,-0.6296296766608867,1.2753135126971468e-104,-0.45186089531283413,2.4604182874623703e-48,1.21701346640242e-102,2.9349275286158278e-46,0.17776878134805252
dim 931,931,0.111722544,SecondaryStructure_group1_D0,0.08585143687525902,0.008556101214853694,0.2044353598678556,2.678460815421812e-10,0.012936794050525731,1.7645087028617065e-09,-0.11858392299259658
dim 931,931,0.111722544,SecondaryStructure_group1_D25,0.17282348381305268,1.0193061518893957e-07,0.20882280202490272,1.0827520579216485e-10,2.6188327287004474e-07,7.502887704270344e-10,-0.03599931821185004
dim 931,931,0.111722544,SecondaryStructure_group1_D50,0.3372061676126085,2.3831411319535262e-26,0.3311480363488556,2.0431966652065556e-25,1.5515967603752001e-25,5.055019897622145e-24,0.0060581312637529305
dim 931,931,0.111722544,SecondaryStructure_group1_D75,0.2829662371688417,1.0348959829922646e-18,0.21573714752273038,2.4936760421784048e-11,5.151345131436906e-18,1.8508617735279715e-10,0.06722908964611135
dim 931,931,0.111722544,SecondaryStructure_group1_D100,0.1716524995043103,1.2458822035103945e-07,0.04920053437077444,0.13233644678929327,3.1741011134437206e-07,0.19043676530643666,0.12245196513353586
dim 931,931,0.111722544,SecondaryStructure_group2_D0,-0.02755241421065779,0.39954950546113854,0.06239448287654402,0.05623184195098321,0.4525247026925069,0.09038226762092584,-0.034842068665886225
dim 931,931,0.111722544,SecondaryStructure_group2_D25,-0.024199012781131,0.4593835150785932,-0.11268498532968726,0.0005487713041792379,0.5123008148121875,0.0013864570014815842,-0.08848597254855627
dim 931,931,0.111722544,SecondaryStructure_group2_D50,-0.1416333147398645,1.3513070399207486e-05,-0.16945238635849522,1.8099299525051338e-07,2.82438392574174e-05,8.349676852717053e-07,-0.027819071618630703
dim 931,931,0.111722544,SecondaryStructure_group2_D75,-0.24114695999023536,7.294452933703213e-14,-0.14804607153311208,5.344036867635867e-06,2.856210175682149e-13,1.9380111984694674e-05,0.09310088845712328
dim 931,931,0.111722544,SecondaryStructure_group2_D100,-0.1979671144548231,9.8164353815636e-10,-0.19607821519421836,1.4227770688913188e-09,2.953774249947966e-09,8.608832264668486e-09,0.0018888992606047317
dim 931,931,0.111722544,SecondaryStructure_group3_D0,0.24017912613389622,9.227332873796298e-14,0.2153507232731731,2.7105404090233925e-11,3.5919920511048527e-13,1.9984999925249737e-10,0.02482840286072313
dim 931,931,0.111722544,SecondaryStructure_group3_D25,-0.023055943953123274,0.48086962735918365,-0.07237720278086779,0.026729339484869153,0.5337668844731384,0.04642537383227404,-0.04932125882774452
dim 931,931,0.111722544,SecondaryStructure_group3_D50,-0.2357250701250468,2.6861212710206906e-13,-0.18020283955546265,2.787943086205565e-08,1.0229925935244135e-12,1.4369953561615104e-07,0.055522230569584136
dim 931,931,0.111722544,SecondaryStructure_group3_D75,-0.12175869629462593,0.00018695400795937104,-0.11145213364935486,0.0006315278138256547,0.0003494271889111915,0.0015717607288954444,0.010306562645271078
dim 931,931,0.111722544,SecondaryStructure_group3_D100,-0.2429977581440971,4.640140286823171e-14,-0.21482127877993146,3.037836481815949e-11,1.8428143350760277e-13,2.225081984487998e-10,0.028176479364165646
dim 931,931,0.111722544,SolventAccessibility_C1,0.02271397820374642,0.4874021125756625,-0.07480619268356632,0.022021071117631793,0.539762286473048,0.03901876792195766,-0.052092214479819904
dim 931,931,0.111722544,SolventAccessibility_C2,0.6651788309504402,9.460067975753592e-121,0.4971775497852171,1.1752506700479859e-59,2.256901931358357e-118,2.616891491973515e-57,0.16800128116522306
dim 931,931,0.111722544,SolventAccessibility_C3,-0.6825655389952626,1.7657455493176237e-129,-0.4512879667890431,3.338276766571162e-48,5.51578176534525e-127,3.844773931154373e-46,0.23127757220621953
dim 931,931,0.111722544,SolventAccessibility_T12,0.6382810525817474,2.3761773527280495e-108,0.3909844699551718,1.3761164645566543e-35,2.8344401278970306e-106,7.924532744171077e-34,0.2472965826265756
dim 931,931,0.111722544,SolventAccessibility_T13,-0.5672964411204864,6.513907907536541e-81,-0.404703839219034,3.094148245454553e-38,2.9400611366448713e-79,2.1988202425145118e-36,0.16259260190145236
dim 931,931,0.111722544,SolventAccessibility_T23,0.06496096948898884,0.046819373872747774,0.10933688653225512,0.0008010271234893679,0.06356776777844617,0.0019600224120545707,-0.04437591704326628
dim 931,931,0.111722544,SolventAccessibility_group1_D0,0.15299912811009328,2.5405534749150928e-06,0.19218807215923994,3.0204889142273236e-09,5.679684475379123e-06,1.7545100823511757e-08,-0.03918894404914666
dim 931,931,0.111722544,SolventAccessibility_group1_D25,0.30718065053753646,6.330470267961286e-22,0.2177991743927782,1.5937702977348477e-11,3.541670133164271e-21,1.2181219209232017e-10,0.08938147614475825
dim 931,931,0.111722544,SolventAccessibility_group1_D50,0.31972049621062837,1.033565733754332e-23,0.1927149188786917,2.7301933425624865e-09,6.142543684589802e-23,1.599797502483983e-08,0.12700557733193668
dim 931,931,0.111722544,SolventAccessibility_group1_D75,0.16871253881133952,2.0498992785854337e-07,-0.01313703462808668,0.6879702174421514,5.113266311034614e-07,0.7471213029315902,0.15557550418325283
dim 931,931,0.111722544,SolventAccessibility_group1_D100,-0.11762187848140686,0.00030834688523450417,-0.14582135391062498,7.405920336007722e-06,0.0005604742705893757,2.6330451288850328e-05,-0.02819947542921812
dim 931,931,0.111722544,SolventAccessibility_group2_D0,0.07753766886917733,0.017602760958456528,0.09473063485652854,0.003703079040689901,0.025429594118185468,0.00794366345273235,-0.017192965987351205
dim 931,931,0.111722544,SolventAccessibility_group2_D25,-0.4451649416038318,8.395666716081482e-47,-0.1725835402936727,1.0622216891208947e-07,1.0541927380342915e-45,5.053875273025339e-07,0.27258140131015907
dim 931,931,0.111722544,SolventAccessibility_group2_D50,-0.18439103624821263,1.303699630942425e-08,-0.01435852526167119,0.6606927453912849,3.5986419564857023e-08,0.7239874572201087,0.17003251098654143
dim 931,931,0.111722544,SolventAccessibility_group2_D75,-0.1634579170114849,4.886559022949289e-07,0.04762645176488982,0.1451859445000798,1.1733362427498652e-06,0.2062890870210328,0.11583146524659509
dim 931,931,0.111722544,SolventAccessibility_group2_D100,0.2541642469591171,2.7939447808967705e-15,0.11533984822544974,0.00040362035757876287,1.1797440667756274e-14,0.0010594076296979776,0.13882439873366736
dim 931,931,0.111722544,SolventAccessibility_group3_D0,-0.07139308707982125,0.028870764002691434,0.12198834047079093,0.00018174805836511452,0.04049909776102032,0.0005071332622719152,-0.05059525339096968
dim 931,931,0.111722544,SolventAccessibility_group3_D25,-0.09055243585998257,0.00553969302692566,-0.15501774305799296,1.8636133965314356e-06,0.008597850701641126,7.280080402824556e-06,-0.06446530719801039
dim 931,931,0.111722544,SolventAccessibility_group3_D50,-0.19032639907347687,4.306847847382385e-09,-0.1740195865369988,8.291832076978755e-08,1.2326368303562267e-08,3.9905935356064905e-07,0.01630681253647806
dim 931,931,0.111722544,SolventAccessibility_group3_D75,0.027906741725573548,0.3935129355955183,-0.028386986963011947,0.3854197326655656,0.44614161740971864,0.4696468103257896,-0.0004802452374383995
dim 931,931,0.111722544,SolventAccessibility_group3_D100,-0.277518406944547,4.964914463935957e-18,-0.1852011492750421,1.1231511410570957e-08,2.4067945296873866e-17,6.149712805132294e-08,0.09231725766950488
dim 752,752,0.111371115,AAC_A,0.07011116954384174,0.03188006596594406,0.07471289919531336,0.022187636736351008,0.0443849188521272,0.0391891627178278,-0.0046017296514716255
dim 752,752,0.111371115,AAC_C,0.35813854407879414,9.75962668036612e-30,0.3614822468640886,2.6562497252223024e-30,7.29242798935634e-29,1.0437498920285284e-28,-0.0033437027852944445
dim 752,752,0.111371115,AAC_D,-0.299430414893737,7.303824360159578e-21,-0.31389677276600175,7.160533174272683e-23,3.940997312267042e-20,1.4235821905994502e-21,-0.014466357872264746
dim 752,752,0.111371115,AAC_E,-0.3641897731584286,9.155561299258837e-31,-0.434051085854804,2.4786751254426564e-44,7.029787296442418e-30,2.4349337996995507e-42,-0.06986131269637541
dim 752,752,0.111371115,AAC_F,-0.05173719184083249,0.11350240057335631,-0.05603131232714724,0.08649176000303586,0.14419856139787374,0.13148952135190706,-0.004294120486314751
dim 752,752,0.111371115,AAC_G,0.20753903113626643,1.414257991133824e-10,0.21695095052560198,1.9170599776481776e-11,4.550695270122324e-10,1.4552228012147528e-10,-0.009411919389335555
dim 752,752,0.111371115,AAC_H,-0.15800272081519792,1.1700562024290664e-06,-0.18509084535275122,1.1462252873691375e-08,2.7082381955045614e-06,6.245338433626296e-08,-0.0270881245375533
dim 752,752,0.111371115,AAC_I,0.0004319483570998494,0.989464649908528,-0.005550175754211647,0.8652712954561123,0.9912453301423166,0.8919771996368565,-0.005118227397111798
dim 752,752,0.111371115,AAC_K,0.06295392494080064,0.054056065917284526,0.059947341388718704,0.06662197907596615,0.07290433474843258,0.10481272261598067,0.003006583552081936
dim 752,752,0.111371115,AAC_L,-0.29809037710615116,1.106509340237614e-20,-0.3258717559704995,1.2768616806397965e-24,5.884938210817883e-20,2.862226854588537e-23,-0.02778137886434834
dim 752,752,0.111371115,AAC_M,-0.027095545260703246,0.4074145991619445,-0.034011161421645245,0.2983360372738657,0.4608075723673873,0.3788754237622477,-0.006915616160941999
dim 752,752,0.111371115,AAC_N,0.3744091017466742,1.4972227994226063e-32,0.37454125009687356,1.4182841591314175e-32,1.2020971514594965e-31,6.316092121998579e-31,-0.0001321483501993681
dim 752,752,0.111371115,AAC_P,-0.20854781023302502,1.1466737433184841e-10,-0.22893762088163028,1.3129202792587004e-12,3.711134014228427e-10,1.1017974202824269e-11,-0.02038981064860526
dim 752,752,0.111371115,AAC_Q,0.1449478987645297,8.407206750745604e-06,0.14367560692276507,1.0099580589238649e-05,1.789679448533481e-05,3.4883763358900814e-05,0.001272291841764639
dim 752,752,0.111371115,AAC_R,-0.2579163561183584,1.0533515244869812e-15,-0.25751073863433677,1.1713951308838129e-15,4.55724623288409e-15,1.3085149622581721e-14,0.00040561748402162534
dim 752,752,0.111371115,AAC_S,0.17090559624710985,1.415044259172887e-07,0.21036835938190462,7.832145516203127e-11,3.5859239951725666e-07,5.472670716342771e-10,-0.03946276313479477
dim 752,752,0.111371115,AAC_T,0.15424326803222363,2.0998578055290366e-06,0.1958067666819004,1.5002687450844455e-09,4.7292819086088886e-06,9.028644339787474e-09,-0.04156349864967676
dim 752,752,0.111371115,AAC_V,-0.03276171937816567,0.31644917802279643,-0.03330113068031548,0.30854277113636813,0.36559676741478386,0.3897471360381263,-0.0005394113021498156
dim 752,752,0.111371115,AAC_W,-0.09678982571945842,0.003019050433155152,-0.09489604073510018,0.0036433374952001404,0.004840916201026504,0.007835638914339001,0.0018937849843582433
dim 752,752,0.111371115,AAC_Y,0.17699596046816138,4.9302081639693856e-08,0.17602651983337325,5.8455896661064035e-08,1.301730851198241e-07,2.871216100705204e-07,0.0009694406347881268
dim 752,752,0.111371115,Hydrophobicity_C1,-0.12106941676875962,0.00020343260522206094,-0.152829519881877,2.6070972196405447e-06,0.0003785319785190437,9.928967746407548e-06,-0.03176010311311739
dim 752,752,0.111371115,Hydrophobicity_C2,0.1680086997425495,2.3064988955775975e-07,0.21592687590469398,2.3935004149856352e-11,5.731924338712184e-07,1.7804657875394258e-10,-0.04791817616214447
dim 752,752,0.111371115,Hydrophobicity_C3,-0.18666773924863284,8.560577452420001e-09,-0.22337904269090653,4.63980791977952e-12,2.406761674333569e-08,3.7074063282448795e-11,-0.03671130344227369
dim 752,752,0.111371115,Hydrophobicity_T12,-0.0885423443257157,0.006687219925801481,-0.09116237424022162,0.005228411251220697,0.010226792377370397,0.010853258905579321,-0.0026200299145059253
dim 752,752,0.111371115,Hydrophobicity_T13,-0.08630944816549278,0.00820831245012817,-0.1137150878626267,0.00048748151378862645,0.012433452872302988,0.0012486106258082917,-0.027405639697133916
dim 752,752,0.111371115,Hydrophobicity_T23,-0.1424899378144789,1.196536991134454e-05,-0.14144296109784885,1.3881992778696121e-05,2.515062020383308e-05,4.688155296344292e-05,0.0010469767166300659
dim 752,752,0.111371115,Hydrophobicity_group1_D0,0.04118383622577017,0.20784705834345318,0.04082900593010791,0.21179426939589394,0.25007535117692137,0.28581529688173163,0.000354830295662259
dim 752,752,0.111371115,Hydrophobicity_group1_D25,0.040757273667092614,0.2125987647553051,0.05660527002993201,0.08331116794344443,0.25514907448175317,0.12764188116105704,-0.015847996362839394
dim 752,752,0.111371115,Hydrophobicity_group1_D50,0.005463425681276454,0.8673574938715242,0.010568078520443096,0.7466415471541109,0.8916509786183104,0.7936927967838098,-0.005104652839166643
dim 752,752,0.111371115,Hydrophobicity_group1_D75,0.059876484448098885,0.06694489532357069,0.06762701546484336,0.03848042400767922,0.08901112674391963,0.06407009779942602,-0.007750531016744472
dim 752,752,0.111371115,Hydrophobicity_group1_D100,0.0213971079629509,0.5129985405216393,0.017010295985103296,0.6030388446170627,0.5636340381785213,0.6738540451726294,0.004386811977847606
dim 752,752,0.111371115,Hydrophobicity_group2_D0,0.058838210743259935,0.07182589995601735,0.055969576302345315,0.08683962569373226,0.09508462380225839,0.13189829459620997,0.002868634440914619
dim 752,752,0.111371115,Hydrophobicity_group2_D25,0.020107852330265977,0.5387191383520282,0.012797758261301072,0.6956210949770762,0.5883982740666365,0.7519011188425355,0.007310094068964905
dim 752,752,0.111371115,Hydrophobicity_group2_D50,0.13553462740878114,3.148379611420562e-05,0.1342650558850655,3.737900605548702e-05,6.31187749228372e-05,0.00011722617861533019,0.0012695715237156513
dim 752,752,0.111371115,Hydrophobicity_group2_D75,0.037014828667699694,0.2576696600301591,0.03329395683476671,0.308647058329594,0.30250146379639065,0.3897471360381263,0.003720871832932987
dim 752,752,0.111371115,Hydrophobicity_group2_D100,-0.009454648080492801,0.7725574851171655,-0.006456077214686221,0.8435444818606868,0.8079976523895575,0.8742525611864518,0.00299857086580658
dim 752,752,0.111371115,Hydrophobicity_group3_D0,0.12014842737473908,0.00022758302210334504,0.1337285558280797,4.0172462937217316e-05,0.00042182424740575604,0.0001252810702243752,-0.013580128453340612
dim 752,752,0.111371115,Hydrophobicity_group3_D25,-0.11885856507342486,0.0002659489221442523,-0.1199079399276462,0.0002343177212825075,0.0004872569390904019,0.000640530042773575,-0.0010493748542213382
dim 752,752,0.111371115,Hydrophobicity_group3_D50,-0.15984421802700133,8.742072740751133e-07,-0.1588515811353908,1.0233665425214002e-06,2.049019154674301e-06,4.1428001004872645e-06,0.0009926368916105266
dim 752,752,0.111371115,Hydrophobicity_group3_D75,-0.16534053848452032,3.590823844741684e-07,-0.16461672599950694,4.044073014181667e-07,8.767069913331304e-07,1.7564634417902168e-06,0.0007238124850133809
dim 752,752,0.111371115,Hydrophobicity_group3_D100,-0.09033960576631789,0.005652179229755348,-0.08951760882241026,0.00610619430799482,0.00875618931180735,0.012360417568910726,0.0008219969439076241
dim 752,752,0.111371115,NormVanDerWaalsVolume_C1,0.12442129742146955,0.0001343445475602235,0.16258635652238967,5.629082032778698e-07,0.00025567566316304647,2.3738805542273803e-06,-0.03816505910092012
dim 752,752,0.111371115,NormVanDerWaalsVolume_C2,-0.11210511844095378,0.0005863519059621721,-0.14286116402571697,1.1348489143553578e-05,0.0010285794989042304,3.867750381578465e-05,-0.030756045584763192
dim 752,752,0.111371115,NormVanDerWaalsVolume_C3,-0.10214133237851411,0.0017444355403519554,-0.12300051541079421,0.0001603825337584412,0.002871569593285131,0.00045090712352962426,-0.0208591830322801
dim 752,752,0.111371115,NormVanDerWaalsVolume_T12,-0.11033981507866447,0.0007159968866486515,-0.10856032631294679,0.0008731912942253765,0.0012429467782778046,0.0021256989232600275,0.0017794887657176794
dim 752,752,0.111371115,NormVanDerWaalsVolume_T13,0.054055451452515516,0.09819612835235032,0.05353248618450879,0.1014966545043101,0.12648479317271502,0.1513387616269624,0.0005229652680067282
dim 752,752,0.111371115,NormVanDerWaalsVolume_T23,-0.10698522835737777,0.0010383917723253506,-0.13114609901744217,5.661672522580933e-05,0.0017668000609101736,0.00017190896568563925,-0.024160870660064407
dim 752,752,0.111371115,NormVanDerWaalsVolume_group1_D0,0.10865708105943263,0.0008638828591450635,0.10678856346786975,0.0010609337280941787,0.0014880705258094441,0.0025438037701612038,0.001868517591562882
dim 752,752,0.111371115,NormVanDerWaalsVolume_group1_D25,0.013762897882363513,0.6739404647709812,0.007112263783650095,0.827879664875354,0.7148177682867822,0.8624822460023962,0.006650634098713418
dim 752,752,0.111371115,NormVanDerWaalsVolume_group1_D50,0.20438057075157276,2.708584170116243e-10,0.20354935992481893,3.2082092096413096e-10,8.510509057561854e-10,2.092855226601948e-09,0.000831210826753831
dim 752,752,0.111371115,NormVanDerWaalsVolume_group1_D75,0.08551759367157315,0.00881783042923715,0.0831443628360738,0.010893426527341214,0.013296412475689426,0.02081467082455358,0.0023732308354993403
dim 752,752,0.111371115,NormVanDerWaalsVolume_group1_D100,-0.033261586878529474,0.3091179142656474,-0.030596501899768033,0.349509203919036,0.3582421352002992,0.43347966620482,0.0026650849787614415
dim 752,752,0.111371115,NormVanDerWaalsVolume_group2_D0,0.057240366342458555,0.07990272034790234,0.05811049639900633,0.07541750722067955,0.10478016724067288,0.11661781209123598,-0.0008701300565477771
dim 752,752,0.111371115,NormVanDerWaalsVolume_group2_D25,0.0063679175290380936,0.8456539351353249,0.014245881083185532,0.6631901676387505,0.8722928175886304,0.7258596407268304,-0.007877963554147438
dim 752,752,0.111371115,NormVanDerWaalsVolume_group2_D50,-0.08176009435798134,0.012294894469734917,-0.08023899639002213,0.014016670459095909,0.0181783742934549,0.025879314169917265,0.0015210979679592118
dim 752,752,0.111371115,NormVanDerWaalsVolume_group2_D75,0.019598833501534667,0.5490488898263369,0.020068045282870678,0.5395234410888458,0.5983110251288631,0.6152298713679566,-0.0004692117813360104
dim 752,752,0.111371115,NormVanDerWaalsVolume_group2_D100,-0.01523786578042333,0.641328291674163,-0.018176289210653996,0.5784243640507085,0.6843567074094903,0.6515809025056886,-0.002938423430230666
dim 752,752,0.111371115,NormVanDerWaalsVolume_group3_D0,0.18793834541790042,6.754013796855914e-09,0.1944612953396987,1.949154414533513e-09,1.911729328940572e-08,1.156336721943505e-08,-0.006522949921798277
dim 752,752,0.111371115,NormVanDerWaalsVolume_group3_D25,-0.08609370461082136,0.00837053118847145,-0.08397716619618568,0.010120296410366169,0.012662476888382672,0.019482299717938332,0.002116538414635674
dim 752,752,0.111371115,NormVanDerWaalsVolume_group3_D50,-0.1531045510215028,2.5000156723217555e-06,-0.15183152223971086,3.0337821868857953e-06,5.59654982946023e-06,1.1449528253331702e-05,0.0012730287817919461
dim 752,752,0.111371115,NormVanDerWaalsVolume_group3_D75,-0.18620528805103137,9.328096695312515e-09,-0.1851441989316677,1.1350075597911346e-08,2.60936708227335e-08,6.194322303435276e-08,0.001061089119363673
dim 752,752,0.111371115,NormVanDerWaalsVolume_group3_D100,0.03912852529744065,0.2314619446202963,0.037032408507279915,0.2574435380612615,0.27560887523414956,0.33614598011126406,0.0020961167901607375
dim 752,752,0.111371115,Polarity_C1,-0.11079073745831858,0.0006805641437363884,-0.13758488821648512,2.3785357503483868e-05,0.0011838980417080923,7.720417304337816e-05,-0.026794150758166546
dim 752,752,0.111371115,Polarity_C2,0.14334739751158754,1.0586236536230798e-05,0.1897799113404302,4.776374263775453e-09,2.2392672597220305e-05,2.7316935001729474e-08,-0.04643251382884267
dim 752,752,0.111371115,Polarity_C3,-0.14498057405564166,8.367528939794416e-06,-0.1882130009550025,6.415292888502989e-09,1.7823690471245756e-05,3.595147356979863e-08,-0.043232426899360854
dim 752,752,0.111371115,Polarity_T12,0.018255136070138844,0.5767770427766521,0.02739136335573956,0.4023115646561673,0.6252630064505089,0.4863266832977194,-0.009136227285600717
dim 752,752,0.111371115,Polarity_T13,-0.0904277158936825,0.005605363562353047,-0.12331419353073797,0.00015425571645335365,0.008695733533794324,0.0004344132318332219,-0.032886477637055475
dim 752,752,0.111371115,Polarity_T23,-0.0376869770314425,0.24912181005896694,-0.036578490758493516,0.2633261970972802,0.29405839010145535,0.34211107260691265,0.0011084862729489817
dim 752,752,0.111371115,Polarity_group1_D0,0.11793346762499887,0.0002971060568290508,0.12620200673102258,0.00010730944269810982,0.0005425556204532694,0.0003100437773324985,-0.008268539106023709
dim 752,752,0.111371115,Polarity_group1_D25,-0.1428796422193381,1.131858911061033e-05,-0.1433315352091154,1.0610314001149262e-05,2.3911503876937697e-05,3.657218654678899e-05,-0.0004518929897772972
dim 752,752,0.111371115,Polarity_group1_D50,-0.17362615594885872,8.875820021705611e-08,-0.1726428389710397,1.0514561018846013e-07,2.2909767289410154e-07,5.024125007574489e-07,0.0009833169778190043
dim 752,752,0.111371115,Polarity_group1_D75,-0.20495780976096176,2.407144418985045e-10,-0.204077863665627,2.8810632554740726e-10,7.599113761257137e-10,1.8905208788376036e-09,0.0008799460953347604
dim 752,752,0.111371115,Polarity_group1_D100,0.09033956897928788,0.005652198849178637,0.0900704669783904,0.005797369674301132,0.00875618931180735,0.011842944778083047,0.0002691020008974837
dim 752,752,0.111371115,Polarity_group2_D0,0.09181202668532792,0.004914292425044842,0.08959244567064822,0.006063542719196768,0.0076699704203970894,0.012288976142061411,0.0022195810146797
dim 752,752,0.111371115,Polarity_group2_D25,0.025169601641980382,0.4415689875349541,0.018377639975725082,0.574221998923427,0.4945809585401565,0.6472836572407176,0.0067919616662553
dim 752,752,0.111371115,Polarity_group2_D50,0.19745153166321933,1.086694925663801e-09,0.19887925413693122,8.194980532684298e-10,3.2610611426029612e-09,5.097064241930271e-09,-0.0014277224737118954
dim 752,752,0.111371115,Polarity_group2_D75,0.10396284972972895,0.0014388552432436706,0.10218446453623384,0.001736558788333091,0.0024004877684484817,0.003972675584268852,0.0017783851934951161
dim 752,752,0.111371115,Polarity_group2_D100,0.010298485028188002,0.7528915948422188,0.012363170210414502,0.7054665867504603,0.7895315311689202,0.7588593880021054,-0.0020646851822264996
dim 752,752,0.111371115,Polarity_group3_D0,0.037233036475683205,0.2548726800561842,0.03783832216910346,0.24722474037328804,0.2999558672965663,0.32524799765931445,-0.0006052856934202558
dim 752,752,0.111371115,Polarity_group3_D25,0.026660718326509517,0.414985164207142,0.04363386165326965,0.1820383827463346,0.4683339676688594,0.25124305717882545,-0.016973143326760132
dim 752,752,0.111371115,Polarity_group3_D50,-0.050921371279292485,0.11931474656327265,-0.04702803308072884,0.1503138371208667,0.1509512323944434,0.2126421922844959,0.003893338198563648
dim 752,752,0.111371115,Polarity_group3_D75,0.047520404007425035,0.14608478959503562,0.05455298144326061,0.09513612686600918,0.18172186117222308,0.142859516524223,-0.007032577435835574
dim 752,752,0.111371115,Polarity_group3_D100,-0.006327032428171836,0.8466325951619377,-0.010883356294795981,0.7393534670133035,0.8730326853475986,0.7874491644848322,-0.004556323866624145
dim 752,752,0.111371115,Polarizability_C1,0.16172305118403607,6.470991746123051e-07,0.19667520137891006,1.2658064609303186e-09,1.5306736849894468e-06,7.714951787422015e-09,-0.03495215019487399
dim 752,752,0.111371115,Polarizability_C2,-0.16216200433623884,6.02881560977883e-07,-0.18240419032889518,1.8738500558047583e-08,1.4311474155409592e-06,9.934379660933163e-08,-0.020242185992656342
dim 752,752,0.111371115,Polarizability_C3,-0.10214133237851411,0.0017444355403519554,-0.12300051541079421,0.0001603825337584412,0.002871569593285131,0.00045090712352962426,-0.0208591830322801
dim 752,752,0.111371115,Polarizability_T12,0.005533365978986909,0.8656754705122378,0.017543077038521017,0.591733243026688,0.8904699943057821,0.6636632074241564,-0.012009711059534108
dim 752,752,0.111371115,Polarizability_T13,0.09074137424403177,0.005441528596181452,0.08980119178806752,0.005945984946013912,0.00846122230504937,0.012087394838518846,0.0009401824559642502
dim 752,752,0.111371115,Polarizability_T23,-0.12590167295783475,0.0001114772553635701,-0.1500883944056844,3.944173809344697e-06,0.00021349428492793812,1.4604812109990343e-05,-0.02418672144784964
dim 752,752,0.111371115,Polarizability_group1_D0,0.089269969294052,0.00624926104732112,0.08713285837612957,0.007614697745164872,0.009614247765109414,0.015031377345656427,0.00213711091792243
dim 752,752,0.111371115,Polarizability_group1_D25,0.017774350550496504,0.5868560621636173,0.011350088861439685,0.7286072493479935,0.6343363260927125,0.7788565298466339,0.006424261689056819
dim 752,752,0.111371115,Polarizability_group1_D50,0.17720124741758506,4.755000622636264e-08,0.17895574560767283,3.484143246994785e-08,1.2574585969600254e-07,1.776647090833982e-07,-0.001754498190087772
dim 752,752,0.111371115,Polarizability_group1_D75,0.15175592174652505,3.068696129024631e-06,0.15144115434238295,3.2182431044946016e-06,6.801224333737404e-06,1.2050372162569472e-05,0.00031476740414210225
dim 752,752,0.111371115,Polarizability_group1_D100,-0.017175035980169312,0.5995327080631963,-0.016073332273110818,0.6231527573750302,0.6457398403518463,0.6907457332445512,0.001101703707058494
dim 752,752,0.111371115,Polarizability_group2_D0,0.031353542227651424,0.33770950273847733,0.030015254847595603,0.35874402449321596,0.3884124446096812,0.442795654769897,0.0013382873800558207
dim 752,752,0.111371115,Polarizability_group2_D25,0.08571134181438907,0.008665077776331232,0.09485093631737994,0.003659540993667576,0.013077885121078317,0.007865422727702511,-0.009139594502990872
dim 752,752,0.111371115,Polarizability_group2_D50,-0.0475675156116219,0.1456849551159856,-0.04340119864544893,0.18438217007466934,0.1812920082292816,0.2538484946617459,0.004166316966172964
dim 752,752,0.111371115,Polarizability_group2_D75,-0.10014340642159351,0.0021473248185848916,-0.09839157475226377,0.0025688675519003946,0.00350540806161952,0.005682130876388952,0.0017518316693297398
dim 752,752,0.111371115,Polarizability_group2_D100,-0.027982208664449962,0.39223438813036315,-0.026647700773163693,0.41521307903026705,0.44492282049282944,0.49885312372701146,0.0013345078912862691
dim 752,752,0.111371115,Polarizability_group3_D0,0.18793834541790042,6.754013796855914e-09,0.1944612953396987,1.949154414533513e-09,1.911729328940572e-08,1.156336721943505e-08,-0.006522949921798277
dim 752,752,0.111371115,Polarizability_group3_D25,-0.08609370461082136,0.00837053118847145,-0.08397716619618568,0.010120296410366169,0.012662476888382672,0.019482299717938332,0.002116538414635674
dim 752,752,0.111371115,Polarizability_group3_D50,-0.1531045510215028,2.5000156723217555e-06,-0.15183152223971086,3.0337821868857953e-06,5.59654982946023e-06,1.1449528253331702e-05,0.0012730287817919461
dim 752,752,0.111371115,Polarizability_group3_D75,-0.18620528805103137,9.328096695312515e-09,-0.1851441989316677,1.1350075597911346e-08,2.60936708227335e-08,6.194322303435276e-08,0.001061089119363673
dim 752,752,0.111371115,Polarizability_group3_D100,0.03912852529744065,0.2314619446202963,0.037032408507279915,0.2574435380612615,0.27560887523414956,0.33614598011126406,0.0020961167901607375
dim 752,752,0.111371115,Charge_C1,-0.1375586830962638,2.3871356008531996e-05,-0.1555010819668986,1.729333031378131e-06,4.8527284886486226e-05,6.779310240379057e-06,-0.017942398870634813
dim 752,752,0.111371115,Charge_C2,0.3377046313519213,1.9926823516478104e-26,0.4028698968338715,7.108325688250892e-38,1.3024577406073751e-25,4.946209958074579e-36,-0.06516526548195017
dim 752,752,0.111371115,Charge_C3,-0.4127254490437399,7.652214821894263e-40,-0.4828694877780212,6.757292708051835e-56,7.81602370187365e-39,1.0258798929496878e-53,-0.07014403873428127
dim 752,752,0.111371115,Charge_T12,-0.1042135020926524,0.0014008964299966904,-0.11423945173203492,0.00045879010341126825,0.002344216142281482,0.0011860363354439906,-0.010025949639382525
dim 752,752,0.111371115,Charge_T13,-0.17190723293843918,1.1927902836135118e-07,-0.19965913491331833,7.018028808381123e-10,3.048140434023817e-07,4.389553599249616e-09,-0.027751901974879145
dim 752,752,0.111371115,Charge_T23,-0.41675769500697085,1.1467167452452884e-40,-0.478059513026308,1.1328427413240134e-54,1.2082125959366762e-39,1.6450846765313935e-52,-0.06130181801933715
dim 752,752,0.111371115,Charge_group1_D0,-0.0013870106078045386,0.9661795311436132,-0.00045011417650088264,0.9890216074738801,0.973759696445283,0.9916938363742899,0.000936896431303656
dim 752,752,0.111371115,Charge_group1_D25,0.06905678688850113,0.03455273281492202,0.07339712336704819,0.024655928403494565,0.047866498383176914,0.043093040747081035,-0.004340336478547063
dim 752,752,0.111371115,Charge_group1_D50,-0.05303652977889756,0.10470762863747489,-0.05224380310026972,0.11000662180909195,0.1340450286121756,0.16193129874057607,0.000792726678627842
dim 752,752,0.111371115,Charge_group1_D75,0.012878342055257556,0.6938010452576904,0.015425086259768671,0.6372361048965014,0.7337857793415725,0.7035929224311784,-0.0025467442045111147
dim 752,752,0.111371115,Charge_group1_D100,0.05598912960635791,0.0867293263371471,0.05463783333678657,0.0946219492559251,0.1130222200413856,0.1423789545062367,0.0013512962695713393
dim 752,752,0.111371115,Charge_group2_D0,0.12643542687941228,0.00010417205887936408,0.12619526314382504,0.00010740139232745532,0.00019996245784889425,0.0003100437773324985,0.00024016373558724546
dim 752,752,0.111371115,Charge_group2_D25,-0.00876208218853981,0.7888082813226683,-0.012984604164519608,0.6914037248847228,0.8215215652066455,0.7490393905659988,-0.004222521975979799
dim 752,752,0.111371115,Charge_group2_D50,0.15162344718545384,3.1308057041320623e-06,0.15158964673176706,3.146844490041918e-06,6.93427788580974e-06,1.182279032254219e-05,3.380045368678308e-05
dim 752,752,0.111371115,Charge_group2_D75,0.08583303309348352,0.00857034692413643,0.08516483329189663,0.009102128241395653,0.012952470012043292,0.01768565955427733,0.0006681998015868884
dim 752,752,0.111371115,Charge_group2_D100,-0.01900852550093581,0.5611491819757131,-0.015056411085563666,0.6453048637940887,0.6105421711536388,0.7110914698357823,0.0039521144153721426
dim 752,752,0.111371115,Charge_group3_D0,0.17620769654154422,5.66286932946366e-08,0.1758521349104065,6.026839699030558e-08,1.4811263555527507e-07,2.947239325733831e-07,0.00035556163113772965
dim 752,752,0.111371115,Charge_group3_D25,-0.06489219549120853,0.04705315180003816,-0.06184876530303779,0.05842389833370099,0.06380735972883779,0.09301040058844676,0.0030434301881707426
dim 752,752,0.111371115,Charge_group3_D50,-0.08989448728281185,0.005894110717643172,-0.08948654484139848,0.0061239776224354244,0.009109824061512352,0.012388906880032899,0.00040794244141337255
dim 752,752,0.111371115,Charge_group3_D75,-0.1417232074348834,1.3342114224974757e-05,-0.14232140803141088,1.2255849247556307e-05,2.7937027520059003e-05,4.164245827755653e-05,-0.0005982005965274872
dim 752,752,0.111371115,Charge_group3_D100,-0.23023501936346488,9.731780956964826e-13,-0.23823038416467038,1.4766161574514154e-13,3.579752026020101e-12,1.381484024058187e-12,-0.007995364801205496
dim 752,752,0.111371115,SecondaryStructure_C1,-0.2675459896272397,8.00872277442325e-17,-0.32656190221554415,1.0067807501877109e-24,3.6743316025513266e-16,2.3190673831910028e-23,-0.059015912588304464
dim 752,752,0.111371115,SecondaryStructure_C2,0.23560758631719064,2.7620930858000794e-13,0.24602738036054014,2.1947943907115237e-14,1.0507278936870461e-12,2.234943068590393e-13,-0.0104197940433495
dim 752,752,0.111371115,SecondaryStructure_C3,0.19478675043418872,1.829881327940623e-09,0.2473855564426768,1.563874887522052e-14,5.39435448836865e-09,1.6272093845245028e-13,-0.05259880600848807
dim 752,752,0.111371115,SecondaryStructure_T12,-0.12194252996453528,0.00018277557525267634,-0.1428143586396,1.142456333951695e-05,0.00034315369384144964,3.8897086191627536e-05,-0.020871828675064708
dim 752,752,0.111371115,SecondaryStructure_T13,-0.21156304622024333,6.087187117027453e-11,-0.23057082263429596,9.003348873225677e-13,2.012990591175415e-10,7.730381808887856e-12,-0.01900777641405263
dim 752,752,0.111371115,SecondaryStructure_T23,0.26737884393118605,8.382604420947618e-17,0.31908377119323916,1.2798249246221867e-23,3.8353285980774037e-16,2.7054526887582934e-22,-0.05170492726205311
dim 752,752,0.111371115,SecondaryStructure_group1_D0,0.1264181872591709,0.00010440078682156824,0.12819287680682356,8.317919782273965e-05,0.00020028640320737392,0.0002447740270730841,-0.0017746895476526692
dim 752,752,0.111371115,SecondaryStructure_group1_D25,0.07282001895702045,0.025811353891879642,0.0720308559440372,0.02746682784898655,0.03645239830819366,0.04741895119059008,0.0007891630129832489
dim 752,752,0.111371115,SecondaryStructure_group1_D50,-0.05212884949457088,0.11079229332436605,-0.05602413412471455,0.08653214940509786,0.14113129660693463,0.13149107325433435,-0.0038952846301436653
dim 752,752,0.111371115,SecondaryStructure_group1_D75,0.1358301929034724,3.0243943071548048e-05,0.1344644887743021,3.638833899989642e-05,6.074249540527389e-05,0.00011433400965160305,0.0013657041291703087
dim 752,752,0.111371115,SecondaryStructure_group1_D100,0.020160506202803193,0.5376561879406291,0.01664982714044824,0.6107425834048943,0.5876216190188813,0.6801290631587454,0.0035106790623549537
dim 752,752,0.111371115,SecondaryStructure_group2_D0,-0.02802618559202957,0.39149050015572573,-0.026240351014713347,0.4223823065418281,0.4443011452667767,0.5063736194722563,0.0017858345773162226
dim 752,752,0.111371115,SecondaryStructure_group2_D25,-0.11600127454265849,0.00037350420384942826,-0.11773850784298073,0.0003040936237610771,0.0006710618831937011,0.0008138403071810878,-0.001737233300322244
dim 752,752,0.111371115,SecondaryStructure_group2_D50,-0.026656988334356646,0.4150504623652167,-0.025935852359776766,0.4277883728902091,0.4683339676688594,0.5117525664231012,0.0007211359745798798
dim 752,752,0.111371115,SecondaryStructure_group2_D75,-0.10276195529100876,0.0016341965025080674,-0.10077574767600125,0.0020114298632939605,0.0027034256158380114,0.004527072603370504,0.001986207615007507
dim 752,752,0.111371115,SecondaryStructure_group2_D100,-0.03827404382028537,0.24181956785287573,-0.03662028486168636,0.2627807165867752,0.286715426563225,0.3417786578659771,0.001653758958599011
dim 752,752,0.111371115,SecondaryStructure_group3_D0,0.033245822631827265,0.3093473937809254,0.03088635544655472,0.3449608419049534,0.35838373056825906,0.42895354131144614,0.0023594671852725443
dim 752,752,0.111371115,SecondaryStructure_group3_D25,-0.025929584694361962,0.42790006978869993,-0.0266609361883766,0.41498135045121665,0.4811494544890488,0.498754123967997,-0.0007313514940146364
dim 752,752,0.111371115,SecondaryStructure_group3_D50,0.07024845014400695,0.03154545820312779,0.07434595176761022,0.022853440134925247,0.04397405275394275,0.04023747498716412,-0.00409750162360327
dim 752,752,0.111371115,SecondaryStructure_group3_D75,-0.035903715501794956,0.27224115829287393,-0.03470326119978938,0.288606162657932,0.3182658273357364,0.3687332686107822,0.001200454302005577
dim 752,752,0.111371115,SecondaryStructure_group3_D100,-0.04949789289408513,0.1300109628198782,-0.047218820277971786,0.1486642095535254,0.163001732664562,0.21057610683154152,0.002279072616113341
dim 752,752,0.111371115,SolventAccessibility_C1,0.02290633088707026,0.4837217749092739,0.021009886216271756,0.5206559465207032,0.5363979841291417,0.5980023594838888,0.0018964446707985042
dim 752,752,0.111371115,SolventAccessibility_C2,-0.12106941676875962,0.00020343260522206094,-0.152829519881877,2.6070972196405447e-06,0.0003785319785190437,9.928967746407548e-06,-0.03176010311311739
dim 752,752,0.111371115,SolventAccessibility_C3,0.10136596656964535,0.001891743755277894,0.1407979290974007,1.5204747748441247e-05,0.0031048767285642097,5.109039987906818e-05,-0.03943196252775534
dim 752,752,0.111371115,SolventAccessibility_T12,-0.06750631250983583,0.03882869532966256,-0.09641859881043316,0.0031331505046000457,0.053238030542312374,0.0067952744710156835,-0.028912286300597334
dim 752,752,0.111371115,SolventAccessibility_T13,0.11723911946128796,0.00032269937702246064,0.14006293895752586,1.685812291354311e-05,0.0005841820700569206,5.61377173790967e-05,-0.022823819496237907
dim 752,752,0.111371115,SolventAccessibility_T23,-0.1164874534441925,0.00035271936081298873,-0.11627364073163315,0.0003617234458849364,0.0006361137500623015,0.0009573346349094196,0.00021381271255935252
dim 752,752,0.111371115,SolventAccessibility_group1_D0,-0.06224581266792983,0.056822139511137404,-0.06292322054954402,0.05417363439151424,0.07621925540851363,0.08762224642501577,-0.0006774078816141962
dim 752,752,0.111371115,SolventAccessibility_group1_D25,-0.1766437638393317,5.245455082289954e-08,-0.18580664813895262,1.004296634200892e-08,1.3800480141226601e-07,5.517024273406216e-08,-0.009162884299620921
dim 752,752,0.111371115,SolventAccessibility_group1_D50,-0.035753672916842366,0.27425118902697687,-0.04258780375560872,0.19275137345690002,0.3203913855719142,0.26374010132980175,-0.006834130838766356
dim 752,752,0.111371115,SolventAccessibility_group1_D75,0.09319640368888871,0.0043010766168414885,0.0910258690345478,0.005296673002798339,0.006766649034503331,0.010981308398104564,0.0021705346543409026
dim 752,752,0.111371115,SolventAccessibility_group1_D100,0.042861109694443435,0.18990872667460576,0.0434069258560036,0.184324209152998,0.2304851551937439,0.2538484946617459,-0.0005458161615601656
dim 752,752,0.111371115,SolventAccessibility_group2_D0,0.04118383622577017,0.20784705834345318,0.04082900593010791,0.21179426939589394,0.25007535117692137,0.28581529688173163,0.000354830295662259
dim 752,752,0.111371115,SolventAccessibility_group2_D25,0.040757273667092614,0.2125987647553051,0.05660527002993201,0.08331116794344443,0.25514907448175317,0.12764188116105704,-0.015847996362839394
dim 752,752,0.111371115,SolventAccessibility_group2_D50,0.005463425681276454,0.8673574938715242,0.010568078520443096,0.7466415471541109,0.8916509786183104,0.7936927967838098,-0.005104652839166643
dim 752,752,0.111371115,SolventAccessibility_group2_D75,0.059876484448098885,0.06694489532357069,0.06762701546484336,0.03848042400767922,0.08901112674391963,0.06407009779942602,-0.007750531016744472
dim 752,752,0.111371115,SolventAccessibility_group2_D100,0.0213971079629509,0.5129985405216393,0.017010295985103296,0.6030388446170627,0.5636340381785213,0.6738540451726294,0.004386811977847606
dim 752,752,0.111371115,SolventAccessibility_group3_D0,0.14719880474827263,6.0545538724498024e-06,0.1547376614343642,1.9459439833291357e-06,1.3080342777478875e-05,7.583959048213901e-06,-0.007538856686091583
dim 752,752,0.111371115,SolventAccessibility_group3_D25,0.09319869237170478,0.004300122936139492,0.09284382612079153,0.004450300995545882,0.006766649034503331,0.009383841745658615,0.00035486625091324386
dim 752,752,0.111371115,SolventAccessibility_group3_D50,0.02280969774642527,0.48556879963518595,0.02494740444441042,0.44561205239647733,0.5379103783686637,0.5281413678834997,-0.002137706697985152
dim 752,752,0.111371115,SolventAccessibility_group3_D75,-0.1475412257987277,5.757160318447561e-06,-0.14916763333714445,4.52526607323511e-06,1.2445899976449744e-05,1.6609218334731062e-05,-0.001626407538416752
dim 752,752,0.111371115,SolventAccessibility_group3_D100,-0.07023924454711875,0.031567801475546,-0.06751081484132014,0.038815656646507636,0.043986840604223455,0.06459606038830867,0.0027284297057986046
dim 686,686,0.10974963,AAC_A,-0.16539005630481945,3.5616736405501507e-07,-0.07053247110583671,0.030862723327830986,8.702260394614122e-07,0.05253898874360627,0.09485758519898274
dim 686,686,0.10974963,AAC_C,-0.1925861382771845,2.79854053328234e-09,-0.1780523718193103,4.090737636633661e-08,8.127935114054797e-09,2.0524528956654368e-07,0.014533766457874187
dim 686,686,0.10974963,AAC_D,0.3604317728220711,4.004507729386928e-30,0.2738420092734358,1.4026648243740536e-17,3.0056305204836716e-29,1.7678869861922034e-16,0.08658976354863529
dim 686,686,0.10974963,AAC_E,0.5652963221052826,3.107629425092017e-80,0.3581907140223074,9.56460154045402e-30,1.3479847116632905e-78,3.5105240818809262e-28,0.20710560808297518
dim 686,686,0.10974963,AAC_F,0.14441023845150516,9.086445719430686e-06,0.04301879181493873,0.1882827705478501,1.928127617719091e-05,0.2584728539374514,0.10139144663656643
dim 686,686,0.10974963,AAC_G,-0.2839740031371025,7.713550332262167e-19,-0.19443454845024052,1.959286201644637e-09,3.874174151842953e-18,1.16028650948459e-08,0.089539454686862
dim 686,686,0.10974963,AAC_H,0.4386905412624772,2.3669760823402755e-45,0.2263097383097247,2.394594708819391e-12,2.8748000418241894e-44,1.9650973777535052e-11,0.2123808029527525
dim 686,686,0.10974963,AAC_I,0.23829138457698287,1.455135124949762e-13,0.07083772217362341,0.03014311460708859,5.631693299342068e-13,0.051443551425569084,0.16745366240335946
dim 686,686,0.10974963,AAC_K,0.4012150850883891,1.4989126746654708e-37,0.1917026053585245,3.3144026086721723e-09,1.4102446009528655e-36,1.921893179334211e-08,0.2095124797298646
dim 686,686,0.10974963,AAC_L,0.35464426455483916,3.740116945611769e-29,0.17619525288893806,5.675240224793546e-08,2.721566579159762e-28,2.795767308379121e-07,0.1784490116659011
dim 686,686,0.10974963,AAC_M,0.2121123999114988,5.418301073798949e-11,0.04199954572270622,0.1989754965457872,1.7971326302371888e-10,0.2703735388376441,0.17011285418879257
dim 686,686,0.10974963,AAC_N,-0.17115394277324805,1.3564747088512125e-07,-0.22483696721163934,3.3426698433613895e-12,3.442724565017515e-07,2.6902451269462752e-11,-0.05368302443839129
dim 686,686,0.10974963,AAC_P,-0.31697266385571354,2.5898916730099207e-23,0.016134751755253376,0.6218254022343525,1.5202527570919392e-22,0.690228263031817,0.3008379121004602
dim 686,686,0.10974963,AAC_Q,0.16199353836989877,6.194966719737615e-07,0.12829832468635627,8.205603572666147e-05,1.4674602016967118e-06,0.000241681798348368,0.0336952136835425
dim 686,686,0.10974963,AAC_R,-0.07842668450547256,0.01634268857917515,0.008426587943616212,0.7967141219611986,0.023763421791225512,0.8378542718357693,0.07000009656185635
dim 686,686,0.10974963,AAC_S,-0.5593239556216769,3.0997447826705433e-78,-0.34718406667746443,6.227401808827684e-28,1.1900169625424843e-76,1.925881670507821e-26,0.21213988894421248
dim 686,686,0.10974963,AAC_T,-0.47853231557025255,8.603566345221604e-55,-0.19703121264596263,1.1803620592235677e-09,1.3815342112038538e-53,7.247075878321169e-09,0.2815011029242899
dim 686,686,0.10974963,AAC_V,0.05424372060390638,0.09702909604803064,0.04949429050135827,0.13003894448430306,0.12517465461584487,0.18777781002056732,0.004749430102548108
dim 686,686,0.10974963,AAC_W,-0.0949726536003596,0.003615963995190091,-0.001523583792916814,0.9628516654734114,0.005756587103877457,0.9718720346573568,0.09344906980744279
dim 686,686,0.10974963,AAC_Y,-0.056872555604360844,0.08186263034934181,-0.1395227402818839,1.8180908774894752e-05,0.10709799661841035,6.0182591980325546e-05,-0.08265018467752307
dim 686,686,0.10974963,Hydrophobicity_C1,0.5355767831877445,1.1237091039935038e-70,0.30854085086793204,4.0899110589661874e-22,3.3510610779806274e-69,7.674327492666891e-21,0.22703593231981245
dim 686,686,0.10974963,Hydrophobicity_C2,-0.5517446303782847,9.338268271823841e-76,-0.29629204423737104,1.9256127535996008e-20,3.390197394336047e-74,3.107027341556844e-19,0.25545258614091365
dim 686,686,0.10974963,Hydrophobicity_C3,0.4330420448099548,4.1112844930933866e-44,0.18040880855311747,2.6867619924963572e-08,4.8351021855394055e-43,1.3912845046415245e-07,0.2526332362568373
dim 686,686,0.10974963,Hydrophobicity_T12,0.0997568828273719,0.0022344784388416425,0.04171113688988502,0.2020800704581164,0.003640645691772371,0.2741459932291262,0.058045745937486876
dim 686,686,0.10974963,Hydrophobicity_T13,0.45428754471475574,6.713334989494143e-49,0.1716493864942497,1.246544931032294e-07,9.041346316496144e-48,5.864028267109664e-07,0.28263815822050603
dim 686,686,0.10974963,Hydrophobicity_T23,-0.21627993638045326,2.2174498216105182e-11,-0.10486652709371344,0.0013062901277336263,7.496237251193452e-11,0.003068220131244945,0.11141340928673982
dim 686,686,0.10974963,Hydrophobicity_group1_D0,0.014929467016673161,0.6480928787349108,0.0038379419965340993,0.906602701511674,0.6911335296853774,0.9261098108346039,0.011091525020139062
dim 686,686,0.10974963,Hydrophobicity_group1_D25,-0.375769007810831,8.56434635821989e-33,-0.1059116806020192,0.0011670501654026985,6.926129984613663e-32,0.0027664638413378373,0.2698573272088118
dim 686,686,0.10974963,Hydrophobicity_group1_D50,-0.1817118704521759,2.1243671542149264e-08,-0.03489311219324412,0.285974895936592,5.7827109169338665e-08,0.36582005071934787,0.1468187582589318
dim 686,686,0.10974963,Hydrophobicity_group1_D75,-0.2181710922557887,1.4694399399892334e-11,-0.06128404706310402,0.060766415599885465,5.018332719390633e-11,0.0964637966271946,0.15688704519268468
dim 686,686,0.10974963,Hydrophobicity_group1_D100,0.19489068328073741,1.7933103403483085e-09,0.048654367288084005,0.1366913722012557,5.291216021875751e-09,0.19552427543991183,0.1462363159926534
dim 686,686,0.10974963,Hydrophobicity_group2_D0,0.21429036475967264,3.404718653879321e-11,0.11521522553857971,0.0004095423686165157,1.1417430024053145e-10,0.0010686496181087205,0.09907513922109293
dim 686,686,0.10974963,Hydrophobicity_group2_D25,0.29591342358767897,2.1627717767755104e-20,0.028375571184842158,0.38561092792534507,1.1357952412626107e-19,0.4697084242416676,0.2675378524028368
dim 686,686,0.10974963,Hydrophobicity_group2_D50,0.11137020153647827,0.0006374190421681149,-0.03125051435003504,0.33930016449819494,0.001112900993644278,0.42285916023282505,0.08011968718644322
dim 686,686,0.10974963,Hydrophobicity_group2_D75,0.23541624541666273,2.8903587888379866e-13,0.11680262942048035,0.0003398276277799774,1.097022540308963e-12,0.0009051230277393337,0.11861361599618238
dim 686,686,0.10974963,Hydrophobicity_group2_D100,-0.08004016329125045,0.014256756791399252,0.026869925754322406,0.41133244184193163,0.02092160267279152,0.49525968123722125,0.053170237536928046
dim 686,686,0.10974963,Hydrophobicity_group3_D0,-0.37073345655970136,6.686877720676476e-32,-0.22388706341728698,4.139901154183516e-12,5.305028880536682e-31,3.323862945906958e-11,0.14684639314241438
dim 686,686,0.10974963,Hydrophobicity_group3_D25,-0.23871009872089613,1.3157406743388104e-13,0.006398789854599263,0.8449151067205476,5.109969595687938e-13,0.8750783696922958,0.23231130886629686
dim 686,686,0.10974963,Hydrophobicity_group3_D50,-0.12943613192896838,7.081328667477459e-05,-0.013088103280523004,0.6890717040886085,0.0001380714404516913,0.7477120738677894,0.11634802864844537
dim 686,686,0.10974963,Hydrophobicity_group3_D75,-0.05674405296124543,0.08255647615875002,-0.03507139705385566,0.2835187110899006,0.10792118605488261,0.36295611155242163,0.021672655907389766
dim 686,686,0.10974963,Hydrophobicity_group3_D100,-0.004682632703004941,0.8861741104426132,0.03426010186296165,0.2948114226680431,0.9062527645065304,0.3751124387471482,-0.029577469159956706
dim 686,686,0.10974963,NormVanDerWaalsVolume_C1,-0.5126145082673038,6.43780668759673e-64,-0.23841287794525368,1.413261124757515e-13,1.4932134955953526e-62,1.3259247631151966e-12,0.27420163032205014
dim 686,686,0.10974963,NormVanDerWaalsVolume_C2,0.48237821818864834,9.030741314711586e-56,0.223201956653741,4.82758623948603e-12,1.5157123613636531e-54,3.848242968945904e-11,0.25917626153490736
dim 686,686,0.10974963,NormVanDerWaalsVolume_C3,0.3962949504034285,1.343909831389845e-36,0.16476371475142512,3.947783761453045e-07,1.2197442491418702e-35,1.7213574103463668e-06,0.23153123565200337
dim 686,686,0.10974963,NormVanDerWaalsVolume_T12,-0.17468190299364736,7.39162694666367e-08,-0.043975155103729624,0.17864030777390214,1.9182621602064225e-07,0.24726839119968216,0.13070674788991773
dim 686,686,0.10974963,NormVanDerWaalsVolume_T13,-0.04702810676237483,0.15031319735907364,-0.08638057935293987,0.008155447576111561,0.18635711922023235,0.01596670275745171,-0.03935247259056504
dim 686,686,0.10974963,NormVanDerWaalsVolume_T23,0.4464726880404043,4.239603459122487e-47,0.2138727460071118,3.723407554884336e-11,5.4253929323636425e-46,2.709407676103199e-10,0.23259994203329248
dim 686,686,0.10974963,NormVanDerWaalsVolume_group1_D0,0.21344149697362913,4.0830471417620424e-11,0.11429301138877872,0.0004559497908896978,1.3651028481967187e-10,0.0011796067401793886,0.09914848558485041
dim 686,686,0.10974963,NormVanDerWaalsVolume_group1_D25,0.25447229127364684,2.5804560170626067e-15,0.032996992280988714,0.3129844926314892,1.0951363528575738e-14,0.39432976438671213,0.22147529899265814
dim 686,686,0.10974963,NormVanDerWaalsVolume_group1_D50,0.07907380932394777,0.015475915300918134,-0.012129220239700884,0.7107872543858679,0.022604064203752872,0.7631834308295501,0.06694458908424689
dim 686,686,0.10974963,NormVanDerWaalsVolume_group1_D75,0.20381128436946136,3.0417897584181547e-10,0.08941295174064488,0.006166293727931858,9.503814586638575e-10,0.012436848460925366,0.11439833262881648
dim 686,686,0.10974963,NormVanDerWaalsVolume_group1_D100,-0.14186186076841598,1.3082459122609246e-05,-0.05882951326237718,0.0718679850178414,2.7429638085068975e-05,0.11206305787095719,0.0830323475060388
dim 686,686,0.10974963,NormVanDerWaalsVolume_group2_D0,0.04154282426578134,0.20390808074335554,0.090256450987059,0.005696684654147889,0.24595629818808504,0.011672961193161932,-0.048713626721277666
dim 686,686,0.10974963,NormVanDerWaalsVolume_group2_D25,-0.2556452880477831,1.904666330763763e-15,-0.039703929893592935,0.22466684109949225,8.145436036813021e-15,0.30030759756327635,0.21594135815419013
dim 686,686,0.10974963,NormVanDerWaalsVolume_group2_D50,-0.056857732685373544,0.08194242445668623,0.006110294925010883,0.8518245159260328,0.10716041412894754,0.8802889490077195,0.05074743776036266
dim 686,686,0.10974963,NormVanDerWaalsVolume_group2_D75,-0.039937479396305306,0.22194979980925808,-0.03315754808933547,0.31063447908174147,0.26532295324370864,0.3919603929478717,0.006779931306969834
dim 686,686,0.10974963,NormVanDerWaalsVolume_group2_D100,0.1811602595230118,2.3469214579634624e-08,0.12224613887453402,0.0001760660979611096,6.352283362721202e-08,0.0004921010604101306,0.05891412064847777
dim 686,686,0.10974963,NormVanDerWaalsVolume_group3_D0,-0.2941017547618732,3.761213492103512e-20,-0.2421846361554677,5.6629868835920345e-14,1.9598210707684447e-19,5.4665827142189e-13,0.05191711860640552
dim 686,686,0.10974963,NormVanDerWaalsVolume_group3_D25,-0.10607569670628281,0.0011464858604095097,-0.0035850051514607663,0.9127325530629729,0.0019339710978625063,0.9308478556428487,0.10249069155482204
dim 686,686,0.10974963,NormVanDerWaalsVolume_group3_D50,-0.0880781240247842,0.006980836384666708,-0.020506030774648673,0.5307071051796612,0.010656304170377882,0.6076660031882305,0.06757209325013552
dim 686,686,0.10974963,NormVanDerWaalsVolume_group3_D75,-0.0815826484656187,0.012485614841794262,-0.016790600052746494,0.6077288755528015,0.01844403077027547,0.6781872517027588,0.06479204841287221
dim 686,686,0.10974963,NormVanDerWaalsVolume_group3_D100,0.06607152402929223,0.04317744070170865,-0.0141478033395746,0.6653676878488567,0.058838291286702114,0.7267878450541373,0.05192372068971763
dim 686,686,0.10974963,Polarity_C1,0.3909962580126232,1.369093059009645e-35,0.11225761562293904,0.0005762434369150908,1.2065358356443837e-34,0.001444934744216519,0.27873864238968415
dim 686,686,0.10974963,Polarity_C2,-0.5500805075618919,3.206767946407453e-75,-0.2775548346072179,4.91369642361563e-18,1.115688014687593e-73,6.385893406566617e-17,0.27252567295467395
dim 686,686,0.10974963,Polarity_C3,0.5809329004974414,1.1507639110080406e-85,0.3428465152371282,3.0865461673389323e-27,6.743072741696238e-84,8.663079158749608e-26,0.23808638526031317
dim 686,686,0.10974963,Polarity_T12,-0.38649390753520985,9.52029119070159e-35,-0.21256768965838466,4.9188237563169315e-11,8.070500654046526e-34,3.495504541723096e-10,0.1739262178768252
dim 686,686,0.10974963,Polarity_T13,0.4893138397697768,1.440347316654635e-57,0.1905296277608943,4.143944112028069e-09,2.5864301277561726e-56,2.3817451566698813e-08,0.2987842120088825
dim 686,686,0.10974963,Polarity_T23,-0.02751475654495983,0.4001943208559544,0.014382022776133235,0.6601722584821547,0.4531013666640297,0.7238921022095852,0.013132733768826593
dim 686,686,0.10974963,Polarity_group1_D0,-0.2403918358862392,8.76352216947355e-14,-0.11794211830615504,0.00029679951348795435,3.4154217089896915e-13,0.0007955942014845647,0.12244971758008415
dim 686,686,0.10974963,Polarity_group1_D25,-0.1667470296049189,2.8460129390791394e-07,0.03813273818349666,0.2435633057987839,7.010090867643307e-07,0.32116124807261676,0.12861429142142225
dim 686,686,0.10974963,Polarity_group1_D50,-0.14199873222693288,1.283086653892942e-05,-0.05043386765419511,0.12289757900069356,2.691902904524137e-05,0.17877957920832602,0.09156486457273777
dim 686,686,0.10974963,Polarity_group1_D75,-0.11431199446080685,0.00045494704132142857,-0.04226404402839093,0.19615903467699577,0.0008078272823038658,0.2675260007436365,0.07204795043241592
dim 686,686,0.10974963,Polarity_group1_D100,-0.04759871972501303,0.14542058778353387,-0.07602482428788719,0.01994307885963117,0.18103047454230456,0.03562025849795086,-0.028426104562874158
dim 686,686,0.10974963,Polarity_group2_D0,0.22099117254661743,7.899677554965762e-12,0.11858969421872576,0.00027467386057285605,2.7484294826651713e-11,0.000741042564065702,0.10240147832789168
dim 686,686,0.10974963,Polarity_group2_D25,0.3152636875784947,4.563623537039246e-23,0.05666751783022033,0.08297198158508906,2.637111178842748e-22,0.12723894329393823,0.2585961697482744
dim 686,686,0.10974963,Polarity_group2_D50,0.16783469271498377,2.374562026967514e-07,0.0011186901540249069,0.9727193287177828,5.88792662960022e-07,0.9797595168629054,0.16671600256095886
dim 686,686,0.10974963,Polarity_group2_D75,0.24617359242373957,2.1163663717194815e-14,0.1107924535706845,0.0006804324586389553,8.578475341678481e-14,0.001683440305077119,0.13538113885305508
dim 686,686,0.10974963,Polarity_group2_D100,-0.03587438805262275,0.27263324693385105,0.03900656386916061,0.2329207444262259,0.3186126818611136,0.3098189113435263,-0.003132175816537866
dim 686,686,0.10974963,Polarity_group3_D0,-0.03086112009665836,0.34535532891112247,-0.01584116640270116,0.6281811880003031,0.396659834443999,0.6949735567807263,0.0150199536939572
dim 686,686,0.10974963,Polarity_group3_D25,-0.4283932361865768,4.138969443792034e-43,-0.13251177398468925,4.7258619195184025e-05,4.686155234666235e-42,0.0001452104766438957,0.2958814622018876
dim 686,686,0.10974963,Polarity_group3_D50,-0.22631802161339867,2.3900908779059425e-12,-0.039529507595601095,0.22671143568760768,8.55616670118526e-12,0.3024026338644607,0.18678851401779759
dim 686,686,0.10974963,Polarity_group3_D75,-0.19733054109861414,1.112889093663126e-09,-0.03903747775911131,0.23255036395912965,3.3336767469370774e-09,0.3094494882962124,0.15829306333950283
dim 686,686,0.10974963,Polarity_group3_D100,0.19719094466236184,1.1438754381624037e-09,0.07762958543801078,0.017468652794811412,3.4234264905577314e-09,0.03155505696845328,0.11956135922435106
dim 686,686,0.10974963,Polarizability_C1,-0.48192672273631854,1.1784096805729094e-55,-0.24458063345055153,3.142011402074808e-14,1.948459570848276e-54,3.170488846806604e-13,0.237346089285767
dim 686,686,0.10974963,Polarizability_C2,0.3928097578186882,6.215623761887764e-36,0.2155755018253028,2.5822475877883732e-11,5.546376291432786e-35,1.9081210051356564e-10,0.1772342559933854
dim 686,686,0.10974963,Polarizability_C3,0.3962949504034285,1.343909831389845e-36,0.16476371475142512,3.947783761453045e-07,1.2197442491418702e-35,1.7213574103463668e-06,0.23153123565200337
dim 686,686,0.10974963,Polarizability_T12,-0.4188584680789817,4.221940125685889e-41,-0.15159412580137127,3.1447145954023087e-06,4.519641031984253e-40,1.182279032254219e-05,0.2672643422776104
dim 686,686,0.10974963,Polarizability_T13,-0.0298790969532272,0.3609292387078085,-0.08681251992982983,0.007840911725438496,0.412278952559535,0.015405085389979162,-0.05693342297660263
dim 686,686,0.10974963,Polarizability_T23,0.42864482304354456,3.656076514031053e-43,0.20630976029303946,1.823487920023765e-10,4.1676776644586066e-42,1.2303938692685608e-09,0.2223350627505051
dim 686,686,0.10974963,Polarizability_group1_D0,0.19259309239445566,2.7948076920024335e-09,0.1109601182425948,0.0006676802077423636,8.124158129928746e-09,0.0016531148212449922,0.08163297415186085
dim 686,686,0.10974963,Polarizability_group1_D25,0.22828428066605724,1.525555118904067e-12,-0.006776269879614632,0.8358925555601374,5.538428366456069e-12,0.868932815303722,0.2215080107864426
dim 686,686,0.10974963,Polarizability_group1_D50,0.17233401740702917,1.1087007643604757e-07,-0.022481014401378393,0.4918796071353106,2.8419497720368295e-07,0.5705727879116914,0.14985300300565077
dim 686,686,0.10974963,Polarizability_group1_D75,0.20424491430061947,2.7845973516125317e-10,0.059473775680299,0.06880467789104444,8.724723409367595e-10,0.1076886711134435,0.14477113862032048
dim 686,686,0.10974963,Polarizability_group1_D100,-0.0578598448386448,0.0766879707828865,-0.02803832258241897,0.39128534856347136,0.10116027741502405,0.4760994769406172,0.02982152225622583
dim 686,686,0.10974963,Polarizability_group2_D0,0.092271930201244,0.004702333331050746,0.061372919788626,0.06039269037945109,0.007359790686836688,0.09600741830907503,0.030899010412617993
dim 686,686,0.10974963,Polarizability_group2_D25,-0.19216294653638039,3.0350581269682046e-09,-0.017438624711125453,0.5939420479341171,8.784310350150608e-09,0.6654701241529524,0.17472432182525494
dim 686,686,0.10974963,Polarizability_group2_D50,-0.22480478957498626,3.3670315663666616e-12,-0.02189449309231801,0.5032492646181179,1.1925647329442894e-11,0.581408697275861,0.20291029648266826
dim 686,686,0.10974963,Polarizability_group2_D75,-0.06366383842471067,0.05139650614567659,0.026752901524334887,0.4133733095886438,0.06952787789654102,0.49735837681054407,0.03691093690037578
dim 686,686,0.10974963,Polarizability_group2_D100,0.016228335678827192,0.6198052918541193,0.08238758685903462,0.011640965458840417,0.663935110581385,0.022066302288607828,-0.06615925118020743
dim 686,686,0.10974963,Polarizability_group3_D0,-0.2941017547618732,3.761213492103512e-20,-0.2421846361554677,5.6629868835920345e-14,1.9598210707684447e-19,5.4665827142189e-13,0.05191711860640552
dim 686,686,0.10974963,Polarizability_group3_D25,-0.10607569670628281,0.0011464858604095097,-0.0035850051514607663,0.9127325530629729,0.0019339710978625063,0.9308478556428487,0.10249069155482204
dim 686,686,0.10974963,Polarizability_group3_D50,-0.0880781240247842,0.006980836384666708,-0.020506030774648673,0.5307071051796612,0.010656304170377882,0.6076660031882305,0.06757209325013552
dim 686,686,0.10974963,Polarizability_group3_D75,-0.0815826484656187,0.012485614841794262,-0.016790600052746494,0.6077288755528015,0.01844403077027547,0.6781872517027588,0.06479204841287221
dim 686,686,0.10974963,Polarizability_group3_D100,0.06607152402929223,0.04317744070170865,-0.0141478033395746,0.6653676878488567,0.058838291286702114,0.7267878450541373,0.05192372068971763
dim 686,686,0.10974963,Charge_C1,0.39375437309104616,4.111500574793168e-36,0.22119503190209625,7.550610483114572e-12,3.68161177474777e-35,5.878563872634655e-11,0.17255934118894992
dim 686,686,0.10974963,Charge_C2,-0.5863454390884839,1.2927624044085966e-87,-0.3917747433262954,9.76061240684545e-36,8.1468423221221e-86,5.719376392783124e-34,0.1945706957621885
dim 686,686,0.10974963,Charge_C3,0.5864966381936411,1.1390217417681642e-87,0.40698943098014295,1.0893914879425509e-38,7.316024264433977e-86,7.909929499408958e-37,0.1795072072134981
dim 686,686,0.10974963,Charge_T12,0.27519263195239935,9.595040423009268e-18,0.12959696833411322,6.934672644064299e-05,4.62444949680389e-17,0.00020698665443409075,0.14559566361828613
dim 686,686,0.10974963,Charge_T13,0.4662854154757651,9.338130758951041e-52,0.2725227875124871,2.0283272129782313e-17,1.3679542427586174e-50,2.5373081990064764e-16,0.19376262796327798
dim 686,686,0.10974963,Charge_T23,0.5471786766053772,2.7113960380542843e-74,0.3705996150158031,7.058812436860572e-32,9.147538148587182e-73,2.9843586758372544e-30,0.17657906158957415
dim 686,686,0.10974963,Charge_group1_D0,-0.04251010277463439,0.19356520979832964,-0.015957221958858566,0.6256653925313146,0.23415711724969973,0.692878783506164,0.026552880815775826
dim 686,686,0.10974963,Charge_group1_D25,-0.22135197377980775,7.292204013572519e-12,-0.15227918635236742,2.834709862420441e-06,2.539724859784381e-11,1.0771252492018513e-05,0.06907278742744033
dim 686,686,0.10974963,Charge_group1_D50,-0.006823918191627339,0.8347551676592381,0.02765592159240708,0.3977803572599673,0.8637181722372538,0.48277121847684984,-0.020832003400779744
dim 686,686,0.10974963,Charge_group1_D75,-0.10542415325673918,0.0012302024119326743,-0.035180079789341005,0.2820284355290694,0.002071006076539885,0.36149663094152273,0.07024407346739817
dim 686,686,0.10974963,Charge_group1_D100,0.032074921649544036,0.3267063163347303,-0.02297867322882332,0.4823415342042832,0.3765352300062109,0.5622148058831016,0.009096248420720716
dim 686,686,0.10974963,Charge_group2_D0,0.0034650387600599327,0.9156417400899484,-0.007401270647169604,0.8210015834337684,0.9306888045953827,0.8569204027089957,-0.003936231887109671
dim 686,686,0.10974963,Charge_group2_D25,0.13889084081627523,1.985353610551522e-05,0.013282806016417289,0.6846927013764886,4.078155632990212e-05,0.7449099747874502,0.12560803479985794
dim 686,686,0.10974963,Charge_group2_D50,-0.04049503483596179,0.21555858720068444,-0.05658266681812095,0.08343460933022752,0.2584227140166138,0.12777239576476843,-0.016087631982159158
dim 686,686,0.10974963,Charge_group2_D75,0.02973629557857207,0.36323001107748176,0.007380532383344067,0.8214946832139837,0.4146234576209122,0.8571672108512045,0.022355763195228005
dim 686,686,0.10974963,Charge_group2_D100,-0.25854099155411486,8.94080741903606e-16,-0.16117299972931015,7.069257694750226e-07,3.873190243784752e-15,2.929011888272038e-06,0.09736799182480471
dim 686,686,0.10974963,Charge_group3_D0,0.02017877697812456,0.5372875924613337,0.008148418772253347,0.8032849792589946,0.5874109848840768,0.843701833561334,0.012030358205871212
dim 686,686,0.10974963,Charge_group3_D25,-0.1742843116692512,7.919983727732921e-08,-0.020171505186427317,0.5374342787397601,2.050600438033175e-07,0.6132144189759422,0.15411280648282388
dim 686,686,0.10974963,Charge_group3_D50,-0.0009098053261908639,0.9778117871563213,0.01815387432262247,0.5788930736582644,0.9834060129786549,0.6518890310244784,-0.017244068996431605
dim 686,686,0.10974963,Charge_group3_D75,0.03491989014141387,0.28560506968517513,0.023828017219377825,0.466297613461904,0.33307295137866094,0.5470439160389039,0.011091872922036044
dim 686,686,0.10974963,Charge_group3_D100,0.19296906120374913,2.6000426347226702e-09,0.09504057018318963,0.0035918539451591045,7.577785689331342e-09,0.007734875678163384,0.09792849102055949
dim 686,686,0.10974963,SecondaryStructure_C1,0.5681849935574719,3.242541126074018e-81,0.34867560690655225,3.5704689957791274e-28,1.4835736111078382e-79,1.1357491853240273e-26,0.21950938665091962
dim 686,686,0.10974963,SecondaryStructure_C2,-0.26488291835900635,1.650529571683708e-16,-0.16474766056469553,3.9581920969100577e-07,7.429607505961704e-16,1.7236455806622676e-06,0.10013525779431082
dim 686,686,0.10974963,SecondaryStructure_C3,-0.5808935595609713,1.1885632347652136e-85,-0.34563713293272696,1.1053148931543701e-27,6.844484834682437e-84,3.356137948305087e-26,0.23525642662824436
dim 686,686,0.10974963,SecondaryStructure_T12,0.3994056197376984,3.37268438658205e-37,0.18885916686200968,5.6821710544293495e-09,3.1204337537905944e-36,3.200413376356497e-08,0.2105464528756887
dim 686,686,0.10974963,SecondaryStructure_T13,0.3398996644610359,9.026762306174323e-27,0.17816252774386976,4.0116299374014915e-08,5.993913738095872e-26,2.0209417784194542e-07,0.16173713671716616
dim 686,686,0.10974963,SecondaryStructure_T23,-0.5474990396200147,2.1442916855259685e-74,-0.3398652210520346,9.140075737443271e-27,7.308096152710954e-73,2.422845473258772e-25,0.20763381856798008
dim 686,686,0.10974963,SecondaryStructure_group1_D0,-0.1266052554448346,0.00010194394200884774,-0.10664018337050317,0.0010782394500602871,0.00019624943303144174,0.002581591228101333,0.019965072074331444
dim 686,686,0.10974963,SecondaryStructure_group1_D25,-0.03279208139928216,0.31600065278797984,-0.08120562983810116,0.012899541957440199,0.365204906682302,0.024136958060420318,-0.048413548438819
dim 686,686,0.10974963,SecondaryStructure_group1_D50,0.14875230522101576,4.813394121989145e-06,0.06068727314675653,0.06332580060582038,1.0487107871783264e-05,0.1000537293216487,0.08806503207425923
dim 686,686,0.10974963,SecondaryStructure_group1_D75,0.12163370901924005,0.00018984591093884647,-0.004174146930773509,0.898463523552447,0.00035463386047860577,0.9207941603759352,0.11745956208846654
dim 686,686,0.10974963,SecondaryStructure_group1_D100,0.16250737771451557,5.701493262074527e-07,0.05196898648509346,0.11189225204660828,1.3592425050199088e-06,0.16427258102666886,0.1105383912294221
dim 686,686,0.10974963,SecondaryStructure_group2_D0,0.018567494956060547,0.5702728299376885,0.10754239240704444,0.0009769093662358953,0.6190156815053233,0.002355868074532773,-0.08897489745098389
dim 686,686,0.10974963,SecondaryStructure_group2_D25,0.0868867540033171,0.007787961233489824,0.05406857912578932,0.0981143918729819,0.011839686171987262,0.14688573234233954,0.03281817487752777
dim 686,686,0.10974963,SecondaryStructure_group2_D50,-0.11307214070713668,0.0005249406938015806,-0.11803529944470584,0.00029351626808454085,0.0009271823994168584,0.0007874251689978846,-0.004963158737569154
dim 686,686,0.10974963,SecondaryStructure_group2_D75,-0.15434725819929168,2.0665443868221254e-06,-0.03620669645809295,0.2682130544201741,4.6573942321092434e-06,0.3464159326231174,0.11814056174119873
dim 686,686,0.10974963,SecondaryStructure_group2_D100,-0.1848296068424293,1.2027224734005375e-08,-0.1679248867105936,2.3390441926146916e-07,3.3336871876828176e-08,1.0629125990929346e-06,0.016904720131835693
dim 686,686,0.10974963,SecondaryStructure_group3_D0,0.19890715019843735,8.149747588826777e-10,0.15181870236143014,3.0396757738872628e-06,2.47231216591112e-09,1.1458822894789456e-05,0.04708844783700722
dim 686,686,0.10974963,SecondaryStructure_group3_D25,0.07738957239367587,0.017820732434953506,0.07212785517536106,0.02725853784056473,0.02572253618009935,0.047123973285448345,0.00526171721831481
dim 686,686,0.10974963,SecondaryStructure_group3_D50,-0.09551852158332699,0.0034262706348405485,0.010028472157700441,0.7591676153732413,0.0054676272911454524,0.8036829906011492,0.08549004942562655
dim 686,686,0.10974963,SecondaryStructure_group3_D75,0.004969074889161599,0.87926301280321,0.06186123315045732,0.058373037335140675,0.9008400192523685,0.09297374568401043,-0.05689215826129572
dim 686,686,0.10974963,SecondaryStructure_group3_D100,-0.08482930507848292,0.009380089817929729,0.004796443041173863,0.8834271008104707,0.014112387383732114,0.9070539553356816,0.08003286203730905
dim 686,686,0.10974963,SolventAccessibility_C1,0.035300555116956706,0.2803826672983726,-0.03989706387489282,0.22241829220591505,0.32732544871603086,0.2982244463941213,-0.004596508757936116
dim 686,686,0.10974963,SolventAccessibility_C2,0.5355767831877445,1.1237091039935038e-70,0.30854085086793204,4.0899110589661874e-22,3.3510610779806274e-69,7.674327492666891e-21,0.22703593231981245
dim 686,686,0.10974963,SolventAccessibility_C3,-0.5639629587769678,8.754529809507897e-80,-0.2868832362542191,3.2797552441825546e-19,3.6550161954695467e-78,4.783573150903814e-18,0.2770797225227487
dim 686,686,0.10974963,SolventAccessibility_T12,0.49780612161873816,7.958698843652343e-60,0.19684105025690296,1.2252783387393017e-09,1.6013285625180016e-58,7.481589856287509e-09,0.3009650713618352
dim 686,686,0.10974963,SolventAccessibility_T13,-0.4270804743424847,7.893707549516643e-43,-0.20731164170417526,1.482508588442735e-10,8.877098725719052e-42,1.0084681640323289e-09,0.21976883263830943
dim 686,686,0.10974963,SolventAccessibility_T23,-0.003190525486838316,0.9223028748600955,0.006397397476321393,0.8449484258256449,0.9363196358762064,0.8750783696922958,-0.003206871989483077
dim 686,686,0.10974963,SolventAccessibility_group1_D0,0.12967718060693942,6.86260914908763e-05,0.14483390966459941,8.54703477698444e-06,0.00013419856298567146,2.9923580875396257e-05,-0.015156729057659996
dim 686,686,0.10974963,SolventAccessibility_group1_D25,0.21880309427069075,1.2795713221836655e-11,0.09909598819871138,0.002391026881930328,4.3878523779193456e-11,0.00530986022981868,0.11970710607197937
dim 686,686,0.10974963,SolventAccessibility_group1_D50,0.1822062793283245,1.9423812105337628e-08,0.012433410056217467,0.7038719275094193,5.313311419478106e-08,0.7581206829672559,0.16977286927210705
dim 686,686,0.10974963,SolventAccessibility_group1_D75,0.1582592038216689,1.1237280181853517e-06,-5.236435258317376e-05,0.9987227812112878,2.6064247088465794e-06,0.9991296747488738,0.1582068394690857
dim 686,686,0.10974963,SolventAccessibility_group1_D100,-0.08401649549280796,0.010085022523515607,-0.08898641365981934,0.00641677168677141,0.01511169817341504,0.012887563099107942,-0.004969918167011381
dim 686,686,0.10974963,SolventAccessibility_group2_D0,0.014929467016673161,0.6480928787349108,0.0038379419965340993,0.906602701511674,0.6911335296853774,0.9261098108346039,0.011091525020139062
dim 686,686,0.10974963,SolventAccessibility_group2_D25,-0.375769007810831,8.56434635821989e-33,-0.1059116806020192,0.0011670501654026985,6.926129984613663e-32,0.0027664638413378373,0.2698573272088118
dim 686,686,0.10974963,SolventAccessibility_group2_D50,-0.1817118704521759,2.1243671542149264e-08,-0.03489311219324412,0.285974895936592,5.7827109169338665e-08,0.36582005071934787,0.1468187582589318
dim 686,686,0.10974963,SolventAccessibility_group2_D75,-0.2181710922557887,1.4694399399892334e-11,-0.06128404706310402,0.060766415599885465,5.018332719390633e-11,0.0964637966271946,0.15688704519268468
dim 686,686,0.10974963,SolventAccessibility_group2_D100,0.19489068328073741,1.7933103403483085e-09,0.048654367288084005,0.1366913722012557,5.291216021875751e-09,0.19552427543991183,0.1462363159926534
dim 686,686,0.10974963,SolventAccessibility_group3_D0,-0.25476668194231966,2.3914534181060456e-15,-0.16141417599650845,6.800666132480354e-07,1.0188079612849734e-14,2.8286705955771334e-06,0.09335250594581121
dim 686,686,0.10974963,SolventAccessibility_group3_D25,-0.03533064118865171,0.27997269117305074,-0.06380330863724579,0.050887072064012225,0.32696111486642987,0.08278754052303987,-0.02847266744859408
dim 686,686,0.10974963,SolventAccessibility_group3_D50,-0.10317825380519449,0.001563877407436039,-0.050439415361362525,0.12285634022321268,0.002598681861112622,0.17877957920832602,0.05273883844383197
dim 686,686,0.10974963,SolventAccessibility_group3_D75,0.1069015350783994,0.0010479301543349845,0.0863075651801676,0.008209716039735504,0.0017821215455594952,0.016063533434514693,0.020593969898231798
dim 686,686,0.10974963,SolventAccessibility_group3_D100,-0.24679061760534143,1.8146284337674568e-14,-0.14712511702465322,6.120443711904557e-06,7.36434868624946e-14,2.1933778967554958e-05,0.09966550058068821
dim 910,910,0.10768673,AAC_A,0.010355386736249379,0.7515710668222594,-0.06669168916787,0.04124977661945833,0.7884126563358921,0.06823885780534462,-0.05633630243162062
dim 910,910,0.10768673,AAC_C,0.17595739116469114,5.91679986458287e-08,0.15323684218107592,2.450022872771095e-06,1.5439149646645924e-07,9.362787637363225e-06,0.022720548983615224
dim 910,910,0.10768673,AAC_D,-0.29900609841354897,8.332538884018683e-21,-0.2251701910027926,3.100317238259101e-12,4.4743858316113184e-20,2.5012221197549266e-11,0.07383590741075638
dim 910,910,0.10768673,AAC_E,-0.44973817825836326,7.598219862393424e-48,-0.3085862737085378,4.030519717547495e-22,9.87472931532842e-47,7.648827191254906e-21,0.14115190454982546
dim 910,910,0.10768673,AAC_F,0.03747495497665941,0.251796498576925,0.11948933628525661,0.00024648778015469094,0.29685856168264363,0.000671508308088636,-0.0820143813085972
dim 910,910,0.10768673,AAC_G,0.14865133820174495,4.886044481815693e-06,0.06846064811971342,0.03614673760732403,1.0631523497892127e-05,0.06057707155467249,0.08019069008203153
dim 910,910,0.10768673,AAC_H,-0.2721142990553967,2.2727945189644502e-17,-0.11531463959033894,0.0004048117775702244,1.0706817621073715e-16,0.001059617035332719,0.15679965946505775
dim 910,910,0.10768673,AAC_I,-0.19582820377254972,1.4940025414941845e-09,-0.09080956906563738,0.005406484325873797,4.431588355764277e-09,0.01116048062324999,0.10501863470691235
dim 910,910,0.10768673,AAC_K,-0.17687179635393357,5.0391943182739355e-08,-0.011137105930092393,0.7335045872649985,1.3294556890232972e-07,0.7824673655270185,0.16573469042384117
dim 910,910,0.10768673,AAC_L,-0.30346274956816144,2.0651257721668577e-21,-0.18744847497880665,7.401747272322498e-09,1.1363295023125708e-20,4.1340862691567126e-08,0.11601427458935479
dim 910,910,0.10768673,AAC_M,-0.11531680503740709,0.000404709304762712,-0.0026286130867670416,0.9359542986809544,0.0007232365317856919,0.9504674240177524,0.11268819195064005
dim 910,910,0.10768673,AAC_N,0.11744827040819396,0.0003147811661409523,0.12750145550365688,9.091099137820661e-05,0.0005704661393981448,0.0002656541655321173,-0.010053185095462921
dim 910,910,0.10768673,AAC_P,0.262378904121334,3.2337800658963233e-16,0.07415511924152775,0.02320649383905922,1.4362799760762926e-15,0.040794573380240944,0.1882237848798063
dim 910,910,0.10768673,AAC_Q,-0.12308217938269275,0.00015876581071616152,-0.09047139539355258,0.005582285022528088,0.0002995919818033782,0.011466686331638262,0.03261078398914018
dim 910,910,0.10768673,AAC_R,-0.057432409647409324,0.07889463178823954,-0.12169522122314401,0.00018841746145035486,0.10362094776748725,0.0005244286010368211,-0.06426281157573469
dim 910,910,0.10768673,AAC_S,0.42342170235761145,4.701645922861712e-42,0.2743803690243629,1.2059581776803042e-17,5.148687666346924e-41,1.5257198157015969e-16,0.14904133333324854
dim 910,910,0.10768673,AAC_T,0.45363930105581857,9.507519584789747e-49,0.30388862789236387,1.805094414283936e-21,1.2702046165279105e-47,3.276638773754536e-20,0.1497506731634547
dim 910,910,0.10768673,AAC_V,-0.19495327960985875,1.7716286132567979e-09,-0.20214067910638997,4.2672549059411224e-10,5.2364951931661105e-09,2.751473240510299e-09,-0.007187399496531216
dim 910,910,0.10768673,AAC_W,0.19876746224244696,8.378714509886367e-10,0.15545279112696642,1.7423199048285024e-06,2.5325707206353363e-09,6.822213929809142e-06,0.04331467111548054
dim 910,910,0.10768673,AAC_Y,0.18848272894882476,6.0987315970167965e-09,0.2398754478299753,9.93150181558407e-14,1.7321227494928656e-08,9.423640927287157e-13,-0.051392718881150545
dim 910,910,0.10768673,Hydrophobicity_C1,-0.4028684134431842,7.113094582513036e-38,-0.24733630692793465,1.5832698570977767e-14,6.8073741849838224e-37,1.6371892639958434e-13,0.15553210651524954
dim 910,910,0.10768673,Hydrophobicity_C2,0.422075463444577,9.015835085024145e-42,0.25627868127763287,1.6155785960117551e-15,9.808758691850372e-41,1.7927018307904528e-14,0.16579678216694416
dim 910,910,0.10768673,Hydrophobicity_C3,-0.34019043101297913,8.123974828618136e-27,-0.1809747011574285,2.4267445161441503e-08,5.405194407885374e-26,1.2684392306606357e-07,0.15921572985555063
dim 910,910,0.10768673,Hydrophobicity_T12,-0.12394775660880275,0.000142545525545696,-0.08962515172744226,0.006044986913941317,0.0002705125314333094,0.012258807706474802,0.03432260488136049
dim 910,910,0.10768673,Hydrophobicity_T13,-0.3587583395111689,7.676813162799427e-30,-0.18614078039902088,9.440329698304438e-09,5.749003579316162e-29,5.1945141997260006e-08,0.17261755911214804
dim 910,910,0.10768673,Hydrophobicity_T23,0.09910705220683975,0.0023883256251710093,0.01414525424832371,0.6654243204118419,0.003877981326237808,0.7267878450541373,0.08496179795851605
dim 910,910,0.10768673,Hydrophobicity_group1_D0,0.11788744389141867,0.0002987419257922776,0.1374142739422129,2.4350593572779882e-05,0.0005446495808658336,7.87328001288333e-05,-0.019526830050794225
dim 910,910,0.10768673,Hydrophobicity_group1_D25,0.3013339625533913,4.0331762545232e-21,0.13803363709281996,2.2357576454971664e-05,2.1939427834051282e-20,7.285298083863937e-05,0.16330032546057133
dim 910,910,0.10768673,Hydrophobicity_group1_D50,0.10810583780930437,0.0009181713026166034,0.01237633268677069,0.7051676596803441,0.001577516538446222,0.7588194364206149,0.09572950512253368
dim 910,910,0.10768673,Hydrophobicity_group1_D75,0.16265053685205993,5.570891430299779e-07,0.06209617904601738,0.05742145117390232,1.3319096189836264e-06,0.09198448293565167,0.10055435780604255
dim 910,910,0.10768673,Hydrophobicity_group1_D100,-0.1695814037099416,1.770959373885766e-07,-0.07961416931817268,0.014783361051939609,4.4473716607356835e-07,0.027189661846629014,0.08996723439176892
dim 910,910,0.10768673,Hydrophobicity_group2_D0,-0.16022326466889958,8.22959556737356e-07,-0.08927363168863041,0.006247123438431438,1.9343314000723216e-06,0.012554387656053552,0.07094963298026917
dim 910,910,0.10768673,Hydrophobicity_group2_D25,-0.240433157334909,8.676113014614407e-14,-0.08267610333251968,0.011350772648842135,3.3892652010306575e-13,0.021602040254776488,0.15775705400238932
dim 910,910,0.10768673,Hydrophobicity_group2_D50,-0.062384979616291955,0.056269421686496214,0.023751580030136995,0.46772927541112463,0.07562972572752409,0.5479536232455827,0.03863339958615496
dim 910,910,0.10768673,Hydrophobicity_group2_D75,-0.10763731990996893,0.0009667760627387113,-0.016330777509255354,0.6175972545771332,0.001649990827566324,0.6864475308777455,0.09130654240071358
dim 910,910,0.10768673,Hydrophobicity_group2_D100,0.013853837521286562,0.6719111494503996,-0.0536322329527198,0.10086041844592347,0.7137246171436106,0.15052448508015387,-0.03977839543143324
dim 910,910,0.10768673,Hydrophobicity_group3_D0,0.11093988986234414,0.0006692068845303271,-0.0234637547502491,0.4731419760521909,0.0011653550543958774,0.5529370888783477,0.08747613511209504
dim 910,910,0.10768673,Hydrophobicity_group3_D25,0.1831429194291655,1.6381572883691825e-08,0.03761245539827556,0.25005964191105623,4.495846625433911e-08,0.32843067400036485,0.14553046403088993
dim 910,910,0.10768673,Hydrophobicity_group3_D50,-0.030761629789624018,0.3469133891129213,-0.11728221840479872,0.0003210526311983833,0.3983123821372146,0.0008578526305620801,-0.0865205886151747
dim 910,910,0.10768673,Hydrophobicity_group3_D75,-0.1074344490964726,0.0009885513471049772,-0.13856463284315373,2.0773274012978265e-05,0.001685432107876786,6.822294513603481e-05,-0.03113018374668114
dim 910,910,0.10768673,Hydrophobicity_group3_D100,-0.0669301574186287,0.04052816962136849,-0.09421072201690449,0.003896697102666135,0.05543164886788319,0.008326915113822707,-0.027280564598275783
dim 910,910,0.10768673,NormVanDerWaalsVolume_C1,0.3552059840752757,3.0170630700318437e-29,0.17022287248678128,1.5889179506513603e-07,2.2098663714706927e-28,7.391345341470116e-07,0.18498311158849443
dim 910,910,0.10768673,NormVanDerWaalsVolume_C2,-0.45425679713664024,6.825178970456666e-49,-0.3116857108470011,1.476533299004646e-22,9.155059341897697e-48,2.867221638764836e-21,0.14257108628963916
dim 910,910,0.10768673,NormVanDerWaalsVolume_C3,-0.13107674327141797,5.713591260882413e-05,0.055652684121169124,0.08864301516502579,0.00011225526359616035,0.13414937501186505,0.07542405915024884
dim 910,910,0.10768673,NormVanDerWaalsVolume_T12,-0.13801203530992834,2.2424398905784e-05,-0.2542805543932028,2.711372129647181e-15,4.575289697331616e-05,2.9691747255808475e-14,-0.11626851908327446
dim 910,910,0.10768673,NormVanDerWaalsVolume_T13,0.19111818774275158,3.7052243504842285e-09,0.2218042359631505,6.594988579116236e-12,1.0631829321836189e-08,5.182885142176053e-11,-0.030686048220398915
dim 910,910,0.10768673,NormVanDerWaalsVolume_T23,-0.26991738639674767,4.177545703687548e-17,-0.10022124828704733,0.00213015393191983,1.943315132356046e-16,0.0047653812006779855,0.16969613810970036
dim 910,910,0.10768673,NormVanDerWaalsVolume_group1_D0,-0.15504114132289898,1.8568887550543608e-06,-0.08359717003055754,0.010466799762132469,4.2047514860214e-06,0.020056862424281383,0.07144397129234144
dim 910,910,0.10768673,NormVanDerWaalsVolume_group1_D25,-0.23485537200153075,3.3009392418191954e-13,-0.10659130687811502,0.0010839968002553865,1.251434400417266e-12,0.002593516699751426,0.12826406512341573
dim 910,910,0.10768673,NormVanDerWaalsVolume_group1_D50,0.007680639529082718,0.8143659064106258,0.06910642025595796,0.034422765098891125,0.8455026818189276,0.05792042087168582,-0.06142578072687525
dim 910,910,0.10768673,NormVanDerWaalsVolume_group1_D75,-0.09679911152717592,0.0030162454976659595,-0.012329893997079563,0.706222510196709,0.004838741576467005,0.7594279407781739,0.08446921753009635
dim 910,910,0.10768673,NormVanDerWaalsVolume_group1_D100,0.06424074015152374,0.04931660699882553,0.0036198941842614605,0.9118867107854634,0.06679540445096402,0.9307748088099738,0.060620845967262284
dim 910,910,0.10768673,NormVanDerWaalsVolume_group2_D0,0.08444505350472575,0.009707681494999112,0.07460529799244241,0.02238110474760501,0.014585540347861914,0.039469831404820625,0.009839755512283346
dim 910,910,0.10768673,NormVanDerWaalsVolume_group2_D25,0.2122426128384749,5.2706024880855545e-11,0.08257507632706998,0.011451648807261012,1.7498819393842694e-10,0.02176921287208411,0.12966753651140492
dim 910,910,0.10768673,NormVanDerWaalsVolume_group2_D50,-0.09195784727446521,0.004846171046119822,-0.14327442614887492,1.0697433182502848e-05,0.0075742682704914395,3.679652608605511e-05,-0.05131657887440971
dim 910,910,0.10768673,NormVanDerWaalsVolume_group2_D75,-0.02559719686261995,0.43384784247141367,-0.03825917666359997,0.24200261740028373,0.4867490070052139,0.319481716251758,-0.012661979800980022
dim 910,910,0.10768673,NormVanDerWaalsVolume_group2_D100,-0.20096020865802178,5.410987795567738e-10,-0.1604364414029476,7.954200271267905e-07,1.656526052905247e-09,3.267777233214613e-06,0.04052376725507417
dim 910,910,0.10768673,NormVanDerWaalsVolume_group3_D0,0.1642179988599866,4.3168001535194755e-07,0.10354649916507443,0.0015040051411868152,1.0447907617938441e-06,0.0034933081860667333,0.06067149969491219
dim 910,910,0.10768673,NormVanDerWaalsVolume_group3_D25,0.12085309436275629,0.00020887885469103872,0.0627366504687553,0.05489260817461197,0.0003875863192600385,0.08848518885289769,0.05811644389400099
dim 910,910,0.10768673,NormVanDerWaalsVolume_group3_D50,0.0138378043621518,0.672268756147844,-0.03461470046153276,0.2898391380882645,0.7137246171436106,0.3697718568429349,-0.02077689609938096
dim 910,910,0.10768673,NormVanDerWaalsVolume_group3_D75,-0.02316658100985838,0.47876639438251106,-0.07281909495357666,0.02581324070502679,0.531608961847602,0.04490428330978619,-0.04965251394371828
dim 910,910,0.10768673,NormVanDerWaalsVolume_group3_D100,-0.05408319963105623,0.09802342449051413,-0.007067484876265772,0.8289465534770588,0.12631104853330138,0.8630553268744939,0.04701571475479045
dim 910,910,0.10768673,Polarity_C1,-0.25269328658582835,4.077789031869926e-15,-0.06953569831006334,0.033315976872046786,1.704607680406202e-14,0.0561996781578971,0.183157588275765
dim 910,910,0.10768673,Polarity_C2,0.3861897618087012,1.084109457383078e-34,0.20162604770747825,4.733525890594319e-10,9.166900221922735e-34,3.040380091266351e-09,0.18456371410122294
dim 910,910,0.10768673,Polarity_C3,-0.4235505557519841,4.4169150985625445e-42,-0.25818201774884497,9.824633728385809e-16,4.852794878025953e-41,1.1161318589390681e-14,0.1653685380031391
dim 910,910,0.10768673,Polarity_T12,0.24504861185020715,2.798445334642442e-14,0.11463107642703427,0.00043839660044306096,1.1261213756271997e-13,0.0011377192272570501,0.1304175354231729
dim 910,910,0.10768673,Polarity_T13,-0.3384148789858746,1.5433445591255495e-26,-0.14305559465113957,1.1037612615745788e-05,1.0107393779371245e-25,3.773349655741139e-05,0.195359284334735
dim 910,910,0.10768673,Polarity_T23,-0.049485345941540276,0.13010844172802877,-0.08049060863290762,0.013717966251066449,0.16306273747527808,0.02541209499642925,-0.031005262691367344
dim 910,910,0.10768673,Polarity_group1_D0,0.0868720142380937,0.007798449452525001,-0.010048154385797486,0.7587095920513213,0.011850237111662195,0.8036829906011492,0.07682385985229621
dim 910,910,0.10768673,Polarity_group1_D25,0.17369002048223936,8.778392048725246e-08,0.06068690183942843,0.06332742029519921,2.2675815500960806e-07,0.1000537293216487,0.11300311864281093
dim 910,910,0.10768673,Polarity_group1_D50,-0.03404299984915714,0.29788369362419764,-0.10991624629668661,0.0007508317006556056,0.34630405036714934,0.0018439543236689138,-0.07587324644752948
dim 910,910,0.10768673,Polarity_group1_D75,-0.09430580505299258,0.003860615949842356,-0.16100557019999795,7.261689654383535e-07,0.006119818354282615,2.9980276199803473e-06,-0.06669976514700537
dim 910,910,0.10768673,Polarity_group1_D100,0.07121796324568722,0.029266898168578567,0.08464422672764618,0.009536627832656292,0.04096875099876463,0.018443738830962373,-0.013426263481958967
dim 910,910,0.10768673,Polarity_group2_D0,-0.1671341124681618,2.6687230113942225e-07,-0.09411770547521757,0.003932289719438592,6.59773120507528e-07,0.008392234928386517,0.07301640699294422
dim 910,910,0.10768673,Polarity_group2_D25,-0.27692789210082486,5.8724783483914356e-18,-0.12674732779627465,0.00010011455926576416,2.842619954148898e-17,0.00029006545939696274,0.1501805643045502
dim 910,910,0.10768673,Polarity_group2_D50,-0.06971939013127858,0.032851742673296935,0.03870300194848441,0.23657993457017545,0.04568060804696576,0.3138113508595655,0.031016388182794168
dim 910,910,0.10768673,Polarity_group2_D75,-0.07619650766712287,0.019664512232502256,0.030194239059627752,0.3558841493315755,0.028200717413721568,0.4400788814392677,0.046002268607495116
dim 910,910,0.10768673,Polarity_group2_D100,0.028722667830586218,0.37982352013034576,-0.01296979884424011,0.6917375550192006,0.4323826030113684,0.7491580524527011,0.01575286898634611
dim 910,910,0.10768673,Polarity_group3_D0,0.08378524876633356,0.010294002634345259,0.07894502661180865,0.015645117780848407,0.01541101246020312,0.028648406462737763,0.004840222154524912
dim 910,910,0.10768673,Polarity_group3_D25,0.30713439438655327,6.424958528532587e-22,0.12032095126170424,0.00022286380729782517,3.588521987508167e-21,0.0006106358624895292,0.18681344312484904
dim 910,910,0.10768673,Polarity_group3_D50,0.07404027134708172,0.023421241680685125,-0.05637222850734144,0.0845909737973926,0.0332456214251969,0.129246959049996,0.017668042839740272
dim 910,910,0.10768673,Polarity_group3_D75,0.13474287864145926,3.5047007234507384e-05,0.03366470387682463,0.3032879240309805,7.005206712343188e-05,0.38425496776268436,0.10107817476463463
dim 910,910,0.10768673,Polarity_group3_D100,-0.18151765529272706,2.2002863808612136e-08,-0.10589194559721565,0.0011695473428775243,5.979622873943412e-08,0.0027684536677611135,0.07562570969551141
dim 910,910,0.10768673,Polarizability_C1,0.3176524129365742,2.0652783212356521e-23,0.14808359103825655,5.31449260076372e-06,1.220890193438421e-22,1.9293918789729157e-05,0.16956882189831765
dim 910,910,0.10768673,Polarizability_C2,-0.38693110970856465,7.896589710166825e-35,-0.27875478707749013,3.488866419902433e-18,6.762720418450563e-34,4.6241324771722725e-17,0.10817632263107452
dim 910,910,0.10768673,Polarizability_C3,-0.13107674327141797,5.713591260882413e-05,0.055652684121169124,0.08864301516502579,0.00011225526359616035,0.13414937501186505,0.07542405915024884
dim 910,910,0.10768673,Polarizability_T12,0.15744821392749545,1.2765687711789254e-06,-0.051315303924768296,0.1164797278122525,2.9344388821318725e-06,0.1707074554159383,0.10613291000272715
dim 910,910,0.10768673,Polarizability_T13,0.15040283159799558,3.762628470648251e-06,0.18924005143823955,5.2888642707342134e-09,8.257016486179474e-06,2.9940350278393685e-08,-0.038837219840243964
dim 910,910,0.10768673,Polarizability_T23,-0.23798710144729773,1.565424702337444e-13,-0.0710291448846361,0.029699232054611377,6.044530064516835e-13,0.050765319888639714,0.16695795656266163
dim 910,910,0.10768673,Polarizability_group1_D0,-0.13856620997033658,2.076873143841246e-05,-0.07785252081909348,0.017147094545852625,4.245260893775864e-05,0.03104135272799337,0.0607136891512431
dim 910,910,0.10768673,Polarizability_group1_D25,-0.192073560752077,3.087444803007426e-09,-0.055221987232173995,0.09114222880110079,8.928195361077752e-09,0.13749550325007978,0.13685157351990299
dim 910,910,0.10768673,Polarizability_group1_D50,-0.05587420331796378,0.08737924231825259,0.0702364683773491,0.031574542287276415,0.11373603637683696,0.05355966035525812,-0.014362265059385329
dim 910,910,0.10768673,Polarizability_group1_D75,-0.11296476872627753,0.0005314514241801154,-0.014640761587539191,0.6544519077857834,0.0009371952253229068,0.718563238660262,0.09832400713873835
dim 910,910,0.10768673,Polarizability_group1_D100,-0.036360983132351234,0.26617761437404314,-0.06500847458783146,0.046658464022604575,0.3117227321210744,0.07632042262089962,-0.028647491455480227
dim 910,910,0.10768673,Polarizability_group2_D0,0.018324263179019716,0.5753346121585579,0.0516613969613456,0.11403284073363976,0.6241044509936938,0.1672681985289226,-0.03333713378232588
dim 910,910,0.10768673,Polarizability_group2_D25,0.1272017398330094,9.446891585673715e-05,0.017707807727477477,0.5882574355671506,0.00018196434772866325,0.6604301965695069,0.10949393210553192
dim 910,910,0.10768673,Polarizability_group2_D50,0.038523833855425106,0.23875860647481775,-0.10584256031582276,0.001175817950451612,0.2834887115627058,0.0027813257468189685,-0.06731872646039766
dim 910,910,0.10768673,Polarizability_group2_D75,-0.003999671874362959,0.9026861104199817,-0.06190279160020996,0.058203770053868356,0.9197594901777727,0.09276468888460435,-0.057903119725846997
dim 910,910,0.10768673,Polarizability_group2_D100,0.002856173750851294,0.9304233149881298,-0.02807951234130543,0.3905896038963482,0.9434164760353229,0.4755994447735338,-0.025223338590454135
dim 910,910,0.10768673,Polarizability_group3_D0,0.1642179988599866,4.3168001535194755e-07,0.10354649916507443,0.0015040051411868152,1.0447907617938441e-06,0.0034933081860667333,0.06067149969491219
dim 910,910,0.10768673,Polarizability_group3_D25,0.12085309436275629,0.00020887885469103872,0.0627366504687553,0.05489260817461197,0.0003875863192600385,0.08848518885289769,0.05811644389400099
dim 910,910,0.10768673,Polarizability_group3_D50,0.0138378043621518,0.672268756147844,-0.03461470046153276,0.2898391380882645,0.7137246171436106,0.3697718568429349,-0.02077689609938096
dim 910,910,0.10768673,Polarizability_group3_D75,-0.02316658100985838,0.47876639438251106,-0.07281909495357666,0.02581324070502679,0.531608961847602,0.04490428330978619,-0.04965251394371828
dim 910,910,0.10768673,Polarizability_group3_D100,-0.05408319963105623,0.09802342449051413,-0.007067484876265772,0.8289465534770588,0.12631104853330138,0.8630553268744939,0.04701571475479045
dim 910,910,0.10768673,Charge_C1,-0.24825658598693462,1.2570026654115264e-14,-0.11752793715523978,0.000311813123622686,5.13250477075122e-14,0.0008338317317051812,0.13072864883169483
dim 910,910,0.10768673,Charge_C2,0.43564691420612073,1.1095503051706978e-44,0.2912064913359689,9.032659351431598e-20,1.3188249178897263e-43,1.3902802872710387e-18,0.14444042287015185
dim 910,910,0.10768673,Charge_C3,-0.4729623934857605,2.1406643435789245e-53,-0.3444473373736605,1.7147009903496246e-27,3.2948474228357644e-52,5.0237730769892514e-26,0.1285150561121
dim 910,910,0.10768673,Charge_T12,-0.20146977150422887,4.884691451630258e-10,-0.10110223214432713,0.0019443935448124833,1.5022900044608713e-09,0.004396935978113537,0.10036753935990174
dim 910,910,0.10768673,Charge_T13,-0.32342779138173705,2.947774282869612e-24,-0.18042771721856582,2.6776535820077966e-08,1.7901029281426372e-23,1.3887209571282672e-07,0.14300007416317123
dim 910,910,0.10768673,Charge_T23,-0.4626220356143809,7.154842540904342e-51,-0.3406901688202951,6.776440163176885e-27,9.998817609464645e-50,1.8401065158545362e-25,0.1219318667940858
dim 910,910,0.10768673,Charge_group1_D0,0.010458483997127241,0.7491803218745182,-0.009337831967094725,0.7752917729051578,0.786627562106536,0.8186767377499928,0.0011206520300325162
dim 910,910,0.10768673,Charge_group1_D25,0.04944149858580014,0.13044954236814152,-0.019829701361813366,0.5443517119063865,0.1634289090433581,0.6198890957270136,0.029611797223986772
dim 910,910,0.10768673,Charge_group1_D50,-0.0002496374952612457,0.9939111489057293,-0.01912970864796995,0.5586546601139096,0.9954012705682566,0.6331545859451843,-0.018880071152708705
dim 910,910,0.10768673,Charge_group1_D75,0.054187961236446876,0.09737357422443621,0.00550076245247608,0.8664594912003901,0.1255705551774583,0.8926510489232891,0.04868719878397079
dim 910,910,0.10768673,Charge_group1_D100,-0.03613045391612006,0.2692228218478417,-0.005983030644763212,0.8548761218071156,0.3150680535990859,0.8828961802213252,0.03014742327135685
dim 910,910,0.10768673,Charge_group2_D0,0.009212537454234358,0.7782276066478364,0.016258757133809365,0.6191492273928495,0.8130372868951434,0.6877148052850407,-0.007046219679575007
dim 910,910,0.10768673,Charge_group2_D25,-0.17640826844015298,5.467033089298398e-08,-0.10742992512352358,0.000989042058729862,1.4348848447088619e-07,0.002379971524609322,0.0689783433166294
dim 910,910,0.10768673,Charge_group2_D50,0.003823193628501648,0.9069599750983808,0.005643517757665443,0.8630276186972352,0.9232692218313294,0.8902137882794211,-0.001820324129163795
dim 910,910,0.10768673,Charge_group2_D75,-0.02583605412464723,0.42956890330722025,-0.011840144276254924,0.7173810985885583,0.4824344778231727,0.7694453658592757,0.013995909848392307
dim 910,910,0.10768673,Charge_group2_D100,0.11327281235348309,0.0005129710680236616,0.029454930516852183,0.36779002244172465,0.0009074805970333844,0.4513237326715962,0.08381788183663091
dim 910,910,0.10768673,Charge_group3_D0,0.2729333141914254,1.8087751961669112e-17,0.30873265303312797,3.844863719076007e-22,8.569232844251749e-17,7.338197040979352e-21,-0.035799338841702555
dim 910,910,0.10768673,Charge_group3_D25,0.27259331361018513,1.9888256311906924e-17,0.1958321059127003,1.492864663095401e-09,9.395583604210626e-17,9.00030320349935e-09,0.07676120769748482
dim 910,910,0.10768673,Charge_group3_D50,0.057106736784851266,0.08061032637904342,0.05265349491259922,0.10724220454864106,0.10558372161019805,0.15849069167808014,0.004453241872252045
dim 910,910,0.10768673,Charge_group3_D75,-0.021106893847445983,0.5187320921151153,-0.011564567818279532,0.7236866631705728,0.5694084841125143,0.7754614870034371,0.00954232602916645
dim 910,910,0.10768673,Charge_group3_D100,-0.17714934165790416,4.7987230398069703e-08,-0.11252555352204835,0.0005588742233768323,1.2680170057717786e-07,0.001408784834776317,0.06462378813585581
dim 910,910,0.10768673,SecondaryStructure_C1,-0.4747202638262177,7.812489448369246e-54,-0.335120728375998,5.0203625241504786e-26,1.2136611515141062e-52,1.289846986974046e-24,0.1395995354502197
dim 910,910,0.10768673,SecondaryStructure_C2,0.344895428370154,1.4536650730590993e-27,0.2869046485173247,3.259054374937112e-19,9.888475242397946e-27,4.774228777320155e-18,0.0579907798528293
dim 910,910,0.10768673,SecondaryStructure_C3,0.3975722003957868,7.631684997872755e-37,0.2252194678079317,3.065970508258486e-12,6.96443385051776e-36,2.479501573264732e-11,0.17235273258785508
dim 910,910,0.10768673,SecondaryStructure_T12,-0.2645506890063403,1.805327662265942e-16,-0.11636424585904022,0.0003578819938577265,8.104562354796029e-16,0.000947919000384462,0.14818644314730012
dim 910,910,0.10768673,SecondaryStructure_T13,-0.30498027218717166,1.2771520279805146e-21,-0.1998667185728414,6.733594741295632e-10,7.074109077039666e-21,4.243435176590077e-09,0.10511355361433025
dim 910,910,0.10768673,SecondaryStructure_T23,0.4475941119937484,2.3541844960028766e-47,0.3094704906221653,3.0302140282428157e-22,3.035898153146567e-46,5.850239800191332e-21,0.13812362137158307
dim 910,910,0.10768673,SecondaryStructure_group1_D0,0.022812817317888485,0.4855091133598116,-0.006686717292285386,0.838031143947331,0.5379103783686637,0.8695321592991878,0.0161261000256031
dim 910,910,0.10768673,SecondaryStructure_group1_D25,-0.12724726101472164,9.39202064463444e-05,-0.12024585543377271,0.00022490659150987006,0.00018101182315683227,0.0006157278816745623,0.00700140558094893
dim 910,910,0.10768673,SecondaryStructure_group1_D50,-0.1818385753255449,2.0762130156987974e-08,-0.1302813599859624,6.342103406046384e-05,5.665483229112731e-08,0.000190320084242542,0.05155721533958249
dim 910,910,0.10768673,SecondaryStructure_group1_D75,-0.10315267610708265,0.0015681163451737915,-0.028551203768451626,0.38267577870456143,0.002604429931815248,0.4668879847152248,0.07460147233863101
dim 910,910,0.10768673,SecondaryStructure_group1_D100,-0.11662420721013658,0.0003470705879263416,-0.04403862130934775,0.17801363813546997,0.0006269420030686754,0.2465031307514385,0.07258558590078884
dim 910,910,0.10768673,SecondaryStructure_group2_D0,0.007053307087121134,0.8292844149245597,-0.0347452503473421,0.288022809478977,0.8591221916402076,0.368157743459542,-0.027691943260220963
dim 910,910,0.10768673,SecondaryStructure_group2_D25,0.11524714933036402,0.0004080176932004264,0.15820951396426094,1.1325635370783587e-06,0.0007287588744863231,4.557544835953878e-06,-0.042962364633896924
dim 910,910,0.10768673,SecondaryStructure_group2_D50,0.04887802176694647,0.13489487348053558,0.03708924591446792,0.2567134035504542,0.16849247472886644,0.33558621051213977,0.011788775852478554
dim 910,910,0.10768673,SecondaryStructure_group2_D75,0.07735515208215205,0.01787172984310203,-0.002233443628596318,0.9455662852546992,0.025784698780112643,0.9596449081588257,0.07512170845355573
dim 910,910,0.10768673,SecondaryStructure_group2_D100,0.12983336981856167,6.724312350482192e-05,0.10259492938545628,0.0016632174529168644,0.00013172553226164528,0.003825858328334936,0.027238440433105388
dim 910,910,0.10768673,SecondaryStructure_group3_D0,-0.1386118768466677,2.0637606619485837e-05,-0.09442391262858055,0.0038162197631909584,4.221041402883202e-05,0.008165390140331711,0.044187964218087156
dim 910,910,0.10768673,SecondaryStructure_group3_D25,-0.030508369466391145,0.3508996733548574,-0.01771050268157937,0.5882006505933113,0.4022332493124242,0.6604301965695069,0.012797866784811776
dim 910,910,0.10768673,SecondaryStructure_group3_D50,0.16806430871954786,2.2851469969050216e-07,0.11540775616210269,0.0004004271186960367,5.683090818810702e-07,0.001053091792476191,0.05265655255744517
dim 910,910,0.10768673,SecondaryStructure_group3_D75,0.02506343230504507,0.4434982059521995,-0.0008505145257685981,0.9792574268027675,0.49640884982585337,0.9848599233728526,0.02421291777927647
dim 910,910,0.10768673,SecondaryStructure_group3_D100,0.048927339936160004,0.13450118918505669,-0.0067016991930288865,0.8376732803448103,0.16812648648132084,0.869430937337373,0.04222564074313112
dim 910,910,0.10768673,SolventAccessibility_C1,-0.18138699585602971,2.2528340993272217e-08,-0.15509098265993748,1.8426419133735613e-06,6.117451944514569e-08,7.20658546916592e-06,0.026296013196092233
dim 910,910,0.10768673,SolventAccessibility_C2,-0.4028684134431842,7.113094582513036e-38,-0.24733630692793465,1.5832698570977767e-14,6.8073741849838224e-37,1.6371892639958434e-13,0.15553210651524954
dim 910,910,0.10768673,SolventAccessibility_C3,0.5551626697940784,7.248260875692467e-77,0.42548258991512566,1.7254558846990648e-42,2.6899101472014265e-75,1.5165849091828622e-40,0.1296800798789527
dim 910,910,0.10768673,SolventAccessibility_T12,-0.48989741076412857,1.0124010353188772e-57,-0.3419389219154463,4.300784885759892e-27,1.8377279662853532e-56,1.19705179320317e-25,0.1479584888486823
dim 910,910,0.10768673,SolventAccessibility_T13,0.44596321519010407,5.534511486283673e-47,0.3260053870974422,1.2194965130455623e-24,7.001995592495253e-46,2.770828811953863e-23,0.11995782809266187
dim 910,910,0.10768673,SolventAccessibility_T23,0.12466321373501019,0.0001303282566216818,0.13116181108992603,5.649972831472298e-05,0.0002484568362536628,0.0001717710636837157,-0.0064985973549158416
dim 910,910,0.10768673,SolventAccessibility_group1_D0,-0.07645732455079912,0.019247813808173135,-0.06976864307766076,0.032728212561907416,0.027638735218958845,0.05529197266402163,0.006688681473138364
dim 910,910,0.10768673,SolventAccessibility_group1_D25,-0.3007864011019279,4.78664027689601e-21,-0.2359900530292724,2.5222122136460074e-13,2.5995737438752314e-20,2.2954192898031785e-12,0.0647963480726555
dim 910,910,0.10768673,SolventAccessibility_group1_D50,-0.25961454796277217,6.738504024453439e-16,-0.17256069122050838,1.0663982663903892e-07,2.9458905028369747e-15,5.066529459095164e-07,0.08705385674226379
dim 910,910,0.10768673,SolventAccessibility_group1_D75,-0.16829748283379264,2.1976740796336885e-07,-0.07885591794535084,0.015763143233015347,5.473699795657359e-07,0.028832439636524022,0.08944156488844181
dim 910,910,0.10768673,SolventAccessibility_group1_D100,0.06394438494785402,0.05037607390173326,0.05850718975819192,0.07344191029102042,0.068202710511467,0.11425057306567683,0.005437195189662104
dim 910,910,0.10768673,SolventAccessibility_group2_D0,0.11788744389141867,0.0002987419257922776,0.1374142739422129,2.4350593572779882e-05,0.0005446495808658336,7.87328001288333e-05,-0.019526830050794225
dim 910,910,0.10768673,SolventAccessibility_group2_D25,0.3013339625533913,4.0331762545232e-21,0.13803363709281996,2.2357576454971664e-05,2.1939427834051282e-20,7.285298083863937e-05,0.16330032546057133
dim 910,910,0.10768673,SolventAccessibility_group2_D50,0.10810583780930437,0.0009181713026166034,0.01237633268677069,0.7051676596803441,0.001577516538446222,0.7588194364206149,0.09572950512253368
dim 910,910,0.10768673,SolventAccessibility_group2_D75,0.16265053685205993,5.570891430299779e-07,0.06209617904601738,0.05742145117390232,1.3319096189836264e-06,0.09198448293565167,0.10055435780604255
dim 910,910,0.10768673,SolventAccessibility_group2_D100,-0.1695814037099416,1.770959373885766e-07,-0.07961416931817268,0.014783361051939609,4.4473716607356835e-07,0.027189661846629014,0.08996723439176892
dim 910,910,0.10768673,SolventAccessibility_group3_D0,0.12126731872801778,0.00019856703832617657,0.04123464374441298,0.20728625262711334,0.00037009704688026215,0.28052515550022633,0.0800326749836048
dim 910,910,0.10768673,SolventAccessibility_group3_D25,0.11913715688179766,0.000257182632944937,0.1392571887323801,1.8866804519237862e-05,0.0004719725241956536,6.220644333095208e-05,-0.020120031850582448
dim 910,910,0.10768673,SolventAccessibility_group3_D50,0.12963825962556683,6.897487336587498e-05,0.0979969362661982,0.0026736999694212562,0.00013480168346519743,0.005878971624665566,0.03164132335936863
dim 910,910,0.10768673,SolventAccessibility_group3_D75,-0.09389116815940779,0.004020210250603248,-0.07440808916676991,0.02273949144983401,0.006348700821283616,0.04007262988346442,0.019483078992637876
dim 910,910,0.10768673,SolventAccessibility_group3_D100,0.17835809872001335,3.874816045089105e-08,0.1034184111276407,0.0015245873557533562,1.0336969321563586e-07,0.00353865307033788,0.07493968759237264
dim 855,855,0.10494745,AAC_A,-0.1673179611758368,2.588294975043829e-07,-0.24347615712995968,4.125556237396249e-14,6.408380442287908e-07,4.0767330866578316e-13,-0.07615819595412288
dim 855,855,0.10494745,AAC_C,0.09510368394615708,0.003569579837332091,0.06903092808451411,0.03462061118768749,0.005688166343840259,0.05816541316241259,0.02607275586164297
dim 855,855,0.10494745,AAC_D,-0.17316450367276567,9.611839048357374e-08,-0.09914105232610346,0.0023800420065226767,2.4752152984975814e-07,0.005288982236717059,0.07402345134666222
dim 855,855,0.10494745,AAC_E,-0.29623602892332557,1.9590086229460542e-20,-0.15368190956450656,2.288771219404235e-06,1.0320329338548615e-19,8.827362439734577e-06,0.142554119358819
dim 855,855,0.10494745,AAC_F,0.0734425903776253,0.02456682985346406,0.14184010695329533,1.3122876518534058e-05,0.0348421281148917,4.4407707772952134e-05,-0.06839751657567003
dim 855,855,0.10494745,AAC_G,-0.0444260122137239,0.17422389560480636,-0.12744501829504382,9.157114947927714e-05,0.21315304443957997,0.00026711584214915776,-0.08301900608131992
dim 855,855,0.10494745,AAC_H,-0.2139691147914991,3.647376277621476e-11,-0.07895206569472028,0.015635827600936274,1.2218893447598525e-10,0.028647100486630363,0.1350170490967788
dim 855,855,0.10494745,AAC_I,0.04262541854556323,0.19235830099183127,0.1543060143685452,2.079695817647179e-06,0.23295022672687327,8.086360920770172e-06,-0.11168059582298198
dim 855,855,0.10494745,AAC_K,-0.005098268091769509,0.8761488905176905,0.1560531411080214,1.5873152751664778e-06,0.8984762954648715,6.25192573001891e-06,-0.1509548730162519
dim 855,855,0.10494745,AAC_L,-0.12750761915288694,9.08391663284468e-05,-0.009877555321353034,0.7626823795932745,0.00017527603439457674,0.8068923496488871,0.1176300638315339
dim 855,855,0.10494745,AAC_M,-0.13447324230536292,3.634543187317781e-05,-0.04506515968451872,0.16810329102934823,7.243063392387463e-05,0.2347261672399762,0.08940808262084421
dim 855,855,0.10494745,AAC_N,0.17285971933256064,1.0129725856914607e-07,0.1827865398713644,1.7480301058345474e-08,2.6045638461966734e-07,9.32655040493193e-08,-0.009926820538803754
dim 855,855,0.10494745,AAC_P,0.11422776820510883,0.0004594118765059972,-0.06707915989075,0.040082733077198986,0.0008144562991136043,0.06647285425910855,0.047148608314358825
dim 855,855,0.10494745,AAC_Q,0.1042926617848171,0.001389101399587337,0.14770127830304206,5.622990918460899e-06,0.002327947152344057,2.0347551102556236e-05,-0.04340861651822496
dim 855,855,0.10494745,AAC_R,-0.13083193160612389,5.9004761293037846e-05,-0.18709524923860063,7.905817581050455e-09,0.00011579077715555017,4.40825220712997e-08,-0.056263317632476745
dim 855,855,0.10494745,AAC_S,0.19587697512629082,1.4798410820489348e-09,0.029094308584933365,0.3736863215918519,4.393483745816393e-09,0.45751917672902687,0.16678266654135745
dim 855,855,0.10494745,AAC_T,0.33356793427211895,8.710912079525837e-26,0.19070349882682916,4.009338656667897e-09,5.61668848370971e-25,2.3128136637773362e-08,0.1428644354452898
dim 855,855,0.10494745,AAC_V,-0.10627557867777468,0.0011218769038653113,-0.10370375696191167,0.0014790852799498584,0.0018991732685809122,0.0034426096411376496,0.0025718217158630097
dim 855,855,0.10494745,AAC_W,-0.0059417078137928795,0.8558674496749711,-0.05836954766531889,0.07412254714870942,0.8817388284745229,0.11514851510543694,-0.05242783985152601
dim 855,855,0.10494745,AAC_Y,0.22614664088567607,2.4849865509301197e-12,0.26741214995333606,8.306757615119291e-17,8.886354475488865e-12,1.0052380592209575e-15,-0.041265509067659994
dim 855,855,0.10494745,Hydrophobicity_C1,-0.136345264687359,2.8193260880144306e-05,0.045523920752257946,0.16381047074752927,5.693197783535791e-05,0.2292111320891277,0.09082134393510105
dim 855,855,0.10494745,Hydrophobicity_C2,0.13718930133366805,2.5115440066020414e-05,-0.06631969591589787,0.042397112368180515,5.099426736809008e-05,0.06992906435048045,0.07086960541777018
dim 855,855,0.10494745,Hydrophobicity_C3,-0.10353160547412738,0.001506385178904544,0.07041549134395209,0.031142372042520464,0.002510641964840907,0.0529071834293074,0.03311611413017529
dim 855,855,0.10494745,Hydrophobicity_T12,-0.23268466631262347,5.501658764714412e-13,-0.21093329114235015,6.953437509489449e-11,2.0485552145090456e-12,4.879092706238395e-10,0.021751375170273313
dim 855,855,0.10494745,Hydrophobicity_T13,-0.0773098523088306,0.01793904087616904,0.12497468089922521,0.00012532350918993722,0.025870637532989894,0.0003592965842870303,-0.047664828590394615
dim 855,855,0.10494745,Hydrophobicity_T23,-0.06678931742463537,0.04095304962027573,-0.15066209685455634,3.6189803259983203e-06,0.055966933605450464,1.3460349987566136e-05,-0.08387277942992097
dim 855,855,0.10494745,Hydrophobicity_group1_D0,0.11623024689457517,0.0003635768477925232,0.13017907741467064,6.427514178790466e-05,0.0006542816118680105,0.00019253719602834222,-0.013948830520095462
dim 855,855,0.10494745,Hydrophobicity_group1_D25,0.15908788524219394,9.857846484784503e-07,0.002053725384933793,0.949940402659667,2.2976418185052506e-06,0.9629137920738353,0.15703415985726016
dim 855,855,0.10494745,Hydrophobicity_group1_D50,-0.017626381154394053,0.5899743540905064,-0.10745221701810569,0.0009866262522233284,0.6372413189678001,0.0023758699945392336,-0.08982583586371164
dim 855,855,0.10494745,Hydrophobicity_group1_D75,-0.012388947173251483,0.7048812203997619,-0.11237486898031629,0.0005685815753112943,0.7438556954613601,0.0014267937351913774,-0.09998592180706481
dim 855,855,0.10494745,Hydrophobicity_group1_D100,-0.18592510670221715,9.82516376903535e-09,-0.11366158943748464,0.0004905008367478397,2.7438166378409756e-08,0.001254420210365838,0.07226351726473251
dim 855,855,0.10494745,Hydrophobicity_group2_D0,0.06758991949881195,0.038587175921690316,0.14552270187774566,7.73473206719343e-06,0.05297211984317536,2.733757153907519e-05,-0.07793278237893371
dim 855,855,0.10494745,Hydrophobicity_group2_D25,-0.1515952268612239,3.144191229025009e-06,-0.010491836888642697,0.748407408032229,6.959309943633883e-06,0.7948110470040207,0.1411033899725812
dim 855,855,0.10494745,Hydrophobicity_group2_D50,0.0435131342701795,0.18325179042411613,0.12255168521143486,0.0001695477757391444,0.22305429300894603,0.0004754740310400859,-0.07903855094125536
dim 855,855,0.10494745,Hydrophobicity_group2_D75,-0.025433986291043504,0.4367857231658909,0.056554614463161255,0.08358801539032243,0.4897161179503443,0.12789004645152402,-0.03112062817211775
dim 855,855,0.10494745,Hydrophobicity_group2_D100,-0.1033107361741444,0.0015420894867269198,-0.16662386231896667,2.9047691002540395e-07,0.002564160466833285,1.3022723214561733e-06,-0.06331312614482228
dim 855,855,0.10494745,Hydrophobicity_group3_D0,0.1479938252958774,5.385439149083814e-06,0.04395362146246139,0.17885330428139218,1.1687697698466496e-05,0.24746066126754343,0.10404020383341601
dim 855,855,0.10494745,Hydrophobicity_group3_D25,0.0684316124334733,0.03622594833303565,-0.06523498691281321,0.045897595007141016,0.04995651008767096,0.07518291678462531,0.003196625520660093
dim 855,855,0.10494745,Hydrophobicity_group3_D50,-0.03011791157745042,0.3571019778308348,-0.09933762846589933,0.0023326618491891046,0.40846596094348914,0.005190599984204936,-0.06921971688844891
dim 855,855,0.10494745,Hydrophobicity_group3_D75,-0.0907112092506101,0.005457095128907982,-0.11319173638442764,0.0005177761614641932,0.008481478701978903,0.0013171152926811922,-0.02248052713381754
dim 855,855,0.10494745,Hydrophobicity_group3_D100,-0.10166690653299798,0.0018332654346512876,-0.12491496058057354,0.00012626887454571768,0.003016308646175025,0.0003610283607360415,-0.02324805404757556
dim 855,855,0.10494745,NormVanDerWaalsVolume_C1,0.09466878126112158,0.003725646871720365,-0.11788077775091167,0.0002989795643885058,0.005919914629660333,0.0008007953047775538,-0.023211996489790096
dim 855,855,0.10494745,NormVanDerWaalsVolume_C2,-0.102846258300053,0.0016197261059121648,0.08873690362495112,0.006567494196196631,0.0026834747984854318,0.013150737778954886,0.014109354675101882
dim 855,855,0.10494745,NormVanDerWaalsVolume_C3,-0.056727797420906986,0.08264458553936323,0.10606522103266512,0.001147789235068537,0.1079518637862625,0.002726611696393253,-0.049337423611758136
dim 855,855,0.10494745,NormVanDerWaalsVolume_T12,-0.15572495002246214,1.6703318078800746e-06,-0.24950666214378556,9.173748864217297e-15,3.795175672326156e-06,9.820615771309542e-14,-0.09378171212132341
dim 855,855,0.10494745,NormVanDerWaalsVolume_T13,0.008733602683800037,0.78947856367106,0.019175425529364697,0.5577149900705795,0.8219633424754802,0.6323041638953616,-0.01044182284556466
dim 855,855,0.10494745,NormVanDerWaalsVolume_T23,-0.02025541569596797,0.5357428618492064,0.16336015861341044,4.964894972985866e-07,0.5859139353557137,2.128722619996507e-06,-0.14310474291744246
dim 855,855,0.10494745,NormVanDerWaalsVolume_group1_D0,0.03445076527812012,0.29213083553466623,0.1094926961752865,0.0007872306754027488,0.33997107689400186,0.0019290905765555252,-0.07504193089716638
dim 855,855,0.10494745,NormVanDerWaalsVolume_group1_D25,-0.05431048886041016,0.09661788633171202,0.07375592236285224,0.02396035470039112,0.12474052583993744,0.04197674509092361,-0.01944543350244208
dim 855,855,0.10494745,NormVanDerWaalsVolume_group1_D50,0.11533621583655158,0.0004037918310013021,0.17248794137871745,1.0798021538125262e-07,0.0007222787518217575,5.122924991099202e-07,-0.05715172554216587
dim 855,855,0.10494745,NormVanDerWaalsVolume_group1_D75,0.07796875833874331,0.01698150089894045,0.16213551479088537,6.054653978243271e-07,0.024638667681347134,2.5341534194652285e-06,-0.08416675645214206
dim 855,855,0.10494745,NormVanDerWaalsVolume_group1_D100,-0.05588023014590742,0.0873450629935451,-0.11443995791752828,0.0004482410041172701,0.11373587150036671,0.0011605619796524668,-0.05855972777162086
dim 855,855,0.10494745,NormVanDerWaalsVolume_group2_D0,0.08225222521810074,0.011779364346329733,0.07301854978272876,0.025408705844611912,0.01746252859154075,0.04431596737389232,0.009233675435371985
dim 855,855,0.10494745,NormVanDerWaalsVolume_group2_D25,0.12743432496707713,9.169673994263773e-05,0.011372776389068974,0.7280862185599021,0.00017682858626351616,0.7788565298466339,0.11606154857800816
dim 855,855,0.10494745,NormVanDerWaalsVolume_group2_D50,-0.04700491392263398,0.15051467815341124,-0.08402669654705973,0.010075891214236654,0.1864783184298215,0.019430413773412484,-0.03702178262442575
dim 855,855,0.10494745,NormVanDerWaalsVolume_group2_D75,0.056646688812769665,0.08308535367726934,0.05202498219750415,0.11150599154076248,0.10848517641989038,0.16384954322311776,0.004621706615265515
dim 855,855,0.10494745,NormVanDerWaalsVolume_group2_D100,-0.10803143186685495,0.0009257361665559894,-0.06614934761635248,0.042931445719692096,0.0015864334511529012,0.07070563545550869,0.041882084250502466
dim 855,855,0.10494745,NormVanDerWaalsVolume_group3_D0,0.15287767158516322,2.588037598064314e-06,0.10131131273744455,0.0019025457939181212,5.774245542775424e-06,0.004308137594363746,0.051566358847718666
dim 855,855,0.10494745,NormVanDerWaalsVolume_group3_D25,-0.045415618898351634,0.1648163829542831,-0.1063054787367087,0.001118237893948534,0.2027575392513096,0.0026639904178231834,-0.06088985983835707
dim 855,855,0.10494745,NormVanDerWaalsVolume_group3_D50,-0.13187648140877412,5.141338037331424e-05,-0.1811783744445056,2.3392665678202524e-08,0.00010154978737248347,1.2284827573144094e-07,-0.04930189303573149
dim 855,855,0.10494745,NormVanDerWaalsVolume_group3_D75,-0.2567814565465636,1.4172296153011646e-15,-0.31252912964245766,1.1211570369667626e-22,6.084250533555129e-15,2.189862282730402e-21,-0.05574767309589407
dim 855,855,0.10494745,NormVanDerWaalsVolume_group3_D100,-0.09414387220425582,0.003922247385064019,-0.05844012678704042,0.07377289483133184,0.006211556335978978,0.11465866390723517,0.0357037454172154
dim 855,855,0.10494745,Polarity_C1,-0.012975137098718746,0.6916171812397698,0.18257534511328163,1.816478813439186e-08,0.7321715959875851,9.645531378198539e-08,-0.16960020801456288
dim 855,855,0.10494745,Polarity_C2,0.11543590608096418,0.00039911034488539465,-0.10436396617329204,0.001378555177570929,0.000714377573374715,0.0032220953765478674,0.011071939907672149
dim 855,855,0.10494745,Polarity_C3,-0.17163769660794606,1.249036628060612e-07,0.022280253752839693,0.49575577417587097,3.179712147654302e-07,0.574141569260544,0.14935744285510638
dim 855,855,0.10494745,Polarity_T12,0.03265541999070981,0.3180227785742392,-0.10219021192896198,0.0017355116740561758,0.3670338909599029,0.003972675584268852,-0.06953479193825217
dim 855,855,0.10494745,Polarity_T13,-0.07305182086380968,0.02534176111089643,0.15214493873944504,2.8930557001274968e-06,0.03584984418059893,1.0955562401843355e-05,-0.07909311787563536
dim 855,855,0.10494745,Polarity_T23,-0.24906891245511936,1.0245508797070688e-14,-0.28627303619892225,3.9274044071024835e-19,4.193627375271581e-14,5.629841510610427e-18,-0.037204123743802886
dim 855,855,0.10494745,Polarity_group1_D0,0.1507972490002226,3.5461947825374445e-06,0.07802013741565289,0.016908753175625246,7.797426315783453e-06,0.030693062829667564,0.0727771115845697
dim 855,855,0.10494745,Polarity_group1_D25,0.026391582556618554,0.4197122656783548,-0.0820943976131335,0.011942571517692149,0.4724769017073492,0.022535699926040553,-0.05570281505651495
dim 855,855,0.10494745,Polarity_group1_D50,-0.05819041270168515,0.07501606501085101,-0.12068660228053776,0.0002131633375534803,0.09903306606175587,0.0005884012788666315,-0.06249618957885261
dim 855,855,0.10494745,Polarity_group1_D75,-0.15389907244009035,2.213833834748357e-06,-0.21063450608089984,7.405445467928363e-11,4.975911849299807e-06,5.185364331840824e-10,-0.05673543364080949
dim 855,855,0.10494745,Polarity_group1_D100,-0.03663423536434098,0.2625988135205481,-0.03364372660448591,0.3035894915343851,0.3079634961933394,0.3843779005780312,0.0029905087598550706
dim 855,855,0.10494745,Polarity_group2_D0,0.049688633168838314,0.12853603713022235,0.1287115287957257,7.779128287018126e-05,0.16139487368982808,0.00023033943686738068,-0.07902289562688739
dim 855,855,0.10494745,Polarity_group2_D25,-0.1131247875334874,0.0005217755275489321,0.03458970093325307,0.29018783066396614,0.0009220795037108113,0.37007535487500837,0.07853508660023432
dim 855,855,0.10494745,Polarity_group2_D50,0.06961626783775633,0.033111672471880356,0.17120475081510167,1.344784148064591e-07,0.046003737960099995,6.273155104100187e-07,-0.10158848297734534
dim 855,855,0.10494745,Polarity_group2_D75,0.010666788413401079,0.7443572631509802,0.10541936453013398,0.0012308380606283348,0.781809200919583,0.0028991531188283766,-0.0947525761167329
dim 855,855,0.10494745,Polarity_group2_D100,-0.08055683786282376,0.013640280684257594,-0.12194070819907465,0.00018281654945600197,0.020061002855755333,0.000509688877448286,-0.04138387033625089
dim 855,855,0.10494745,Polarity_group3_D0,0.10979353827211352,0.000761213092074377,0.10637625187434283,0.0011096677701864619,0.0013173325013100619,0.0026473502517305593,0.003417286397770697
dim 855,855,0.10494745,Polarity_group3_D25,0.1647046645459747,3.9861978824231196e-07,-0.015396976315811934,0.6378498201378716,9.711087474320363e-07,0.7040378054396865,0.14930768823016277
dim 855,855,0.10494745,Polarity_group3_D50,-0.028843206769654916,0.3778262199095254,-0.14595899256353767,7.258914909418946e-06,0.4302555658021871,2.5847308952515225e-05,-0.11711578579388275
dim 855,855,0.10494745,Polarity_group3_D75,-0.014446924215942224,0.6587354980681919,-0.11172765025939044,0.000612086042061555,0.701139758938101,0.001524509605134671,-0.09728072604344822
dim 855,855,0.10494745,Polarity_group3_D100,-0.18663286902928614,8.61624662091905e-09,-0.12445457578527494,0.00013378523636516183,2.4203754174827273e-08,0.00037964544559017886,0.062178293244011196
dim 855,855,0.10494745,Polarizability_C1,0.06733015947547387,0.039341755836718645,-0.1197739177845153,0.00023815149582762525,0.053919353506212665,0.0006498578399217878,-0.052443758309041424
dim 855,855,0.10494745,Polarizability_C2,-0.053540433738326315,0.10144584421999481,0.08136335041420942,0.012724928800940569,0.1302687888099895,0.02385031548548906,-0.027822916675883103
dim 855,855,0.10494745,Polarizability_C3,-0.056727797420906986,0.08264458553936323,0.10606522103266512,0.001147789235068537,0.1079518637862625,0.002726611696393253,-0.049337423611758136
dim 855,855,0.10494745,Polarizability_T12,0.0669535257915681,0.040458035067461505,-0.11863939740280352,0.0002730410617644402,0.05535839292311406,0.0007372329396064917,-0.05168587161123542
dim 855,855,0.10494745,Polarizability_T13,-0.002961707801652662,0.927859375415841,0.016303028459611783,0.6181950197494953,0.9411024336133947,0.686883355277217,-0.013341320657959121
dim 855,855,0.10494745,Polarizability_T23,-0.012878984550563891,0.6937865410517512,0.16121083401239233,7.026458083417094e-07,0.7337857793415725,2.9189514923648126e-06,-0.14833184946182845
dim 855,855,0.10494745,Polarizability_group1_D0,0.02854786355787724,0.38273147203758684,0.09206643756998534,0.004795997505533884,0.4355445031023987,0.01002417501156644,-0.0635185740121081
dim 855,855,0.10494745,Polarizability_group1_D25,-0.08132276926929925,0.012769655644511869,0.044221413953810025,0.17621786150139487,0.018830308985726112,0.2445233308743909,0.03710135531548923
dim 855,855,0.10494745,Polarizability_group1_D50,-0.009449497069050027,0.7726779945306127,0.09744510355923648,0.0028268402035408068,0.8079976523895575,0.006179087879467471,-0.08799560649018645
dim 855,855,0.10494745,Polarizability_group1_D75,0.04889895208643449,0.13472768788791173,0.14454419855911632,8.912473839786197e-06,0.16834660589061923,3.110518560594138e-05,-0.09564524647268183
dim 855,855,0.10494745,Polarizability_group1_D100,-0.05783382936735887,0.07682082596384873,-0.08176957186705253,0.012284780840208714,0.10129552258952024,0.023117329215156194,-0.023935742499693657
dim 855,855,0.10494745,Polarizability_group2_D0,0.054523397797377776,0.09531591954631882,0.08347161016683449,0.010583587213581163,0.12310718147127024,0.020257410483301482,-0.028948212369456716
dim 855,855,0.10494745,Polarizability_group2_D25,0.16615970336115088,3.136879931915577e-07,0.08127626521710293,0.012821081216013861,7.709476801028718e-07,0.024017056231904824,0.08488343814404795
dim 855,855,0.10494745,Polarizability_group2_D50,0.10307699572759005,0.0015807206327470018,-0.005405257111208635,0.868756871222966,0.0026240591020750426,0.8941904313974441,0.09767173861638141
dim 855,855,0.10494745,Polarizability_group2_D75,0.07696348494184407,0.018461078472752024,0.036235649012201464,0.2678302839342371,0.026566136190862455,0.34605537653398527,0.04072783592964261
dim 855,855,0.10494745,Polarizability_group2_D100,-0.016653787558050397,0.6106577072073024,-0.042862024285500386,0.18989926608734528,0.655397410691642,0.2602640741615647,-0.02620823672744999
dim 855,855,0.10494745,Polarizability_group3_D0,0.15287767158516322,2.588037598064314e-06,0.10131131273744455,0.0019025457939181212,5.774245542775424e-06,0.004308137594363746,0.051566358847718666
dim 855,855,0.10494745,Polarizability_group3_D25,-0.045415618898351634,0.1648163829542831,-0.1063054787367087,0.001118237893948534,0.2027575392513096,0.0026639904178231834,-0.06088985983835707
dim 855,855,0.10494745,Polarizability_group3_D50,-0.13187648140877412,5.141338037331424e-05,-0.1811783744445056,2.3392665678202524e-08,0.00010154978737248347,1.2284827573144094e-07,-0.04930189303573149
dim 855,855,0.10494745,Polarizability_group3_D75,-0.2567814565465636,1.4172296153011646e-15,-0.31252912964245766,1.1211570369667626e-22,6.084250533555129e-15,2.189862282730402e-21,-0.05574767309589407
dim 855,855,0.10494745,Polarizability_group3_D100,-0.09414387220425582,0.003922247385064019,-0.05844012678704042,0.07377289483133184,0.006211556335978978,0.11465866390723517,0.0357037454172154
dim 855,855,0.10494745,Charge_C1,-0.11199785342553278,0.0005935605733435287,0.012554948055052396,0.7011157154759222,0.0010390420937984202,0.7568605331899095,0.0994429053704804
dim 855,855,0.10494745,Charge_C2,0.2514010098327237,5.673037689819885e-15,0.09900457795787182,0.002413451585226596,2.3537820973911074e-14,0.005356098534655701,0.15239643187485186
dim 855,855,0.10494745,Charge_C3,-0.2991924272733645,7.864283184227008e-21,-0.16406835928145966,4.4236558145002296e-07,4.2365654573093885e-20,1.9188325221338657e-06,0.13512406799190482
dim 855,855,0.10494745,Charge_T12,-0.07499096933462766,0.021694375271902905,0.020518873794967717,0.5304496903634918,0.030925827318888474,0.6076660031882305,0.05447209553965995
dim 855,855,0.10494745,Charge_T13,-0.12970510166517007,6.837691003710546e-05,0.017681340946657263,0.5888152474826804,0.0001337896189361056,0.6606123367793594,0.1120237607185128
dim 855,855,0.10494745,Charge_T23,-0.31294714691135944,9.778186385263409e-23,-0.18970990582700373,4.840001538120263e-09,5.563738079519555e-22,2.7601722423002234e-08,0.12323724108435571
dim 855,855,0.10494745,Charge_group1_D0,0.0518458643174209,0.11274525883402448,0.03842935149919198,0.23991318076124807,0.14334570403716854,0.3173505044525024,0.01341651281822892
dim 855,855,0.10494745,Charge_group1_D25,0.0814128137018445,0.012670599668236764,0.02759265884141554,0.39886108344471644,0.018700752493111265,0.4835557236680047,0.05382015486042896
dim 855,855,0.10494745,Charge_group1_D50,-0.05596871358804117,0.08684449483151595,-0.07471942018021083,0.022175958752455413,0.11312816409409644,0.0391891627178278,-0.01875070659216966
dim 855,855,0.10494745,Charge_group1_D75,-0.12781228380178397,8.735486394606721e-05,-0.18056136985878912,2.614120032989051e-08,0.00016894339639830024,1.359993911243525e-07,-0.05274908605700515
dim 855,855,0.10494745,Charge_group1_D100,-0.08190106204215476,0.012145222516147879,-0.06017783739202051,0.0655803881972444,0.0179650324198113,0.10336880442604827,0.02172322465013425
dim 855,855,0.10494745,Charge_group2_D0,0.11998460648669529,0.00023215071052936593,0.13251678320841329,4.722715916312718e-05,0.0004293374159291707,0.0001452104766438957,-0.012532176721717997
dim 855,855,0.10494745,Charge_group2_D25,-0.14995027301626881,4.026543335054964e-06,-0.0903782106091059,0.0056316240951296195,8.818789992841691e-06,0.01156092469436566,0.05957206240716291
dim 855,855,0.10494745,Charge_group2_D50,0.07138074158266601,0.028898538022657943,0.07704974631262289,0.018329840913572076,0.0405040356675105,0.03298581285093251,-0.005669004729956878
dim 855,855,0.10494745,Charge_group2_D75,0.1159039699984392,0.00037779907322184445,0.13656048078313188,2.737611489796535e-05,0.0006776846963270465,8.783498920192531e-05,-0.020656510784692675
dim 855,855,0.10494745,Charge_group2_D100,-0.010118165541957266,0.7570810548911593,-0.08951800761824504,0.006105966310051166,0.7936756821520627,0.012360417568910726,-0.07939984207628777
dim 855,855,0.10494745,Charge_group3_D0,0.11591019593779849,0.0003775228958070539,0.130945137784527,5.813349389907035e-05,0.0006775531821577431,0.00017587488190479617,-0.015034941846728503
dim 855,855,0.10494745,Charge_group3_D25,0.03825323265075153,0.2420758293609549,-0.0482636486532168,0.13987396206549507,0.28691741308218216,0.1995638758217657,-0.010010416002465272
dim 855,855,0.10494745,Charge_group3_D50,-0.09498783485988034,0.0036105620062434787,-0.10899824268010669,0.0008317889828667907,0.0057507282312127895,0.002029346386249146,-0.014010407820226348
dim 855,855,0.10494745,Charge_group3_D75,-0.15848707237497875,1.08405112382467e-06,-0.15922106247896656,9.651922815957762e-07,2.517893430858413e-06,3.91706223636682e-06,-0.0007339901039878083
dim 855,855,0.10494745,Charge_group3_D100,-0.22986178046660768,1.0609262489599485e-12,-0.18026986557916103,2.7546184101632287e-08,3.898232861965047e-12,1.4242144721277373e-07,0.04959191488744666
dim 855,855,0.10494745,SecondaryStructure_C1,-0.32877912191929504,4.672540955482421e-25,-0.18857416668443425,5.9949013615726746e-09,2.9170629516469692e-24,3.3708704625678e-08,0.1402049552348608
dim 855,855,0.10494745,SecondaryStructure_C2,0.4027539655832044,7.49076392991738e-38,0.3579619993102737,1.044928611898198e-29,7.148329007406872e-37,3.7935451779782407e-28,0.044791966272930694
dim 855,855,0.10494745,SecondaryStructure_C3,0.1589601494107362,1.005931924623932e-06,-0.03679885495904623,0.2604588651007061,2.3429655706024637e-06,0.33889077110882676,0.12216129445168997
dim 855,855,0.10494745,SecondaryStructure_T12,0.014300745913418511,0.6619732962423306,0.17877794779134593,3.5961950424784785e-08,0.7043615194168156,1.8254242312884678e-07,-0.16447720187792741
dim 855,855,0.10494745,SecondaryStructure_T13,-0.37436108768938703,1.5269700501607123e-32,-0.2972169392631048,1.4488802503710076e-20,1.223040759601146e-31,2.3956732852669135e-19,0.07714414842628226
dim 855,855,0.10494745,SecondaryStructure_T23,0.3022779366935443,2.9994297417883107e-21,0.16467968682038264,4.002554872772758e-07,1.6450074445932607e-20,1.7406944368569026e-06,0.13759824987316166
dim 855,855,0.10494745,SecondaryStructure_group1_D0,0.030292643625262974,0.35431793794950334,0.006739149654309304,0.8367788706187465,0.4056982902815705,0.8690427325455886,0.02355349397095367
dim 855,855,0.10494745,SecondaryStructure_group1_D25,0.02199467904996497,0.5012974042389373,0.038952068575199846,0.23357467150039896,0.5522207553291724,0.3105650488898617,-0.016957389525234876
dim 855,855,0.10494745,SecondaryStructure_group1_D50,-0.1593428608978212,9.467218094659494e-07,-0.11399814740546917,0.00047179227848795455,2.2112243661652246e-06,0.0012121432385767447,0.04534471349235204
dim 855,855,0.10494745,SecondaryStructure_group1_D75,-0.11333470442638735,0.0005093309057786527,-0.0530487954033789,0.10462725740523714,0.0009015184023851087,0.15510654226963694,0.06028590902300845
dim 855,855,0.10494745,SecondaryStructure_group1_D100,-0.0305901237545602,0.3496097148380567,0.036159327469337865,0.2688401102270464,0.4011324107039194,0.3467047331957564,-0.005569203714777666
dim 855,855,0.10494745,SecondaryStructure_group2_D0,0.05146238379897742,0.11543488404687798,0.02075048669765322,0.5258183232303414,0.1464865169895792,0.6031020602985372,0.0307118971013242
dim 855,855,0.10494745,SecondaryStructure_group2_D25,-0.08415669512967444,0.009960167152647135,-0.06425658302543344,0.049260498459998546,0.014944725197592738,0.08033694573066169,0.019900112104241002
dim 855,855,0.10494745,SecondaryStructure_group2_D50,0.0187304173030219,0.5668942246353254,0.006641494773032907,0.839111549501962,0.615937298039647,0.8701125660777873,0.012088922529988992
dim 855,855,0.10494745,SecondaryStructure_group2_D75,0.0372872415052009,0.25418116290776616,-0.030914099183761444,0.34452747425138636,0.2994585834610014,0.42857421378012306,0.006373142321439457
dim 855,855,0.10494745,SecondaryStructure_group2_D100,-0.0266087843948573,0.4158948776620247,-0.0607868131980097,0.0628928254152931,0.4689699160672392,0.09960267277718302,-0.034178028803152405
dim 855,855,0.10494745,SecondaryStructure_group3_D0,0.0259625666826565,0.42731248350350703,0.0751215105035874,0.021466117308329178,0.48070855335187385,0.03817722673579311,-0.049158943820930896
dim 855,855,0.10494745,SecondaryStructure_group3_D25,0.007657000986584566,0.8149268705616185,0.020810282405444462,0.5246260002708318,0.845822171434371,0.6019412026467119,-0.013153281418859896
dim 855,855,0.10494745,SecondaryStructure_group3_D50,0.13883309723112963,2.0013471734365142e-05,0.0922513391635778,0.0047116436902464405,4.1034374212878804e-05,0.009872578372285515,0.046581758067551826
dim 855,855,0.10494745,SecondaryStructure_group3_D75,0.057709423007076495,0.07745873325912714,0.038643428155291454,0.23730278511730718,0.10201583954474946,0.31464521726550454,0.01906599485178504
dim 855,855,0.10494745,SecondaryStructure_group3_D100,-0.11763686328177665,0.00030779731999250353,-0.17512142210404397,6.847217126449426e-08,0.0005602414434740936,3.3144500293247946e-07,-0.057484558822267315
dim 855,855,0.10494745,SolventAccessibility_C1,-0.22639931679883,2.3463266156035997e-12,-0.20592505161722247,1.9738066049026996e-10,8.426592361415079e-12,1.3237980040913688e-09,0.020474265181607526
dim 855,855,0.10494745,SolventAccessibility_C2,-0.136345264687359,2.8193260880144306e-05,0.045523920752257946,0.16381047074752927,5.693197783535791e-05,0.2292111320891277,0.09082134393510105
dim 855,855,0.10494745,SolventAccessibility_C3,0.3274363828645934,7.443492788905238e-25,0.1667284386171184,2.854807634950745e-07,4.621053144041542e-24,1.281593750098856e-06,0.16070794424747503
dim 855,855,0.10494745,SolventAccessibility_T12,-0.22974063544834453,1.0910395433474439e-12,-0.04626129856132847,0.15708411448780085,4.000079116114668e-12,0.22109605663264006,0.18347933688701606
dim 855,855,0.10494745,SolventAccessibility_T13,0.13805508774374092,2.229140877404824e-05,-0.011495889344292872,0.7252610586838056,4.550935532110093e-05,0.776474581233669,0.12655919839944804
dim 855,855,0.10494745,SolventAccessibility_T23,0.03431316975988574,0.29406367982683623,0.0320859282350034,0.32654025438640316,0.3419821346175603,0.4087872749814792,0.0022272415248823438
dim 855,855,0.10494745,SolventAccessibility_group1_D0,-0.020597457427814922,0.5288760051027275,-0.01059617435476862,0.7459911432392462,0.5795426040167683,0.7935065026812365,0.010001283073046301
dim 855,855,0.10494745,SolventAccessibility_group1_D25,-0.24223017751448445,5.6002629402920673e-14,-0.18197416651604495,2.025853744635895e-08,2.2109785130703908e-13,1.0706252384626408e-07,0.060256010998439496
dim 855,855,0.10494745,SolventAccessibility_group1_D50,-0.22528638464289516,3.0199242024180653e-12,-0.14981453015559457,4.109096495130263e-06,1.0730368974549297e-11,1.5181838820503408e-05,0.0754718544873006
dim 855,855,0.10494745,SolventAccessibility_group1_D75,-0.011179372882581952,0.732531830390908,0.07718960054300582,0.018118799865080082,0.7711530883161578,0.032658818968897725,-0.06601022766042386
dim 855,855,0.10494745,SolventAccessibility_group1_D100,-0.030714609063523933,0.3476513055068049,-0.04198552398870206,0.19912562382376972,0.39902246061605784,0.2704675004357019,-0.011270914925178128
dim 855,855,0.10494745,SolventAccessibility_group2_D0,0.11623024689457517,0.0003635768477925232,0.13017907741467064,6.427514178790466e-05,0.0006542816118680105,0.00019253719602834222,-0.013948830520095462
dim 855,855,0.10494745,SolventAccessibility_group2_D25,0.15908788524219394,9.857846484784503e-07,0.002053725384933793,0.949940402659667,2.2976418185052506e-06,0.9629137920738353,0.15703415985726016
dim 855,855,0.10494745,SolventAccessibility_group2_D50,-0.017626381154394053,0.5899743540905064,-0.10745221701810569,0.0009866262522233284,0.6372413189678001,0.0023758699945392336,-0.08982583586371164
dim 855,855,0.10494745,SolventAccessibility_group2_D75,-0.012388947173251483,0.7048812203997619,-0.11237486898031629,0.0005685815753112943,0.7438556954613601,0.0014267937351913774,-0.09998592180706481
dim 855,855,0.10494745,SolventAccessibility_group2_D100,-0.18592510670221715,9.82516376903535e-09,-0.11366158943748464,0.0004905008367478397,2.7438166378409756e-08,0.001254420210365838,0.07226351726473251
dim 855,855,0.10494745,SolventAccessibility_group3_D0,0.17458108542876655,7.52228272492566e-08,0.11357548553475277,0.0004953969203665634,1.9506540606561885e-07,0.0012650043685201236,0.06100559989401377
dim 855,855,0.10494745,SolventAccessibility_group3_D25,0.11930406430817261,0.00025206101251529065,0.13382831618680674,3.963849320439798e-05,0.0004630823882294119,0.00012373137131092452,-0.014524251878634126
dim 855,855,0.10494745,SolventAccessibility_group3_D50,0.2004513198905327,5.991571143112125e-10,0.17812318663149668,4.03971095148513e-08,1.8292365281530619e-09,2.0320232798133033e-07,0.022328133259036015
dim 855,855,0.10494745,SolventAccessibility_group3_D75,-0.07159995482907164,0.02840876980378787,-0.05318382182542719,0.1037457178675185,0.039918086304018295,0.15421036834780233,0.018416133003644447
dim 855,855,0.10494745,SolventAccessibility_group3_D100,0.0029864987471374988,0.9272571892472826,-0.07440354043449666,0.022747816245224112,0.9409241470171968,0.04007262988346442,-0.07141704168735917
dim 448,448,0.10351327,AAC_A,-0.07631723688539013,0.01947065926385533,-0.21131226327997035,6.418725605202613e-11,0.027934708737661858,4.5133775834477314e-10,-0.13499502639458022
dim 448,448,0.10351327,AAC_C,-0.06293834941588126,0.05411567869511852,-0.13706574870757285,2.554513582568117e-05,0.07294042245427597,8.227652233150927e-05,-0.07412739929169158
dim 448,448,0.10351327,AAC_D,-0.22097211504206404,7.933105171455158e-12,-0.10514660118230587,0.0012675481746080711,2.7571874373215638e-11,0.002979318017727627,0.11582551385975817
dim 448,448,0.10351327,AAC_E,-0.35494952988515754,3.3281612170852624e-29,-0.10070794906505882,0.0020256136270492783,2.432397913580914e-28,0.004555925598885246,0.25424158082009873
dim 448,448,0.10351327,AAC_F,0.0053888819497296715,0.8691508872504617,0.12382692008618632,0.00014471236824548198,0.8926703454540413,0.00040891650587132806,-0.11843803813645665
dim 448,448,0.10351327,AAC_G,-0.07051966026434174,0.03089324326388029,-0.2352307903237004,3.020245621580581e-13,0.04313688649722415,2.7190351418003073e-12,-0.16471113005935867
dim 448,448,0.10351327,AAC_H,-0.2660183837768858,1.2138026008100585e-16,-0.0313877651942443,0.3371821896700342,5.500815043019804e-16,0.4208477255223895,0.2346306185826415
dim 448,448,0.10351327,AAC_I,0.0015464379296013715,0.9622948424521774,0.20239060606897183,4.057271720603519e-10,0.9707232781003541,2.621138790486606e-09,-0.20084416813937045
dim 448,448,0.10351327,AAC_K,-0.05515640240032216,0.09152771417491498,0.23039205080966996,9.384227825199367e-13,0.11862730513939311,8.036748957991252e-12,-0.1752356484093478
dim 448,448,0.10351327,AAC_L,-0.20429523976723016,2.7561585821993357e-10,-0.010689859410332963,0.7438236909714748,8.651851188482878e-10,0.7914530512407537,0.1936053803568972
dim 448,448,0.10351327,AAC_M,-0.16655738264758282,2.936967002959847e-07,-0.014972735656362497,0.6471420331716574,7.228791296894538e-07,0.7119414989437864,0.15158464699122032
dim 448,448,0.10351327,AAC_N,0.2129644993320398,4.5204022799567907e-11,0.25515664749077555,2.1619091721046093e-15,1.5052984661072463e-10,2.3752554719833535e-14,-0.04219214815873573
dim 448,448,0.10351327,AAC_P,0.30026661597018567,5.629811575353659e-21,0.029983465134381902,0.35925347676081953,3.047580334146065e-20,0.44326066212823684,0.2702831508358038
dim 448,448,0.10351327,AAC_Q,-0.02249172087367877,0.4916733499654867,0.04065434361800472,0.21375699689560881,0.5437711883724257,0.2879985355511631,-0.018162622744325948
dim 448,448,0.10351327,AAC_R,-0.07844181090958846,0.016321951642605966,-0.1831749911248375,1.6286046307393285e-08,0.023743605612501714,8.703263146670971e-08,-0.10473318021524905
dim 448,448,0.10351327,AAC_S,0.36601011803817973,4.448076016140688e-31,0.11452391184410021,0.0004438914863170251,3.471162124745303e-30,0.0011501920591922917,0.2514862061940795
dim 448,448,0.10351327,AAC_T,0.36894899950039406,1.3732241252966737e-31,0.0976452857714175,0.0027703862872180897,1.0817378722855873e-30,0.006075568088843348,0.27130371372897655
dim 448,448,0.10351327,AAC_V,-0.2046312187560746,2.573424183588421e-10,-0.22956698419316576,1.1356698236390591e-12,8.108713936967289e-10,9.618879341008281e-12,-0.024935765437091167
dim 448,448,0.10351327,AAC_W,0.09914809221822043,0.0023783301275475573,0.023518655292882107,0.4721068951957675,0.0038636296819109153,0.552500711266245,0.07562943692533833
dim 448,448,0.10351327,AAC_Y,0.12492904745326304,0.0001260452781918006,0.200527106534492,5.901413131155926e-10,0.00024084166427952748,3.761587759171906e-09,-0.07559805908122895
dim 448,448,0.10351327,Hydrophobicity_C1,-0.20438505630797954,2.7061056229873463e-10,0.11408622880132095,0.00046700693177036796,8.510509057561854e-10,0.0012043588399857168,0.09029882750665859
dim 448,448,0.10351327,Hydrophobicity_C2,0.2593957613724799,7.139016145369888e-16,-0.07614121765912306,0.019753850920799437,3.1047283757207583e-15,0.03533897272387259,0.1832545437133568
dim 448,448,0.10351327,Hydrophobicity_C3,-0.26542885578877595,1.4240583709750526e-16,0.001959545208137011,0.9522332403720065,6.436204274772227e-16,0.9643599220262286,0.26346931058063894
dim 448,448,0.10351327,Hydrophobicity_T12,-0.13523413906555865,3.279363549508606e-05,-0.093342001643362,0.004240786718430008,6.562656833648139e-05,0.008983680202126124,0.04189213742219665
dim 448,448,0.10351327,Hydrophobicity_T13,-0.24970710377380181,8.720536699150879e-15,0.061049824679818954,0.061760535046998806,3.600320466645728e-14,0.09790231943852683,0.18865727909398286
dim 448,448,0.10351327,Hydrophobicity_T23,-0.0072113084616934955,0.8255209852478793,-0.15500469456667432,1.8673736619708782e-06,0.855488703297523,7.286247699746184e-06,-0.14779338610498083
dim 448,448,0.10351327,Hydrophobicity_group1_D0,0.03808101640380125,0.24420376194249357,0.05832139712254209,0.07436186232043185,0.28882456263736844,0.11537165023522197,-0.02024038071874084
dim 448,448,0.10351327,Hydrophobicity_group1_D25,0.24363446569091066,3.9679454772167774e-14,-0.0217895595722651,0.5052979080711378,1.5833856504066949e-13,0.5830281300892103,0.22184490611864555
dim 448,448,0.10351327,Hydrophobicity_group1_D50,0.089452340343704,0.006143612657589869,-0.05397991098847883,0.09866751968634459,0.009460427052259182,0.14751545020250265,0.03547242935522517
dim 448,448,0.10351327,Hydrophobicity_group1_D75,0.13779343492367332,2.3111375247985028e-05,-0.012480951802081156,0.7027933213190916,4.706828861479878e-05,0.7577421633761736,0.12531248312159216
dim 448,448,0.10351327,Hydrophobicity_group1_D100,-0.2091021280794241,1.0213870460501236e-10,-0.09142589671254886,0.005098872716349253,3.3120706153470026e-10,0.01059753259029652,0.11767623136687524
dim 448,448,0.10351327,Hydrophobicity_group2_D0,-0.025924397530781483,0.42799252373861196,0.10338400303774103,0.0015301602913477988,0.4811494544890488,0.0035491217868761442,-0.07745960550695954
dim 448,448,0.10351327,Hydrophobicity_group2_D25,-0.19233258674340087,2.9380022954952003e-09,0.0571714245334566,0.08026715464990213,8.525567043400495e-09,0.12326082599111406,0.13516116220994429
dim 448,448,0.10351327,Hydrophobicity_group2_D50,-0.02712029284686861,0.4069862177516326,0.10757457271016527,0.000973463238906998,0.46047898620950295,0.0023492537701946337,-0.08045427986329666
dim 448,448,0.10351327,Hydrophobicity_group2_D75,-0.14578723330066132,7.442800203569291e-06,-0.02275635035032592,0.4865901004500278,1.5945447517589115e-05,0.5664729646228975,0.1230308829503354
dim 448,448,0.10351327,Hydrophobicity_group2_D100,-0.03211125694496561,0.3261583152866685,-0.14314822875881494,1.0892370452133767e-05,0.37603340457627643,3.731335108730952e-05,-0.11103697181384933
dim 448,448,0.10351327,Hydrophobicity_group3_D0,0.28434171737030106,6.927078547447878e-19,0.13350832958785525,4.1375457061249304e-05,3.494930868349836e-18,0.00012879219625775646,0.15083338778244582
dim 448,448,0.10351327,Hydrophobicity_group3_D25,0.16620459318902137,3.1136734818019194e-07,-0.052926320253697944,0.10543198041810975,7.658077635654206e-07,0.15616089339090314,0.11327827293532342
dim 448,448,0.10351327,Hydrophobicity_group3_D50,0.0439776139613168,0.17861599837438732,-0.07108071151264676,0.029580620086146432,0.21820681586337004,0.05061438068018908,-0.02710309755132996
dim 448,448,0.10351327,Hydrophobicity_group3_D75,-0.05540649888018512,0.09006471934579123,-0.09812506359965772,0.002639243666154858,0.11695807255635408,0.0058146925098662445,-0.04271856471947261
dim 448,448,0.10351327,Hydrophobicity_group3_D100,0.055078004755162877,0.09199022439265539,0.035212395339528066,0.28158634430596924,0.11908811995018179,0.36117449692086684,0.01986560941563481
dim 448,448,0.10351327,NormVanDerWaalsVolume_C1,0.20872779312507658,1.1044334030860408e-10,-0.14472027926024558,8.688629672881589e-06,3.577892886816078e-10,3.038745875122985e-05,0.064007513864831
dim 448,448,0.10351327,NormVanDerWaalsVolume_C2,-0.2310935824047108,7.974418202215578e-13,0.07975264236692284,0.014610336377262176,2.9495633217497268e-12,0.02694562313641948,0.15134094003778797
dim 448,448,0.10351327,NormVanDerWaalsVolume_C3,-0.11988875610092611,0.0002348629163479791,0.16342060670941422,4.916315122611574e-07,0.0004331541361691056,2.113319499295065e-06,-0.043531850608488104
dim 448,448,0.10351327,NormVanDerWaalsVolume_T12,-0.050973428336714095,0.1189370406316545,-0.2127095937799551,4.772553533493726e-11,0.15053039625226453,3.406053162792531e-10,-0.16173616544324101
dim 448,448,0.10351327,NormVanDerWaalsVolume_T13,-0.028159684361086807,0.38923755547674077,-0.015474938875303974,0.6361482998453187,0.4421950460177939,0.702856540351758,0.012684745485782833
dim 448,448,0.10351327,NormVanDerWaalsVolume_T23,-0.09708355951363183,0.002931464673930274,0.21930942921849952,1.144964336717556e-11,0.004709519966775909,8.852270566288511e-11,-0.12222586970486769
dim 448,448,0.10351327,NormVanDerWaalsVolume_group1_D0,0.0008398014885253071,0.9795186415209876,0.13613274707966874,2.9022841780652237e-05,0.9844089858237929,9.24082855551749e-05,-0.13529294559114344
dim 448,448,0.10351327,NormVanDerWaalsVolume_group1_D25,-0.07758722200516831,0.01753035039862142,0.15359810883851102,2.318334003665278e-06,0.02537987443926985,8.910512741360217e-06,-0.07601088683334271
dim 448,448,0.10351327,NormVanDerWaalsVolume_group1_D50,0.037561215865034546,0.25070590239021845,0.1370555858306014,2.5580789677502715e-05,0.29567715889241863,8.23119821992862e-05,-0.09949436996556685
dim 448,448,0.10351327,NormVanDerWaalsVolume_group1_D75,-0.12888522715830963,7.606172597760635e-05,-0.014178793460026899,0.6646793401201933,0.00014795932717833734,0.7267415454081544,0.11470643369828273
dim 448,448,0.10351327,NormVanDerWaalsVolume_group1_D100,-0.018739846763903643,0.5666989746336238,-0.12467490832034789,0.00013013699501758356,0.615937298039647,0.00037055205742432144,-0.10593506155644425
dim 448,448,0.10351327,NormVanDerWaalsVolume_group2_D0,0.11750756810858747,0.0003125694880866582,0.11477167937716097,0.0004312832823573716,0.000567073378712351,0.0011226234313568226,0.0027358887314264946
dim 448,448,0.10351327,NormVanDerWaalsVolume_group2_D25,0.2206537097362936,8.512508254832717e-12,0.034696953670150105,0.2886938615021543,2.9554862340063695e-11,0.3687332686107822,0.1859567560661435
dim 448,448,0.10351327,NormVanDerWaalsVolume_group2_D50,0.014620486684663826,0.6548994321166537,-0.045649569044694735,0.16264924029144204,0.697946427335553,0.22806400611814293,-0.031029082360030907
dim 448,448,0.10351327,NormVanDerWaalsVolume_group2_D75,0.009548155966970149,0.77037079559098,-0.0038454866372424766,0.9064199427602445,0.8067896849573731,0.9261098108346039,0.005702669329727673
dim 448,448,0.10351327,NormVanDerWaalsVolume_group2_D100,-0.09877173017368374,0.0024714446922296605,-0.02709248469889887,0.40746759621542045,0.004005155396432346,0.49113741297708563,0.07167924547478487
dim 448,448,0.10351327,NormVanDerWaalsVolume_group3_D0,0.15565548934640508,1.688428553393167e-06,0.0714065682226494,0.02884046129779523,3.828480222901004e-06,0.04947464855399901,0.08424892112375568
dim 448,448,0.10351327,NormVanDerWaalsVolume_group3_D25,-0.047455353310740314,0.14663824996530136,-0.16550649850036347,3.4940221488446283e-07,0.18227456452702143,1.5477498643423155e-06,-0.11805114518962316
dim 448,448,0.10351327,NormVanDerWaalsVolume_group3_D50,-0.04920363484287999,0.13231203477251088,-0.13487549634240836,3.44246447664834e-05,0.1654519641108897,0.00010867515455581717,-0.08567186149952838
dim 448,448,0.10351327,NormVanDerWaalsVolume_group3_D75,-0.0008326402590649681,0.9796932541551759,-0.07225991057912565,0.02697715878775147,0.9844089858237929,0.04673428960118771,-0.07142727032006067
dim 448,448,0.10351327,NormVanDerWaalsVolume_group3_D100,-0.10662738451423924,0.0010797443412403809,-0.050286030897189,0.12400050232934391,0.0018315622649786045,0.18014862017399244,0.05634135361705024
dim 448,448,0.10351327,Polarity_C1,-0.20554301975701636,2.1350135778475104e-10,0.08832117921793721,0.006825694207420642,6.784914700295609e-10,0.01359440587524445,0.11722184053907915
dim 448,448,0.10351327,Polarity_C2,0.25038727872359046,7.340597314230109e-15,-0.1068890072182797,0.0010493648781131617,3.034355820486208e-14,0.002521495462516518,0.14349827150531075
dim 448,448,0.10351327,Polarity_C3,-0.24458476459436074,3.1388045023684423e-14,0.09777919717498294,0.00273319755308459,1.261565227185391e-13,0.006001893377582203,0.14680556741937778
dim 448,448,0.10351327,Polarity_T12,0.09000015513958552,0.005835849321058956,-0.1446264878709655,8.807186512517094e-06,0.009028131881582637,3.0769877564651775e-05,-0.05462633273137997
dim 448,448,0.10351327,Polarity_T13,-0.253719848559812,3.1328405252851237e-15,0.09029895016007777,0.005673899318841833,1.321172645764181e-14,0.011633409284795409,0.16342089839973423
dim 448,448,0.10351327,Polarity_T23,-0.10486196869604708,0.0013069296075182983,-0.16617340273065892,3.1297802246431187e-07,0.002193540145281968,1.3975221858700556e-06,-0.06131143403461184
dim 448,448,0.10351327,Polarity_group1_D0,0.22806079618544114,1.605761583488719e-12,0.1203889508577566,0.00022102907208327154,5.823283049785365e-12,0.000607602552064302,0.10767184532768455
dim 448,448,0.10351327,Polarity_group1_D25,0.07309847518425482,0.02524814466820244,-0.11639922564511472,0.00035640914758794644,0.03574769105205433,0.0009455175162380786,-0.043300750460859905
dim 448,448,0.10351327,Polarity_group1_D50,0.04273649320712921,0.19120101110674456,-0.05644201497160656,0.08420606900807154,0.23196926156793565,0.12871774392995833,-0.013705521764477348
dim 448,448,0.10351327,Polarity_group1_D75,-0.022288536722590523,0.49559553022720765,-0.11273574574913009,0.0005455905238793159,0.5473839520366645,0.0013805093558764507,-0.09044720902653956
dim 448,448,0.10351327,Polarity_group1_D100,0.018528864779913713,0.5710753270841036,0.032291609394785585,0.32344711264920956,0.6196853776676108,0.40598021655331074,-0.013762744614871873
dim 448,448,0.10351327,Polarity_group2_D0,-0.013304539709217885,0.6842045477030751,0.12361579673772158,0.00014857273314243034,0.7252437922336626,0.00041946993127279575,-0.1103112570285037
dim 448,448,0.10351327,Polarity_group2_D25,-0.14171927494300404,1.3349549677249752e-05,0.12449836505672997,0.00013305260478398313,2.7937027520059003e-05,0.00037806828379244843,0.017220909886274074
dim 448,448,0.10351327,Polarity_group2_D50,-0.05577556657279403,0.08794016337062562,0.1077385544865833,0.0009560766452210801,0.11437700376086042,0.002310633860375114,-0.05196298791378927
dim 448,448,0.10351327,Polarity_group2_D75,-0.14870666126449822,4.846108159858202e-06,-0.009922770442075471,0.761628829680777,1.05515001655322e-05,0.8060330453529136,0.13878389082242276
dim 448,448,0.10351327,Polarity_group2_D100,-0.047282420539465755,0.1481173728987942,-0.12453046195306391,0.00013251799540888723,0.18397620880698126,0.00037701031061812887,-0.07724804141359816
dim 448,448,0.10351327,Polarity_group3_D0,0.018050425759739468,0.5810585536653965,0.0023410200209633553,0.942948785528014,0.6290877047787437,0.9572793141834549,0.015709405738776112
dim 448,448,0.10351327,Polarity_group3_D25,0.26591886349147403,1.2470171725400053e-16,-0.03704086482941938,0.2573348169781102,5.643682054584847e-16,0.33614598011126406,0.22887799866205466
dim 448,448,0.10351327,Polarity_group3_D50,0.09338426073508684,0.004223431731183561,-0.0949572868959644,0.003621439444424001,0.006657037273314344,0.007793561690964022,-0.0015730261608775664
dim 448,448,0.10351327,Polarity_group3_D75,0.10910570566111177,0.0008219106837627108,-0.04324493427797147,0.18596880949798963,0.0014186985445826634,0.255716683294889,0.06586077138314031
dim 448,448,0.10351327,Polarity_group3_D100,-0.19640602849073174,1.3343762446585171e-09,-0.09536761253072423,0.003477787008570849,3.968670220088555e-09,0.007498908075291566,0.10103841596000751
dim 448,448,0.10351327,Polarizability_C1,0.16451302941169416,4.113359345815489e-07,-0.1504040980076968,3.7619137222333978e-06,9.991723792744533e-07,1.396087981362172e-05,0.014108931403997355
dim 448,448,0.10351327,Polarizability_C2,-0.14923401138156542,4.4807742338033146e-06,0.07333593828274593,0.02477626960639645,9.800776647611703e-06,0.043280722011173715,0.07589807309881949
dim 448,448,0.10351327,Polarizability_C3,-0.11988875610092611,0.0002348629163479791,0.16342060670941422,4.916315122611574e-07,0.0004331541361691056,2.113319499295065e-06,-0.043531850608488104
dim 448,448,0.10351327,Polarizability_T12,0.1576740874992239,1.232103418539227e-06,-0.15701234234313785,1.3667688670074169e-06,2.8439705721638e-06,5.434533352148539e-06,0.0006617451560860521
dim 448,448,0.10351327,Polarizability_T13,-0.04575200501384127,0.16170713239017653,-0.018852558567816688,0.5643676169514327,0.19922605023356313,0.6383297800940688,0.02689944644602458
dim 448,448,0.10351327,Polarizability_T23,-0.08580529217346278,0.008591860186749284,0.21516102151667255,2.8236426736464877e-11,0.012979110368042791,2.0727398966987407e-10,-0.12935572934320977
dim 448,448,0.10351327,Polarizability_group1_D0,0.0032590706971428215,0.9206390795979861,0.1187503534679953,0.00026942875765293556,0.9351990650417498,0.0007280680020718485,-0.11549128277085248
dim 448,448,0.10351327,Polarizability_group1_D25,-0.11015770349424284,0.0007307860815652932,0.11378472164445617,0.00048357746813785347,0.001265988336321618,0.001240513627941959,-0.0036270181502133375
dim 448,448,0.10351327,Polarizability_group1_D50,-0.11021692111149814,0.0007259462465560316,0.06329132334041017,0.05277810009729622,0.0012582565975594942,0.0856399920447469,0.04692559777108797
dim 448,448,0.10351327,Polarizability_group1_D75,-0.15498138006291348,1.8741104757721882e-06,-0.02257255990723441,0.49011750606340504,4.240873298834084e-06,0.5691907059289891,0.13240882015567906
dim 448,448,0.10351327,Polarizability_group1_D100,-0.09196442260227644,0.004843119519497403,-0.1489571726667232,4.669144390211924e-06,0.00757304269434519,1.7099717393977878e-05,-0.05699275006444676
dim 448,448,0.10351327,Polarizability_group2_D0,0.06561007692927252,0.044660598418278435,0.1268682581083202,9.858183062474731e-05,0.06071078498862433,0.00028606717140456647,-0.061258181179047674
dim 448,448,0.10351327,Polarizability_group2_D25,0.21967509205829397,1.0564698324978433e-11,0.08390778944196464,0.010182786892970554,3.641495604275332e-11,0.01959130657979358,0.13576730261632933
dim 448,448,0.10351327,Polarizability_group2_D50,0.21568173032712878,2.523701397120511e-11,0.04795365684918723,0.1424392498626414,8.514305723618694e-11,0.20270434364773,0.16772807347794155
dim 448,448,0.10351327,Polarizability_group2_D75,0.08008757483252306,0.014199181935364144,0.01082169438212726,0.7407770532607777,0.020846271500710438,0.7884625104815162,0.0692658804503958
dim 448,448,0.10351327,Polarizability_group2_D100,0.06998115842607737,0.03219975135470878,0.037613996375945015,0.25004022428518813,0.044811320635303055,0.32843067400036485,0.032367162050132355
dim 448,448,0.10351327,Polarizability_group3_D0,0.15565548934640508,1.688428553393167e-06,0.0714065682226494,0.02884046129779523,3.828480222901004e-06,0.04947464855399901,0.08424892112375568
dim 448,448,0.10351327,Polarizability_group3_D25,-0.047455353310740314,0.14663824996530136,-0.16550649850036347,3.4940221488446283e-07,0.18227456452702143,1.5477498643423155e-06,-0.11805114518962316
dim 448,448,0.10351327,Polarizability_group3_D50,-0.04920363484287999,0.13231203477251088,-0.13487549634240836,3.44246447664834e-05,0.1654519641108897,0.00010867515455581717,-0.08567186149952838
dim 448,448,0.10351327,Polarizability_group3_D75,-0.0008326402590649681,0.9796932541551759,-0.07225991057912565,0.02697715878775147,0.9844089858237929,0.04673428960118771,-0.07142727032006067
dim 448,448,0.10351327,Polarizability_group3_D100,-0.10662738451423924,0.0010797443412403809,-0.050286030897189,0.12400050232934391,0.0018315622649786045,0.18014862017399244,0.05634135361705024
dim 448,448,0.10351327,Charge_C1,-0.1265460665935601,0.00010271533945160458,0.09889409031309832,0.0024408128200108696,0.0001975067551919167,0.005409631598431523,0.027651976280461787
dim 448,448,0.10351327,Charge_C2,0.30159446525568157,3.717091460566518e-21,0.027317162178280646,0.40358796931891733,2.0319288835175398e-20,0.48751675136534683,0.27427730307740095
dim 448,448,0.10351327,Charge_C3,-0.3654891306199474,5.4715042355109375e-31,-0.13061478284010328,6.0710666161243904e-05,4.259865768439751e-30,0.00018317400630402407,0.23487434777984414
dim 448,448,0.10351327,Charge_T12,-0.08668506609233312,0.007932574798026691,0.08490942216769548,0.009313040041517912,0.0120376191846475,0.01803220506589555,0.0017756439246376376
dim 448,448,0.10351327,Charge_T13,-0.18555544918503494,1.0520443161867396e-08,0.07103543557944644,0.02968474055907489,2.933078477515618e-08,0.050765319888639714,0.1145200136055885
dim 448,448,0.10351327,Charge_T23,-0.3899699434920103,2.135848541030934e-35,-0.18421898027629358,1.3455198332716008e-08,1.8625937668520416e-34,7.260155481627054e-08,0.20575096321571673
dim 448,448,0.10351327,Charge_group1_D0,-0.004049741991116469,0.9014740436664487,-0.0362460281039871,0.2676931572975588,0.9188047927512781,0.3460120531632533,-0.032196286112870634
dim 448,448,0.10351327,Charge_group1_D25,0.039516179725218904,0.2268682093981057,-0.06429187390168473,0.04913570581236161,0.2707180490852708,0.08017257323560711,-0.024775694176465822
dim 448,448,0.10351327,Charge_group1_D50,-0.038780568220674064,0.23564109989662327,-0.0752438074533214,0.02125417184777156,0.2799862232852087,0.037820423000296755,-0.03646323923264734
dim 448,448,0.10351327,Charge_group1_D75,0.07301604326649555,0.02541375538813937,0.006915919612458618,0.8325600281419226,0.035936470362567946,0.8657380118287739,0.06610012365403693
dim 448,448,0.10351327,Charge_group1_D100,-0.09090749210234667,0.005356518947351041,-0.05919548445251598,0.07011448168688232,0.008348470967873297,0.10963594046544332,0.03171200764983068
dim 448,448,0.10351327,Charge_group2_D0,0.093236081531253,0.004284570177634869,0.12179639170551516,0.00018608997457213508,0.006747587193148264,0.0005183824145712521,-0.028560310174262166
dim 448,448,0.10351327,Charge_group2_D25,-0.115801774771626,0.00038235940061303697,-0.007326756838672244,0.8227736477224783,0.0006851289689096264,0.8582335988110797,0.10847501793295375
dim 448,448,0.10351327,Charge_group2_D50,0.013276792322244164,0.6848277963179942,0.01821070114053843,0.577705135472431,0.725674124270971,0.650990267367719,-0.004933908818294266
dim 448,448,0.10351327,Charge_group2_D75,-0.0809897905282989,0.013141927423897401,-0.07294490951649643,0.025557420917977035,0.019353632096921217,0.044528839784060144,0.008044881011802466
dim 448,448,0.10351327,Charge_group2_D100,0.08705125380426379,0.007671763200425104,-0.03951952890170848,0.22682880628534896,0.01167366245531656,0.30243840838046526,0.04753172490255531
dim 448,448,0.10351327,Charge_group3_D0,0.1351513314782871,3.316358185259117e-05,0.17753673131915887,4.481567096670787e-08,6.632716370518233e-05,2.230765142009006e-07,-0.04238539984087178
dim 448,448,0.10351327,Charge_group3_D25,0.21954048069275614,1.0882403950846203e-11,0.10419024499397407,0.0014043792900089464,3.747137030497558e-11,0.003277866407148764,0.11535023569878207
dim 448,448,0.10351327,Charge_group3_D50,0.013584097162939762,0.6779373005919231,0.00141635820355265,0.9654643695066056,0.7188287568181025,0.9736265078961542,0.012167738959387112
dim 448,448,0.10351327,Charge_group3_D75,-0.05112788027232668,0.1178219022160702,-0.04427700739575209,0.17567438801693355,0.1493454092605975,0.243971915166968,0.006850872876574592
dim 448,448,0.10351327,Charge_group3_D100,-0.2064632871895314,1.7666697909839752e-10,-0.12540769101016275,0.00011866563268255338,5.64658095874304e-10,0.0003405010422334435,0.08105559617936867
dim 448,448,0.10351327,SecondaryStructure_C1,-0.38188807347348724,6.7104979551968596e-34,-0.12576551676055728,0.00011341653775470371,5.547787913454829e-33,0.00032656141043164685,0.25612255671292994
dim 448,448,0.10351327,SecondaryStructure_C2,0.2676300483820781,7.826949437781858e-17,0.17964724597102197,3.079629846336316e-08,3.5958749824197254e-16,1.582455951809738e-07,0.08798280241105613
dim 448,448,0.10351327,SecondaryStructure_C3,0.3268007048097074,9.271730632970158e-25,0.024627010458847375,0.4514788015017038,5.734737095207468e-24,0.5319264766275984,0.30217369435086006
dim 448,448,0.10351327,SecondaryStructure_T12,-0.1625822543248727,5.632821211756667e-07,0.08847986611586131,0.006726080522426998,1.3447907682106696e-06,0.013444110679177843,0.07410238820901138
dim 448,448,0.10351327,SecondaryStructure_T13,-0.23989140440002327,9.893223521875234e-14,-0.0748690639999305,0.021909434570396867,3.846724861823432e-13,0.038841566595077245,0.16502234040009278
dim 448,448,0.10351327,SecondaryStructure_T23,0.329372048808436,3.8013068223551397e-25,0.07340518803876664,0.024640104264628322,2.3775964019974096e-24,0.04308793101772701,0.25596686076966935
dim 448,448,0.10351327,SecondaryStructure_group1_D0,0.11433380158880603,0.00045379765164583867,0.09047144400905625,0.005582259383756167,0.0008062149768601602,0.011466686331638262,0.023862357579749777
dim 448,448,0.10351327,SecondaryStructure_group1_D25,-0.015638696009855138,0.6325805702396453,0.010230357762238641,0.7544735861053978,0.6758858300065308,0.8002355597307172,0.005408338247616497
dim 448,448,0.10351327,SecondaryStructure_group1_D50,-0.12590213662778602,0.0001114707049582272,-0.04610769227989537,0.15846778822533622,0.00021349428492793812,0.2228557527042623,0.07979444434789065
dim 448,448,0.10351327,SecondaryStructure_group1_D75,-0.16689270410899382,2.7779983591848e-07,-0.0746615018254734,0.022279867804878953,6.852669512317011e-07,0.039331267689374054,0.09223120228352041
dim 448,448,0.10351327,SecondaryStructure_group1_D100,-0.15941386009726113,9.36112179443093e-07,-0.06615121455263515,0.04292555902100121,2.1895060779691394e-06,0.07070563545550869,0.09326264554462599
dim 448,448,0.10351327,SecondaryStructure_group2_D0,0.05370004389142699,0.10042970004840984,0.0010418586980373275,0.9745923050014226,0.12911285533552305,0.9813501051265455,0.05265818519338966
dim 448,448,0.10351327,SecondaryStructure_group2_D25,-0.11624786478350432,0.0003628233005728726,-0.09300282924092687,0.004382434305788877,0.0006536298942359193,0.00925827361248251,0.023245035542577452
dim 448,448,0.10351327,SecondaryStructure_group2_D50,-0.029947488418285595,0.3598305758885858,-0.06103388373839158,0.06182867947822664,0.4112703049873937,0.09796384699111811,-0.031086395320105986
dim 448,448,0.10351327,SecondaryStructure_group2_D75,0.09074363783599934,0.005440362093817821,-0.021938230003645344,0.5023966730984094,0.00846122230504937,0.5806245287711721,0.068805407832354
dim 448,448,0.10351327,SecondaryStructure_group2_D100,0.06527079445152681,0.045778275674728454,0.018426279944828504,0.5732090091288031,0.062204817230916615,0.6463599225152608,0.046844514506698305
dim 448,448,0.10351327,SecondaryStructure_group3_D0,0.03904932172182191,0.23240857160905087,0.13607050258126527,2.9270171505028464e-05,0.2766374302117712,9.301843275622747e-05,-0.09702118085944336
dim 448,448,0.10351327,SecondaryStructure_group3_D25,0.08964420749004136,0.0060341991753598235,0.13195206980607457,5.0901508678929754e-05,0.009309110967991599,0.00015583046653311217,-0.042307862316033215
dim 448,448,0.10351327,SecondaryStructure_group3_D50,0.1670874326127272,2.6895244912631265e-07,0.09706367127575799,0.002937321082822264,6.644239497647073e-07,0.006408002884798407,0.07002376133696922
dim 448,448,0.10351327,SecondaryStructure_group3_D75,0.07888552818926807,0.01572383767217489,0.05263194588367483,0.10738622563794273,0.022923447326522975,0.15863334525905737,0.026253582305593243
dim 448,448,0.10351327,SecondaryStructure_group3_D100,0.01190513624397303,0.7158967730041715,-0.07711999542755499,0.018223567448980627,0.7547649058819234,0.03281224543374409,-0.06521485918358196
dim 448,448,0.10351327,SolventAccessibility_C1,-0.3089478861419968,3.5871245592571975e-22,-0.3073391850324942,6.016926019765821e-22,2.0136127778015196e-21,1.122711335531723e-20,0.0016087011095026194
dim 448,448,0.10351327,SolventAccessibility_C2,-0.20438505630797954,2.7061056229873463e-10,0.11408622880132095,0.00046700693177036796,8.510509057561854e-10,0.0012043588399857168,0.09029882750665859
dim 448,448,0.10351327,SolventAccessibility_C3,0.46510063955486614,1.809011291435373e-51,0.1996996116591067,6.961663854760041e-10,2.571105409954956e-50,4.362468531875898e-09,0.2654010278957594
dim 448,448,0.10351327,SolventAccessibility_T12,-0.39804214678854744,6.193400608991789e-37,-0.11462161107119838,0.0004388793740722732,5.6673857627486506e-36,0.001138087817858224,0.28342053571734904
dim 448,448,0.10351327,SolventAccessibility_T13,0.2530920005954063,3.681454848108294e-15,0.012436668018931275,0.7037979932706004,1.5427928723565498e-14,0.7581206829672559,0.24065533257647503
dim 448,448,0.10351327,SolventAccessibility_T23,0.13626647343911996,2.8498168886004886e-05,0.15620991514527083,1.5490707585433335e-06,5.744350276358257e-05,6.122954240869507e-06,-0.019943441706150866
dim 448,448,0.10351327,SolventAccessibility_group1_D0,-0.006230315075701464,0.8489486404866181,0.013658313520870517,0.6762771928436327,0.8751507590201557,0.7369545918752801,-0.0074279984451690526
dim 448,448,0.10351327,SolventAccessibility_group1_D25,-0.14241790753566852,1.2088709960451641e-05,-0.02247523800965721,0.49199090694181774,2.5393893879187726e-05,0.5705727879116914,0.1199426695260113
dim 448,448,0.10351327,SolventAccessibility_group1_D50,-0.1905617078342107,4.118782738475033e-09,-0.05402306660693776,0.09839799746436854,1.1808355662237433e-08,0.14724431520205686,0.13653864122727294
dim 448,448,0.10351327,SolventAccessibility_group1_D75,-0.15475952646760124,1.939393172820488e-06,-0.02492081276918723,0.4460973172946019,4.385628434137055e-06,0.5283563970794221,0.12983871369841402
dim 448,448,0.10351327,SolventAccessibility_group1_D100,-0.041582799949814675,0.20347282857196275,-0.06765241200663656,0.03840748440146954,0.24560869079521344,0.06401247400244924,-0.026069612056821886
dim 448,448,0.10351327,SolventAccessibility_group2_D0,0.03808101640380125,0.24420376194249357,0.05832139712254209,0.07436186232043185,0.28882456263736844,0.11537165023522197,-0.02024038071874084
dim 448,448,0.10351327,SolventAccessibility_group2_D25,0.24363446569091066,3.9679454772167774e-14,-0.0217895595722651,0.5052979080711378,1.5833856504066949e-13,0.5830281300892103,0.22184490611864555
dim 448,448,0.10351327,SolventAccessibility_group2_D50,0.089452340343704,0.006143612657589869,-0.05397991098847883,0.09866751968634459,0.009460427052259182,0.14751545020250265,0.03547242935522517
dim 448,448,0.10351327,SolventAccessibility_group2_D75,0.13779343492367332,2.3111375247985028e-05,-0.012480951802081156,0.7027933213190916,4.706828861479878e-05,0.7577421633761736,0.12531248312159216
dim 448,448,0.10351327,SolventAccessibility_group2_D100,-0.2091021280794241,1.0213870460501236e-10,-0.09142589671254886,0.005098872716349253,3.3120706153470026e-10,0.01059753259029652,0.11767623136687524
dim 448,448,0.10351327,SolventAccessibility_group3_D0,0.23598318816260014,2.526332098925086e-13,0.1485171039064855,4.984257148273663e-06,9.643370526182615e-13,1.815421905696187e-05,0.08746608425611463
dim 448,448,0.10351327,SolventAccessibility_group3_D25,0.052627328621719094,0.10741710460061966,0.07658665884227084,0.019044053500825876,0.13714569165369636,0.03414231813889341,-0.023959330220551744
dim 448,448,0.10351327,SolventAccessibility_group3_D50,0.1247009900215705,0.0001297113870728184,0.08376075925979454,0.01031635784907116,0.00024756344732755056,0.01980266391718257,0.04094023076177597
dim 448,448,0.10351327,SolventAccessibility_group3_D75,-0.08314829654636012,0.010889654781716555,-0.05730607801829622,0.07955661170846233,0.016244505123239522,0.12233843605260783,0.0258422185280639
dim 448,448,0.10351327,SolventAccessibility_group3_D100,0.11273064325609157,0.0005459094824614562,-0.0062678867227386045,0.8480487739966796,0.0009606626298320673,0.8776187460362269,0.10646275653335296
dim 95,95,0.102333866,AAC_A,0.17727001400471376,4.6976689855273097e-08,0.10709078486132073,0.0010264760571408603,1.2432816491015227e-07,0.0024682721604395055,0.07017922914339303
dim 95,95,0.102333866,AAC_C,0.31657103489809185,2.959679976154673e-23,0.31498206784408794,5.0084019389781515e-23,1.7342686176064222e-22,1.0200038095235991e-21,0.0015889670540039091
dim 95,95,0.102333866,AAC_D,-0.30564731957079383,1.0330332396882066e-21,-0.21880754371729713,1.2783236262054407e-11,5.731446878004336e-21,9.837790118723899e-11,0.0868397758534967
dim 95,95,0.102333866,AAC_E,-0.5963852357525955,2.4918666303369e-91,-0.45999704968766375,3.031759277049831e-50,1.8093118576794016e-89,3.7503985130912727e-48,0.13638818606493175
dim 95,95,0.102333866,AAC_F,-0.2114775095095442,6.198343706393436e-11,-0.14765650211846348,5.6602219316982114e-06,2.0456984169322208e-10,2.0437990542564355e-05,0.06382100739108071
dim 95,95,0.102333866,AAC_G,0.29907937229828074,8.145200848905555e-21,0.22695746002233247,2.0663406864620873e-12,4.3808326626963854e-20,1.699896032705264e-11,0.07212191227594827
dim 95,95,0.102333866,AAC_H,-0.3866298252044531,8.982900124507142e-35,-0.21786263455564372,1.571851348149093e-11,7.673372484873109e-34,1.2041246566096262e-10,0.16876719064880938
dim 95,95,0.102333866,AAC_I,-0.30435791048483757,1.5559099765095965e-21,-0.19530406370420475,1.6547646386675526e-09,8.589651771143887e-21,9.887144710464446e-09,0.10905384678063282
dim 95,95,0.102333866,AAC_K,-0.3453225732768303,1.2416074208210422e-27,-0.17792752578589807,4.1822209780323484e-08,8.463201603147513e-27,2.094245587200606e-07,0.16739504749093223
dim 95,95,0.102333866,AAC_L,-0.47241059471326047,2.933844471052342e-53,-0.36657510949577166,3.551846092050427e-31,4.494972721704047e-52,1.46458838857388e-29,0.10583548521748881
dim 95,95,0.102333866,AAC_M,-0.28341453951058615,9.081962444320037e-19,-0.17461070829963254,7.483662676695304e-08,4.540981222160018e-18,3.6120568410639184e-07,0.1088038312109536
dim 95,95,0.102333866,AAC_N,0.1601091885641497,8.380708890280526e-07,0.18327839347227629,1.5981722926396733e-08,1.9670813558353447e-06,8.554319643295688e-08,-0.023169204908126573
dim 95,95,0.102333866,AAC_P,0.24188889557362103,6.087419827637658e-14,-0.009227968768495822,0.7778658567509374,2.397639413244078e-13,0.8211352596549086,0.2326609268051252
dim 95,95,0.102333866,AAC_Q,0.0595402771179164,0.06849467237977126,0.1270965952702078,9.574789679162867e-05,0.09103549771127578,0.0002783272195683549,-0.0675563181522914
dim 95,95,0.102333866,AAC_R,0.013969417478498034,0.6693354288775539,-0.05866547487610457,0.0726655123226988,0.7117415894463642,0.11325376162287167,-0.04469605739760654
dim 95,95,0.102333866,AAC_S,0.5261103850584512,7.93699476865419e-68,0.36498482866629944,6.683489250646206e-31,2.1039335339130949e-66,2.657482630614087e-29,0.16112555639215176
dim 95,95,0.102333866,AAC_T,0.5172272171467601,3.1073677678492657e-65,0.3405276877482571,7.18831508270933e-27,7.466624708357228e-64,1.9362074496975131e-25,0.17669952939850303
dim 95,95,0.102333866,AAC_V,0.011015364476538727,0.7363088009731629,0.027606293697026735,0.3986280082804653,0.7745736677953903,0.4835557236680047,-0.016590929220488007
dim 95,95,0.102333866,AAC_W,0.043163679330765835,0.18679780784573694,-0.032804375965574256,0.3158191489732933,0.22687442843809505,0.397451378135192,0.010359303365191579
dim 95,95,0.102333866,AAC_Y,0.09306287700287298,0.004357048968849342,0.1498919994563073,4.061786601044374e-06,0.00684503459828636,1.5023662511061141e-05,-0.056829122453434314
dim 95,95,0.102333866,Hydrophobicity_C1,-0.4656378638675901,1.340792865278658e-51,-0.2827271834629771,1.1094262208775763e-18,1.9386355714418693e-50,1.5439514907212937e-17,0.182910680404613
dim 95,95,0.102333866,Hydrophobicity_C2,0.5603339394939595,1.4326718994899165e-78,0.3919989870554932,8.852645568349549e-36,5.629557816819202e-77,5.279970749694195e-34,0.1683349524384663
dim 95,95,0.102333866,Hydrophobicity_C3,-0.5418849423274158,1.2627220953839627e-72,-0.398794680161257,4.4299547324351254e-37,4.016658855792796e-71,2.959209761266664e-35,0.14309026216615878
dim 95,95,0.102333866,Hydrophobicity_T12,0.024073521098394793,0.46171581603430195,0.08834915222735765,0.0068080389883582405,0.5143865328734385,0.01357543296783076,-0.06427563112896285
dim 95,95,0.102333866,Hydrophobicity_T13,-0.467213827763335,5.551746769321129e-52,-0.27878569938431663,3.458146120889767e-18,8.168649431512145e-51,4.601676511462877e-17,0.18842812837901834
dim 95,95,0.102333866,Hydrophobicity_T23,0.04325135875025214,0.18590338024915323,-0.07369771021416414,0.024072037728264998,0.22587024009900755,0.042138682396438726,-0.030446351463912003
dim 95,95,0.102333866,Hydrophobicity_group1_D0,-0.09741316760875399,0.0028359429331563874,-0.10191096215146597,0.0017870637194138364,0.004562644218083976,0.004065935165423851,-0.004497794542711986
dim 95,95,0.102333866,Hydrophobicity_group1_D25,0.3311522809239934,2.040157270034928e-25,0.12949245171681048,7.029644269383188e-05,1.2930028997944325e-24,0.00020944702818679613,0.20165982920718292
dim 95,95,0.102333866,Hydrophobicity_group1_D50,0.14037668837571815,1.6132427924245122e-05,0.025818123543528363,0.4298892631677642,3.3539460511590936e-05,0.513346492306161,0.11455856483218979
dim 95,95,0.102333866,Hydrophobicity_group1_D75,0.1575444563814999,1.2574372695341206e-06,0.03067054928884645,0.348343658251465,2.894445541174337e-06,0.4321945834174937,0.12687390709265345
dim 95,95,0.102333866,Hydrophobicity_group1_D100,-0.10900381661681283,0.0008312739191321178,0.014327534850919699,0.6613794559584512,0.0014333788796599245,0.7242647157053203,0.09467628176589313
dim 95,95,0.102333866,Hydrophobicity_group2_D0,-0.227269969885089,1.9241499147724966e-12,-0.1520250551618644,2.9461295885264867e-06,6.9327515807336986e-12,1.1143910334856699e-05,0.07524491472322459
dim 95,95,0.102333866,Hydrophobicity_group2_D25,-0.20799109614238281,1.2875558861961658e-10,0.0026552028648438603,0.9353078554832286,4.1510006369644734e-10,0.9501161293933819,0.20533589327753896
dim 95,95,0.102333866,Hydrophobicity_group2_D50,0.0409813278435559,0.21009323065721178,0.16875653964092924,2.0348076630996e-07,0.25259589287080175,9.322712750003654e-07,-0.12777521179737333
dim 95,95,0.102333866,Hydrophobicity_group2_D75,0.018285209224796695,0.5761493165765118,0.15653595698623995,1.4723464016273896e-06,0.6247852978459576,5.833495826139361e-06,-0.13825074776144325
dim 95,95,0.102333866,Hydrophobicity_group2_D100,0.19855778987609302,8.734196001071626e-10,0.1431341917680342,1.0914261495303444e-05,2.63763242708673e-09,3.735003421548515e-05,0.0554235981080588
dim 95,95,0.102333866,Hydrophobicity_group3_D0,0.2149786330270043,2.936727042293834e-11,0.06666055752927706,0.04134477824099214,9.887770485142545e-11,0.06832833217462334,0.14831807549772724
dim 95,95,0.102333866,Hydrophobicity_group3_D25,0.04727263194764284,0.14820143542350034,-0.17082031718701418,1.4357139046891015e-07,0.18401219119497814,6.68798387958382e-07,-0.12354768523937135
dim 95,95,0.102333866,Hydrophobicity_group3_D50,-0.10524606280531137,0.001254046697534912,-0.23035941832930867,9.455436430206829e-13,0.002109021132812994,8.07702242375724e-12,-0.1251133555239973
dim 95,95,0.102333866,Hydrophobicity_group3_D75,-0.18156924920118836,2.1798655297945816e-08,-0.23646933426722344,2.2502945071686154e-13,5.928950219473862e-08,2.059173603820048e-12,-0.05490008506603508
dim 95,95,0.102333866,Hydrophobicity_group3_D100,-0.052639572011882005,0.10733523958722808,-0.08757910603786673,0.007309307261380368,0.13709357561045576,0.014479885084822319,-0.03493953402598472
dim 95,95,0.102333866,NormVanDerWaalsVolume_C1,0.5279134454364494,2.3117643079870385e-68,0.34917924634776065,2.9570402202908725e-28,6.226849023126378e-67,9.588848869681081e-27,0.1787341990886887
dim 95,95,0.102333866,NormVanDerWaalsVolume_C2,-0.49864624168933486,4.720928117307178e-60,-0.3253760387174517,1.5139533007111583e-24,9.61273652132727e-59,3.3710693495835126e-23,0.17327020297188317
dim 95,95,0.102333866,NormVanDerWaalsVolume_C3,-0.4058839649806291,1.8067519284330404e-38,-0.24304803583464793,4.5832260574304575e-14,1.769663179169019e-37,4.4891422380697147e-13,0.1628359291459812
dim 95,95,0.102333866,NormVanDerWaalsVolume_T12,0.09309217196987261,0.004344712816890454,-0.017789704572271383,0.5865329300986921,0.006828866262783114,0.6591588110799569,0.07530246739760123
dim 95,95,0.102333866,NormVanDerWaalsVolume_T13,0.03610406873247061,0.2695728770744284,0.057507632180612,0.07850259407014934,0.31536721871404233,0.12094034326305295,-0.021403563448141393
dim 95,95,0.102333866,NormVanDerWaalsVolume_T23,-0.4459957896377311,5.441067838124932e-47,-0.280289375909131,2.2460333370967522e-18,6.9099492697099896e-46,3.024899736251271e-17,0.16570641372860012
dim 95,95,0.102333866,NormVanDerWaalsVolume_group1_D0,-0.22060285435197916,8.608805448745138e-12,-0.14432197394655302,9.202838773712429e-06,2.985816220021678e-11,3.201820990020783e-05,0.07628088040542613
dim 95,95,0.102333866,NormVanDerWaalsVolume_group1_D25,-0.2120019508008915,5.546744081844099e-11,-0.044827204770989997,0.17036288451134318,1.836087733732338e-10,0.23758331284671658,0.16717474602990148
dim 95,95,0.102333866,NormVanDerWaalsVolume_group1_D50,0.08082108540649904,0.013334172423101531,0.17214183128027882,1.1458331177083843e-07,0.019619443124739698,5.413129580121647e-07,-0.09132074587377978
dim 95,95,0.102333866,NormVanDerWaalsVolume_group1_D75,0.032827027499918844,0.31548492496381325,0.16249292612683888,5.714839787487487e-07,0.36473508112811914,2.4070069218421447e-06,-0.12966589862692005
dim 95,95,0.102333866,NormVanDerWaalsVolume_group1_D100,0.2644530473326523,1.853479890410119e-16,0.22177889582710866,6.632266348867359e-12,8.309560850966171e-16,5.1999459167176e-11,0.04267415150554363
dim 95,95,0.102333866,NormVanDerWaalsVolume_group2_D0,-0.09800472208315446,0.002671594533034943,-0.13639780069834975,2.7991679354464004e-05,0.004310688763447686,8.957481560276026e-05,-0.038393078615195295
dim 95,95,0.102333866,NormVanDerWaalsVolume_group2_D25,0.16246515244243978,5.740574193383752e-07,-0.012839047090073996,0.6946883341108303,1.3666085392659822e-06,0.7513792214799784,0.14962610535236578
dim 95,95,0.102333866,NormVanDerWaalsVolume_group2_D50,-0.09734109814492073,0.0028565832197076347,-0.16698369984806724,2.7363111457056273e-07,0.004591428274217276,1.2317087906545546e-06,-0.06964260170314651
dim 95,95,0.102333866,NormVanDerWaalsVolume_group2_D75,-0.07788043424136927,0.017107200169660608,-0.10305362843785205,0.0015846311433573245,0.024788741243673074,0.0036678226048603353,-0.025173194196482784
dim 95,95,0.102333866,NormVanDerWaalsVolume_group2_D100,-0.14570245263410625,7.535197491565407e-06,-0.09017560661810888,0.00574025579882359,1.6133051039633626e-05,0.011747827431415926,0.055526846015997375
dim 95,95,0.102333866,NormVanDerWaalsVolume_group3_D0,0.21091228631900708,6.984313534592717e-11,0.1453354966225728,7.947898639688687e-06,2.2937666868770576e-10,2.794313837532654e-05,0.06557678969643427
dim 95,95,0.102333866,NormVanDerWaalsVolume_group3_D25,0.07906727565811089,0.015484460747960052,0.0005904302499398282,0.9855995917862782,0.022604064203752872,0.9889979056919698,0.07847684540817107
dim 95,95,0.102333866,NormVanDerWaalsVolume_group3_D50,0.017099986642693722,0.6011288290671664,-0.04431189153863474,0.17533400357298193,0.6470416658344621,0.24380331887333873,-0.027211904895941018
dim 95,95,0.102333866,NormVanDerWaalsVolume_group3_D75,-0.07093739352029567,0.02991128545303497,-0.14319562902948094,1.0818757412134444e-05,0.04183571750968878,3.7099229729495936e-05,-0.07225823550918527
dim 95,95,0.102333866,NormVanDerWaalsVolume_group3_D100,-0.026938464424909277,0.4101399254541133,0.03638054817429836,0.2659202612902114,0.46341926624382224,0.34469966325702267,-0.009442083749389082
dim 95,95,0.102333866,Polarity_C1,-0.4809780622430603,2.058591791351489e-55,-0.31648673517796755,3.0436848460996834e-23,3.337716787919405e-54,6.314228190045307e-22,0.16449132706509273
dim 95,95,0.102333866,Polarity_C2,0.5437838658150135,3.2089042047740704e-73,0.3612564147048533,2.9016967117913367e-30,1.0405572858199413e-71,1.1139847146417315e-28,0.18252745111016017
dim 95,95,0.102333866,Polarity_C3,-0.506284335629668,3.8251335776839414e-62,-0.3168049040109665,2.738441554921881e-23,8.460891489711499e-61,5.716496745899426e-22,0.1894794316187015
dim 95,95,0.102333866,Polarity_T12,0.2685086338934259,6.154131661181915e-17,0.10935790055047653,0.000799153418658682,2.842987517060525e-16,0.001956871274428151,0.15915073334294935
dim 95,95,0.102333866,Polarity_T13,-0.4705150379632176,8.625392422219788e-53,-0.26394268066283677,2.1264949051498283e-16,1.2976941752348691e-51,2.5186145330497967e-15,0.20657235730038082
dim 95,95,0.102333866,Polarity_T23,0.12267390450457372,0.00016700444904603219,0.10817901856844049,0.0009107868261336289,0.0003144277676514924,0.0022091706603386495,0.014494885936133226
dim 95,95,0.102333866,Polarity_group1_D0,0.14258065270043666,1.1811741037355484e-05,0.030370147140339317,0.3530874534660156,2.4874662714229078e-05,0.4375926139430398,0.11221050556009735
dim 95,95,0.102333866,Polarity_group1_D25,0.03707546379438564,0.2568903169857134,-0.13346438985482068,4.161952828597533e-05,0.3017369758034763,0.00012943130770498847,-0.09638892606043503
dim 95,95,0.102333866,Polarity_group1_D50,-0.06068228526016138,0.06334756125040734,-0.16376613305329735,4.6472932263751854e-07,0.08466620831386977,2.008015443220326e-06,-0.10308384779313597
dim 95,95,0.102333866,Polarity_group1_D75,-0.1388824398333587,1.9876729003446423e-05,-0.2347380389822482,3.393801216442378e-13,4.080410256392812e-05,3.030827824309503e-12,-0.0958555991488895
dim 95,95,0.102333866,Polarity_group1_D100,0.044327491083580174,0.17518194899395922,0.05965868594318857,0.06794553137286989,0.21416826853580667,0.10659374109224304,-0.015331194859608398
dim 95,95,0.102333866,Polarity_group2_D0,-0.2495540872940243,9.06447116793691e-15,-0.17462845995256418,7.460611367208611e-08,3.733086769532587e-14,3.606142108028475e-07,0.07492562734146013
dim 95,95,0.102333866,Polarity_group2_D25,-0.278326766600498,3.942919585870691e-18,-0.08682477581996159,0.007832147578621726,1.9141499152337365e-17,0.015396923432958546,0.1915019907805364
dim 95,95,0.102333866,Polarity_group2_D50,-0.03317135385294614,0.3104329519713911,0.11185412500008154,0.0006033488963674636,0.3593920483828236,0.001506117573891875,-0.0786827711471354
dim 95,95,0.102333866,Polarity_group2_D75,-0.0004935917336524264,0.9879612562533978,0.14927588979313275,4.452919585086136e-06,0.990036182384143,1.6361662721878655e-05,-0.14878229805948032
dim 95,95,0.102333866,Polarity_group2_D100,0.18682822846093908,8.308830871124029e-09,0.15934564649310087,9.463033797364216e-07,2.3379524102404598e-08,3.849760399902129e-06,0.027482581967838204
dim 95,95,0.102333866,Polarity_group3_D0,-0.03167159915014507,0.33282921092760365,-0.05318639640920968,0.10372896675555895,0.3830632544790476,0.15421036834780233,-0.021514797259064605
dim 95,95,0.102333866,Polarity_group3_D25,0.39078470835803797,1.5007193005109515e-35,0.175960486161373,5.9135938072005696e-08,1.3190532799227837e-34,2.896100192969194e-07,0.21482422219666497
dim 95,95,0.102333866,Polarity_group3_D50,0.144809442532026,8.57733601547941e-06,-0.006723513525694603,0.837152274534558,1.822411087258348e-05,0.8691602725972719,0.13808592900633138
dim 95,95,0.102333866,Polarity_group3_D75,0.13467665044282903,3.536178965408097e-05,0.0075887674959182775,0.81654664394472,7.063898172525744e-05,0.8536043163616165,0.12708788294691076
dim 95,95,0.102333866,Polarity_group3_D100,-0.10626909863732545,0.0011226670020673282,0.00015254704258797856,0.9962792373553268,0.0018995480176823083,0.9977133039443459,0.10611655159473747
dim 95,95,0.102333866,Polarizability_C1,0.5067626286902779,2.8178200226810855e-62,0.3476327717341445,5.269484265208409e-28,6.316455621311964e-61,1.660384664697744e-26,0.1591298569561334
dim 95,95,0.102333866,Polarizability_C2,-0.42371088344453023,4.086435463548197e-42,-0.2979534557146155,1.1543431147176777e-20,4.5194352477652247e-41,1.9277530015785219e-19,0.12575742772991472
dim 95,95,0.102333866,Polarizability_C3,-0.4058839649806291,1.8067519284330404e-38,-0.24304803583464793,4.5832260574304575e-14,1.769663179169019e-37,4.4891422380697147e-13,0.1628359291459812
dim 95,95,0.102333866,Polarizability_T12,0.34896541347644267,3.2035726064023657e-28,0.1407518357911669,1.5303726934497612e-05,2.2338063685561384e-27,5.1371304483640226e-05,0.20821357768527576
dim 95,95,0.102333866,Polarizability_T13,0.02287957110468971,0.4842328741863081,0.05756698555272663,0.07819438019191649,0.5367865249858178,0.12057674507894786,-0.03468741444803692
dim 95,95,0.102333866,Polarizability_T23,-0.43070762586362255,1.3168902658445662e-43,-0.2713286063648518,2.827375099210969e-17,1.5219423833636165e-42,3.4975677153202357e-16,0.15937901949877076
dim 95,95,0.102333866,Polarizability_group1_D0,-0.20380663997944184,3.044666025586904e-10,-0.140629467585648,1.5569480324971023e-05,9.503910771458186e-10,5.205411840380702e-05,0.06317717239379383
dim 95,95,0.102333866,Polarizability_group1_D25,-0.1580259715729084,1.1657819645272741e-06,0.023498376043062985,0.4724890898620303,2.700216200777459e-06,0.5526168040785842,0.13452759552984542
dim 95,95,0.102333866,Polarizability_group1_D50,0.020947752843733892,0.5218901002500503,0.19785984206344503,1.0026521176593326e-09,0.572638940484615,6.201589024041057e-09,-0.17691208921971113
dim 95,95,0.102333866,Polarizability_group1_D75,0.04286799235922156,0.18983754046951984,0.19647318938411723,1.3169365351795848e-09,0.23048251005750503,8.011963620218239e-09,-0.15360519702489567
dim 95,95,0.102333866,Polarizability_group1_D100,0.20129791878569023,5.056355585282518e-10,0.2004407129036338,6.004296080708103e-10,1.5522268065113612e-09,3.819875982774298e-09,0.0008572058820564277
dim 95,95,0.102333866,Polarizability_group2_D0,-0.2011634319759401,5.194781280295404e-10,-0.19221999386453315,3.0020769931962293e-09,1.5917953647877659e-09,1.746853163288398e-08,0.008943438111406965
dim 95,95,0.102333866,Polarizability_group2_D25,0.09239380810620246,0.004647565196359762,-0.052792990434511036,0.10631359001710979,0.0072774813670143474,0.15718786660342923,0.03960081767169142
dim 95,95,0.102333866,Polarizability_group2_D50,0.04121909444682425,0.20745776690001547,-0.14330220896011348,1.0654966004938123e-05,0.24978692914421474,3.6688233460302406e-05,-0.10208311451328922
dim 95,95,0.102333866,Polarizability_group2_D75,-0.08898039172045907,0.006420372479755311,-0.17752639288800667,4.489761324010664e-08,0.00986386572326713,2.2315182771124432e-07,-0.0885460011675476
dim 95,95,0.102333866,Polarizability_group2_D100,0.045191755711130856,0.16691034167466784,0.012126140918131325,0.7108573812307576,0.2048054890497394,0.7631834308295501,0.033065614792999534
dim 95,95,0.102333866,Polarizability_group3_D0,0.21091228631900708,6.984313534592717e-11,0.1453354966225728,7.947898639688687e-06,2.2937666868770576e-10,2.794313837532654e-05,0.06557678969643427
dim 95,95,0.102333866,Polarizability_group3_D25,0.07906727565811089,0.015484460747960052,0.0005904302499398282,0.9855995917862782,0.022604064203752872,0.9889979056919698,0.07847684540817107
dim 95,95,0.102333866,Polarizability_group3_D50,0.017099986642693722,0.6011288290671664,-0.04431189153863474,0.17533400357298193,0.6470416658344621,0.24380331887333873,-0.027211904895941018
dim 95,95,0.102333866,Polarizability_group3_D75,-0.07093739352029567,0.02991128545303497,-0.14319562902948094,1.0818757412134444e-05,0.04183571750968878,3.7099229729495936e-05,-0.07225823550918527
dim 95,95,0.102333866,Polarizability_group3_D100,-0.026938464424909277,0.4101399254541133,0.03638054817429836,0.2659202612902114,0.46341926624382224,0.34469966325702267,-0.009442083749389082
dim 95,95,0.102333866,Charge_C1,-0.38234856753415786,5.528015774490254e-34,-0.24921172023833021,9.883003526858623e-15,4.592928529054091e-33,1.0546080440801214e-13,0.13313684729582764
dim 95,95,0.102333866,Charge_C2,0.5760963096191853,5.920336134986393e-84,0.43345330188744513,3.3457998069964007e-44,3.089675420446024e-82,3.192848958676565e-42,0.1426430077317402
dim 95,95,0.102333866,Charge_C3,-0.5800435664872327,2.3868012040799043e-85,-0.4462754724918571,4.700636047367517e-47,1.3286526702711468e-83,5.233374799402503e-45,0.13376809399537554
dim 95,95,0.102333866,Charge_T12,-0.30972374654591467,2.791977057567461e-22,-0.20650665807421847,1.750934174700175e-10,1.5752032723438041e-21,1.1838299885624666e-09,0.1032170884716962
dim 95,95,0.102333866,Charge_T13,-0.4488032454825693,1.2453817686813336e-47,-0.30075378711993733,4.8356651485208575e-21,1.6122384137192457e-46,8.412042497947742e-20,0.14804945836263195
dim 95,95,0.102333866,Charge_T23,-0.5352643748850959,1.3999902685655425e-70,-0.39974100156872117,2.9030898181430115e-37,4.1380243336362055e-69,1.9788408148158487e-35,0.13552337331637476
dim 95,95,0.102333866,Charge_group1_D0,-0.08858309211253682,0.006661984047106832,-0.12914749536491765,7.35189019769348e-05,0.010198508621421316,0.0002184636411058383,-0.04056440325238084
dim 95,95,0.102333866,Charge_group1_D25,0.029773560860923358,0.3626287223403517,-0.06135102161794804,0.06048459892511855,0.4140786094416324,0.09610778325875165,-0.03157746075702468
dim 95,95,0.102333866,Charge_group1_D50,-0.12182520847029901,0.00018543198166382408,-0.16501997235939944,3.785172397995358e-07,0.0003473599656518073,1.6634836591190127e-06,-0.04319476388910043
dim 95,95,0.102333866,Charge_group1_D75,-0.001463143810718777,0.9643243244511034,-0.07159187704695852,0.028426689754396835,0.9724768247785885,0.04894079576272445,-0.07012873323623975
dim 95,95,0.102333866,Charge_group1_D100,0.006736903207867694,0.8368325153947845,0.051191210883134455,0.11736703165102601,0.8650636339890376,0.171781720295542,-0.04445430767526676
dim 95,95,0.102333866,Charge_group2_D0,-0.13068147211936196,6.0181861569667943e-05,-0.14294096347311772,1.1219900741756075e-05,0.00011803136678960125,3.83174524309461e-05,-0.012259491353755758
dim 95,95,0.102333866,Charge_group2_D25,-0.10120030951580514,0.0019246592709905642,-0.00369183625179629,0.9101428783250755,0.003154250228218098,0.9293418568039596,0.09750847326400884
dim 95,95,0.102333866,Charge_group2_D50,0.0945842513517655,0.0037566902165158495,0.11105753845270265,0.0006603728818382713,0.0059664029116324,0.0016374502044096705,-0.01647328710093715
dim 95,95,0.102333866,Charge_group2_D75,0.06893815591198904,0.0348650712038336,0.1008549662553834,0.0019949723030212823,0.04827916161724885,0.004496091425162674,-0.03191681034339436
dim 95,95,0.102333866,Charge_group2_D100,0.12944140954395858,7.076470227562313e-05,0.02736043598022567,0.4028432816991903,0.00013805730467323672,0.4867932564671837,0.10208097356373291
dim 95,95,0.102333866,Charge_group3_D0,0.07077350945296601,0.030293284402852803,0.09403538862983835,0.003964033705777965,0.042352268692142474,0.008449184797254884,-0.023261879176872335
dim 95,95,0.102333866,Charge_group3_D25,0.17172231230068144,1.231108871584449e-07,0.06010866043990079,0.06589157544169445,3.1412556387257906e-07,0.10371247029936827,0.11161365186078065
dim 95,95,0.102333866,Charge_group3_D50,0.020904790577268767,0.5227443362282838,0.011345155826619846,0.7287205556199793,0.5733878761912866,0.7788565298466339,0.00955963475064892
dim 95,95,0.102333866,Charge_group3_D75,-0.016456279189967053,0.6148968806371747,-0.0041115064832542205,0.8999792027972907,0.6590999940077547,0.9220645820070401,0.012344772706712833
dim 95,95,0.102333866,Charge_group3_D100,-0.11957265216198149,0.00024401932897764883,-0.031034499549607943,0.3426507957473027,0.0004488020698157197,0.4267165017882144,0.08853815261237355
dim 95,95,0.102333866,SecondaryStructure_C1,-0.564351917623753,6.4748706991239245e-80,-0.4101842333531789,2.497732549137506e-39,2.7374769791232795e-78,1.8960060713907434e-37,0.15416768427057415
dim 95,95,0.102333866,SecondaryStructure_C2,0.2999767228856638,6.162119015949603e-21,0.22566019564911396,2.7748884144889376e-12,3.330336167196064e-20,2.2660457956951225e-11,0.07431652723654983
dim 95,95,0.102333866,SecondaryStructure_C3,0.5507832120146945,1.9062695717456793e-75,0.3801061926211643,1.4165871080619804e-33,6.7020424943479675e-74,7.061792449144798e-32,0.1706770193935302
dim 95,95,0.102333866,SecondaryStructure_T12,-0.4084099121035839,5.670791314511953e-39,-0.25764276594722174,1.1316107651241737e-15,5.653863579244753e-38,1.2725858436076566e-14,0.15076714615636216
dim 95,95,0.102333866,SecondaryStructure_T13,-0.3870752847097164,7.423898241235252e-35,-0.27491961771565915,1.036228227282873e-17,6.374246818952633e-34,1.320993236307174e-16,0.11215566699405727
dim 95,95,0.102333866,SecondaryStructure_T23,0.5218085797796735,1.4615782558433795e-66,0.36511130976007206,6.356584173558311e-31,3.6160528700125095e-65,2.557950739721055e-29,0.1566972700196015
dim 95,95,0.102333866,SecondaryStructure_group1_D0,-0.025315957762165598,0.4389174115668455,-0.0701502516532434,0.031784499305271365,0.4917759659957276,0.053861099786710484,-0.044834293891077806
dim 95,95,0.102333866,SecondaryStructure_group1_D25,-0.07872881352651341,0.015932847387903213,-0.06609855158676722,0.04309187401142705,0.023207898070473933,0.07093487392713965,0.012630261939746187
dim 95,95,0.102333866,SecondaryStructure_group1_D50,-0.26000062402620705,6.084967557227204e-16,-0.2119254047314093,5.637500291516137e-11,2.6671642573673043e-15,3.9808141593369767e-10,0.048075219294797744
dim 95,95,0.102333866,SecondaryStructure_group1_D75,-0.11472539241090823,0.0004336130447977106,-0.023480574725478133,0.4728247241196044,0.0007715863450316213,0.5527597404828417,0.09124481768543011
dim 95,95,0.102333866,SecondaryStructure_group1_D100,-0.1128187787249191,0.0005404244041252799,-0.021827198692163492,0.5045625660419801,0.0009520134545244909,0.5827244019986907,0.09099158003275562
dim 95,95,0.102333866,SecondaryStructure_group2_D0,-0.011321631247567476,0.7292609701464118,-0.06782721008008047,0.03790863544367513,0.7681272911665138,0.06327578329928782,-0.05650557883251299
dim 95,95,0.102333866,SecondaryStructure_group2_D25,-0.051068599395397755,0.11824893594673556,-0.018433419606156052,0.5730603877686457,0.1497730170883947,0.6463599225152608,0.0326351797892417
dim 95,95,0.102333866,SecondaryStructure_group2_D50,0.007241683491883415,0.8247979390766066,-0.012878693706217916,0.6937931067921305,0.8550046916560726,0.7508972704749565,-0.005637010214334501
dim 95,95,0.102333866,SecondaryStructure_group2_D75,0.033290695255606004,0.30869448005492545,-0.07488961445367766,0.021873051220601732,0.35787558604076747,0.03879765856442368,-0.041598919198071654
dim 95,95,0.102333866,SecondaryStructure_group2_D100,0.043644320909961676,0.181933539514482,-0.001213236237843762,0.9704147172810551,0.22184008612786063,0.9777330786481823,0.04243108467211791
dim 95,95,0.102333866,SecondaryStructure_group3_D0,-0.15943239833842066,9.3336082536318e-07,-0.10999414380903363,0.0007443096647684155,2.184600670436595e-06,0.0018292820311453333,0.04943825452938702
dim 95,95,0.102333866,SecondaryStructure_group3_D25,0.04555830568065596,0.16349207010157973,0.07288081802190943,0.02568746373756095,0.20135085329619332,0.044732079709829814,-0.02732251234125347
dim 95,95,0.102333866,SecondaryStructure_group3_D50,0.29023514129674044,1.209171649969534e-19,0.2477836150033358,1.4154482435193478e-14,6.222855640829342e-19,1.4820053709575617e-13,0.04245152629340465
dim 95,95,0.102333866,SecondaryStructure_group3_D75,0.1624896478061069,5.717871608340383e-07,0.1514435696212227,3.217069469066367e-06,1.3621748339412894e-06,1.2050372162569472e-05,0.011046078184884178
dim 95,95,0.102333866,SecondaryStructure_group3_D100,0.1846108826644673,1.2520949082586422e-08,0.13681649036951135,2.6433356171406674e-05,3.467659198659921e-08,8.497344524783281e-05,0.04779439229495594
dim 95,95,0.102333866,SolventAccessibility_C1,-0.0991968908089313,0.0023664947596142337,-0.05760467515922106,0.07799917433002786,0.003846273721222161,0.12033128972854183,0.041592215649710246
dim 95,95,0.102333866,SolventAccessibility_C2,-0.4656378638675901,1.340792865278658e-51,-0.2827271834629771,1.1094262208775763e-18,1.9386355714418693e-50,1.5439514907212937e-17,0.182910680404613
dim 95,95,0.102333866,SolventAccessibility_C3,0.5482524306507282,1.2336481815343353e-74,0.3612905767170806,2.863173836686076e-30,4.2478195116749274e-73,1.1119768156431971e-28,0.18696185393364756
dim 95,95,0.102333866,SolventAccessibility_T12,-0.46250943779994963,7.61397327700115e-51,-0.24872027651355266,1.1186265537345423e-14,1.0596112810493267e-49,1.186099266499483e-13,0.21378916128639697
dim 95,95,0.102333866,SolventAccessibility_T13,0.4369531610319479,5.728319592577167e-45,0.2812432441294607,1.7057760677331072e-18,6.882225697556739e-44,2.3065959782301937e-17,0.1557099169024872
dim 95,95,0.102333866,SolventAccessibility_T23,0.04531658678026593,0.16574025530813594,0.04529117571924483,0.1659779414707866,0.20357058060057504,0.23195243703448837,2.5411061021093917e-05
dim 95,95,0.102333866,SolventAccessibility_group1_D0,-0.143950384838162,9.708629544021632e-06,-0.14816620105775777,5.249991735988814e-06,2.0562347924560717e-05,1.908049227225532e-05,-0.004215816219595769
dim 95,95,0.102333866,SolventAccessibility_group1_D25,-0.3160550733908423,3.5121960376614684e-23,-0.24285761566440295,4.802468784326804e-14,2.0401277853546616e-22,4.69013033323144e-13,0.07319745772643937
dim 95,95,0.102333866,SolventAccessibility_group1_D50,-0.22632866815529784,2.3843142781652515e-12,-0.11339976948236742,0.0005055300575464597,8.553823511355468e-12,0.0012879255470672581,0.11292889867293042
dim 95,95,0.102333866,SolventAccessibility_group1_D75,-0.17596571044342244,5.908185869568748e-08,-0.06625046601104376,0.04261358526473771,1.5428726195746379e-07,0.07025141894581637,0.10971524443237868
dim 95,95,0.102333866,SolventAccessibility_group1_D100,0.08282178816805195,0.01120669222538552,0.08072722325853103,0.01344220237238325,0.016657922578009632,0.02497049828907678,0.002094564909520924
dim 95,95,0.102333866,SolventAccessibility_group2_D0,-0.09741316760875399,0.0028359429331563874,-0.10191096215146597,0.0017870637194138364,0.004562644218083976,0.004065935165423851,-0.004497794542711986
dim 95,95,0.102333866,SolventAccessibility_group2_D25,0.3311522809239934,2.040157270034928e-25,0.12949245171681048,7.029644269383188e-05,1.2930028997944325e-24,0.00020944702818679613,0.20165982920718292
dim 95,95,0.102333866,SolventAccessibility_group2_D50,0.14037668837571815,1.6132427924245122e-05,0.025818123543528363,0.4298892631677642,3.3539460511590936e-05,0.513346492306161,0.11455856483218979
dim 95,95,0.102333866,SolventAccessibility_group2_D75,0.1575444563814999,1.2574372695341206e-06,0.03067054928884645,0.348343658251465,2.894445541174337e-06,0.4321945834174937,0.12687390709265345
dim 95,95,0.102333866,SolventAccessibility_group2_D100,-0.10900381661681283,0.0008312739191321178,0.014327534850919699,0.6613794559584512,0.0014333788796599245,0.7242647157053203,0.09467628176589313
dim 95,95,0.102333866,SolventAccessibility_group3_D0,0.11841277811252977,0.00028056016611582537,0.017999671418056588,0.5821223721316312,0.0005131823410880924,0.654422323433069,0.10041310669447319
dim 95,95,0.102333866,SolventAccessibility_group3_D25,0.09090082431916915,0.005359907938686596,0.11611904767202694,0.0003683668429482711,0.00834985658358826,0.0009738874174424506,-0.025218223352857783
dim 95,95,0.102333866,SolventAccessibility_group3_D50,0.16986087148341467,1.6893019474852236e-07,0.13944752986800965,1.8372724427250825e-05,4.2573627095091547e-07,6.0757326323779956e-05,0.030413341615405015
dim 95,95,0.102333866,SolventAccessibility_group3_D75,-0.00990359057107638,0.7620756828766828,0.02546442683299822,0.4362369102583531,0.7984105335031746,0.5190706377851441,-0.015560836261921842
dim 95,95,0.102333866,SolventAccessibility_group3_D100,0.21891872179627045,1.2475309290853211e-11,0.1343177329189941,3.7114881183584e-05,4.282377495524124e-11,0.00011650723980561143,0.08460098887727635
