row_label,embedding_dim,mean_abs_shap,aac_ctd_feature,pearson_r_raw,p_value_raw,pearson_r_partial,p_value_partial,p_adj_fdr_raw,p_adj_fdr_partial,shrinkage
dim 592,592,0.89414686,AAC_A,-0.2729240237087208,1.8134746328199024e-17,-0.22091219095944364,8.03911854966146e-12,6.767603657674273e-17,4.71064139576654e-11,0.052011832749277176
dim 592,592,0.89414686,AAC_C,-0.09419628121503505,0.00390220362269808,-0.04090914280799753,0.21089811459747065,0.005629961166225307,0.2778697052290146,0.05328713840703752
dim 592,592,0.89414686,AAC_D,0.2856942690008096,4.65758265059871e-19,0.16033629920440476,8.082448139251778e-07,1.830156006235258e-18,2.9567773039541e-06,0.12535796979640482
dim 592,592,0.89414686,AAC_E,0.6494993322157752,2.2770423050263456e-113,0.47370291339145826,1.4010350806264648e-53,2.1125892496633317e-111,6.684938813274847e-52,0.1757964188243169
dim 592,592,0.89414686,AAC_F,0.17642423560019826,5.451727675214184e-08,0.07395631049113677,0.023579323224073547,1.2074781455713113e-07,0.03927927160518985,0.1024679251090615
dim 592,592,0.89414686,AAC_G,-0.33696897004412674,2.594654316728935e-26,-0.27275044460894715,1.9035215644403494e-17,1.252333152872058e-25,1.6513667598001991e-16,0.06421852543517959
dim 592,592,0.89414686,AAC_H,0.4815190089340545,1.4980064480990164e-55,0.2625956584881172,3.051753505267411e-16,1.6567356081624882e-54,2.468004045422071e-15,0.2189233504459373
dim 592,592,0.89414686,AAC_I,0.40100478055509015,1.6474891641472983e-37,0.2957799341730717,2.2530812134688743e-20,1.0917884540182494e-36,2.266653991863265e-19,0.10522484638201846
dim 592,592,0.89414686,AAC_K,0.40531799177865696,2.3392019648960123e-38,0.16264558343373942,5.575361864346897e-07,1.5977371293972761e-37,2.0690787363242927e-06,0.24267240834491755
dim 592,592,0.89414686,AAC_L,0.49595864020551916,2.4969308884902468e-59,0.37648491002885637,6.375595417629973e-33,3.135244047953919e-58,1.1830271497157838e-31,0.1194737301766628
dim 592,592,0.89414686,AAC_M,0.3323095835190784,1.3583326862242376e-25,0.1968132215671577,1.2319894590913742e-09,6.462722467220732e-25,5.963543178790131e-09,0.13549636195192072
dim 592,592,0.89414686,AAC_N,-0.03299932868787085,0.3129502116700106,-0.046794441338636666,0.1523525023255131,0.35336501250095853,0.2115489556632178,-0.013795112650765814
dim 592,592,0.89414686,AAC_P,-0.41852174708153234,4.957626791160803e-41,-0.07890502166746104,0.015698008431429558,3.6715018808153174e-40,0.027350729348447952,0.3396167254140713
dim 592,592,0.89414686,AAC_Q,0.2505959284144261,6.962052030319634e-15,0.26650608482029964,1.0632153816091934e-16,2.3276530311579156e-14,8.833680036255488e-16,-0.015910156405873566
dim 592,592,0.89414686,AAC_R,-0.06683841765912563,0.04080450027555962,0.04523712748466514,0.16648434082447872,0.05239793576330993,0.22779913902243296,0.021601290174460483
dim 592,592,0.89414686,AAC_S,-0.5750891186768644,1.3339670484931573e-83,-0.34092653154000346,6.21865960419186e-27,4.087568754098298e-82,8.914301750214942e-26,0.23416258713686094
dim 592,592,0.89414686,AAC_T,-0.6407478996385482,1.9512654187146809e-109,-0.4263473396629066,1.1306594402481173e-42,1.4719203090722065e-107,3.173447504561943e-41,0.21440055997564156
dim 592,592,0.89414686,AAC_V,-0.11876398036368185,0.00026898821485144215,-0.2086208517635849,1.1293448141164213e-10,0.00043318256393626655,6.015967590349039e-10,-0.08985687139990306
dim 592,592,0.89414686,AAC_W,-0.17126564537787328,1.3309009223660934e-07,-0.09816074385767416,0.0026297208490665388,2.873438319781998e-07,0.005441925424958017,0.07310490152019912
dim 592,592,0.89414686,AAC_Y,-0.0037258151583426696,0.9093193997834367,-0.088397559643439,0.006777583330241538,0.9195055389877925,0.012942897840484127,-0.08467174448509633
dim 592,592,0.89414686,Hydrophobicity_C1,0.64036259008933,2.8875754721990296e-109,0.4527960010522587,1.493426963116785e-48,2.052021718541438e-107,5.421789192184851e-47,0.18756658903707135
dim 592,592,0.89414686,Hydrophobicity_C2,-0.6884065152868493,1.5001296950853304e-132,-0.49265529361800414,1.8955429064016685e-58,4.1753609846541695e-130,1.1945496806380327e-56,0.19575122166884512
dim 592,592,0.89414686,Hydrophobicity_C3,0.5766570984804686,3.7616771523340147e-84,0.37682130431764543,5.5485901987382456e-33,1.1742057653080009e-82,1.0353235342897061e-31,0.1998357941628232
dim 592,592,0.89414686,Hydrophobicity_T12,0.06443072538394103,0.04864727917914344,-0.020698223173817906,0.5268615865476092,0.061662964879825075,0.600586245416046,0.04373250221012312
dim 592,592,0.89414686,Hydrophobicity_T13,0.6333066472427697,3.427269208928515e-106,0.4274475646203597,6.591735962785661e-43,2.0441212781823645e-104,1.8817434286926585e-41,0.20585908262241004
dim 592,592,0.89414686,Hydrophobicity_T23,-0.24409234477444214,3.544615924180438e-14,-0.1323001284241796,4.860611659050926e-05,1.1405604226168267e-13,0.00013915028045712003,0.11179221635026254
dim 592,592,0.89414686,Hydrophobicity_group1_D0,-0.022852685259232647,0.48474667546896827,-0.05523703007513486,0.09105399607746285,0.5261793617375217,0.13211135834001994,-0.032384344815902216
dim 592,592,0.89414686,Hydrophobicity_group1_D25,-0.4716883567623175,4.428227070086794e-53,-0.21144285465589593,6.243940381963769e-11,4.4683620586374295e-52,3.374556776012781e-10,0.2602455021064216
dim 592,592,0.89414686,Hydrophobicity_group1_D50,-0.1376305154747858,2.363632241576074e-05,0.06271088542110581,0.054992518808570055,4.1903034431338045e-05,0.08472094687298154,0.07491963005367999
dim 592,592,0.89414686,Hydrophobicity_group1_D75,-0.16598814619151925,3.2271146183033455e-07,0.049916090764106,0.1267942005765442,6.774709506683328e-07,0.17861350903654896,0.11607205542741325
dim 592,592,0.89414686,Hydrophobicity_group1_D100,0.3062298626400343,8.579503582950306e-22,0.1940529919227709,2.109520659521722e-09,3.6879719391317915e-21,1.0051068477607065e-08,0.11217687071726343
dim 592,592,0.89414686,Hydrophobicity_group2_D0,0.22712919005407814,1.986976879589417e-12,0.12309446875225857,0.00015852384451301333,5.8471390113027775e-12,0.00041268093583278606,0.10403472130181957
dim 592,592,0.89414686,Hydrophobicity_group2_D25,0.37906832040961413,2.1843338795133064e-33,0.10646930823010545,0.0010984915772891926,1.3027991352811508e-32,0.0024410923939759835,0.27259901217950866
dim 592,592,0.89414686,Hydrophobicity_group2_D50,0.08819199855144944,0.0069077608177556616,-0.10024753067587154,0.002124384830533304,0.009743209937206043,0.004459739367681481,-0.012055532124422105
dim 592,592,0.89414686,Hydrophobicity_group2_D75,0.12409450543834111,0.00013995504270390935,-0.07216179781030929,0.027185973688696314,0.0002314108131836917,0.044817942803675064,0.051932707628031816
dim 592,592,0.89414686,Hydrophobicity_group2_D100,-0.1841898348605946,1.3527316623077513e-08,-0.10723325066888163,0.0010105941301961046,3.135408571899992e-08,0.002262321980465811,0.07695658419171296
dim 592,592,0.89414686,Hydrophobicity_group3_D0,-0.2830210164268938,1.018525328110975e-18,-0.0679292723747578,0.03761991631538821,3.960273103481555e-18,0.06017745234358076,0.21509174405213602
dim 592,592,0.89414686,Hydrophobicity_group3_D25,-0.25394339756468487,2.957597523314654e-15,0.03767579921542105,0.24926232272705226,9.988246438696608e-15,0.3204527166698824,0.21626759834926382
dim 592,592,0.89414686,Hydrophobicity_group3_D50,-0.07791675550640345,0.017055410890573313,0.0898953289508309,0.005893644592164854,0.023016190858389844,0.011391651005689011,-0.011978573444427446
dim 592,592,0.89414686,Hydrophobicity_group3_D75,0.029584514353275776,0.36568548578654053,0.09700905629934443,0.002953458204856403,0.4072655960410288,0.006074230544470681,-0.06742454194606866
dim 592,592,0.89414686,Hydrophobicity_group3_D100,0.01705465665987792,0.602093817032688,0.0782670651302473,0.01656292491947288,0.6402398436450741,0.028679468865714573,-0.06121240847036938
dim 592,592,0.89414686,NormVanDerWaalsVolume_C1,-0.6582076808311681,2.053628799632654e-117,-0.4432041010449954,2.325715743250966e-46,2.2126194163784075e-115,7.615579002410026e-45,0.21500357978617268
dim 592,592,0.89414686,NormVanDerWaalsVolume_C2,0.6655388406736098,6.32596576139196e-121,0.4933682546956077,1.2261605035158634e-58,8.803635684603811e-119,7.898384257623094e-57,0.1721705859780021
dim 592,592,0.89414686,NormVanDerWaalsVolume_C3,0.453647427160017,9.466179958741204e-49,0.21705327786135975,1.874895043856061e-11,8.364296577300428e-48,1.0595853547342204e-10,0.23659414929865724
dim 592,592,0.89414686,NormVanDerWaalsVolume_T12,-0.13540414138407045,3.20463734524261e-05,0.041446229671125503,0.20496258657173283,5.600988348043076e-05,0.2721968346519235,0.09395791171294494
dim 592,592,0.89414686,NormVanDerWaalsVolume_T13,-0.08835247784100245,0.006805942748204463,-0.16450622787912172,4.1179436265276907e-07,0.009603653899029533,1.5506123689518022e-06,-0.07615375003811928
dim 592,592,0.89414686,NormVanDerWaalsVolume_T23,0.5521873842292451,6.71742475615286e-76,0.3511892116160899,1.3888196406549764e-28,1.4568960185422436e-74,2.1880460376356704e-27,0.20099817261315517
dim 592,592,0.89414686,NormVanDerWaalsVolume_group1_D0,0.21305014997216734,4.4386349163720654e-11,0.10170714066550789,0.0018255741234984267,1.210207397606751e-10,0.003881233337036757,0.11134300930665945
dim 592,592,0.89414686,NormVanDerWaalsVolume_group1_D25,0.3393786981368621,1.0899452423328927e-26,0.12246599025479216,0.0001713526929830872,5.361439041814229e-26,0.0004429705840274855,0.21691270788206996
dim 592,592,0.89414686,NormVanDerWaalsVolume_group1_D50,0.03883976898614822,0.234926328024715,-0.09385215388921697,0.004035530531871849,0.27029071154066414,0.008066230985309383,-0.05501238490306875
dim 592,592,0.89414686,NormVanDerWaalsVolume_group1_D75,0.10103657883456886,0.0019577071847174774,-0.08674076839251597,0.007892397233302723,0.0029009503092086845,0.014834331322020874,0.014295810442052886
dim 592,592,0.89414686,NormVanDerWaalsVolume_group1_D100,-0.2262386631185886,2.43358312572181e-12,-0.1749015708804036,7.114501353847195e-08,7.111257777699777e-12,2.8908071194464267e-07,0.051337092238185
dim 592,592,0.89414686,NormVanDerWaalsVolume_group2_D0,-0.01948402661666176,0.5513921311984521,0.016020087124450504,0.6243044446890711,0.5904615960893973,0.689542607560019,0.003463939492211257
dim 592,592,0.89414686,NormVanDerWaalsVolume_group2_D25,-0.293044720014755,5.1849961927598106e-20,-0.054255639033401186,0.09695559102503516,2.104239038130956e-19,0.13934237264355312,0.23878908098135382
dim 592,592,0.89414686,NormVanDerWaalsVolume_group2_D50,0.0018644441392753923,0.9545488979857939,0.10902469348358737,0.0008293474008034287,0.9594322357124742,0.001890798852343653,-0.10716024934431198
dim 592,592,0.89414686,NormVanDerWaalsVolume_group2_D75,0.060892810187077755,0.06243445346848305,0.11773837422758934,0.0003040984649348218,0.07811186030820368,0.0007495858840459814,-0.05684556404051159
dim 592,592,0.89414686,NormVanDerWaalsVolume_group2_D100,0.24596901975045965,2.226889860847146e-14,0.2187518320866227,1.2940322339086573e-11,7.263488413310027e-14,7.451840795267095e-11,0.02721718766383696
dim 592,592,0.89414686,NormVanDerWaalsVolume_group3_D0,-0.24528358390937433,2.640134490485815e-14,-0.17618750593603047,5.682955083228369e-08,8.569532748515668e-14,2.3433419725904633e-07,0.06909607797334386
dim 592,592,0.89414686,NormVanDerWaalsVolume_group3_D25,-0.1745720583235897,7.534089841203661e-08,-0.0867568258698476,0.007880848960924502,1.655517109843436e-07,0.0148209659512882,0.0878152324537421
dim 592,592,0.89414686,NormVanDerWaalsVolume_group3_D50,-0.06881662324845828,0.03518754215796506,0.02135632227532078,0.5138023186876379,0.045676793939993514,0.5881082057630949,0.0474603009731375
dim 592,592,0.89414686,NormVanDerWaalsVolume_group3_D75,-0.050351393954844954,0.1235119196044796,0.04294386394618513,0.18905411420432022,0.14812560555797555,0.25369254376955785,0.007407530008659825
dim 592,592,0.89414686,NormVanDerWaalsVolume_group3_D100,0.15814056519549993,1.1449341709717502e-06,0.1076320571108183,0.0009673353005017567,2.296744823450838e-06,0.002178624345027557,0.05050850808468163
dim 592,592,0.89414686,Polarity_C1,0.5479405597264964,1.5511480640331963e-74,0.3219986434675195,4.791048845405287e-24,3.238021583669297e-73,5.883126155755022e-23,0.22594191625897686
dim 592,592,0.89414686,Polarity_C2,-0.688275390404798,1.76142825509294e-132,-0.4734165838022439,1.6507699249524633e-53,4.525515670777246e-130,7.765593731466518e-52,0.21485880660255413
dim 592,592,0.89414686,Polarity_C3,0.6846100668064365,1.5145226444538753e-130,0.48562434166484586,1.317285986478042e-56,3.161566020297465e-128,7.212680647273213e-55,0.19898572514159069
dim 592,592,0.89414686,Polarity_T12,-0.4410859073888542,6.939484837965477e-46,-0.27666019674832487,6.335996056865193e-18,5.765641631543457e-45,5.68877065320692e-17,0.16442571064052935
dim 592,592,0.89414686,Polarity_T13,0.6559894285007658,2.2679338165577497e-116,0.42693888821230624,8.461516182496337e-43,2.3671559210321514e-114,2.395039326232014e-41,0.22905054028845956
dim 592,592,0.89414686,Polarity_T23,-0.10904387420494754,0.0008275810485819159,-0.09887722212964965,0.0024450149174783105,0.0012767301165189835,0.005078575761428829,0.010166652075297891
dim 592,592,0.89414686,Polarity_group1_D0,-0.1903376190255089,4.297694142442618e-09,-0.02305211243791043,0.48094255514451195,1.031199600269996e-08,0.5564073897411396,0.16728550658759844
dim 592,592,0.89414686,Polarity_group1_D25,-0.2269767640429538,2.0572668826483906e-12,-0.008986264784863687,0.7835374950065634,6.0433345541298366e-12,0.8265998841825402,0.2179904992580901
dim 592,592,0.89414686,Polarity_group1_D50,-0.10781919520183396,0.0009476322477818562,0.017201506373995673,0.5989702031663631,0.0014532101504092744,0.6656088421823675,0.09061768882783829
dim 592,592,0.89414686,Polarity_group1_D75,-0.03924808686011156,0.23003815039919298,0.08375230828585034,0.01032408231557178,0.2656733825495521,0.018822289811140692,-0.04450422142573878
dim 592,592,0.89414686,Polarity_group1_D100,8.436285858965959e-08,0.9999979423048538,-0.016643964217239002,0.6108682420241789,0.9999979423048538,0.6773904144624029,-0.01664387985438041
dim 592,592,0.89414686,Polarity_group2_D0,0.23284443652020487,5.299564669061669e-13,0.12447132987323636,0.0001335044792259982,1.610604731088806e-12,0.00035501987310098245,0.1083731066469685
dim 592,592,0.89414686,Polarity_group2_D25,0.408517358392971,5.396854468626387e-39,0.15546475486137135,1.7390938010622062e-06,3.7710238337263873e-38,6.133657123070505e-06,0.25305260353159964
dim 592,592,0.89414686,Polarity_group2_D50,0.15581256315938463,1.6477710927545618e-06,-0.05388604989509257,0.09925574744635653,3.2720305884662524e-06,0.1423418619453975,0.10192651326429206
dim 592,592,0.89414686,Polarity_group2_D75,0.13182630184709157,5.175587352954314e-05,-0.08837432626524767,0.00679218538426753,8.896789376668764e-05,0.012963370961973458,0.043451975581843896
dim 592,592,0.89414686,Polarity_group2_D100,-0.14592271531851803,7.297388236216403e-06,-0.10884254767996397,0.0008462960841944555,1.3525680748592e-05,0.0019246391511156227,0.037080167638554054
dim 592,592,0.89414686,Polarity_group3_D0,-0.0691179248650379,0.03439269924772474,-0.0718293828657738,0.02790384251912812,0.044766802606157695,0.04591075567186598,-0.0027114580007358974
dim 592,592,0.89414686,Polarity_group3_D25,-0.5199111344310079,5.213355380928575e-66,-0.22799521810591195,1.6300708296831372e-12,8.29171760585783e-65,9.989791873654454e-12,0.29191591632509595
dim 592,592,0.89414686,Polarity_group3_D50,-0.1748784909045664,7.14313908733044e-08,0.08021871130114964,0.014040999949850157,1.5727148682718304e-07,0.024721634070901173,0.09465977960341675
dim 592,592,0.89414686,Polarity_group3_D75,-0.13488087526945966,3.439962444475351e-05,0.08999686771887982,0.00583765404411869,5.996594240369349e-05,0.01129650319082064,0.044884007550579835
dim 592,592,0.89414686,Polarity_group3_D100,0.30384432807869144,1.8305603077380157e-21,0.22296127218281392,5.094771421795078e-12,7.788626022732449e-21,3.022475408311823e-11,0.08088305589587752
dim 592,592,0.89414686,Polarizability_C1,-0.632117099237416,1.1102111656711762e-105,-0.4606300301191899,2.142785157700036e-50,6.393284988520221e-104,8.62277400809412e-49,0.1714870691182261
dim 592,592,0.89414686,Polarizability_C2,0.5803033123736622,1.9292176567819153e-85,0.4949501634600813,4.647118630757242e-59,6.255909683156891e-84,3.3742122232019976e-57,0.08535314891358087
dim 592,592,0.89414686,Polarizability_C3,0.453647427160017,9.466179958741204e-49,0.21705327786135975,1.874895043856061e-11,8.364296577300428e-48,1.0595853547342204e-10,0.23659414929865724
dim 592,592,0.89414686,Polarizability_T12,-0.47599556675285476,3.746311256316023e-54,-0.1942770899815557,2.0199785282183656e-09,3.9224700928199116e-53,9.651971794348127e-09,0.281718476771299
dim 592,592,0.89414686,Polarizability_T13,-0.07794062728343461,0.017021447766770285,-0.17893071782380743,3.499709293725379e-08,0.02297964249838834,1.4629573267888318e-07,-0.10099009054037282
dim 592,592,0.89414686,Polarizability_T23,0.5358973242924747,8.965888710656153e-71,0.3472358011683891,6.108708052205078e-28,1.6453883677797557e-69,9.149365423482044e-27,0.18866152312408563
dim 592,592,0.89414686,Polarizability_group1_D0,0.19133225072346233,3.557136568919951e-09,0.10076011143990962,0.0020146929347096684,8.596842359039533e-09,0.004245472808788828,0.0905721392835527
dim 592,592,0.89414686,Polarizability_group1_D25,0.32411261464649244,2.3335396926030544e-24,0.09453197418501581,0.0037760061217344556,1.0810017438688213e-23,0.007620459484346273,0.22958064046147664
dim 592,592,0.89414686,Polarizability_group1_D50,0.15501060292700317,1.8656701119970256e-06,-0.09436025636162994,0.0038400900326819513,3.6806486556822596e-06,0.0077357664108309515,0.06065034656537323
dim 592,592,0.89414686,Polarizability_group1_D75,0.1419942477499612,1.2839036216515428e-05,-0.06423134680589715,0.049349899399164815,2.3229892179394115e-05,0.07680739235471132,0.07776290094406405
dim 592,592,0.89414686,Polarizability_group1_D100,-0.12229226971381309,0.00017506711809513645,-0.12159471519704527,0.00019075668984868633,0.0002866294972734097,0.0004889695656904163,0.0006975545167678121
dim 592,592,0.89414686,Polarizability_group2_D0,0.06573385379216744,0.04425861080274465,0.019901113779301368,0.5429028221099355,0.05646438505774146,0.615720008776633,0.045832740012866066
dim 592,592,0.89414686,Polarizability_group2_D25,-0.2200313224916197,9.767063303708619e-12,-0.024264077979215745,0.4581768568183184,2.7529106695685053e-11,0.5335735442273571,0.19576724451240396
dim 592,592,0.89414686,Polarizability_group2_D50,-0.22572917189615005,2.731851811335199e-12,0.020108409852307586,0.5387078778639504,7.955000043469542e-12,0.6120397750128455,0.20562076204384247
dim 592,592,0.89414686,Polarizability_group2_D75,-0.037077719091075774,0.25686136121165215,0.08868771324013106,0.0065975812412943004,0.2938071734407254,0.012635276001102615,-0.05160999414905528
dim 592,592,0.89414686,Polarizability_group2_D100,-0.039089998593277935,0.231922066840003,0.019644093408608728,0.5481264721494262,0.2675715727964111,0.6203803513992151,0.019445905184669206
dim 592,592,0.89414686,Polarizability_group3_D0,-0.24528358390937433,2.640134490485815e-14,-0.17618750593603047,5.682955083228369e-08,8.569532748515668e-14,2.3433419725904633e-07,0.06909607797334386
dim 592,592,0.89414686,Polarizability_group3_D25,-0.1745720583235897,7.534089841203661e-08,-0.0867568258698476,0.007880848960924502,1.655517109843436e-07,0.0148209659512882,0.0878152324537421
dim 592,592,0.89414686,Polarizability_group3_D50,-0.06881662324845828,0.03518754215796506,0.02135632227532078,0.5138023186876379,0.045676793939993514,0.5881082057630949,0.0474603009731375
dim 592,592,0.89414686,Polarizability_group3_D75,-0.050351393954844954,0.1235119196044796,0.04294386394618513,0.18905411420432022,0.14812560555797555,0.25369254376955785,0.007407530008659825
dim 592,592,0.89414686,Polarizability_group3_D100,0.15814056519549993,1.1449341709717502e-06,0.1076320571108183,0.0009673353005017567,2.296744823450838e-06,0.002178624345027557,0.05050850808468163
dim 592,592,0.89414686,Charge_C1,0.40783715458235575,7.381350047894009e-39,0.22056168262586245,8.687546013065174e-12,5.136189408326249e-38,5.0639447964463665e-11,0.1872754719564933
dim 592,592,0.89414686,Charge_C2,-0.6071591973385514,1.8243822672975173e-95,-0.4012652096698123,1.4655103908306018e-37,7.713211104776845e-94,3.447045567164937e-36,0.20589398766873912
dim 592,592,0.89414686,Charge_C3,0.6072271502300218,1.7160446112278277e-95,0.42220693499471146,8.461530090296758e-42,7.348191027565314e-94,2.355125875132598e-40,0.18502021523531037
dim 592,592,0.89414686,Charge_T12,0.3202323078622421,8.701049984153326e-24,0.17845132665882385,3.81119809830345e-08,3.9701512222776106e-23,1.5891887201415133e-07,0.14178098120341825
dim 592,592,0.89414686,Charge_T13,0.48612839783837014,9.751056658792881e-57,0.27780830711734744,4.571445595692729e-18,1.1508314219211387e-55,4.11553323170181e-17,0.2083200907210227
dim 592,592,0.89414686,Charge_T23,0.568765733576685,2.0529599006909607e-81,0.38766691476838827,5.760837792100227e-35,5.810920396871025e-80,1.2025748891009222e-33,0.18109881880829676
dim 592,592,0.89414686,Charge_group1_D0,0.002906418653347638,0.9292025283729246,0.0569390460594775,0.08150547565385892,0.9370581053036136,0.1196607862346764,-0.05403262740612986
dim 592,592,0.89414686,Charge_group1_D25,-0.14335388070138974,1.0576410674673398e-05,-0.030721745670938747,0.34753924355792726,1.931394841629806e-05,0.42302517255228755,0.112632135030451
dim 592,592,0.89414686,Charge_group1_D50,0.05766029095761904,0.07771184706070568,0.13476150640336232,3.495894939934184e-05,0.09627506275324813,0.00010135667620989733,-0.07710121544574328
dim 592,592,0.89414686,Charge_group1_D75,-0.06838400389999048,0.03635614633357854,0.03311313334263885,0.311283399860813,0.04708395841572405,0.3867881531008614,0.03527087055735163
dim 592,592,0.89414686,Charge_group1_D100,0.11758284980390296,0.00030978256483380563,0.09292561255631766,0.0044152745481186775,0.0004955334130962217,0.008732373345229234,0.024657237247585298
dim 592,592,0.89414686,Charge_group2_D0,0.012168570023204196,0.709891338528255,0.00281909430193133,0.9313243291784629,0.7385840888936351,0.9449037847679423,0.009349475721272866
dim 592,592,0.89414686,Charge_group2_D25,0.1977521292512165,1.0241871325982566e-09,0.0780258215775095,0.016900721762560286,2.5585527471040966e-09,0.029187389186634622,0.119726307673707
dim 592,592,0.89414686,Charge_group2_D50,-0.05137299367445513,0.11606902372058045,-0.08125224529222685,0.012847714757392934,0.13990275684833586,0.022825195366857662,-0.029879251617771725
dim 592,592,0.89414686,Charge_group2_D75,-0.009503977367601934,0.7714036898003118,-0.056000510954116615,0.08666517665337918,0.7939871568360682,0.12634731122753665,-0.046496533586514684
dim 592,592,0.89414686,Charge_group2_D100,-0.2308366472230035,8.464853994883176e-13,-0.11038221988685737,0.0007125932964929286,2.5470821930549376e-12,0.001650528162473219,0.12045442733614614
dim 592,592,0.89414686,Charge_group3_D0,-0.10868736370636561,0.000860988401283429,-0.1883406089644193,6.263588434533232e-09,0.0013264304706119246,2.865806215252191e-08,-0.07965324525805367
dim 592,592,0.89414686,Charge_group3_D25,-0.2819369755157038,1.395480245722205e-18,-0.15587393252554854,1.6321427120770253e-06,5.38832834764412e-18,5.780866021566558e-06,0.12606304299015525
dim 592,592,0.89414686,Charge_group3_D50,-0.0067204699270720925,0.8372249624935957,0.014950677502322506,0.6476266981525035,0.8543633897734829,0.7101356440674201,-0.008230207575250413
dim 592,592,0.89414686,Charge_group3_D75,0.06595846316273142,0.04353693639942212,0.0704201551977494,0.03113118134467998,0.055671273956382036,0.050622271514718174,-0.004461692035017978
dim 592,592,0.89414686,Charge_group3_D100,0.26888423184714483,5.55145357069747e-17,0.1985191022939887,8.801373364751491e-10,2.0286493354627515e-16,4.34218420063072e-09,0.07036512955315613
dim 592,592,0.89414686,SecondaryStructure_C1,0.6494532186219363,2.390209216632477e-113,0.45556880642366115,3.3672133657169827e-49,2.1576483198790467e-111,1.2636508585949126e-47,0.19388441219827512
dim 592,592,0.89414686,SecondaryStructure_C2,-0.3549552901237004,3.320836507559477e-29,-0.29578596701288035,2.2489206681628622e-20,1.7412235377156443e-28,2.266653991863265e-19,0.05916932311082007
dim 592,592,0.89414686,SecondaryStructure_C3,-0.6269187893740468,1.7787683090379473e-103,-0.38458535801657195,2.1464904460001753e-34,9.582397019656038e-102,4.37151103026865e-33,0.24233343135747482
dim 592,592,0.89414686,SecondaryStructure_T12,0.43785641757120775,3.6203628811258745e-45,0.2162381599209094,2.237601950401203e-11,2.97832808447301e-44,1.2518577075946428e-10,0.22161825765029836
dim 592,592,0.89414686,SecondaryStructure_T13,0.3557116230553678,2.4856373905407854e-29,0.18051918285700055,2.6340147565126334e-08,1.307406123528539e-28,1.1264544541296026e-07,0.17519244019836724
dim 592,592,0.89414686,SecondaryStructure_T23,-0.5884248771343487,2.2528966037105621e-88,-0.3790164256429488,2.2320564628174686e-33,8.004973038716252e-87,4.211903155825054e-32,0.20940845149139986
dim 592,592,0.89414686,SecondaryStructure_group1_D0,-0.08531510453403801,0.008980037119440773,-0.049000367918032965,0.1339198699709713,0.012502427669417332,0.18790970776758004,0.036314736616005046
dim 592,592,0.89414686,SecondaryStructure_group1_D25,0.1412724086133887,1.4220667901983634e-05,0.1647433232282802,3.961008634799005e-07,2.5604868351819592e-05,1.4982750668435649e-06,-0.023470914614891508
dim 592,592,0.89414686,SecondaryStructure_group1_D50,0.258991520974014,7.941561344947772e-16,0.21552105886994952,2.6127653438240143e-11,2.7543940697949694e-15,1.4568674872073803e-10,0.043470462104064495
dim 592,592,0.89414686,SecondaryStructure_group1_D75,0.282971423687247,1.033334949611237e-18,0.2166321475360638,2.0544559270851673e-11,4.013184571745967e-18,1.1591018237271046e-10,0.06633927615118318
dim 592,592,0.89414686,SecondaryStructure_group1_D100,0.23349587400129154,4.54825445579709e-13,0.14167005518064157,1.3442947570565628e-05,1.386055646200938e-12,4.15351016518864e-05,0.09182581882064997
dim 592,592,0.89414686,SecondaryStructure_group2_D0,-0.02633413330387659,0.42072538180749564,0.06738337642615902,0.03918615463677967,0.4625486422768385,0.06241380852973014,-0.04104924312228243
dim 592,592,0.89414686,SecondaryStructure_group2_D25,0.007899082382105769,0.8091865906232215,-0.06783535273101132,0.03788553222035135,0.8282817078398896,0.060573325809465534,-0.05993627034890556
dim 592,592,0.89414686,SecondaryStructure_group2_D50,-0.09549809092526967,0.0034332042922286393,-0.10262943059340036,0.0016571843139179803,0.004981278165092813,0.0035526287602606252,-0.00713133966813069
dim 592,592,0.89414686,SecondaryStructure_group2_D75,-0.22495215038491045,3.256870724433822e-12,-0.12247619599117625,0.00017113679596839618,9.393737668056101e-12,0.0004427551499104905,0.1024759543937342
dim 592,592,0.89414686,SecondaryStructure_group2_D100,-0.14627684479790176,6.930003747399347e-06,-0.12015115255322277,0.00022750775514880013,1.2909209434642397e-05,0.0005739243974297526,0.02612569224467899
dim 592,592,0.89414686,SecondaryStructure_group3_D0,0.12362969215028656,0.00014831571029046936,0.039902578060446406,0.22235433074636612,0.00024438799820925884,0.2908983410469498,0.08372711408984015
dim 592,592,0.89414686,SecondaryStructure_group3_D25,-0.026308351971342986,0.42118050054894524,-0.07950188605321278,0.014924982172696631,0.4628966343644215,0.026085526141709448,-0.05319353408186979
dim 592,592,0.89414686,SecondaryStructure_group3_D50,-0.24817863630147866,1.2818606126948423e-14,-0.20003894553148457,6.506157271645217e-10,4.230646686166772e-14,3.277611657208903e-09,0.04813969076999408
dim 592,592,0.89414686,SecondaryStructure_group3_D75,-0.11093559543936819,0.0006695314100169381,-0.09623153517953525,0.0031921211202569073,0.0010425337573224116,0.006512941076150317,0.014704060259832938
dim 592,592,0.89414686,SecondaryStructure_group3_D100,-0.1946267449438617,1.8876049905352136e-09,-0.1430722887548106,1.1011302083221964e-05,4.642563084232411e-09,3.4565553531918576e-05,0.05155445618905111
dim 592,592,0.89414686,SolventAccessibility_C1,0.019509785749078135,0.5508659531334895,-0.08316560731686992,0.010873070522980817,0.5900873263200305,0.01972626591350132,-0.06365582156779179
dim 592,592,0.89414686,SolventAccessibility_C2,0.64036259008933,2.8875754721990296e-109,0.4527960010522587,1.493426963116785e-48,2.052021718541438e-107,5.421789192184851e-47,0.18756658903707135
dim 592,592,0.89414686,SolventAccessibility_C3,-0.655107518763423,5.85986182980031e-116,-0.39528777519260644,2.0960334583592257e-36,5.930890458040313e-114,4.698491107999875e-35,0.25981974357081655
dim 592,592,0.89414686,SolventAccessibility_T12,0.6395697896137668,6.456528061999657e-109,0.38831748917971215,4.356172369832637e-35,4.312960745415771e-107,9.150701707698747e-34,0.2512523004340546
dim 592,592,0.89414686,SolventAccessibility_T13,-0.5438822791025323,2.988264675656513e-73,-0.3647561058109714,7.317513067594461e-31,6.012532540176357e-72,1.2533586485007948e-29,0.1791261732915609
dim 592,592,0.89414686,SolventAccessibility_T23,0.014558062446484568,0.6562780881029994,0.03577147586454829,0.2740121657186856,0.6906013907574096,0.3471929565631297,-0.021213413418063723
dim 592,592,0.89414686,SolventAccessibility_group1_D0,0.080723692261882,0.013446281375267658,0.08647078900701843,0.008088841241639307,0.018383372817598845,0.01515240030682854,-0.005747096745136432
dim 592,592,0.89414686,SolventAccessibility_group1_D25,0.3392272327855784,1.1512747974392408e-26,0.2677029555630932,7.672584790120541e-17,5.654790916833918e-26,6.438802311307188e-16,0.07152427722248522
dim 592,592,0.89414686,SolventAccessibility_group1_D50,0.2685354653761779,6.109020906071656e-17,0.11146011849790444,0.0006309563856454564,2.2275250902051674e-16,0.0014726724864121766,0.15707534687827346
dim 592,592,0.89414686,SolventAccessibility_group1_D75,0.19889719900017655,8.165855306069464e-10,0.028801858485683778,0.3785106215364233,2.0506734377648127e-09,0.45524864095486267,0.17009534051449277
dim 592,592,0.89414686,SolventAccessibility_group1_D100,-0.09628861953005041,0.0031740194498775165,-0.11619760599906279,0.0003649768170065909,0.004621283767476419,0.0008878532911886479,-0.019908986469012374
dim 592,592,0.89414686,SolventAccessibility_group2_D0,-0.022852685259232647,0.48474667546896827,-0.05523703007513486,0.09105399607746285,0.5261793617375217,0.13211135834001994,-0.032384344815902216
dim 592,592,0.89414686,SolventAccessibility_group2_D25,-0.4716883567623175,4.428227070086794e-53,-0.21144285465589593,6.243940381963769e-11,4.4683620586374295e-52,3.374556776012781e-10,0.2602455021064216
dim 592,592,0.89414686,SolventAccessibility_group2_D50,-0.1376305154747858,2.363632241576074e-05,0.06271088542110581,0.054992518808570055,4.1903034431338045e-05,0.08472094687298154,0.07491963005367999
dim 592,592,0.89414686,SolventAccessibility_group2_D75,-0.16598814619151925,3.2271146183033455e-07,0.049916090764106,0.1267942005765442,6.774709506683328e-07,0.17861350903654896,0.11607205542741325
dim 592,592,0.89414686,SolventAccessibility_group2_D100,0.3062298626400343,8.579503582950306e-22,0.1940529919227709,2.109520659521722e-09,3.6879719391317915e-21,1.0051068477607065e-08,0.11217687071726343
dim 592,592,0.89414686,SolventAccessibility_group3_D0,-0.23752272231796712,1.749726239212049e-13,-0.127787583166879,8.763258834025602e-05,5.441420520454604e-13,0.00023913260450225373,0.10973513915108812
dim 592,592,0.89414686,SolventAccessibility_group3_D25,-0.060946045872011176,0.062205284559201185,-0.11396346915695373,0.00047368880109922775,0.07787318231923987,0.0011308939211375415,-0.05301742328494255
dim 592,592,0.89414686,SolventAccessibility_group3_D50,-0.15095516917095453,3.4629226382574375e-06,-0.11605278906839113,0.00037124892452883307,6.658699834070144e-06,0.0009011420115743477,0.0349023801025634
dim 592,592,0.89414686,SolventAccessibility_group3_D75,0.027697489383312426,0.39707120930907985,-0.030531946050709073,0.3505273619481246,0.4394359970484847,0.4261963556267696,-0.0028344566673966475
dim 592,592,0.89414686,SolventAccessibility_group3_D100,-0.23404950323748475,3.9926447808233564e-13,-0.11786561651789826,0.0002995206994865332,1.222312884321724e-12,0.0007393933010236666,0.11618388671958649
dim 533,533,0.6500054,AAC_A,0.07743501766571775,0.017753595380768313,-0.06173781289912574,0.058878135302649175,0.023919729153596678,0.09003929380305818,0.01569720476659201
dim 533,533,0.6500054,AAC_C,-0.003313291283061944,0.919323230661181,-0.09352470673535845,0.004166214388292874,0.9287778555379144,0.00829270325202515,-0.09021141545229651
dim 533,533,0.6500054,AAC_D,-0.29847284294452864,9.830187434541524e-21,-0.18426725854652065,1.333655688005623e-08,4.076021726421744e-20,5.9155511260807185e-08,0.11420558439800799
dim 533,533,0.6500054,AAC_E,-0.4852327857607484,1.6634246542907704e-56,-0.21190364998261116,5.6635571980714336e-11,1.9494169632740958e-55,3.0758180555379816e-10,0.2733291357781372
dim 533,533,0.6500054,AAC_F,-0.13906128839970844,1.9388495115468933e-05,-0.0269950109918669,0.409157608057691,3.453737263235532e-05,0.4854658653331041,0.11206627740784153
dim 533,533,0.6500054,AAC_G,0.10372715923140056,0.001475409479343378,-0.06722731315106686,0.03964395294796606,0.0022217617948633375,0.0630063764864298,0.0364998460803337
dim 533,533,0.6500054,AAC_H,-0.47498721736006866,6.700192342000897e-54,-0.26586654929886494,1.2648340014994364e-16,6.971539695415263e-53,1.0482743337489125e-15,0.20912066806120372
dim 533,533,0.6500054,AAC_I,-0.09388416353322596,0.004022956966868222,0.15528176802923613,1.789069907217911e-06,0.005786682286537408,6.270192539462564e-06,-0.06139760449601017
dim 533,533,0.6500054,AAC_K,-0.2038327441662955,3.02853408422131e-10,0.1293057010213131,7.202405895847097e-05,7.865710607542127e-10,0.00019913936831232867,0.07452704314498237
dim 533,533,0.6500054,AAC_L,-0.44293239554977176,2.676974815808819e-46,-0.29538632256207936,2.541606010109662e-20,2.2408761616043748e-45,2.549238460590472e-19,0.1475460729876924
dim 533,533,0.6500054,AAC_M,-0.205985681300818,1.9493390055786492e-10,-0.017432193498874943,0.5940781687793709,5.110511992647323e-10,0.661848260081087,0.18855348780194306
dim 533,533,0.6500054,AAC_N,0.22231772803211006,5.8822772632608025e-12,0.3096478482539617,2.861362607949704e-22,1.6649835643467017e-11,3.207030574010742e-21,-0.08733012022185163
dim 533,533,0.6500054,AAC_P,0.3077130974766255,5.336891003026562e-22,-0.06815558203473139,0.03698637723250134,2.3089657966462067e-21,0.059192381387903434,0.23955751544189413
dim 533,533,0.6500054,AAC_Q,-0.05048825882882976,0.122493728836747,0.027967028704232025,0.3924913620290569,0.14706292390896297,0.4683533937752947,0.022521230124597738
dim 533,533,0.6500054,AAC_R,-0.1525240305423199,2.7311877879758786e-06,-0.34422962193107215,1.8577833074478562e-27,5.312852190937353e-06,2.6978244551634086e-26,-0.19170559138875226
dim 533,533,0.6500054,AAC_S,0.6358447295971156,2.7434320954133805e-107,0.45517060377163515,4.173888918935488e-49,1.7288798488076776e-105,1.5489765543605034e-47,0.18067412582548042
dim 533,533,0.6500054,AAC_T,0.5682545290076825,3.0699982185755134e-81,0.3179382738987106,1.877425000842895e-23,8.544828375035179e-80,2.255611331947938e-22,0.2503162551089719
dim 533,533,0.6500054,AAC_V,-0.047394530082743414,0.14715718977728132,-0.04113386261597439,0.20839973038529053,0.1747884117553768,0.27544720992753086,0.006260667466769024
dim 533,533,0.6500054,AAC_W,-0.052253270681409565,0.10994211029549311,-0.21639559830772315,2.162577783039664e-11,0.13294954684538268,1.2119143951933688e-10,-0.1641423276263136
dim 533,533,0.6500054,AAC_Y,0.008699937207408411,0.7902711016107788,0.08440048426310459,0.009746330201791713,0.8114065414632651,0.01784689850547386,-0.07570054705569618
dim 533,533,0.6500054,Hydrophobicity_C1,-0.4075168209486567,8.552088492493859e-39,-0.08002929376216793,0.014269985292095298,5.92613600932147e-38,0.02504558637708791,0.32748752718648877
dim 533,533,0.6500054,Hydrophobicity_C2,0.49362469547248383,1.0480708768771196e-58,0.17310079768839703,9.717926818782613e-08,1.2965024921368813e-57,3.8871707275130454e-07,0.3205238977840868
dim 533,533,0.6500054,Hydrophobicity_C3,-0.4808751380047063,2.1868038631334727e-55,-0.2332911486292614,4.772349308725105e-13,2.3947294763494424e-54,3.0018167026632485e-12,0.24758398937544493
dim 533,533,0.6500054,Hydrophobicity_T12,-0.07210181276944651,0.027314325586184414,0.0014973836139107362,0.9634900344180598,0.03597391461271922,0.9707561734408204,0.07060442915553578
dim 533,533,0.6500054,Hydrophobicity_T13,-0.4837501947956842,4.0129644608650964e-56,-0.19165123292153372,3.3470845491960998e-09,4.5745055628974135e-55,1.574543999199292e-08,0.2920989618741505
dim 533,533,0.6500054,Hydrophobicity_T23,0.1575374641813339,1.2588178823205812e-06,0.01296165365788788,0.6919212380690297,2.5176357646411624e-06,0.7488713334901359,0.14457581052344604
dim 533,533,0.6500054,Hydrophobicity_group1_D0,-0.054341695309679965,0.09642617113594525,-0.05828437046914239,0.07454631857786088,0.11771323523174602,0.11046348893081427,-0.003942675159462422
dim 533,533,0.6500054,Hydrophobicity_group1_D25,0.4360403043304444,9.095148567325726e-45,0.17476073618804805,7.290993621720309e-08,7.302354859343251e-44,2.9481741763372675e-07,0.26127956814239633
dim 533,533,0.6500054,Hydrophobicity_group1_D50,0.1374258214943204,2.4311938083576362e-05,-0.04247370310130038,0.1939473235933918,4.3032259247029704e-05,0.2595288705135932,0.09495211839302001
dim 533,533,0.6500054,Hydrophobicity_group1_D75,0.16281551299493968,5.423956854837885e-07,-0.032962157486699215,0.3134958994001778,1.1189633042099158e-06,0.38823741342105816,0.12985335550824045
dim 533,533,0.6500054,Hydrophobicity_group1_D100,-0.2096875214347173,9.035914046623157e-11,-0.057227179320799626,0.07997232442255851,2.410539370265283e-10,0.11751322638422587,0.15246034211391768
dim 533,533,0.6500054,Hydrophobicity_group2_D0,-0.14252219551014814,1.1910523492414268e-05,-0.006528145121935599,0.8418208981713288,2.1608445662500627e-05,0.8731931055565957,0.13599405038821255
dim 533,533,0.6500054,Hydrophobicity_group2_D25,-0.26965501701863864,4.4908751247948884e-17,0.03973969319383341,0.22424925055702202,1.648299221628014e-16,0.29326252813643444,0.22991532382480523
dim 533,533,0.6500054,Hydrophobicity_group2_D50,-0.06328512493450127,0.05280134848536916,0.11519356248147672,0.0004105800171284638,0.06654962412872943,0.000987995142081462,-0.05190843754697545
dim 533,533,0.6500054,Hydrophobicity_group2_D75,-0.1073771109796925,0.0009947874479469942,0.07578985916520267,0.020329895040191677,0.0015206361904544442,0.03438068325784314,0.03158725181448983
dim 533,533,0.6500054,Hydrophobicity_group2_D100,0.12367006455273478,0.00014757131299193281,0.02390383071312694,0.46488003573776643,0.0002434015730336077,0.5405664444117737,0.09976623383960784
dim 533,533,0.6500054,Hydrophobicity_group3_D0,0.293834854206083,4.079310499222359e-20,0.1016090460611166,0.0018443783879160444,1.6595489728870498e-19,0.003916226201932351,0.19222580814496643
dim 533,533,0.6500054,Hydrophobicity_group3_D25,0.17702322230396558,4.906586085802596e-08,-0.12504176923811544,0.0001242694546546706,1.0932620097785637e-07,0.0003315175547496803,0.05198145306585014
dim 533,533,0.6500054,Hydrophobicity_group3_D50,0.02865744480257478,0.3809069464354132,-0.14175597727244307,1.3280307079433594e-05,0.42252713420600463,4.118498202906982e-05,-0.11309853246986828
dim 533,533,0.6500054,Hydrophobicity_group3_D75,-0.06777152563167994,0.03806695036166103,-0.1408838853016748,1.5021793866132464e-05,0.04907125210650245,4.594577977370186e-05,-0.07311235966999487
dim 533,533,0.6500054,Hydrophobicity_group3_D100,0.10018401400263688,0.002138351578309892,0.09512709063754364,0.003561351089878945,0.003161617650090765,0.007225636484000951,0.005056923365093238
dim 533,533,0.6500054,NormVanDerWaalsVolume_C1,0.4665683060378597,7.971173556240519e-52,0.13320101704903214,4.311130971154172e-05,7.628572973594078e-51,0.00012423794170539202,0.33336728898882756
dim 533,533,0.6500054,NormVanDerWaalsVolume_C2,-0.3839537349348379,2.805853267015936e-34,-0.037339346105262225,0.25351767161233607,1.7008257553236345e-33,0.3252973581195553,0.3466143888295757
dim 533,533,0.6500054,NormVanDerWaalsVolume_C3,-0.4265923579960708,1.0028163366102409e-42,-0.19144267442447735,3.4830114499994172e-09,7.753255935829177e-42,1.6315930214583525e-08,0.23514968357159347
dim 533,533,0.6500054,NormVanDerWaalsVolume_T12,0.23539355298792858,2.905952823738492e-13,0.11996605928815474,0.0002326732259035399,8.962033639230437e-13,0.0005847468581774442,0.11542749369977384
dim 533,533,0.6500054,NormVanDerWaalsVolume_T13,-0.14085437541275267,1.5084366805780367e-05,-0.17088457730204298,1.420111910719406e-07,2.7098552676259183e-05,5.619874149055469e-07,-0.030030201889290314
dim 533,533,0.6500054,NormVanDerWaalsVolume_T23,-0.37050523600757856,7.333342246011483e-32,-0.07335793062442666,0.024732955868071886,4.194069024259992e-31,0.04101691787455815,0.2971473053831519
dim 533,533,0.6500054,NormVanDerWaalsVolume_group1_D0,-0.14391618189556318,9.756494702368952e-06,-0.008788152630861707,0.7881948345094181,1.783617531795966e-05,0.8307260168070231,0.13512802926470147
dim 533,533,0.6500054,NormVanDerWaalsVolume_group1_D25,-0.22444523251353404,3.651357108623912e-12,0.03372831203137622,0.30237471420057926,1.0495294959383706e-11,0.37839323545520226,0.19071692048215783
dim 533,533,0.6500054,NormVanDerWaalsVolume_group1_D50,-0.019292406197136715,0.5553140580325935,0.10607312302782755,0.0011468059487368153,0.5942803440656399,0.002531613925169176,-0.08678071683069083
dim 533,533,0.6500054,NormVanDerWaalsVolume_group1_D75,-0.13319340519662037,4.315516827601022e-05,0.020308819706026843,0.5346677721533555,7.460572569455184e-05,0.6078251732444545,0.11288458549059353
dim 533,533,0.6500054,NormVanDerWaalsVolume_group1_D100,0.17828832593542132,3.923099843482042e-08,0.10453595883360668,0.0013534194044877335,8.811804624902502e-08,0.0029468193031219232,0.07375236710181464
dim 533,533,0.6500054,NormVanDerWaalsVolume_group2_D0,-0.009984652195722681,0.7601876484634857,-0.053675830742862515,0.10058332767718348,0.7836002470584631,0.14412197101750016,-0.04369117854713983
dim 533,533,0.6500054,NormVanDerWaalsVolume_group2_D25,0.21532574100217386,2.7251780157232277e-11,-0.04152256798548582,0.2041288876267862,7.516180489277937e-11,0.27141340950376824,0.17380317301668805
dim 533,533,0.6500054,NormVanDerWaalsVolume_group2_D50,0.0044122633939246165,0.8927053602291947,-0.08635715711455132,0.008172821347522105,0.9037999100228888,0.015275446726762077,-0.0819448937206267
dim 533,533,0.6500054,NormVanDerWaalsVolume_group2_D75,-0.08592983572598216,0.00849565198704695,-0.14319478408399486,1.0820065458465218e-05,0.01186265787488997,3.3997195325751484e-05,-0.0572649483580127
dim 533,533,0.6500054,NormVanDerWaalsVolume_group2_D100,-0.08536293359503408,0.008941484854543918,0.015144800472631774,0.6433665399706596,0.012453944709831813,0.7059278066695148,0.0702181331224023
dim 533,533,0.6500054,NormVanDerWaalsVolume_group3_D0,0.15474525502678546,1.9436665250934e-06,0.04641219008948199,0.15573381657283292,3.8299977544613304e-06,0.21511618997239948,0.10833306493730346
dim 533,533,0.6500054,NormVanDerWaalsVolume_group3_D25,0.1163472700043172,0.0003585988193782623,0.008401745275056407,0.7973003733342396,0.0005703428841539982,0.8358078472178513,0.10794552472926079
dim 533,533,0.6500054,NormVanDerWaalsVolume_group3_D50,0.06569257505392571,0.044392330742414846,-0.01692830147316959,0.6047873477126756,0.05659174987773496,0.6710929373290154,0.04876427358075612
dim 533,533,0.6500054,NormVanDerWaalsVolume_group3_D75,0.14890997346898996,4.702006760259838e-06,0.10624306648473034,0.0011258462287180699,8.943452493888303e-06,0.002495200754683734,0.04266690698425962
dim 533,533,0.6500054,NormVanDerWaalsVolume_group3_D100,-0.1255280512646575,0.00011687500774623155,-0.06174799189677002,0.058836341088519754,0.00019498627665954715,0.09003929380305818,0.06378005936788747
dim 533,533,0.6500054,Polarity_C1,-0.45481001114474856,5.068686080260185e-49,-0.18655792740138616,8.737080143662374e-09,4.5265806171307534e-48,3.927570347218349e-08,0.2682520837433624
dim 533,533,0.6500054,Polarity_C2,0.5116890043168362,1.1760553747669901e-63,0.18337168309356622,1.571189936390261e-08,1.7457888674318874e-62,6.904966299399305e-08,0.32831732122326995
dim 533,533,0.6500054,Polarity_C3,-0.4748046491543838,7.442364445391607e-54,-0.1411239306864388,1.4521900814451527e-05,7.719719642114276e-53,4.4498301578227614e-05,0.333680718467945
dim 533,533,0.6500054,Polarity_T12,0.31653713807775974,2.9931791035135204e-23,0.09531557084657903,0.0034957152240184318,1.3437121244267685e-22,0.007106323096909045,0.2212215672311807
dim 533,533,0.6500054,Polarity_T13,-0.5084822556863209,9.352891415785245e-63,-0.1913554405932269,3.5414436027694024e-09,1.3293045671796903e-61,1.6566416853291043e-08,0.317126815093094
dim 533,533,0.6500054,Polarity_T23,0.03262200087299906,0.3185185535367219,-0.011701933093950317,0.7205411868104548,0.3588033621627829,0.7730830594111529,0.020920067779048743
dim 533,533,0.6500054,Polarity_group1_D0,0.1917409240287162,3.2902273531707865e-09,0.03938863731929657,0.22837237601267063,7.96330388376118e-09,0.29783824126603664,0.15235228670941964
dim 533,533,0.6500054,Polarity_group1_D25,0.148526396952584,4.9773975122843255e-06,-0.08656279582706582,0.00802140920361724,9.44037915447453e-06,0.015034515566824681,0.06196360112551817
dim 533,533,0.6500054,Polarity_group1_D50,0.05238456411000279,0.10905055861050013,-0.08423926057406159,0.009887283041482186,0.1319669803474893,0.018095082388246853,-0.03185469646405879
dim 533,533,0.6500054,Polarity_group1_D75,0.0683284137458926,0.03650867584387839,-0.028349569744568384,0.38604662460869776,0.047237524355417775,0.46165260515325834,0.03997884400132422
dim 533,533,0.6500054,Polarity_group1_D100,0.035993601883001734,0.2710418378419979,0.06507715973813485,0.04642663464814636,0.30949734645889676,0.07269805894271393,-0.02908355785513312
dim 533,533,0.6500054,Polarity_group2_D0,-0.16564136929965254,3.417211309513984e-07,-0.03307295136849308,0.3118712463561939,7.155790453778499e-07,0.38708657109984673,0.13256841793115945
dim 533,533,0.6500054,Polarity_group2_D25,-0.3002822549673426,5.6024230259723955e-21,-0.007659739734807934,0.8148618727130142,2.3360914989697627e-20,0.8513101829407155,0.2926225152325347
dim 533,533,0.6500054,Polarity_group2_D50,-0.15022278508374584,3.865578422038901e-06,0.04089090192043314,0.2111018577272858,7.394634553041195e-06,0.27791888246319846,0.1093318831633127
dim 533,533,0.6500054,Polarity_group2_D75,-0.16237274695021997,5.827000157331807e-07,0.02069963575017843,0.5268333754047596,1.1962004010748762e-06,0.600586245416046,0.14167311120004153
dim 533,533,0.6500054,Polarity_group2_D100,0.11870435893096314,0.0002709207021302177,0.06939674175469815,0.03367086683458103,0.0004360844072843022,0.05423957320087673,0.04930761717626499
dim 533,533,0.6500054,Polarity_group3_D0,-0.01297747553189554,0.6915644537124443,-0.04665154395446303,0.15360995300576602,0.7218203985623638,0.2128868228378666,-0.033674068422567496
dim 533,533,0.6500054,Polarity_group3_D25,0.48576466959163384,1.2115333370702289e-56,0.1962800231821384,1.3677045328164727e-09,1.4248314597938608e-55,6.601348467640201e-09,0.28948464640949545
dim 533,533,0.6500054,Polarity_group3_D50,0.18571913732798417,1.0206868924872402e-08,-0.03779552633370648,0.24776014724947357,2.3823160174055784e-08,0.31888974636348427,0.1479236109942777
dim 533,533,0.6500054,Polarity_group3_D75,0.1397008952071934,1.7734115858379243e-05,-0.059146784239068745,0.0703457807593673,3.167483795026025e-05,0.10531371929013301,0.08055411096812465
dim 533,533,0.6500054,Polarity_group3_D100,-0.2148119496660357,3.043936642297511e-11,-0.09379674278941008,0.004057380535797154,8.374586808297931e-11,0.008105054419594793,0.12101520687662562
dim 533,533,0.6500054,Polarizability_C1,0.4525871094291595,1.6698545210551782e-48,0.1764568492361715,5.4205944031142865e-08,1.4638619685890537e-47,2.2406912507922916e-07,0.276130260192988
dim 533,533,0.6500054,Polarizability_C2,-0.3153562466226883,4.4261457569141674e-23,-0.08631127044792271,0.008206954313008533,1.973741899611925e-22,0.015330078317654448,0.2290449761747656
dim 533,533,0.6500054,Polarizability_C3,-0.4265923579960708,1.0028163366102409e-42,-0.19144267442447735,3.4830114499994172e-09,7.753255935829177e-42,1.6315930214583525e-08,0.23514968357159347
dim 533,533,0.6500054,Polarizability_T12,0.4463968454502912,4.411328462639896e-47,0.16982271861094603,1.7002316601695544e-07,3.787618782832199e-46,6.665227400195201e-07,0.2765741268393451
dim 533,533,0.6500054,Polarizability_T13,-0.12205153966982263,0.00018033941536020365,-0.1184691522560002,0.00027867180990118434,0.0002943957220445162,0.0006940819128038447,0.003582387413822427
dim 533,533,0.6500054,Polarizability_T23,-0.3787914033607516,2.4512358209560294e-33,-0.10963240866957977,0.0007750471631921211,1.4593810413535006e-32,0.0017742663753763873,0.2691589946911719
dim 533,533,0.6500054,Polarizability_group1_D0,-0.11049853624169685,0.0007033341464042388,0.010221536415755681,0.754678503019026,0.0010931298506236193,0.8024916268970221,0.10027699982594117
dim 533,533,0.6500054,Polarizability_group1_D25,-0.23096848895046465,8.209613686968355e-13,0.026948049154830678,0.4099733227156595,2.4725076388164387e-12,0.4857729952234141,0.20402043979563397
dim 533,533,0.6500054,Polarizability_group1_D50,-0.1441543192564969,9.427850037885722e-06,0.08391403703880822,0.010177145407573973,1.7273186575171866e-05,0.018576461928236872,0.06024028221768869
dim 533,533,0.6500054,Polarizability_group1_D75,-0.17341855561029526,9.199797434436385e-08,-0.0024408732801828965,0.9405197512674358,2.003084969427479e-07,0.9527861599130226,0.17097768233011237
dim 533,533,0.6500054,Polarizability_group1_D100,0.06844755791005931,0.03618243005160917,0.041051151746465286,0.2093167883811598,0.04689534977585356,0.27644051925388446,0.027396406163594025
dim 533,533,0.6500054,Polarizability_group2_D0,-0.06066974970692525,0.06340227732349539,-0.01602926049476932,0.6241059601341618,0.07922319725419925,0.689542607560019,0.04464048921215593
dim 533,533,0.6500054,Polarizability_group2_D25,0.1870506632344483,7.971765305012244e-09,-0.006836440495759866,0.8344563114509265,1.87372949463342e-08,0.8685964227419053,0.18021422273868842
dim 533,533,0.6500054,Polarizability_group2_D50,0.20943427963730296,9.528257811755357e-11,-0.020679231559021724,0.5272409506361985,2.537829433115063e-10,0.6008136387324814,0.18875504807828125
dim 533,533,0.6500054,Polarizability_group2_D75,0.0265753053982377,0.41648194337565986,-0.08889568390039648,0.006471215852896288,0.4584870437952221,0.012436053480249483,-0.06232037850215878
dim 533,533,0.6500054,Polarizability_group2_D100,0.1503789270046747,3.7761443793566486e-06,0.14303939146950517,1.1063206735916064e-05,7.235985213454508e-06,3.4695878401840054e-05,0.007339535535169528
dim 533,533,0.6500054,Polarizability_group3_D0,0.15474525502678546,1.9436665250934e-06,0.04641219008948199,0.15573381657283292,3.8299977544613304e-06,0.21511618997239948,0.10833306493730346
dim 533,533,0.6500054,Polarizability_group3_D25,0.1163472700043172,0.0003585988193782623,0.008401745275056407,0.7973003733342396,0.0005703428841539982,0.8358078472178513,0.10794552472926079
dim 533,533,0.6500054,Polarizability_group3_D50,0.06569257505392571,0.044392330742414846,-0.01692830147316959,0.6047873477126756,0.05659174987773496,0.6710929373290154,0.04876427358075612
dim 533,533,0.6500054,Polarizability_group3_D75,0.14890997346898996,4.702006760259838e-06,0.10624306648473034,0.0011258462287180699,8.943452493888303e-06,0.002495200754683734,0.04266690698425962
dim 533,533,0.6500054,Polarizability_group3_D100,-0.1255280512646575,0.00011687500774623155,-0.06174799189677002,0.058836341088519754,0.00019498627665954715,0.09003929380305818,0.06378005936788747
dim 533,533,0.6500054,Charge_C1,-0.35617159605372306,2.083331132296e-29,-0.1529987715193379,2.5406916562119542e-06,1.09752775739253e-28,8.721387596863235e-06,0.20317282453438515
dim 533,533,0.6500054,Charge_C2,0.509445458286353,5.02883433315907e-63,0.2528899313101228,3.877339768719962e-15,7.239787358944523e-62,2.8587891451489345e-14,0.25655552697623024
dim 533,533,0.6500054,Charge_C3,-0.49776977935713557,8.140282294879945e-60,-0.2535729987831063,3.2534718965512986e-15,1.0457131871115007e-58,2.409444819175463e-14,0.24419678057402927
dim 533,533,0.6500054,Charge_T12,-0.2926590023348589,5.827444475536615e-20,-0.14465567865168338,8.770123518356544e-06,2.3592320664596716e-19,2.7950584495525627e-05,0.14800332368317554
dim 533,533,0.6500054,Charge_T13,-0.39770671636191335,7.189127252013394e-37,-0.1522518362871839,2.8465043770813112e-06,4.736032548663657e-36,9.711261102606313e-06,0.24545488007472946
dim 533,533,0.6500054,Charge_T23,-0.47613094175718396,3.4645168641596407e-54,-0.2482252622264743,1.2669342935168796e-14,3.6388321780796226e-53,8.92734291212316e-14,0.22790567953070964
dim 533,533,0.6500054,Charge_group1_D0,-0.04855251018398654,0.13751562060841246,-0.11408568995933233,0.0004670360684091687,0.16386092502037017,0.001115808632679988,-0.06553317977534578
dim 533,533,0.6500054,Charge_group1_D25,0.10695755465583098,0.0010415367848736557,-0.01223459733450946,0.7083889284862082,0.0015891881505153082,0.7624940448417452,0.09472295732132152
dim 533,533,0.6500054,Charge_group1_D50,-0.06873001420901,0.03541889588726885,-0.1381379693614443,2.2037492605796705e-05,0.04594140282076813,6.579067935462498e-05,-0.0694079551524343
dim 533,533,0.6500054,Charge_group1_D75,0.08366982459431381,0.010399745392187144,-0.0011642699384500233,0.971608267480829,0.014389042920424632,0.9774613293331231,0.08250555465586379
dim 533,533,0.6500054,Charge_group1_D100,-0.06978152873085659,0.03269595998573446,-0.024072588616933864,0.46173317115885354,0.042691362921170095,0.5373480110350422,0.04570894011392273
dim 533,533,0.6500054,Charge_group2_D0,-0.050121463736105945,0.12523729447600013,-0.05684948563238952,0.08198684690435219,0.15003320069936887,0.12026177806786839,-0.006728021896283576
dim 533,533,0.6500054,Charge_group2_D25,-0.14396606019786648,9.686767646280821e-06,-0.008752707563093265,0.7890289015895543,1.7718403033175215e-05,0.8313427543561865,0.13521335263477322
dim 533,533,0.6500054,Charge_group2_D50,0.05039610677293658,0.12317856066683919,0.07399362626337429,0.023508951306462456,0.14783197722861763,0.039201146961350276,-0.02359751949043771
dim 533,533,0.6500054,Charge_group2_D75,-0.021723574298387945,0.5065883974850756,0.005763924340334714,0.8601350171564628,0.5468665958630098,0.8886022138269675,0.015959649958053233
dim 533,533,0.6500054,Charge_group2_D100,0.14192540396004616,1.2965077266526826e-05,-0.010759109566174704,0.7422228531975927,2.3419879973066305e-05,0.7915589567844091,0.13116629439387145
dim 533,533,0.6500054,Charge_group3_D0,0.09279173500228358,0.004472740763001468,0.15144761717635025,3.215103594692492e-06,0.006408817738492022,1.086887247598474e-05,-0.05865588217406667
dim 533,533,0.6500054,Charge_group3_D25,0.3115379647368497,1.5493531284834216e-22,0.20438004233705157,2.7088762974901817e-10,6.791127886003449e-22,1.4092907840525245e-09,0.10715792239979813
dim 533,533,0.6500054,Charge_group3_D50,0.01231238036683176,0.7066204771752987,-0.004584195988707631,0.8885511541014618,0.7354666231740411,0.9114744639738582,0.00772818437812413
dim 533,533,0.6500054,Charge_group3_D75,-0.015566581569266767,0.6341506614773968,0.0036001370359891208,0.9123656867004352,0.6709101074863811,0.9290553029205652,0.011966444533277646
dim 533,533,0.6500054,Charge_group3_D100,-0.15430770448088046,2.0791553176080586e-06,-0.03337991340942006,0.30739902642969064,4.08733299635722e-06,0.3828852175757094,0.1209277910714604
dim 533,533,0.6500054,SecondaryStructure_C1,-0.5897527003787418,7.333938343849492e-89,-0.36594655296243006,4.5619853531689614e-31,2.662538485701881e-87,7.8541397317445e-30,0.22380614741631177
dim 533,533,0.6500054,SecondaryStructure_C2,0.330265351856703,2.7831571045282645e-25,0.2543999013476258,2.6291362217763422e-15,1.3148153789426314e-24,1.9733292091534796e-14,0.07586545050907723
dim 533,533,0.6500054,SecondaryStructure_C3,0.563651656718738,1.1141774356675982e-79,0.294945211308509,2.908426345681649e-20,2.819206541764983e-78,2.882535309963415e-19,0.268706445410229
dim 533,533,0.6500054,SecondaryStructure_T12,-0.37516414151292127,1.0983436879985182e-32,-0.13429307078689132,3.723831716047934e-05,6.39105909044434e-32,0.00010787162126279358,0.24087107072602995
dim 533,533,0.6500054,SecondaryStructure_T13,-0.3495156747448876,2.606674615363952e-28,-0.18133004656103038,2.2761162837733984e-08,1.3414935616819106e-27,9.809326952004066e-08,0.1681856281838572
dim 533,533,0.6500054,SecondaryStructure_T23,0.5358231349057403,9.447108146280646e-71,0.30511838361641674,1.2223261167871882e-21,1.7242262955506753e-69,1.3169578161513578e-20,0.23070475128932355
dim 533,533,0.6500054,SecondaryStructure_group1_D0,0.0320286921543999,0.32740440226923145,-0.02478016709386579,0.4486689168952235,0.367696941351457,0.5239699938566597,0.007248525060534111
dim 533,533,0.6500054,SecondaryStructure_group1_D25,-0.13433789572644128,3.701425294188138e-05,-0.1463422171923891,6.864144709770449e-06,6.425551186376497e-05,2.2280119854842858e-05,-0.01200432146594782
dim 533,533,0.6500054,SecondaryStructure_group1_D50,-0.21179570475069867,5.794599050064592e-11,-0.14388228829004104,9.804148914090255e-06,1.569664300666321e-10,3.109768031629767e-05,0.06791341646065763
dim 533,533,0.6500054,SecondaryStructure_group1_D75,-0.2387918277783519,1.2901027421178882e-13,-0.15106608348670494,3.4055595712800664e-06,4.01953652861357e-13,1.1477869796241595e-05,0.08772574429164695
dim 533,533,0.6500054,SecondaryStructure_group1_D100,-0.20910346673116967,1.0211012931365723e-10,-0.10958293997726044,0.0007793409131889423,2.713188797992165e-10,0.001781655475736528,0.09952052675390922
dim 533,533,0.6500054,SecondaryStructure_group2_D0,0.03945476523436554,0.22759161604358846,-0.03789866049422935,0.24647123934903215,0.2632119105213246,0.317597970457472,0.001556104740136184
dim 533,533,0.6500054,SecondaryStructure_group2_D25,-0.057848234528125445,0.07674723891112172,-0.011898701241470681,0.716043691753754,0.09522131425079737,0.7687515044865119,0.04594953328665476
dim 533,533,0.6500054,SecondaryStructure_group2_D50,-0.019640154270412942,0.548206723211197,-0.0639488446310714,0.05035999056470996,0.587770640893389,0.07823365976099128,-0.04430869036065845
dim 533,533,0.6500054,SecondaryStructure_group2_D75,0.15970267850021835,8.94119364736782e-07,0.03356185673917424,0.3047683484746438,1.8099143504368799e-06,0.381036359053249,0.12614082176104413
dim 533,533,0.6500054,SecondaryStructure_group2_D100,0.16763173387850144,2.456398499118634e-07,0.1478171716326957,5.52771033925701e-06,5.215747607791633e-07,1.8118304743001387e-05,0.019814562245805745
dim 533,533,0.6500054,SecondaryStructure_group3_D0,-0.056993754591677305,0.08121255534986224,0.04862491497214558,0.13692931421062823,0.10038857693136193,0.19143738361804033,0.008368839619531727
dim 533,533,0.6500054,SecondaryStructure_group3_D25,0.09201762161380089,0.004818494289468689,0.16399195329218036,4.479194277270686e-07,0.0068894567323738954,1.6771870948524766e-06,-0.07197433167837947
dim 533,533,0.6500054,SecondaryStructure_group3_D50,0.2694459691396179,4.756994277886626e-17,0.22680008905747906,2.1417892859837455e-12,1.7421448342260232e-16,1.2982896942260816e-11,0.04264588008213882
dim 533,533,0.6500054,SecondaryStructure_group3_D75,0.12818086757291405,8.33080284902649e-05,0.11797011162747885,0.0002958095751025519,0.00014067179734958784,0.0007318548006240913,0.010210755945435204
dim 533,533,0.6500054,SecondaryStructure_group3_D100,0.15701781933680636,1.3655983874492994e-06,0.08873551692891145,0.0065683406713631055,2.723043948704872e-06,0.012600952235699469,0.06828230240789492
dim 533,533,0.6500054,SolventAccessibility_C1,-0.2629496600358126,2.7759181070252916e-16,-0.27288667141251294,1.8324903688864586e-17,9.852886798580738e-16,1.602229798974024e-16,-0.009937011376700333
dim 533,533,0.6500054,SolventAccessibility_C2,-0.4075168209486567,8.552088492493859e-39,-0.08002929376216793,0.014269985292095298,5.92613600932147e-38,0.02504558637708791,0.32748752718648877
dim 533,533,0.6500054,SolventAccessibility_C3,0.6287754400421484,2.934208680156268e-104,0.37041618856608965,7.602057484111166e-32,1.6333761652869892e-102,1.3155892226389272e-30,0.2583592514760587
dim 533,533,0.6500054,SolventAccessibility_T12,-0.6047416344817672,1.5952996048266317e-94,-0.34764667617873857,5.242258138753507e-28,6.497927658684085e-93,7.922688770785843e-27,0.25709495830302864
dim 533,533,0.6500054,SolventAccessibility_T13,0.4229477116285939,5.914940137712207e-42,0.18254191012261198,1.8275507314120044e-08,4.4899772863542654e-41,8.010524203301961e-08,0.24040580150598193
dim 533,533,0.6500054,SolventAccessibility_T23,0.1671747090762044,2.650758555416612e-07,0.22283527745363152,5.24035533888484e-12,5.6070510291903e-07,3.1033309985594623e-11,-0.05566056837742711
dim 533,533,0.6500054,SolventAccessibility_group1_D0,-0.0005708329839030114,0.9860775136783497,0.03014158025811043,0.356724056735182,0.9881484835540618,0.4331000906926601,-0.02957074727420742
dim 533,533,0.6500054,SolventAccessibility_group1_D25,-0.258777289200665,8.402205586534758e-16,-0.14815880146547586,5.255738591604085e-06,2.9081208973084037e-15,1.72947457103031e-05,0.11061848773518915
dim 533,533,0.6500054,SolventAccessibility_group1_D50,-0.272521978932847,2.0287845492242144e-17,-0.12752180662296786,9.067404293896261e-05,7.562656690188478e-17,0.00024642500456013817,0.14500017230987916
dim 533,533,0.6500054,SolventAccessibility_group1_D75,-0.3160149106616487,3.55925279907043e-23,-0.2126831723572601,4.7994621212592286e-11,1.5935528617822034e-22,2.6236012250418697e-10,0.10333173830438863
dim 533,533,0.6500054,SolventAccessibility_group1_D100,0.04883862919298367,0.1352099645550799,0.04311799376985853,0.18726510715606892,0.1613437947888413,0.2517976883660508,0.005720635423125141
dim 533,533,0.6500054,SolventAccessibility_group2_D0,-0.054341695309679965,0.09642617113594525,-0.05828437046914239,0.07454631857786088,0.11771323523174602,0.11046348893081427,-0.003942675159462422
dim 533,533,0.6500054,SolventAccessibility_group2_D25,0.4360403043304444,9.095148567325726e-45,0.17476073618804805,7.290993621720309e-08,7.302354859343251e-44,2.9481741763372675e-07,0.26127956814239633
dim 533,533,0.6500054,SolventAccessibility_group2_D50,0.1374258214943204,2.4311938083576362e-05,-0.04247370310130038,0.1939473235933918,4.3032259247029704e-05,0.2595288705135932,0.09495211839302001
dim 533,533,0.6500054,SolventAccessibility_group2_D75,0.16281551299493968,5.423956854837885e-07,-0.032962157486699215,0.3134958994001778,1.1189633042099158e-06,0.38823741342105816,0.12985335550824045
dim 533,533,0.6500054,SolventAccessibility_group2_D100,-0.2096875214347173,9.035914046623157e-11,-0.057227179320799626,0.07997232442255851,2.410539370265283e-10,0.11751322638422587,0.15246034211391768
dim 533,533,0.6500054,SolventAccessibility_group3_D0,0.16774435154600367,2.410659037629504e-07,0.03263266313633355,0.3183603232445962,5.121883705904926e-07,0.39338641496002635,0.13511168840967014
dim 533,533,0.6500054,SolventAccessibility_group3_D25,0.054077182565230766,0.0980608539484297,0.09507799840029567,0.003578629597046359,0.11962134849808444,0.0072519039203292664,-0.0410008158350649
dim 533,533,0.6500054,SolventAccessibility_group3_D50,0.18810141118667234,6.5508738554964255e-09,0.16699266833860257,2.7322352871731546e-07,1.5539714969714533e-08,1.0477228311318412e-06,0.021108742848069767
dim 533,533,0.6500054,SolventAccessibility_group3_D75,0.07411575221130921,0.023279911058518014,0.1674834868541265,2.517886415976895e-07,0.03091646239978138,9.74477477330571e-07,-0.0933677346428173
dim 533,533,0.6500054,SolventAccessibility_group3_D100,0.20719836808764833,1.5176962085536462e-10,0.08528368138536885,0.009005446119587727,3.9914215248576205e-10,0.016654590276535444,0.12191468670227948
dim 36,36,0.5066702,AAC_A,-0.1878659726814012,6.8461200516029684e-09,-0.09300573749562413,0.0043812017564182825,1.619408000874923e-08,0.008676606900056607,0.09486023518577708
dim 36,36,0.5066702,AAC_C,-0.13613992302268377,2.8994455881774737e-05,-0.10370732304591235,0.0014785246106507797,5.0888850575474316e-05,0.0031969633882894103,0.03243259997677142
dim 36,36,0.5066702,AAC_D,0.294930357710276,2.9216477163632597e-20,0.176703509811579,5.1906370749170394e-08,1.1958705113545697e-19,2.156309431619765e-07,0.11822684789869697
dim 36,36,0.5066702,AAC_E,0.6618298068120841,3.890929184460627e-119,0.4967390660118359,1.541754703812029e-59,4.641322670035177e-117,1.1703319797118585e-57,0.16509074080024827
dim 36,36,0.5066702,AAC_F,0.17787337607812553,4.222513175033147e-08,0.07914983934423178,0.01537677912979336,9.458882632200343e-08,0.026819029918281893,0.09872353673389375
dim 36,36,0.5066702,AAC_G,-0.3639353900374549,1.0123622710481797e-30,-0.31033634696403334,2.2895438819175995e-22,5.579686444390957e-30,2.5834718127043186e-21,0.05359904307342156
dim 36,36,0.5066702,AAC_H,0.48033442710549945,3.002702628391287e-55,0.26706103012304033,9.141520998888175e-17,3.266783967044593e-54,7.633170034071626e-16,0.21327339698245912
dim 36,36,0.5066702,AAC_I,0.3268778976518681,9.02796819224636e-25,0.18233497106118934,1.897547907411412e-08,4.2113706371652015e-24,8.285566206064681e-08,0.14454292659067874
dim 36,36,0.5066702,AAC_K,0.395073381619844,2.3035693741218525e-36,0.15523029691256676,1.8033738033608436e-06,1.48245119644836e-35,6.313698640697293e-06,0.23984308470727725
dim 36,36,0.5066702,AAC_L,0.5437169046157618,3.368225374926836e-73,0.44945896448759004,8.807819539030009e-48,6.736450749853673e-72,3.0643872146208572e-46,0.09425794012817179
dim 36,36,0.5066702,AAC_M,0.32204785222153776,4.71179529150447e-24,0.18364660489997794,1.494217823688192e-08,2.16768543713842e-23,6.57538619677312e-08,0.1384012473215598
dim 36,36,0.5066702,AAC_N,-0.1282631403018525,8.24291962331091e-05,-0.18387695506668952,1.432551768861999e-08,0.00013939924831320727,6.320637923380551e-08,-0.05561381476483701
dim 36,36,0.5066702,AAC_P,-0.39718620700848806,9.057349144414808e-37,-0.05915872633307304,0.07028900465888818,5.943329301050188e-36,0.10530207411867487,0.338027480675415
dim 36,36,0.5066702,AAC_Q,0.10205125910361701,0.0017609904999130517,0.04288277800179694,0.1896846815148984,0.002626935359405803,0.25433433812114037,0.05916848110182007
dim 36,36,0.5066702,AAC_R,0.07772324618288091,0.017332920671462613,0.2515420126509861,5.4727985430031654e-15,0.023371802601003282,3.991014763785044e-14,-0.17381876646810518
dim 36,36,0.5066702,AAC_S,-0.6483277215588487,7.788080036354921e-113,-0.4718348075696643,4.073896521282166e-53,6.669791620878318e-111,1.8898353307058935e-51,0.17649291398918437
dim 36,36,0.5066702,AAC_T,-0.6769925494229451,1.2896009442046556e-126,-0.494529619355166,6.017515553002778e-59,2.3929261964686386e-124,4.1871879056310997e-57,0.18246293006777908
dim 36,36,0.5066702,AAC_V,-0.02827317823421014,0.3873284245173093,-0.06847928796484948,0.036095964958636456,0.42922260712933413,0.05780858821542933,-0.04020610973063934
dim 36,36,0.5066702,AAC_W,-0.175041711315152,6.94298364893984e-08,-0.10492568262771199,0.0012980175347204381,1.5306643820104994e-07,0.0028391477183800024,0.07011602868744002
dim 36,36,0.5066702,AAC_Y,0.03301157939243268,0.31277050344841223,-0.029181448210189698,0.37225623250716106,0.3532815290895153,0.4485338443628853,0.003830131182242985
dim 36,36,0.5066702,Hydrophobicity_C1,0.6187994321889595,4.084619970548523e-100,0.41952724048228207,3.0670488055192776e-41,2.0670652578230402e-98,8.195154408347511e-40,0.19927219170667743
dim 36,36,0.5066702,Hydrophobicity_C2,-0.6863319537265019,1.8841059011545047e-131,-0.49336355774527757,1.2296885670550924e-58,4.49493836418289e-129,7.898384257623094e-57,0.19296839598122434
dim 36,36,0.5066702,Hydrophobicity_C3,0.6005284767429537,6.680857648756918e-93,0.4206451867843592,1.7947799246241499e-41,2.625184064335071e-91,4.91357782643005e-40,0.17988328995859454
dim 36,36,0.5066702,Hydrophobicity_T12,0.07186482052078454,0.027826543818648346,-0.0056218489073094555,0.8635483787266331,0.03660522109266856,0.8913014786609873,0.06624297161347509
dim 36,36,0.5066702,Hydrophobicity_T13,0.6079017948958714,9.337217949924294e-96,0.388869072010322,3.435420228942566e-35,4.103461572729887e-94,7.2622174459925125e-34,0.21903272288554937
dim 36,36,0.5066702,Hydrophobicity_T23,-0.2511455661140007,6.0542955189909544e-15,-0.1451638854019274,8.148225144172935e-06,2.0302557262479708e-14,2.624404241228313e-05,0.10598168071207328
dim 36,36,0.5066702,Hydrophobicity_group1_D0,-0.008707818082648998,0.7900855540404502,-0.03204919190852717,0.32709472765280667,0.8114065414632651,0.40209657355921025,-0.02334137382587817
dim 36,36,0.5066702,Hydrophobicity_group1_D25,-0.49607466349432255,2.3244022967452653e-59,-0.2611454960125813,4.492036561113684e-16,2.9296240268412022e-58,3.57223859859993e-15,0.23492916748174125
dim 36,36,0.5066702,Hydrophobicity_group1_D50,-0.1919355060775723,3.170086492533826e-09,-0.028982563578965087,0.375525181188915,7.683663922396936e-09,0.45198346132287426,0.1629529424986072
dim 36,36,0.5066702,Hydrophobicity_group1_D75,-0.2109040214419939,6.996499148822286e-11,-0.02868997513499867,0.3803663451637778,1.8830223333655467e-10,0.4560027253578672,0.18221404630699523
dim 36,36,0.5066702,Hydrophobicity_group1_D100,0.2578217357081767,1.0797955807456062e-15,0.1226513446682933,0.0001674711955668067,3.7104086828089764e-15,0.0004339439823065434,0.13517039103988338
dim 36,36,0.5066702,Hydrophobicity_group2_D0,0.2714930752593345,2.7012189272341e-17,0.1911230052956465,3.7018266243500995e-09,1.0002296249403432e-16,1.7268297381744877e-08,0.08037006996368803
dim 36,36,0.5066702,Hydrophobicity_group2_D25,0.40938044305730187,3.6235032515453904e-39,0.16653151761965362,2.949586882999076e-07,2.5532702236627856e-38,1.1284788303799444e-06,0.24284892543764824
dim 36,36,0.5066702,Hydrophobicity_group2_D50,0.13689491606282447,2.6150775913546974e-05,-0.017330964034543588,0.5962226311808134,4.621354050330524e-05,0.6635431869582564,0.11956395202828088
dim 36,36,0.5066702,Hydrophobicity_group2_D75,0.19279064224949896,2.6907656316771715e-09,0.04084032529778721,0.21166752077413592,6.56955936389017e-09,0.27855379014405596,0.15195031695171174
dim 36,36,0.5066702,Hydrophobicity_group2_D100,-0.17370959964741062,8.748730840689619e-08,-0.09300275489033191,0.004382465820477693,1.912353469103621e-07,0.008676606900056607,0.0807068447570787
dim 36,36,0.5066702,Hydrophobicity_group3_D0,-0.2432379078215372,4.3744064142045487e-14,-0.015490485876846495,0.6358092177817765,1.395464892401451e-13,0.6997043780530917,0.22774742194469072
dim 36,36,0.5066702,Hydrophobicity_group3_D25,-0.29432159407081915,3.517694967091495e-20,-0.0400550633636241,0.22059079343870333,1.4345666898761409e-19,0.2889306863079487,0.25426653070719507
dim 36,36,0.5066702,Hydrophobicity_group3_D50,-0.10712583611588036,0.0010225473336096078,0.03731425481822123,0.25383702943529846,0.0015616406466648788,0.32545707420878955,0.06981158129765913
dim 36,36,0.5066702,Hydrophobicity_group3_D75,-0.026588343000521094,0.4162532665250136,0.010131988802629017,0.7567596375087925,0.4583863864799029,0.8039367650379666,0.016456354197892077
dim 36,36,0.5066702,Hydrophobicity_group3_D100,-0.054846647777419044,0.09336606123368058,-0.030862404195445878,0.3453352485399017,0.11435373836468395,0.42064906277289266,0.023984243581973166
dim 36,36,0.5066702,NormVanDerWaalsVolume_C1,-0.6648656200134294,1.3419753434272303e-120,-0.46064180841408575,2.1289778916920446e-50,1.7239221719411343e-118,8.62277400809412e-49,0.20422381159934366
dim 36,36,0.5066702,NormVanDerWaalsVolume_C2,0.6178881022446444,9.599817838059623e-100,0.414456785793951,3.397968467905811e-40,4.78558083270435e-98,8.730165140619545e-39,0.2034313164506934
dim 36,36,0.5066702,NormVanDerWaalsVolume_C3,0.5232803229809234,5.420304161277964e-67,0.3374506834381291,2.1829658050979436e-26,8.745804781965411e-66,3.000455057212812e-25,0.1858296395427943
dim 36,36,0.5066702,NormVanDerWaalsVolume_T12,-0.23360029352445819,4.4379617052191457e-13,-0.11376762876615765,0.00048453308186688175,1.3549170105513662e-12,0.001155132400739033,0.11983266475830054
dim 36,36,0.5066702,NormVanDerWaalsVolume_T13,0.0035733052054288776,0.9130162262111975,-0.02380569781867827,0.46671540266628153,0.922685081859425,0.5420130197862936,-0.020232392613249394
dim 36,36,0.5066702,NormVanDerWaalsVolume_T23,0.5743809322932767,2.3576333655181494e-83,0.39209188504007497,8.501521966749237e-36,7.030799500741625e-82,1.8558878018916635e-34,0.18228904725320172
dim 36,36,0.5066702,NormVanDerWaalsVolume_group1_D0,0.2598696731562921,6.29932658828901e-16,0.17413920068655858,8.121771034792032e-08,2.19851105589188e-15,3.2682789465307697e-07,0.08573047246973353
dim 36,36,0.5066702,NormVanDerWaalsVolume_group1_D25,0.37680235222853886,5.592215757397535e-33,0.18861609838151994,5.947862791479192e-09,3.28260116515075e-32,2.728827159826992e-08,0.18818625384701893
dim 36,36,0.5066702,NormVanDerWaalsVolume_group1_D50,0.08686363341549704,0.007804418538609498,-0.015470415934103424,0.636246960063164,0.010952419293678876,0.6999554830734412,0.07139321748139361
dim 36,36,0.5066702,NormVanDerWaalsVolume_group1_D75,0.1938499702905149,2.193966002810702e-09,0.061637064883017824,0.059293127904633695,5.388122389255694e-09,0.09038239932233708,0.13221290540749708
dim 36,36,0.5066702,NormVanDerWaalsVolume_group1_D100,-0.22636575222618135,2.364299750408273e-12,-0.17375209434862424,8.684686979926865e-08,6.914852159687945e-12,3.486400782807179e-07,0.05261365787755712
dim 36,36,0.5066702,NormVanDerWaalsVolume_group2_D0,-0.011292363927111557,0.7299334963386295,0.026054332104985447,0.42568012007513273,0.7569009244865018,0.5023927918907927,-0.01476196817787389
dim 36,36,0.5066702,NormVanDerWaalsVolume_group2_D25,-0.3057553073363148,9.981074632918795e-22,-0.08417058630371285,0.00994787147561607,4.2849343539779916e-21,0.018195997113120303,0.22158472103260193
dim 36,36,0.5066702,NormVanDerWaalsVolume_group2_D50,-0.042189775851396945,0.1969469046127085,0.0375928940181489,0.25030622329822766,0.23008137859616873,0.3215472253138771,0.004596881833248044
dim 36,36,0.5066702,NormVanDerWaalsVolume_group2_D75,-0.006782227897556297,0.8357503160402354,0.014203913595893727,0.6641215826315864,0.8531192101388712,0.7239445450357371,-0.00742168569833743
dim 36,36,0.5066702,NormVanDerWaalsVolume_group2_D100,0.15247084625131865,2.753361847378687e-06,0.07801644333949709,0.016913974498118364,5.35286878361165e-06,0.029195180787449784,0.07445440291182157
dim 36,36,0.5066702,NormVanDerWaalsVolume_group3_D0,-0.18612163849124563,9.4738849445863e-09,-0.0881999184007391,0.006902704101468901,2.2174334768688323e-08,0.0131292891223839,0.09792172009050654
dim 36,36,0.5066702,NormVanDerWaalsVolume_group3_D25,-0.21335445682084625,4.159644551938286e-11,-0.14604327358044664,7.1702780856943025e-06,1.1378552664597768e-10,2.320613256416567e-05,0.06731118324039961
dim 36,36,0.5066702,NormVanDerWaalsVolume_group3_D50,-0.08385365122695285,0.010231789404749865,-0.0051026422674036315,0.8760434869358975,0.014162526569359532,0.9014125836000917,0.07875100895954922
dim 36,36,0.5066702,NormVanDerWaalsVolume_group3_D75,-0.06832018689789371,0.03653129503294734,0.011618768472884542,0.7224449825148526,0.047237524355417775,0.774379410012711,0.05670141842500917
dim 36,36,0.5066702,NormVanDerWaalsVolume_group3_D100,0.12416184394126559,0.00013878122714939682,0.057815594170269116,0.07691406064526504,0.00022969737298264887,0.11371977094076371,0.06634624977099647
dim 36,36,0.5066702,Polarity_C1,0.5845960662318477,5.566919112717991e-87,0.3894071730501814,2.7238666341409164e-35,1.8593509836478092e-85,5.7947226484271725e-34,0.19518889318166627
dim 36,36,0.5066702,Polarity_C2,-0.6926279216432579,8.147641696850414e-135,-0.48736483961437826,4.6526163574570195e-57,2.721312326748038e-132,2.6792652817080076e-55,0.20526308202887966
dim 36,36,0.5066702,Polarity_C3,0.665046035151114,1.0972323005762766e-120,0.45592981585471215,2.7708011705040773e-49,1.4659023535699055e-118,1.0516449897140476e-47,0.2091162192964019
dim 36,36,0.5066702,Polarity_T12,-0.4365501088731885,7.026742173533906e-45,-0.27234444682070935,2.1316967018503525e-17,5.710296559514172e-44,1.844525125435279e-16,0.16420566205247916
dim 36,36,0.5066702,Polarity_T13,0.6351315719266228,5.590805249341776e-107,0.39727342726961684,8.713696439290107e-37,3.458016580148432e-105,1.9664693315695243e-35,0.237858144657006
dim 36,36,0.5066702,Polarity_T23,-0.10862147871930514,0.0008672973007449214,-0.09662166501759459,0.0030702589871665583,0.0013343035396075713,0.006302805788037065,0.011999813701710549
dim 36,36,0.5066702,Polarity_group1_D0,-0.15530499715407206,1.7826502063078184e-06,0.02230275966915127,0.4953204347474156,3.5251934215915414e-06,0.5702758538629328,0.1330022374849208
dim 36,36,0.5066702,Polarity_group1_D25,-0.26720959832838864,8.778684229070763e-17,-0.08014414013446683,0.014130759118407433,3.1801307294030745e-16,0.024853467854386954,0.1870654581939218
dim 36,36,0.5066702,Polarity_group1_D50,-0.10258810685798021,0.001664412877779722,0.01899506445187815,0.5614266057062628,0.002492887449230615,0.6320100493660309,0.08359304240610206
dim 36,36,0.5066702,Polarity_group1_D75,-0.10318199910587222,0.001563257591628036,-0.017257656146708523,0.597777792816855,0.0023445354090874003,0.6646397563276616,0.08592434295916371
dim 36,36,0.5066702,Polarity_group1_D100,-0.07057493455079773,0.030761745180594834,-0.1183100663654505,0.00028403149704313643,0.040307661397876324,0.0007053272863376028,-0.04773513181465276
dim 36,36,0.5066702,Polarity_group2_D0,0.27385104036351543,1.3991178483350914e-17,0.18777960359467627,6.957635897451436e-09,5.2506220375721407e-17,3.174659002389043e-08,0.08607143676883916
dim 36,36,0.5066702,Polarity_group2_D25,0.43994914830392406,1.243767093573292e-45,0.21555948415643075,2.5911898668760873e-11,1.0308144150210412e-44,1.4472532032384833e-10,0.2243896641474933
dim 36,36,0.5066702,Polarity_group2_D50,0.19113631998442485,3.6924517757827165e-09,0.009868810049553567,0.7628862024372447,8.917417882222902e-09,0.8089015606794911,0.18126750993487128
dim 36,36,0.5066702,Polarity_group2_D75,0.18883556620404332,5.707454404005043e-09,0.00911424488524171,0.7805329617961739,1.3567898725535119e-08,0.8242112211189443,0.1797213213188016
dim 36,36,0.5066702,Polarity_group2_D100,-0.1432436521571974,1.074466084477318e-05,-0.10427880868091591,0.0013911589304081613,1.9599763638199028e-05,0.003023077961979999,0.038964843476281485
dim 36,36,0.5066702,Polarity_group3_D0,-0.05136541690834599,0.11612289922901492,-0.04433610543067576,0.17509802385653403,0.13991720181273803,0.2374451480636718,0.007029311477670233
dim 36,36,0.5066702,Polarity_group3_D25,-0.5318706567069293,1.502508927214421e-69,-0.26034396687383804,5.556423079856093e-16,2.698053664997939e-68,4.397737698274727e-15,0.2715266898330913
dim 36,36,0.5066702,Polarity_group3_D50,-0.2251656514824061,3.1035002413191248e-12,-0.009829462058889552,0.763803474518317,8.966860558828613e-12,0.8096171389689555,0.21533618942351657
dim 36,36,0.5066702,Polarity_group3_D75,-0.1873525649205596,7.535442273141761e-09,-0.0010349348991257272,0.9747610985079433,1.7736699924096887e-08,0.9797478390058775,0.18631763002143387
dim 36,36,0.5066702,Polarity_group3_D100,0.25703360390150654,1.32697788336532e-15,0.15236181196553775,2.7993618637165294e-06,4.5504169717044855e-15,9.560192867907165e-06,0.10467179193596879
dim 36,36,0.5066702,Polarizability_C1,-0.6411095164906764,1.3500302856691109e-109,-0.4774635752161921,1.6014535122855714e-54,1.0486281753801932e-107,8.104325350051224e-53,0.16364594127448429
dim 36,36,0.5066702,Polarizability_C2,0.5264060076061439,6.487000368810745e-68,0.4057669568890836,1.9059253026305502e-38,1.0726030312786082e-66,4.546993221990027e-37,0.12063905071706027
dim 36,36,0.5066702,Polarizability_C3,0.5232803229809234,5.420304161277964e-67,0.3374506834381291,2.1829658050979436e-26,8.745804781965411e-66,3.000455057212812e-25,0.1858296395427943
dim 36,36,0.5066702,Polarizability_T12,-0.5307838146864713,3.194679220466206e-69,-0.2967524514121843,1.6715892231226802e-20,5.500117833173777e-68,1.7073724786635326e-19,0.23403136327428697
dim 36,36,0.5066702,Polarizability_T13,0.0037959081919632324,0.9076210038856954,-0.05154682909663308,0.11483832474466567,0.9180660669225387,0.16328650687406698,-0.04775092090466985
dim 36,36,0.5066702,Polarizability_T23,0.5656043102489958,2.444776528758804e-80,0.3989854627608279,4.068598820183596e-37,6.41504707298079e-79,9.307616479050144e-36,0.1666188474881679
dim 36,36,0.5066702,Polarizability_group1_D0,0.23081047845864205,8.516432754481081e-13,0.16102074340965306,7.244045073402267e-07,2.5602957155685697e-12,2.6675976345274057e-06,0.069789735048989
dim 36,36,0.5066702,Polarizability_group1_D25,0.3525559857057,8.281352128220822e-29,0.14788798156905877,5.470256171498941e-06,4.288328078799619e-28,1.7947598833798097e-05,0.20466800413664124
dim 36,36,0.5066702,Polarizability_group1_D50,0.17954723167233622,3.135186820220693e-08,-0.04381915596920364,0.1801876152262516,7.08013791719886e-08,0.24326056380585298,0.13572807570313258
dim 36,36,0.5066702,Polarizability_group1_D75,0.20070626678792988,5.69350191336181e-10,0.03453298671117641,0.2909799234540535,1.4417207271136045e-09,0.36577830046538906,0.16617328007675347
dim 36,36,0.5066702,Polarizability_group1_D100,-0.10962439091807287,0.0007757415904172448,-0.10058793948458847,0.002050944997464055,0.0012017518144682735,0.004316418583194671,0.009036451433484402
dim 36,36,0.5066702,Polarizability_group2_D0,0.07727791373957775,0.01798663164309853,0.038347564441518885,0.24091578667940242,0.024218991542312992,0.31152099400278904,0.038930349298058865
dim 36,36,0.5066702,Polarizability_group2_D25,-0.2197598994134253,1.0369215846632154e-11,-0.03232441678105405,0.3229555066382767,2.917706902085206e-11,0.3981806541793445,0.18743548263237125
dim 36,36,0.5066702,Polarizability_group2_D50,-0.22812297411980081,1.5830408719650804e-12,0.004659706534755126,0.8867276396000968,4.6832210029790684e-12,0.9098833536910363,0.2234632675850457
dim 36,36,0.5066702,Polarizability_group2_D75,-0.052429818935151744,0.1087445807980071,0.058736974361157344,0.07231700897634753,0.13164440009617387,0.10783086256736713,-0.006307155426005601
dim 36,36,0.5066702,Polarizability_group2_D100,-0.098048054032187,0.0026599043450327422,-0.06939298681167787,0.0336805014427001,0.003898236293290636,0.05423957320087673,0.02865506722050913
dim 36,36,0.5066702,Polarizability_group3_D0,-0.18612163849124563,9.4738849445863e-09,-0.0881999184007391,0.006902704101468901,2.2174334768688323e-08,0.0131292891223839,0.09792172009050654
dim 36,36,0.5066702,Polarizability_group3_D25,-0.21335445682084625,4.159644551938286e-11,-0.14604327358044664,7.1702780856943025e-06,1.1378552664597768e-10,2.320613256416567e-05,0.06731118324039961
dim 36,36,0.5066702,Polarizability_group3_D50,-0.08385365122695285,0.010231789404749865,-0.0051026422674036315,0.8760434869358975,0.014162526569359532,0.9014125836000917,0.07875100895954922
dim 36,36,0.5066702,Polarizability_group3_D75,-0.06832018689789371,0.03653129503294734,0.011618768472884542,0.7224449825148526,0.047237524355417775,0.774379410012711,0.05670141842500917
dim 36,36,0.5066702,Polarizability_group3_D100,0.12416184394126559,0.00013878122714939682,0.057815594170269116,0.07691406064526504,0.00022969737298264887,0.11371977094076371,0.06634624977099647
dim 36,36,0.5066702,Charge_C1,0.5134865954953889,3.6426184681433026e-64,0.39045919142602264,1.7281694885840007e-35,5.530157128908468e-63,3.7000551870965145e-34,0.12302740406936624
dim 36,36,0.5066702,Charge_C2,-0.6725164671232943,2.3168322968730353e-124,-0.5161805179562492,6.206805469731883e-65,3.517372668889063e-122,7.148527678932582e-63,0.15633594916704507
dim 36,36,0.5066702,Charge_C3,0.6207330277833262,6.602280785808096e-101,0.44766608428250987,2.266788672389907e-47,3.4455652850936e-99,7.647549662406354e-46,0.1730669435008163
dim 36,36,0.5066702,Charge_T12,0.42836586007407385,4.195193804049544e-43,0.3452343823820524,1.2827198157027362e-27,3.2661881831061717e-42,1.8957009665695306e-26,0.08313147769202145
dim 36,36,0.5066702,Charge_T13,0.547826581470574,1.686464023698384e-74,0.3826493362727378,4.8698021309517225e-34,3.4986272292873314e-73,9.681630427011163e-33,0.16517724519783616
dim 36,36,0.5066702,Charge_T23,0.5589364561904702,4.1650305860927354e-78,0.374409998359886,1.496672800381634e-32,1.0008059106150888e-76,2.7021011639322474e-31,0.1845264578305842
dim 36,36,0.5066702,Charge_group1_D0,-0.027065701712331212,0.40793154865488124,0.009679807242337211,0.7672952101926904,0.45055931630532514,0.8128024110509312,0.017385894469994
dim 36,36,0.5066702,Charge_group1_D25,-0.162402296775511,5.799227189874681e-07,-0.06322043496071186,0.053044491801816106,1.1912311693838523e-06,0.08190873907446408,0.09918186181479913
dim 36,36,0.5066702,Charge_group1_D50,0.015507182095212103,0.6354451560129084,0.06710240057794929,0.04001363119357902,0.6720667577843933,0.06354994207634518,-0.05159521848273719
dim 36,36,0.5066702,Charge_group1_D75,-0.0647494149904844,0.04754162550180874,0.033259014830596165,0.3091553477948474,0.0604220050137143,0.3845731328248753,0.03149040015988823
dim 36,36,0.5066702,Charge_group1_D100,0.10321713245943584,0.001557454302549605,0.07108343880317351,0.029574358198018444,0.002338982630627554,0.048397038893376584,0.03213369365626233
dim 36,36,0.5066702,Charge_group2_D0,0.07429547220025827,0.022946374759978475,0.09361958133861499,0.004127961050162389,0.03053421980013072,0.008231277556741719,-0.01932410913835672
dim 36,36,0.5066702,Charge_group2_D25,0.1972263902097486,1.1359289321999133e-09,0.08102638450327798,0.013100551802062923,2.8334597711334656e-09,0.023215165491679863,0.11620000570647063
dim 36,36,0.5066702,Charge_group2_D50,-0.08882297116830591,0.006515147648053657,-0.13273576191308312,4.5871096015387334e-05,0.009220590315465769,0.00013162324801666126,-0.043912790744777205
dim 36,36,0.5066702,Charge_group2_D75,-0.043138354164231875,0.1870567424909211,-0.10176726791106712,0.0018141351353647861,0.2191865911602943,0.003859370287973494,-0.058628913746835244
dim 36,36,0.5066702,Charge_group2_D100,-0.24254437718539223,5.185718258840732e-14,-0.13101785117353,5.758030202266276e-05,1.6527002847832103e-13,0.00016229384705121824,0.11152652601186225
dim 36,36,0.5066702,Charge_group3_D0,-0.07081921169287184,0.030186338110642624,-0.12571271202915438,0.00011417715403793515,0.03960030215614547,0.0003053256160822285,-0.05489350033628254
dim 36,36,0.5066702,Charge_group3_D25,-0.27041429284510626,3.641992575299195e-17,-0.141202911094439,1.4360916605719233e-05,1.3411527234288106e-16,4.404541915803695e-05,0.12921138175066726
dim 36,36,0.5066702,Charge_group3_D50,0.014969727402662926,0.6472081221694549,0.045264628804981694,0.16622652530783094,0.6822153384545736,0.22753958792137516,-0.030294901402318768
dim 36,36,0.5066702,Charge_group3_D75,0.0743878581446177,0.022776537230506294,0.08100841943224167,0.013120849931603694,0.030320300657589085,0.023236287789796573,-0.006620561287623977
dim 36,36,0.5066702,Charge_group3_D100,0.22680652398930265,2.138651945196158e-12,0.1352691458725325,3.263842116758736e-05,6.276887079925455e-12,9.520727222684871e-05,0.09153737811677015
dim 36,36,0.5066702,SecondaryStructure_C1,0.7258816028124085,3.925367195947778e-154,0.590008382170823,5.905060421008971e-89,1.311072643446558e-150,9.861450903084981e-86,0.13587322064158558
dim 36,36,0.5066702,SecondaryStructure_C2,-0.37541629035658186,9.9020712093444e-33,-0.32303159137552917,3.3735353001070355e-24,5.771887930054152e-32,4.251927510323584e-23,0.05238469898105269
dim 36,36,0.5066702,SecondaryStructure_C3,-0.7158293626654024,5.322123889240693e-148,-0.5480403886030258,1.4415417168255964e-74,5.925297930021305e-145,4.1210648028575186e-72,0.16778897406237658
dim 36,36,0.5066702,SecondaryStructure_T12,0.4886156882354128,2.194100699992317e-57,0.30426815103682975,1.6007864727360956e-21,2.6172486921336926e-56,1.7081874820889966e-20,0.18434753719858304
dim 36,36,0.5066702,SecondaryStructure_T13,0.3764766311017898,6.397419409956882e-33,0.2172335698743369,1.802799235107544e-11,3.7420982187838855e-32,1.0223004151543628e-10,0.1592430612274529
dim 36,36,0.5066702,SecondaryStructure_T23,-0.6793671749610609,7.908643602234455e-128,-0.5363442175384614,6.541882224979421e-71,1.5538158606742988e-125,1.3656179144644542e-68,0.14302295742259952
dim 36,36,0.5066702,SecondaryStructure_group1_D0,-0.0463281538767135,0.15648475053540029,0.00732949311959426,0.8227085583153151,0.1850120590400839,0.8581657041764998,0.03899866075711924
dim 36,36,0.5066702,SecondaryStructure_group1_D25,0.13112020329802115,5.6810052824546996e-05,0.14543508049115533,7.83381620293913e-06,9.735534963262543e-05,2.528014117663449e-05,-0.014314877193134179
dim 36,36,0.5066702,SecondaryStructure_group1_D50,0.2736097037745028,1.4970105240790974e-17,0.234559323480696,3.540186175309431e-13,5.611689282182026e-17,2.260845473333365e-12,0.03905038029380678
dim 36,36,0.5066702,SecondaryStructure_group1_D75,0.22949474613076656,1.1547582083751657e-12,0.1359009743659758,2.9953977711357563e-05,3.4405819946235985e-12,8.791413493491587e-05,0.09359377176479075
dim 36,36,0.5066702,SecondaryStructure_group1_D100,0.23438293238613508,3.690731659400877e-13,0.14420696663780785,9.356632229414802e-06,1.1330003439704898e-12,2.9734682822307743e-05,0.09017596574832723
dim 36,36,0.5066702,SecondaryStructure_group2_D0,-0.016669338613654442,0.6103244811593217,0.0759648289289115,0.020041232645482132,0.6481068955804196,0.03394407557601944,-0.05929549031525706
dim 36,36,0.5066702,SecondaryStructure_group2_D25,0.007582013181204239,0.816707025184663,-0.06353197945119418,0.05188205185977533,0.8347005704151697,0.0802993759090128,-0.055949966269989944
dim 36,36,0.5066702,SecondaryStructure_group2_D50,-0.07627306636953772,0.019541388923863992,-0.07213918300822239,0.027234302139547834,0.026180601285882763,0.04487546578494808,0.00413388336131533
dim 36,36,0.5066702,SecondaryStructure_group2_D75,-0.2087155454668194,1.1072590069688931e-10,-0.10048248406597937,0.0020734434715033714,2.9397814652433253e-10,0.004358276396992612,0.10823306140084002
dim 36,36,0.5066702,SecondaryStructure_group2_D100,-0.20796977743612968,1.293273782208084e-10,-0.20895044478398722,1.0542763998155208e-10,3.4200589331551865e-10,5.634053080614143e-10,-0.000980667347857539
dim 36,36,0.5066702,SecondaryStructure_group3_D0,0.18419040188672317,1.3525909987118195e-08,0.1316988717136795,5.2635356706231284e-05,3.135408571899992e-08,0.0001498739057108376,0.05249153017304367
dim 36,36,0.5066702,SecondaryStructure_group3_D25,-0.0019379988388217558,0.9527578477877301,-0.0399819996653564,0.22143454294030315,0.9579202924777299,0.28992213775798215,-0.03804400082653464
dim 36,36,0.5066702,SecondaryStructure_group3_D50,-0.2638763726025942,2.1647520941153061e-16,-0.22119057895014824,7.558071504387803e-12,7.741190572103985e-16,4.460063396582201e-11,0.042685793652445986
dim 36,36,0.5066702,SecondaryStructure_group3_D75,-0.08476209336315291,0.009436670404966117,-0.05667084114141309,0.08295390442455025,0.013099949772479979,0.12157351504080642,0.028091252221739818
dim 36,36,0.5066702,SecondaryStructure_group3_D100,-0.21154581562541985,6.109420887403218e-11,-0.16724098456690212,2.621681220670344e-07,1.6536033844349067e-10,1.0076427246304888e-06,0.044304831058517735
dim 36,36,0.5066702,SolventAccessibility_C1,0.09483227158586008,0.0036662653061417996,0.03330582231131215,0.3084745808266599,0.005301006979443122,0.38386926228056784,0.06152644927454793
dim 36,36,0.5066702,SolventAccessibility_C2,0.6187994321889595,4.084619970548523e-100,0.41952724048228207,3.0670488055192776e-41,2.0670652578230402e-98,8.195154408347511e-40,0.19927219170667743
dim 36,36,0.5066702,SolventAccessibility_C3,-0.6973032503611318,2.2707758664599527e-137,-0.481580765812923,1.44456403351243e-55,9.480489242470302e-135,7.422836726048486e-54,0.21572248454820886
dim 36,36,0.5066702,SolventAccessibility_T12,0.6505307344902045,7.67825836969245e-114,0.4167475388633263,1.1522496300671366e-40,7.327252272792224e-112,3.0066513784564346e-39,0.23378319562687822
dim 36,36,0.5066702,SolventAccessibility_T13,-0.5889108610726234,1.4949038624403998e-88,-0.4403792990890885,9.976101719213709e-46,5.368794516721435e-87,3.143413183223942e-44,0.14853156198353484
dim 36,36,0.5066702,SolventAccessibility_T23,-0.03937576344473062,0.22852459666658773,-0.04443804209402928,0.17410718105822867,0.2641994298602987,0.23619739428695521,-0.00506227864929866
dim 36,36,0.5066702,SolventAccessibility_group1_D0,0.0747261395358968,0.022163931103321592,0.07565303974824883,0.02055813401625078,0.029551908137762123,0.034713937115408294,-0.0009269002123520331
dim 36,36,0.5066702,SolventAccessibility_group1_D25,0.31675370154257726,2.785436316153588e-23,0.2320037406188517,6.451036556681257e-13,1.2555138051218603e-22,4.019862331961828e-12,0.08474996092372555
dim 36,36,0.5066702,SolventAccessibility_group1_D50,0.2823426019159615,1.2405790163819266e-18,0.13726872942694013,2.4842836721400357e-05,4.806883891781479e-18,7.369011958212894e-05,0.14507387248902137
dim 36,36,0.5066702,SolventAccessibility_group1_D75,0.24224702687369065,5.577229631611564e-14,0.1009497572608537,0.001975441787529377,1.7740901875792974e-13,0.004170654595668849,0.14129726961283695
dim 36,36,0.5066702,SolventAccessibility_group1_D100,-0.0889392485214745,0.006445022482507376,-0.10216026794337613,0.0017409735161383307,0.00912521199303715,0.003713187448213298,-0.013221019421901625
dim 36,36,0.5066702,SolventAccessibility_group2_D0,-0.008707818082648998,0.7900855540404502,-0.03204919190852717,0.32709472765280667,0.8114065414632651,0.40209657355921025,-0.02334137382587817
dim 36,36,0.5066702,SolventAccessibility_group2_D25,-0.49607466349432255,2.3244022967452653e-59,-0.2611454960125813,4.492036561113684e-16,2.9296240268412022e-58,3.57223859859993e-15,0.23492916748174125
dim 36,36,0.5066702,SolventAccessibility_group2_D50,-0.1919355060775723,3.170086492533826e-09,-0.028982563578965087,0.375525181188915,7.683663922396936e-09,0.45198346132287426,0.1629529424986072
dim 36,36,0.5066702,SolventAccessibility_group2_D75,-0.2109040214419939,6.996499148822286e-11,-0.02868997513499867,0.3803663451637778,1.8830223333655467e-10,0.4560027253578672,0.18221404630699523
dim 36,36,0.5066702,SolventAccessibility_group2_D100,0.2578217357081767,1.0797955807456062e-15,0.1226513446682933,0.0001674711955668067,3.7104086828089764e-15,0.0004339439823065434,0.13517039103988338
dim 36,36,0.5066702,SolventAccessibility_group3_D0,-0.15338965480680858,2.3934675225404263e-06,-0.004959410682036649,0.8794960381359102,4.677695450722658e-06,0.9035732904872162,0.14843024412477193
dim 36,36,0.5066702,SolventAccessibility_group3_D25,-0.031888213483336,0.3295316202958377,-0.06691128782534711,0.04058487724188662,0.36996155018087323,0.0644265636824626,-0.03502307434201111
dim 36,36,0.5066702,SolventAccessibility_group3_D50,-0.14818683168411548,5.234000769536696e-06,-0.11111119640727886,0.0006563798666918255,9.915804067074625e-06,0.0015277412925091968,0.03707563527683662
dim 36,36,0.5066702,SolventAccessibility_group3_D75,0.011711068708996452,0.7203321604238955,-0.05064346147818121,0.12134705212171125,0.7478736138687632,0.17151889720123384,-0.03893239276918476
dim 36,36,0.5066702,SolventAccessibility_group3_D100,-0.26051710649112136,5.307292608294319e-16,-0.16012369673615484,8.361343288515999e-07,1.8561630692882747e-15,3.04878674493924e-06,0.10039340975496652
dim 371,371,0.33677846,AAC_A,0.08100072003958528,0.013129557713286345,-0.059175626560948366,0.07020872033924201,0.01795770792890106,0.10525005652292116,0.02182509347863691
dim 371,371,0.33677846,AAC_C,0.22664386044042176,2.219356452993512e-12,0.2323409083137856,5.962431961237816e-13,6.508033848110913e-12,3.722340701034449e-12,-0.005697047873363836
dim 371,371,0.33677846,AAC_D,-0.3081954479735069,4.57072775367445e-22,-0.1977645197409807,1.0216871674403626e-09,1.982627363282164e-21,5.003570585411746e-09,0.1104309282325262
dim 371,371,0.33677846,AAC_E,-0.5697560937419535,9.396118681915157e-82,-0.346929350673654,6.845930859982815e-28,2.7054341722066054e-80,1.0162404032152267e-26,0.22282674306829947
dim 371,371,0.33677846,AAC_F,-0.13915430913165416,1.9139089671727103e-05,-0.025527434153984858,0.4351022120708732,3.4111291090484805e-05,0.5113446123563394,0.11362687497766931
dim 371,371,0.33677846,AAC_G,0.3265937526340142,9.957844909131317e-25,0.25364670557381896,3.192364617186659e-15,4.638661366317796e-24,2.3694439603118755e-14,0.07294704706019522
dim 371,371,0.33677846,AAC_H,-0.5533323420224037,2.859204203282254e-76,-0.38696319443497396,7.788879244775734e-35,6.409222844941428e-75,1.605855350466108e-33,0.1663691475874297
dim 371,371,0.33677846,AAC_I,-0.12959364744232732,6.937671520998291e-05,0.10731852269283358,0.0010011970615461472,0.00011825305603744712,0.002242788856850524,0.022275124749493738
dim 371,371,0.33677846,AAC_K,-0.27817247979058995,4.120480867219767e-18,0.019891131737040418,0.5431052328480447,1.5746460064661353e-17,0.6157404880218836,0.2582813480535495
dim 371,371,0.33677846,AAC_L,-0.5137818377861195,3.002756862843283e-64,-0.4019317204277981,1.0856384202869125e-37,4.5795469962998013e-63,2.571654130325027e-36,0.1118501173583214
dim 371,371,0.33677846,AAC_M,-0.2777407324149861,4.660320625768333e-18,-0.12050477169004406,0.00021793660015229758,1.774854149380414e-17,0.0005522824313419377,0.15723596072494203
dim 371,371,0.33677846,AAC_N,0.3122904751535004,1.2121076014045643e-22,0.44075485119894703,8.226728511359373e-46,5.333912238064881e-22,2.6168831645657437e-44,-0.12846437604544664
dim 371,371,0.33677846,AAC_P,0.228405109551241,1.4838390554541645e-12,-0.20504336460502795,2.365346806331629e-10,4.4014408927326016e-12,1.232489599555014e-09,0.023361744946213042
dim 371,371,0.33677846,AAC_Q,-0.22179107685858587,6.614321222861555e-12,-0.21511272915525306,2.853163740865006e-11,1.8690213946157017e-11,1.5829845339682924e-10,0.00667834770333281
dim 371,371,0.33677846,AAC_R,-0.08609468764416718,0.008369785593372035,-0.25427241519451116,2.7170716478805034e-15,0.011701583876878441,2.034757691462081e-14,-0.168177727550344
dim 371,371,0.33677846,AAC_S,0.6376700396682792,4.397718248635977e-108,0.4566976036878034,1.828954546241451e-49,2.8246882597008004e-106,7.103149051681915e-48,0.1809724359804758
dim 371,371,0.33677846,AAC_T,0.5388530429613224,1.1050543894774144e-71,0.2649386825453558,1.625859962272e-16,2.0852438761890193e-70,1.3375301167459309e-15,0.2739143604159666
dim 371,371,0.33677846,AAC_V,-0.013910892836446228,0.6706391782613308,0.006263611247098929,0.8481511645976403,0.7032762497308774,0.8789403939671482,0.007647281589347299
dim 371,371,0.33677846,AAC_W,0.0002173329107834389,0.9946990702081511,-0.1450461549990878,8.28843216881828e-06,0.9952950552711878,2.6644238155777726e-05,-0.14482882208830436
dim 371,371,0.33677846,AAC_Y,0.07992618548615701,0.014396009418725495,0.18753152405370072,7.287842783967998e-09,0.01960157825460381,3.3072547416376514e-08,-0.1076053385675437
dim 371,371,0.33677846,Hydrophobicity_C1,-0.474754358970361,7.660790180648025e-54,-0.18545677270536487,1.0713970791634583e-08,7.897234322026051e-53,4.771288325874601e-08,0.28929758626499613
dim 371,371,0.33677846,Hydrophobicity_C2,0.5405242772215659,3.3518461629566786e-72,0.2478601836164134,1.388528197001427e-14,6.508817548997271e-71,9.743033987362954e-14,0.29266409360515255
dim 371,371,0.33677846,Hydrophobicity_C3,-0.48936391963065146,1.3974591244429304e-57,-0.24362189198942152,3.9802445657513766e-14,1.6729438980786334e-56,2.7297775871888294e-13,0.24574202764122993
dim 371,371,0.33677846,Hydrophobicity_T12,-0.052498778989956855,0.10827963104752152,0.03064655776402826,0.3487210273419906,0.13112906733093616,0.4242368416479827,0.021852221225928597
dim 371,371,0.33677846,Hydrophobicity_T13,-0.4608496787059878,1.8993502631800065e-50,-0.14887312582447976,4.727815502639932e-06,1.747611536920447e-49,1.5665579145652157e-05,0.31197655288150805
dim 371,371,0.33677846,Hydrophobicity_T23,0.1254985532265938,0.00011731148775663395,-0.03580867856835409,0.2735131391819773,0.000195616759414457,0.346692176420419,0.08968987465823972
dim 371,371,0.33677846,Hydrophobicity_group1_D0,0.06944543370397936,0.03354614372516912,0.11709161155762028,0.00032839536070969425,0.04371600469842562,0.0008041918669092432,-0.04764617785364092
dim 371,371,0.33677846,Hydrophobicity_group1_D25,0.45538812503024,3.711988232272074e-49,0.20195964143167133,4.4259352519054995e-10,3.3328066386528836e-48,2.2568891208189877e-09,0.2534284835985687
dim 371,371,0.33677846,Hydrophobicity_group1_D50,0.15428274667394073,2.0871505653781285e-06,-0.02096348529498997,0.5215774649899266,4.098226271818313e-06,0.5957827404467698,0.13331926137895075
dim 371,371,0.33677846,Hydrophobicity_group1_D75,0.23738726221703094,1.8073865844373635e-13,0.07348038355183908,0.02449298129560258,5.610289211915236e-13,0.04065932282669613,0.16390687866519185
dim 371,371,0.33677846,Hydrophobicity_group1_D100,-0.24413468582208822,3.507787628909907e-14,-0.10554178677282189,0.0012146826329920118,1.1299529959967889e-13,0.0026660715759774653,0.13859289904926633
dim 371,371,0.33677846,Hydrophobicity_group2_D0,-0.09431226298460953,0.0038581763832511696,0.06540839237533391,0.0453221911536309,0.005571253402533033,0.07116883801275374,0.028903870609275614
dim 371,371,0.33677846,Hydrophobicity_group2_D25,-0.3212575342776628,6.1570065775934634e-24,-0.03553165275797066,0.2772439899095646,2.8247804902695287e-23,0.3506228422180787,0.28572588151969214
dim 371,371,0.33677846,Hydrophobicity_group2_D50,-0.08198849709495955,0.012053200765461286,0.09159587605044212,0.005016860689165648,0.01657377132838234,0.009850861082782637,-0.009607378955482568
dim 371,371,0.33677846,Hydrophobicity_group2_D75,-0.22618581348553313,2.4629761503303317e-12,-0.09409461001403013,0.003941172718162376,7.184576717994155e-12,0.007915524280614754,0.132091203471503
dim 371,371,0.33677846,Hydrophobicity_group2_D100,0.04790633271346718,0.1428340260637754,-0.08637063855222198,0.008162817268230654,0.1697742516202882,0.015265290971943103,-0.0384643058387548
dim 371,371,0.33677846,Hydrophobicity_group3_D0,0.3373911579609417,2.230108132285324e-26,0.16432030961260238,4.2451770572532154e-07,1.0810683834300409e-25,1.5967220012641601e-06,0.17307084834833933
dim 371,371,0.33677846,Hydrophobicity_group3_D25,0.20411437383166298,2.8597055588904016e-10,-0.08934388976302254,0.006206243340525782,7.438797949138584e-10,0.01196125375496602,0.11477048406864043
dim 371,371,0.33677846,Hydrophobicity_group3_D50,0.10248769879778173,0.001682097629664583,-0.038698056796520316,0.23663987834160638,0.002517117420734636,0.30670438248388254,0.06378964200126142
dim 371,371,0.33677846,Hydrophobicity_group3_D75,0.026769158274928165,0.4130894391753159,-0.008528853581043064,0.7943020087497398,0.4553527151305462,0.8345293202969899,0.0182403046938851
dim 371,371,0.33677846,Hydrophobicity_group3_D100,0.013513381505660735,0.6795205567897749,-0.027550519997216697,0.3995819253266381,0.7119192784434906,0.4752861932304029,-0.014037138491555962
dim 371,371,0.33677846,NormVanDerWaalsVolume_C1,0.5284110358813372,1.6426066316901258e-68,0.23272362682685266,5.45169183498914e-13,2.7708616918409193e-67,3.4098596870531322e-12,0.29568740905448454
dim 371,371,0.33677846,NormVanDerWaalsVolume_C2,-0.4647498392180804,2.1991585269833e-51,-0.16497589117882516,3.8126773535662174e-07,2.080790220998363e-50,1.4454418116811768e-06,0.2997739480392552
dim 371,371,0.33677846,NormVanDerWaalsVolume_C3,-0.4473701899273764,2.6480799130270353e-47,-0.22101367989823353,7.860376213503447e-12,2.2795327086366748e-46,4.622122632588295e-11,0.2263565100291429
dim 371,371,0.33677846,NormVanDerWaalsVolume_T12,0.20376316538519743,3.071718702593163e-10,0.072844821570067,0.025760751484621185,7.971670914266639e-10,0.04257343392312458,0.13091834381513043
dim 371,371,0.33677846,NormVanDerWaalsVolume_T13,-0.028689672148848985,0.380371378128875,-0.013109069055181999,0.6885996657560303,0.42207322357157556,0.7457596898914206,0.015580603093666986
dim 371,371,0.33677846,NormVanDerWaalsVolume_T23,-0.4680828974329959,3.407244316280062e-52,-0.2246746320703781,3.467359752756422e-12,3.279595393768129e-51,2.0866633467038646e-11,0.2434082653626178
dim 371,371,0.33677846,NormVanDerWaalsVolume_group1_D0,-0.08714522682934547,0.007606081813373821,0.07551483936079391,0.020790938253800944,0.010687552905624132,0.03503619261740421,0.011630387468551565
dim 371,371,0.33677846,NormVanDerWaalsVolume_group1_D25,-0.26923294070464526,5.044148054886051e-17,-0.029740927187036286,0.36315524452738907,1.8452852687096836e-16,0.4402680641457276,0.239492013517609
dim 371,371,0.33677846,NormVanDerWaalsVolume_group1_D50,-0.01808293683386213,0.5803775943911816,0.1104380361855241,0.0007081361211480372,0.6199108299541243,0.0016413425708774769,-0.09235509935166197
dim 371,371,0.33677846,NormVanDerWaalsVolume_group1_D75,-0.17014607274736296,1.6097213371648185e-07,-0.030795343113929858,0.34638492459795134,3.457536505550157e-07,0.421773841836368,0.1393507296334331
dim 371,371,0.33677846,NormVanDerWaalsVolume_group1_D100,0.0825005755866963,0.011526546445081935,-0.03353061600785252,0.3052189871670399,0.01586919419891742,0.3810459553063034,0.04896995957884377
dim 371,371,0.33677846,NormVanDerWaalsVolume_group2_D0,0.07673610097368617,0.018810961168134896,0.06854626412701012,0.03591403074047931,0.0252628107364578,0.057558955217466845,0.008189836846676055
dim 371,371,0.33677846,NormVanDerWaalsVolume_group2_D25,0.3003828435398981,5.4293803682576526e-21,0.08273677421951946,0.011290571600951756,2.26676630374757e-20,0.020350067809008377,0.2176460693203786
dim 371,371,0.33677846,NormVanDerWaalsVolume_group2_D50,0.06900986476655703,0.034675985601805105,0.003811240237593926,0.9072495552249031,0.04511795555513402,0.9261043748322666,0.0651986245289631
dim 371,371,0.33677846,NormVanDerWaalsVolume_group2_D75,0.0063607820437577844,0.8458247190075744,-0.013913388919855958,0.6705835529311958,0.8626120798428393,0.7300106387561002,-0.007552606876098173
dim 371,371,0.33677846,NormVanDerWaalsVolume_group2_D100,-0.1637465215730351,4.662175220838271e-07,-0.09554549273696412,0.003417136786246256,9.641897979937972e-07,0.006950814169343785,0.06820102883607097
dim 371,371,0.33677846,NormVanDerWaalsVolume_group3_D0,0.3053413179854072,1.1386935284065317e-21,0.26215205181663737,3.4357281120649094e-16,4.8759440831766864e-21,2.7651402154932043e-15,0.043189266168769835
dim 371,371,0.33677846,NormVanDerWaalsVolume_group3_D25,0.10238970449035882,0.001699523501555266,-0.013315323585214832,0.6839623833135834,0.0025409169629340145,0.7429054830137785,0.089074380905144
dim 371,371,0.33677846,NormVanDerWaalsVolume_group3_D50,0.012795081033167784,0.6956815924533599,-0.0939072514209863,0.004013909970064349,0.7256641220469151,0.008037445623510147,-0.08111217038781851
dim 371,371,0.33677846,NormVanDerWaalsVolume_group3_D75,0.08567300503592486,0.008695114074371357,0.015951061020792183,0.6257988373515935,0.012120901923372425,0.6905081323932349,0.06972194401513268
dim 371,371,0.33677846,NormVanDerWaalsVolume_group3_D100,-0.12727822911710657,9.354863793197326e-05,-0.06364115500494813,0.051479762067927565,0.0001571692407911422,0.07978765907511744,0.06363707411215844
dim 371,371,0.33677846,Polarity_C1,-0.43591955477626027,9.667690713958637e-45,-0.1519699840505994,2.9708216664001757e-06,7.743426135400923e-44,1.0094144827850037e-05,0.28394957072566085
dim 371,371,0.33677846,Polarity_C2,0.5529797336146612,3.720840319191089e-76,0.24943390341579222,9.343921460197056e-15,8.230203090131283e-75,6.65430654095057e-14,0.30354583019886905
dim 371,371,0.33677846,Polarity_C3,-0.5531385217454283,3.3047812607146293e-76,-0.269300905148645,4.950728224723835e-17,7.358646273857908e-75,4.2074891273734377e-16,0.2838376165967833
dim 371,371,0.33677846,Polarity_T12,0.3416394865995912,4.797077686466913e-27,0.13034941275831896,6.285871598260528e-05,2.3878151226228748e-26,0.0001759833289035219,0.21129007384127224
dim 371,371,0.33677846,Polarity_T13,-0.5123933238718966,7.436215039586626e-64,-0.19270958452729553,2.7329919175112877e-09,1.118781902352222e-62,1.2892927972440256e-08,0.3196837393446011
dim 371,371,0.33677846,Polarity_T23,0.07310323439808891,0.025238611660507948,0.04511549633329709,0.16762819173330942,0.03341140029571801,0.229176488084017,0.027987738064791823
dim 371,371,0.33677846,Polarity_group1_D0,0.2625912069815123,3.055388365318651e-16,0.140674809211632,1.547050135931999e-05,1.0830804081250813e-15,4.7212637574503814e-05,0.12191639776988028
dim 371,371,0.33677846,Polarity_group1_D25,0.16273527628083265,5.494946829803087e-07,-0.06976159776440011,0.03274585836305199,1.1322098958385138e-06,0.053011269083130946,0.09297367851643254
dim 371,371,0.33677846,Polarity_group1_D50,0.10663957344605228,0.0010783111210806813,-0.008878835037696353,0.7860620687354082,0.0016437969623046443,0.8287396810531135,0.09776073840835593
dim 371,371,0.33677846,Polarity_group1_D75,0.10643860220203755,0.0011021678716047535,0.02450803699910131,0.4536683868902476,0.0016771028205739757,0.5288839135125399,0.08193056520293623
dim 371,371,0.33677846,Polarity_group1_D100,0.044832113181372715,0.17031604640690928,0.0784987297981155,0.016244127677496584,0.20072533345062704,0.0281943473813948,-0.03366661661674278
dim 371,371,0.33677846,Polarity_group2_D0,-0.08761374665998227,0.0072860661864472785,0.08198918409637816,0.012052480174886498,0.01024650992115112,0.02158189376747078,0.0056245625636041074
dim 371,371,0.33677846,Polarity_group2_D25,-0.3474216477543836,5.700508737918151e-28,-0.07646229317910361,0.01923995096226063,2.911268988478077e-27,0.03268638668054451,0.27095935457528
dim 371,371,0.33677846,Polarity_group2_D50,-0.1353212547132988,3.240866925835768e-05,0.06608159771114097,0.043145531634872676,5.661347035717294e-05,0.06819975185067427,0.06923965700215784
dim 371,371,0.33677846,Polarity_group2_D75,-0.23216744550198332,6.20909253276104e-13,-0.07863970640558102,0.01605277360690954,1.883593920020152e-12,0.0279106006491816,0.1535277390964023
dim 371,371,0.33677846,Polarity_group2_D100,0.00894006425308774,0.78462291950575,-0.08757247492691629,0.007313763769692875,0.8068474603291887,0.013855910942015996,-0.07863241067382855
dim 371,371,0.33677846,Polarity_group3_D0,0.11604781711267849,0.0003714660387354335,0.13582155702706078,3.0279502799710872e-05,0.0005891246768168793,8.863588023754104e-05,-0.01977373991438229
dim 371,371,0.33677846,Polarity_group3_D25,0.4995194122685232,2.739171330192849e-60,0.21463470983216149,3.162131110592253e-11,3.587777350134947e-59,1.739953527080416e-10,0.2848847024363617
dim 371,371,0.33677846,Polarity_group3_D50,0.2026418871493556,3.856315055430778e-10,-0.016454035427762463,0.6149451132886451,9.923029495484436e-10,0.6807811330407937,0.18618785172159313
dim 371,371,0.33677846,Polarity_group3_D75,0.21868661675238302,1.3126604424640433e-11,0.05336294299472169,0.1025854050024477,3.673152274438481e-11,0.14680173637882404,0.16532367375766133
dim 371,371,0.33677846,Polarity_group3_D100,-0.23001200795760512,1.0247131119967407e-12,-0.11452943699623414,0.0004436066209659128,3.0695442099274565e-12,0.001062111909696164,0.11548257096137099
dim 371,371,0.33677846,Polarizability_C1,0.520706714160988,3.0617578120283707e-66,0.2831165085710078,9.905960723475088e-19,4.892952675681702e-65,9.165071694295512e-18,0.23759020558998023
dim 371,371,0.33677846,Polarizability_C2,-0.40554450064522374,2.1096105438192832e-38,-0.22065036494984572,8.518809269441346e-12,1.4438727902369684e-37,4.9742697482402266e-11,0.18489413569537802
dim 371,371,0.33677846,Polarizability_C3,-0.4473701899273764,2.6480799130270353e-47,-0.22101367989823353,7.860376213503447e-12,2.2795327086366748e-46,4.622122632588295e-11,0.2263565100291429
dim 371,371,0.33677846,Polarizability_T12,0.46418090684384183,3.0171810409307904e-51,0.19449421556397328,1.9367541016701484e-09,2.830726032783382e-50,9.267562606845696e-09,0.26968669127986855
dim 371,371,0.33677846,Polarizability_T13,-8.685347052244177e-06,0.9997881556346223,0.054386345648385674,0.09615239266414025,0.9999979423048538,0.13842628943889154,-0.05437766030133343
dim 371,371,0.33677846,Polarizability_T23,-0.4784606386510608,8.970267897520204e-55,-0.26305332028577694,2.699897592699893e-16,9.664740250876608e-54,2.18875193194603e-15,0.21540731836528387
dim 371,371,0.33677846,Polarizability_group1_D0,-0.07123190662413267,0.029235187736913273,0.0687478989027267,0.035371015655770055,0.038397769186508196,0.0567976886010923,0.002484007721405973
dim 371,371,0.33677846,Polarizability_group1_D25,-0.233486451821038,4.558337764497825e-13,0.02755623249358401,0.39948415953946154,1.3878621817158373e-12,0.4752861932304029,0.20593021932745398
dim 371,371,0.33677846,Polarizability_group1_D50,-0.10920960556192412,0.0008124633350392622,0.13989373792526041,1.7262266191566865e-05,0.0012543825708700388,5.222460967376207e-05,-0.030684132363336294
dim 371,371,0.33677846,Polarizability_group1_D75,-0.18901553616063776,5.5173799248487085e-09,-0.022555424651130376,0.4904470735841184,1.314411479956825e-08,0.5650545794311678,0.1664601115095074
dim 371,371,0.33677846,Polarizability_group1_D100,-0.005160660839250803,0.8746456340763431,-0.06380289456002575,0.05088857826559143,0.8887485299102482,0.0789813435906484,-0.05864223372077494
dim 371,371,0.33677846,Polarizability_group2_D0,0.0030298892509542357,0.9262033095478073,0.07524326755627951,0.021255103497059655,0.9343156308938919,0.03574624656605199,-0.07221337830532527
dim 371,371,0.33677846,Polarizability_group2_D25,0.21152816677134045,6.132276575147336e-11,0.026121748128483877,0.4244832133101963,1.6584456486633282e-10,0.5011572755235262,0.18540641864285656
dim 371,371,0.33677846,Polarizability_group2_D50,0.24092937124565497,7.690987864839115e-14,0.02260618017231114,0.48947122317562397,2.416547457061396e-13,0.5645144631928812,0.21832319107334383
dim 371,371,0.33677846,Polarizability_group2_D75,0.0516383017679847,0.11419485604952385,-0.05538247342788712,0.09020444060300369,0.13789255936565786,0.13110654117233783,-0.003744171659902422
dim 371,371,0.33677846,Polarizability_group2_D100,0.005865277383132543,0.8577016004434048,-0.06187419853770451,0.0583201856404586,0.8731250671993209,0.08939395137179061,-0.05600892115457197
dim 371,371,0.33677846,Polarizability_group3_D0,0.3053413179854072,1.1386935284065317e-21,0.26215205181663737,3.4357281120649094e-16,4.8759440831766864e-21,2.7651402154932043e-15,0.043189266168769835
dim 371,371,0.33677846,Polarizability_group3_D25,0.10238970449035882,0.001699523501555266,-0.013315323585214832,0.6839623833135834,0.0025409169629340145,0.7429054830137785,0.089074380905144
dim 371,371,0.33677846,Polarizability_group3_D50,0.012795081033167784,0.6956815924533599,-0.0939072514209863,0.004013909970064349,0.7256641220469151,0.008037445623510147,-0.08111217038781851
dim 371,371,0.33677846,Polarizability_group3_D75,0.08567300503592486,0.008695114074371357,0.015951061020792183,0.6257988373515935,0.012120901923372425,0.6905081323932349,0.06972194401513268
dim 371,371,0.33677846,Polarizability_group3_D100,-0.12727822911710657,9.354863793197326e-05,-0.06364115500494813,0.051479762067927565,0.0001571692407911422,0.07978765907511744,0.06363707411215844
dim 371,371,0.33677846,Charge_C1,-0.387007661539833,7.642005911013459e-35,-0.19740236665164365,1.0972658321381042e-09,4.700607687437377e-34,5.357993975645129e-09,0.18960529488818936
dim 371,371,0.33677846,Charge_C2,0.5674123320115217,5.948128428534304e-81,0.34457610682998996,1.6352673631111753e-27,1.6151828415694776e-79,2.3955232424523358e-26,0.2228362251815318
dim 371,371,0.33677846,Charge_C3,-0.5625467777234887,2.6165965183284144e-79,-0.35540401909766905,2.7967024683742765e-29,6.521964456132018e-78,4.469371408789513e-28,0.20714275862581966
dim 371,371,0.33677846,Charge_T12,-0.282115114774208,1.3252346233824472e-18,-0.1275216771901847,9.067554808515264e-05,5.128949759093133e-18,0.00024642500456013817,0.15459343758402327
dim 371,371,0.33677846,Charge_T13,-0.4707334280133268,7.620268774354291e-53,-0.2634215212591384,2.4460731511329895e-16,7.608544586055852e-52,1.9926547133619963e-15,0.20731190675418837
dim 371,371,0.33677846,Charge_T23,-0.5242348251838022,2.8411564167116526e-67,-0.3220225862699897,4.7523242669770024e-24,4.6290060643009366e-66,5.857108137159848e-23,0.20221223891381246
dim 371,371,0.33677846,Charge_group1_D0,0.07555783958013897,0.020718257948285676,0.06059510113593425,0.0637289166344051,0.02769066888646425,0.09609687655029932,0.014962738444204718
dim 371,371,0.33677846,Charge_group1_D25,0.16625852257449128,3.086012694256691e-07,0.07118337150723342,0.029345695299675886,6.49073198917969e-07,0.04806994718044015,0.09507515106725786
dim 371,371,0.33677846,Charge_group1_D50,-0.029696260333708188,0.363876687819375,-0.08462354468387205,0.009554264239538137,0.40555220799078723,0.017514403161392633,-0.05492728435016386
dim 371,371,0.33677846,Charge_group1_D75,0.1004081484085032,0.002089438251601237,0.021442601021906035,0.512102764691792,0.003092035339099748,0.5865648950859346,0.07896554738659717
dim 371,371,0.33677846,Charge_group1_D100,-0.09927389921865172,0.0023479270015779553,-0.0655115672230108,0.04498271993896827,0.0034500995095778134,0.07076885755824494,0.03376233199564092
dim 371,371,0.33677846,Charge_group2_D0,0.1265175210838517,0.00010308933076759505,0.19353772240226252,2.3302959108664637e-09,0.00017250419076341055,1.1071391667559016e-08,-0.06702020131841083
dim 371,371,0.33677846,Charge_group2_D25,-0.18342519735318233,1.555911829649824e-08,-0.0638070181787695,0.05087358030812237,3.593876563644822e-08,0.0789813435906484,0.11961817917441282
dim 371,371,0.33677846,Charge_group2_D50,0.06810252327631876,0.037134091928705315,0.09997857038579935,0.002184104428380405,0.047961278825164634,0.004579352662140962,-0.031876047109480596
dim 371,371,0.33677846,Charge_group2_D75,-0.04828102572541762,0.13973121836090896,-0.03150940464268729,0.33531222892514695,0.16626372259545277,0.4105362333614336,0.01677162108273033
dim 371,371,0.33677846,Charge_group2_D100,0.20782648519186436,1.3323543437985288e-10,0.08252022440785851,0.0115067509243547,3.5206198641511756e-10,0.02068649251586511,0.12530626078400586
dim 371,371,0.33677846,Charge_group3_D0,0.10370424931813514,0.0014790078587461806,0.168829664653079,2.0099637332721993e-07,0.0022261767680091227,7.833464258027008e-07,-0.06512541533494386
dim 371,371,0.33677846,Charge_group3_D25,0.22877610789662628,1.3626130380000417e-12,0.08273117509628673,0.011296115484401657,4.049045860249234e-12,0.020350067809008377,0.14604493280033953
dim 371,371,0.33677846,Charge_group3_D50,0.0151833895336003,0.6425210642752949,-0.0007984091727516549,0.9805279258055323,0.6789055218853164,0.9831772057011341,0.014384980360848645
dim 371,371,0.33677846,Charge_group3_D75,-0.015712731141943884,0.6309703795208332,0.003713683643166478,0.9096133958431283,0.6681804272668304,0.9270426755533039,0.011999047498777407
dim 371,371,0.33677846,Charge_group3_D100,-0.26467590193856516,1.7453769471794416e-16,-0.19119506503460235,3.6513642432742513e-09,6.26161010051486e-16,1.705672247907133e-08,0.07348083690396282
dim 371,371,0.33677846,SecondaryStructure_C1,-0.7245585440389983,2.609542919733748e-153,-0.5879333980579655,3.4086033093428146e-88,4.357936675955359e-150,3.794911684401667e-85,0.13662514598103281
dim 371,371,0.33677846,SecondaryStructure_C2,0.4036023744339887,5.102279748749697e-38,0.36144637780129635,2.6938125701801726e-30,3.4497195062396736e-37,4.5212733589958674e-29,0.04215599663269237
dim 371,371,0.33677846,SecondaryStructure_C3,0.6940218193152347,1.427148609944093e-135,0.5132012654544595,4.389472830813334e-64,5.2963070635703e-133,4.5815122671614176e-62,0.1808205538607751
dim 371,371,0.33677846,SecondaryStructure_T12,-0.45093015785090534,4.0378708140622746e-48,-0.24880916541663456,1.0938644361405595e-14,3.512106385147916e-47,7.773419610020147e-14,0.20212099243427079
dim 371,371,0.33677846,SecondaryStructure_T13,-0.36291243778104654,1.5152105426081533e-30,-0.19967499861238378,6.995885416912114e-10,8.282820314748334e-30,3.508447040913883e-09,0.16323743916866276
dim 371,371,0.33677846,SecondaryStructure_T23,0.6611928369610267,7.846959486687054e-119,0.5070009960892493,2.419268305041373e-62,9.0375326501844e-117,2.183880037523834e-60,0.1541918408717774
dim 371,371,0.33677846,SecondaryStructure_group1_D0,0.21617526944392285,2.268277060993572e-11,0.23632521241500118,2.3288867505018415e-13,6.276756738789172e-11,1.5162732449661112e-12,-0.020149942971078333
dim 371,371,0.33677846,SecondaryStructure_group1_D25,-0.033080090345499545,0.31176675259215436,-0.0035423670468454514,0.9137663961279597,0.352266899072326,0.9301980381186788,0.029537723298654093
dim 371,371,0.33677846,SecondaryStructure_group1_D50,-0.1787860756746932,3.5909974334445355e-08,-0.0962396228675125,0.003189550784203517,8.093071138802124e-08,0.006511674583887375,0.0825464528071807
dim 371,371,0.33677846,SecondaryStructure_group1_D75,-0.16578947953952247,3.3347354700574165e-07,-0.04501999874630061,0.1685303980805103,6.991849635901928e-07,0.2303156831378496,0.12076948079322186
dim 371,371,0.33677846,SecondaryStructure_group1_D100,-0.22324481439518645,4.7814698663665146e-12,-0.1291269590738324,7.371507838041618e-05,1.3591582428650346e-11,0.00020314221269850664,0.09411785532135405
dim 371,371,0.33677846,SecondaryStructure_group2_D0,0.049653398442891294,0.1288075124374972,-0.024799653456252655,0.4483121229218784,0.15397891608491074,0.5237364430077208,0.02485374498663864
dim 371,371,0.33677846,SecondaryStructure_group2_D25,-0.06897783349526779,0.03476033896900848,-0.027101934141962256,0.4073039817548395,0.045210098191778944,0.48343827258747835,0.04187589935330553
dim 371,371,0.33677846,SecondaryStructure_group2_D50,0.07583700830960889,0.02025175486532504,0.07062482654608948,0.030643463929003183,0.027078006905598733,0.04990208167863025,0.005212181763519411
dim 371,371,0.33677846,SecondaryStructure_group2_D75,0.1661000230105405,3.167990855300807e-07,0.04102811720928403,0.20957270289922506,6.65896126916595e-07,0.27666910185115084,0.12507190580125646
dim 371,371,0.33677846,SecondaryStructure_group2_D100,0.1239698810677227,0.00014215210837628466,0.08619547948547523,0.008293652724000402,0.00023469502816450362,0.015458035769063249,0.03777440158224747
dim 371,371,0.33677846,SecondaryStructure_group3_D0,-0.061694663532473736,0.05905557677955263,0.04385372160148382,0.17984391491665927,0.07406895472914224,0.24289473344991588,0.017840941930989916
dim 371,371,0.33677846,SecondaryStructure_group3_D25,-0.001668569076563443,0.9593195312231306,0.03304217800134187,0.3123219423256608,0.9633575569107806,0.38748529235596857,-0.031373608924778425
dim 371,371,0.33677846,SecondaryStructure_group3_D50,0.18785360810820878,6.861977518432e-09,0.11022758801028179,0.0007250776108447264,1.6220102555953915e-08,0.0016736414790749041,0.07762602009792699
dim 371,371,0.33677846,SecondaryStructure_group3_D75,0.07265977594592507,0.026140355333089598,0.03956422661816122,0.22630340339891453,0.03455037072121855,0.295601629781922,0.03309554932776385
dim 371,371,0.33677846,SecondaryStructure_group3_D100,0.07205424495685687,0.02741647874654901,-0.03353583071095777,0.305143735881901,0.03609422113262661,0.3810459553063034,0.03851841424589911
dim 371,371,0.33677846,SolventAccessibility_C1,-0.1131204001268118,0.000522038621858913,-0.06095437750749677,0.06216948150321695,0.0008174444430420858,0.0942132795919894,0.05216602261931502
dim 371,371,0.33677846,SolventAccessibility_C2,-0.474754358970361,7.660790180648025e-54,-0.18545677270536487,1.0713970791634583e-08,7.897234322026051e-53,4.771288325874601e-08,0.28929758626499613
dim 371,371,0.33677846,SolventAccessibility_C3,0.5691189849416313,1.5539634172778998e-81,0.26120366801553346,4.423116467984613e-16,4.436100695477081e-80,3.534260527049906e-15,0.3079153169260978
dim 371,371,0.33677846,SolventAccessibility_T12,-0.5027985321483174,3.496786800700774e-61,-0.16732494901748113,2.585284595036225e-07,4.7284485483160267e-60,9.959458532204143e-07,0.33547358313083625
dim 371,371,0.33677846,SolventAccessibility_T13,0.3969851458381889,9.9016256438399e-37,0.13828503999182679,2.159367870949216e-05,6.484594049102993e-36,6.462624273270952e-05,0.2587001058463621
dim 371,371,0.33677846,SolventAccessibility_T23,0.048540607839386914,0.13761218595028904,0.05665254165263231,0.08305348408892271,0.16391751108201333,0.12163446758636362,-0.008111933813245396
dim 371,371,0.33677846,SolventAccessibility_group1_D0,-0.02285434643980038,0.4847149209732515,-0.0008464943317042714,0.9793554504596759,0.5261793617375217,0.9825915303500503,0.02200785210809611
dim 371,371,0.33677846,SolventAccessibility_group1_D25,-0.2447347256207901,3.0245445257707204e-14,-0.1268343246869858,9.900967171414989e-05,9.779263035889841e-14,0.000267767047388875,0.1179004009338043
dim 371,371,0.33677846,SolventAccessibility_group1_D50,-0.15861493912309035,1.0623799702184502e-06,0.041739805158587565,0.20176990244017767,2.138848161862341e-06,0.2688119162944529,0.11687513396450279
dim 371,371,0.33677846,SolventAccessibility_group1_D75,-0.18263773657539684,1.7959916717178766e-08,-0.01715326125071304,0.5999956074565802,4.128432335538684e-08,0.6664400827751839,0.1654844753246838
dim 371,371,0.33677846,SolventAccessibility_group1_D100,0.034908670085338024,0.2857599889020763,0.023517637543692287,0.4721260722412092,0.324859892080645,0.5477252800575335,0.011391032541645738
dim 371,371,0.33677846,SolventAccessibility_group2_D0,0.06944543370397936,0.03354614372516912,0.11709161155762028,0.00032839536070969425,0.04371600469842562,0.0008041918669092432,-0.04764617785364092
dim 371,371,0.33677846,SolventAccessibility_group2_D25,0.45538812503024,3.711988232272074e-49,0.20195964143167133,4.4259352519054995e-10,3.3328066386528836e-48,2.2568891208189877e-09,0.2534284835985687
dim 371,371,0.33677846,SolventAccessibility_group2_D50,0.15428274667394073,2.0871505653781285e-06,-0.02096348529498997,0.5215774649899266,4.098226271818313e-06,0.5957827404467698,0.13331926137895075
dim 371,371,0.33677846,SolventAccessibility_group2_D75,0.23738726221703094,1.8073865844373635e-13,0.07348038355183908,0.02449298129560258,5.610289211915236e-13,0.04065932282669613,0.16390687866519185
dim 371,371,0.33677846,SolventAccessibility_group2_D100,-0.24413468582208822,3.507787628909907e-14,-0.10554178677282189,0.0012146826329920118,1.1299529959967889e-13,0.0026660715759774653,0.13859289904926633
dim 371,371,0.33677846,SolventAccessibility_group3_D0,0.2970860177446213,1.5085051903262753e-20,0.2183979177010129,1.3983236039593692e-11,6.204935142475073e-20,8.010979137605992e-11,0.07868810004360838
dim 371,371,0.33677846,SolventAccessibility_group3_D25,0.0010765455462795359,0.973746700534867,0.021048232872818807,0.5198950175971208,0.9769642474576317,0.5942674054669347,-0.01997168732653927
dim 371,371,0.33677846,SolventAccessibility_group3_D50,0.06275887319910438,0.05480655521114789,-0.011155579216834303,0.7330793793571939,0.06892089397787422,0.7835152406569689,0.05160329398227008
dim 371,371,0.33677846,SolventAccessibility_group3_D75,-0.11060334934518683,0.0006950864241903307,-0.09283705615136877,0.004453211587264898,0.0010808140860315198,0.008795817091345215,0.01776629319381806
dim 371,371,0.33677846,SolventAccessibility_group3_D100,0.16193970064385774,6.248987525845798e-07,0.018119161737309087,0.5796192872606124,1.2781150236573768e-06,0.6483350366545363,0.14382053890654864
dim 545,545,0.28511763,AAC_A,0.27780801622768414,4.571824573780883e-18,0.22461552854250616,3.5138786325412154e-12,1.7431385931995606e-17,2.1108551497639675e-11,0.05319248768517798
dim 545,545,0.28511763,AAC_C,0.04179692910317715,0.20115290000460123,-0.03143230956131787,0.33649663475745406,0.2346666734248579,0.4115337825301708,0.010364619541859278
dim 545,545,0.28511763,AAC_D,-0.14256155022739375,1.1843934690464225e-05,0.045305225583843395,0.16584649234002433,2.1499316231603537e-05,0.22711245773500666,0.09725632464355036
dim 545,545,0.28511763,AAC_E,-0.4475718196853849,2.3819271204289267e-47,-0.14502219880979847,8.31724250549484e-06,2.0610457466923872e-46,2.67111442003392e-05,0.30254962087558646
dim 545,545,0.28511763,AAC_F,-0.16165437025744486,6.542940679503792e-07,-0.05774519936422895,0.07727484625854429,1.3374187190662587e-06,0.11420264889537077,0.10390917089321591
dim 545,545,0.28511763,AAC_G,0.18081646608031826,2.4968865164470174e-08,0.04139237694427664,0.20555220302077223,5.6770598808257576e-08,0.2725463906666849,0.13942408913604162
dim 545,545,0.28511763,AAC_H,-0.346862425273956,7.018297515743927e-28,-0.060847388418299835,0.06263053583798182,3.573340503442792e-27,0.0946542939813843,0.28601503685565616
dim 545,545,0.28511763,AAC_I,-0.32883319925155646,4.585509337145396e-25,-0.18761323018244894,7.177441847486301e-09,2.1540929938207628e-24,3.2615858191298295e-08,0.14121996906910753
dim 545,545,0.28511763,AAC_K,-0.468020209635769,3.52953609021677e-52,-0.27534032299159805,9.203610129145103e-18,3.3875432590011524e-51,8.15386149372537e-17,0.19267988664417096
dim 545,545,0.28511763,AAC_L,-0.28908720145389555,1.704340629028482e-19,-0.06071073821867612,0.06322351230999644,6.776782977327536e-19,0.09537783699882028,0.22837646323521943
dim 545,545,0.28511763,AAC_M,-0.3456317552293846,1.1075155265161332e-27,-0.22069939813582515,8.426894121478206e-12,5.604699785702856e-27,4.92921652639881e-11,0.12493235709355946
dim 545,545,0.28511763,AAC_N,-0.14265310876971632,1.169038622133965e-05,-0.20566538691792643,2.082028439755753e-10,2.1243671417092103e-05,1.0865585919975336e-09,-0.06301227814821012
dim 545,545,0.28511763,AAC_P,0.48149335258876924,1.5207824795620351e-55,0.2087468549370575,1.1000497293779844e-10,1.6763740863819134e-54,5.869274913933654e-10,0.2727464976517118
dim 545,545,0.28511763,AAC_Q,-0.24667123350547637,1.869507965057676e-14,-0.25090115658317713,6.4426079435497506e-15,6.139780337554216e-14,4.6576429721766595e-14,-0.004229923077700759
dim 545,545,0.28511763,AAC_R,0.17160707957951435,1.2555854643707942e-07,0.11472139727867585,0.0004338146808010421,2.71258437968852e-07,0.0010396862513421862,0.0568856823008385
dim 545,545,0.28511763,AAC_S,0.48960360045680923,1.209144377525483e-57,0.2119177526396681,5.646652263450114e-11,1.4579574804819903e-56,3.071631687283938e-10,0.2776858478171411
dim 545,545,0.28511763,AAC_T,0.5308376129795795,3.0777879917831236e-69,0.2507404277578112,6.711203541997535e-15,5.32632740546924e-68,4.841343375868632e-14,0.28009718522176835
dim 545,545,0.28511763,AAC_V,0.07418246979870333,0.023155604881578605,0.13169092943977415,5.26906372857026e-05,0.03076361189517603,0.0001499035166390517,-0.05750845964107082
dim 545,545,0.28511763,AAC_W,0.09347166283538666,0.004187741306384456,-0.01153815063297042,0.7242921169333588,0.006015938048741541,0.7761102568358738,0.08193351220241624
dim 545,545,0.28511763,AAC_Y,-0.12633750160930265,0.00010547759367446028,-0.10621350981749017,0.0011294659662791236,0.00017632390534169035,0.002499944550942527,0.020123991791812484
dim 545,545,0.28511763,Hydrophobicity_C1,-0.5744334521281076,2.2602404451192437e-83,-0.3496305067469401,2.4967610912869115e-28,6.801083861890337e-82,3.8429410345153385e-27,0.22480294538116752
dim 545,545,0.28511763,Hydrophobicity_C2,0.5827758398590428,2.5194906304187594e-86,0.3194753094614552,1.1222879173024744e-23,8.331780896632333e-85,1.353228030249193e-22,0.2633005303975876
dim 545,545,0.28511763,Hydrophobicity_C3,-0.44600382011585066,5.418273373808835e-47,-0.17289890871704336,1.0061655263378673e-07,4.62839720422545e-46,4.0198479162302356e-07,0.2731049113988073
dim 545,545,0.28511763,Hydrophobicity_T12,-0.10297492164915095,0.001597868214964824,-0.04130786443178559,0.2064799831310826,0.0023953679703691707,0.27355935884879645,0.06166705721736536
dim 545,545,0.28511763,Hydrophobicity_T13,-0.5391713672140266,8.808951482393926e-72,-0.278777226503865,3.466539748280562e-18,1.6716987472270292e-70,3.1377351651103187e-17,0.2603941407101616
dim 545,545,0.28511763,Hydrophobicity_T23,0.41158667260295645,1.3018521249283636e-39,0.3801519440423609,1.3897506507832421e-33,9.290995934317808e-39,2.683102412494814e-32,0.03143472856059554
dim 545,545,0.28511763,Hydrophobicity_group1_D0,-0.008219075392002706,0.8016146068699919,0.0068334064832817065,0.83452871873616,0.8215381365283133,0.8685964227419053,0.0013856689087209991
dim 545,545,0.28511763,Hydrophobicity_group1_D25,0.4087440935332322,4.86114971170584e-39,0.12646534006824497,0.0001037763034484974,3.41097479770956e-38,0.00027907637159257757,0.2822787534649872
dim 545,545,0.28511763,Hydrophobicity_group1_D50,0.17751987918998263,4.4949315175066416e-08,0.012581857412631469,0.7005060001164828,1.0048909818254474e-07,0.7564468284478023,0.16493802177735117
dim 545,545,0.28511763,Hydrophobicity_group1_D75,0.17058197983941167,1.4950391442804592e-07,-0.02542378793738786,0.4369696781653216,3.217416715139648e-07,0.5128175421898012,0.1451581919020238
dim 545,545,0.28511763,Hydrophobicity_group1_D100,-0.27238687584617155,2.1066433113920147e-17,-0.14670707321630186,6.507411229508011e-06,7.835399398718629e-17,2.1163343239101028e-05,0.1256798026298697
dim 545,545,0.28511763,Hydrophobicity_group2_D0,-0.22700660384341517,2.0433174893592383e-12,-0.1266335239653504,0.00010157745294175046,6.007641209911845e-12,0.00027382461083571153,0.10037307987806476
dim 545,545,0.28511763,Hydrophobicity_group2_D25,-0.3634956404325732,1.2042099434429174e-30,-0.10097864922801048,0.001969523892161706,6.626130496045048e-30,0.0041660606711970225,0.26251699120456273
dim 545,545,0.28511763,Hydrophobicity_group2_D50,-0.2025394343111253,3.937050062509514e-10,-0.0830538949217281,0.010980490042227032,1.012297706603678e-09,0.019888740098176944,0.11948553938939721
dim 545,545,0.28511763,Hydrophobicity_group2_D75,-0.20117934929756692,5.178207096151989e-10,-0.05730487945196919,0.07956291373991714,1.3162261568605513e-09,0.1170661373970587,0.14387446984559774
dim 545,545,0.28511763,Hydrophobicity_group2_D100,0.12102928271653308,0.00020443287139745904,0.01844162038772796,0.572889700332807,0.0003329135984727027,0.6427449106857828,0.10258766232880512
dim 545,545,0.28511763,Hydrophobicity_group3_D0,0.3424872997651135,3.520084226545087e-27,0.17165841231789622,1.2446243639086366e-07,1.7547882562179988e-26,4.946572426520441e-07,0.17082888744721728
dim 545,545,0.28511763,Hydrophobicity_group3_D25,0.37457039544993165,1.4014375297431302e-32,0.17076642145136178,1.4489269990524446e-07,8.126391231496623e-32,5.727119735899603e-07,0.20380397399856987
dim 545,545,0.28511763,Hydrophobicity_group3_D50,0.26742069843144217,8.287399642832029e-17,0.19952366103083768,7.209931938606625e-10,3.0054196316024945e-16,3.6049659693033123e-09,0.06789703740060449
dim 545,545,0.28511763,Hydrophobicity_group3_D75,0.11939645652697668,0.00024926714336892454,0.12328817484831396,0.00015475543009017383,0.00040297786004463116,0.0004047636151144719,-0.0038917183213372786
dim 545,545,0.28511763,Hydrophobicity_group3_D100,0.07676825038147103,0.018761143026100838,0.06240022668433979,0.05620913872857198,0.025206040911977794,0.0864755980439569,0.014368023697131242
dim 545,545,0.28511763,NormVanDerWaalsVolume_C1,0.5858040722155682,2.033109840980441e-87,0.3298421572132956,3.226532536347681e-25,6.92917027436191e-86,4.242763256457187e-24,0.2559619150022726
dim 545,545,0.28511763,NormVanDerWaalsVolume_C2,-0.5416311427413204,1.5154367041393797e-72,-0.2917131965643371,7.754286719906651e-20,2.977387406956193e-71,7.50704859260528e-19,0.24991794617698332
dim 545,545,0.28511763,NormVanDerWaalsVolume_C3,-0.46438218979032186,2.697985902240147e-51,-0.24738576783611455,1.5637921436929465e-14,2.538386736192138e-50,1.0904103882952906e-13,0.21699642195420732
dim 545,545,0.28511763,NormVanDerWaalsVolume_T12,0.2910163166938104,9.564333444848268e-20,0.19971898202586089,6.934846327742748e-10,3.844148460384262e-19,3.4830656743850796e-09,0.09129733466794951
dim 545,545,0.28511763,NormVanDerWaalsVolume_T13,0.031026273770220433,0.3427788028026717,0.07190418595453568,0.027740893792895977,0.3834163433894586,0.04568766531966103,-0.040877912184315246
dim 545,545,0.28511763,NormVanDerWaalsVolume_T23,-0.531219911042926,2.3611119268598323e-69,-0.32539192466337263,1.5057198607932628e-24,4.128855411367456e-68,1.9417391255017369e-23,0.20582798637955335
dim 545,545,0.28511763,NormVanDerWaalsVolume_group1_D0,-0.24155342994140278,6.6067282892251e-14,-0.14800219273152143,5.3787878579089404e-06,2.091608766446619e-13,1.7682235674621912e-05,0.09355123720988134
dim 545,545,0.28511763,NormVanDerWaalsVolume_group1_D25,-0.30298213662093487,2.4031922876437546e-21,-0.08039578231720187,0.013829874775788967,1.0173209430583194e-20,0.024401363841064526,0.222586354303733
dim 545,545,0.28511763,NormVanDerWaalsVolume_group1_D50,-0.16104533071061988,7.215540583916249e-07,-0.09434772237482962,0.003844806042871772,1.4695064359926996e-06,0.007740598060995611,0.06669760833579026
dim 545,545,0.28511763,NormVanDerWaalsVolume_group1_D75,-0.19370714472793657,2.2553338088389727e-09,-0.06474130400909595,0.04756950169540933,5.530701117123472e-09,0.07427869829951714,0.12896584071884062
dim 545,545,0.28511763,NormVanDerWaalsVolume_group1_D100,0.13004610292542665,6.540180072389103e-05,0.03453647881565874,0.29093110946824213,0.00011167792148149081,0.36577830046538906,0.0955096241097679
dim 545,545,0.28511763,NormVanDerWaalsVolume_group2_D0,0.005436746448663688,0.8679992722914261,-0.03291688444289463,0.3141613693078664,0.8828007215144225,0.3888696992722648,-0.027480137994230942
dim 545,545,0.28511763,NormVanDerWaalsVolume_group2_D25,0.3173294406890881,2.2999444496031302e-23,0.10791112488774639,0.0009380898758992721,1.0380830353614128e-22,0.002118472065925334,0.20941831580134168
dim 545,545,0.28511763,NormVanDerWaalsVolume_group2_D50,0.1582936108643096,1.1176488306231581e-06,0.1312245923645737,5.603451782716704e-05,2.244706611113258e-06,0.00015874070359859027,0.027069018499735892
dim 545,545,0.28511763,NormVanDerWaalsVolume_group2_D75,0.015199143375456317,0.6421760347397378,-0.0014036410302291826,0.9657742666315084,0.6787556822882039,0.9724709226859326,0.013795502345227134
dim 545,545,0.28511763,NormVanDerWaalsVolume_group2_D100,-0.1763597154668778,5.5138296778625814e-08,-0.1135837935150739,0.0004949225321149543,1.2204235337349916e-07,0.0011773798128660593,0.06277592195180388
dim 545,545,0.28511763,NormVanDerWaalsVolume_group3_D0,0.20918008696688783,1.0048750921521629e-10,0.12338947492457523,0.00015281839287913592,2.6721996877294777e-10,0.00040063848682599215,0.0857906120423126
dim 545,545,0.28511763,NormVanDerWaalsVolume_group3_D25,0.16977224011599346,1.714797258780887e-07,0.08343821183568063,0.010614846317653196,3.6737798873176156e-07,0.019299720577551263,0.08633402828031282
dim 545,545,0.28511763,NormVanDerWaalsVolume_group3_D50,0.11001613038929521,0.0007424783481275912,0.044880905687158607,0.16985097168123264,0.0011512895463074069,0.2314574644697336,0.0651352247021366
dim 545,545,0.28511763,NormVanDerWaalsVolume_group3_D75,0.1419823912506646,1.2860659886152955e-05,0.09634089785165899,0.0031575237867144004,2.3243833344021035e-05,0.006458131933635087,0.045641493399005625
dim 545,545,0.28511763,NormVanDerWaalsVolume_group3_D100,-0.11411021625769689,0.00046571157938370773,-0.04468167668461748,0.1717559563053929,0.0007319890235960395,0.23348184536427036,0.06942853957307941
dim 545,545,0.28511763,Polarity_C1,-0.47273597001373796,2.4364038594320884e-53,-0.21101932466620002,6.828357583165749e-11,2.496192911197293e-52,3.684444964099128e-10,0.2617166453475379
dim 545,545,0.28511763,Polarity_C2,0.5961868572336693,2.9593988785163806e-91,0.32384613172910537,2.5558441581854768e-24,1.1106058712634507e-89,3.2706971219691543e-23,0.2723407255045639
dim 545,545,0.28511763,Polarity_C3,-0.5943741856871001,1.4163450966694608e-90,-0.33922231260352553,1.1533232804079548e-26,5.256214025417777e-89,1.6322456595604108e-25,0.25515187308357457
dim 545,545,0.28511763,Polarity_T12,0.5094723643001674,4.942280037003652e-63,0.3858737063714451,1.240630745392841e-34,7.1459806595637225e-62,2.5421513433202998e-33,0.12359865792872232
dim 545,545,0.28511763,Polarity_T13,-0.5640436738813565,8.223604360529429e-80,-0.2807865603981916,1.946212725051455e-18,2.1128337357052532e-78,1.7907301657498235e-17,0.28325711348316485
dim 545,545,0.28511763,Polarity_T23,0.06768200959243358,0.03832262735923066,0.037366316177951914,0.25317471250156187,0.04932469186120631,0.32498214441015244,0.030315693414481662
dim 545,545,0.28511763,Polarity_group1_D0,0.2716955630379508,2.5534949176454158e-17,0.15381663642846585,2.241999137450614e-06,9.486844299149821e-17,7.735823470129184e-06,0.11787892660948493
dim 545,545,0.28511763,Polarity_group1_D25,0.31054407461209055,2.1403549142952454e-22,0.14964045701262757,4.217332433377051e-06,9.333674356054565e-22,1.4057774777923505e-05,0.16090361759946298
dim 545,545,0.28511763,Polarity_group1_D50,0.26801300423426144,7.048928292674887e-17,0.2233430460461071,4.6773898294253105e-12,2.5674395308107005e-16,2.7847561551302204e-11,0.044669958188154335
dim 545,545,0.28511763,Polarity_group1_D75,0.2014010256543458,4.952669346724714e-10,0.16050187625894088,7.871460175813288e-07,1.2637063115401488e-09,2.8859140490907115e-06,0.04089914939540493
dim 545,545,0.28511763,Polarity_group1_D100,0.024767749086619835,0.44889637369735164,0.050123190018536504,0.12522427109065937,0.4902923113633599,0.17677475293440503,-0.02535544093191667
dim 545,545,0.28511763,Polarity_group2_D0,-0.2373118661917148,1.840283050186018e-13,-0.13497811190624903,3.3950286394293675e-05,5.707098781449675e-13,9.877522348165582e-05,0.10233375428546576
dim 545,545,0.28511763,Polarity_group2_D25,-0.3545094539102795,3.9377586690875487e-29,-0.08686838881444567,0.007801031092176183,2.0582337957359017e-28,0.014706904596356018,0.26764106509583385
dim 545,545,0.28511763,Polarity_group2_D50,-0.25958939485489296,6.783400499590419e-16,-0.11609991254301907,0.0003691970205913958,2.3593282620928333e-15,0.0008974658288029563,0.1434894823118739
dim 545,545,0.28511763,Polarity_group2_D75,-0.23125550982564486,7.679753791305839e-13,-0.07696857516755541,0.018453311498675153,2.3171072866270555e-12,0.03147806966576865,0.15428693465808946
dim 545,545,0.28511763,Polarity_group2_D100,0.07004352112887743,0.03204606654474126,-0.0005583014889222194,0.9863831240238247,0.04190832508200305,0.9881582586201483,0.06948521963995521
dim 545,545,0.28511763,Polarity_group3_D0,0.022729400646044257,0.4871064751738844,0.003205002265835917,0.921951452034065,0.5284799589402681,0.9377257535657872,0.01952439838020834
dim 545,545,0.28511763,Polarity_group3_D25,0.4621317559059095,9.378651576601644e-51,0.15155156303394599,3.165010007895718e-06,8.72554213533412e-50,1.0710368213142552e-05,0.3105801928719635
dim 545,545,0.28511763,Polarity_group3_D50,0.2417207173461421,6.342548265458907e-14,0.0412361484964484,0.20726966013090434,2.0117864393763296e-13,0.27417056033157244,0.20048456884969368
dim 545,545,0.28511763,Polarity_group3_D75,0.1509991210823238,3.4400816411479158e-06,-0.04666452478779661,0.15349540157437488,6.6185902542822806e-06,0.21281637246094318,0.10433459629452718
dim 545,545,0.28511763,Polarity_group3_D100,-0.24460417173407656,3.123782204940759e-14,-0.13558907000231923,3.125185335085249e-05,1.0090360313831852e-13,9.14020929876071e-05,0.10901510173175732
dim 545,545,0.28511763,Polarizability_C1,0.5372255521203151,3.5085937905471313e-71,0.3095452569501378,2.9578656097262155e-22,6.546761598004144e-70,3.3041040590252707e-21,0.2276802951701773
dim 545,545,0.28511763,Polarizability_C2,-0.4156360882954402,1.9493129323750832e-40,-0.23577247317191039,2.6560513392137477e-13,1.4309242184907205e-39,1.7125890874467023e-12,0.1798636151235298
dim 545,545,0.28511763,Polarizability_C3,-0.46438218979032186,2.697985902240147e-51,-0.24738576783611455,1.5637921436929465e-14,2.538386736192138e-50,1.0904103882952906e-13,0.21699642195420732
dim 545,545,0.28511763,Polarizability_T12,0.5363175294667596,6.666278831469102e-71,0.3111960472859924,1.7317646912962034e-22,1.2301310108898785e-69,1.9673789350099725e-21,0.22512148218076716
dim 545,545,0.28511763,Polarizability_T13,0.0112049251503886,0.7319439631316612,0.07056223375980539,0.03079191795443444,0.7582794158994257,0.050094985858651256,-0.059357308609416785
dim 545,545,0.28511763,Polarizability_T23,-0.5108516918499388,2.0252949243498146e-63,-0.3139462684448525,7.044971169709869e-23,2.9539236014534416e-62,8.170209620427418e-22,0.19690542340508632
dim 545,545,0.28511763,Polarizability_group1_D0,-0.2303643718956955,9.444593075345269e-13,-0.1604506892071386,7.936113497406114e-07,2.8316823044571993e-12,2.9064275308482916e-06,0.06991368268855691
dim 545,545,0.28511763,Polarizability_group1_D25,-0.3197247174702578,1.0321006310182513e-23,-0.10290241076644645,0.0016101531091168525,4.702886913507448e-23,0.003460689436583196,0.21682230670381136
dim 545,545,0.28511763,Polarizability_group1_D50,-0.2716805673553335,2.564156548728345e-17,-0.100571150223273,0.0020545118844776775,9.51586985861408e-17,0.004321202578183528,0.17110941713206052
dim 545,545,0.28511763,Polarizability_group1_D75,-0.23166459417764257,6.982039915379068e-13,-0.0847096597154841,0.009481021255979789,2.11232004686287e-12,0.017408802086296037,0.14695493446215846
dim 545,545,0.28511763,Polarizability_group1_D100,0.044981654524833464,0.1688936742635946,0.007423481058147234,0.8204735582943441,0.19925993360664288,0.8562060188356837,0.03755817346668623
dim 545,545,0.28511763,Polarizability_group2_D0,-0.09638132817087361,0.0031448201302818925,-0.06626618912751589,0.042564339400250374,0.004582765809398569,0.06734480985165146,0.03011513904335772
dim 545,545,0.28511763,Polarizability_group2_D25,0.26323440988830593,2.5719788061672934e-16,0.10211501344541671,0.0017492579766955495,9.15821877675774e-16,0.0037284758405635833,0.16111939644288922
dim 545,545,0.28511763,Polarizability_group2_D50,0.33886772635754425,1.3108563594312904e-26,0.16899890387889843,1.9535828917016086e-07,6.419736423021275e-26,7.622624834443192e-07,0.16986882247864582
dim 545,545,0.28511763,Polarizability_group2_D75,0.13205405663171188,5.021851015246039e-05,0.05962116997759259,0.06811912543187736,8.641412875281695e-05,0.1023012045604633,0.07243288665411929
dim 545,545,0.28511763,Polarizability_group2_D100,0.07445336804481026,0.022656768967626896,0.03569737782280997,0.2750079455553912,0.03017289009245368,0.3483225400663658,0.03875599022200029
dim 545,545,0.28511763,Polarizability_group3_D0,0.20918008696688783,1.0048750921521629e-10,0.12338947492457523,0.00015281839287913592,2.6721996877294777e-10,0.00040063848682599215,0.0857906120423126
dim 545,545,0.28511763,Polarizability_group3_D25,0.16977224011599346,1.714797258780887e-07,0.08343821183568063,0.010614846317653196,3.6737798873176156e-07,0.019299720577551263,0.08633402828031282
dim 545,545,0.28511763,Polarizability_group3_D50,0.11001613038929521,0.0007424783481275912,0.044880905687158607,0.16985097168123264,0.0011512895463074069,0.2314574644697336,0.0651352247021366
dim 545,545,0.28511763,Polarizability_group3_D75,0.1419823912506646,1.2860659886152955e-05,0.09634089785165899,0.0031575237867144004,2.3243833344021035e-05,0.006458131933635087,0.045641493399005625
dim 545,545,0.28511763,Polarizability_group3_D100,-0.11411021625769689,0.00046571157938370773,-0.04468167668461748,0.1717559563053929,0.0007319890235960395,0.23348184536427036,0.06942853957307941
dim 545,545,0.28511763,Charge_C1,-0.39428893891424033,3.252146151753526e-36,-0.20816998143231175,1.2405390581273274e-10,2.0808751239189225e-35,6.587282121057669e-10,0.18611895748192858
dim 545,545,0.28511763,Charge_C2,0.46118367696940704,1.5808565546592493e-50,0.1691699563563148,1.89815014398141e-07,1.4626207458620201e-49,7.423678549060784e-07,0.2920137206130923
dim 545,545,0.28511763,Charge_C3,-0.3902638699715679,1.8807348704132018e-35,-0.07498776448288791,0.02170000554586168,1.1719504602947937e-34,0.03640282196041085,0.31527610548868
dim 545,545,0.28511763,Charge_T12,-0.3176655103458841,2.0562787796447797e-23,-0.17984827118103863,2.9708322804817994e-08,9.306193934977729e-23,1.2576146789365286e-07,0.13781723916484545
dim 545,545,0.28511763,Charge_T13,-0.3868393609464807,8.212817367403125e-35,-0.1310734376792802,5.716076986951511e-05,5.042428310133536e-34,0.00016124744203055782,0.2557659232672005
dim 545,545,0.28511763,Charge_T23,-0.345782804344694,1.0473236758156785e-27,-0.03679467772530102,0.26051301704230845,5.3081351702949415e-27,0.33286667058963665,0.30898812661939296
dim 545,545,0.28511763,Charge_group1_D0,0.06407764895205918,0.04989732318492776,0.044272195054907634,0.17572138336448984,0.06322346716147903,0.23800057600867644,0.019805453897151548
dim 545,545,0.28511763,Charge_group1_D25,0.16779250363871695,2.3913538653860454e-07,0.07322192774965953,0.025001865403092356,5.084100515843025e-07,0.04142174129282166,0.09457057588905741
dim 545,545,0.28511763,Charge_group1_D50,-0.025067634829743158,0.4434217499981885,-0.07826652016957217,0.016563681270048924,0.4849471660098067,0.028679468865714573,-0.05319888533982901
dim 545,545,0.28511763,Charge_group1_D75,0.061773532121047296,0.05873158306578387,-0.03410577348318463,0.29699317970436945,0.07371795845160395,0.37221659295031667,0.027667758637862666
dim 545,545,0.28511763,Charge_group1_D100,-0.1515329845937779,3.1739081275095206e-06,-0.14005186839764533,1.6884287739055228e-05,6.131204826999306e-06,5.1173794054849786e-05,0.011481116196132568
dim 545,545,0.28511763,Charge_group2_D0,0.03369910401697037,0.3027938209368309,0.061859887447138946,0.05837852519230286,0.34305677134634166,0.08944232758820714,-0.028160783430168576
dim 545,545,0.28511763,Charge_group2_D25,-0.12409537067064856,0.00013993990131612498,0.0225224263271741,0.49108207523029324,0.0002314108131836917,0.5655910797479929,0.10157294434347447
dim 545,545,0.28511763,Charge_group2_D50,0.010215599040578723,0.7548164359571706,0.017815890319454773,0.5859820297052544,0.7793158875106491,0.6543563955919591,-0.007600291278876049
dim 545,545,0.28511763,Charge_group2_D75,0.027602366107136983,0.3986951383758912,0.07652882803813413,0.019134929413012106,0.44079502223617234,0.032541071405020584,-0.048926461930997145
dim 545,545,0.28511763,Charge_group2_D100,0.18823179944403634,6.392722634893159e-09,0.05374434166442706,0.10014912283345163,1.517533304942655e-08,0.14356140354666458,0.13448745777960927
dim 545,545,0.28511763,Charge_group3_D0,-0.08600511381775217,0.008437968123738026,-0.10077165357631496,0.0020122837783630937,0.011791972189658998,0.00424307311851814,-0.014766539758562791
dim 545,545,0.28511763,Charge_group3_D25,0.20713649286615982,1.5372600505902868e-10,0.050692077787438596,0.1209895918090567,4.0396920290885585e-10,0.17108604430239177,0.15644441507872123
dim 545,545,0.28511763,Charge_group3_D50,0.02597472481700462,0.4270960002965662,0.01451560952927889,0.657216340597172,0.46924363190477997,0.7182927282704694,0.011459115287725731
dim 545,545,0.28511763,Charge_group3_D75,-0.029267598938834873,0.3708457068726827,-0.015522480246514234,0.6351116563712375,0.4123251201580427,0.6991670838101296,0.013745118692320639
dim 545,545,0.28511763,Charge_group3_D100,-0.15462880304121662,1.9788753038874005e-06,-0.031846675925639896,0.3301623170767386,3.894781093096003e-06,0.4049732423930617,0.12278212711557673
dim 545,545,0.28511763,SecondaryStructure_C1,-0.4609701149850704,1.7777542196359617e-50,-0.14769192054234975,5.630752418366254e-06,1.6402483683934012e-49,1.8401871895639226e-05,0.31327819444272065
dim 545,545,0.28511763,SecondaryStructure_C2,0.19593958224330765,1.4618535547747915e-09,0.05894743868997593,0.07129908574328232,3.6167339799613356e-09,0.10650221215678128,0.13699214355333172
dim 545,545,0.28511763,SecondaryStructure_C3,0.4847458898624683,2.222359033487053e-56,0.15542220007165972,1.7505951280643615e-06,2.5773191568912347e-55,6.1636435032144295e-06,0.3293236897908086
dim 545,545,0.28511763,SecondaryStructure_T12,-0.3824908121235399,5.206399754009738e-34,-0.14169318045867535,1.3398988515184623e-05,3.133220752863518e-33,4.147601634913498e-05,0.24079763166486456
dim 545,545,0.28511763,SecondaryStructure_T13,-0.28666015511842863,3.503290130012438e-19,-0.08476074270117431,0.009437810536233264,1.3847324300877565e-18,0.01735808766025281,0.20189941241725431
dim 545,545,0.28511763,SecondaryStructure_T23,0.4724737233561871,2.8300167484608576e-53,0.1980950178480834,9.571542280621915e-10,2.8730261215377703e-52,4.70131635548194e-09,0.2743787055081037
dim 545,545,0.28511763,SecondaryStructure_group1_D0,0.09426680370968767,0.0038753789715063884,0.0627642688056407,0.05478567878575449,0.005593675784283205,0.0844802249050877,0.03150253490404696
dim 545,545,0.28511763,SecondaryStructure_group1_D25,-0.019302298571967358,0.5551112565657255,0.016149397285424485,0.6215090742618188,0.5942537169645907,0.6869094334991643,0.0031529012865428724
dim 545,545,0.28511763,SecondaryStructure_group1_D50,-0.06349041879375181,0.052035882950907754,0.06997528455977141,0.03221425917810678,0.06573367967323446,0.05220554374326863,-0.006484865766019601
dim 545,545,0.28511763,SecondaryStructure_group1_D75,-0.18367973210438093,1.4851935803795484e-08,-0.07067153892646397,0.030533074409269553,3.435281550185382e-08,0.04979515064792984,0.11300819317791697
dim 545,545,0.28511763,SecondaryStructure_group1_D100,-0.18921481178753952,5.314087636507174e-09,-0.07971562968265025,0.0146564089989967,1.2668845614513891e-08,0.025642957599082757,0.10949918210488926
dim 545,545,0.28511763,SecondaryStructure_group2_D0,0.06453275057172582,0.04829099311147634,-0.0037561613621767895,0.9085840419586962,0.06130441542848004,0.9267524621464952,0.06077658920954903
dim 545,545,0.28511763,SecondaryStructure_group2_D25,-0.07724418402922685,0.01803701117934154,-0.038812260360056756,0.23525826787547366,0.024272206824738414,0.30526908108161693,0.038431923669170094
dim 545,545,0.28511763,SecondaryStructure_group2_D50,0.04861520328476631,0.13700784376331734,0.03193448162694059,0.32883001337542833,0.1633141321090221,0.40378391348306275,0.01668072165782572
dim 545,545,0.28511763,SecondaryStructure_group2_D75,0.21189919299749188,5.6689100824195115e-11,0.10716031461067374,0.0010186963680417851,1.5368636100065885e-10,0.0022774068736677124,0.10473887838681814
dim 545,545,0.28511763,SecondaryStructure_group2_D100,0.09859620186801901,0.002516000249473263,0.04994706841356757,0.12655840436867105,0.003692197202654085,0.17843185757339017,0.04864913345445144
dim 545,545,0.28511763,SecondaryStructure_group3_D0,-0.18139802493164556,2.248351913206316e-08,-0.12757966696023731,9.000355181875502e-05,5.132942850382156e-08,0.00024505447777129413,0.05381835797140824
dim 545,545,0.28511763,SecondaryStructure_group3_D25,-0.04708485710854439,0.14982106175969176,-0.031483949466446795,0.33570299807158044,0.1777628228338794,0.4108640577350966,0.015600907642097595
dim 545,545,0.28511763,SecondaryStructure_group3_D50,0.03748546024617933,0.25166350411562255,-0.1064538048411156,0.0011003463107465993,0.28835543867793456,0.002443588216684602,-0.06896834459493628
dim 545,545,0.28511763,SecondaryStructure_group3_D75,-0.011660395502697698,0.721491845615363,-0.08067736715513275,0.013499897315916158,0.7486122287528153,0.023869590807390137,-0.06901697165243506
dim 545,545,0.28511763,SecondaryStructure_group3_D100,0.10393473980620516,0.001443170728487371,0.011924020356007196,0.7154656869498118,0.002175176097990893,0.7683779403255214,0.09201071945019795
dim 545,545,0.28511763,SolventAccessibility_C1,0.008042756007863746,0.8057845941382116,0.1123429530900921,0.0005706576671127327,0.8253052880777757,0.001340363296875195,-0.10430019708222835
dim 545,545,0.28511763,SolventAccessibility_C2,-0.5744334521281076,2.2602404451192437e-83,-0.3496305067469401,2.4967610912869115e-28,6.801083861890337e-82,3.8429410345153385e-27,0.22480294538116752
dim 545,545,0.28511763,SolventAccessibility_C3,0.5660579722078818,1.716203371709017e-80,0.2549294409522428,2.29287319990413e-15,4.5493010011969184e-79,1.7404992017454075e-14,0.311128531255639
dim 545,545,0.28511763,SolventAccessibility_T12,-0.5621430720137689,3.5716310397786944e-79,-0.26928878851180693,4.9672572986640004e-17,8.77150564180944e-78,4.210822177040041e-16,0.29285428350196197
dim 545,545,0.28511763,SolventAccessibility_T13,0.4707308734377305,7.631324659666798e-53,0.25421315861339805,2.7589229244910184e-15,7.608544586055852e-52,2.0614770845190158e-14,0.21651771482433246
dim 545,545,0.28511763,SolventAccessibility_T23,-0.0303573016959903,0.35329120738928943,-0.055517937210662754,0.08941891646174092,0.39451442082254323,0.13007804049748029,-0.025160635514672455
dim 545,545,0.28511763,SolventAccessibility_group1_D0,-0.03125253841015997,0.3392688686186304,-0.012744203861150652,0.6968316339818663,0.37987194810131597,0.7532095978962567,0.01850833454900932
dim 545,545,0.28511763,SolventAccessibility_group1_D25,-0.18266198512050674,1.788089912446618e-08,-0.03608269942405187,0.2698566145403172,4.113099385379961e-08,0.34261815555598557,0.14657928569645487
dim 545,545,0.28511763,SolventAccessibility_group1_D50,-0.21663084049051473,2.0550385781511353e-11,-0.04323936061358417,0.1860255875654636,5.691400373984073e-11,0.250231760962001,0.17339147987693057
dim 545,545,0.28511763,SolventAccessibility_group1_D75,-0.2259305812765899,2.6098916529840355e-12,-0.08018743876467745,0.014078580452239262,7.606490506951726e-12,0.024774741154098594,0.14574314251191245
dim 545,545,0.28511763,SolventAccessibility_group1_D100,0.06676019379364978,0.04104137711482165,0.06884273456305193,0.03511804565788116,0.05266162103861095,0.05641860148981389,-0.002082540769402147
dim 545,545,0.28511763,SolventAccessibility_group2_D0,-0.008219075392002706,0.8016146068699919,0.0068334064832817065,0.83452871873616,0.8215381365283133,0.8685964227419053,0.0013856689087209991
dim 545,545,0.28511763,SolventAccessibility_group2_D25,0.4087440935332322,4.86114971170584e-39,0.12646534006824497,0.0001037763034484974,3.41097479770956e-38,0.00027907637159257757,0.2822787534649872
dim 545,545,0.28511763,SolventAccessibility_group2_D50,0.17751987918998263,4.4949315175066416e-08,0.012581857412631469,0.7005060001164828,1.0048909818254474e-07,0.7564468284478023,0.16493802177735117
dim 545,545,0.28511763,SolventAccessibility_group2_D75,0.17058197983941167,1.4950391442804592e-07,-0.02542378793738786,0.4369696781653216,3.217416715139648e-07,0.5128175421898012,0.1451581919020238
dim 545,545,0.28511763,SolventAccessibility_group2_D100,-0.27238687584617155,2.1066433113920147e-17,-0.14670707321630186,6.507411229508011e-06,7.835399398718629e-17,2.1163343239101028e-05,0.1256798026298697
dim 545,545,0.28511763,SolventAccessibility_group3_D0,0.25375990022650946,3.100710005453631e-15,0.1554196497025486,1.7512867319013454e-06,1.0460981230520331e-14,6.1636435032144295e-06,0.09834025052396086
dim 545,545,0.28511763,SolventAccessibility_group3_D25,0.01089634583770713,0.7390536914156677,0.035095505670116864,0.283187671055042,0.7646961986766821,0.3574628954360697,-0.024199159832409736
dim 545,545,0.28511763,SolventAccessibility_group3_D50,0.12324056236917492,0.00015567381453823758,0.07511369922201844,0.02147971677535824,0.00025613327121069634,0.03605138393452086,0.04812686314715649
dim 545,545,0.28511763,SolventAccessibility_group3_D75,0.03716461607422682,0.2557474124255156,0.11776196160048905,0.0003032449590521065,0.29263321599904835,0.0007480340939690071,-0.08059734552626223
dim 545,545,0.28511763,SolventAccessibility_group3_D100,0.2276042506044358,1.7826592647789585e-12,0.11331770350139038,0.0005103284073777114,5.264440269108507e-12,0.001211440569041618,0.11428654710304541
dim 103,103,0.23903997,AAC_A,-0.28660355056713854,3.562359698050392e-19,-0.23349279394031958,4.551548228142754e-13,1.4047557723126694e-18,2.8737563482035535e-12,0.05311075662681897
dim 103,103,0.23903997,AAC_C,0.06576889206680675,0.044145372929910755,0.13788976387641105,2.280622203811117e-05,0.056341438894116136,6.801141214936724e-05,-0.0721208718096043
dim 103,103,0.23903997,AAC_D,0.012753770154694727,0.6966153416586011,-0.14889313513137015,4.713783868372891e-06,0.726411252307127,1.565013729658594e-05,-0.13613936497667542
dim 103,103,0.23903997,AAC_E,0.21801192660455332,1.5214420839501475e-11,-0.08162911518514067,0.012435420883964437,4.2417500504119303e-11,0.022151629734635317,0.13638281141941266
dim 103,103,0.23903997,AAC_F,0.15372409663096728,2.2740257837308397e-06,0.07282985324981675,0.025791279662878107,4.457304059660214e-06,0.042602806169145836,0.08089424338115053
dim 103,103,0.23903997,AAC_G,-0.12439649100949829,0.00013476290029050748,-0.008614889193163687,0.7922742278948375,0.0002234896161719439,0.832922858410059,0.1157816018163346
dim 103,103,0.23903997,AAC_H,0.22271737958826815,5.380266222594241e-12,-0.019509830213973314,0.5508650450687931,1.5241805923210148e-11,0.6222148293979604,0.20320754937429483
dim 103,103,0.23903997,AAC_I,0.4241806540153921,3.2529579281881713e-42,0.33452655973425177,6.201187427686494e-26,2.486242443969907e-41,8.351599196964874e-25,0.08965409428114035
dim 103,103,0.23903997,AAC_K,0.45331187534895795,1.1331260781936556e-48,0.2998703230674525,6.369712448895335e-21,9.959581845175815e-48,6.627675881405115e-20,0.15344155228150547
dim 103,103,0.23903997,AAC_L,0.1387689808897968,2.019249330397853e-05,-0.06771743315059248,0.03822127634580849,3.5931234755081665e-05,0.06102249665152981,0.07105154773920433
dim 103,103,0.23903997,AAC_M,0.22980146749133776,1.0758151672809226e-12,0.09756788921570916,0.0027920900464908998,3.213973755561969e-12,0.00575298010813054,0.1322335782756286
dim 103,103,0.23903997,AAC_N,0.31189332593530916,1.3798890456662572e-22,0.37454698908982287,1.4149511004950168e-32,6.056280436958344e-22,2.5684438454637805e-31,-0.0626536631545137
dim 103,103,0.23903997,AAC_P,-0.5511996430024869,1.3998114601460218e-75,-0.38373227322681025,3.0817311771662002e-34,2.9937813225410225e-74,6.20059164562356e-33,0.16746736977567667
dim 103,103,0.23903997,AAC_Q,0.16811315242924832,2.2665501202613462e-07,0.13608886716294843,2.9196992238913388e-05,4.821832739919043e-07,8.591890227133984e-05,0.032024285266299884
dim 103,103,0.23903997,AAC_R,-0.485071055523994,1.8315374238685102e-56,-0.4995924163430985,2.6171134387561266e-60,2.1389283201821064e-55,2.131989972059869e-58,-0.01452136081910449
dim 103,103,0.23903997,AAC_S,-0.10517220554129962,0.0012640597480564925,0.2401160089753337,9.369534710635736e-14,0.0019138529277011264,6.296628960467477e-13,-0.13494380343403406
dim 103,103,0.23903997,AAC_T,-0.34336936369260945,2.5483390399911342e-27,-0.0695180272344151,0.033360930066248295,1.272264931774348e-26,0.05380275539414259,0.27385133645819437
dim 103,103,0.23903997,AAC_V,-0.0032279556292151134,0.9213942919074117,-0.020758015426310072,0.5256681247354382,0.9305887314698382,0.5996350876422007,-0.01753005979709496
dim 103,103,0.23903997,AAC_W,-0.22647357235608062,2.307038376048993e-12,-0.17910167628145848,3.394707989989652e-08,6.7532937563572634e-12,1.4262043630899922e-07,0.04737189607462214
dim 103,103,0.23903997,AAC_Y,0.107007723495847,0.0010358417512542628,0.08036465974865423,0.013866778845113887,0.0015812209548396882,0.02443354262722164,0.026643063747192774
dim 103,103,0.23903997,Hydrophobicity_C1,0.3438220112632859,2.158174984152346e-27,0.08924032129148501,0.0062665897437768755,1.083955555950201e-26,0.012049746542437975,0.25458168997180086
dim 103,103,0.23903997,Hydrophobicity_C2,-0.41055543789371896,2.1026899480909727e-39,-0.1516759709206759,3.1060377063973976e-06,1.4910794960984816e-38,1.052146646994656e-05,0.2588794669730431
dim 103,103,0.23903997,Hydrophobicity_C3,0.3935810874441923,4.435776731544588e-36,0.18002376249088686,2.878905490698736e-08,2.832790493950081e-35,1.2217972476408865e-07,0.21355732495330543
dim 103,103,0.23903997,Hydrophobicity_T12,-0.04200448747701963,0.19892260607937892,-0.1190534430455154,0.0002597879583625739,0.2322270200297538,0.0006494698959064347,-0.07704895556849578
dim 103,103,0.23903997,Hydrophobicity_T13,0.374985852570005,1.1817930995047159e-32,0.12395828216995473,0.00014235823249929877,6.864676438862176e-32,0.000375573851933379,0.25102757040005025
dim 103,103,0.23903997,Hydrophobicity_T23,-0.1475076878956778,5.785659696915327e-06,-0.03873627722264495,0.23617685955970366,1.0899099485446809e-05,0.306307589797529,0.10877141067303286
dim 103,103,0.23903997,Hydrophobicity_group1_D0,-0.022629993052988902,0.4890137450678884,-0.03904003223414046,0.23251977737214694,0.5301220086097849,0.30218523596224545,-0.016410039181151557
dim 103,103,0.23903997,Hydrophobicity_group1_D25,-0.22377256822631264,4.247748222922797e-12,0.04094591004722141,0.21048787147692402,1.2126050482531748e-11,0.277548160573599,0.18282665817909122
dim 103,103,0.23903997,Hydrophobicity_group1_D50,-0.1340317099322263,3.857058538012037e-05,-0.0048537830044975295,0.8820436293350085,6.678369889559464e-05,0.9053551696308938,0.12917792692772875
dim 103,103,0.23903997,Hydrophobicity_group1_D75,-0.1179814521880626,0.00029540941407709445,0.033027263278087804,0.3125405322176585,0.0004736761608341313,0.38748529235596857,0.08495418890997479
dim 103,103,0.23903997,Hydrophobicity_group1_D100,0.19794352381703584,9.86226526245131e-10,0.08036189706730713,0.013870058928506655,2.469262816835635e-09,0.02443354262722164,0.1175816267497287
dim 103,103,0.23903997,Hydrophobicity_group2_D0,0.2587412148855844,8.482316989950632e-16,0.1842386672201927,1.340669554788462e-08,2.9297764991142823e-15,5.9387749509197123e-08,0.07450254766539169
dim 103,103,0.23903997,Hydrophobicity_group2_D25,0.3099982786455502,2.5546047147678874e-22,0.10495883695331325,0.001293402211997394,1.1109869462662427e-21,0.002830906545262972,0.20503944169223692
dim 103,103,0.23903997,Hydrophobicity_group2_D50,0.18289241246326995,1.7146642859934377e-08,0.08660702046497518,0.007989176032968628,3.9496404932538496e-08,0.014990925814671471,0.09628539199829478
dim 103,103,0.23903997,Hydrophobicity_group2_D75,0.13419598272138028,3.772804220740795e-05,0.011633750968086696,0.722101877683789,6.542661525064514e-05,0.774379410012711,0.12256223175329359
dim 103,103,0.23903997,Hydrophobicity_group2_D100,-0.0919128169440747,0.0048671157708928174,-0.010373492018908437,0.7511510463698238,0.00695004988233519,0.7992496001513895,0.08153932492516626
dim 103,103,0.23903997,Hydrophobicity_group3_D0,-0.20578279547731954,2.0323970909141144e-10,-0.03792001103925903,0.24620500040638837,5.324083359727955e-10,0.3173773451784397,0.16786278443806052
dim 103,103,0.23903997,Hydrophobicity_group3_D25,-0.37376313475715567,1.9503643692802355e-32,-0.22023780587951539,9.33201920173014e-12,1.1289804147999976e-31,5.411275023225463e-11,0.15352532887764028
dim 103,103,0.23903997,Hydrophobicity_group3_D50,-0.18927720298052972,5.251948152072074e-09,-0.10884042493629636,0.0008464954829307934,1.253860387985756e-08,0.0019246391511156227,0.08043677804423335
dim 103,103,0.23903997,Hydrophobicity_group3_D75,-0.13266374236584985,4.631296780531052e-05,-0.1284860785130191,8.009154760025463e-05,7.989943825916175e-05,0.00021962706813206115,0.004177663852830749
dim 103,103,0.23903997,Hydrophobicity_group3_D100,0.010255482183949874,0.7538900488367295,0.04263457782291331,0.1922626761841196,0.7786001122803575,0.25758417106095444,-0.032379095638963434
dim 103,103,0.23903997,NormVanDerWaalsVolume_C1,-0.4199077522666026,2.5563045210616726e-41,-0.1686825264713926,2.060254950010283e-07,1.901571737270821e-40,8.02010668185821e-07,0.25122522579521
dim 103,103,0.23903997,NormVanDerWaalsVolume_C2,0.4848747853157556,2.058392181318822e-56,0.2831922530593048,9.689808267703848e-19,2.3954807963780023e-55,8.989988781703014e-18,0.20168253225645083
dim 103,103,0.23903997,NormVanDerWaalsVolume_C3,0.21729780476479915,1.777773399323789e-11,-0.025942043806567797,0.42767805093672434,4.9399027901343215e-11,0.5040383521978332,0.19135576095823137
dim 103,103,0.23903997,NormVanDerWaalsVolume_T12,-0.07652180505094522,0.019145991136643753,0.051465591987439115,0.1154121755989341,0.02569208935170355,0.16403262404274038,0.025056213063506104
dim 103,103,0.23903997,NormVanDerWaalsVolume_T13,-0.13669846955675446,2.6864074156621625e-05,-0.1814007763654811,2.2472350856717283e-08,4.734881671932255e-05,9.697371041529164e-08,-0.04470230680872664
dim 103,103,0.23903997,NormVanDerWaalsVolume_T23,0.3470016415369144,6.664453091579004e-28,0.12688171632199716,9.841262919546647e-05,3.398362339828072e-27,0.0002663680563313274,0.22011992521491722
dim 103,103,0.23903997,NormVanDerWaalsVolume_group1_D0,0.23576209899799663,2.6626038072081467e-13,0.15639373341125207,1.5053549867714232e-06,8.23434881118075e-13,5.348814527464418e-06,0.07936836558674457
dim 103,103,0.23903997,NormVanDerWaalsVolume_group1_D25,0.2473964681953076,1.5596094117114035e-14,0.0699895368835793,0.03217906713179731,5.1270624361378815e-14,0.052173827291360685,0.1774069313117283
dim 103,103,0.23903997,NormVanDerWaalsVolume_group1_D50,0.14620091048616318,7.007260903098575e-06,0.08779779611515728,0.0071636905504072895,1.3045848058165686e-05,0.013602459601114468,0.0584031143710059
dim 103,103,0.23903997,NormVanDerWaalsVolume_group1_D75,0.09407918451561509,0.003947115818267577,-0.025456916921953635,0.4363722696527002,0.005684936107379779,0.512476575471174,0.06862226759366145
dim 103,103,0.23903997,NormVanDerWaalsVolume_group1_D100,-0.14062166542922871,1.55865727881858e-05,-0.07127079218871503,0.029146908966259096,2.79737523441916e-05,0.04779582039092628,0.06935087324051369
dim 103,103,0.23903997,NormVanDerWaalsVolume_group2_D0,-0.01402512059600939,0.6680954578884665,0.009527440406425258,0.7708550742128151,0.7010857368072916,0.8157971951428398,0.004497680189584132
dim 103,103,0.23903997,NormVanDerWaalsVolume_group2_D25,-0.24413413162373884,3.5082672360738625e-14,-0.06952045668399394,0.03335474675415926,1.1299529959967889e-13,0.05380275539414259,0.1746136749397449
dim 103,103,0.23903997,NormVanDerWaalsVolume_group2_D50,-0.05382453668588281,0.09964276405129983,-0.0031780128334751604,0.9226066308742925,0.12132950489658821,0.9380536216499656,0.05064652385240765
dim 103,103,0.23903997,NormVanDerWaalsVolume_group2_D75,-0.05450406121197084,0.0954335831401545,-0.05026097816537421,0.12418816781962196,0.11658674750845503,0.17538624969029062,0.004243083046596631
dim 103,103,0.23903997,NormVanDerWaalsVolume_group2_D100,0.24407881964637718,3.556459902226969e-14,0.20412077567058584,2.855976555090783e-10,1.1432700744406232e-13,1.481205231988077e-09,0.039958043975791335
dim 103,103,0.23903997,NormVanDerWaalsVolume_group3_D0,-0.09941975216995289,0.002313124461906335,-0.004984987067259419,0.8788793578772875,0.0034019531936447197,0.9032175554800432,0.09443476510269347
dim 103,103,0.23903997,NormVanDerWaalsVolume_group3_D25,-0.10320495477118215,0.0015594635532592352,-0.020660863316272246,0.5276079949707548,0.002339895897522842,0.6008219240376137,0.0825440914549099
dim 103,103,0.23903997,NormVanDerWaalsVolume_group3_D50,-0.14596405133587714,7.25356531001371e-06,-0.10268968027035438,0.0016466967912570716,1.3459393408580995e-05,0.0035324131552977645,0.04327437106552276
dim 103,103,0.23903997,NormVanDerWaalsVolume_group3_D75,-0.03147395362844576,0.3358565268334906,0.03125100815362546,0.3392925291702665,0.37668260564938166,0.41449782276104247,0.00022294547482029636
dim 103,103,0.23903997,NormVanDerWaalsVolume_group3_D100,0.05492166824125602,0.09291813399240821,-0.01074706255897442,0.7425012609597467,0.11387842453892102,0.7915589567844091,0.0441746056822816
dim 103,103,0.23903997,Polarity_C1,0.4154742667034126,2.104042378192547e-40,0.20668454720349635,1.687811553463051e-10,1.5411187594655936e-39,8.863664447431745e-10,0.20878971949991623
dim 103,103,0.23903997,Polarity_C2,-0.41993017937323357,2.5289884214021706e-41,-0.15220221337256762,2.8680240249237528e-06,1.8854511891703683e-40,9.774694125760545e-06,0.26772796600066595
dim 103,103,0.23903997,Polarity_C3,0.3592641345664995,6.308602395842945e-30,0.07775508102653678,0.017286996703530694,3.387577492301517e-29,0.029700909974173108,0.28150905353996275
dim 103,103,0.23903997,Polarity_T12,-0.22546624937677867,2.8994866363042647e-12,-0.03582195727432469,0.2733351726873434,8.413651076496766e-12,0.3465981308943535,0.18964429210245398
dim 103,103,0.23903997,Polarity_T13,0.3968955478717026,1.0302580533652336e-36,0.12745239032195516,9.148466134579226e-05,6.733976317494874e-36,0.0002484217633292245,0.26944315754974746
dim 103,103,0.23903997,Polarity_T23,-0.15894773487782696,1.007910984544266e-06,-0.15207727202007,2.9228989155887633e-06,2.0340922588385794e-06,9.951562057152365e-06,0.00687046285775697
dim 103,103,0.23903997,Polarity_group1_D0,-0.17582078372124474,6.05999659102098e-08,-0.05844736727768052,0.07373710137021851,1.3368816786004014e-07,0.1096535701587399,0.11737341644356422
dim 103,103,0.23903997,Polarity_group1_D25,-0.3356485595387261,4.159768747164927e-26,-0.21754807884214092,1.6834662251487106e-11,1.9962108643004101e-25,9.595182921496063e-11,0.11810048069658516
dim 103,103,0.23903997,Polarity_group1_D50,-0.21736368879506246,1.7524579492140875e-11,-0.15778301515877066,1.2111953689600073e-06,4.8776746253125437e-11,4.3498844433617475e-06,0.0595806736362918
dim 103,103,0.23903997,Polarity_group1_D75,-0.19045681397532785,4.201609662244203e-09,-0.1464469731484607,6.759853640179469e-06,1.0095954152442904e-08,2.1962948597470262e-05,0.04400984082686715
dim 103,103,0.23903997,Polarity_group1_D100,0.059667124955670656,0.06790653242023127,0.06169510854545648,0.05905374451058928,0.08459821644295877,0.09022850259165974,-0.0020279835897858214
dim 103,103,0.23903997,Polarity_group2_D0,0.24649976036517748,1.9511948997793502e-14,0.16514798256631608,3.706378376090181e-07,6.395476904085407e-14,1.4067390654705913e-06,0.08135177779886141
dim 103,103,0.23903997,Polarity_group2_D25,0.30472838419908477,1.3834701573150548e-21,0.09800409815945679,0.002671763198367963,5.9089390350796456e-21,0.005518669809863324,0.20672428603962797
dim 103,103,0.23903997,Polarity_group2_D50,0.23617508877028837,2.413613802747796e-13,0.11993846130255081,0.0002334527618322103,7.471241984409304e-13,0.0005862648304658515,0.11623662746773755
dim 103,103,0.23903997,Polarity_group2_D75,0.15513198930252592,1.8309990992951935e-06,0.021453727357625563,0.5118838069040534,3.6165209885546697e-06,0.5865152367271144,0.13367826194490035
dim 103,103,0.23903997,Polarity_group2_D100,-0.06659856705074746,0.04153450006456877,-0.014845541453920875,0.649938809812181,0.053253447299677424,0.7124370281498801,0.05175302559682658
dim 103,103,0.23903997,Polarity_group3_D0,-0.047175516797427104,0.149037413791699,-0.03755375382959329,0.25080011460172746,0.1768958642730187,0.3220578172894155,0.009621762967833812
dim 103,103,0.23903997,Polarity_group3_D25,-0.24184464403668746,6.153556389770993e-14,0.061736781663126586,0.058882370854176726,1.9555545520299826e-13,0.09003929380305818,0.18010786237356086
dim 103,103,0.23903997,Polarity_group3_D50,-0.15619096140151825,1.5536470240613861e-06,0.01086026256310125,0.7398865269846819,3.092479773757467e-06,0.7900322890437461,0.145330698838417
dim 103,103,0.23903997,Polarity_group3_D75,-0.10193488276412506,0.0017825933347290896,0.04793127777099923,0.14262583094707695,0.0026579739901764106,0.1988189797008502,0.05400360499312583
dim 103,103,0.23903997,Polarity_group3_D100,0.17349117818066018,9.085185086061295e-08,0.06953042590350977,0.03332938385139275,1.9807126754206738e-07,0.05380275539414259,0.1039607522771504
dim 103,103,0.23903997,Polarizability_C1,-0.33890187630690033,1.2948011056890268e-26,-0.09781685366421672,0.00272282225159487,6.35041951982577e-26,0.005613719950819053,0.2410850226426836
dim 103,103,0.23903997,Polarizability_C2,0.33662105241788715,2.9389301779168913e-26,0.17381220085125945,8.594873654816257e-08,1.4144130827438642e-25,3.454497955124705e-07,0.1628088515666277
dim 103,103,0.23903997,Polarizability_C3,0.21729780476479915,1.777773399323789e-11,-0.025942043806567797,0.42767805093672434,4.9399027901343215e-11,0.5040383521978332,0.19135576095823137
dim 103,103,0.23903997,Polarizability_T12,-0.29379841101492843,4.124755204241985e-20,-0.03840476119315416,0.2402143176141482,1.6759954236214392e-19,0.31085463805937813,0.25539364982177426
dim 103,103,0.23903997,Polarizability_T13,-0.053874050408849516,0.09933114926480506,-0.09980946726716085,0.0022224344518723235,0.12108249581914193,0.004650959316574913,-0.04593541685831133
dim 103,103,0.23903997,Polarizability_T23,0.29017201262256054,1.2322631972250498e-19,0.065763303687557,0.04416341725930029,4.911407015192918e-19,0.0696439157913423,0.22440870893500353
dim 103,103,0.23903997,Polarizability_group1_D0,0.19836645471285194,9.071374408772623e-10,0.12923035129582947,7.27324023865906e-05,2.276362924515444e-09,0.00020076547435637402,0.06913610341702248
dim 103,103,0.23903997,Polarizability_group1_D25,0.18925158354932534,5.277378343406445e-09,-0.006230158075062808,0.848952401171847,1.2590316904983947e-08,0.8794978349609085,0.18302142547426253
dim 103,103,0.23903997,Polarizability_group1_D50,0.22340900750579945,4.608749013277851e-12,0.08277820085732956,0.011249628557144101,1.3134148211901041e-11,0.020288207009104373,0.14063080664846989
dim 103,103,0.23903997,Polarizability_group1_D75,0.14377852149425638,9.951428372115881e-06,0.012130911341470171,0.7107487431659775,1.8182587944675624e-05,0.7642951713375289,0.1316476101527862
dim 103,103,0.23903997,Polarizability_group1_D100,-0.1246199964969812,0.00013103735920387945,-0.11252012818315138,0.0005592210415835889,0.0002177436715129141,0.0013144252490423555,0.012099868313829823
dim 103,103,0.23903997,Polarizability_group2_D0,0.07053370320277651,0.0308597894017683,0.03845501573954843,0.23959917577935388,0.040404428303373624,0.3102990488961,0.032078687463228076
dim 103,103,0.23903997,Polarizability_group2_D25,-0.1571717887573765,1.3330848989032823e-06,-0.009488714458934063,0.7717606302637712,2.6613888597351843e-06,0.8164968340452947,0.14768307429844243
dim 103,103,0.23903997,Polarizability_group2_D50,-0.18802682859227637,6.643038279090165e-09,-0.017399796677074572,0.5947640853739484,1.5735991384511453e-08,0.6622980702258963,0.1706270319152018
dim 103,103,0.23903997,Polarizability_group2_D75,-0.15176002191821036,3.066792752623358e-06,-0.09890810651051792,0.0024373262121895473,5.927712843612278e-06,0.005065755786380266,0.05285191540769245
dim 103,103,0.23903997,Polarizability_group2_D100,0.08308750931612187,0.010948068780437768,0.14514903501147228,8.165785141566186e-06,0.015110144515149646,2.6275262401571353e-05,-0.06206152569535041
dim 103,103,0.23903997,Polarizability_group3_D0,-0.09941975216995289,0.002313124461906335,-0.004984987067259419,0.8788793578772875,0.0034019531936447197,0.9032175554800432,0.09443476510269347
dim 103,103,0.23903997,Polarizability_group3_D25,-0.10320495477118215,0.0015594635532592352,-0.020660863316272246,0.5276079949707548,0.002339895897522842,0.6008219240376137,0.0825440914549099
dim 103,103,0.23903997,Polarizability_group3_D50,-0.14596405133587714,7.25356531001371e-06,-0.10268968027035438,0.0016466967912570716,1.3459393408580995e-05,0.0035324131552977645,0.04327437106552276
dim 103,103,0.23903997,Polarizability_group3_D75,-0.03147395362844576,0.3358565268334906,0.03125100815362546,0.3392925291702665,0.37668260564938166,0.41449782276104247,0.00022294547482029636
dim 103,103,0.23903997,Polarizability_group3_D100,0.05492166824125602,0.09291813399240821,-0.01074706255897442,0.7425012609597467,0.11387842453892102,0.7915589567844091,0.0441746056822816
dim 103,103,0.23903997,Charge_C1,0.12310763384323485,0.00015826502059633905,-0.0968454643820914,0.0030022792938323014,0.0002597568397011167,0.0061708386716306995,0.026262169461143445
dim 103,103,0.23903997,Charge_C2,-0.16882075979554342,2.0129733980591537e-07,0.14839368849799034,5.076217355157562e-06,4.304309314671942e-07,1.678669897646164e-05,0.020427071297553084
dim 103,103,0.23903997,Charge_C3,0.16068610525383584,7.642930664455683e-07,-0.14247425332558172,1.1992124469798326e-05,1.5555995380427777e-06,3.736352213537911e-05,0.018211851928254114
dim 103,103,0.23903997,Charge_T12,0.0785177411464554,0.016218206500474282,-0.09018986353060668,0.005732550299624495,0.021960289575110075,0.01110598491922611,-0.011672122384151273
dim 103,103,0.23903997,Charge_T13,0.17043009511681578,1.534072656655942e-07,-0.08365498199962557,0.010413412823422482,3.299293414829907e-07,0.018974794779176806,0.08677511311719022
dim 103,103,0.23903997,Charge_T23,0.15720330359597384,1.3265222280314705e-06,-0.122490065341878,0.00017084380653901695,2.6498709579097556e-06,0.0004423397781707881,0.03471323825409585
dim 103,103,0.23903997,Charge_group1_D0,-0.015025685152771502,0.6459792290072526,0.012420254761031167,0.7041704942551387,0.6814815618712015,0.7589317363059578,0.002605430391740335
dim 103,103,0.23903997,Charge_group1_D25,-0.043412677325605976,0.18426601627640396,0.05659489168320353,0.08336782815257704,0.2162503493897362,0.12196607360035361,-0.013182214357597553
dim 103,103,0.23903997,Charge_group1_D50,-0.040225072570677915,0.2186364198134627,-0.02057810549280127,0.5292633191481033,0.2533815552314245,0.60209110557039,0.019646967077876644
dim 103,103,0.23903997,Charge_group1_D75,-0.019701695948453123,0.5469536126822715,0.05561824708088706,0.08884079375831822,0.5866490258056477,0.12934971715465685,-0.03591655113243393
dim 103,103,0.23903997,Charge_group1_D100,0.06484264890603877,0.0472221784209011,0.02846318634072512,0.3841450020467257,0.06008460035268941,0.459707741610915,0.03637946256531366
dim 103,103,0.23903997,Charge_group2_D0,0.03363640045892895,0.3036948584399495,0.03120599914900268,0.3399889229329468,0.3439609451303599,0.41504495708919675,0.0024304013099262674
dim 103,103,0.23903997,Charge_group2_D25,0.10433448534225305,0.0013829065461704838,-0.0038780558632005857,0.9056310540576521,0.002086227580943729,0.9250176515451247,0.10045642947905246
dim 103,103,0.23903997,Charge_group2_D50,0.0986109164145692,0.002512237175098989,0.11574054889612267,0.00038511607586372184,0.0036882954570684064,0.0009320925314382834,-0.01712963248155347
dim 103,103,0.23903997,Charge_group2_D75,0.022886610980728358,0.48409838752947787,0.00328450493180666,0.9200218032120504,0.5261596532211051,0.9362805675588813,0.019602106048921698
dim 103,103,0.23903997,Charge_group2_D100,-0.11448834537099754,0.00044572930413267387,0.0024927516260577725,0.9392579732046831,0.0007019028174460777,0.9520854720800126,0.11199559374493977
dim 103,103,0.23903997,Charge_group3_D0,0.08102015278008377,0.013107589673670261,0.08287818299128218,0.011151355314428684,0.017942356356581424,0.02012184049172977,-0.0018580302111984026
dim 103,103,0.23903997,Charge_group3_D25,-0.14276569760042923,1.1504168770227918e-05,-0.01216720385982363,0.7099224366358016,2.0916670491323484e-05,0.7636524761235354,0.13059849374060561
dim 103,103,0.23903997,Charge_group3_D50,-0.046805401800886076,0.15225637776132595,-0.04143512373649876,0.20508408133473138,0.1803320218875279,0.27224993309141604,0.005370278064387314
dim 103,103,0.23903997,Charge_group3_D75,-0.023894343167170862,0.46505730490381497,-0.04547375200760315,0.16427586441216754,0.5064530154479107,0.2254237416337878,-0.02157940884043229
dim 103,103,0.23903997,Charge_group3_D100,0.06377171202559528,0.05100211156658816,-0.04667673132944311,0.153387742178301,0.06452539872439562,0.21275542312106535,0.017094980696152173
dim 103,103,0.23903997,SecondaryStructure_C1,0.14522716748898162,8.073799762678831e-06,-0.1987451244660631,8.41590530721711e-10,1.488216954047864e-05,4.163562425702806e-09,-0.05351795697708148
dim 103,103,0.23903997,SecondaryStructure_C2,0.042275150702366,0.19604140858680225,0.19846155999625076,8.902221708150697e-10,0.22910367553531125,4.3854602515078654e-09,-0.15618640929388475
dim 103,103,0.23903997,SecondaryStructure_C3,-0.22657890276667647,2.2524114822273288e-12,0.11000876284216686,0.0007430915433859893,6.5991704830169104e-12,0.0017093152582019313,0.11657013992450961
dim 103,103,0.23903997,SecondaryStructure_T12,0.18732781675658433,7.570319023282143e-09,-0.04883277848855326,0.1352568112204473,1.7806243336452365e-08,0.1895752200907654,0.13849503826803106
dim 103,103,0.23903997,SecondaryStructure_T13,0.05721725721333155,0.08002472796949431,-0.151748279430453,3.0722468552314456e-06,0.09899355237707815,1.0428154976090476e-05,-0.09453102221712145
dim 103,103,0.23903997,SecondaryStructure_T23,-0.12910627200444116,7.391319479355398e-05,0.19453233729342714,1.9224903669503247e-09,0.0001256975919605246,9.212507640766263e-09,-0.06542606528898598
dim 103,103,0.23903997,SecondaryStructure_group1_D0,-0.01681647257799752,0.6071757101141243,0.026225471137639383,0.42264555137474275,0.645232857709569,0.4995173890982451,-0.009408998559641862
dim 103,103,0.23903997,SecondaryStructure_group1_D25,0.055214319589229205,0.09118722921494535,0.03782480648093649,0.24739374394804803,0.11197255352129319,0.31854090392693923,0.017389513108292717
dim 103,103,0.23903997,SecondaryStructure_group1_D50,0.06404475811118286,0.05001512804045732,-0.026931667653299095,0.410258091963065,0.06334870218245257,0.48590852026831105,0.03711309045788377
dim 103,103,0.23903997,SecondaryStructure_group1_D75,0.16844409205816777,2.144338792828849e-07,0.07858803326738716,0.016122681033699945,4.5734939770423726e-07,0.028017562254192413,0.08985605879078061
dim 103,103,0.23903997,SecondaryStructure_group1_D100,0.11933839680930364,0.00025101941834457974,0.019478777744738496,0.5514993793884148,0.00040525512958202256,0.6227207326427672,0.09985961906456514
dim 103,103,0.23903997,SecondaryStructure_group2_D0,-0.0680248540166712,0.03735122597390618,-0.019577163989339636,0.5494907949626595,0.04822307489479963,0.62129290967342,0.04844769002733157
dim 103,103,0.23903997,SecondaryStructure_group2_D25,-0.07629136036545245,0.01951206785198289,-0.13757580731338775,2.381512532850246e-05,0.02616230695528818,7.08935103361838e-05,-0.061284446947935306
dim 103,103,0.23903997,SecondaryStructure_group2_D50,-0.06781650884857003,0.03793901634556433,-0.05699598279473914,0.08120064321373205,0.04892521799003277,0.1192656764880673,0.010820526053830888
dim 103,103,0.23903997,SecondaryStructure_group2_D75,-0.2131907963526453,4.307489078056137e-11,-0.1302659781945543,6.35487904115697e-05,1.1773333486667346e-10,0.00017761753972773454,0.082924818158091
dim 103,103,0.23903997,SecondaryStructure_group2_D100,-0.04694530252444515,0.15103347728048627,0.0024638904449426962,0.9399599123351288,0.1790105798853173,0.9525079208735832,0.04448141207950245
dim 103,103,0.23903997,SecondaryStructure_group3_D0,0.11592163903894687,0.0003770157808177674,0.05388933282319468,0.0992351262805306,0.0005976424812203812,0.1423418619453975,0.06203230621575219
dim 103,103,0.23903997,SecondaryStructure_group3_D25,0.08426650353742751,0.009863338796271331,0.07778549235651706,0.017243225794794884,0.01367519783293742,0.029671496215669713,0.006481011180910448
dim 103,103,0.23903997,SecondaryStructure_group3_D50,-0.008545313215904831,0.7939139623425044,0.09346436668560104,0.004190710186767939,0.8146459705757187,0.008336493164862964,-0.0849190534696962
dim 103,103,0.23903997,SecondaryStructure_group3_D75,-0.03478513171496036,0.28746947522993044,-0.00021784606214191558,0.9946865542057968,0.3266920882163891,0.9955807884469168,0.03456728565281844
dim 103,103,0.23903997,SecondaryStructure_group3_D100,-0.06284033970009648,0.05449205290295534,0.01302785114346773,0.6904289358017436,0.06857703718759263,0.7474984264433787,0.049812488556628745
dim 103,103,0.23903997,SolventAccessibility_C1,-0.0020677500414786882,0.9495990041567017,-0.06772684132741448,0.03819439670384901,0.9558953206399589,0.061008744615425964,-0.06565909128593579
dim 103,103,0.23903997,SolventAccessibility_C2,0.3438220112632859,2.158174984152346e-27,0.08924032129148501,0.0062665897437768755,1.083955555950201e-26,0.012049746542437975,0.25458168997180086
dim 103,103,0.23903997,SolventAccessibility_C3,-0.34113136325181587,5.7722136729929576e-27,-0.02425581009211679,0.45833008933781066,2.864664735185212e-26,0.5335735442273571,0.31687555315969906
dim 103,103,0.23903997,SolventAccessibility_T12,0.3274875389020621,7.3129217551906115e-25,0.020628736024461462,0.5282502927904006,3.425688451940623e-24,0.6013483223994335,0.30685880287760064
dim 103,103,0.23903997,SolventAccessibility_T13,-0.28196819222085384,1.382910666252261e-18,-0.05753672114610852,0.07835141596771597,5.345974103336286e-18,0.11548708267086114,0.22443147107474531
dim 103,103,0.23903997,SolventAccessibility_T23,0.016519792656624812,0.6135322642683331,0.027721564101661947,0.39666084219238507,0.6507455581633003,0.4724847406999166,-0.011201771445037135
dim 103,103,0.23903997,SolventAccessibility_group1_D0,0.05142499168322806,0.11569981458023147,0.040961006412274556,0.21031959563931707,0.1395584617905284,0.2775454166081861,0.010463985270953505
dim 103,103,0.23903997,SolventAccessibility_group1_D25,0.0338723137453984,0.30031406370604036,-0.10756291279619094,0.0009747105763643252,0.3404782663877036,0.002192278333371614,-0.07369059905079255
dim 103,103,0.23903997,SolventAccessibility_group1_D50,0.13323641312636939,4.2907915841232056e-05,-0.013635383967749262,0.6767899250602857,7.421669544780687e-05,0.7360724030287704,0.11960102915862013
dim 103,103,0.23903997,SolventAccessibility_group1_D75,0.07851615366499033,0.01622036957538819,-0.06568291636344019,0.04442366856967188,0.021960289575110075,0.06998823255787928,0.012833237301550143
dim 103,103,0.23903997,SolventAccessibility_group1_D100,-0.06578937702224702,0.044079282135711134,-0.06173177181443752,0.05890295118553357,0.056278594164096016,0.09003929380305818,0.004057605207809498
dim 103,103,0.23903997,SolventAccessibility_group2_D0,-0.022629993052988902,0.4890137450678884,-0.03904003223414046,0.23251977737214694,0.5301220086097849,0.30218523596224545,-0.016410039181151557
dim 103,103,0.23903997,SolventAccessibility_group2_D25,-0.22377256822631264,4.247748222922797e-12,0.04094591004722141,0.21048787147692402,1.2126050482531748e-11,0.277548160573599,0.18282665817909122
dim 103,103,0.23903997,SolventAccessibility_group2_D50,-0.1340317099322263,3.857058538012037e-05,-0.0048537830044975295,0.8820436293350085,6.678369889559464e-05,0.9053551696308938,0.12917792692772875
dim 103,103,0.23903997,SolventAccessibility_group2_D75,-0.1179814521880626,0.00029540941407709445,0.033027263278087804,0.3125405322176585,0.0004736761608341313,0.38748529235596857,0.08495418890997479
dim 103,103,0.23903997,SolventAccessibility_group2_D100,0.19794352381703584,9.86226526245131e-10,0.08036189706730713,0.013870058928506655,2.469262816835635e-09,0.02443354262722164,0.1175816267497287
dim 103,103,0.23903997,SolventAccessibility_group3_D0,-0.1214441540292891,0.00019431196692120827,-0.010194636512255141,0.7553034851301422,0.0003168954929281424,0.8028883255258837,0.11124951751703396
dim 103,103,0.23903997,SolventAccessibility_group3_D25,0.07294503388772727,0.02555716912028069,0.07452841332705927,0.02252023954164453,0.03381970874078348,0.037665297981518644,-0.0015833794393319972
dim 103,103,0.23903997,SolventAccessibility_group3_D50,-0.01699372869570151,0.6033919529295328,0.044988277003013374,0.1688308905121924,0.6414160161631571,0.2306319731332199,-0.027994548307311864
dim 103,103,0.23903997,SolventAccessibility_group3_D75,0.050853418763892565,0.11980919497176404,0.018994934397500236,0.5614292863679682,0.14389273958134197,0.6320100493660309,0.031858484366392326
dim 103,103,0.23903997,SolventAccessibility_group3_D100,-0.1288350451126186,7.655763527447664e-05,-0.016538814573047674,0.6131238292706168,0.00012986414515833011,0.6789899170304576,0.11229623053957091
dim 582,582,0.19834825,AAC_A,0.3610561236911238,3.1381110302191717e-30,0.32232661398167234,4.2867054079879226e-24,1.7042749334848835e-29,5.342386590552113e-23,0.03872950970945144
dim 582,582,0.19834825,AAC_C,-0.029130390489148512,0.37309375330176425,-0.08060140208716017,0.01358822635359179,0.41454861477973803,0.02400035749391675,-0.05147101159801166
dim 582,582,0.19834825,AAC_D,-0.2184875612847513,1.3711554516473044e-11,-0.12204096432500439,0.00018057441235628808,3.8323508020937213e-11,0.00046501043737085754,0.09644659695974692
dim 582,582,0.19834825,AAC_E,-0.3506484150882845,1.7028940681212733e-28,-0.1502798502623656,3.832660440864519e-06,8.790828728786789e-28,1.2826739351189874e-05,0.2003685648259189
dim 582,582,0.19834825,AAC_F,-0.2804184883973758,2.1640588435527177e-18,-0.23019611792744984,9.819811096554784e-13,8.327138868048477e-18,6.073735011572774e-12,0.050222370469925975
dim 582,582,0.19834825,AAC_G,0.21593230738465782,2.39069131861387e-11,0.13420143692278053,3.7700369441946675e-05,6.599098350553987e-11,0.00010911545401741931,0.0817308704618773
dim 582,582,0.19834825,AAC_H,-0.1730507260003578,9.802103168785195e-08,0.036718706276568015,0.2614992367516496,2.1314469130040723e-07,0.3337437717808596,0.1363320197237898
dim 582,582,0.19834825,AAC_I,-0.3974544772641001,8.041110606389283e-37,-0.3121314844923675,1.2767069314404293e-22,5.2868719341220876e-36,1.4653612202787058e-21,0.08532299277173261
dim 582,582,0.19834825,AAC_K,-0.5515408648657856,1.0865142722963977e-75,-0.4465896053304098,3.98780102607047e-47,2.3412630125612702e-74,1.331925542707537e-45,0.10495125953537576
dim 582,582,0.19834825,AAC_L,-0.025613497273491763,0.4335550537188302,0.16641263136931522,3.008268517566345e-07,0.4752457759832271,1.1496129117473218e-06,-0.14079913409582345
dim 582,582,0.19834825,AAC_M,-0.3704288537857961,7.563250888234046e-32,-0.28408433860688886,7.468745591271448e-19,4.318163754991746e-31,6.987565903318387e-18,0.08634451517890723
dim 582,582,0.19834825,AAC_N,-0.2589462109134177,8.036868618974477e-16,-0.2942121740002868,3.636890174431016e-20,2.7845582144579614e-15,3.572709759588116e-19,-0.035265963086869134
dim 582,582,0.19834825,AAC_P,0.5706055841357128,4.795979668167784e-82,0.4409257103559068,7.535244899681138e-46,1.4051379027789823e-80,2.41997288124375e-44,0.12967987377980605
dim 582,582,0.19834825,AAC_Q,-0.15147213133688772,3.2032217666981716e-06,-0.11904466086775224,0.00026006270281626615,6.184254740330574e-06,0.0006496704767437016,0.03242747046913548
dim 582,582,0.19834825,AAC_R,0.5163612604860399,5.508802869394837e-65,0.5201979477802768,4.3038555699422975e-66,8.557861201757562e-64,5.13388485843117e-64,-0.003836687294236918
dim 582,582,0.19834825,AAC_S,0.19621327722261403,1.3856855636930689e-09,-0.05363790713064046,0.10082432121965713,3.4410332957136434e-09,0.1443434345793634,0.14257537009197357
dim 582,582,0.19834825,AAC_T,0.3476946419267351,5.149401774895082e-28,0.1299183270597733,6.650197348315878e-05,2.6338440931316343e-27,0.00018570146889322048,0.2177763148669618
dim 582,582,0.19834825,AAC_V,0.16403181696911784,4.450134661388119e-07,0.19915660265903914,7.755925950768039e-10,9.214785969644338e-07,3.8606248398755965e-09,-0.035124785689921306
dim 582,582,0.19834825,AAC_W,0.1340324514949752,3.8566742203948986e-05,0.07703238492211519,0.018356188700853364,6.678369889559464e-05,0.03132839563661228,0.05700006657286001
dim 582,582,0.19834825,AAC_Y,-0.4133372769630775,5.746867621747904e-40,-0.4300194158488957,1.852864640820601e-43,4.118999540051073e-39,5.381363391600701e-42,-0.01668213888581821
dim 582,582,0.19834825,Hydrophobicity_C1,-0.4835182087641143,4.604057524969871e-56,-0.32249564633250444,4.047655013355601e-24,5.212729536745549e-55,5.063358705845583e-23,0.16102256243160984
dim 582,582,0.19834825,Hydrophobicity_C2,0.46043708666579564,2.3820620447176807e-50,0.2728608435234091,1.8457538602958707e-17,2.1857382498233664e-49,1.6096130269943103e-16,0.18757624314238652
dim 582,582,0.19834825,Hydrophobicity_C3,-0.3136732689499293,7.706137791643987e-23,-0.11720062936069794,0.0003241766946617023,3.4045635217051475e-22,0.0007973123418041868,0.19647263958923136
dim 582,582,0.19834825,Hydrophobicity_T12,-0.09657228848992223,0.0030854446925010406,-0.054514976027691474,0.09536715195348323,0.004500168241464399,0.13741427416938481,0.04205731246223076
dim 582,582,0.19834825,Hydrophobicity_T13,-0.3910625957756709,1.3302266385182564e-35,-0.19483628038448667,1.8123635670184109e-09,8.320144143541153e-35,8.722326100636156e-09,0.1962263153911842
dim 582,582,0.19834825,Hydrophobicity_T23,0.26358659123009937,2.340048446793316e-16,0.19075099049912184,3.973317116532331e-09,8.350172876377858e-16,1.8483118620080758e-08,0.07283560073097753
dim 582,582,0.19834825,Hydrophobicity_group1_D0,-0.053861890585082874,0.0994076051480387,-0.05124941625356421,0.1169501877617155,0.12108730896952927,0.16586565907606357,0.0026124743315186633
dim 582,582,0.19834825,Hydrophobicity_group1_D25,0.2037455535448829,3.0827444860450963e-10,-0.016330141729130845,0.6176109476134342,7.987871670590088e-10,0.6829234074087398,0.18741541181575205
dim 582,582,0.19834825,Hydrophobicity_group1_D50,0.1271682523475104,9.487449988538001e-05,0.01899580518186408,0.5614113380066144,0.00015907672169536609,0.6320100493660309,0.10817244716564631
dim 582,582,0.19834825,Hydrophobicity_group1_D75,0.04312809379150512,0.1871617239488501,-0.09392155566713555,0.004008314102161502,0.2191865911602943,0.008035875811056073,-0.05079346187563043
dim 582,582,0.19834825,Hydrophobicity_group1_D100,-0.18610077218262433,9.510594881356995e-09,-0.08509439972829344,0.009159861086259683,2.222910210198206e-08,0.01689339372065563,0.10100637245433089
dim 582,582,0.19834825,Hydrophobicity_group2_D0,-0.26340959185758367,2.4539160438872587e-16,-0.19802576431384225,9.703392115233645e-10,8.747150039043164e-16,4.759079245944255e-09,0.06538382754374142
dim 582,582,0.19834825,Hydrophobicity_group2_D25,-0.2404090609027542,8.726980764428093e-14,-0.055016127980157176,0.09235659116207906,2.731782169933442e-13,0.13353723570620957,0.18539293292259704
dim 582,582,0.19834825,Hydrophobicity_group2_D50,-0.13220155051139515,4.924607853013283e-05,-0.04250393234561466,0.19362994638877806,8.478448571682663e-05,0.2593119570723812,0.08969761816578048
dim 582,582,0.19834825,Hydrophobicity_group2_D75,-0.1113071729205437,0.0006419857266027695,-0.005844238527520417,0.8582066186397541,0.001000575047528348,0.8868843150546963,0.10546293439302329
dim 582,582,0.19834825,Hydrophobicity_group2_D100,0.1426492974171632,1.1696740040728255e-05,0.08195651900973308,0.012086784555144623,2.1243671417092103e-05,0.02158944177810455,0.06069277840743012
dim 582,582,0.19834825,Hydrophobicity_group3_D0,0.22987231331566016,1.0583468889967299e-12,0.09565710710187708,0.0033795731247308254,3.167453950940034e-12,0.006878594903474075,0.13421520621378308
dim 582,582,0.19834825,Hydrophobicity_group3_D25,0.26715534691554793,8.909504360682319e-17,0.11506334829492408,0.0004168690430375293,3.220535126047505e-16,0.001001685326435502,0.15209199862062384
dim 582,582,0.19834825,Hydrophobicity_group3_D50,0.195964113234156,1.4548637716333832e-09,0.1276152605687667,8.959341555181841e-05,3.602108967572646e-09,0.00024427919015761104,0.06834885266538929
dim 582,582,0.19834825,Hydrophobicity_group3_D75,0.04985710908894866,0.12724410204410644,0.03205091187319311,0.3270687540569192,0.15227348650208367,0.40209657355921025,0.017806197215755548
dim 582,582,0.19834825,Hydrophobicity_group3_D100,0.11708274421356886,0.00032874074684659775,0.10805264298630105,0.0009235737741384114,0.0005251047797549672,0.002088514831159305,0.009030101227267814
dim 582,582,0.19834825,NormVanDerWaalsVolume_C1,0.47782594383882593,1.297568873328313e-54,0.2986874646086826,9.19789555241203e-21,1.380216572266422e-53,9.452606506171131e-20,0.1791384792301433
dim 582,582,0.19834825,NormVanDerWaalsVolume_C2,-0.3929599353516059,5.820881667933129e-36,-0.20164095621330727,4.719345438187715e-10,3.6751880474284783e-35,2.3991801770999953e-09,0.19131897913829862
dim 582,582,0.19834825,NormVanDerWaalsVolume_C3,-0.4371940874330803,5.0691278299520645e-45,-0.2951443715492498,2.736753393094364e-20,4.1497271941274257e-44,2.720463194325945e-19,0.14204971588383053
dim 582,582,0.19834825,NormVanDerWaalsVolume_T12,0.24961358732492925,8.929177879686687e-15,0.17208882510006582,1.1562840469723858e-07,2.9734251364061354e-14,4.603085479008068e-07,0.07752476222486343
dim 582,582,0.19834825,NormVanDerWaalsVolume_T13,-0.08541090421281126,0.008902966795325137,-0.08214008151638372,0.01189512586363046,0.012405468959693767,0.021348586987923555,0.003270822696427547
dim 582,582,0.19834825,NormVanDerWaalsVolume_T23,-0.41580258106569623,1.8019059343014145e-40,-0.2553859081096621,2.0372219940014e-15,1.3256312380102917e-39,1.5534980502202456e-14,0.16041667295603412
dim 582,582,0.19834825,NormVanDerWaalsVolume_group1_D0,-0.28555960851748535,4.845805599009443e-19,-0.2236977089515721,4.319742475466706e-12,1.8996467958558144e-18,2.5810268100284074e-11,0.06186189956591326
dim 582,582,0.19834825,NormVanDerWaalsVolume_group1_D25,-0.18470740694883564,1.2300688493262015e-08,-0.024891669066258438,0.4466294984363057,2.8590326769307677e-08,0.5219532976827366,0.1598157378825772
dim 582,582,0.19834825,NormVanDerWaalsVolume_group1_D50,-0.14689793044097102,6.327928258210077e-06,-0.0962397276200291,0.0031895175053197273,1.1867086121516931e-05,0.006511674583887375,0.050658202820941925
dim 582,582,0.19834825,NormVanDerWaalsVolume_group1_D75,-0.1367086263927547,2.6826746238487606e-05,-0.04486693480089382,0.1699840405262232,4.733298068491738e-05,0.2315443292649207,0.09184169159186087
dim 582,582,0.19834825,NormVanDerWaalsVolume_group1_D100,0.16846458027363775,2.136985530147501e-07,0.1130701994643347,0.0005250577435601472,4.5607231122636765e-07,0.0012402354055805456,0.05539438080930305
dim 582,582,0.19834825,NormVanDerWaalsVolume_group2_D0,0.022232399503101942,0.4966821121497595,0.003954475744504259,0.903780385254952,0.5375626230007118,0.9239750495107253,0.018277923758597683
dim 582,582,0.19834825,NormVanDerWaalsVolume_group2_D25,0.2506284573681361,6.9047907995074816e-15,0.10738005260330868,0.0009944666337378953,2.310821770576652e-14,0.0022307042019372534,0.14324840476482742
dim 582,582,0.19834825,NormVanDerWaalsVolume_group2_D50,0.20446480836020756,2.662405102833328e-10,0.1826807818801357,1.7819879009987085e-08,6.936375228910543e-10,7.821076989928628e-08,0.021784026480071855
dim 582,582,0.19834825,NormVanDerWaalsVolume_group2_D75,0.12654117056756373,0.0001027793941642552,0.13110654717411147,5.691225550534837e-05,0.00017207176767348992,0.000160818048551492,-0.004565376606547739
dim 582,582,0.19834825,NormVanDerWaalsVolume_group2_D100,-0.03738119090864322,0.2529856992996158,0.030187047695073688,0.355998778065933,0.2895723905622744,0.432376697723715,0.00719414321356953
dim 582,582,0.19834825,NormVanDerWaalsVolume_group3_D0,0.006108920104738724,0.851857470301113,-0.0862417669026565,0.008258897372123116,0.867969478586247,0.015401852162418319,-0.08013284679791778
dim 582,582,0.19834825,NormVanDerWaalsVolume_group3_D25,-0.032093243899807486,0.32642990953014434,-0.12078083426969045,0.00021072837103360952,0.36672583176275886,0.0005356413692939541,-0.08868759036988297
dim 582,582,0.19834825,NormVanDerWaalsVolume_group3_D50,0.014588366802417239,0.6556086619654536,-0.04212744222729014,0.19760995098582337,0.690114381016267,0.2636904659579105,-0.0275390754248729
dim 582,582,0.19834825,NormVanDerWaalsVolume_group3_D75,-0.016614316966301643,0.6115038395943672,-0.0745754990342169,0.022434941806020996,0.6488001347665776,0.03756025344967927,-0.05796118206791526
dim 582,582,0.19834825,NormVanDerWaalsVolume_group3_D100,-0.09472631540973298,0.0037046509898931005,-0.04589999989196682,0.16035328948609487,0.0053518746999320745,0.22090805107722464,0.04882631551776616
dim 582,582,0.19834825,Polarity_C1,-0.4553739677347043,3.740440510336647e-49,-0.2973863880235996,1.3751519655429862e-20,3.3493488752076145e-48,1.4088980260471085e-19,0.15798757971110466
dim 582,582,0.19834825,Polarity_C2,0.5106040253795371,2.3778593564981758e-63,0.3341494628307565,7.089155940181795e-26,3.453065326393003e-62,9.50914893181012e-25,0.17645456254878056
dim 582,582,0.19834825,Polarity_C3,-0.4726976532016784,2.4903233869338656e-53,-0.2895028653708162,1.505422672139669e-19,2.54363306188352e-52,1.4448596910765787e-18,0.18319478783086218
dim 582,582,0.19834825,Polarity_T12,0.2866465620768216,3.517386363733908e-19,0.1434645538392889,1.0410010652574507e-05,1.3886608102684696e-18,3.2863360661246555e-05,0.1431820082375327
dim 582,582,0.19834825,Polarity_T13,-0.45981998942308866,3.340389286385003e-50,-0.26924740711102524,5.024119083371438e-17,3.0566849908290165e-49,4.248242465433064e-16,0.19057258231206342
dim 582,582,0.19834825,Polarity_T23,0.1670355910601128,2.7128093616527284e-07,0.15837567180981327,1.1032772184763966e-06,5.734672954379818e-07,3.983725307795854e-06,0.00865991925029952
dim 582,582,0.19834825,Polarity_group1_D0,0.151786163310917,3.0546839882586107e-06,0.04940241767898859,0.13075414698310195,5.907726995242478e-06,0.1837269040486161,0.1023837456319284
dim 582,582,0.19834825,Polarity_group1_D25,0.17464525230704733,7.438868951608922e-08,0.043566977362977384,0.18270988669204988,1.6367471869811463e-07,0.24636698488148834,0.13107827494406996
dim 582,582,0.19834825,Polarity_group1_D50,0.16436385255853164,4.2150431091732247e-07,0.10330632300999001,0.0015428107544795328,8.749685509408682e-07,0.003322364874249929,0.06105752954854163
dim 582,582,0.19834825,Polarity_group1_D75,0.07005313035818833,0.03202244174320237,0.012922886219124654,0.6927957349942087,0.04189383291120091,0.7494333635896357,0.057130244139063674
dim 582,582,0.19834825,Polarity_group1_D100,-0.04547666889671141,0.16424877849979425,-0.04366444579582357,0.1817319341687054,0.1939169035663884,0.2451472779173974,0.0018122231008878414
dim 582,582,0.19834825,Polarity_group2_D0,-0.2734519328364485,1.564622673566257e-17,-0.20634636176176022,1.8097825449939511e-10,5.852004176608398e-17,9.474410188526326e-10,0.06710557107468826
dim 582,582,0.19834825,Polarity_group2_D25,-0.1922375429361387,2.9920015004301787e-09,0.005028453683276189,0.8778314891068298,7.267843644681306e-09,0.902696174143107,0.1872090892528625
dim 582,582,0.19834825,Polarity_group2_D50,-0.14040527225539254,1.6067812498891627e-05,-0.025555310239724155,0.43460073511247904,2.8791037417541863e-05,0.5109350423356847,0.11484996201566838
dim 582,582,0.19834825,Polarity_group2_D75,-0.08879589144296558,0.006531577080698724,0.03340209577065614,0.3070774956330499,0.009239926916363295,0.3827010579904428,0.05539379567230944
dim 582,582,0.19834825,Polarity_group2_D100,0.12898992275849602,7.503684947058204e-05,0.09405355411440958,0.0039570086084980485,0.00012747867610973755,0.00794255333676892,0.034936368644086446
dim 582,582,0.19834825,Polarity_group3_D0,-0.055440422834170014,0.08986772903468127,-0.07791289601302773,0.017060907483789543,0.11043348601024115,0.029433590390422044,-0.022472473178857713
dim 582,582,0.19834825,Polarity_group3_D25,0.2240991634033389,3.9471525027931595e-12,-0.025879329692671368,0.42879628351121196,1.1306594647795156e-11,0.5051779848068599,0.19821983371066754
dim 582,582,0.19834825,Polarity_group3_D50,0.14885359671876963,4.741548904464465e-06,0.009932993243739108,0.7613906909559446,9.008403493123613e-06,0.8078287508871839,0.13892060347503052
dim 582,582,0.19834825,Polarity_group3_D75,0.025205087748194025,0.44092523579507015,-0.11077241922092834,0.0006819712597772517,0.48253285961845815,0.001583994442041739,-0.08556733147273432
dim 582,582,0.19834825,Polarity_group3_D100,-0.1787450000834917,3.6173391183769136e-08,-0.09182090518232049,0.004910120163303225,8.146940428441599e-08,0.00966399607862862,0.08692409490117121
dim 582,582,0.19834825,Polarizability_C1,0.39624938901833956,1.3712496110293836e-36,0.2180976615774564,1.4932113833021463e-11,8.875918024880118e-36,8.539439018603494e-11,0.17815172744088317
dim 582,582,0.19834825,Polarizability_C2,-0.21343254412895837,4.090861841052654e-11,-0.05085778192940916,0.11977739885328043,1.1208760089512605e-10,0.16944367309189184,0.16257476219954922
dim 582,582,0.19834825,Polarizability_C3,-0.4371940874330803,5.0691278299520645e-45,-0.2951443715492498,2.736753393094364e-20,4.1497271941274257e-44,2.720463194325945e-19,0.14204971588383053
dim 582,582,0.19834825,Polarizability_T12,0.40683645432062987,1.1685245048953591e-38,0.2333008311549837,4.761511006707542e-13,8.047158446083504e-38,3.0006503325289038e-12,0.17353562316564616
dim 582,582,0.19834825,Polarizability_T13,-0.16546516852841617,3.5178913575703367e-07,-0.1588909002330984,1.01701914290693e-06,7.362003216970503e-07,3.6882127440924496e-06,0.0065742682953177645
dim 582,582,0.19834825,Polarizability_T23,-0.36401757656699724,9.800256042478678e-31,-0.19999079633979946,6.568976862698018e-10,5.419346884417017e-30,3.304274506236653e-09,0.16402678022719777
dim 582,582,0.19834825,Polarizability_group1_D0,-0.27821792868750655,4.0673726432328305e-18,-0.22940336138916761,1.1793567898874112e-12,1.5561311143639923e-17,7.254238818091995e-12,0.04881456729833894
dim 582,582,0.19834825,Polarizability_group1_D25,-0.22435210568023065,3.728750266899802e-12,-0.07126401499131518,0.0291622781921792,1.0699334958286374e-11,0.04779582039092628,0.15308809068891546
dim 582,582,0.19834825,Polarizability_group1_D50,-0.20753301472117325,1.4160236738012181e-10,-0.08698536679497192,0.0077181163829869205,3.732848516571483e-10,0.014564129219873623,0.12054764792620133
dim 582,582,0.19834825,Polarizability_group1_D75,-0.11095311778315606,0.000668208180380272,0.0037045768393329883,0.9098340989412366,0.0010409586392118044,0.9270426755533039,0.10724854094382306
dim 582,582,0.19834825,Polarizability_group1_D100,0.10886356039274046,0.0008443246116142846,0.09373093132771528,0.004083470916889393,0.0013019594657394786,0.008152296988888568,0.015132629065025188
dim 582,582,0.19834825,Polarizability_group2_D0,-0.08043652758969108,0.01378169132798713,-0.05404742432913774,0.09824613416222697,0.01880345140338113,0.14107570425702412,0.02638910326055334
dim 582,582,0.19834825,Polarizability_group2_D25,0.25958662265279164,6.788366646320996e-16,0.15534267247848618,1.7722850575128315e-06,2.3593282620928333e-15,6.217890853038716e-06,0.10424395017430546
dim 582,582,0.19834825,Polarizability_group2_D50,0.30101575715042656,4.455467229918341e-21,0.18194638327879498,2.0360751720724032e-08,1.862485675585389e-20,8.831806590547827e-08,0.11906937387163158
dim 582,582,0.19834825,Polarizability_group2_D75,0.13237994813192344,4.809370726307421e-05,0.08322268605754365,0.010818545979632914,8.284320900395456e-05,0.019648691447511656,0.04915726207437979
dim 582,582,0.19834825,Polarizability_group2_D100,0.07371109432621122,0.024046319796468776,0.046790024257468456,0.15239125369032996,0.031896230389279474,0.2115489556632178,0.02692107006874276
dim 582,582,0.19834825,Polarizability_group3_D0,0.006108920104738724,0.851857470301113,-0.0862417669026565,0.008258897372123116,0.867969478586247,0.015401852162418319,-0.08013284679791778
dim 582,582,0.19834825,Polarizability_group3_D25,-0.032093243899807486,0.32642990953014434,-0.12078083426969045,0.00021072837103360952,0.36672583176275886,0.0005356413692939541,-0.08868759036988297
dim 582,582,0.19834825,Polarizability_group3_D50,0.014588366802417239,0.6556086619654536,-0.04212744222729014,0.19760995098582337,0.690114381016267,0.2636904659579105,-0.0275390754248729
dim 582,582,0.19834825,Polarizability_group3_D75,-0.016614316966301643,0.6115038395943672,-0.0745754990342169,0.022434941806020996,0.6488001347665776,0.03756025344967927,-0.05796118206791526
dim 582,582,0.19834825,Polarizability_group3_D100,-0.09472631540973298,0.0037046509898931005,-0.04589999989196682,0.16035328948609487,0.0053518746999320745,0.22090805107722464,0.04882631551776616
dim 582,582,0.19834825,Charge_C1,-0.209698297267165,9.015524458645548e-11,-0.04908032421903151,0.13328562701719673,2.4089481353500903e-10,0.1871265213272119,0.16061797304813347
dim 582,582,0.19834825,Charge_C2,0.3434716321952687,2.4544931002292024e-27,0.14170382231160808,1.3378805347613385e-05,1.2290864999648479e-26,4.145195719947004e-05,0.20176780988366064
dim 582,582,0.19834825,Charge_C3,-0.361160479119513,3.012646639593886e-30,-0.17486418130921863,7.160950444372837e-08,1.6388012664891824e-29,2.9061451378135205e-07,0.18629629781029436
dim 582,582,0.19834825,Charge_T12,-0.1152980860435899,0.00040559592076645535,0.01577844954424961,0.6295425329701828,0.000640212842797713,0.6941802773589998,0.09951963649934029
dim 582,582,0.19834825,Charge_T13,-0.3255536518865534,1.4243792322339927e-24,-0.15802029105624643,1.166824839661848e-06,6.6167268924360716e-24,4.204093812805364e-06,0.16753336083030695
dim 582,582,0.19834825,Charge_T23,-0.31582401760027173,3.79157338549601e-23,-0.13202251556990507,5.042880655636834e-05,1.6952951951213754e-22,0.00014408230444676667,0.18380150203036666
dim 582,582,0.19834825,Charge_group1_D0,0.013210006095703384,0.6863287947024054,-0.00955210813519547,0.7702784138089794,0.7172167982722644,0.8154452938580004,0.0036578979605079148
dim 582,582,0.19834825,Charge_group1_D25,0.06609915436703295,0.04308996729843884,-0.012255999511248167,0.7079021780820189,0.05518423726103747,0.7624615526584789,0.05384315485578479
dim 582,582,0.19834825,Charge_group1_D50,0.029527980722534916,0.3666027090107192,0.011214424249048817,0.7317254625095174,0.40801501102825793,0.7825690185020135,0.0183135564734861
dim 582,582,0.19834825,Charge_group1_D75,-0.04009924335578157,0.22008171502202742,-0.10962836167676239,0.0007753976061245935,0.25487965609347146,0.0017742663753763873,-0.06952911832098083
dim 582,582,0.19834825,Charge_group1_D100,-0.06598707904150644,0.04344570972559226,-0.03511551856727092,0.2829130687975115,0.05561850152682182,0.3572512853624531,0.030871560474235518
dim 582,582,0.19834825,Charge_group2_D0,-0.08070981844773242,0.013462318965010918,-0.08401207617083677,0.010088980691908507,0.018397768143672857,0.018433914393312042,-0.003302257723104343
dim 582,582,0.19834825,Charge_group2_D25,-0.015064475225326543,0.6451279222417228,0.08827502052558758,0.006854917181454455,0.6807985024604594,0.013056762263598256,-0.07321054530026104
dim 582,582,0.19834825,Charge_group2_D50,0.08992331205031988,0.005878166100850749,0.10338981006068072,0.0015292184398831682,0.008358056524836741,0.0032952190898127625,-0.013466498010360844
dim 582,582,0.19834825,Charge_group2_D75,0.14756900446259422,5.733656571732954e-06,0.18638933578548794,9.014954553671983e-09,1.080723078419191e-05,4.047036049632315e-08,-0.038820331322893725
dim 582,582,0.19834825,Charge_group2_D100,0.10010991705004182,0.0021547510367031708,0.0009445169234619255,0.9769654758083851,0.003181639461798669,0.9810777778713188,0.0991654001265799
dim 582,582,0.19834825,Charge_group3_D0,-0.21316042620114634,4.335483384524796e-11,-0.22980661940097416,1.0745354061759412e-12,1.184015903868587e-10,6.633915446631504e-12,-0.016646193199827825
dim 582,582,0.19834825,Charge_group3_D25,0.03913038762211416,0.23143971939664235,-0.0863747012778068,0.008159804615363031,0.26710734719584844,0.015265290971943103,-0.04724431365569264
dim 582,582,0.19834825,Charge_group3_D50,-0.14698937366668915,6.243619762492049e-06,-0.1779500816111767,4.165547470185737e-08,1.1728734536964817e-05,1.7326187484956862e-07,-0.030960707944487548
dim 582,582,0.19834825,Charge_group3_D75,-0.20799208472733063,1.2872913369090505e-10,-0.22163033526474138,6.854996547379296e-12,3.406935867889246e-10,4.052334242167584e-11,-0.013638250537410745
dim 582,582,0.19834825,Charge_group3_D100,-0.1813849377192816,2.2536714786696372e-08,-0.10858824726745295,0.0008704956310935494,5.141572908986741e-08,0.0019751735107693307,0.07279669045182866
dim 582,582,0.19834825,SecondaryStructure_C1,-0.14593926540248414,7.279812187350844e-06,0.13075874572249918,5.9574576070628865e-05,1.350059561674171e-05,0.00016749081151170068,0.01518051967998496
dim 582,582,0.19834825,SecondaryStructure_C2,-0.13604813099627433,2.9359553076762094e-05,-0.27588546500174993,7.89034214425173e-18,5.142155599181195e-05,7.008974138776803e-17,-0.1398373340054756
dim 582,582,0.19834825,SecondaryStructure_C3,0.294137275650738,3.720768931611189e-20,0.04854344113498971,0.13758919430492159,1.51553271116846e-19,0.1920384074293515,0.2455938345157483
dim 582,582,0.19834825,SecondaryStructure_T12,-0.24023264513720513,9.108416464669427e-14,-0.060566566869486665,0.06385413992185901,2.8458476138443295e-13,0.09619883957555664,0.17966607826771847
dim 582,582,0.19834825,SecondaryStructure_T13,-0.07538885094688946,0.021005166733586034,0.09049725483347218,0.005568662278836843,0.028051682083237647,0.010807281819474174,-0.015108403886582716
dim 582,582,0.19834825,SecondaryStructure_T23,0.1298039788150085,6.750133658306601e-05,-0.13107679881461157,5.7135495024654556e-05,0.00011514528303750792,0.00016124744203055782,-0.0012728199996030753
dim 582,582,0.19834825,SecondaryStructure_group1_D0,0.01047541644732505,0.7487879008635647,-0.02550952432256205,0.4354245769099765,0.7740487740279499,0.511543470587169,-0.015034107875236999
dim 582,582,0.19834825,SecondaryStructure_group1_D25,-0.014207785532478054,0.6640356282036497,0.006677375060058679,0.8382543131365838,0.6981048152975102,0.8708458494171665,0.007530410472419375
dim 582,582,0.19834825,SecondaryStructure_group1_D50,-0.15357551714694317,2.3263662131914214e-06,-0.09164854012098948,0.004991693914894715,4.551882338640508e-06,0.009807210397499027,0.06192697702595369
dim 582,582,0.19834825,SecondaryStructure_group1_D75,-0.18077392586895444,2.5160761898553203e-08,-0.10623710324189424,0.0011265756700787636,5.716798961984197e-08,0.002495200754683734,0.0745368226270602
dim 582,582,0.19834825,SecondaryStructure_group1_D100,-0.05963938875633111,0.06803477798750589,0.03271451879872538,0.3171472799559595,0.08472638272866131,0.39217768050829493,0.026924869957605728
dim 582,582,0.19834825,SecondaryStructure_group2_D0,0.02474126801142857,0.4493816375194577,-0.021953677171846913,0.5020957339446762,0.4906618729372307,0.5762885743557452,0.002787590839581657
dim 582,582,0.19834825,SecondaryStructure_group2_D25,-0.05660601224577486,0.08330711703640259,-0.026951470599508937,0.40991386055006557,0.10267371619984673,0.4857729952234141,0.029654541646265926
dim 582,582,0.19834825,SecondaryStructure_group2_D50,0.1197244826403585,0.00023958038933926228,0.11602555041841026,0.00037243983018931943,0.00038806910785312124,0.0009033762039450449,0.0036989322219482396
dim 582,582,0.19834825,SecondaryStructure_group2_D75,0.14693254463422722,6.295887661608355e-06,0.06497799295409735,0.046761658269369184,1.181363190436624e-05,0.07318834986864718,0.08195455168012987
dim 582,582,0.19834825,SecondaryStructure_group2_D100,0.013229149801750514,0.6858984196089554,-0.0323813163156674,0.3221040430860974,0.7172167982722644,0.39727751252125754,-0.019152166513916886
dim 582,582,0.19834825,SecondaryStructure_group3_D0,-0.252659600940676,4.113133636410753e-15,-0.21892559808201595,1.2456504279190527e-11,1.384865559033459e-14,7.185617321674674e-11,0.03373400285866007
dim 582,582,0.19834825,SecondaryStructure_group3_D25,-0.013053258613721596,0.6898564889801914,0.003768159979710643,0.9082933095909951,0.7204880153826889,0.9267524621464952,0.009285098634010953
dim 582,582,0.19834825,SecondaryStructure_group3_D50,0.012161251475510356,0.7100579369573241,-0.06975632908407117,0.03275905969688092,0.7385840888936351,0.053011269083130946,-0.057595077608560814
dim 582,582,0.19834825,SecondaryStructure_group3_D75,0.0010179148166153638,0.9751760314873155,-0.032253556551461234,0.3240179294063932,0.9778108511460923,0.39919582597467845,-0.03123564173484587
dim 582,582,0.19834825,SecondaryStructure_group3_D100,0.10169733308608622,0.001827446244486295,0.04444084775426962,0.17407996877804316,0.00271878416774353,0.23619739428695521,0.057256485331816605
dim 582,582,0.19834825,SolventAccessibility_C1,0.2218526774766063,6.5242961480980005e-12,0.3046873125902946,1.4016159211606478e-21,1.8451438725357595e-11,1.5052724040760654e-20,-0.08283463511368827
dim 582,582,0.19834825,SolventAccessibility_C2,-0.4835182087641143,4.604057524969871e-56,-0.32249564633250444,4.047655013355601e-24,5.212729536745549e-55,5.063358705845583e-23,0.16102256243160984
dim 582,582,0.19834825,SolventAccessibility_C3,0.2945739294386578,3.257317687209363e-20,0.025016363247363192,0.44435504041358276,1.3316329345507066e-19,0.5196589058058007,0.2695575661912946
dim 582,582,0.19834825,SolventAccessibility_T12,-0.29438495967694883,3.4504402281239124e-20,-0.03775931699921719,0.24821378463101326,1.408859457449128e-19,0.31935055495669656,0.25662564267773164
dim 582,582,0.19834825,SolventAccessibility_T13,0.30787467979473604,5.067065245656243e-22,0.13130735267375876,5.5426795861105155e-05,2.195071066211654e-21,0.00015728589479701888,0.17656732712097728
dim 582,582,0.19834825,SolventAccessibility_T23,-0.24049445952369122,8.548011679490389e-14,-0.2783788241837121,3.884727683289829e-18,2.6782700759378895e-13,3.506754178969737e-17,-0.0378843646600209
dim 582,582,0.19834825,SolventAccessibility_group1_D0,-0.09202088743632893,0.004816986268136467,-0.08754725750802161,0.00733073363970318,0.0068894567323738954,0.013880187276989015,0.004473629928307313
dim 582,582,0.19834825,SolventAccessibility_group1_D25,-0.05526315541309877,0.0909009227397993,0.05609268865953892,0.0861470356897739,0.11166203823130917,0.12570165976576883,-0.0008295332464401464
dim 582,582,0.19834825,SolventAccessibility_group1_D50,-0.18638322709252234,9.025182320527488e-09,-0.07439519254313638,0.022763100894147608,2.1153760667060917e-08,0.03801437849322651,0.11198803454938595
dim 582,582,0.19834825,SolventAccessibility_group1_D75,-0.10097414220222568,0.0019704459881374377,0.01325802712669521,0.6852494127093521,0.0029185319735605506,0.7432277954698919,0.08771611507553047
dim 582,582,0.19834825,SolventAccessibility_group1_D100,0.10183446792408227,0.00180142842723942,0.10153761338792636,0.0018581833100161957,0.0026824658702539732,0.003940528416161329,0.0002968545361559105
dim 582,582,0.19834825,SolventAccessibility_group2_D0,-0.053861890585082874,0.0994076051480387,-0.05124941625356421,0.1169501877617155,0.12108730896952927,0.16586565907606357,0.0026124743315186633
dim 582,582,0.19834825,SolventAccessibility_group2_D25,0.2037455535448829,3.0827444860450963e-10,-0.016330141729130845,0.6176109476134342,7.987871670590088e-10,0.6829234074087398,0.18741541181575205
dim 582,582,0.19834825,SolventAccessibility_group2_D50,0.1271682523475104,9.487449988538001e-05,0.01899580518186408,0.5614113380066144,0.00015907672169536609,0.6320100493660309,0.10817244716564631
dim 582,582,0.19834825,SolventAccessibility_group2_D75,0.04312809379150512,0.1871617239488501,-0.09392155566713555,0.004008314102161502,0.2191865911602943,0.008035875811056073,-0.05079346187563043
dim 582,582,0.19834825,SolventAccessibility_group2_D100,-0.18610077218262433,9.510594881356995e-09,-0.08509439972829344,0.009159861086259683,2.222910210198206e-08,0.01689339372065563,0.10100637245433089
dim 582,582,0.19834825,SolventAccessibility_group3_D0,0.1182176859678507,0.0002871879406915684,0.025244034319381038,0.44021932642121014,0.0004609359547860829,0.5160338870764634,0.09297365164846967
dim 582,582,0.19834825,SolventAccessibility_group3_D25,0.0023887821618830407,0.94178685434783,0.012918739918071683,0.6928892894505375,0.948603164511988,0.7494333635896357,-0.010529957756188642
dim 582,582,0.19834825,SolventAccessibility_group3_D50,0.10928640737811611,0.0008055447179278334,0.07146601084190199,0.02870717291999621,0.0012450344090138656,0.047139605483179615,0.03782039653621412
dim 582,582,0.19834825,SolventAccessibility_group3_D75,0.028154570091032328,0.3893237192834727,0.0656852236268771,0.04441618091049367,0.43129062103044735,0.06998823255787928,-0.03753065353584478
dim 582,582,0.19834825,SolventAccessibility_group3_D100,0.1368435678621329,2.6335465550111622e-05,0.04463207766127093,0.17223268401160804,4.6515311971112014e-05,0.23403464792464235,0.09221149020086196
dim 638,638,0.17621614,AAC_A,0.3856291624488198,1.376942880313168e-34,0.35508690439943497,3.157759413155071e-29,8.39231609533938e-34,5.022341161875208e-28,0.03054225804938482
dim 638,638,0.17621614,AAC_C,0.08770428466472445,0.007225634785151588,0.0635430111559694,0.05184128336616106,0.010165804626118914,0.08027347540240053,0.02416127350875505
dim 638,638,0.17621614,AAC_D,-0.07425508750381093,0.02302096019467394,0.0004120246965156199,0.9899505676948267,0.03060907923973366,0.9911375587831899,0.07384306280729531
dim 638,638,0.17621614,AAC_E,-0.4148357505657567,2.8429633238735835e-40,-0.3166521214291927,2.881041100819814e-23,2.0687358391585555e-39,3.4122969066447445e-22,0.09818362913656403
dim 638,638,0.17621614,AAC_F,-0.30149832344706873,3.83079123526287e-21,-0.2656195840123395,1.3523854850327559e-16,1.605375498842909e-20,1.1180612673290606e-15,0.035878739434729245
dim 638,638,0.17621614,AAC_G,0.3526343631605919,8.038801045694127e-29,0.3086957782972488,3.890820772778579e-22,4.169191846679874e-28,4.288891544911041e-21,0.043938584863343066
dim 638,638,0.17621614,AAC_H,-0.16435237290333557,4.22296755789572e-07,-0.03692582689515788,0.25881656259040703,8.760690461721554e-07,0.3310012912863529,0.12742654600817768
dim 638,638,0.17621614,AAC_I,-0.45950777942592536,3.9625598827845803e-50,-0.40805289442337483,6.683998757533945e-39,3.6161065596995896e-49,1.6295296240995164e-37,0.05145488500255052
dim 638,638,0.17621614,AAC_K,-0.49051856226538804,6.951078768437103e-58,-0.42041913632252853,2.0004891934281774e-41,8.47321280532114e-57,5.432222687845619e-40,0.0700994259428595
dim 638,638,0.17621614,AAC_L,-0.2661930938759176,1.157587263330216e-16,-0.17830455670931672,3.9118161842501634e-08,4.179828604889645e-16,1.6291104807226367e-07,0.08788853716660089
dim 638,638,0.17621614,AAC_M,-0.37939471832582505,1.9065351879983104e-33,-0.32222934949471715,4.4305332109453126e-24,1.1391462482852158e-32,5.501108150393065e-23,0.0571653688311079
dim 638,638,0.17621614,AAC_N,-0.11710629482280642,0.0003278241878558965,-0.12387372653295763,0.00014386938538392822,0.0005238912858558346,0.00037926104749985815,-0.006767431710151206
dim 638,638,0.17621614,AAC_P,0.36077697994576147,3.499742531428857e-30,0.2523671760530215,4.432885979820702e-15,1.8975876712617504e-29,3.254030587384867e-14,0.10840980389273996
dim 638,638,0.17621614,AAC_Q,-0.1294271012829659,7.089649361798002e-05,-0.10429457802481176,0.0013888170109268812,0.00012062877671118353,0.0030199536565727754,0.025132523258154127
dim 638,638,0.17621614,AAC_R,0.22546249185255368,2.9019539042288248e-12,0.19704878407844842,1.1762935242651737e-09,8.413651076496766e-12,5.7022066343188386e-09,0.028413707774105262
dim 638,638,0.17621614,AAC_S,0.27047469134265867,3.58169384443672e-17,0.14024400614037186,1.643561497173532e-05,1.3204036909954353e-16,5.0086636866419676e-05,0.1302306852022868
dim 638,638,0.17621614,AAC_T,0.41067003752123876,1.9937592799966214e-39,0.3066497454917124,7.502692971873014e-22,1.4168417011039822e-38,8.189213897403878e-21,0.10402029202952634
dim 638,638,0.17621614,AAC_V,0.1538885717936073,2.217402567471819e-06,0.16999863250477204,1.6503991043585856e-07,4.348869392457942e-06,6.485097657126678e-07,-0.016110060711164748
dim 638,638,0.17621614,AAC_W,0.03631548497949361,0.2667767459566741,-0.007811559401463372,0.8112607866038485,0.30493988073076367,0.8483440911887458,0.02850392557803024
dim 638,638,0.17621614,AAC_Y,-0.15542062981617186,1.7510209157008912e-06,-0.14017990389414545,1.6584027710175726e-05,3.4646977834365974e-06,5.044686024771122e-05,0.01524072592202641
dim 638,638,0.17621614,Hydrophobicity_C1,-0.4841013928664667,3.2586433792638572e-56,-0.40049766084907007,2.0686095231496074e-37,3.727352358473042e-55,4.798024866194228e-36,0.08360373201739663
dim 638,638,0.17621614,Hydrophobicity_C2,0.5619079328012614,4.280431227916841e-79,0.4950681473413703,4.321838069569471e-59,1.043550386951989e-77,3.207764256080452e-57,0.06683978545989111
dim 638,638,0.17621614,Hydrophobicity_C3,-0.5210299555594639,2.4653664112135587e-66,-0.4482301664594599,1.6846466163556433e-47,3.958809525698695e-65,5.7415507128855596e-46,0.07279978910000395
dim 638,638,0.17621614,Hydrophobicity_T12,0.11984852648440524,0.0002360100840815398,0.16025421005693574,8.189057020120584e-07,0.0003824714608599432,2.9892295570713385e-06,-0.04040568357253051
dim 638,638,0.17621614,Hydrophobicity_T13,-0.5167163241468401,4.356977561973286e-65,-0.4395072322432221,1.5595300844489104e-45,6.80014254999569e-64,4.868065871083515e-44,0.07720909190361802
dim 638,638,0.17621614,Hydrophobicity_T23,0.19071868361938746,3.9977869033713114e-09,0.13540621700294292,3.203735046436436e-05,9.620034767478516e-09,9.361745455028606e-05,0.05531246661644454
dim 638,638,0.17621614,Hydrophobicity_group1_D0,-0.08651515110288253,0.008056265151331388,-0.08500489798039658,0.009233694397875648,0.011277420622567827,0.01701077732427174,0.001510253122485955
dim 638,638,0.17621614,Hydrophobicity_group1_D25,0.2432720023247967,4.337911705778632e-14,0.12008209228683543,0.00022942234974934782,1.386471301177094e-13,0.0005775738537372717,0.12318991003796127
dim 638,638,0.17621614,Hydrophobicity_group1_D50,0.04088699170443749,0.21114555170518526,-0.03439227357471754,0.2929514418167703,0.24562413063641378,0.36756491948460285,0.0064947181297199535
dim 638,638,0.17621614,Hydrophobicity_group1_D75,0.02023830678943586,0.5360875153738037,-0.06597757844831868,0.04347597947372725,0.5766609666178758,0.06865710233676076,-0.04573927165888282
dim 638,638,0.17621614,Hydrophobicity_group1_D100,-0.14605008665995473,7.163158218952193e-06,-0.07783467469858905,0.017172643231243064,1.330642294288116e-05,0.029580520057943187,0.06821541196136567
dim 638,638,0.17621614,Hydrophobicity_group2_D0,-0.2922421346564593,6.610240875211352e-20,-0.24866163223585258,1.1352639653532866e-14,2.6729061166108857e-19,8.050491813757913e-14,0.04358050242060674
dim 638,638,0.17621614,Hydrophobicity_group2_D25,-0.18182548850012117,2.08113724315475e-08,-0.06150041131117824,0.0598598897976798,4.76748860914737e-08,0.09104373038444923,0.12032507718894293
dim 638,638,0.17621614,Hydrophobicity_group2_D50,-0.02325456581743156,0.47709737265803953,0.0421816824147705,0.19703290297869258,0.5188880575310492,0.26313070609709444,-0.01892711659733894
dim 638,638,0.17621614,Hydrophobicity_group2_D75,0.07335025800153615,0.024748059592951212,0.15430635824720484,2.0795858339042743e-06,0.03280099961922899,7.250330569144339e-06,-0.0809561002456687
dim 638,638,0.17621614,Hydrophobicity_group2_D100,0.14763850106224696,5.675255951349816e-06,0.10741701465713743,0.0009904436848709884,1.0715293882141541e-05,0.0022231733249120306,0.04022148640510953
dim 638,638,0.17621614,Hydrophobicity_group3_D0,0.13026054856884264,6.359394523633453e-05,0.035557235685011575,0.27689800764319455,0.00010875769436219014,0.35031793391222343,0.09470331288383108
dim 638,638,0.17621614,Hydrophobicity_group3_D25,0.16277452920458707,5.46010651346865e-07,0.05605638684437474,0.0863507931481441,1.125725663887981e-06,0.12594395157851584,0.10671814236021232
dim 638,638,0.17621614,Hydrophobicity_group3_D50,0.03120264181644127,0.34004090529573,-0.026205115783198202,0.42300582005783727,0.380608788099108,0.49970140575649896,0.004997526033243067
dim 638,638,0.17621614,Hydrophobicity_group3_D75,-0.029249702787543082,0.3711384434487581,-0.045611288098470426,0.16300237083813066,0.41251327824254647,0.2240444109462372,-0.016361585310927344
dim 638,638,0.17621614,Hydrophobicity_group3_D100,0.05003112867882202,0.12592027029431807,0.03769858619245382,0.2489759336297677,0.1507545976954628,0.3202077852612338,0.012332542486368198
dim 638,638,0.17621614,NormVanDerWaalsVolume_C1,0.5612095790634802,7.321788512465843e-79,0.49413436458414345,7.669358705763338e-59,1.7720850457707183e-77,5.227685321887663e-57,0.06707521447933679
dim 638,638,0.17621614,NormVanDerWaalsVolume_C2,-0.49908948897253896,3.58183126914128e-60,-0.41849442990014674,5.02261534763577e-41,4.654986941218629e-59,1.3313916873891645e-39,0.08059505907239223
dim 638,638,0.17621614,NormVanDerWaalsVolume_C3,-0.46856917980100604,2.591185465273819e-52,-0.391675443042503,1.0191639950279658e-35,2.5158603063995803e-51,2.1961340279957456e-34,0.07689373675850303
dim 638,638,0.17621614,NormVanDerWaalsVolume_T12,0.19645372007687187,1.3219691800262473e-09,0.14008784763834053,1.6799393222796697e-05,3.290146841496025e-09,5.096273693382468e-05,0.056365872438531334
dim 638,638,0.17621614,NormVanDerWaalsVolume_T13,-0.022114798881447104,0.4989624726025978,-0.014422386819131083,0.659278549012725,0.5398557364731702,0.7193696026470113,0.007692412062316021
dim 638,638,0.17621614,NormVanDerWaalsVolume_T23,-0.49032115163066997,7.834076029409503e-58,-0.41330112798079555,5.845016673219448e-40,9.514841432082815e-57,1.467846292372403e-38,0.07702002364987443
dim 638,638,0.17621614,NormVanDerWaalsVolume_group1_D0,-0.2864895108256139,3.6843648391681797e-19,-0.24257179869359205,5.1510025279129086e-14,1.4511531324082218e-18,3.5110915190263503e-13,0.04391771213202186
dim 638,638,0.17621614,NormVanDerWaalsVolume_group1_D25,-0.20018677129430745,6.316925235584781e-10,-0.10387381403543247,0.001452565075691447,1.59474907685965e-09,0.003146282329967207,0.09631295725887498
dim 638,638,0.17621614,NormVanDerWaalsVolume_group1_D50,-0.03385074562740085,0.30062210488186125,0.007598816903172528,0.8163080349119404,0.34071185283522787,0.8525543579130335,0.02625192872422832
dim 638,638,0.17621614,NormVanDerWaalsVolume_group1_D75,0.025488244838397293,0.435807771991866,0.0963617196068455,0.0031509755386167036,0.47740175744599295,0.006452641507651618,-0.07087347476844821
dim 638,638,0.17621614,NormVanDerWaalsVolume_group1_D100,0.27406380428719984,1.3180644128339091e-17,0.2426604181654454,5.040362656268076e-14,4.952008030219636e-17,3.4497564081834783e-13,0.031403386121754445
dim 638,638,0.17621614,NormVanDerWaalsVolume_group2_D0,-0.06289668496646054,0.05427541185682381,-0.07903830701646143,0.015522399086710204,0.06833014534556786,0.027058879410027187,-0.016141622050000887
dim 638,638,0.17621614,NormVanDerWaalsVolume_group2_D25,0.14660909650448142,6.601427637975836e-06,0.045547185934668194,0.16359498672628683,1.2324632929479761e-05,0.22467403604679195,0.10106191056981323
dim 638,638,0.17621614,NormVanDerWaalsVolume_group2_D50,-0.0030902286532936757,0.9247379859063747,-0.03343146634678098,0.3066521147280152,0.9331192969568857,0.38231357341977257,-0.030341237693487302
dim 638,638,0.17621614,NormVanDerWaalsVolume_group2_D75,-0.11471459604779256,0.000434158142824703,-0.1278464152164607,8.697246949724816e-05,0.0006843266621210514,0.00023771526032799416,-0.013131819168668138
dim 638,638,0.17621614,NormVanDerWaalsVolume_group2_D100,-0.126980227873447,9.718241652831026e-05,-0.09026280913770741,0.005693270587885707,0.00016278298455594598,0.011036287732755811,0.036717418735739596
dim 638,638,0.17621614,NormVanDerWaalsVolume_group3_D0,0.07462743386015504,0.022341185035546378,0.022792072987130364,0.48590608587961903,0.029764482656053012,0.5609838668641298,0.05183536087302468
dim 638,638,0.17621614,NormVanDerWaalsVolume_group3_D25,0.1453772005835056,7.899931272630084e-06,0.10343509963957506,0.0015218911141228382,1.4585832200433653e-05,0.003281547011730329,0.04194210094393053
dim 638,638,0.17621614,NormVanDerWaalsVolume_group3_D50,0.11665905164581652,0.0003456448646769849,0.08752115068505115,0.007348339176661188,0.0005510519560960046,0.013897764920752191,0.02913790096076538
dim 638,638,0.17621614,NormVanDerWaalsVolume_group3_D75,0.07809125902178325,0.016808502678077444,0.04855972271353085,0.1374571297628684,0.022710517372483276,0.1919342865417978,0.0295315363082524
dim 638,638,0.17621614,NormVanDerWaalsVolume_group3_D100,-0.05257669965828888,0.10775615779863015,-0.01787018805021973,0.5848404688841625,0.13058982839166353,0.6535186236443971,0.034706511608069146
dim 638,638,0.17621614,Polarity_C1,-0.5552249076300534,6.91675058961636e-77,-0.48878141068351505,1.9856629174048675e-57,1.5932377220219753e-75,1.1635287972161856e-55,0.06644349694653834
dim 638,638,0.17621614,Polarity_C2,0.5554979410333297,5.6319330096861644e-77,0.48728804453473223,4.871860416494462e-57,1.3062955730799854e-75,2.7579684391680515e-55,0.06820989649859749
dim 638,638,0.17621614,Polarity_C3,-0.4712000541214233,5.846135661084883e-53,-0.3803176116794086,1.2967254288458676e-33,5.8636916240310845e-52,2.518059844386743e-32,0.09088244244201471
dim 638,638,0.17621614,Polarity_T12,0.2915059353448235,8.254038049868965e-20,0.2039928599500656,2.9313929968310475e-10,3.32551110814986e-19,1.517961644870651e-09,0.08751307539475789
dim 638,638,0.17621614,Polarity_T13,-0.5151212834911498,1.2470331232654073e-64,-0.43567203047822517,1.095564956772269e-44,1.9193966044730232e-63,3.2382185447959102e-43,0.07944925301292466
dim 638,638,0.17621614,Polarity_T23,0.26258811130695875,3.057918637311233e-16,0.25752248170641195,1.1678015109549186e-15,1.0830804081250813e-15,9.059042623827148e-15,0.005065629600546795
dim 638,638,0.17621614,Polarity_group1_D0,0.0815828115956154,0.012485438313781504,0.010696838683821937,0.7436623026978981,0.017153995873315602,0.7922909381215246,0.07088597291179347
dim 638,638,0.17621614,Polarity_group1_D25,0.1580759166064173,1.1566511164985414e-06,0.07441991055167693,0.02271786907460005,2.318856380015083e-06,0.037976818172754834,0.08365600605474036
dim 638,638,0.17621614,Polarity_group1_D50,0.0814727499240177,0.012605042118229487,0.03493955608209966,0.28533367196100184,0.017311200935397404,0.3597638597016784,0.04653319384191805
dim 638,638,0.17621614,Polarity_group1_D75,0.03211999825551332,0.3260265697988219,-0.00675922430273778,0.8362995249452084,0.366642674453894,0.869294711620033,0.025360773952775542
dim 638,638,0.17621614,Polarity_group1_D100,-0.00040085476993301705,0.9902229924655332,0.00430758926920701,0.8952359263020683,0.9920050374429757,0.917204906088622,-0.003906734499273992
dim 638,638,0.17621614,Polarity_group2_D0,-0.2916719622444625,7.851272351509331e-20,-0.2462296975085594,2.0870080885170284e-14,3.1670591369614935e-19,1.446184028142505e-13,0.045442264735903126
dim 638,638,0.17621614,Polarity_group2_D25,-0.24378283659391925,3.825603058320098e-14,-0.1332259982084132,4.296766775404751e-05,1.226248964950972e-13,0.0001239309242646966,0.11055683838550606
dim 638,638,0.17621614,Polarity_group2_D50,-0.11662687805095769,0.0003469611115795637,-0.04223327233577148,0.19648519431861367,0.0005528865041391902,0.2627143911225659,0.0743936057151862
dim 638,638,0.17621614,Polarity_group2_D75,0.007985295242962199,0.8071447506249029,0.09221191023884409,0.004729518219489669,0.8264449623197963,0.009319522627194982,-0.0842266149958819
dim 638,638,0.17621614,Polarity_group2_D100,0.147593658934865,5.712873061166697e-06,0.12380607186631554,0.0001450893370633816,1.077413665968197e-05,0.0003815735321194445,0.02378758706854947
dim 638,638,0.17621614,Polarity_group3_D0,-0.04672069680869382,0.15300045002679233,-0.05835598399646874,0.07418989687665097,0.18108486998210005,0.11012729836069034,-0.011635287187774922
dim 638,638,0.17621614,Polarity_group3_D25,0.2873625299557171,2.845983124885626e-19,0.1571399652940441,1.3397434683788497e-06,1.1275899925406868e-18,4.785821587577923e-06,0.130222564661673
dim 638,638,0.17621614,Polarity_group3_D50,0.08141053639666111,0.01267309648950166,-0.011796988654590291,0.7183673019504632,0.017397510182875275,0.7709983253581449,0.06961354774207082
dim 638,638,0.17621614,Polarity_group3_D75,0.020504093104650636,0.5307459477201701,-0.06316214074075091,0.053264395435831675,0.5716515528491997,0.08221029609781784,-0.042658047636100274
dim 638,638,0.17621614,Polarity_group3_D100,-0.1563960918298816,1.504801875834803e-06,-0.09805869565534601,0.0026570405730266034,2.997041303093764e-06,0.0054950560457639975,0.05833739617453558
dim 638,638,0.17621614,Polarizability_C1,0.5370911339651655,3.8587906158090975e-71,0.4665819337690463,7.910598195699104e-52,7.160200364890214e-70,3.476499733373027e-50,0.07050920019611923
dim 638,638,0.17621614,Polarizability_C2,-0.41129884244921644,1.4885035961318783e-39,-0.33746350375496315,2.1729423411033353e-26,1.0600430727250477e-38,3.000455057212812e-25,0.0738353386942533
dim 638,638,0.17621614,Polarizability_C3,-0.46856917980100604,2.591185465273819e-52,-0.391675443042503,1.0191639950279658e-35,2.5158603063995803e-51,2.1961340279957456e-34,0.07689373675850303
dim 638,638,0.17621614,Polarizability_T12,0.42170879409705114,1.0759624736470278e-41,0.32821335486184827,5.687009733452291e-25,8.057656192782675e-41,7.448867650874764e-24,0.09349543923520287
dim 638,638,0.17621614,Polarizability_T13,-0.04391813801561898,0.17920469436005712,-0.028852368750820524,0.37767467281323325,0.21068063328496683,0.4544068469726942,0.015065769264798457
dim 638,638,0.17621614,Polarizability_T23,-0.47047145133339185,8.841244520008266e-53,-0.3928602228516636,6.08009970363125e-36,8.762539079177331e-52,1.3404765025959548e-34,0.07761122848172824
dim 638,638,0.17621614,Polarizability_group1_D0,-0.27476453175062504,1.0824713628232586e-17,-0.23811368280467107,1.5185824193497665e-13,4.085259154609812e-17,1.010371569846259e-12,0.03665084894595397
dim 638,638,0.17621614,Polarizability_group1_D25,-0.1151971282690277,0.0004104090494730434,-0.007549560766398859,0.8174777147069048,0.0006471984066288787,0.8535090863148052,0.10764756750262884
dim 638,638,0.17621614,Polarizability_group1_D50,-0.01164269216274188,0.7218971475124514,0.08346431939069349,0.010590404018573913,0.7488001467986296,0.019276266715006467,-0.0718216272279516
dim 638,638,0.17621614,Polarizability_group1_D75,0.04311809388824353,0.18726408214382154,0.12778743791778535,8.763422392537683e-05,0.21922959493878863,0.00023913260450225373,-0.08466934402954182
dim 638,638,0.17621614,Polarizability_group1_D100,0.18985612066719867,4.708032243148796e-09,0.18173423814934025,2.1157883578192812e-08,1.1280364198075307e-08,9.153799371912434e-08,0.00812188251785842
dim 638,638,0.17621614,Polarizability_group2_D0,-0.14606092589360084,7.151844814894484e-06,-0.13118475888945447,5.6329262723272515e-05,1.3300201381819364e-05,0.00015930545088546164,0.014876167004146373
dim 638,638,0.17621614,Polarizability_group2_D25,0.011888454342615588,0.716277662289006,-0.07825642656887992,0.016577695648215995,0.743895333347413,0.028688861898985195,-0.06636797222626434
dim 638,638,0.17621614,Polarizability_group2_D50,0.047214721435522265,0.14869950422641248,-0.055554484317926735,0.08920793274299336,0.17655753434632696,0.12982766682422564,-0.00833976288240447
dim 638,638,0.17621614,Polarizability_group2_D75,-0.09485176423654569,0.003659242980080036,-0.14168449001451847,1.3415492179274432e-05,0.005293144891064235,4.148865173960797e-05,-0.046832725777972775
dim 638,638,0.17621614,Polarizability_group2_D100,0.05618803682071594,0.08561370506343052,0.03677051474496771,0.26082640858974904,0.10539984331435973,0.3331396576251479,0.019417522075748234
dim 638,638,0.17621614,Polarizability_group3_D0,0.07462743386015504,0.022341185035546378,0.022792072987130364,0.48590608587961903,0.029764482656053012,0.5609838668641298,0.05183536087302468
dim 638,638,0.17621614,Polarizability_group3_D25,0.1453772005835056,7.899931272630084e-06,0.10343509963957506,0.0015218911141228382,1.4585832200433653e-05,0.003281547011730329,0.04194210094393053
dim 638,638,0.17621614,Polarizability_group3_D50,0.11665905164581652,0.0003456448646769849,0.08752115068505115,0.007348339176661188,0.0005510519560960046,0.013897764920752191,0.02913790096076538
dim 638,638,0.17621614,Polarizability_group3_D75,0.07809125902178325,0.016808502678077444,0.04855972271353085,0.1374571297628684,0.022710517372483276,0.1919342865417978,0.0295315363082524
dim 638,638,0.17621614,Polarizability_group3_D100,-0.05257669965828888,0.10775615779863015,-0.01787018805021973,0.5848404688841625,0.13058982839166353,0.6535186236443971,0.034706511608069146
dim 638,638,0.17621614,Charge_C1,-0.3762282543132781,7.087754802060723e-33,-0.29896005248209195,8.452433761563391e-21,4.138654027776716e-32,8.713311346796829e-20,0.07726820183118616
dim 638,638,0.17621614,Charge_C2,0.41404152535382915,4.130200224855033e-40,0.31594016676933273,3.6484918345746336e-23,2.9923793386151434e-39,4.275776395606764e-22,0.09810135858449642
dim 638,638,0.17621614,Charge_C3,-0.3316900831289935,1.6891356467242246e-25,-0.22037122968393122,9.061048230070295e-12,8.025196386997027e-25,5.263287145814745e-11,0.11131885344506229
dim 638,638,0.17621614,Charge_T12,-0.30960578808330225,2.900544539848408e-22,-0.2460954561661917,2.157929775877524e-14,1.2597943775154334e-21,1.4922330127186191e-13,0.06351033191711056
dim 638,638,0.17621614,Charge_T13,-0.3904153723072988,1.761291134838535e-35,-0.30175931800247,3.529837983101111e-21,1.099572409413216e-34,3.707439894200538e-20,0.08865605430482876
dim 638,638,0.17621614,Charge_T23,-0.26784201068027114,7.386431836495758e-17,-0.1520162920571833,2.9500454818536947e-06,2.684513855701396e-16,1.0033759581864909e-05,0.11582571862308783
dim 638,638,0.17621614,Charge_group1_D0,-0.06835170618638911,0.03644469938770686,-0.08680314314923906,0.007847622952030352,0.04718034726935694,0.014775118748467517,-0.018451436962849954
dim 638,638,0.17621614,Charge_group1_D25,0.01430744795348913,0.6618247097127538,-0.03839029097207684,0.24039164651672654,0.6959995372923795,0.3109636325971598,-0.024082843018587714
dim 638,638,0.17621614,Charge_group1_D50,-0.022101198277924238,0.4992265559432761,-0.036761818956614394,0.26093925581388,0.539966546907559,0.3331563893036541,-0.014660620678690155
dim 638,638,0.17621614,Charge_group1_D75,-0.037441100434034535,0.2522254227560298,-0.07857834655309354,0.016135815666132074,0.2888011354148576,0.028025805681165437,-0.041137246119059
dim 638,638,0.17621614,Charge_group1_D100,-0.038744802722090584,0.23607366529374305,-0.016622953648734305,0.6113186504424934,0.2715172321215915,0.6776648829996442,0.02212184907335628
dim 638,638,0.17621614,Charge_group2_D0,-0.21884190966848235,1.2687268623593494e-11,-0.22547514008502637,2.893656989654549e-12,3.557974576221853e-11,1.7445513258928146e-11,-0.0066332304165440115
dim 638,638,0.17621614,Charge_group2_D25,-0.03899312918677338,0.23308183601399657,0.022588633948805604,0.4898084573461208,0.2687239669612525,0.5646873015973182,0.01640449523796778
dim 638,638,0.17621614,Charge_group2_D50,0.024984867851584033,0.44492890179281014,0.02728741653567314,0.40410033131992235,0.48643618068346506,0.4801476722193314,-0.0023025486840891063
dim 638,638,0.17621614,Charge_group2_D75,0.0700234758957128,0.0320953968291346,0.08543290091717916,0.008885354052353,0.041956409162156386,0.01646896922023253,-0.01540942502146636
dim 638,638,0.17621614,Charge_group2_D100,0.13195897331717388,5.085500038127126e-05,0.07185942372846732,0.027838303708374652,8.746431579477137e-05,0.04582549747953245,0.06009954958870656
dim 638,638,0.17621614,Charge_group3_D0,-0.023493366404917275,0.47258353064451464,-0.01781678470752883,0.5859632176442475,0.5141462515806772,0.6543563955919591,0.005676581697388446
dim 638,638,0.17621614,Charge_group3_D25,0.18803413864295648,6.63394961766023e-09,0.12319208227838371,0.00015661419465638513,1.5725615133417438e-08,0.0004083648850177425,0.06484205636457277
dim 638,638,0.17621614,Charge_group3_D50,0.017660249243284454,0.589259949147127,0.011423401029784362,0.7269240500742374,0.6277920989318674,0.7781815151435747,0.006236848213500092
dim 638,638,0.17621614,Charge_group3_D75,-0.02540636833052708,0.43728399106993704,-0.018394328846629913,0.5738743364081004,0.47886181317166876,0.6436334061796694,0.0070120394838971666
dim 638,638,0.17621614,Charge_group3_D100,-0.0742608260951566,0.023010348943976182,-0.018374790846715637,0.5742813619198346,0.03060715470843506,0.6438068183032004,0.05588603524844097
dim 638,638,0.17621614,SecondaryStructure_C1,-0.31520046995415923,4.659937935721944e-23,-0.19099565592915,3.792669722764569e-09,2.0752256940415059e-22,1.76673875509535e-08,0.12420481402500924
dim 638,638,0.17621614,SecondaryStructure_C2,-0.014095760020264598,0.6665242994470915,-0.0872057113455518,0.007564073508280822,0.699840037772174,0.014281518099297879,-0.0731099513252872
dim 638,638,0.17621614,SecondaryStructure_C3,0.43661566854829514,6.797199819813307e-45,0.33699427162901774,2.571235090331979e-26,5.550769535006466e-44,3.5196414761101683e-25,0.0996213969192774
dim 638,638,0.17621614,SecondaryStructure_T12,-0.36027055674403496,4.264330437084023e-30,-0.2703798200514227,3.6768554380638684e-17,2.3046704951230802e-29,3.148896708495723e-16,0.08989073669261227
dim 638,638,0.17621614,SecondaryStructure_T13,-0.06031484477029493,0.06496764111883636,0.04305553332197797,0.18790538383917674,0.08111847526613587,0.2525569344156339,0.01725931144831696
dim 638,638,0.17621614,SecondaryStructure_T23,0.27063100544455815,3.430165577301679e-17,0.14427227696878386,9.268997819546207e-06,1.2659395611257025e-16,2.9512347680919284e-05,0.12635872847577428
dim 638,638,0.17621614,SecondaryStructure_group1_D0,-0.09591224036289075,0.0032951141488036617,-0.12377400788557234,0.00014567090686259078,0.004789243366842572,0.0003828015963186886,-0.027861767522681588
dim 638,638,0.17621614,SecondaryStructure_group1_D25,-0.10015763793076192,0.0021441761020560717,-0.0914406674300438,0.0050916984042395416,0.003168826628702336,0.009980206966056377,0.008716970500718124
dim 638,638,0.17621614,SecondaryStructure_group1_D50,-0.16510628041143444,3.731872076061852e-07,-0.12432961724055443,0.00013589681931434035,7.795154930610749e-07,0.0003602344258015054,0.04077666317088001
dim 638,638,0.17621614,SecondaryStructure_group1_D75,-0.17761222129884735,4.4221710390310384e-08,-0.1279097621056618,8.626693808659326e-05,9.899498170485033e-08,0.00023597999443834684,0.049702459193185555
dim 638,638,0.17621614,SecondaryStructure_group1_D100,-0.08778585353083622,0.00717157500682668,-0.03213486682883773,0.3258025560401871,0.010098254857841953,0.40109861303878547,0.05565098670199849
dim 638,638,0.17621614,SecondaryStructure_group2_D0,-0.032907938632268825,0.3142929737353906,-0.06521524864961006,0.04596347939874769,0.3546413960392583,0.07209259490179483,-0.03230731001734124
dim 638,638,0.17621614,SecondaryStructure_group2_D25,0.05997252323335193,0.06650752679042289,0.08582212552255139,0.008578800073333696,0.08297913316399419,0.015945015161343654,-0.025849602289199462
dim 638,638,0.17621614,SecondaryStructure_group2_D50,0.1011078680671727,0.0019432545296438324,0.0944338262906819,0.0038125144074144467,0.002883371892052599,0.007689491618818993,0.006674041776490808
dim 638,638,0.17621614,SecondaryStructure_group2_D75,0.20448285451521206,2.6526125124628533e-10,0.1553640858637309,1.7664196536421488e-06,6.916257448576058e-10,6.210359624383975e-06,0.049118768651481154
dim 638,638,0.17621614,SecondaryStructure_group2_D100,0.11707510124636845,0.0003290387153886595,0.09459585257717673,0.003752415851864504,0.0005253294978002499,0.007591198634298875,0.022479248669191723
dim 638,638,0.17621614,SecondaryStructure_group3_D0,-0.20491343296017164,2.4291074003018163e-10,-0.17492593025028141,7.084396583276167e-08,6.338452122662552e-10,2.882080948616614e-07,0.02998750270989023
dim 638,638,0.17621614,SecondaryStructure_group3_D25,0.024385179768511414,0.455935712750293,0.036922856400764884,0.25885490204789036,0.49716790094220653,0.3310012912863529,-0.01253767663225347
dim 638,638,0.17621614,SecondaryStructure_group3_D50,0.1280981250610011,8.420079050857254e-05,0.08525919847321567,0.009025287595421573,0.00014210744835706536,0.01668204790742006,0.04283892658778543
dim 638,638,0.17621614,SecondaryStructure_group3_D75,0.01826806459753808,0.5765071422052908,-0.0011241258069848241,0.9725868254199804,0.6161708335890147,0.9781511583567403,0.017143938790553256
dim 638,638,0.17621614,SecondaryStructure_group3_D100,0.18508964464160158,1.1464789735142604e-08,0.15258071528485137,2.707742682406885e-06,2.6666015122128344e-08,9.285277781559544e-06,0.032508929356750205
dim 638,638,0.17621614,SolventAccessibility_C1,0.14134410713023868,1.4077344779860604e-05,0.18124470324495323,2.311443707976304e-08,2.5360480887127517e-05,9.93593563016841e-08,-0.039900596114714554
dim 638,638,0.17621614,SolventAccessibility_C2,-0.4841013928664667,3.2586433792638572e-56,-0.40049766084907007,2.0686095231496074e-37,3.727352358473042e-55,4.798024866194228e-36,0.08360373201739663
dim 638,638,0.17621614,SolventAccessibility_C3,0.3632411723294094,1.3312525432065217e-30,0.2370920643274221,1.9395742991076995e-13,7.313130747220037e-30,1.2777471714042833e-12,0.12614910800198728
dim 638,638,0.17621614,SolventAccessibility_T12,-0.37649926572085907,6.337927371495455e-33,-0.2579369291364456,1.0476867383955887e-15,3.713803056279793e-32,8.19502038932381e-15,0.11856233658441345
dim 638,638,0.17621614,SolventAccessibility_T13,0.4041146581949307,4.0442380882365896e-38,0.31598041204434135,3.6001704017193386e-23,2.745478702176872e-37,4.248964361039785e-22,0.08813424615058935
dim 638,638,0.17621614,SolventAccessibility_T23,-0.08983094942954423,0.005929394640120597,-0.09828277225717852,0.002597388844187997,0.008420143749150849,0.005378350117537452,-0.008451822827634292
dim 638,638,0.17621614,SolventAccessibility_group1_D0,-0.14681707906730115,6.4033762154053495e-06,-0.14420991750133808,9.352655726085712e-06,1.200183869778556e-05,2.9734682822307743e-05,0.0026071615659630787
dim 638,638,0.17621614,SolventAccessibility_group1_D25,-0.10373187972669712,0.001474669049257153,-0.03853726938902446,0.2385947427067544,0.0022216484549025216,0.309118091792304,0.06519461033767265
dim 638,638,0.17621614,SolventAccessibility_group1_D50,-0.13623094369981345,2.8636684117539624e-05,-0.06057172703211672,0.06383147941298953,5.031379534591391e-05,0.09619883957555664,0.07565921666769673
dim 638,638,0.17621614,SolventAccessibility_group1_D75,-0.12949046390102198,7.031462396491308e-05,-0.060400864742370795,0.06458534363644118,0.00011969971663751769,0.0971689404259971,0.06908959915865118
dim 638,638,0.17621614,SolventAccessibility_group1_D100,0.11778026008534905,0.000302584374124251,0.11544562100931006,0.00039865684620936847,0.00048471549619903996,0.0009620764930197187,0.00233463907603898
dim 638,638,0.17621614,SolventAccessibility_group2_D0,-0.08651515110288253,0.008056265151331388,-0.08500489798039658,0.009233694397875648,0.011277420622567827,0.01701077732427174,0.001510253122485955
dim 638,638,0.17621614,SolventAccessibility_group2_D25,0.2432720023247967,4.337911705778632e-14,0.12008209228683543,0.00022942234974934782,1.386471301177094e-13,0.0005775738537372717,0.12318991003796127
dim 638,638,0.17621614,SolventAccessibility_group2_D50,0.04088699170443749,0.21114555170518526,-0.03439227357471754,0.2929514418167703,0.24562413063641378,0.36756491948460285,0.0064947181297199535
dim 638,638,0.17621614,SolventAccessibility_group2_D75,0.02023830678943586,0.5360875153738037,-0.06597757844831868,0.04347597947372725,0.5766609666178758,0.06865710233676076,-0.04573927165888282
dim 638,638,0.17621614,SolventAccessibility_group2_D100,-0.14605008665995473,7.163158218952193e-06,-0.07783467469858905,0.017172643231243064,1.330642294288116e-05,0.029580520057943187,0.06821541196136567
dim 638,638,0.17621614,SolventAccessibility_group3_D0,0.035899057805754656,0.2723034028631034,-0.029307620027958885,0.3701915792914291,0.3108316355306785,0.44721385565960414,0.006591437777795771
dim 638,638,0.17621614,SolventAccessibility_group3_D25,-0.02661969634139422,0.4157036383850349,-0.02174250522605872,0.5062179840325639,0.4580831910940338,0.5806209020153721,0.004877191115335501
dim 638,638,0.17621614,SolventAccessibility_group3_D50,0.12264438025177873,0.0001676155315631887,0.09735076070058725,0.0028538079926116755,0.00027469866311140837,0.005872901229404187,0.025293619551191485
dim 638,638,0.17621614,SolventAccessibility_group3_D75,0.15101972840741762,3.429422128052308e-06,0.17953954202668798,3.1394983014987456e-08,6.601884673022887e-06,1.3273321932918747e-07,-0.028519813619270362
dim 638,638,0.17621614,SolventAccessibility_group3_D100,0.20251533501847946,3.9562788135093703e-10,0.14836759269146602,5.09586874224865e-06,1.0164593259324073e-09,1.6835016418506915e-05,0.05414774232701344
dim 315,315,0.17324255,AAC_A,0.4418356994355862,4.716858698269289e-46,0.4280278193876539,4.9552397403213625e-43,3.928755125241752e-45,1.426767304540806e-41,0.01380788004793232
dim 315,315,0.17324255,AAC_C,0.12014342349753107,0.00022772128540859914,0.08358239516985493,0.010480482674579218,0.0003697564867597089,0.019086593311392907,0.036561028327676146
dim 315,315,0.17324255,AAC_D,-0.12261825357714087,0.00016815804306994378,0.027230999082704908,0.4050731762102796,0.0002754526061077059,0.48113243547024676,0.09538725449443597
dim 315,315,0.17324255,AAC_E,-0.5566094138638185,2.43501999803397e-77,-0.37070468289639613,6.765161876517193e-32,5.687389366037385e-76,1.1830178359982945e-30,0.18590473096742233
dim 315,315,0.17324255,AAC_F,-0.30251045703134505,2.787962846175858e-21,-0.2534180038063734,3.385747457680903e-15,1.1757318063418392e-20,2.5018576346580126e-14,0.04909245322497163
dim 315,315,0.17324255,AAC_G,0.48335787745672887,5.0624078033168835e-56,0.452638100831851,1.624964876826517e-48,5.712311507796754e-55,5.835895364086631e-47,0.030719776624877848
dim 315,315,0.17324255,AAC_H,-0.4154235306777381,2.155020823577344e-40,-0.2193487008472615,1.1351231180907285e-11,1.5750042780630917e-39,6.559361962669608e-11,0.19607482983047658
dim 315,315,0.17324255,AAC_I,-0.47644601384825713,2.887635476651264e-54,-0.398628631747397,4.7702713081582e-37,3.0424928996893443e-53,1.083857562533904e-35,0.07781738210086014
dim 315,315,0.17324255,AAC_K,-0.5180184656920325,1.8388787420753078e-65,-0.3750166175302903,1.1669574238340535e-32,2.910831752858544e-64,2.1298567189102396e-31,0.14300184816174216
dim 315,315,0.17324255,AAC_L,-0.4186320055848615,4.703695887431206e-41,-0.2802605334447532,2.264759790356129e-18,3.4911876142267175e-40,2.0781037636784262e-17,0.1383714721401083
dim 315,315,0.17324255,AAC_M,-0.41422403910446737,3.79084470996472e-40,-0.32370284711726915,2.6839042840047482e-24,2.7524828981048184e-39,3.421465766632007e-23,0.09052119198719821
dim 315,315,0.17324255,AAC_N,-0.09785582808991812,0.0027121216714497283,-0.12319171277036224,0.00015662138254722398,0.003973020343264075,0.0004083648850177425,-0.02533588468044412
dim 315,315,0.17324255,AAC_P,0.4631731464538578,5.275305077547508e-51,0.2417093209412739,6.360211485399353e-14,4.921653340505217e-50,4.3089465235768437e-13,0.22146382551258392
dim 315,315,0.17324255,AAC_Q,-0.32969037600397705,3.4020177430889054e-25,-0.33692973354030586,2.6313899414247125e-26,1.6003858115375977e-24,3.587282614023894e-25,-0.0072393575363288165
dim 315,315,0.17324255,AAC_R,0.277115325700972,5.5679915481190294e-18,0.25118137894780274,5.999363889201936e-15,2.1133058830360858e-17,4.356059867377058e-14,0.02593394675316929
dim 315,315,0.17324255,AAC_S,0.3778585240758101,3.6115410302944276e-33,0.112230442726149,0.0005780326820880077,2.1387494753871255e-32,0.0013557789032120407,0.2656280813496611
dim 315,315,0.17324255,AAC_T,0.49780902530102317,7.944365668943406e-60,0.2653436116439232,1.4572887144005423e-16,1.0244857658019682e-58,1.2018134089130399e-15,0.23246541365709994
dim 315,315,0.17324255,AAC_V,0.1767702041786015,5.130098565032169e-08,0.23793658350352082,1.584512384137664e-13,1.140780905939244e-07,1.0521414240596019e-12,-0.06116637932491931
dim 315,315,0.17324255,AAC_W,0.07118629660855848,0.029339025113932424,-0.01632609586800606,0.6176980879586236,0.0385190030976943,0.6829234074087398,0.054860200740552416
dim 315,315,0.17324255,AAC_Y,-0.14473933305155656,8.664731574442137e-06,-0.12631081603385616,0.00010583602818075831,1.590995242365956e-05,0.0002839295856415524,0.018428517017700402
dim 315,315,0.17324255,Hydrophobicity_C1,-0.605726653331343,6.608751628714912e-95,-0.4385450928955386,2.5492523115561448e-45,2.725090177766396e-93,7.811470385869287e-44,0.1671815604358044
dim 315,315,0.17324255,Hydrophobicity_C2,0.6856119193463792,4.512140698270962e-131,0.5321997802937636,1.1950135801090172e-69,1.0047033288150009e-128,1.6630605656517156e-67,0.15341213905261564
dim 315,315,0.17324255,Hydrophobicity_C3,-0.6161034107799112,5.075746498829823e-99,-0.4716293431614537,4.579520717146712e-53,2.4218561865845155e-97,2.0952875609958926e-51,0.14447406761845744
dim 315,315,0.17324255,Hydrophobicity_T12,0.11548057471286016,0.00039702915914111855,0.2204368945654062,8.930530383933281e-12,0.0006278775528083977,5.1965107112085644e-11,-0.10495631985254603
dim 315,315,0.17324255,Hydrophobicity_T13,-0.6402583227619704,3.2103561138571477e-109,-0.4817640015934601,1.2969014864975964e-55,2.233872795892265e-107,6.875636452225353e-54,0.15849432116851025
dim 315,315,0.17324255,Hydrophobicity_T23,0.22468733394246668,3.4574414204909224e-12,0.1265746266719391,0.00010234243702509019,9.955046848654897e-12,0.0002756643061804849,0.09811270727052757
dim 315,315,0.17324255,Hydrophobicity_group1_D0,0.005006824756617014,0.8783528805293978,0.019592823009329328,0.5491714439075472,0.8914307569031262,0.6211421004575712,-0.014585998252712314
dim 315,315,0.17324255,Hydrophobicity_group1_D25,0.3912526982626652,1.2248075662911436e-35,0.16417988836555045,4.3437759542688434e-07,7.675154355370393e-35,1.6301361446357233e-06,0.22707280989711473
dim 315,315,0.17324255,Hydrophobicity_group1_D50,0.17252181865943972,1.07354026156266e-07,0.041236543759732174,0.20726530182849104,2.3283275802722623e-07,0.27417056033157244,0.13128527489970754
dim 315,315,0.17324255,Hydrophobicity_group1_D75,0.24872472567553489,1.1173741455817402e-14,0.11927337604370362,0.0002529954702963902,3.691423982436214e-14,0.0006339121311252387,0.12945134963183125
dim 315,315,0.17324255,Hydrophobicity_group1_D100,-0.15244127971868943,2.765763474253014e-06,-0.012034455979525988,0.7129464827805476,5.370726746514574e-06,0.765918704563213,0.14040682373916344
dim 315,315,0.17324255,Hydrophobicity_group2_D0,-0.25567068468552,1.892152671932949e-15,-0.1765231598148788,5.357823312006246e-08,6.416030379955381e-15,2.2202394369852185e-07,0.07914752487064122
dim 315,315,0.17324255,Hydrophobicity_group2_D25,-0.29588242105186857,2.1834219259301805e-20,-0.06509408625369643,0.046369652393314344,8.970023656342931e-20,0.0726428888338039,0.23078833479817212
dim 315,315,0.17324255,Hydrophobicity_group2_D50,-0.12731907489848973,9.306067217596912e-05,-0.008432800210404733,0.7965675392522986,0.0001565068706282663,0.8355953458237052,0.11888627468808499
dim 315,315,0.17324255,Hydrophobicity_group2_D75,-0.12776349686020277,8.790420734752132e-05,0.008445931765239114,0.7962577147670362,0.00014813322529804297,0.8355953458237052,0.11931756509496366
dim 315,315,0.17324255,Hydrophobicity_group2_D100,0.20858898371262183,1.1368737747684998e-10,0.1488863272800063,4.718553434951005e-06,3.0136177839101506e-10,1.565041556378983e-05,0.05970265643261552
dim 315,315,0.17324255,Hydrophobicity_group3_D0,0.13952230870275292,1.8182004015051156e-05,-0.06521173447477546,0.04597521770683323,3.245745238389677e-05,0.07209259490179483,0.07431057422797746
dim 315,315,0.17324255,Hydrophobicity_group3_D25,0.2613987811091869,4.1994642652997507e-16,0.05747635829694501,0.07866539168802136,1.477999014341535e-15,0.11589872441022997,0.2039224228122419
dim 315,315,0.17324255,Hydrophobicity_group3_D50,0.155240755342531,1.8004585379871995e-06,0.06017087431456976,0.06561165621693682,3.5583026727084294e-06,0.09866858701691535,0.09506988102796125
dim 315,315,0.17324255,Hydrophobicity_group3_D75,0.021874117595864537,0.5036467175574224,-0.006658188521500821,0.8387126858802673,0.5443948338646573,0.8710511103358497,0.015215929074363716
dim 315,315,0.17324255,Hydrophobicity_group3_D100,-0.0610496154375125,0.06176142911509779,-0.1096262846801321,0.0007755775173800975,0.0773556106791921,0.0017742663753763873,-0.048576669242619594
dim 315,315,0.17324255,NormVanDerWaalsVolume_C1,0.7045684176694055,1.9336860107870355e-141,0.5628091561387619,2.1370400961919358e-79,1.076418546004783e-138,1.0196734173258665e-76,0.14175926153064355
dim 315,315,0.17324255,NormVanDerWaalsVolume_C2,-0.6737873431770339,5.356088161623892e-125,-0.5348075562889503,1.9299564771408432e-70,8.518730695154192e-123,3.58114146313912e-68,0.13897978688808366
dim 315,315,0.17324255,NormVanDerWaalsVolume_C3,-0.5318014194214566,1.5766055602389606e-69,-0.37995496490310054,1.5090027075595166e-33,2.7861706725916022e-68,2.8800394532850205e-32,0.1518464545183561
dim 315,315,0.17324255,NormVanDerWaalsVolume_T12,0.2493170698289406,9.623689139450144e-15,0.15423879190706918,2.1013032379758932e-06,3.2015061479844107e-14,7.29558504661069e-06,0.09507827792187143
dim 315,315,0.17324255,NormVanDerWaalsVolume_T13,0.07861559232672607,0.016085363826190757,0.11747972372035609,0.00031360620940622795,0.021795178571795994,0.0007724518727262546,-0.038864131393630014
dim 315,315,0.17324255,NormVanDerWaalsVolume_T23,-0.647435128894293,1.980263049620542e-112,-0.5236535476477686,4.2115233376739914e-67,1.6535196464331525e-110,5.209810351048567e-65,0.12378158124652439
dim 315,315,0.17324255,NormVanDerWaalsVolume_group1_D0,-0.21969660632970583,1.0514769013694088e-11,-0.1312598307823486,5.57749901967803e-05,2.9561724331429506e-11,0.0001581396156682905,0.08843677554735724
dim 315,315,0.17324255,NormVanDerWaalsVolume_group1_D25,-0.29065153908653135,1.0672011660686897e-19,-0.10999527905998749,0.0007442150044575825,4.2739231350952325e-19,0.0017107213454152276,0.18065626002654386
dim 315,315,0.17324255,NormVanDerWaalsVolume_group1_D50,-0.08129298890992853,0.012802566626840173,-0.0027326445375330634,0.9334253594817128,0.01753920120330032,0.9467478592981843,0.07856034437239547
dim 315,315,0.17324255,NormVanDerWaalsVolume_group1_D75,-0.13122005100067977,5.6068047503358844e-05,-0.009368940324307488,0.7745633534365429,9.613309992875696e-05,0.8189432100278738,0.12185111067637228
dim 315,315,0.17324255,NormVanDerWaalsVolume_group1_D100,0.22825026330395898,1.5375053784843036e-12,0.17571084254195737,6.177670082802454e-08,4.552542521398559e-12,2.534817945523366e-07,0.052539420762001604
dim 315,315,0.17324255,NormVanDerWaalsVolume_group2_D0,0.038889360425221,0.2343287570109573,0.018835657481187568,0.5647169091033306,0.2698724515195462,0.6352827471893312,0.020053702944033434
dim 315,315,0.17324255,NormVanDerWaalsVolume_group2_D25,0.26424833155933536,1.9585764992640164e-16,0.07918036662365995,0.015337131657764767,7.011409975929062e-16,0.026763855661930156,0.1850679649356754
dim 315,315,0.17324255,NormVanDerWaalsVolume_group2_D50,0.05868340047445689,0.07257801057690388,0.004395335138856798,0.8931145387383733,0.09018249826148028,0.9153122305572774,0.054288065335600086
dim 315,315,0.17324255,NormVanDerWaalsVolume_group2_D75,-0.00557224058206688,0.8647408210726047,-0.02354885461042837,0.4715380564365962,0.8797545971314346,0.5472331857186349,-0.01797661402836149
dim 315,315,0.17324255,NormVanDerWaalsVolume_group2_D100,-0.2295565285551522,1.1384133930702687e-12,-0.18613094614187875,9.457554452241048e-09,3.394911368620266e-12,4.234347435721863e-08,0.04342558241327346
dim 315,315,0.17324255,NormVanDerWaalsVolume_group3_D0,0.12224131643172773,0.00017617083811338367,0.024566790758137544,0.45258633705547746,0.0002881540642990703,0.5279910463727889,0.09767452567359018
dim 315,315,0.17324255,NormVanDerWaalsVolume_group3_D25,0.18222996692095023,1.9340526000651595e-08,0.11215704540942543,0.0005828914999980239,4.4335866055028367e-08,0.0013652577910192145,0.07007292151152479
dim 315,315,0.17324255,NormVanDerWaalsVolume_group3_D50,0.1140995303894726,0.0004662882155942023,0.06085392615178411,0.06260228164786512,0.0007322062247694573,0.0946542939813843,0.05324560423768849
dim 315,315,0.17324255,NormVanDerWaalsVolume_group3_D75,0.08499933211800671,0.009238303348772155,0.028727015951790592,0.3797513603651227,0.012845933882139466,0.4560027253578672,0.05627231616621612
dim 315,315,0.17324255,NormVanDerWaalsVolume_group3_D100,-0.0633883701300487,0.05241521865884387,0.006762270435215201,0.8362267942039401,0.06608789366573745,0.869294711620033,0.056626099694833495
dim 315,315,0.17324255,Polarity_C1,-0.6417509342157284,7.015530510797436e-110,-0.5051636631995396,7.813135066481323e-62,5.579017120491295e-108,6.867334505802005e-60,0.13658727101618873
dim 315,315,0.17324255,Polarity_C2,0.701801566007427,7.094180059218266e-140,0.5480039533858733,1.4806220848589887e-74,3.384937342541287e-137,4.1210648028575186e-72,0.15379761262155378
dim 315,315,0.17324255,Polarity_C3,-0.6382832178008316,2.370993605819795e-108,-0.46152629726389666,1.3092731572665103e-50,1.552768361458454e-106,5.3987312904569686e-49,0.17675692053693498
dim 315,315,0.17324255,Polarity_T12,0.4024577429220053,8.563228642151351e-38,0.25183824078399514,5.0744787314138145e-15,5.731700133223549e-37,3.7086999918866824e-14,0.15061950213801018
dim 315,315,0.17324255,Polarity_T13,-0.6753435197894688,8.823830929129523e-126,-0.5138028946047983,2.9616497351110925e-64,1.4735797651646303e-123,3.1909387468616285e-62,0.1615406251846705
dim 315,315,0.17324255,Polarity_T23,0.30291879930234833,2.451637698997853e-21,0.3332075364697671,9.894982958399129e-26,1.0365151790699783e-20,1.3219697232421237e-24,-0.030288737167418756
dim 315,315,0.17324255,Polarity_group1_D0,0.12149051035380458,0.00019321076165488044,-0.0213447868339919,0.5140297703981327,0.00031525351437581856,0.5881669863411316,0.10014572351981268
dim 315,315,0.17324255,Polarity_group1_D25,0.2583197773468344,9.475734544920342e-16,0.10892782467528847,0.0008383215149489449,3.2627786989725714e-15,0.0019099548839900927,0.14939195267154595
dim 315,315,0.17324255,Polarity_group1_D50,0.192699881734632,2.7380894715970797e-09,0.12411112276178382,0.00013966451212153264,6.675342215426457e-09,0.0003690502139920245,0.06858875897284819
dim 315,315,0.17324255,Polarity_group1_D75,0.1304254660032371,6.223586694636209e-05,0.07014295803737008,0.031802315594927,0.00010659886953889712,0.051613087505858204,0.06028250796586701
dim 315,315,0.17324255,Polarity_group1_D100,-0.026906282663302472,0.41069960589534044,-0.022580791817574095,0.4899592215655772,0.45331681549584835,0.5646873015973182,0.0043254908457283775
dim 315,315,0.17324255,Polarity_group2_D0,-0.2586571111947763,8.672017990649986e-16,-0.17562832756772884,6.267437375946689e-08,2.9922045546250985e-15,2.5684958080566797e-07,0.08302878362704746
dim 315,315,0.17324255,Polarity_group2_D25,-0.3639870007330374,9.91934451258773e-31,-0.15807226820411416,1.157315777181045e-06,5.476133995379011e-30,4.174335524605497e-06,0.20591473252892326
dim 315,315,0.17324255,Polarity_group2_D50,-0.200593264325028,5.82379136691175e-10,-0.06490299017954983,0.04701639354990512,1.4735956943549428e-09,0.07348374097177497,0.13569027414547818
dim 315,315,0.17324255,Polarity_group2_D75,-0.13689593028680996,2.6147140359850365e-05,0.014796709379445452,0.651013853399783,4.621354050330524e-05,0.7129135312640247,0.12209922090736451
dim 315,315,0.17324255,Polarity_group2_D100,0.17355664104715474,8.983055822816683e-08,0.14330167674835242,1.0655778000628235e-05,1.9597260906732672e-07,3.3512522148868454e-05,0.03025496429880231
dim 315,315,0.17324255,Polarity_group3_D0,0.05462117752432864,0.09472270282292454,0.04663376044710883,0.15376699173221667,0.11591246645283856,0.2129277580371491,0.00798741707721981
dim 315,315,0.17324255,Polarity_group3_D25,0.4281580050333909,4.647564952999962e-43,0.17436944248199196,7.803868308240326e-08,3.60996905651625e-42,3.1441399456601553e-07,0.2537885625513989
dim 315,315,0.17324255,Polarity_group3_D50,0.20970438968240485,9.004016522067677e-11,0.04163280736870782,0.2029293029020971,2.407799454259891e-10,0.27014104092985425,0.168071582313697
dim 315,315,0.17324255,Polarity_group3_D75,0.23328638829560117,4.777686734455031e-13,0.10468937975912884,0.0013313546913591597,1.453321829970838e-12,0.002908256814348982,0.12859700853647232
dim 315,315,0.17324255,Polarity_group3_D100,-0.15047180875148394,3.723887126959585e-06,-0.03139536103315421,0.337065223439926,7.144045378543949e-06,0.41207827463007063,0.11907644771832973
dim 315,315,0.17324255,Polarizability_C1,0.670403124833716,2.6035355799186746e-123,0.5425077827858446,8.064641344021676e-73,3.780786450838423e-121,1.923993006359457e-70,0.12789534204787145
dim 315,315,0.17324255,Polarizability_C2,-0.5655971479942855,2.458461153717189e-80,-0.46435010673269,2.746516634441802e-51,6.41504707298079e-79,1.1913461764981325e-49,0.1012470412615955
dim 315,315,0.17324255,Polarizability_C3,-0.5318014194214566,1.5766055602389606e-69,-0.37995496490310054,1.5090027075595166e-33,2.7861706725916022e-68,2.8800394532850205e-32,0.1518464545183561
dim 315,315,0.17324255,Polarizability_T12,0.5548895081394541,8.90059028517263e-77,0.38046071977890195,1.2213566487908718e-33,2.0361624351011356e-75,2.3996065923303012e-32,0.1744287883605522
dim 315,315,0.17324255,Polarizability_T13,0.06559768127943907,0.044701024383460644,0.12083732136136864,0.00020928126547042295,0.05696353355236877,0.000532826776450436,-0.05523964008192957
dim 315,315,0.17324255,Polarizability_T23,-0.6283587353024626,4.4015553851236774e-104,-0.5088087629641623,7.580439987611028e-63,2.4100319649693576e-102,7.446667517241422e-61,0.11954997233830023
dim 315,315,0.17324255,Polarizability_group1_D0,-0.201232413819917,5.12332410048792e-10,-0.12859084169081864,7.90147795994477e-05,1.3032675168034768e-09,0.00021685239429922374,0.07264157212909836
dim 315,315,0.17324255,Polarizability_group1_D25,-0.21616113497800665,2.2752275717283303e-11,-0.009224066906144,0.7779573219539028,6.290778219844887e-11,0.8217512508937492,0.20693706807186266
dim 315,315,0.17324255,Polarizability_group1_D50,-0.10511846827909042,0.0012713913285379488,0.08293829912394728,0.011092633852335722,0.0019223390843443862,0.020037532215684863,0.022180169155143148
dim 315,315,0.17324255,Polarizability_group1_D75,-0.11220296908335771,0.0005798469797945703,0.0410549341831557,0.20927478698645055,0.0009071142447371733,0.27644051925388446,0.07114803490020201
dim 315,315,0.17324255,Polarizability_group1_D100,0.165770864543715,3.3449949135950587e-07,0.1647324152631806,3.9681004808701557e-07,7.008960483944477e-07,1.4992596839486788e-06,0.0010384492805343981
dim 315,315,0.17324255,Polarizability_group2_D0,-0.10959412000883634,0.0007783685926552024,-0.08465990719643951,0.009523275792857545,0.0012052624475977635,0.017467183497058867,0.024934212812396828
dim 315,315,0.17324255,Polarizability_group2_D25,0.12634731955493536,0.00010534600931951841,-0.04481114780694198,0.17051617410049827,0.0001761921237492196,0.23207987836009136,0.08153617174799338
dim 315,315,0.17324255,Polarizability_group2_D50,0.1600434600529957,8.468985312933159e-07,-0.036208220801849336,0.2681928923102283,1.7164084311405797e-06,0.34098373061140563,0.12383523925114635
dim 315,315,0.17324255,Polarizability_group2_D75,0.01205390710024546,0.7125030958892519,-0.07873217622205177,0.015928337093226337,0.7406661500996269,0.02772310885428659,-0.0666782691218063
dim 315,315,0.17324255,Polarizability_group2_D100,-0.02445200400264185,0.4547016853045415,-0.08129717198186497,0.012797939295482279,0.4959842027815704,0.02275598474306166,-0.056845167979223114
dim 315,315,0.17324255,Polarizability_group3_D0,0.12224131643172773,0.00017617083811338367,0.024566790758137544,0.45258633705547746,0.0002881540642990703,0.5279910463727889,0.09767452567359018
dim 315,315,0.17324255,Polarizability_group3_D25,0.18222996692095023,1.9340526000651595e-08,0.11215704540942543,0.0005828914999980239,4.4335866055028367e-08,0.0013652577910192145,0.07007292151152479
dim 315,315,0.17324255,Polarizability_group3_D50,0.1140995303894726,0.0004662882155942023,0.06085392615178411,0.06260228164786512,0.0007322062247694573,0.0946542939813843,0.05324560423768849
dim 315,315,0.17324255,Polarizability_group3_D75,0.08499933211800671,0.009238303348772155,0.028727015951790592,0.3797513603651227,0.012845933882139466,0.4560027253578672,0.05627231616621612
dim 315,315,0.17324255,Polarizability_group3_D100,-0.0633883701300487,0.05241521865884387,0.006762270435215201,0.8362267942039401,0.06608789366573745,0.869294711620033,0.056626099694833495
dim 315,315,0.17324255,Charge_C1,-0.3656572602792894,5.1180174112039325e-31,-0.20154538991283577,4.810967688187226e-10,2.85378600224059e-30,2.4420413493229994e-09,0.16411187036645364
dim 315,315,0.17324255,Charge_C2,0.4884579474899348,2.4126680255561052e-57,0.2739120473042614,1.3753876608331011e-17,2.8575571650203517e-56,1.2088933650480417e-16,0.21454590018567343
dim 315,315,0.17324255,Charge_C3,-0.4569736718024303,1.5747960445619056e-49,-0.24260985339993413,5.1032028421826045e-14,1.4254251460262233e-48,3.4856232091799384e-13,0.2143638184024962
dim 315,315,0.17324255,Charge_T12,-0.29101020059260874,9.581935248021688e-20,-0.16526729986958016,3.6343598872885987e-07,3.846594198124091e-19,1.3809740641119362e-06,0.12574290072302857
dim 315,315,0.17324255,Charge_T13,-0.4318498949600051,7.458631502197513e-44,-0.24652963779076373,1.9367138565304113e-14,5.9172991015058655e-43,1.3448283328090588e-13,0.18532025716924136
dim 315,315,0.17324255,Charge_T23,-0.40213516120812975,9.904969786570818e-38,-0.1867142102156899,8.486930465569415e-09,6.616519817429307e-37,3.820262500674103e-08,0.21542095099243985
dim 315,315,0.17324255,Charge_group1_D0,-0.02233296531361411,0.4947364774509916,-0.061650687450045275,0.05923687369617369,0.5356304164299228,0.0903429945868585,-0.039317722136431164
dim 315,315,0.17324255,Charge_group1_D25,0.029694559185689254,0.3639041818408351,-0.08467649934716562,0.009509165574758083,0.40555220799078723,0.017450886274556043,-0.05498194016147637
dim 315,315,0.17324255,Charge_group1_D50,-0.01639221428815426,0.6162746939679249,-0.0510893559101047,0.11809927733706849,0.6532394407657471,0.16735323984124256,-0.03469714162195044
dim 315,315,0.17324255,Charge_group1_D75,0.07727551192796873,0.017990214974993573,0.00781440208502291,0.81119339733566,0.024218991542312992,0.8483440911887458,0.06946110984294582
dim 315,315,0.17324255,Charge_group1_D100,-0.021128833527527233,0.5182974935755663,0.028770055011713484,0.3790375544819766,0.5586039459639857,0.4555543116120194,-0.00764122148418625
dim 315,315,0.17324255,Charge_group2_D0,-0.07277656355377714,0.025900218726704696,-0.08011249186404447,0.01416900578168115,0.03426009130581928,0.024894518311843788,-0.007335928310267331
dim 315,315,0.17324255,Charge_group2_D25,-0.08059243221220093,0.013598689728610157,0.04456262727598444,0.1729018756107063,0.018568938550105447,0.23484841990230138,0.03602980493621649
dim 315,315,0.17324255,Charge_group2_D50,0.032991017015671024,0.3130721760220429,0.04324263731110525,0.1859922067989513,0.35338326053180913,0.250231760962001,-0.010251620295434229
dim 315,315,0.17324255,Charge_group2_D75,-0.01322358790231821,0.6860234477742468,0.010513292345858226,0.7479103364946735,0.7172167982722644,0.7960549789331453,0.0027102955564599837
dim 315,315,0.17324255,Charge_group2_D100,0.18939149200564698,5.139945883705021e-09,0.08091155485435411,0.013230773153270118,1.2279985158494113e-08,0.02341853859667313,0.10847993715129287
dim 315,315,0.17324255,Charge_group3_D0,0.07130005671902767,0.029080623189295836,0.10396661539880322,0.0014382780339424715,0.03822482544362381,0.0031193822294596457,-0.032666558679775554
dim 315,315,0.17324255,Charge_group3_D25,0.21200625754446972,5.541680448702254e-11,0.08785393325132256,0.0071267329752277495,1.5048140405419128e-10,0.013539981875574904,0.12415232429314717
dim 315,315,0.17324255,Charge_group3_D50,0.04278822423008269,0.1906637735117147,0.03679984053096062,0.26044608968526356,0.22313139577054208,0.33286667058963665,0.005988383699122066
dim 315,315,0.17324255,Charge_group3_D75,0.018083116981722148,0.58037382215229,0.04129123701709765,0.20666287606669398,0.6199108299541243,0.2736931031176677,-0.023208120035375503
dim 315,315,0.17324255,Charge_group3_D100,-0.09412386034461115,0.003929925493196599,0.020106740321994256,0.5387415983646006,0.005662619131698292,0.6120397750128455,0.0740171200226169
dim 315,315,0.17324255,SecondaryStructure_C1,-0.4945316176685276,6.010135837208269e-59,-0.2695891858637827,4.5730568138901574e-17,7.462399143596883e-58,3.8964310608145724e-16,0.22494243180474488
dim 315,315,0.17324255,SecondaryStructure_C2,0.0829497965459709,0.011081434459259359,-0.05852562133794056,0.07335115527258931,0.015275274904633205,0.10922552769079281,0.024424175208030342
dim 315,315,0.17324255,SecondaryStructure_C3,0.610411165559635,9.582957266437353e-97,0.42193863287025224,9.631043264005945e-42,4.2676103026534345e-95,2.6584863224611453e-40,0.1884725326893828
dim 315,315,0.17324255,SecondaryStructure_T12,-0.5084295482415975,9.675360747293018e-63,-0.36184202573513735,2.307045330314349e-30,1.3693095294897748e-61,3.8916825268939017e-29,0.14658752250646012
dim 315,315,0.17324255,SecondaryStructure_T13,-0.1179419984979453,0.00029680375696081423,0.09580179827594698,0.0033314362972783765,0.00047568356441896336,0.006788893979810725,0.02214020022199832
dim 315,315,0.17324255,SecondaryStructure_T23,0.46181480071865255,1.1169300407904225e-50,0.24250291495242376,5.2386462063931015e-14,1.0362628711777809e-49,3.563559741212415e-13,0.2193118857662288
dim 315,315,0.17324255,SecondaryStructure_group1_D0,-0.041987632600398894,0.1991030421556964,-0.10394520581282471,0.0014415625787231195,0.2323564503144745,0.003124476971405074,-0.061957573212425815
dim 315,315,0.17324255,SecondaryStructure_group1_D25,-0.17121879944180476,1.3415688722591485e-07,-0.18077620474584627,2.515044587529208e-08,2.894599504745191e-07,1.0769549900445583e-07,-0.009557405304041505
dim 315,315,0.17324255,SecondaryStructure_group1_D50,-0.20150678674569836,4.848467134569101e-10,-0.13612651664214206,2.9047508929021503e-05,1.2380642377263605e-09,8.562990275633876e-05,0.06538027010355629
dim 315,315,0.17324255,SecondaryStructure_group1_D75,-0.13740325198594305,2.4387544075375477e-05,-0.03211148730695832,0.32615484292096497,4.314321886215789e-05,0.4013843682225582,0.10529176467898474
dim 315,315,0.17324255,SecondaryStructure_group1_D100,-0.1317103851293121,5.255531733931097e-05,-0.025674886909221317,0.43245339449337766,9.029565839161453e-05,0.5091273660937192,0.10603549822009078
dim 315,315,0.17324255,SecondaryStructure_group2_D0,0.04242552379281974,0.1944539465672561,-0.016561561208774243,0.6126355752272012,0.22740762658775748,0.6786742359067502,0.025863962584045497
dim 315,315,0.17324255,SecondaryStructure_group2_D25,0.03137641832425123,0.33735696551063005,0.09052843112698589,0.005552278442184944,0.3781114982568806,0.010781749998196345,-0.05915201280273465
dim 315,315,0.17324255,SecondaryStructure_group2_D50,0.0549173470562234,0.092943887812305,0.04114327024361933,0.20829560763561986,0.11387842453892102,0.2754185785839154,0.01377407681260407
dim 315,315,0.17324255,SecondaryStructure_group2_D75,0.14670451867971587,6.509846188421836e-06,0.0406356683511464,0.21396762869434022,1.2174068459870623e-05,0.2810270860554842,0.10606885032856947
dim 315,315,0.17324255,SecondaryStructure_group2_D100,0.03888334439006703,0.23440119217311484,-0.01731350361857525,0.5965928713879174,0.2698724515195462,0.6635431869582564,0.021569840771491777
dim 315,315,0.17324255,SecondaryStructure_group3_D0,-0.12871948578398287,7.771124847815749e-05,-0.06493591765782529,0.04690441731882917,0.00013175409640459187,0.07337740226926906,0.06378356812615758
dim 315,315,0.17324255,SecondaryStructure_group3_D25,0.04029604208723561,0.21782426099611452,0.07563539984651448,0.020587722238566798,0.2527033802455792,0.034743593200789125,-0.035339357759278864
dim 315,315,0.17324255,SecondaryStructure_group3_D50,0.18258961907142765,1.81177185845552e-08,0.11307813547232565,0.000524579384875768,4.161841820661236e-08,0.0012402354055805456,0.069511483599102
dim 315,315,0.17324255,SecondaryStructure_group3_D75,0.05869803880406228,0.0725066191463897,0.026574049793747334,0.4165039703250582,0.0901273196683817,0.49278188483375646,0.03212398901031495
dim 315,315,0.17324255,SecondaryStructure_group3_D100,0.14139062576617265,1.398509230793496e-05,0.07755085514804183,0.017583466717513527,2.5207883598760265e-05,0.030148243755901017,0.06383977061813081
dim 315,315,0.17324255,SolventAccessibility_C1,0.18966356718400768,4.882570350435404e-09,0.30899878308876894,3.5287166996929206e-22,1.16734323338971e-08,3.915585972416729e-21,-0.11933521590476126
dim 315,315,0.17324255,SolventAccessibility_C2,-0.605726653331343,6.608751628714912e-95,-0.4385450928955386,2.5492523115561448e-45,2.725090177766396e-93,7.811470385869287e-44,0.1671815604358044
dim 315,315,0.17324255,SolventAccessibility_C3,0.4436697157593567,1.8270207887357884e-46,0.14409678218614322,9.50627349715134e-06,1.540972079388266e-45,3.0181514715290376e-05,0.29957293357321346
dim 315,315,0.17324255,SolventAccessibility_T12,-0.4776838454984033,1.4092192129525434e-54,-0.2114876905679624,6.185010016543465e-11,1.4942197369084111e-53,3.353560625853113e-10,0.2661961549304409
dim 315,315,0.17324255,SolventAccessibility_T13,0.40196168963218604,1.0710733554776708e-37,0.19928348845997784,7.562780189451516e-10,7.140489036517806e-37,3.7701023630997115e-09,0.2026782011722082
dim 315,315,0.17324255,SolventAccessibility_T23,-0.12526070397909583,0.00012088742257839594,-0.16409630897440322,4.4035057304595605e-07,0.00020137854933258972,1.650696873146457e-06,-0.03883560499530739
dim 315,315,0.17324255,SolventAccessibility_group1_D0,-0.06980590589389957,0.032635018680535845,-0.0635845147100482,0.05168814350476132,0.042628456156820385,0.08007346906581764,0.006221391183851371
dim 315,315,0.17324255,SolventAccessibility_group1_D25,-0.1913356265534494,3.55484789322835e-09,-0.07658083471334325,0.01905318850471534,8.596842359039533e-09,0.03243509154217596,0.11475479184010616
dim 315,315,0.17324255,SolventAccessibility_group1_D50,-0.16204147973799335,6.14724081312352e-07,-0.00847539198473392,0.7955627502488213,1.2588463712956809e-06,0.8353283828453515,0.15356608775325942
dim 315,315,0.17324255,SolventAccessibility_group1_D75,-0.1860891158167781,9.531161895394695e-09,-0.056156763378321164,0.08578833887239798,2.226159491651628e-08,0.12528773582588948,0.1299323524384569
dim 315,315,0.17324255,SolventAccessibility_group1_D100,0.11077719256416248,0.0006816043353625238,0.11837198702036358,0.00028193399684907946,0.0010603439590641962,0.0007006395457410159,-0.007594794456201107
dim 315,315,0.17324255,SolventAccessibility_group2_D0,0.005006824756617014,0.8783528805293978,0.019592823009329328,0.5491714439075472,0.8914307569031262,0.6211421004575712,-0.014585998252712314
dim 315,315,0.17324255,SolventAccessibility_group2_D25,0.3912526982626652,1.2248075662911436e-35,0.16417988836555045,4.3437759542688434e-07,7.675154355370393e-35,1.6301361446357233e-06,0.22707280989711473
dim 315,315,0.17324255,SolventAccessibility_group2_D50,0.17252181865943972,1.07354026156266e-07,0.041236543759732174,0.20726530182849104,2.3283275802722623e-07,0.27417056033157244,0.13128527489970754
dim 315,315,0.17324255,SolventAccessibility_group2_D75,0.24872472567553489,1.1173741455817402e-14,0.11927337604370362,0.0002529954702963902,3.691423982436214e-14,0.0006339121311252387,0.12945134963183125
dim 315,315,0.17324255,SolventAccessibility_group2_D100,-0.15244127971868943,2.765763474253014e-06,-0.012034455979525988,0.7129464827805476,5.370726746514574e-06,0.765918704563213,0.14040682373916344
dim 315,315,0.17324255,SolventAccessibility_group3_D0,0.08295020552421149,0.011081036267074025,-0.0492899554988811,0.13163377387793299,0.015275274904633205,0.18488511553923304,0.03366025002533039
dim 315,315,0.17324255,SolventAccessibility_group3_D25,-0.02685337564486614,0.4116207077876502,-0.0191160984455338,0.5589345540582777,0.454183404033945,0.6300511004234384,0.00773727719933234
dim 315,315,0.17324255,SolventAccessibility_group3_D50,0.05992286059187247,0.06673340027294115,0.0015543049959479962,0.9621031718176186,0.08322985694982206,0.9699644934469176,0.05836855559592447
dim 315,315,0.17324255,SolventAccessibility_group3_D75,-0.029875441029798982,0.3609880277502919,0.009726604765133307,0.7662028230144973,0.40257095582169444,0.811902737585159,0.020148836264665675
dim 315,315,0.17324255,SolventAccessibility_group3_D100,0.16041216657713836,7.98510711505157e-07,0.04581187745354999,0.16115839099359144,1.6212922653053033e-06,0.22178369423922348,0.11460028912358837
dim 596,596,0.16427211,AAC_A,-0.07241745394612667,0.026644748911377438,0.03391937265307124,0.29964268620272877,0.0351613833915451,0.3752555575242273,0.03849808129305543
dim 596,596,0.16427211,AAC_C,-0.3710411647282122,5.903842754565656e-32,-0.393116937344523,5.434782249433881e-36,3.3881159450600156e-31,1.210144847540611e-34,-0.02207577261631083
dim 596,596,0.16427211,AAC_D,0.3874980911863357,6.193544308876394e-35,0.3114772107232085,1.5803166712933197e-22,3.816685976318663e-34,1.801453133829245e-21,0.07602088046312722
dim 596,596,0.16427211,AAC_E,0.6107865473245478,6.805057706191164e-97,0.45191657223101844,2.3884595517437785e-48,3.0714719917133095e-95,8.486654151940659e-47,0.1588699750935294
dim 596,596,0.16427211,AAC_F,0.03539980194018491,0.2790317958529187,-0.07940134334563943,0.015052806427714404,0.31775185753452045,0.026295174408245872,-0.04400154140545452
dim 596,596,0.16427211,AAC_G,-0.3592842781368236,6.259432077585311e-30,-0.2953604131741463,2.5618286232416314e-20,3.36658665686553e-29,2.5618286232416314e-19,0.06392386496267732
dim 596,596,0.16427211,AAC_H,0.4983257255060193,5.762813153943379e-60,0.336448337521598,3.126259305883886e-26,7.4603860209964674e-59,4.244595968151292e-25,0.1618773879844213
dim 596,596,0.16427211,AAC_I,0.22982547416949828,1.0698644894855774e-12,0.08304586452882151,0.010988247992279435,3.1990576498494436e-12,0.019892004495508573,0.14677960964067677
dim 596,596,0.16427211,AAC_K,0.3166392538818261,2.893380904282585e-23,0.10642057546912974,0.0011043314195007905,1.3006584414944596e-22,0.0024508085987592293,0.21021867841269637
dim 596,596,0.16427211,AAC_L,0.5457777664273713,7.542877262602878e-74,0.44908196522031735,1.0749769414268303e-47,1.5551364232773836e-72,3.701466994191354e-46,0.09669580120705396
dim 596,596,0.16427211,AAC_M,0.14279508523940063,1.1456030034283403e-05,-0.022183544520561246,0.49762877128526434,2.0840490367378305e-05,0.5723416308859445,0.12061154071883938
dim 596,596,0.16427211,AAC_N,-0.20363525142480998,3.1526811458179296e-10,-0.2479902385583711,1.343951472099962e-14,8.150119989962759e-10,9.45010087750289e-14,-0.04435498713356112
dim 596,596,0.16427211,AAC_P,-0.22947439598472782,1.1601920979413372e-12,0.08381363821870616,0.01026814124322574,3.453691271946583e-12,0.018730525260717626,0.14566075776602166
dim 596,596,0.16427211,AAC_Q,0.03069717392903084,0.3479251756572398,-0.03370017119314398,0.3027785012066382,0.3886522029080873,0.3787566269775923,-0.0030029972641131414
dim 596,596,0.16427211,AAC_R,0.10803258332295367,0.000925618659896082,0.22610998124041512,2.505759364363142e-12,0.0014214098041622591,1.5161659922052345e-11,-0.11807739791746145
dim 596,596,0.16427211,AAC_S,-0.49690675931010153,1.3897983129300169e-59,-0.2884616293809457,2.053541558665062e-19,1.7785158487303665e-58,1.9596653731260877e-18,0.20844512992915581
dim 596,596,0.16427211,AAC_T,-0.6485593989542399,6.109579906257546e-113,-0.4905084114076689,6.993966796152459e-58,5.369999180763211e-111,4.171401624848074e-56,0.158050987546571
dim 596,596,0.16427211,AAC_V,0.10353020302532734,0.0015066094710240844,0.1087327408925291,0.0008566679893059076,0.002265680159036669,0.001945119703794515,-0.005202537867201762
dim 596,596,0.16427211,AAC_W,-0.14540092301447385,7.87276945545631e-06,-0.07772274900374787,0.017333638733161304,1.4551770880588862e-05,0.029765734379824552,0.06767817401072598
dim 596,596,0.16427211,AAC_Y,-0.23203703873624232,6.401087312524316e-13,-0.33753603481215727,2.117086467131351e-26,1.9400754649574605e-12,2.9462786667577973e-25,-0.10549899607591495
dim 596,596,0.16427211,Hydrophobicity_C1,0.5397699325192471,5.747766484432367e-72,0.34802635972465723,4.550327536447602e-28,1.0970022890288062e-70,6.908224532606813e-27,0.19174357279458987
dim 596,596,0.16427211,Hydrophobicity_C2,-0.5770967908322654,2.634403925805479e-84,-0.37557258439569496,9.285501356498537e-33,8.300857653009717e-83,1.7134571563925477e-31,0.20152420643657043
dim 596,596,0.16427211,Hydrophobicity_C3,0.4795700783507665,4.696219063298904e-55,0.28364308246432157,8.496222035323026e-19,5.0926531400708897e-54,7.926642904463382e-18,0.1959269958864449
dim 596,596,0.16427211,Hydrophobicity_T12,0.12126875374958529,0.00019853215927199969,0.07512539384954706,0.021459359176162585,0.0003236200156019907,0.0360353241067788,0.04614335990003823
dim 596,596,0.16427211,Hydrophobicity_T13,0.5013547534585884,8.678984880888672e-61,0.2852043548115963,5.379123071886515e-19,1.1457632214295717e-59,5.060921425380552e-18,0.2161503986469921
dim 596,596,0.16427211,Hydrophobicity_T23,-0.18770538093544947,7.0548762611744255e-09,-0.08176959344775102,0.012284757819435948,1.664073920361764e-08,0.021894925889496302,0.10593578748769845
dim 596,596,0.16427211,Hydrophobicity_group1_D0,-0.02677517980299631,0.412984322357594,-0.045888742703247706,0.16045596763872663,0.4553527151305462,0.22090805107722464,-0.019113562900251395
dim 596,596,0.16427211,Hydrophobicity_group1_D25,-0.3583200938291983,9.097449085052402e-30,-0.12383742530309483,0.00014452276638298895,4.84616905009171e-29,0.00038038301002299695,0.2344826685261035
dim 596,596,0.16427211,Hydrophobicity_group1_D50,-0.09976869224062795,0.0022317684127086644,0.047878243938999206,0.14306873775969645,0.003289543909288146,0.19927005175870982,0.05189044830162875
dim 596,596,0.16427211,Hydrophobicity_group1_D75,-0.16016246984418145,8.309799611065102e-07,-0.00903634579869826,0.7823613782752905,1.6851688343022125e-06,0.8256199062999906,0.1511261240454832
dim 596,596,0.16427211,Hydrophobicity_group1_D100,0.2623976905175785,3.2175896720933056e-16,0.15425647922227978,2.0955971994814196e-06,1.1372221698192213e-15,7.283345105377671e-06,0.10814121129529872
dim 596,596,0.16427211,Hydrophobicity_group2_D0,0.16219192280482178,5.999760217150053e-07,0.0604780878608489,0.06424372264165795,1.2293987193424035e-06,0.09669852799600612,0.10171383494397288
dim 596,596,0.16427211,Hydrophobicity_group2_D25,0.35526833948006364,2.9458841424264205e-29,0.1508446608045405,3.5209950182324633e-06,1.547052364104441e-28,1.1843024532624802e-05,0.20442367867552313
dim 596,596,0.16427211,Hydrophobicity_group2_D50,0.01258647090418282,0.7004014864184713,-0.13276273461613644,4.570663629488508e-05,0.729903577110045,0.0001312641145528084,-0.12017626371195363
dim 596,596,0.16427211,Hydrophobicity_group2_D75,0.1274660807097625,9.13242509382258e-05,-0.005695490080962525,0.8617788282938966,0.00015374143051092448,0.8900251349726699,0.12177059062879998
dim 596,596,0.16427211,Hydrophobicity_group2_D100,-0.1534659141396433,2.365714413434403e-06,-0.08104916930101565,0.01307484790918097,4.626162845943154e-06,0.02320403401523084,0.07241674483862766
dim 596,596,0.16427211,Hydrophobicity_group3_D0,-0.256799539797814,1.410560873575256e-15,-0.09176859226895898,0.004934749688851036,4.822183539141612e-15,0.009701038234704215,0.16503094752885503
dim 596,596,0.16427211,Hydrophobicity_group3_D25,-0.23562470686802875,2.750892201066117e-13,-0.02807773973213744,0.3906195299400242,8.499518919112702e-13,0.4664530675722849,0.20754696713589132
dim 596,596,0.16427211,Hydrophobicity_group3_D50,-0.04002228174364458,0.22096907489562295,0.08178184686132067,0.012271692898669504,0.2558186170368737,0.021894925889496302,-0.04175956511767609
dim 596,596,0.16427211,Hydrophobicity_group3_D75,0.05363136815568604,0.10086592089878144,0.09875260133254969,0.0024762650601963775,0.12264003487511102,0.005137096460283168,-0.04512123317686365
dim 596,596,0.16427211,Hydrophobicity_group3_D100,0.10326756516704408,0.0015491584996864484,0.15985760137600993,8.723466939889512e-07,0.0023275705753273675,3.1738975576504325e-06,-0.056590036208965855
dim 596,596,0.16427211,NormVanDerWaalsVolume_C1,-0.5254432394087817,1.2504231201171247e-67,-0.30257001445589915,2.736210546146356e-21,2.0573464143798995e-66,2.882947389315088e-20,0.22287322495288253
dim 596,596,0.16427211,NormVanDerWaalsVolume_C2,0.5571173114202113,1.6582133843483289e-77,0.370651010706858,6.9136228482126e-32,3.900304720931985e-76,1.202682307970317e-30,0.18646630071335324
dim 596,596,0.16427211,NormVanDerWaalsVolume_C3,0.3312602463634502,1.9643333119454434e-25,0.10968757218949969,0.0007702849802706996,9.306203208365647e-25,0.001765787120181288,0.2215726741739505
dim 596,596,0.16427211,NormVanDerWaalsVolume_T12,-0.017183939157504633,0.5993434858520087,0.13611246863029397,2.910319994239233e-05,0.6381279065175993,8.571841958341304e-05,-0.11892852947278934
dim 596,596,0.16427211,NormVanDerWaalsVolume_T13,-0.15263484948157738,2.6855325950151023e-06,-0.2068890572661031,1.617983502387505e-10,5.2331848700994405e-06,8.510338422006719e-10,-0.05425420778452572
dim 596,596,0.16427211,NormVanDerWaalsVolume_T23,0.43903592293104327,1.9843761011217094e-45,0.2372137764892902,1.8839614380952912e-13,1.6405485588481458e-44,1.2435634789008442e-12,0.20182214644175306
dim 596,596,0.16427211,NormVanDerWaalsVolume_group1_D0,0.16535692222569304,3.5811536896920814e-07,0.0646258047325989,0.04796794585152232,7.489701517577678e-07,0.07476105419695966,0.10073111749309414
dim 596,596,0.16427211,NormVanDerWaalsVolume_group1_D25,0.31254214292434246,1.1163964490534247e-22,0.14255012003432752,1.1863238113622412e-05,4.919213904800051e-22,3.699646619934534e-05,0.16999202289001494
dim 596,596,0.16427211,NormVanDerWaalsVolume_group1_D50,-0.1115386496032933,0.00062536191202404,-0.23432769848277168,3.7391500152310045e-13,0.0009755762663056018,2.3833513455861747e-12,-0.12278904887947839
dim 596,596,0.16427211,NormVanDerWaalsVolume_group1_D75,0.009306634754935301,0.7760224712697245,-0.14094072283967438,1.4901970827045982e-05,0.7984950875048921,4.562106559333967e-05,-0.1316340880847391
dim 596,596,0.16427211,NormVanDerWaalsVolume_group1_D100,-0.15140716956005618,3.2348005681480714e-06,-0.08065674271457196,0.01352382832900332,6.241614036750178e-06,0.023899252179296872,0.07075042684548422
dim 596,596,0.16427211,NormVanDerWaalsVolume_group2_D0,0.08235361247638469,0.011675566088973436,0.12972673423096717,6.818443812674092e-05,0.01606773413150856,0.0001896220011184968,-0.047373121754582484
dim 596,596,0.16427211,NormVanDerWaalsVolume_group2_D25,-0.2439383161678065,3.681820674232559e-14,-0.0566753701962627,0.08292927374817838,1.1824308703785335e-13,0.12157351504080642,0.1872629459715438
dim 596,596,0.16427211,NormVanDerWaalsVolume_group2_D50,0.07653000796591465,0.019133071486977484,0.16108583598095294,7.16881723565633e-07,0.025685071851489064,2.6457292339328336e-06,-0.08455582801503829
dim 596,596,0.16427211,NormVanDerWaalsVolume_group2_D75,0.03080659050101873,0.3462087330107486,0.054006624086350694,0.09850061756412379,0.38686422490996997,0.14138034493518412,-0.023200033585331962
dim 596,596,0.16427211,NormVanDerWaalsVolume_group2_D100,0.22416754736312253,3.886901414342893e-12,0.17950447043644424,3.159235404446401e-08,1.1143562853137564e-11,1.3339881480216156e-07,0.044663076926678286
dim 596,596,0.16427211,NormVanDerWaalsVolume_group3_D0,-0.3445990025074596,1.62153030855448e-27,-0.3037415996313879,1.8909876537872822e-21,8.181134789383631e-27,2.005047226555404e-20,0.0408574028760717
dim 596,596,0.16427211,NormVanDerWaalsVolume_group3_D25,-0.16437888814177595,4.204685654019223e-07,-0.09099477741504097,0.005312332832174078,8.733613236582217e-07,0.010364013819778868,0.07338411072673498
dim 596,596,0.16427211,NormVanDerWaalsVolume_group3_D50,0.041773092667016315,0.20141019287367296,0.13073504602464012,5.976021091268033e-05,0.23480280774801665,0.00016773033987256498,-0.0889619533576238
dim 596,596,0.16427211,NormVanDerWaalsVolume_group3_D75,0.1303410241012085,6.29277757082818e-05,0.23590006469074276,2.576744679865026e-13,0.00010767355064839202,1.664666775773537e-12,-0.10555904058953425
dim 596,596,0.16427211,NormVanDerWaalsVolume_group3_D100,0.0907981721693484,0.005412326820031977,0.028698223434948225,0.3802293466553774,0.007705529232270589,0.4560027253578672,0.06209994873440018
dim 596,596,0.16427211,Polarity_C1,0.36897674479696796,1.3579923052176308e-31,0.1255481087694017,0.00011657909233619993,7.7006694387553265e-31,0.0003112503344547624,0.24342863602756626
dim 596,596,0.16427211,Polarity_C2,-0.5511924948389926,1.4072564899369476e-75,-0.32580466085270554,1.3066627234526026e-24,2.9937813225410225e-74,1.691571122609183e-23,0.22538783398628703
dim 596,596,0.16427211,Polarity_C3,0.5985278330927569,3.860301298132264e-92,0.4071750817002179,1.0004704024191611e-38,1.4820007282484783e-90,2.421428365275361e-37,0.19135275139253904
dim 596,596,0.16427211,Polarity_T12,-0.41022456794350826,2.4514667668382175e-39,-0.26472706803548,1.7214470143158384e-16,1.7347243646694167e-38,1.4092237813271815e-15,0.14549749990802824
dim 596,596,0.16427211,Polarity_T13,0.49936202728437146,3.021908250316959e-60,0.2563770330949859,1.574742502977311e-15,3.9426459203354077e-59,1.2118986082820781e-14,0.24298499418938557
dim 596,596,0.16427211,Polarity_T23,0.03894489755701657,0.23366081820275575,0.0894101900149116,0.006167886828256063,0.2692056339417745,0.01189419284432751,-0.05046529245789503
dim 596,596,0.16427211,Polarity_group1_D0,-0.12716970741760764,9.485684272514803e-05,0.010837490716851082,0.7404122792205754,0.00015907672169536609,0.7903410075412981,0.11633221670075655
dim 596,596,0.16427211,Polarity_group1_D25,-0.16662359101230123,2.904899807178393e-07,0.005851461868179759,0.8580332225117847,6.125230654025147e-07,0.8868843150546963,0.16077212914412148
dim 596,596,0.16427211,Polarity_group1_D50,-0.0010457994117533589,0.9744962358657103,0.1131818780013763,0.0005183632815037881,0.9774226509884302,0.0012287674664461692,-0.11213607858962295
dim 596,596,0.16427211,Polarity_group1_D75,0.11046213092862639,0.0007062200544912535,0.22684756474671017,2.1187482084837447e-12,0.0010971046427910637,1.2866580029701287e-11,-0.11638543381808378
dim 596,596,0.16427211,Polarity_group1_D100,-0.08931412170189298,0.00622353462247695,-0.12008026529684429,0.00022947320476328129,0.008815354384678972,0.0005775738537372717,-0.030766143594951306
dim 596,596,0.16427211,Polarity_group2_D0,0.16688617988802587,2.781010665184212e-07,0.06166290497621074,0.05918645920826107,5.871413161640498e-07,0.0903429945868585,0.10522327491181513
dim 596,596,0.16427211,Polarity_group2_D25,0.37188587340973017,4.1913293269305026e-32,0.17330868148471335,9.375860739280715e-08,2.409473313588275e-31,3.759348723793228e-07,0.19857719192501683
dim 596,596,0.16427211,Polarity_group2_D50,0.013008535406195124,0.6908642502615002,-0.17029424535551177,1.569817455700959e-07,0.7213149721392343,6.197624470497877e-07,-0.15728570994931665
dim 596,596,0.16427211,Polarity_group2_D75,0.059777232567646416,0.06739937784127277,-0.10905572521212231,0.0008264914317592832,0.08399773208576532,0.0018855747145327911,-0.049278492644475896
dim 596,596,0.16427211,Polarity_group2_D100,-0.1314571759607574,5.4342445713216697e-05,-0.09133220776520962,0.005144591376012358,9.327017917890224e-05,0.010077967856821862,0.04012496819554778
dim 596,596,0.16427211,Polarity_group3_D0,-0.06674095911664672,0.04109980124932664,-0.06145031340711794,0.06006878818072349,0.05271633493577227,0.09131986915048541,0.0052906457095287796
dim 596,596,0.16427211,Polarity_group3_D25,-0.40154569588028727,1.2917832277468028e-37,-0.1424140558664718,1.209533931808088e-05,8.594733029231715e-37,3.761492860557741e-05,0.2591316400138155
dim 596,596,0.16427211,Polarity_group3_D50,-0.09404844249434516,0.003958984271817233,0.10348090515450761,0.0015145131697140977,0.005699572184426534,0.003269860366415699,-0.009432462660162455
dim 596,596,0.16427211,Polarity_group3_D75,-0.1405579109945106,1.5726912688621902e-05,0.010578698132776829,0.7463956874564662,2.8210466369493638e-05,0.7946960778146628,0.12997921286173375
dim 596,596,0.16427211,Polarity_group3_D100,0.27784345890453027,4.525876206234025e-18,0.19391977646770933,2.1645663039785445e-09,1.7275916032939023e-17,1.0298648796707034e-08,0.08392368243682094
dim 596,596,0.16427211,Polarizability_C1,-0.5014640117888016,8.103235267522372e-61,-0.3071234141539751,6.447591882346773e-22,1.0740002299017747e-59,7.060641602307613e-21,0.19434059763482653
dim 596,596,0.16427211,Polarizability_C2,0.48851675438344505,2.3287621793830476e-57,0.36342017800720045,1.2405763284722946e-30,2.76799490360832e-56,2.1033121508108954e-29,0.1250965763762446
dim 596,596,0.16427211,Polarizability_C3,0.3312602463634502,1.9643333119454434e-25,0.10968757218949969,0.0007702849802706996,9.306203208365647e-25,0.001765787120181288,0.2215726741739505
dim 596,596,0.16427211,Polarizability_T12,-0.36119808027357997,2.9686685147641525e-30,-0.11229169708859996,0.0005740065638809837,1.6175126980933556e-29,0.0013472817451598636,0.24890638318498
dim 596,596,0.16427211,Polarizability_T13,-0.14659220195650888,6.617769882002077e-06,-0.21853992278878648,1.3555258454892514e-11,1.2348241008875386e-05,7.779134577206357e-11,-0.0719477208322776
dim 596,596,0.16427211,Polarizability_T23,0.4257489186407378,1.5150380466829286e-42,0.23358758822207593,4.451240226196874e-13,1.168643666494453e-41,2.8157466582381737e-12,0.19216133041866185
dim 596,596,0.16427211,Polarizability_group1_D0,0.1492754369743655,4.453219881396535e-06,0.06492090723901492,0.04695543532377635,8.484742957138862e-06,0.07342282489766526,0.08435452973535057
dim 596,596,0.16427211,Polarizability_group1_D25,0.26744300756633405,8.237089713626125e-17,0.08137591174184552,0.01271111231494895,2.990421700381658e-16,0.022618601562029564,0.18606709582448852
dim 596,596,0.16427211,Polarizability_group1_D50,0.02533541017354932,0.4385656755256189,-0.18046148757187894,2.6614605845878097e-08,0.48010795026403386,1.1352845916377119e-07,-0.15512607739832962
dim 596,596,0.16427211,Polarizability_group1_D75,0.021210444442959078,0.5166825312938252,-0.1525460205341535,2.722069614030129e-06,0.5572230075948906,9.315279211947367e-06,-0.13133557609119442
dim 596,596,0.16427211,Polarizability_group1_D100,-0.09218344187412711,0.004742462010269347,-0.07346668552576809,0.024519725271016257,0.006786556604241482,0.04068349846259031,0.018716756348359023
dim 596,596,0.16427211,Polarizability_group2_D0,0.14329933340302253,1.0659353945270205e-05,0.12624604550884108,0.00010671078966747327,1.9454777146012284e-05,0.00028604657904443076,0.01705328789418145
dim 596,596,0.16427211,Polarizability_group2_D25,-0.1692622472537614,1.8688752106108683e-07,-0.014050927799665963,0.6675212865966204,3.998746446790711e-07,0.7271758307999713,0.15521131945409544
dim 596,596,0.16427211,Polarizability_group2_D50,-0.12807364359535472,8.446666234954968e-05,0.07288033182136845,0.02568845242716117,0.0001424841678017656,0.042474965894415004,0.05519331177398627
dim 596,596,0.16427211,Polarizability_group2_D75,0.004119095425716727,0.8997955574922922,0.0963318769798561,0.003160364609960902,0.9107021703103806,0.006459986412037584,-0.09221278155413937
dim 596,596,0.16427211,Polarizability_group2_D100,-0.03466957803205602,0.2890746956202392,0.006896682554144394,0.8330189141722265,0.3284045861808159,0.8678362986073725,0.027772895477911622
dim 596,596,0.16427211,Polarizability_group3_D0,-0.3445990025074596,1.62153030855448e-27,-0.3037415996313879,1.8909876537872822e-21,8.181134789383631e-27,2.005047226555404e-20,0.0408574028760717
dim 596,596,0.16427211,Polarizability_group3_D25,-0.16437888814177595,4.204685654019223e-07,-0.09099477741504097,0.005312332832174078,8.733613236582217e-07,0.010364013819778868,0.07338411072673498
dim 596,596,0.16427211,Polarizability_group3_D50,0.041773092667016315,0.20141019287367296,0.13073504602464012,5.976021091268033e-05,0.23480280774801665,0.00016773033987256498,-0.0889619533576238
dim 596,596,0.16427211,Polarizability_group3_D75,0.1303410241012085,6.29277757082818e-05,0.23590006469074276,2.576744679865026e-13,0.00010767355064839202,1.664666775773537e-12,-0.10555904058953425
dim 596,596,0.16427211,Polarizability_group3_D100,0.0907981721693484,0.005412326820031977,0.028698223434948225,0.3802293466553774,0.007705529232270589,0.4560027253578672,0.06209994873440018
dim 596,596,0.16427211,Charge_C1,0.4486670544288278,1.3381539935802278e-47,0.31402929964228304,6.855236741821284e-23,1.1608920359890807e-46,7.977871330203167e-22,0.13463775478654477
dim 596,596,0.16427211,Charge_C2,-0.6453570768452642,1.71802439581408e-111,-0.5018687087267355,6.282682649103626e-61,1.3995613370778116e-109,5.380553858463105e-59,0.14348836811852872
dim 596,596,0.16427211,Charge_C3,0.6326873176880625,6.324018901232457e-106,0.49392508441226174,8.719262999750908e-59,3.705653180722176e-104,5.824467683833606e-57,0.13876223327580078
dim 596,596,0.16427211,Charge_T12,0.3619297446660486,2.2290497446168512e-30,0.25799474239735176,1.0319277618489308e-15,1.2165075403627913e-29,8.09070123139772e-15,0.10393500226869684
dim 596,596,0.16427211,Charge_T13,0.4783617617705755,9.501759880295339e-55,0.31347327953578324,8.229053516796734e-23,1.0204462379481167e-53,9.510394029792766e-22,0.16488848223479224
dim 596,596,0.16427211,Charge_T23,0.5988165441658324,2.9993001753160726e-92,0.46244525442212214,7.888671754679034e-51,1.1648444866925211e-90,3.3779697000805097e-49,0.13637128974371027
dim 596,596,0.16427211,Charge_group1_D0,-0.027556508968631335,0.39947942820721477,-0.0008233967749751659,0.9799186399483658,0.44151597955397,0.9828613385668293,0.02673311219365617
dim 596,596,0.16427211,Charge_group1_D25,-0.19274337104133465,2.7153134085765676e-09,-0.12114881377193769,0.0002014672912589051,6.6246506827215016e-09,0.0005148437282362227,0.07159455726939697
dim 596,596,0.16427211,Charge_group1_D50,0.08938052870768676,0.006185020284243719,0.1397114994716583,1.7707853583936703e-05,0.008764517500795087,5.352419092339238e-05,-0.050330970763971555
dim 596,596,0.16427211,Charge_group1_D75,-0.016399037250750047,0.6161278914114663,0.0659343496485013,0.04361393502384717,0.6532394407657471,0.06884241161609146,-0.04953531239775125
dim 596,596,0.16427211,Charge_group1_D100,0.057739500767014666,0.07730411269416812,0.017535708747946778,0.5918889333070555,0.0958410305859397,0.6600697954075343,0.04020379201906789
dim 596,596,0.16427211,Charge_group2_D0,0.05023600359057793,0.1243754679756517,0.05187468596387319,0.11254512128534704,0.149107703890408,0.16036719500557128,-0.0016386823732952652
dim 596,596,0.16427211,Charge_group2_D25,0.20071010742475817,5.689124009716122e-10,0.10879602445645016,0.0008506762014343842,1.4417051739341311e-09,0.0019328289202658797,0.09191408296830801
dim 596,596,0.16427211,Charge_group2_D50,-0.12493135198274999,0.0001260087346269486,-0.15562342994952527,1.6968443757359024e-06,0.00020959620201892843,5.990972743084476e-06,-0.030692077966775283
dim 596,596,0.16427211,Charge_group2_D75,-0.03621602119443109,0.26808973475839853,-0.0706483297791762,0.03058787898310233,0.30633585839652794,0.04983586136759111,-0.034432308584745115
dim 596,596,0.16427211,Charge_group2_D100,-0.2034975121738401,3.2421885547788794e-10,-0.10070383641502098,0.0020264769519702888,8.375026893241653e-10,0.004267612244376271,0.10279367575881912
dim 596,596,0.16427211,Charge_group3_D0,-0.0684866302926499,0.03607598203086239,-0.09925827924233675,0.002351682384280298,0.046775535707717544,0.004896894740334287,-0.030771648949686856
dim 596,596,0.16427211,Charge_group3_D25,-0.1663088254814759,3.060425582271649e-07,-0.03247935009081387,0.3206404671588783,6.440971294762008e-07,0.3957646564340922,0.13382947539066203
dim 596,596,0.16427211,Charge_group3_D50,-0.005799392443311983,0.8592833003829683,0.008660608313803338,0.7911972395338807,0.874468684728554,0.832576805306604,-0.0028612158704913546
dim 596,596,0.16427211,Charge_group3_D75,0.021310229273587857,0.5147114768754456,0.007792447014089545,0.8117139052000993,0.5552765932700221,0.8485522514454873,0.013517782259498312
dim 596,596,0.16427211,Charge_group3_D100,0.2597371947143337,6.523742083475653e-16,0.1894228572209144,5.1096162336926355e-09,2.274457052067712e-15,2.353947340763228e-08,0.07031433749341931
dim 596,596,0.16427211,SecondaryStructure_C1,0.7060786311115129,2.659016052324062e-142,0.5798171242632851,2.8729747492300866e-85,1.7762227229524734e-139,2.3989339156071224e-82,0.1262615068482278
dim 596,596,0.16427211,SecondaryStructure_C2,-0.5648136234117893,4.523785431963216e-80,-0.550943943509418,1.6921619003608638e-75,1.1712746777331117e-78,6.279800830228095e-73,0.013869679902371312
dim 596,596,0.16427211,SecondaryStructure_C3,-0.5545232382195951,1.1718532085107127e-76,-0.34427656179040816,1.82596733716282e-27,2.6625780383848845e-75,2.6632012690497027e-26,0.21024667642918698
dim 596,596,0.16427211,SecondaryStructure_T12,0.3398351559036746,9.24013559088453e-27,0.13745362386070684,2.4219108483846428e-05,4.558648873493993e-26,7.203189878543817e-05,0.20238153204296774
dim 596,596,0.16427211,SecondaryStructure_T13,0.5244498520414838,2.455699447557893e-67,0.4368204732611714,6.127029352106813e-45,4.02060595825655e-66,1.827167681788996e-43,0.08762937878031235
dim 596,596,0.16427211,SecondaryStructure_T23,-0.6755719163876913,6.765563565951725e-126,-0.5493433269047585,5.52658283455657e-75,1.1893148584357242e-123,1.8458786667418943e-72,0.1262285894829328
dim 596,596,0.16427211,SecondaryStructure_group1_D0,-0.03332273726869421,0.30822881372160493,0.00939388599662157,0.77397937972621,0.3485051583717537,0.8185849044602728,0.023928851272072643
dim 596,596,0.16427211,SecondaryStructure_group1_D25,-0.06843345092801191,0.03622092845603402,-0.11473374051839165,0.0004331919942472959,0.04692703686701072,0.001039411825277276,-0.04630028959037974
dim 596,596,0.16427211,SecondaryStructure_group1_D50,0.1932636579452171,2.45671591187134e-09,0.12668194623975396,0.00010095256262224093,6.011304868608261e-09,0.0002725800801602948,0.06658171170546315
dim 596,596,0.16427211,SecondaryStructure_group1_D75,0.14636641390949065,6.839919771614425e-06,0.04552890102332922,0.1637643251150761,1.2748511181468852e-05,0.2248141577823075,0.10083751288616144
dim 596,596,0.16427211,SecondaryStructure_group1_D100,0.15088302455636166,3.5007299336392467e-06,0.051894789280908335,0.11240568944911834,6.723656111762555e-06,0.16023687697825661,0.09898823527545332
dim 596,596,0.16427211,SecondaryStructure_group2_D0,0.05231978285665443,0.10948974145436409,0.13196329148631583,5.082592973179091e-05,0.13245046593899892,0.00014509282504630912,-0.07964350862966141
dim 596,596,0.16427211,SecondaryStructure_group2_D25,0.09390441892706032,0.004015018890500423,0.06536626032543522,0.04546143484811958,0.005777752302572776,0.07135394379357116,0.028538158601625105
dim 596,596,0.16427211,SecondaryStructure_group2_D50,-0.07800274855556698,0.01693334346223642,-0.06958606378835672,0.03318813668185694,0.022869942241758853,0.05360172945715772,0.008416684767210261
dim 596,596,0.16427211,SecondaryStructure_group2_D75,-0.09074907562112959,0.005437560747760442,0.027168273331135938,0.406156438821363,0.007738156326169526,0.4822476024398693,0.06358080228999366
dim 596,596,0.16427211,SecondaryStructure_group2_D100,-0.25599794355277056,1.7379571356975809e-15,-0.25153352135103635,5.484658013704596e-15,5.89916344840439e-15,3.991014763785044e-14,0.004464422201734208
dim 596,596,0.16427211,SecondaryStructure_group3_D0,0.12310846584263956,0.0001582486769466078,0.05908922483215263,0.07061996160295436,0.0002597568397011167,0.10562949921803295,0.06401924101048692
dim 596,596,0.16427211,SecondaryStructure_group3_D25,0.1343024689152915,3.71912329469749e-05,0.13993120961563543,1.717197676944945e-05,6.452920417812787e-05,5.199855159561302e-05,-0.005628740700343943
dim 596,596,0.16427211,SecondaryStructure_group3_D50,-0.20280012271761147,3.7347831537428695e-10,-0.13919323957773835,1.9035618272191842e-05,9.63256813397775e-10,5.7329995517692295e-05,0.06360688313987312
dim 596,596,0.16427211,SecondaryStructure_group3_D75,-0.0810047299279019,0.013125022013662037,-0.054578388170132726,0.09498193571567928,0.01795770792890106,0.13691828454482902,0.02642634175776918
dim 596,596,0.16427211,SecondaryStructure_group3_D100,-0.10775971259947298,0.0009538543378480687,-0.03693976555482424,0.2586367121275243,0.0014620805362150296,0.3310012912863529,0.07081994704464874
dim 596,596,0.16427211,SolventAccessibility_C1,0.12018212458872682,0.00022665397311906309,0.07732681793287531,0.01791380569185385,0.0003682024660591784,0.03065169621454501,0.04285530665585151
dim 596,596,0.16427211,SolventAccessibility_C2,0.5397699325192471,5.747766484432367e-72,0.34802635972465723,4.550327536447602e-28,1.0970022890288062e-70,6.908224532606813e-27,0.19174357279458987
dim 596,596,0.16427211,SolventAccessibility_C3,-0.6399284981223701,4.487540771245334e-109,-0.4514418905450795,3.075713771051874e-48,3.0588543216243703e-107,1.0813562100329746e-46,0.18848660757729058
dim 596,596,0.16427211,SolventAccessibility_T12,0.5805941048954101,1.5198441480120383e-85,0.3725577090307681,3.189350762746022e-32,4.976744563098243e-84,5.63651816134622e-31,0.20803639586464195
dim 596,596,0.16427211,SolventAccessibility_T13,-0.5052942261307991,7.190309852245503e-62,-0.34459969134226914,1.6211187936504272e-27,1.0006514544374992e-60,2.3852584893358705e-26,0.16069453478852996
dim 596,596,0.16427211,SolventAccessibility_T23,-0.046336898988974126,0.15640647805371255,-0.04820330014702126,0.14037056417977736,0.18498499883123226,0.19583863172951396,-0.0018664011580471346
dim 596,596,0.16427211,SolventAccessibility_group1_D0,0.15015828260802805,3.903112347460382e-06,0.1620522350596963,6.136582525367256e-07,7.462160984841256e-06,2.272304394093862e-06,-0.011893952451668244
dim 596,596,0.16427211,SolventAccessibility_group1_D25,0.33331013769304557,9.542553946992598e-26,0.2575185737540027,1.1689962188232037e-15,4.553161454707897e-25,9.059042623827148e-15,0.07579156393904285
dim 596,596,0.16427211,SolventAccessibility_group1_D50,0.22537487965454103,2.9600681279315738e-12,0.09251770697040974,0.004592480613269878,8.567268238554122e-12,0.009060180300248903,0.13285717268413128
dim 596,596,0.16427211,SolventAccessibility_group1_D75,0.08293979048909307,0.011091180579028664,-0.07155975545898172,0.028498045305544506,0.015282402282985042,0.04684225950812926,0.011380035030111355
dim 596,596,0.16427211,SolventAccessibility_group1_D100,-0.08120482097392671,0.012900442882690178,-0.0812935510400375,0.012801944710243372,0.01766604314398737,0.02275598474306166,-8.87300661107926e-05
dim 596,596,0.16427211,SolventAccessibility_group2_D0,-0.02677517980299631,0.412984322357594,-0.045888742703247706,0.16045596763872663,0.4553527151305462,0.22090805107722464,-0.019113562900251395
dim 596,596,0.16427211,SolventAccessibility_group2_D25,-0.3583200938291983,9.097449085052402e-30,-0.12383742530309483,0.00014452276638298895,4.84616905009171e-29,0.00038038301002299695,0.2344826685261035
dim 596,596,0.16427211,SolventAccessibility_group2_D50,-0.09976869224062795,0.0022317684127086644,0.047878243938999206,0.14306873775969645,0.003289543909288146,0.19927005175870982,0.05189044830162875
dim 596,596,0.16427211,SolventAccessibility_group2_D75,-0.16016246984418145,8.309799611065102e-07,-0.00903634579869826,0.7823613782752905,1.6851688343022125e-06,0.8256199062999906,0.1511261240454832
dim 596,596,0.16427211,SolventAccessibility_group2_D100,0.2623976905175785,3.2175896720933056e-16,0.15425647922227978,2.0955971994814196e-06,1.1372221698192213e-15,7.283345105377671e-06,0.10814121129529872
dim 596,596,0.16427211,SolventAccessibility_group3_D0,-0.21982779061768173,1.0215279111128466e-11,-0.1255970204042416,0.00011586043668644378,2.876815533825386e-11,0.0003095790868261778,0.09423077021344015
dim 596,596,0.16427211,SolventAccessibility_group3_D25,-0.09943942700186816,0.0023084660541925098,-0.13582622463106755,3.0260278202304518e-05,0.003398094588366233,8.863588023754104e-05,-0.0363867976291994
dim 596,596,0.16427211,SolventAccessibility_group3_D50,-0.14677984106734682,6.438413860679228e-06,-0.10996193319200603,0.0007470001302591493,1.2060741612265072e-05,0.0017159425275554048,0.03681790787534078
dim 596,596,0.16427211,SolventAccessibility_group3_D75,0.16445212616636873,4.1545842458934243e-07,0.15668855480903804,1.4377030513802223e-06,8.640293512630161e-07,5.124789959028754e-06,0.00776357135733069
dim 596,596,0.16427211,SolventAccessibility_group3_D100,-0.23266594030014007,5.525834370642815e-13,-0.13888857647664063,1.9859784815830654e-05,1.6778442543588184e-12,5.970448360474742e-05,0.09377736382349944
dim 71,71,0.15547249,AAC_A,0.23857433124680227,1.3594392590342342e-13,0.17947108891435268,3.1781329921807296e-08,4.231618942380561e-13,1.3402732568034896e-07,0.059103242332449596
dim 71,71,0.15547249,AAC_C,-0.038148356270141216,0.24337014327441306,-0.09506695364464078,0.0035825273857914043,0.2794595657875982,0.0072519039203292664,-0.056918597374499565
dim 71,71,0.15547249,AAC_D,-0.09490136919780402,0.003641427584468292,0.030019755649458094,0.3586719326791309,0.005269656903000041,0.4351486578816917,0.06488161354834593
dim 71,71,0.15547249,AAC_E,-0.24809128429861382,1.310290971098846e-14,0.0015917333478567455,0.9611913098168732,4.320209124847133e-14,0.9699030135312255,0.24649955095075707
dim 71,71,0.15547249,AAC_F,-0.0993347192220767,0.0023333567228900507,-0.017498857632079673,0.5926678705419103,0.0034301987035443527,0.6607178530073365,0.08183586158999703
dim 71,71,0.15547249,AAC_G,0.22741804092704343,1.8601686009998656e-12,0.14330292954152196,1.0653866707604021e-05,5.488483328038472e-12,3.3512522148868454e-05,0.08411511138552147
dim 71,71,0.15547249,AAC_H,-0.21053689914202542,7.559230467463371e-11,0.004063462361033737,0.901141949251142,2.029568308788397e-10,0.9224070212990543,0.20647343678099167
dim 71,71,0.15547249,AAC_I,-0.27841493080118235,3.844864371270857e-18,-0.16558949936060788,3.4465574100440396e-07,1.4726888761519107e-17,1.3125999714420857e-06,0.11282543144057447
dim 71,71,0.15547249,AAC_K,-0.36046311269143283,3.955851271333719e-30,-0.19961619672973024,7.078307197077131e-10,2.141417057739809e-29,3.5444596758976935e-09,0.16084691596170259
dim 71,71,0.15547249,AAC_L,-0.22026856509615145,9.268855699914855e-12,-0.058393640423785,0.07400303876923198,2.6146940910232783e-11,0.10995113411442829,0.16187492467236644
dim 71,71,0.15547249,AAC_M,-0.29759980602802916,1.2875431332171652e-20,-0.19298584278420713,2.591664156852849e-09,5.3091284752411505e-20,1.229567938052346e-08,0.10461396324382202
dim 71,71,0.15547249,AAC_N,-0.15119439215764893,3.3403352671051817e-06,-0.1753092653236539,6.626563063915686e-08,6.441524129406066e-06,2.702407891755603e-07,-0.02411487316600497
dim 71,71,0.15547249,AAC_P,0.44537964909795474,7.506307783425797e-47,0.26485810527650705,1.6616247707688957e-16,6.347105821934724e-46,1.3635937922280373e-15,0.1805215438214477
dim 71,71,0.15547249,AAC_Q,-0.21127430730497027,6.470416323378246e-11,-0.18705653396518365,7.963051401124042e-09,1.7456535153540664e-10,3.598997520941042e-08,0.024217773339786614
dim 71,71,0.15547249,AAC_R,0.2838228673907864,8.061767030812184e-19,0.2553449525314607,2.05896537014045e-15,3.1382636227170973e-18,1.5665021267127798e-14,0.02847791485932566
dim 71,71,0.15547249,AAC_S,0.2237553410637243,4.2642113073867475e-12,-0.0356111450534017,0.2761699020480982,1.2162652234561688e-11,0.3496616652163184,0.18814419601032262
dim 71,71,0.15547249,AAC_T,0.2565013339155232,1.52458179907113e-15,-0.011491249540472922,0.7253674641445522,5.196023682548545e-15,0.7767641328126978,0.24501008437505029
dim 71,71,0.15547249,AAC_V,0.11659148056451289,0.000348414657792044,0.14868591866894668,4.861045001976528e-06,0.0005549379861828455,1.6091070670566505e-05,-0.032094438104433784
dim 71,71,0.15547249,AAC_W,0.08346684742819994,0.010588039886585873,0.015223777886807056,0.6416366615894668,0.014637439247184112,0.7049560689831642,0.06824306954139289
dim 71,71,0.15547249,AAC_Y,-0.19580786882567564,1.499945958485336e-09,-0.18422234476196528,1.3446897198009593e-08,3.708230570940801e-09,5.948693594881065e-08,0.011585524063710356
dim 71,71,0.15547249,Hydrophobicity_C1,-0.35652656943976035,1.8175919227422943e-29,-0.14011969108444394,1.6724596221103824e-05,9.605628199302631e-29,5.078195579862434e-05,0.2164068783553164
dim 71,71,0.15547249,Hydrophobicity_C2,0.3916624348754228,1.0249484964095493e-35,0.16188435423375874,6.304994554244822e-07,6.446945344647635e-35,2.3320799347926584e-06,0.22977808064166405
dim 71,71,0.15547249,Hydrophobicity_C3,-0.33825998017707803,1.6318877017220164e-26,-0.13488115410994317,3.439832787590457e-05,7.956941494527788e-26,9.981791060427566e-05,0.20337882606713487
dim 71,71,0.15547249,Hydrophobicity_T12,0.13446405507251108,3.639046612113555e-05,0.21476261657894305,3.0763943143035077e-11,6.327129455731011e-05,1.6983730594667297e-10,-0.08029856150643197
dim 71,71,0.15547249,Hydrophobicity_T13,-0.43483763462344227,1.6687926322265989e-44,-0.23853112122399872,1.3736433578890017e-13,1.3302547474073604e-43,9.157622385926678e-13,0.19630651339944355
dim 71,71,0.15547249,Hydrophobicity_T23,0.1674146207407082,2.546952212986951e-07,0.07426246609994018,0.023007317184365866,5.404587288040926e-07,0.038403018188796594,0.09315215464076802
dim 71,71,0.15547249,Hydrophobicity_group1_D0,0.08672037880047642,0.007907082897896737,0.11007195269861911,0.0007378475233544681,0.011087177531055878,0.0016984222798097335,-0.023351573898142686
dim 71,71,0.15547249,Hydrophobicity_group1_D25,0.3377431596336028,1.965284824277075e-26,0.14142191351289277,1.3923368777969962e-05,9.541264097277307e-26,4.2821410422117565e-05,0.19632124612071003
dim 71,71,0.15547249,Hydrophobicity_group1_D50,0.10121881484211744,0.001920956446148584,-0.01879103735120315,0.5656395650349533,0.002851553124505009,0.6356783806247456,0.08242777749091429
dim 71,71,0.15547249,Hydrophobicity_group1_D75,0.14671378386062747,6.501018853693801e-06,0.019688043319341045,0.5472314850323734,1.2164371412513892e-05,0.6195773423756363,0.12702574054128643
dim 71,71,0.15547249,Hydrophobicity_group1_D100,-0.14869603957390082,4.853751398679592e-06,-0.03463408938223648,0.2895688960742621,9.211096404312405e-06,0.3646908419638143,0.11406195019166435
dim 71,71,0.15547249,Hydrophobicity_group2_D0,-0.16981830893358243,1.7014992992500032e-07,-0.08552849592997533,0.008809171640180573,3.6499728063551774e-07,0.016336831359357644,0.0842898130036071
dim 71,71,0.15547249,Hydrophobicity_group2_D25,-0.2904979948640969,1.1175271583216596e-19,-0.10536336507157444,0.00123829385936948,4.470108633286639e-19,0.0027156280303966274,0.18513462979252243
dim 71,71,0.15547249,Hydrophobicity_group2_D50,-0.06822001701317328,0.036807663317830634,0.03823742575275446,0.24227059742922946,0.0475764688396108,0.3129094336479607,0.029982591260418814
dim 71,71,0.15547249,Hydrophobicity_group2_D75,-0.06530740061170981,0.04565656495170089,0.05543206330617539,0.08991623913242401,0.05813683832965343,0.1307445532008255,0.009875337305534422
dim 71,71,0.15547249,Hydrophobicity_group2_D100,0.12740911674895233,9.199344724245988e-05,0.0609325800440489,0.06226318649005304,0.0001547899817580937,0.09431249110057921,0.06647653670490344
dim 71,71,0.15547249,Hydrophobicity_group3_D0,0.2984708851945769,9.836148238011753e-21,0.170243218153646,1.5834503881410087e-07,4.076021726421744e-20,6.244066465632786e-07,0.1282276670409309
dim 71,71,0.15547249,Hydrophobicity_group3_D25,0.20160063881342763,4.757789684666375e-10,0.023827185114315884,0.46631318563019203,1.215839139004261e-09,0.5417342747842926,0.17777345369911174
dim 71,71,0.15547249,Hydrophobicity_group3_D50,0.05856298047979962,0.07316748402677771,-0.03649198875848405,0.2644576647736764,0.09088114416118911,0.3371330535664424,0.022070991721315568
dim 71,71,0.15547249,Hydrophobicity_group3_D75,-0.012675950983437411,0.69837553349669,-0.0407699190426332,0.21245678394082612,0.7280194387886844,0.2793723064418737,-0.028093968059195784
dim 71,71,0.15547249,Hydrophobicity_group3_D100,-0.07599918860122491,0.01998496805164626,-0.11373361583427125,0.0004864398801864966,0.026742705646033055,0.0011588510697738222,-0.03773442723304633
dim 71,71,0.15547249,NormVanDerWaalsVolume_C1,0.4039351575262055,4.387540037590908e-38,0.18178520471195744,2.0963661266083158e-08,2.9724916279013458e-37,9.081534193089202e-08,0.22214995281424807
dim 71,71,0.15547249,NormVanDerWaalsVolume_C2,-0.38880083155462125,3.537927347983363e-35,-0.1812662344232088,2.302481195960279e-08,2.1923334586761473e-34,9.910163910447593e-08,0.20753459713141245
dim 71,71,0.15547249,NormVanDerWaalsVolume_C3,-0.3018810160792128,3.397609957553825e-21,-0.11302498986577551,0.0005277905929925554,1.4274235544943116e-20,0.0012449297885558865,0.18885602621343728
dim 71,71,0.15547249,NormVanDerWaalsVolume_T12,0.21136986599571253,6.341048246525869e-11,0.12320440774899757,0.00015637460977495864,1.7121342880676154e-10,0.0004083648850177425,0.08816545824671496
dim 71,71,0.15547249,NormVanDerWaalsVolume_T13,0.05411455878173179,0.09782853774327607,0.07776417980995452,0.017273890671241535,0.11938155501006288,0.029693666928433723,-0.023649621028222732
dim 71,71,0.15547249,NormVanDerWaalsVolume_T23,-0.38235465590628515,5.513854758679104e-34,-0.20053287674748663,5.894603120004782e-10,3.312279657192123e-33,2.9740142629631377e-09,0.18182177915879852
dim 71,71,0.15547249,NormVanDerWaalsVolume_group1_D0,-0.17204869512895427,1.1642574372684434e-07,-0.08828968362142738,0.006845621864892957,2.518536166111788e-07,0.013056762263598256,0.08375901150752689
dim 71,71,0.15547249,NormVanDerWaalsVolume_group1_D25,-0.3040825860067148,1.6976550560512586e-21,-0.16051356998816796,7.856761300989803e-07,7.241593725684807e-21,2.883690411572082e-06,0.14356901601854682
dim 71,71,0.15547249,NormVanDerWaalsVolume_group1_D50,-0.10514106871599303,0.001268303101845103,-0.045308224738306715,0.16581844267952578,0.0019186281110487836,0.22711245773500666,0.05983284397768632
dim 71,71,0.15547249,NormVanDerWaalsVolume_group1_D75,-0.10143886726998926,0.0018774228556094517,0.0023431230790919855,0.9428976209134997,0.0027918932937380093,0.9546159605489812,0.09909574419089727
dim 71,71,0.15547249,NormVanDerWaalsVolume_group1_D100,0.10226696811837292,0.001721582959294846,0.03343164973886694,0.3066494598427255,0.002571595296978884,0.38231357341977257,0.06883531837950599
dim 71,71,0.15547249,NormVanDerWaalsVolume_group2_D0,0.12451497655924039,0.00013277566901650944,0.12046534888063709,0.0002189846260885711,0.0002203033951888433,0.0005540974629816874,0.004049627678603299
dim 71,71,0.15547249,NormVanDerWaalsVolume_group2_D25,0.24029367253231151,8.974651337957772e-14,0.08533715415032456,0.008962245812570548,2.8066793510092654e-13,0.016583878678108382,0.15495651838198696
dim 71,71,0.15547249,NormVanDerWaalsVolume_group2_D50,0.052742334247859124,0.10665006691265412,0.0077055581604015665,0.813774667470743,0.1293902010491336,0.8504403596221157,0.045036776087457556
dim 71,71,0.15547249,NormVanDerWaalsVolume_group2_D75,-0.06555742606279451,0.04483252143636898,-0.08827212385692167,0.006856754793518365,0.05710931411040138,0.013056762263598256,-0.02271469779412716
dim 71,71,0.15547249,NormVanDerWaalsVolume_group2_D100,-0.18652701559348217,8.7873990813692e-09,-0.13819503244449627,2.1864274317011e-05,2.061089391276203e-08,6.537750780556556e-05,0.0483319831489859
dim 71,71,0.15547249,NormVanDerWaalsVolume_group3_D0,0.20136985412574904,4.983795564442295e-10,0.13490045684904683,3.430868541597203e-05,1.268740639118694e-09,9.964435590377964e-05,0.0664693972767022
dim 71,71,0.15547249,NormVanDerWaalsVolume_group3_D25,0.15033696446031095,3.7999828963263574e-06,0.08473503651832386,0.009459533235853785,7.2733196984126266e-06,0.017378900444307836,0.06560192794198709
dim 71,71,0.15547249,NormVanDerWaalsVolume_group3_D50,0.11933371850318963,0.0002511611132439481,0.0749492774984929,0.021767718611941055,0.00040525512958202256,0.036479769274401976,0.04438444100469674
dim 71,71,0.15547249,NormVanDerWaalsVolume_group3_D75,0.14808422542767027,5.313994403545087e-06,0.1113578865835057,0.0006383089332358715,1.0050249891189464e-05,0.0014877542477374813,0.03672633884416457
dim 71,71,0.15547249,NormVanDerWaalsVolume_group3_D100,-0.07926972169556029,0.015221597190691894,-0.025220968429397205,0.44063731914433335,0.02066672138898818,0.5160338870764634,0.05404875326616308
dim 71,71,0.15547249,Polarity_C1,-0.3964061593612789,1.2794275148540057e-36,-0.208317965911647,1.2029139302284536e-10,8.329995905677152e-36,6.397663259495279e-10,0.18808819344963187
dim 71,71,0.15547249,Polarity_C2,0.4166198718059073,1.2241030107030387e-40,0.18608649756915574,9.535787581982953e-09,9.025395266552205e-40,4.2636587046617217e-08,0.23053337423675158
dim 71,71,0.15547249,Polarity_C3,-0.36780119167990444,2.176332339013587e-31,-0.12878061251985204,7.70989997010709e-05,1.223728958300569e-30,0.00021176863404734933,0.2390205791600524
dim 71,71,0.15547249,Polarity_T12,0.26006253785758615,5.986132722591388e-16,0.10138374752044182,0.0018882415884804123,2.0913894658425977e-15,0.004001730270002905,0.15867879033714433
dim 71,71,0.15547249,Polarity_T13,-0.4533504819491648,1.1099324455418839e-48,-0.24404848740104332,3.583163367486789e-14,9.781462712691008e-48,2.462503219630839e-13,0.20930199454812146
dim 71,71,0.15547249,Polarity_T23,0.30748768799034054,5.737161542065922e-22,0.32094412378377135,6.844596285180831e-24,2.475726040116302e-21,8.373974942309149e-23,-0.01345643579343081
dim 71,71,0.15547249,Polarity_group1_D0,0.27559144759910503,8.573855276124738e-18,0.18930857609194865,5.220968880895237e-09,3.2394430568163605e-17,2.4019333418994617e-08,0.08628287150715638
dim 71,71,0.15547249,Polarity_group1_D25,0.14816369139020136,5.251940182984275e-06,0.003078497529684564,0.925022852791369,9.944149779573401e-06,0.939518974011038,0.1450851938605168
dim 71,71,0.15547249,Polarity_group1_D50,0.04866746838075276,0.13658563233488324,-0.034547627188373516,0.29077531000633705,0.16286897964959302,0.36577830046538906,0.014119841192379246
dim 71,71,0.15547249,Polarity_group1_D75,0.06116236068519187,0.06128122915917006,-0.0010001459672807468,0.9756092258246283,0.07680274123513245,0.9803052991137962,0.06016221471791112
dim 71,71,0.15547249,Polarity_group1_D100,-0.10541134440835793,0.001231903318438681,-0.11283986158652866,0.0005391199401027933,0.001866012282805077,0.0012680708450305137,-0.007428517178170724
dim 71,71,0.15547249,Polarity_group2_D0,-0.1901373055712873,4.463998452833202e-09,-0.10568830812438698,0.0011956041310216606,1.0703341588272e-08,0.002634805499362886,0.08444899744690032
dim 71,71,0.15547249,Polarity_group2_D25,-0.2996318971331144,6.860302963738633e-21,-0.11692451789594684,0.0003349610638763464,2.857033902604369e-20,0.0008172169125982448,0.18270737923716757
dim 71,71,0.15547249,Polarity_group2_D50,-0.12000566365027719,0.00023155881665226272,0.006207993622593356,0.8494833476143234,0.00037580488222476073,0.8797750018703381,0.11379767002768383
dim 71,71,0.15547249,Polarity_group2_D75,-0.08751417156467062,0.007353052064490462,0.04333755252433015,0.18502719288387512,0.01033636106708676,0.24929036879069902,0.04417661904034047
dim 71,71,0.15547249,Polarity_group2_D100,0.0941746472969754,0.003910466203642833,0.052384660900420266,0.10904990346458159,0.005639446079519457,0.15585223687278668,0.04178998639655514
dim 71,71,0.15547249,Polarity_group3_D0,0.05649436357199575,0.08391827208451855,0.04864034045795921,0.13680465365606054,0.10338879703515011,0.19134319229951516,0.007854023114036539
dim 71,71,0.15547249,Polarity_group3_D25,0.3585395254081725,8.35627577300886e-30,0.13634878496679056,2.817971055372157e-05,4.4655937730959346e-29,8.32922418136549e-05,0.22219074044138196
dim 71,71,0.15547249,Polarity_group3_D50,0.15302211417536157,2.5316614006488764e-06,0.00557477777524166,0.8646798267145085,4.939105769957504e-06,0.8919180423800057,0.14744733640011992
dim 71,71,0.15547249,Polarity_group3_D75,0.14819120989104798,5.230613180006615e-06,0.025625682451095477,0.43333625751014726,9.91501022770834e-06,0.5096278521422154,0.1225655274399525
dim 71,71,0.15547249,Polarity_group3_D100,-0.13498538635903035,3.3916895316492404e-05,-0.035267527540552644,0.2808331952276139,5.91862227570975e-05,0.3548932546576733,0.0997178588184777
dim 71,71,0.15547249,Polarizability_C1,0.3465673860558754,7.830850083014345e-28,0.13933948369487512,1.8651655531027818e-05,3.980980103084918e-27,5.627509437545882e-05,0.20722790236100028
dim 71,71,0.15547249,Polarizability_C2,-0.26586145220878593,1.2665832743096136e-16,-0.10454203289536367,0.0013525394798068761,4.558607905381583e-16,0.0029468193031219232,0.16131941931342225
dim 71,71,0.15547249,Polarizability_C3,-0.3018810160792128,3.397609957553825e-21,-0.11302498986577551,0.0005277905929925554,1.4274235544943116e-20,0.0012449297885558865,0.18885602621343728
dim 71,71,0.15547249,Polarizability_T12,0.37785199988580237,3.621326656708587e-33,0.18228349061719987,1.915360834528875e-08,2.1407488554702087e-32,8.34068472923917e-08,0.1955685092686025
dim 71,71,0.15547249,Polarizability_T13,0.008891986217706238,0.7857528978525984,0.040813481962135786,0.21196818807479736,0.8077607506394825,0.2788396014847669,-0.03192149574442955
dim 71,71,0.15547249,Polarizability_T23,-0.3488097206942711,3.3957775569871574e-28,-0.1690372364550703,1.9410263046364832e-07,1.7449072369749394e-27,7.582488722205677e-07,0.17977248423920078
dim 71,71,0.15547249,Polarizability_group1_D0,-0.15615369600880152,1.5626823898261829e-06,-0.08574331186283227,0.008640100553371177,3.106761417868721e-06,0.01605001993785302,0.07041038414596926
dim 71,71,0.15547249,Polarizability_group1_D25,-0.2192251880042515,1.1663569562382027e-11,-0.05467630486889432,0.09438955681141292,3.276393804739779e-11,0.13612310870039687,0.16454888313535718
dim 71,71,0.15547249,Polarizability_group1_D50,-0.15296088202044253,2.555415202945978e-06,-0.013894802171819572,0.6709978026889902,4.9825375235490756e-06,0.7300106387561002,0.13906607984862296
dim 71,71,0.15547249,Polarizability_group1_D75,-0.1595391434343006,9.176688559087514e-07,-0.046200128437346125,0.1576340307338596,1.8564591028075284e-06,0.21756101762441776,0.11333901499695447
dim 71,71,0.15547249,Polarizability_group1_D100,-0.0008144769370701547,0.9801361357269983,-0.03267603841835411,0.3177171546850026,0.9824894037599562,0.39273697137228303,-0.03186156148128396
dim 71,71,0.15547249,Polarizability_group2_D0,0.05750659135554767,0.07850800772513061,0.10613318433173224,0.0011393575790090069,0.09722534141710651,0.0025168348636839173,-0.048626592976184574
dim 71,71,0.15547249,Polarizability_group2_D25,0.14038929562189986,1.6103898131868347e-05,0.006910790747758032,0.8326823679154279,2.8840225072622132e-05,0.8677563522113976,0.13347850487414184
dim 71,71,0.15547249,Polarizability_group2_D50,0.1720851957610456,1.1570029819478582e-07,0.018494145390175708,0.5717970397912131,2.504465301170348e-07,0.6417345809484717,0.1535910503708699
dim 71,71,0.15547249,Polarizability_group2_D75,0.02569023376114487,0.43217824272918987,-0.04291596518571564,0.18934191097009967,0.4742034594991768,0.25397669985547505,-0.01722573142457077
dim 71,71,0.15547249,Polarizability_group2_D100,-0.015152623527691051,0.6431951016844529,-0.05693204032590276,0.08154304748104482,0.6794027955806682,0.11966334735794802,-0.041779416798211705
dim 71,71,0.15547249,Polarizability_group3_D0,0.20136985412574904,4.983795564442295e-10,0.13490045684904683,3.430868541597203e-05,1.268740639118694e-09,9.964435590377964e-05,0.0664693972767022
dim 71,71,0.15547249,Polarizability_group3_D25,0.15033696446031095,3.7999828963263574e-06,0.08473503651832386,0.009459533235853785,7.2733196984126266e-06,0.017378900444307836,0.06560192794198709
dim 71,71,0.15547249,Polarizability_group3_D50,0.11933371850318963,0.0002511611132439481,0.0749492774984929,0.021767718611941055,0.00040525512958202256,0.036479769274401976,0.04438444100469674
dim 71,71,0.15547249,Polarizability_group3_D75,0.14808422542767027,5.313994403545087e-06,0.1113578865835057,0.0006383089332358715,1.0050249891189464e-05,0.0014877542477374813,0.03672633884416457
dim 71,71,0.15547249,Polarizability_group3_D100,-0.07926972169556029,0.015221597190691894,-0.025220968429397205,0.44063731914433335,0.02066672138898818,0.5160338870764634,0.05404875326616308
dim 71,71,0.15547249,Charge_C1,-0.18059168026872932,2.5999160804750758e-08,-0.002223364476303373,0.9458115570944204,5.903276484559316e-08,0.9572759396046558,0.17836831579242596
dim 71,71,0.15547249,Charge_C2,0.2405198493694681,8.495500529575819e-14,-0.010610394185951952,0.7456620303884649,2.6643165980078153e-13,0.7941681063448573,0.22990945518351616
dim 71,71,0.15547249,Charge_C3,-0.22456353961885905,3.555302448113352e-12,0.018368402987621598,0.5744144666298016,1.0228001874848058e-11,0.6438068183032004,0.20619513663123745
dim 71,71,0.15547249,Charge_T12,-0.12887869374112587,7.612611840282985e-05,0.00847828558416684,0.7954944991633671,0.00012926346490363586,0.8353283828453515,0.12040040815695903
dim 71,71,0.15547249,Charge_T13,-0.2506309598501075,6.9004048620780014e-15,-0.05114017498638903,0.11773348787181916,2.310821770576652e-14,0.1669057086128506,0.1994907848637185
dim 71,71,0.15547249,Charge_T23,-0.19932394360686548,7.502190111543474e-10,0.031461328233034554,0.3360505081547253,1.889691928548658e-09,0.4111387169365504,0.16786261537383093
dim 71,71,0.15547249,Charge_group1_D0,0.10184357643949904,0.001799712416474552,0.09087249226871469,0.005374329656174283,0.002681105919279663,0.010472731068624333,0.010971084170784351
dim 71,71,0.15547249,Charge_group1_D25,0.18132561798818486,2.2779365257761313e-08,0.11676941218625907,0.00034116527740821857,5.1898417435827273e-08,0.0008317460047762409,0.0645562058019258
dim 71,71,0.15547249,Charge_group1_D50,0.12321015969415147,0.00015626292025394,0.1179031042746004,0.00029818434966284165,0.0002569759496051992,0.0007366388519777302,0.0053070554195510655
dim 71,71,0.15547249,Charge_group1_D75,0.14737267395855483,5.901759678679129e-06,0.10195280873385315,0.0017792499839142653,1.1111543025247062e-05,0.0037899840218581925,0.04541986522470168
dim 71,71,0.15547249,Charge_group1_D100,-0.10979164565148708,0.0007613742492793521,-0.08391295601612128,0.010178121355890263,0.001180041759903961,0.018576461928236872,0.025878689635365798
dim 71,71,0.15547249,Charge_group2_D0,0.13317986875126314,4.323326803693441e-05,0.16088655464630558,7.40153120811159e-07,7.466345152190327e-05,2.7225896734683598e-06,-0.027706685895042438
dim 71,71,0.15547249,Charge_group2_D25,-0.1767152189979724,5.179958845278756e-08,-0.0937003141507436,0.004095660565086386,1.1511019656175013e-07,0.008171748080877256,0.0830149048472288
dim 71,71,0.15547249,Charge_group2_D50,-0.004852508271390497,0.8820743816029826,-0.0037392294550078692,0.9089943311353049,0.8946639643346377,0.9267524621464952,0.0011132788163826278
dim 71,71,0.15547249,Charge_group2_D75,-0.11824261848672558,0.00028633283173606466,-0.1151499915472746,0.00041267446958985856,0.00045978445096079613,0.0009923201788553835,0.0030926269394509903
dim 71,71,0.15547249,Charge_group2_D100,0.019996190152849015,0.5409767947686759,-0.09986777267327843,0.002209149590842185,0.5813585889727726,0.004628958364750877,-0.07987158252042942
dim 71,71,0.15547249,Charge_group3_D0,0.07226044752060311,0.026976019821167457,0.09518068183568373,0.0035425756618101623,0.03554236931072951,0.007192828395407867,-0.022920234315080626
dim 71,71,0.15547249,Charge_group3_D25,0.1923082545774398,2.9517357071090535e-09,0.08611969683785364,0.008350836965928386,7.175252737805123e-09,0.015547266146154298,0.10618855773958616
dim 71,71,0.15547249,Charge_group3_D50,0.03221760243151932,0.3245578655188299,0.024469458694172688,0.4543796633459571,0.365113934265036,0.5295282887562793,0.007748143737346631
dim 71,71,0.15547249,Charge_group3_D75,0.06350654553329652,0.05197614686377445,0.08765395443591635,0.007259173032684617,0.06568306111426661,0.013768107853019093,-0.024147408902619835
dim 71,71,0.15547249,Charge_group3_D100,-0.06951495943049411,0.0333687394843701,0.026237847716944044,0.4224265864992113,0.043518777773446364,0.4994353270468551,0.04327711171355007
dim 71,71,0.15547249,SecondaryStructure_C1,-0.2555491810725124,1.9527619502306935e-15,0.0036245248811986384,0.9117744526267908,6.608130611722915e-15,0.9287364049324431,0.25192465619131377
dim 71,71,0.15547249,SecondaryStructure_C2,-0.010044330981279926,0.7587985595370996,-0.1388058487555944,2.0089368040667638e-05,0.7824597680932117,6.0244139246436506e-05,-0.12876151777431447
dim 71,71,0.15547249,SecondaryStructure_C3,0.35300395936649237,6.986571002067877e-29,0.11048748927269879,0.0007042086991295438,3.6404285720603292e-28,0.0016333729549254696,0.24251647009379357
dim 71,71,0.15547249,SecondaryStructure_T12,-0.2984984470955756,9.752557479058505e-21,-0.12139861090302198,0.00019539958668029594,4.0514355696586327e-20,0.0004997202293355195,0.17709983619255362
dim 71,71,0.15547249,SecondaryStructure_T13,-0.044733728530161186,0.17125671401986212,0.13958775084051125,1.801664292594238e-05,0.20162052337904107,5.440830684687844e-05,-0.09485402231035006
dim 71,71,0.15547249,SecondaryStructure_T23,0.20946496329591896,9.467237581949686e-11,-0.04511976864844325,0.1675879141599366,2.523589267654585e-10,0.229176488084017,0.1643451946474757
dim 71,71,0.15547249,SecondaryStructure_group1_D0,0.16133092085868633,6.892256103677741e-07,0.14575687777131638,7.475757839191417e-06,1.4053806707132878e-06,2.417137578209035e-05,0.015574043087369954
dim 71,71,0.15547249,SecondaryStructure_group1_D25,0.13838294030311318,2.130296927372053e-05,0.1836465713754728,1.4942269830391614e-08,3.786690653231856e-05,6.57538619677312e-08,-0.04526363107235962
dim 71,71,0.15547249,SecondaryStructure_group1_D50,-0.0017263627218989618,0.9579117796809627,0.08840717133106518,0.006771550677168923,0.9622331862058392,0.012938775321363961,-0.08668080860916622
dim 71,71,0.15547249,SecondaryStructure_group1_D75,-0.08965722070286855,0.006026842163546841,0.0045159396557398375,0.8901999927522899,0.008551254386680735,0.9126052718823352,0.08514128104712872
dim 71,71,0.15547249,SecondaryStructure_group1_D100,-0.1642043759952862,4.3264242604422587e-07,-0.08332019639892084,0.010725960278036455,8.969743656037955e-07,0.01949113565214459,0.08088417959636536
dim 71,71,0.15547249,SecondaryStructure_group2_D0,0.10431462113877778,0.0013858456287681128,0.06668793657791305,0.041261218266850475,0.0020897175621153482,0.06540696203667802,0.03762668456086472
dim 71,71,0.15547249,SecondaryStructure_group2_D25,-0.03930119501764664,0.2294077125773469,-0.005324581982564778,0.8706983737556545,0.26512863668108605,0.8967414641825119,0.03397661303508186
dim 71,71,0.15547249,SecondaryStructure_group2_D50,0.04815809061681999,0.1407434753175297,0.034515452059010646,0.29122511272815776,0.1674085497010503,0.365948787250582,0.013642638557809346
dim 71,71,0.15547249,SecondaryStructure_group2_D75,0.11466327140110734,0.000436758221327411,0.02226092812292321,0.49612975892190214,0.0006881002166196004,0.5708141215291606,0.09240234327818413
dim 71,71,0.15547249,SecondaryStructure_group2_D100,-0.03614908331973038,0.2689758511225135,-0.09261898687801844,0.004547891532351079,0.3072432772740065,0.00897751638182778,-0.056469903558288057
dim 71,71,0.15547249,SecondaryStructure_group3_D0,-0.051979693210449276,0.11181831528908007,0.01405927239052614,0.6673356736041247,0.13512054018289704,0.7271758307999713,0.03792042081992314
dim 71,71,0.15547249,SecondaryStructure_group3_D25,-0.24138587951833246,6.882141052985182e-14,-0.2577196343324255,1.109062955719424e-15,2.172622978919708e-13,8.634662638934443e-15,-0.01633375481409305
dim 71,71,0.15547249,SecondaryStructure_group3_D50,-0.022350615158583886,0.49439542806034104,-0.11587129483191372,0.000379251610031943,0.5354347372637935,0.000919231043183374,-0.09352067967332983
dim 71,71,0.15547249,SecondaryStructure_group3_D75,-0.05704506681162408,0.08093859543084175,-0.101574622610942,0.0018510192011066114,0.1000869710251801,0.003927829816833597,-0.044529555799317916
dim 71,71,0.15547249,SecondaryStructure_group3_D100,0.040181917595091834,0.21913133604209797,-0.030282961689829305,0.35447184297740586,0.25386703516496956,0.43067877611660077,0.009898955905262529
dim 71,71,0.15547249,SolventAccessibility_C1,0.09253119690889806,0.004586518856626746,0.16336249197218106,4.963011194447375e-07,0.006566212165080724,1.8541898645921957e-06,-0.07083129506328299
dim 71,71,0.15547249,SolventAccessibility_C2,-0.35652656943976035,1.8175919227422943e-29,-0.14011969108444394,1.6724596221103824e-05,9.605628199302631e-29,5.078195579862434e-05,0.2164068783553164
dim 71,71,0.15547249,SolventAccessibility_C3,0.2772966739522231,5.288219258472059e-18,-0.021507719965239678,0.5108219666105189,2.0094029946867662e-17,0.5854994401095173,0.2557889539869834
dim 71,71,0.15547249,SolventAccessibility_T12,-0.34399823575582256,2.022819338181562e-27,-0.0868136162552204,0.007840127389679409,1.0190371929904098e-26,0.014769331912876044,0.2571846195006022
dim 71,71,0.15547249,SolventAccessibility_T13,0.22828104161649154,1.526689062840864e-12,0.017197846713761275,0.5990479579641308,4.524526592625098e-12,0.6656088421823675,0.21108319490273025
dim 71,71,0.15547249,SolventAccessibility_T23,0.005360092083792144,0.8698437021410137,-0.0007421378002011431,0.9819000612862328,0.8844072953275451,0.984257564434579,0.004617954283591
dim 71,71,0.15547249,SolventAccessibility_group1_D0,-0.008118292649145131,0.8039974554447487,0.008439776242153377,0.79640294352425,0.8237274543513682,0.8355953458237052,-0.0003214835930082458
dim 71,71,0.15547249,SolventAccessibility_group1_D25,-0.07605151748497863,0.01989954301828524,0.039402987004234315,0.2282027903665613,0.026639067607644368,0.29773910173528534,0.03664853048074431
dim 71,71,0.15547249,SolventAccessibility_group1_D50,-0.0864548043684956,0.008100607945043843,0.05169368130806919,0.11380666538050477,0.011334742579156447,0.16191064473342154,0.03476112306042641
dim 71,71,0.15547249,SolventAccessibility_group1_D75,-0.24348417798944705,4.1174249645922554e-14,-0.14778749757661064,5.551958540307786e-06,1.3185234306556217e-13,1.8179942671203924e-05,0.09569668041283641
dim 71,71,0.15547249,SolventAccessibility_group1_D100,-0.042142019314685655,0.19745474775622046,-0.06310950621114957,0.05346360163555308,0.23059400612090084,0.08247964409364772,-0.02096748689646391
dim 71,71,0.15547249,SolventAccessibility_group2_D0,0.08672037880047642,0.007907082897896737,0.11007195269861911,0.0007378475233544681,0.011087177531055878,0.0016984222798097335,-0.023351573898142686
dim 71,71,0.15547249,SolventAccessibility_group2_D25,0.3377431596336028,1.965284824277075e-26,0.14142191351289277,1.3923368777969962e-05,9.541264097277307e-26,4.2821410422117565e-05,0.19632124612071003
dim 71,71,0.15547249,SolventAccessibility_group2_D50,0.10121881484211744,0.001920956446148584,-0.01879103735120315,0.5656395650349533,0.002851553124505009,0.6356783806247456,0.08242777749091429
dim 71,71,0.15547249,SolventAccessibility_group2_D75,0.14671378386062747,6.501018853693801e-06,0.019688043319341045,0.5472314850323734,1.2164371412513892e-05,0.6195773423756363,0.12702574054128643
dim 71,71,0.15547249,SolventAccessibility_group2_D100,-0.14869603957390082,4.853751398679592e-06,-0.03463408938223648,0.2895688960742621,9.211096404312405e-06,0.3646908419638143,0.11406195019166435
dim 71,71,0.15547249,SolventAccessibility_group3_D0,0.27461215401899136,1.1298855543783865e-17,0.2030009396169372,3.585911864244091e-10,4.259387981516716e-17,1.8426070194731175e-09,0.07161121440205417
dim 71,71,0.15547249,SolventAccessibility_group3_D25,-0.15858545736348106,1.0673393718346761e-06,-0.17134402977102206,1.3132338850090105e-07,2.1475382541733845e-06,5.209265054548807e-07,-0.012758572407540997
dim 71,71,0.15547249,SolventAccessibility_group3_D50,0.02489913160870208,0.44649319367837437,-0.027852660889168074,0.3944307115817234,0.48782704183374886,0.47033151613100893,-0.002953529280465994
dim 71,71,0.15547249,SolventAccessibility_group3_D75,0.047445984763873794,0.1467180906135316,0.09092810011602193,0.00534605685369545,0.17432885900006959,0.010423718558869121,-0.04348211535214813
dim 71,71,0.15547249,SolventAccessibility_group3_D100,0.07540920312468517,0.020970430732528203,-0.03337608529714933,0.3074545369874409,0.02801649545865768,0.3828852175757094,0.04203311782753584
dim 505,505,0.12661347,AAC_A,0.007779695661881672,0.8120162507005211,-0.10081332933024217,0.002003606875295245,0.8309234918320284,0.00422744596556293,-0.0930336336683605
dim 505,505,0.12661347,AAC_C,0.10738715917456498,0.0009936919838489649,0.0706552807121171,0.030571456660142597,0.0015196571547873364,0.04983341397992986,0.03673187846244788
dim 505,505,0.12661347,AAC_D,-0.4073529596416316,9.22042329075883e-39,-0.3379973578791659,1.7936388287855113e-26,6.376027700027845e-38,2.5171233983796674e-25,0.06935560176246569
dim 505,505,0.12661347,AAC_E,-0.4963900729559216,1.9130151786143843e-59,-0.3104680984220592,2.1937719605370295e-22,2.4294565386205487e-58,2.483796050235145e-21,0.1859219745338624
dim 505,505,0.12661347,AAC_F,-0.07531710683056628,0.021128015277365984,0.019185969339331733,0.5574983804064867,0.02820446483869,0.6286443587297993,0.056131137491234544
dim 505,505,0.12661347,AAC_G,0.06312298449894362,0.053412531208195974,-0.062039370525775246,0.05765035042237141,0.06729455082435856,0.08844840165857626,0.0010836139731683694
dim 505,505,0.12661347,AAC_H,-0.3950188295332931,2.3595525066393335e-36,-0.21473733115739677,3.09316117126872e-11,1.515558725418341e-35,1.7048116026464562e-10,0.18028149837589633
dim 505,505,0.12661347,AAC_I,-0.1290971619132968,7.400059988785197e-05,0.028127789986490008,0.38977509222731765,0.0001257821901401657,0.46561116167354827,0.10096937192680677
dim 505,505,0.12661347,AAC_K,-0.0525532672696421,0.10791336647275136,0.21544664615936768,2.6550478140149e-11,0.13073291404388449,1.4779766164682943e-10,-0.16289337888972558
dim 505,505,0.12661347,AAC_L,-0.36707219358061416,2.912859523737531e-31,-0.2274097581098446,1.8636919128824794e-12,1.6296400015550006e-30,1.1400606207010039e-11,0.13966243547076956
dim 505,505,0.12661347,AAC_M,-0.13307391562024265,4.38492153452634e-05,0.017743020700824477,0.5875156677609445,7.568805129363294e-05,0.6558497093320704,0.11533089491941817
dim 505,505,0.12661347,AAC_N,0.32141335449179564,5.8410393023980465e-24,0.37839632719216076,2.8888865409088577e-33,2.6835036134813583e-23,5.420719689121115e-32,-0.05698297270036512
dim 505,505,0.12661347,AAC_P,0.14759408184151465,5.712517183309389e-06,-0.16127409819915525,6.955447499941724e-07,1.077413665968197e-05,2.569822417013867e-06,-0.0136800163576406
dim 505,505,0.12661347,AAC_Q,0.02286988324630492,0.48441797978074047,0.0906836494610931,0.005471352327714863,0.5261793617375217,0.01064316643830381,-0.06781376621478818
dim 505,505,0.12661347,AAC_R,-0.20139452952596215,4.959140368578682e-10,-0.32217282450180107,4.51630016255808e-24,1.2643915138208243e-09,5.586830571460736e-23,-0.12077829497583892
dim 505,505,0.12661347,AAC_S,0.5120889915778695,9.06626967877441e-64,0.33079841193529996,2.3095598788875107e-25,1.3579076559240595e-62,3.0489841879384526e-24,0.1812905796425695
dim 505,505,0.12661347,AAC_T,0.4698642809540206,1.2470576420890105e-52,0.25666313783633266,1.4616347282587236e-15,1.2322995634844069e-51,1.1274503446614634e-14,0.21320114311768795
dim 505,505,0.12661347,AAC_V,-0.09945940596017716,0.0023037444187407703,-0.1013625065618308,0.0018924259363136253,0.0033926394879163022,0.0040080549316978496,-0.0019031006016536345
dim 505,505,0.12661347,AAC_W,0.025529534292706647,0.43506442000668194,-0.06050463851457122,0.06412661201438738,0.47674381982359504,0.09656577282599361,-0.034975104221864575
dim 505,505,0.12661347,AAC_Y,0.2630303876895551,2.7165369912399946e-16,0.35804196071165856,1.013113695067393e-29,9.652376117810193e-16,1.6506340202561428e-28,-0.09501157302210345
dim 505,505,0.12661347,Hydrophobicity_C1,-0.31492088704802607,5.110552823632963e-23,-0.05834318493224119,0.07425349578092055,2.2668321953431736e-22,0.11012729836069034,0.2565777021157849
dim 505,505,0.12661347,Hydrophobicity_C2,0.3928523964784561,6.100923748984857e-36,0.1359276351483513,2.984544388970924e-05,3.844733079548948e-35,8.767263200670965e-05,0.2569247613301048
dim 505,505,0.12661347,Hydrophobicity_C3,-0.39496976735698786,2.411053565661033e-36,-0.18893417245088298,5.602537824810806e-09,1.5456658175254993e-35,2.5739307200643866e-08,0.20603559490610487
dim 505,505,0.12661347,Hydrophobicity_T12,-0.06767275710565257,0.03834913736428255,-0.014347297927034541,0.6609414968383799,0.04933979922831422,0.7207132221482824,0.05332545917861803
dim 505,505,0.12661347,Hydrophobicity_T13,-0.36434081476684094,8.624785577906792e-31,-0.11800309763929047,0.0002946470413158881,4.7772444162866806e-30,0.0007295189903595746,0.24633771712755048
dim 505,505,0.12661347,Hydrophobicity_T23,0.011684664166876187,0.7209363634570665,-0.12243998706712104,0.00017190393340172532,0.7482683200579869,0.0004440519238683392,-0.11075532290024485
dim 505,505,0.12661347,Hydrophobicity_group1_D0,-0.0659704530439851,0.043498693326648546,-0.06646913381605302,0.04193300386882412,0.05564367510953893,0.06637736157434718,-0.000498680772067911
dim 505,505,0.12661347,Hydrophobicity_group1_D25,0.33876968529036927,1.358052513233434e-26,0.12164276812473017,0.00018963490227332503,6.631426014911798e-26,0.0004864674144338753,0.2171269171656391
dim 505,505,0.12661347,Hydrophobicity_group1_D50,0.08852638667686819,0.006697126157480599,-0.046561210118929997,0.15440891613830202,0.009461008390534632,0.2135510475784384,0.04196517655793819
dim 505,505,0.12661347,Hydrophobicity_group1_D75,0.13611720490294663,2.9084412462025246e-05,-0.0059236290057307125,0.8563012287954221,5.0993143109272606e-05,0.886011804267878,0.13019357589721592
dim 505,505,0.12661347,Hydrophobicity_group1_D100,-0.14459177083139269,8.851460653620503e-06,-0.01860087467863095,0.5695798373675142,1.6234969018721842e-05,0.6396760782809339,0.12599089615276174
dim 505,505,0.12661347,Hydrophobicity_group2_D0,-0.11952085662896182,0.0002455511701228322,-0.01768196420689848,0.5888021088933144,0.0003973550911871413,0.6570661689621351,0.10183889242206334
dim 505,505,0.12661347,Hydrophobicity_group2_D25,-0.1922187747857351,3.0027781298906467e-09,0.042020557189407885,0.19875068654870007,7.288720169938052e-09,0.26500091539826676,0.1501982175963272
dim 505,505,0.12661347,Hydrophobicity_group2_D50,0.02858753172064857,0.3820703812874038,0.16634818336771856,3.040548500829577e-07,0.4235363669100327,1.1606207991738043e-06,-0.13776065164707
dim 505,505,0.12661347,Hydrophobicity_group2_D75,-0.0569078465673284,0.08167290678422667,0.07849461989035365,0.016249736140474546,0.10088295438584212,0.0281943473813948,-0.021586773323025256
dim 505,505,0.12661347,Hydrophobicity_group2_D100,0.1452495224770789,8.047663722602049e-06,0.07662029639818176,0.018991368583501336,1.484218488873045e-05,0.03234633914782991,0.06862922607889714
dim 505,505,0.12661347,Hydrophobicity_group3_D0,0.18534523865294958,1.093687475722633e-08,0.017589637502560575,0.5907498656985736,2.545586180427592e-08,0.6590195562569258,0.167755601150389
dim 505,505,0.12661347,Hydrophobicity_group3_D25,0.039514585954428645,0.22688696184722043,-0.20096150938279495,5.409576485811157e-10,0.26248786025968696,2.7375735549407978e-09,-0.1614469234283663
dim 505,505,0.12661347,Hydrophobicity_group3_D50,-0.10580776054284496,0.001180255201920734,-0.24414729556212222,3.4968924503961466e-14,0.0017910278847865751,2.4081692338810576e-13,-0.13833953501927726
dim 505,505,0.12661347,Hydrophobicity_group3_D75,-0.17317074330969573,9.601508748139957e-08,-0.2341679479692437,3.882720692992831e-13,2.08918822272231e-07,2.4654538240676915e-12,-0.06099720465954797
dim 505,505,0.12661347,Hydrophobicity_group3_D100,0.020064172347153082,0.5396017259217684,-0.005523660325961337,0.8659088496876878,0.5800675135431949,0.8929100209808203,0.014540512021191745
dim 505,505,0.12661347,NormVanDerWaalsVolume_C1,0.30736147576540873,5.974088614532708e-22,0.018229099350787214,0.5773207750773731,2.5746394803276443e-21,0.646413472597528,0.28913237641462153
dim 505,505,0.12661347,NormVanDerWaalsVolume_C2,-0.3247937312496707,1.8485305024651536e-24,-0.06935419055547734,0.03378018456947992,8.575127608657795e-24,0.05434769579097444,0.2554395406941934
dim 505,505,0.12661347,NormVanDerWaalsVolume_C3,-0.19508336209182497,1.72738400928813e-09,0.046887985053488006,0.15153359417787243,4.254765922582857e-09,0.21053336295927366,0.14819537703833696
dim 505,505,0.12661347,NormVanDerWaalsVolume_T12,-0.029561151816264602,0.3660643549994764,-0.17575701950941502,6.12797865479848e-08,0.4075516485660838,2.5175213661779733e-07,-0.14619586769315043
dim 505,505,0.12661347,NormVanDerWaalsVolume_T13,-0.007682694624584034,0.8143171416075924,0.008220444478000476,0.8015822496230582,0.8327676830892097,0.8398007257656883,-0.0005377498534164422
dim 505,505,0.12661347,NormVanDerWaalsVolume_T23,-0.18140220770831098,2.2466543055421636e-08,0.08663502976865745,0.007968821367590579,5.132575499665408e-08,0.014961137362424132,0.09476717793965353
dim 505,505,0.12661347,NormVanDerWaalsVolume_group1_D0,-0.10935353537059557,0.0007995423033372191,-0.005587781430973914,0.8643672302729388,0.001236329302382552,0.8918710377236996,0.10376575393962166
dim 505,505,0.12661347,NormVanDerWaalsVolume_group1_D25,-0.18837619275258424,6.221910259482768e-09,-0.0008891493012457752,0.978315418294367,1.4780355808444128e-08,0.98184299792764,0.18748704345133846
dim 505,505,0.12661347,NormVanDerWaalsVolume_group1_D50,0.06461480636928751,0.048006033089134176,0.1624737552194763,5.732591174004716e-07,0.06096583669874834,2.1250670944701165e-06,-0.09785894885018878
dim 505,505,0.12661347,NormVanDerWaalsVolume_group1_D75,-0.04384684773596622,0.17991222581320132,0.08240120824369217,0.01162711851997432,0.2113636420035499,0.02087880422403991,-0.03855436050772595
dim 505,505,0.12661347,NormVanDerWaalsVolume_group1_D100,0.1613866638519499,6.830802258064382e-07,0.09783594083093097,0.002717576993132629,1.393700643978927e-06,0.005606366372491032,0.06355072302101894
dim 505,505,0.12661347,NormVanDerWaalsVolume_group2_D0,-0.05909509629789302,0.07059195320198658,-0.09530219206970911,0.0035003377231696956,0.0878454261157359,0.007111391724687824,-0.036207095771816085
dim 505,505,0.12661347,NormVanDerWaalsVolume_group2_D25,0.16724780915899615,2.6187045654406394e-07,-0.022041815852417417,0.5003804541818968,5.553316348299515e-07,0.5753083363055199,0.14520599330657874
dim 505,505,0.12661347,NormVanDerWaalsVolume_group2_D50,-0.06282815321534131,0.05453900313414603,-0.13386210699452272,3.945915690531281e-05,0.06861027136272985,0.00011410699918938943,-0.07103395377918141
dim 505,505,0.12661347,NormVanDerWaalsVolume_group2_D75,-0.021164682118551336,0.517587780949526,-0.03940261245308858,0.22820721570129657,0.5580191053490693,0.29773910173528534,-0.01823793033453724
dim 505,505,0.12661347,NormVanDerWaalsVolume_group2_D100,-0.06582012123915618,0.04398024830228439,0.008567468353507378,0.7933917212395527,0.05617362498265004,0.8338352262240736,0.0572526528856488
dim 505,505,0.12661347,NormVanDerWaalsVolume_group3_D0,0.12316973298944116,0.00015704950444891825,0.03636882013416316,0.266074508106256,0.00025801541803216276,0.33867715589744474,0.086800912855278
dim 505,505,0.12661347,NormVanDerWaalsVolume_group3_D25,0.06446954575767037,0.04851145419686384,-0.023314856037392494,0.47595553999853574,0.061514144653578295,0.5512106461841573,0.04115468972027788
dim 505,505,0.12661347,NormVanDerWaalsVolume_group3_D50,-0.02581355023080628,0.42997099522629206,-0.10095462001785181,0.0019744446176026874,0.47193661651522034,0.004170654595668849,-0.07514106978704553
dim 505,505,0.12661347,NormVanDerWaalsVolume_group3_D75,-0.040874885069081525,0.21128087644263976,-0.11521020656892689,0.00040978255660702753,0.24562413063641378,0.0009867871226153368,-0.07433532149984537
dim 505,505,0.12661347,NormVanDerWaalsVolume_group3_D100,-0.06481360469541067,0.04732149866300185,-0.0030818166062241874,0.9249422546775491,0.0601651334352593,0.939518974011038,0.06173178808918648
dim 505,505,0.12661347,Polarity_C1,-0.2766434744058653,6.366118547632637e-18,-0.026199769601141638,0.4231004717004129,2.4134887569912608e-17,0.49970140575649896,0.25044370480472367
dim 505,505,0.12661347,Polarity_C2,0.3652052246715984,6.124149536050926e-31,0.08301848902489019,0.011014731296821286,3.4034375125474364e-30,0.019929145466621397,0.2821867356467082
dim 505,505,0.12661347,Polarity_C3,-0.3734099274450408,2.2531663996380264e-32,-0.10815207825434849,0.0009134988871713883,1.3020027292025966e-31,0.002068533073323686,0.26525784919069234
dim 505,505,0.12661347,Polarity_T12,0.1744595160539433,7.682803657362539e-08,-0.02284815015944993,0.4848333724405259,1.687085089782438e-07,0.5603264581146562,0.15161136589449337
dim 505,505,0.12661347,Polarity_T13,-0.35440235480791066,4.102118511874253e-29,-0.07652097669667542,0.019147296223690994,2.1407930983843756e-28,0.03254553149472159,0.27788137811123526
dim 505,505,0.12661347,Polarity_T23,-0.06706643658871422,0.040120606252710495,-0.11630302746956037,0.00036047331696324996,0.051539548032328096,0.0008775370835694278,-0.04923659088084614
dim 505,505,0.12661347,Polarity_group1_D0,0.09883063888115788,0.0024566538023881317,-0.03184766946698349,0.33014722227028476,0.00360827779242584,0.4049732423930617,0.06698296941417439
dim 505,505,0.12661347,Polarity_group1_D25,0.04707605952922543,0.14989727336475803,-0.13684407071176521,2.6333650906407783e-05,0.17779008985734795,7.797375357039184e-05,-0.08976801118253978
dim 505,505,0.12661347,Polarity_group1_D50,-0.052582254852190896,0.10771891437922142,-0.16457014502232029,4.075056518345685e-07,0.13058982839166353,1.536195120911353e-06,-0.11198789017012939
dim 505,505,0.12661347,Polarity_group1_D75,-0.08575149252030397,0.008633719588159179,-0.1822626814822461,1.9226069857127587e-08,0.012050406779963083,8.361337672240382e-08,-0.09651118896194215
dim 505,505,0.12661347,Polarity_group1_D100,0.033577400292165396,0.30454430146643824,0.048995822944219045,0.13395599227383476,0.3446892466614381,0.18790970776758004,-0.015418422652053648
dim 505,505,0.12661347,Polarity_group2_D0,-0.12959173298912421,6.93940089321546e-05,-0.025626070174883473,0.4333292966154116,0.00011825305603744712,0.5096278521422154,0.10396566281424074
dim 505,505,0.12661347,Polarity_group2_D25,-0.2556016176714091,1.926374527466317e-15,-0.040580155664672865,0.21459461929432413,6.525447182289553e-15,0.2815184715015878,0.21502146200673622
dim 505,505,0.12661347,Polarity_group2_D50,-0.05140361509391299,0.11585148620005528,0.10291245479318932,0.0016084462730732911,0.13969096169970563,0.003460689436583196,-0.05150883969927633
dim 505,505,0.12661347,Polarity_group2_D75,-0.06877842120978342,0.035289429838009805,0.07999584184701869,0.014310765005279611,0.04579125705476019,0.025103968023967388,-0.01121742063723527
dim 505,505,0.12661347,Polarity_group2_D100,0.12268178201768193,0.000166841757056951,0.08297943887181577,0.011052606748319961,0.00027356478574875617,0.019976031677158373,0.039702343145866154
dim 505,505,0.12661347,Polarity_group3_D0,-0.019633058776712103,0.5483512925220959,-0.04140727658361772,0.20538894858899792,0.587770640893389,0.27243808113075973,-0.02177421780690562
dim 505,505,0.12661347,Polarity_group3_D25,0.40110050455322194,1.5781317999791045e-37,0.1698105121123332,1.703742865163741e-07,1.0479046146978546e-36,6.671161980828716e-07,0.23128999244088874
dim 505,505,0.12661347,Polarity_group3_D50,0.11630216044032517,0.000360510143070827,-0.055001759126505595,0.09244183500623566,0.0005728372397034074,0.13354486545018474,0.06130040131381957
dim 505,505,0.12661347,Polarity_group3_D75,0.10040113040252162,0.0020909541360846174,-0.044914036991691546,0.1695357168296205,0.003092908243809842,0.23121653499833908,0.05548709341083007
dim 505,505,0.12661347,Polarity_group3_D100,-0.15938040190953517,9.410976224782443e-07,-0.05531090543778002,0.09062168022246753,1.9027034255916075e-06,0.13165568157592064,0.10406949647175515
dim 505,505,0.12661347,Polarizability_C1,0.3014705402195353,3.864283360462774e-21,0.0552885790091021,0.09075215947791047,1.6173817573866748e-20,0.13178791854618305,0.24618196121043318
dim 505,505,0.12661347,Polarizability_C2,-0.29768479443846124,1.2542100524589591e-20,-0.1289796317490984,7.513700849386655e-05,5.178073640559856e-20,0.0002067196115070134,0.16870516268936284
dim 505,505,0.12661347,Polarizability_C3,-0.19508336209182497,1.72738400928813e-09,0.046887985053488006,0.15153359417787243,4.254765922582857e-09,0.21053336295927366,0.14819537703833696
dim 505,505,0.12661347,Polarizability_T12,0.19897278475834304,8.044279210142269e-10,-0.08108438980398543,0.01303520271634966,2.0231846808640946e-09,0.023145973988627253,0.11788839495435761
dim 505,505,0.12661347,Polarizability_T13,-0.005105300711903094,0.875979428035361,0.028012311689302433,0.3917250906089063,0.8898331172865285,0.4676060767097023,-0.02290701097739934
dim 505,505,0.12661347,Polarizability_T23,-0.18032253225175965,2.7287041236088396e-08,0.07148269557814535,0.028669856003521996,6.191488976123318e-08,0.047101485023002196,0.1088398366736143
dim 505,505,0.12661347,Polarizability_group1_D0,-0.08610495852996504,0.008361999045887039,0.003995766251215684,0.9027806649144682,0.011695593305386394,0.9237998066672793,0.08210919227874935
dim 505,505,0.12661347,Polarizability_group1_D25,-0.19046927559335353,4.191685567518432e-09,-0.0016299446988934378,0.9602604240057453,1.007935910404e-08,0.969256517431003,0.1888393308944601
dim 505,505,0.12661347,Polarizability_group1_D50,-0.04830345109462274,0.13954717095091768,0.12931070396512434,7.197725895564339e-05,0.1661039026999519,0.00019913936831232867,-0.0810072528705016
dim 505,505,0.12661347,Polarizability_group1_D75,-0.05572799290234132,0.08821173671852608,0.09122159303157845,0.005199045467015819,0.10855829058212127,0.01017867049228185,-0.035493600129237135
dim 505,505,0.12661347,Polarizability_group1_D100,0.09627614437480256,0.003177967375160934,0.07867977730923888,0.015998745867471093,0.004625015700669943,0.027831151665288257,0.01759636706556368
dim 505,505,0.12661347,Polarizability_group2_D0,-0.11332123651542278,0.0005101209639921825,-0.08993183273771035,0.005873460263184844,0.0007991576077551076,0.011359210931695068,0.023389403777712425
dim 505,505,0.12661347,Polarizability_group2_D25,0.14499029668933236,8.355757222858442e-06,-0.0009034645160317985,0.9779663866126344,1.5376434779254655e-05,0.9817877160463477,0.14408683217330057
dim 505,505,0.12661347,Polarizability_group2_D50,0.11996382477527247,0.00023273625136488856,-0.062146624421410446,0.05721882398773023,0.0003775323358711645,0.08782668755469622,0.05781720035386202
dim 505,505,0.12661347,Polarizability_group2_D75,0.020395991526448887,0.5329152318536594,-0.05664312812101379,0.08310474701559334,0.5738029898101942,0.12163446758636362,-0.036247136594564904
dim 505,505,0.12661347,Polarizability_group2_D100,0.1135938006569906,0.000494351682707159,0.09069093512100393,0.005467580058043142,0.0007748168091233744,0.010642026453300753,0.022902865535986666
dim 505,505,0.12661347,Polarizability_group3_D0,0.12316973298944116,0.00015704950444891825,0.03636882013416316,0.266074508106256,0.00025801541803216276,0.33867715589744474,0.086800912855278
dim 505,505,0.12661347,Polarizability_group3_D25,0.06446954575767037,0.04851145419686384,-0.023314856037392494,0.47595553999853574,0.061514144653578295,0.5512106461841573,0.04115468972027788
dim 505,505,0.12661347,Polarizability_group3_D50,-0.02581355023080628,0.42997099522629206,-0.10095462001785181,0.0019744446176026874,0.47193661651522034,0.004170654595668849,-0.07514106978704553
dim 505,505,0.12661347,Polarizability_group3_D75,-0.040874885069081525,0.21128087644263976,-0.11521020656892689,0.00040978255660702753,0.24562413063641378,0.0009867871226153368,-0.07433532149984537
dim 505,505,0.12661347,Polarizability_group3_D100,-0.06481360469541067,0.04732149866300185,-0.0030818166062241874,0.9249422546775491,0.0601651334352593,0.939518974011038,0.06173178808918648
dim 505,505,0.12661347,Charge_C1,-0.2233689928982489,4.65027045780945e-12,-0.03782659925989981,0.24737132194292172,1.324117930868164e-11,0.31854090392693923,0.1855423936383491
dim 505,505,0.12661347,Charge_C2,0.47929761175569896,5.506411579128547e-55,0.28790332176800093,2.424238972600017e-19,5.951914134074223e-54,2.306825689026797e-18,0.19139428998769803
dim 505,505,0.12661347,Charge_C3,-0.5621445142716196,3.567665773636533e-79,-0.4106268644156727,2.0341228818082326e-39,8.77150564180944e-78,5.03257068536259e-38,0.1515176498559469
dim 505,505,0.12661347,Charge_T12,-0.1525404874712743,2.724361154549651e-06,-0.006568487410436294,0.8408563974541385,5.302660988459111e-06,0.8726029054986842,0.145972000060838
dim 505,505,0.12661347,Charge_T13,-0.3377430161831388,1.9653861374032297e-26,-0.14379389951899946,9.929469473380394e-06,9.541264097277307e-26,3.146530174676519e-05,0.19394911666413933
dim 505,505,0.12661347,Charge_T23,-0.5668944891208899,8.924553254399588e-81,-0.430882345858233,1.2073877606462071e-43,2.38464062957557e-79,3.5374343162792384e-42,0.13601214326265693
dim 505,505,0.12661347,Charge_group1_D0,-0.15004478822481715,3.970002853102165e-06,-0.20693836195101736,1.601575223744831e-10,7.585703392083085e-06,8.45064967979105e-10,-0.056893573726200214
dim 505,505,0.12661347,Charge_group1_D25,0.032877734284703995,0.3147375860810867,-0.06587252412484845,0.043811879445323984,0.35490328747833544,0.06912219052781393,-0.03299478984014446
dim 505,505,0.12661347,Charge_group1_D50,-0.1585700697768011,1.0699366889567722e-06,-0.21424110497533155,3.440875826519366e-11,2.1514681162646716e-06,1.890217970489257e-10,-0.05567103519853045
dim 505,505,0.12661347,Charge_group1_D75,-0.01497359747521259,0.6471231001926316,-0.09433419032128229,0.0038499034806201374,0.6822153384545736,0.007746191340524855,-0.0793605928460697
dim 505,505,0.12661347,Charge_group1_D100,-0.008634181925793637,0.79181970775878,0.03725498903400462,0.2545924644939421,0.8127467190886064,0.3263003957827194,-0.028620807108210983
dim 505,505,0.12661347,Charge_group2_D0,-0.1367935622341295,2.6516516053370357e-05,-0.15310288957531662,2.5006497057808102e-06,4.681034017878277e-05,8.592767507518423e-06,-0.01630932734118712
dim 505,505,0.12661347,Charge_group2_D25,-0.12407237807088065,0.0001403427909987488,-0.023270637976067512,0.4767928367967321,0.00023193712119535923,0.5519889341078286,0.10080174009481313
dim 505,505,0.12661347,Charge_group2_D50,0.07068744743910213,0.030495557737911218,0.08564021406363186,0.008720878992866114,0.03997455370668111,0.016191070503709184,-0.014952766624529726
dim 505,505,0.12661347,Charge_group2_D75,0.006502585757461522,0.8424320924847953,0.03092119335521555,0.3444167163176389,0.8594145353998828,0.41991253394151123,-0.02441860759775403
dim 505,505,0.12661347,Charge_group2_D100,0.16492609007566458,3.8439829943874194e-07,0.062169347835559934,0.05712774354611098,8.004303741430163e-07,0.08772720158345317,0.10275674224010464
dim 505,505,0.12661347,Charge_group3_D0,0.13653688365712935,2.7464600190656686e-05,0.17498147256868837,7.016214024604398e-08,4.833075059894274e-05,2.8578237612413035e-07,-0.038444588911559024
dim 505,505,0.12661347,Charge_group3_D25,0.26163207237785213,3.946620363275921e-16,0.16106060573231462,7.197886350112213e-07,1.3904759507744277e-15,2.6535254314983215e-06,0.10057146664553751
dim 505,505,0.12661347,Charge_group3_D50,0.01005694876554536,0.7585049661571526,-0.002106333805825784,0.9486598176417518,0.7823985753443143,0.9595710719647765,0.007950614959719576
dim 505,505,0.12661347,Charge_group3_D75,-0.035205127768386954,0.28168572699983335,-0.025346670174066815,0.4383621475535596,0.32055547808498924,0.5140904398977841,0.00985845759432014
dim 505,505,0.12661347,Charge_group3_D100,-0.20744376323509608,1.4424709826465952e-10,-0.1298844549535637,6.679653701611493e-05,3.7965745327341437e-10,0.00018622740703991975,0.07755930828153237
dim 505,505,0.12661347,SecondaryStructure_C1,-0.5019974377444928,5.793768062665118e-61,-0.3087737833270393,3.794235519628639e-22,7.709635589363145e-60,4.196273720383991e-21,0.19322365441745348
dim 505,505,0.12661347,SecondaryStructure_C2,0.3840453464725782,2.6990268639307837e-34,0.32398913140989344,2.4340671545283816e-24,1.6390454046416033e-33,3.126840113894152e-23,0.06005621506268477
dim 505,505,0.12661347,SecondaryStructure_C3,0.406687224337572,1.2512109391418768e-38,0.15788361547809895,1.1921887344301644e-06,8.598857071468865e-38,4.286232909576694e-06,0.24880360885947303
dim 505,505,0.12661347,SecondaryStructure_T12,-0.2439094329772315,3.708123489466733e-14,-0.032465376026099356,0.32084882461342773,1.1897341455157432e-13,0.39587553535605785,0.21144405695113214
dim 505,505,0.12661347,SecondaryStructure_T13,-0.3963740032560364,1.2977503894140694e-36,-0.27941442631787383,2.8881208647787078e-18,8.432852724986365e-36,2.6356075651259247e-17,0.11695957693816256
dim 505,505,0.12661347,SecondaryStructure_T23,0.45188389905452686,2.4304299350466844e-48,0.2559355402713399,1.766373888875689e-15,2.1250355976586195e-47,1.3500432011086503e-14,0.19594835878318695
dim 505,505,0.12661347,SecondaryStructure_group1_D0,-0.015799002918510316,0.6290962584764427,-0.06344480535084669,0.05220515311982438,0.6664070736794541,0.08072463491676547,-0.047645802432336376
dim 505,505,0.12661347,SecondaryStructure_group1_D25,-0.2060037439777261,1.94210703826601e-10,-0.21661833984009232,2.0606192488075787e-11,5.095551852166907e-10,1.1606185988224811e-10,-0.01061459586236621
dim 505,505,0.12661347,SecondaryStructure_group1_D50,-0.2990069011136587,8.330463766815417e-21,-0.2573574610261762,1.2193106227326353e-15,3.464974966520983e-20,9.427077499831023e-15,0.0416494400874825
dim 505,505,0.12661347,SecondaryStructure_group1_D75,-0.2365206057743761,2.2229673748435075e-13,-0.16293467974312792,5.320150206371331e-07,6.887487042650571e-13,1.976563035515044e-06,0.0735859260312482
dim 505,505,0.12661347,SecondaryStructure_group1_D100,-0.13318261134223497,4.3217433601896226e-05,-0.03911301049246173,0.2316471591356882,7.466345152190327e-05,0.3016380161844829,0.09406960084977324
dim 505,505,0.12661347,SecondaryStructure_group2_D0,-0.05676173465430067,0.08246072298598132,-0.12729535997797511,9.334369041977044e-05,0.10174318979430277,0.000253263952885486,-0.07053362532367444
dim 505,505,0.12661347,SecondaryStructure_group2_D25,-0.05002987899180071,0.12592973879351532,-0.014800456156980609,0.6509313419640278,0.1507545976954628,0.7129135312640247,0.0352294228348201
dim 505,505,0.12661347,SecondaryStructure_group2_D50,0.011205984944666687,0.7319195844051009,-0.009991545572330816,0.7600271580488054,0.7582794158994257,0.8068946941776891,0.0012144393723358717
dim 505,505,0.12661347,SecondaryStructure_group2_D75,0.10920677109365313,0.0008127197255577138,0.006798252724881513,0.8353677718528043,0.0012543825708700388,0.8691988654169366,0.10240851836877163
dim 505,505,0.12661347,SecondaryStructure_group2_D100,0.1378028031340193,2.3081528969881055e-05,0.10692122668302967,0.0010456786817878074,4.0962968522530674e-05,0.0023314865134654718,0.03088157645098963
dim 505,505,0.12661347,SecondaryStructure_group3_D0,-0.049748836716781014,0.12807321052800627,0.023441783432069062,0.47355656672803736,0.15321078909868946,0.5488532250287624,0.026307053284711952
dim 505,505,0.12661347,SecondaryStructure_group3_D25,0.16971796938053524,1.7305914592492338e-07,0.22299715128428008,5.054043103780303e-12,3.7052406883925904e-07,3.0036483926381165e-11,-0.05327918190374484
dim 505,505,0.12661347,SecondaryStructure_group3_D50,0.32988484457355355,3.178813007366946e-25,0.29489400600328974,2.9542555889467654e-20,1.497494420959887e-24,2.91230887170796e-19,0.034990838570263805
dim 505,505,0.12661347,SecondaryStructure_group3_D75,0.18759992775183001,7.195304701712686e-09,0.18233440771656972,1.897741960371102e-08,1.694803787286345e-08,8.285566206064681e-08,0.0052655200352602904
dim 505,505,0.12661347,SecondaryStructure_group3_D100,0.14091190079073487,1.4962618359806891e-05,0.08251934559255981,0.011507635657029154,2.689727950578849e-05,0.02068649251586511,0.05839255519817506
dim 505,505,0.12661347,SolventAccessibility_C1,-0.2824531254005181,1.2013968420334161e-18,-0.27276568516097055,1.8954420248410568e-17,4.660470908701057e-18,1.6486396778565443e-16,0.00968744023954754
dim 505,505,0.12661347,SolventAccessibility_C2,-0.31492088704802607,5.110552823632963e-23,-0.05834318493224119,0.07425349578092055,2.2668321953431736e-22,0.11012729836069034,0.2565777021157849
dim 505,505,0.12661347,SolventAccessibility_C3,0.5529271633236847,3.8697648217426604e-76,0.3471952368078224,6.20158252248345e-28,8.503299016197688e-75,9.247002511203001e-27,0.20573192651586236
dim 505,505,0.12661347,SolventAccessibility_T12,-0.46947339497221896,1.5555769446221393e-52,-0.23662788468602877,2.166837680708248e-13,1.5236442800697785e-51,1.4162892081341583e-12,0.2328455102861902
dim 505,505,0.12661347,SolventAccessibility_T13,0.3687642120112599,1.479080537390501e-31,0.17894682536757336,3.489683491168414e-08,8.373099991329276e-31,1.460594343421366e-07,0.18981738664368655
dim 505,505,0.12661347,SolventAccessibility_T23,0.13669915562867396,2.6861551185754867e-05,0.15397753822679003,2.187340354821361e-06,4.734881671932255e-05,7.5628538148067764e-06,-0.017278382598116065
dim 505,505,0.12661347,SolventAccessibility_group1_D0,-0.11941507199882472,0.0002487077473859524,-0.12148592935229013,0.00019331932312315547,0.00040226822095355017,0.0004951583889810884,-0.002070857353465419
dim 505,505,0.12661347,SolventAccessibility_group1_D25,-0.3409724154395361,6.115771549180589e-27,-0.26979751693195486,4.317931651282775e-17,3.030664239504921e-26,3.6884633542927033e-16,0.07117489850758124
dim 505,505,0.12661347,SolventAccessibility_group1_D50,-0.28813444585788917,2.263389054573007e-19,-0.1808920565571681,2.463137344564505e-08,8.97828912384067e-19,1.0560819936900446e-07,0.10724238930072105
dim 505,505,0.12661347,SolventAccessibility_group1_D75,-0.17696548990853242,4.956740818535001e-08,-0.059055925349727104,0.07077898089909461,1.1037009555937936e-07,0.10581996249014144,0.11790956455880532
dim 505,505,0.12661347,SolventAccessibility_group1_D100,0.07236513570516014,0.02675474434077608,0.06928241959354316,0.03396525699772067,0.03527866012561868,0.05461914221106743,0.0030827161116169788
dim 505,505,0.12661347,SolventAccessibility_group2_D0,-0.0659704530439851,0.043498693326648546,-0.06646913381605302,0.04193300386882412,0.05564367510953893,0.06637736157434718,-0.000498680772067911
dim 505,505,0.12661347,SolventAccessibility_group2_D25,0.33876968529036927,1.358052513233434e-26,0.12164276812473017,0.00018963490227332503,6.631426014911798e-26,0.0004864674144338753,0.2171269171656391
dim 505,505,0.12661347,SolventAccessibility_group2_D50,0.08852638667686819,0.006697126157480599,-0.046561210118929997,0.15440891613830202,0.009461008390534632,0.2135510475784384,0.04196517655793819
dim 505,505,0.12661347,SolventAccessibility_group2_D75,0.13611720490294663,2.9084412462025246e-05,-0.0059236290057307125,0.8563012287954221,5.0993143109272606e-05,0.886011804267878,0.13019357589721592
dim 505,505,0.12661347,SolventAccessibility_group2_D100,-0.14459177083139269,8.851460653620503e-06,-0.01860087467863095,0.5695798373675142,1.6234969018721842e-05,0.6396760782809339,0.12599089615276174
dim 505,505,0.12661347,SolventAccessibility_group3_D0,0.061885562917059496,0.0582738928897859,-0.05841418227725536,0.07390126834020318,0.07317097829018229,0.10984879228138791,0.0034713806398041364
dim 505,505,0.12661347,SolventAccessibility_group3_D25,0.13479530520391905,3.479970984836528e-05,0.17165415847510174,1.2455291648813445e-07,6.063173233883152e-05,4.946572426520441e-07,-0.036858853271182684
dim 505,505,0.12661347,SolventAccessibility_group3_D50,0.2190539696089681,1.2110485198956426e-11,0.19727505058066108,1.1251072719231332e-09,3.39907735836256e-11,5.469953840208537e-09,0.02177891902830703
dim 505,505,0.12661347,SolventAccessibility_group3_D75,-0.02998830712687688,0.3591758511736271,0.0048749661280236035,0.8815326236062555,0.4006838152705125,0.9053551696308938,0.025113340998853276
dim 505,505,0.12661347,SolventAccessibility_group3_D100,0.2123966226379845,5.100982409879296e-11,0.12099850185412565,0.0002052031502084231,1.3874007531756392e-10,0.0005239896954863404,0.09139812078385885
dim 441,441,0.12403622,AAC_A,-0.22620777658516214,2.4507191066667104e-12,-0.150299686801953,3.8212807207168614e-06,7.155071517715745e-12,1.280148205335438e-05,0.07590808978320915
dim 441,441,0.12403622,AAC_C,0.04488264361890789,0.16983442381395986,0.15316001278350538,2.4789388028060523e-06,0.20022837117494738,8.526936767633588e-06,-0.10827736916459749
dim 441,441,0.12403622,AAC_D,0.15183154387251405,3.0337722510545285e-06,-0.029302230664320573,0.37027962441810003,5.8706832668146725e-06,0.44721385565960414,0.12252931320819348
dim 441,441,0.12403622,AAC_E,0.4061402779656268,1.6070491948861635e-38,0.08102512661787259,0.013101972141262437,1.1021651562463627e-37,0.023215165491679863,0.3251151513477542
dim 441,441,0.12403622,AAC_F,0.2517005527103501,5.255943590337866e-15,0.18764074487083193,7.140630926263714e-09,1.7678601804358986e-14,3.249278922850246e-08,0.06405980783951815
dim 441,441,0.12403622,AAC_G,-0.2757342189431341,8.234959123936396e-18,-0.17997034639957016,2.9065904523111404e-08,3.1149222507301884e-17,1.2319812323247728e-07,0.09576387254356394
dim 441,441,0.12403622,AAC_H,0.4071738023161891,1.0010578263365509e-38,0.15881399140262242,1.0294703485965294e-06,6.908126322239835e-38,3.7293177487119393e-06,0.24835981091356668
dim 441,441,0.12403622,AAC_I,0.2608646464018775,4.839926822591481e-16,0.08852793792860013,0.0066961625897088,1.6998270859574706e-15,0.012809383189935505,0.17233670847327737
dim 441,441,0.12403622,AAC_K,0.4204693167301409,1.9528916222077643e-41,0.2032788187413448,3.3894147768139325e-10,1.4592076103297387e-40,1.7443213181137957e-09,0.21719049798879608
dim 441,441,0.12403622,AAC_L,0.34623285708478513,8.86528173714024e-28,0.14942481649126035,4.355199455693487e-06,4.500006231314347e-27,1.450285760918868e-05,0.19680804059352477
dim 441,441,0.12403622,AAC_M,0.2249561134403899,3.2539573670522598e-12,0.04414669629074175,0.17695026051949178,9.393446504714388e-12,0.23937378296277947,0.18080941714964816
dim 441,441,0.12403622,AAC_N,0.09276331341988389,0.0044850273011290435,0.13351910492680133,4.131581084687398e-05,0.0064236668892671545,0.00011937267147799229,-0.04075579150691744
dim 441,441,0.12403622,AAC_P,-0.42224934312121104,8.290053947379415e-42,-0.11547535591095762,0.0003972717884532557,6.23621175320884e-41,0.0009596217880890394,0.3067739872102534
dim 441,441,0.12403622,AAC_Q,0.202375920040526,4.0693270508804543e-10,0.1868225131818658,8.3176712665903e-09,1.043898029949364e-09,3.7491257800825375e-08,0.01555340685866019
dim 441,441,0.12403622,AAC_R,-0.15706404440824526,1.3557579683674956e-06,-0.09416125010155343,0.003915590907568061,2.705036806659161e-06,0.007868877034462889,0.06290279430669182
dim 441,441,0.12403622,AAC_S,-0.43614428322730875,8.629201166636858e-45,-0.12757785271576597,9.002450425909518e-05,6.961722680330219e-44,0.00024505447777129413,0.30856643051154276
dim 441,441,0.12403622,AAC_T,-0.5427283246096487,6.879195411627968e-73,-0.27390066892510545,1.3797832812210281e-17,1.3676495639784176e-71,1.2095737950861507e-16,0.26882765568454325
dim 441,441,0.12403622,AAC_V,-0.1087722411966657,0.0008529234720526328,-0.17915674584902616,3.361539155357084e-08,0.001314612088904381,1.4140479570393778e-07,-0.07038450465236046
dim 441,441,0.12403622,AAC_W,-0.1108865234469776,0.0006732501204783154,-0.014602344870044026,0.6552999781336638,0.0010478356954322337,0.7169020396221543,0.09628417857693357
dim 441,441,0.12403622,AAC_Y,0.20514357504943104,2.3172887744004455e-10,0.21738571371515128,1.7440739021584176e-11,6.060880584571251e-10,9.923691368328986e-11,-0.012242138665720242
dim 441,441,0.12403622,Hydrophobicity_C1,0.5034244581620059,2.3546250710888162e-61,0.23520912769870733,3.035785794577811e-13,3.2099786683414885e-60,1.9424376540018948e-12,0.26821533046329854
dim 441,441,0.12403622,Hydrophobicity_C2,-0.5374684797632724,2.95402012563991e-71,-0.24548986442341503,2.50842748989781e-14,5.542936640245674e-70,1.7310222760865051e-13,0.29197861533985736
dim 441,441,0.12403622,Hydrophobicity_C3,0.44570006633159626,6.350248789358346e-47,0.175544168010716,6.360293016288489e-08,5.3832058265118976e-46,2.603355229706318e-07,0.27015589832088027
dim 441,441,0.12403622,Hydrophobicity_T12,0.08364310777362677,0.01042435839319996,0.014427712467959982,0.6591606688308137,0.01441712506554363,0.7193696026470113,0.06921539530566678
dim 441,441,0.12403622,Hydrophobicity_T13,0.5124771243269148,7.041005743394905e-64,0.2374302168118303,1.7889034765619222e-13,1.0641158001329857e-62,1.183155962716202e-12,0.27504690751508454
dim 441,441,0.12403622,Hydrophobicity_T23,-0.28181063430428743,1.4475129524107907e-18,-0.19146067397926816,3.471071902675032e-09,5.5827866755797235e-18,1.6305738614535314e-08,0.09034996032501927
dim 441,441,0.12403622,Hydrophobicity_group1_D0,0.02175514025787367,0.5059708388823029,0.012476596409324291,0.7028921097378154,0.5463765282466511,0.757906303297212,0.009278543848549379
dim 441,441,0.12403622,Hydrophobicity_group1_D25,-0.40297015322685026,6.793263186229971e-38,-0.12064029929465209,0.0002143694547569601,4.5744957745984075e-37,0.0005440683730153851,0.28232985393219817
dim 441,441,0.12403622,Hydrophobicity_group1_D50,-0.17661264127806814,5.274232080645945e-08,-0.013232781487651066,0.6858167861192236,1.1704940298576384e-07,0.7432277954698919,0.16337985979041708
dim 441,441,0.12403622,Hydrophobicity_group1_D75,-0.10862652044195549,0.000866813016312547,0.11348984407031738,0.0005003118080915595,0.0013341730297160863,0.0011885074246271755,-0.004863323628361893
dim 441,441,0.12403622,Hydrophobicity_group1_D100,0.24145193335509935,6.772244347096941e-14,0.10260240496852055,0.0016619085069856576,2.139952329167813e-13,0.0035559092974581014,0.1388495283865788
dim 441,441,0.12403622,Hydrophobicity_group2_D0,0.2413787492348259,6.894108176522053e-14,0.14793110711251212,5.435544865192314e-06,2.1743457327274465e-13,1.78512486231488e-05,0.0934476421223138
dim 441,441,0.12403622,Hydrophobicity_group2_D25,0.3835499629591351,3.328898813345322e-34,0.1352309186104254,3.280794956565996e-05,2.0069534362045807e-33,9.553491852598453e-05,0.24831904434870972
dim 441,441,0.12403622,Hydrophobicity_group2_D50,0.20027684787345276,6.204258288259965e-10,0.08085884175710828,0.01329093357521968,1.5674903693485842e-09,0.023512562574806006,0.11941800611634448
dim 441,441,0.12403622,Hydrophobicity_group2_D75,0.1797908489569415,3.0015241891792857e-08,0.027818615440607476,0.39500914066755477,6.792066932153668e-08,0.4706851694005112,0.15197223351633402
dim 441,441,0.12403622,Hydrophobicity_group2_D100,-0.14237811876017828,1.215736016478567e-05,-0.050059396950474094,0.12570623806784093,2.2008446043568637e-05,0.1773052513287959,0.09231872180970419
dim 441,441,0.12403622,Hydrophobicity_group3_D0,-0.3597216244021661,5.28073454306626e-30,-0.19873856856108502,8.42685089753023e-10,2.849378574126221e-29,4.163562425702806e-09,0.16098305584108108
dim 441,441,0.12403622,Hydrophobicity_group3_D25,-0.33392535049720035,7.675334649988814e-26,-0.11098459001765515,0.0006658375949196376,3.6674703477772014e-25,0.001548675185955146,0.2229407604795452
dim 441,441,0.12403622,Hydrophobicity_group3_D50,-0.21692169977297565,1.9292824403724863e-11,-0.1269543357437146,9.750434564592934e-05,5.3564450131704935e-11,0.0002641236938016253,0.08996736402926106
dim 441,441,0.12403622,Hydrophobicity_group3_D75,-0.0822481913464397,0.011783510993454526,-0.07017530639274037,0.0317233625682379,0.016209607379793295,0.05150998102961331,0.01207288495369932
dim 441,441,0.12403622,Hydrophobicity_group3_D100,-0.10514063328539056,0.0012683625356873396,-0.10232589963735726,0.0017109585695560716,0.0019186281110487836,0.0036561750622631345,0.0028147336480332935
dim 441,441,0.12403622,NormVanDerWaalsVolume_C1,-0.557604817860315,1.1460573869770137e-77,-0.2849564008642817,5.785253804177468e-19,2.7341654803594472e-76,5.427738119649647e-18,0.2726484169960333
dim 441,441,0.12403622,NormVanDerWaalsVolume_C2,0.48253084691225534,8.253054419295102e-56,0.19711794190719728,1.1604127159801998e-09,9.25006770484753e-55,5.633398940950389e-09,0.28541290500505806
dim 441,441,0.12403622,NormVanDerWaalsVolume_C3,0.48153007999900593,1.488283343007755e-55,0.2761760906305897,7.267561238629561e-18,1.6514506198159145e-54,6.490281961770785e-17,0.20535398936841626
dim 441,441,0.12403622,NormVanDerWaalsVolume_T12,-0.31665396235615256,2.879279936125026e-23,-0.23694114257240712,2.0107736745447626e-13,1.2960640143743378e-22,1.3194467726875259e-12,0.07971281978374545
dim 441,441,0.12403622,NormVanDerWaalsVolume_T13,0.05459607871429397,0.0948746914803249,0.049760204848117384,0.12798596116851027,0.11598882486979692,0.1801403751802884,0.004835873866176586
dim 441,441,0.12403622,NormVanDerWaalsVolume_T23,0.4751644838968196,6.050093431295808e-54,0.23790532631111805,1.5964367314455433e-13,6.314785018914999e-53,1.0579560879024038e-12,0.23725915758570154
dim 441,441,0.12403622,NormVanDerWaalsVolume_group1_D0,0.22476822650166672,3.3949245028677835e-12,0.12429461443805712,0.00013649390262075026,9.783475271422258e-12,0.00036153024167589684,0.10047361206360961
dim 441,441,0.12403622,NormVanDerWaalsVolume_group1_D25,0.31744971374090447,2.209626063204992e-23,0.10469806773629148,0.0013301151716227982,9.98667259960037e-23,0.0029074507023692056,0.212751646004613
dim 441,441,0.12403622,NormVanDerWaalsVolume_group1_D50,0.1682957299601771,2.1983194388097537e-07,0.10501227823516329,0.0012859946207670894,4.679660245777296e-07,0.0028165390382702154,0.06328345172501382
dim 441,441,0.12403622,NormVanDerWaalsVolume_group1_D75,0.13439327073351967,3.6739216904641284e-05,-0.01955745218092373,0.549892928767181,6.384442479786779e-05,0.6215371851378628,0.11483581855259595
dim 441,441,0.12403622,NormVanDerWaalsVolume_group1_D100,-0.20079076224271408,5.597940323932105e-10,-0.13643822147265486,2.7837516217414082e-05,1.420753851210732e-09,8.235367950944467e-05,0.06435254077005922
dim 441,441,0.12403622,NormVanDerWaalsVolume_group2_D0,-0.010322698462437425,0.7523295808953714,0.02539806482944517,0.43743386207252183,0.7774620500573246,0.5131819807945989,-0.015075366367007745
dim 441,441,0.12403622,NormVanDerWaalsVolume_group2_D25,-0.3269999199813675,8.655511501644096e-25,-0.12466252250601975,0.0001303395697482876,4.043273904264515e-24,0.00034715642979208977,0.20233739747534776
dim 441,441,0.12403622,NormVanDerWaalsVolume_group2_D50,-0.18095059321049475,2.4373063576010822e-08,-0.16300260873714878,5.261835617073306e-07,5.545370050672762e-08,1.9574870781035365e-06,0.017947984473345974
dim 441,441,0.12403622,NormVanDerWaalsVolume_group2_D75,-0.023681299182392396,0.4690477726607549,-0.010769055445093052,0.7419930281306818,0.5106321905759197,0.7915589567844091,0.012912243737299343
dim 441,441,0.12403622,NormVanDerWaalsVolume_group2_D100,0.12371680870001177,0.00014671381937222982,0.038829088605743994,0.23505516621749145,0.00024210679679014207,0.30512407896091004,0.08488772009426777
dim 441,441,0.12403622,NormVanDerWaalsVolume_group3_D0,-0.14541619827475744,7.855326721643911e-06,-0.03250359206596729,0.3202792215826127,1.4527569906030267e-05,0.39546491685246815,0.11291260620879015
dim 441,441,0.12403622,NormVanDerWaalsVolume_group3_D25,-0.10486523067355202,0.0013064719681055309,0.008628150598077408,0.79196179305333,0.0019735940178527696,0.8328565455913483,0.09623708007547462
dim 441,441,0.12403622,NormVanDerWaalsVolume_group3_D50,-0.05461212008078707,0.09477752870739585,0.03318870711500229,0.3101797631478953,0.11591246645283856,0.385560256387782,0.02142341296578478
dim 441,441,0.12403622,NormVanDerWaalsVolume_group3_D75,-0.055707728581878016,0.08832762002286879,0.02595342890445696,0.42747522937572696,0.10862085820190787,0.5040383521978332,0.029754299677421055
dim 441,441,0.12403622,NormVanDerWaalsVolume_group3_D100,0.1466964556220243,6.517537524927868e-06,0.09157725375849804,0.005025787167774658,1.21748184190487e-05,0.009856799260344896,0.05511920186352626
dim 441,441,0.12403622,Polarity_C1,0.5022947791455222,4.804351197833997e-61,0.2614743191346538,4.1158981196500684e-16,6.470376209986108e-60,3.2966665994319494e-15,0.24082046001086843
dim 441,441,0.12403622,Polarity_C2,-0.5781740556357682,1.0981679539216227e-84,-0.29597922679697775,2.1195783447835834e-20,3.526808621248288e-83,2.1517907816343978e-19,0.28219482883879043
dim 441,441,0.12403622,Polarity_C3,0.5448550129090493,1.4759543690318057e-73,0.25790745740499676,1.0558111108759426e-15,3.0243482162983015e-72,8.239273622256188e-15,0.2869475555040525
dim 441,441,0.12403622,Polarity_T12,-0.3931511001795679,5.3541957653639184e-36,-0.20995809965017043,8.537310163699287e-11,3.393361263057967e-35,4.5769849031710463e-10,0.18319300052939747
dim 441,441,0.12403622,Polarity_T13,0.563712296652146,1.0630750080985876e-79,0.2836243707862534,8.542744616724003e-19,2.710435516831513e-78,7.947845966534309e-18,0.28008792586589254
dim 441,441,0.12403622,Polarity_T23,-0.1347436906408539,3.5043164341494125e-05,-0.13229808925747744,4.86192746387602e-05,6.10240713767416e-05,0.00013915028045712003,0.002445601383376461
dim 441,441,0.12403622,Polarity_group1_D0,-0.22554165740164528,2.850404122264612e-12,-0.08758717019066725,0.007303890940110517,8.278565015968524e-12,0.013845060011333217,0.13795448721097803
dim 441,441,0.12403622,Polarity_group1_D25,-0.2775581821804953,4.909015876199464e-18,-0.10228990132332737,0.001717441298219472,1.867438841287723e-17,0.003667681544790944,0.17526828085716795
dim 441,441,0.12403622,Polarity_group1_D50,-0.20194830876268066,4.436057381935519e-10,-0.12842096902654174,8.076771247272365e-05,1.1353587475605082e-09,0.0002211181636548336,0.07352733973613892
dim 441,441,0.12403622,Polarity_group1_D75,-0.16532523788886808,3.5998774148211167e-07,-0.10891746755499547,0.0008392863215472841,7.524149290051646e-07,0.001910849566440306,0.056407770333872606
dim 441,441,0.12403622,Polarity_group1_D100,0.007611966005697255,0.815995853655409,-0.0038935923334123736,0.905254763851675,0.834229002512723,0.9250176515451247,0.003718373672284881
dim 441,441,0.12403622,Polarity_group2_D0,0.23538331730542694,2.913013664710094e-13,0.13281048430071124,4.54168618966984e-05,8.975521808239588e-13,0.00013062568950315397,0.1025728330047157
dim 441,441,0.12403622,Polarity_group2_D25,0.3569569391795132,1.5400905781709037e-29,0.09386816444491759,0.004029237051928704,8.177905454834369e-29,0.008058474103857408,0.26308877473459563
dim 441,441,0.12403622,Polarity_group2_D50,0.23197731372124494,6.490950262901614e-13,0.07707176776499017,0.018296468534949803,1.965528003453435e-12,0.031242436046386674,0.15490554595625478
dim 441,441,0.12403622,Polarity_group2_D75,0.17363318904710048,8.865039739410916e-08,-0.005459150298310223,0.867460333866331,1.9365096618464657e-07,0.8936821453157142,0.16817403874879025
dim 441,441,0.12403622,Polarity_group2_D100,-0.132508060277538,4.728195564303774e-05,-0.08883517331999266,0.006507756665397278,8.148696173774306e-05,0.012499084107203512,0.04367288695754534
dim 441,441,0.12403622,Polarity_group3_D0,0.012510263381786542,0.7021286105190921,0.04630539794336341,0.15668856483833468,0.731475221189572,0.2163455173873658,-0.03379513456157687
dim 441,441,0.12403622,Polarity_group3_D25,-0.42366240273246863,4.1836895056796966e-42,-0.091838900212422,0.004901673590794845,3.1903020431438783e-41,0.009653060019607774,0.33182350252004666
dim 441,441,0.12403622,Polarity_group3_D50,-0.2122746384919387,5.234883122339417e-11,-9.640627253814369e-06,0.9997648553886688,1.4226614832069693e-10,0.9997648553886688,0.2122649978646849
dim 441,441,0.12403622,Polarity_group3_D75,-0.06932037839004786,0.0338672668855036,0.16322186106230707,5.077784043940452e-07,0.044100066821669406,1.8949495761744258e-06,-0.09390148267225921
dim 441,441,0.12403622,Polarity_group3_D100,0.24120445077303876,7.193077595293571e-14,0.13137656050186597,5.4923383428856376e-05,2.262229676862573e-13,0.00015598988150712612,0.10982789027117279
dim 441,441,0.12403622,Polarizability_C1,-0.5303607772419658,4.2817645413576223e-69,-0.30056319278466864,5.132239305534477e-21,7.3338941375048506e-68,5.35677477515161e-20,0.2297975844572972
dim 441,441,0.12403622,Polarizability_C2,0.3876182572149749,5.882378176502345e-35,0.19462361141068338,1.8887529451734973e-09,3.6316345858628157e-34,9.063843156436036e-09,0.19299464580429151
dim 441,441,0.12403622,Polarizability_C3,0.48153007999900593,1.488283343007755e-55,0.2761760906305897,7.267561238629561e-18,1.6514506198159145e-54,6.490281961770785e-17,0.20535398936841626
dim 441,441,0.12403622,Polarizability_T12,-0.5343960249048872,2.5761160866260374e-70,-0.3101551348647504,2.428050796477003e-22,4.676210722462481e-69,2.730535239135754e-21,0.22424089004013686
dim 441,441,0.12403622,Polarizability_T13,0.05328014193642847,0.10312048701268352,0.021587878098272218,0.509247666746554,0.12515349804591677,0.5838953679826606,0.03169226383815625
dim 441,441,0.12403622,Polarizability_T23,0.4698241228640037,1.2757202071116102e-52,0.25099796094264115,6.2859644397236976e-15,1.2569042748533268e-51,4.5542562318171686e-14,0.21882616192136256
dim 441,441,0.12403622,Polarizability_group1_D0,0.21146888841334746,6.209656325973184e-11,0.13349181334391985,4.146704006069167e-05,1.678013926274307e-10,0.0001197060620593865,0.07797707506942761
dim 441,441,0.12403622,Polarizability_group1_D25,0.34824380676070854,4.195629158999565e-28,0.14826325970185922,5.17516558719164e-06,2.1525962198246616e-27,1.7063231057472928e-05,0.19998054705884932
dim 441,441,0.12403622,Polarizability_group1_D50,0.2841329293244743,7.36338114744394e-19,0.12058991219721767,0.00021568922422500418,2.8697424775335776e-18,0.0005470022846708534,0.16354301712725666
dim 441,441,0.12403622,Polarizability_group1_D75,0.17632934466458933,5.543298614952317e-08,0.0056325913231020566,0.8632902025294218,1.2253221293144103e-07,0.8913014786609873,0.17069675334148726
dim 441,441,0.12403622,Polarizability_group1_D100,-0.0973172047974473,0.0028634563036467288,-0.08177275841413296,0.012281382068780142,0.004185533502923446,0.021894925889496302,0.015544446383314328
dim 441,441,0.12403622,Polarizability_group2_D0,0.0426984210279485,0.19159710859009924,-0.00961007566709563,0.7689237994925263,0.22414512878841733,0.8142693374461122,0.03308834536085287
dim 441,441,0.12403622,Polarizability_group2_D25,-0.2971153230761117,1.4949518601923684e-20,-0.1533318498778934,2.4147121619153507e-06,6.15676845011407e-20,8.314575897729145e-06,0.14378347319821833
dim 441,441,0.12403622,Polarizability_group2_D50,-0.36497411262291235,6.711939888909471e-31,-0.20924906575729815,9.904826192014574e-11,3.723900204145786e-30,5.301621711751391e-10,0.1557250468656142
dim 441,441,0.12403622,Polarizability_group2_D75,-0.1325221699953001,4.7193349999339366e-05,-0.06086783950187086,0.06254218720880662,8.137624625595947e-05,0.0946542939813843,0.07165433049342923
dim 441,441,0.12403622,Polarizability_group2_D100,-0.10249208235492896,0.0016813219702490386,-0.07563017015805201,0.020596501358551636,0.0025170844377551717,0.034743593200789125,0.026861912196876947
dim 441,441,0.12403622,Polarizability_group3_D0,-0.14541619827475744,7.855326721643911e-06,-0.03250359206596729,0.3202792215826127,1.4527569906030267e-05,0.39546491685246815,0.11291260620879015
dim 441,441,0.12403622,Polarizability_group3_D25,-0.10486523067355202,0.0013064719681055309,0.008628150598077408,0.79196179305333,0.0019735940178527696,0.8328565455913483,0.09623708007547462
dim 441,441,0.12403622,Polarizability_group3_D50,-0.05461212008078707,0.09477752870739585,0.03318870711500229,0.3101797631478953,0.11591246645283856,0.385560256387782,0.02142341296578478
dim 441,441,0.12403622,Polarizability_group3_D75,-0.055707728581878016,0.08832762002286879,0.02595342890445696,0.42747522937572696,0.10862085820190787,0.5040383521978332,0.029754299677421055
dim 441,441,0.12403622,Polarizability_group3_D100,0.1466964556220243,6.517537524927868e-06,0.09157725375849804,0.005025787167774658,1.21748184190487e-05,0.009856799260344896,0.05511920186352626
dim 441,441,0.12403622,Charge_C1,0.35188174014879825,1.0690787929160486e-28,0.14551428749107867,7.744195062269165e-06,5.527435245107743e-28,2.5015098170192468e-05,0.20636745265771958
dim 441,441,0.12403622,Charge_C2,-0.42277183750086667,6.440264736811526e-42,-0.1099513151137676,0.0007478890038592465,4.87766082107721e-41,0.0017168036239793012,0.31282052238709906
dim 441,441,0.12403622,Charge_C3,0.3657937005443191,4.847870505471032e-31,0.03960240375562602,0.22585533412218262,2.707673493022282e-30,0.29513177463540297,0.3261912967886931
dim 441,441,0.12403622,Charge_T12,0.2793020220858292,2.982742793459686e-18,0.1244556665818681,0.00013376694041823532,1.146416677808441e-17,0.0003554348297509196,0.15484635550396111
dim 441,441,0.12403622,Charge_T13,0.3401081810645097,8.369870479552748e-27,0.06107719405220976,0.06164368105663558,4.141535911363878e-26,0.09354379587876548,0.27903098701229995
dim 441,441,0.12403622,Charge_T23,0.33594801073472974,3.738243342654333e-26,0.025236437122324765,0.4403569753259108,1.796508311433881e-25,0.5160338870764634,0.310711573612405
dim 441,441,0.12403622,Charge_group1_D0,-0.019569399898102278,0.5496491702286198,0.01855904480099553,0.5704483262546305,0.5889728035173533,0.6404361040976355,0.0010103550971067472
dim 441,441,0.12403622,Charge_group1_D25,-0.20292272876920273,3.643191064455825e-10,-0.1242514697135245,0.0001372332673144832,9.403599810882886e-10,0.0003632005648418176,0.07867125905567822
dim 441,441,0.12403622,Charge_group1_D50,-0.023078693325228793,0.4804367472529211,0.009270361944971467,0.7768722987162272,0.522349848901288,0.8208647509371082,0.013808331380257326
dim 441,441,0.12403622,Charge_group1_D75,-0.05336489697406501,0.10257280456379061,0.04473405719774369,0.17125356513686674,0.12457933354293114,0.23298855704974944,0.008630839776321321
dim 441,441,0.12403622,Charge_group1_D100,0.12487163367235961,0.00012695893027899808,0.10178454039581106,0.0018108612891261273,0.00021107159140460607,0.003854860870415083,0.02308709327654855
dim 441,441,0.12403622,Charge_group2_D0,0.034088358004431364,0.29724005933518255,0.034409698194742946,0.29270682262643094,0.3374513250100305,0.367553701094523,-0.0003213401903115823
dim 441,441,0.12403622,Charge_group2_D25,0.14778681783042716,5.552515185250645e-06,0.01344951676653493,0.6809516414828581,1.0495416366008574e-05,0.7403575789559721,0.13433730106389222
dim 441,441,0.12403622,Charge_group2_D50,-0.04571136678638923,0.16208039046247893,-0.06770510675620804,0.038256517784320425,0.19149221936493796,0.061049579264037375,-0.021993739969818814
dim 441,441,0.12403622,Charge_group2_D75,-0.035609135753898596,0.2761970164493306,-0.08686620672362755,0.007802585312797265,0.3148457457135714,0.014706904596356018,-0.05125707096972895
dim 441,441,0.12403622,Charge_group2_D100,-0.17035705972028264,1.5531909088084954e-07,-0.029331097693602124,0.3698081801205518,3.3382610266540374e-07,0.44719743722036315,0.14102596202668052
dim 441,441,0.12403622,Charge_group3_D0,0.08414377991212166,0.00997161109150635,0.09746860407643129,0.0028201588531634753,0.013813845311336045,0.005807232163727502,-0.013324824164309634
dim 441,441,0.12403622,Charge_group3_D25,-0.16199530903478657,6.193197688721187e-07,0.013251216451813763,0.6854024591632499,1.2674804093338704e-06,0.7432277954698919,0.1487440925829728
dim 441,441,0.12403622,Charge_group3_D50,0.061047917001483654,0.06176868673095968,0.10819889412413677,0.0009087907466211977,0.0773556106791921,0.0020592680418689284,-0.04715097712265312
dim 441,441,0.12403622,Charge_group3_D75,0.11610397175796212,0.00036902076573521733,0.13813654027814923,2.204184736461837e-05,0.0005855246354183496,6.579067935462498e-05,-0.022032568520187104
dim 441,441,0.12403622,Charge_group3_D100,0.18344076070280493,1.5514956636586165e-08,0.07455266699785319,0.022476267915671897,3.586156066864899e-08,0.0376105885963648,0.10888809370495174
dim 441,441,0.12403622,SecondaryStructure_C1,0.4652058352728355,1.706036011565181e-51,0.15866673320529817,1.0537207770161013e-06,1.6187955337010524e-50,3.8130307640669325e-06,0.3065391020675373
dim 441,441,0.12403622,SecondaryStructure_C2,-0.18098541668164395,2.422064228185465e-08,-0.03873089516952451,0.2362420213528247,5.514447527020759e-08,0.306307589797529,0.14225452151211943
dim 441,441,0.12403622,SecondaryStructure_C3,-0.5010986613788997,1.0192947808774607e-60,-0.18743940382946578,7.41429284935398e-09,1.3403325071380782e-59,3.360073014496919e-08,0.3136592575494339
dim 441,441,0.12403622,SecondaryStructure_T12,0.32733409382384643,7.711530936636598e-25,0.05900120849676055,0.07104091388812073,3.607354807894431e-24,0.10616405028470838,0.2683328853270859
dim 441,441,0.12403622,SecondaryStructure_T13,0.2499435462759937,8.21414835300629e-15,0.03220500147281035,0.32474723701862046,2.740784765138962e-14,0.3999468184521358,0.21773854480318333
dim 441,441,0.12403622,SecondaryStructure_T23,-0.4364374468218926,7.439328731326422e-45,-0.14276730669782442,1.1501527989888151e-05,6.030912126852002e-44,3.593555050161499e-05,0.2936701401240682
dim 441,441,0.12403622,SecondaryStructure_group1_D0,-0.09095122849154698,0.005334337189096125,-0.05814256287261917,0.0752562184315002,0.007604219467170745,0.11146597319787611,0.032808665618927806
dim 441,441,0.12403622,SecondaryStructure_group1_D25,-0.011177292794020372,0.732579692770193,-0.05867845984479629,0.0726021190912385,0.7587026895666494,0.10815837545260329,-0.04750116705077592
dim 441,441,0.12403622,SecondaryStructure_group1_D50,0.141529717336619,1.3712677381552232e-05,0.04344478239924068,0.18394142933800905,2.47302065088469e-05,0.24792751169852714,0.09808493493737833
dim 441,441,0.12403622,SecondaryStructure_group1_D75,0.23454613093413568,3.551234215273667e-13,0.14478498662418213,8.607725766934909e-06,1.091179602485193e-12,2.7493459660121343e-05,0.08976114430995355
dim 441,441,0.12403622,SecondaryStructure_group1_D100,0.2024927038596281,3.974419463479379e-10,0.09973892778623301,0.0022386045334600716,1.020335204306005e-09,0.0046789356331393235,0.10275377607339507
dim 441,441,0.12403622,SecondaryStructure_group2_D0,-0.03283309986119375,0.3153953665473929,0.047833354886401065,0.14344444698265207,0.35552498287826273,0.1995437121707863,-0.015000255025207312
dim 441,441,0.12403622,SecondaryStructure_group2_D25,0.0731793885774184,0.025086492559929046,0.033332473167953444,0.3080874139188826,0.03322318998816932,0.3835303624633127,0.03984691540946496
dim 441,441,0.12403622,SecondaryStructure_group2_D50,-0.10653201517942071,0.0010910191005410466,-0.11372462637117388,0.00048694500435960444,0.0016608950755729697,0.00115922759412764,-0.00719261119175317
dim 441,441,0.12403622,SecondaryStructure_group2_D75,-0.24507937284366402,2.7772017852329966e-14,-0.15563521887474083,1.6937450294401155e-06,9.005683458910883e-14,5.9863580934708846e-06,0.08944415396892319
dim 441,441,0.12403622,SecondaryStructure_group2_D100,-0.17492307172611252,7.087922928671899e-08,-0.1583796533351478,1.102584456077442e-06,1.5615872415411703e-07,3.983725307795854e-06,0.01654341839096471
dim 441,441,0.12403622,SecondaryStructure_group3_D0,0.1925189844859005,2.834837757538368e-09,0.14342713154389242,1.0465994773982173e-05,6.901213045486978e-09,3.300889758744141e-05,0.049091852942008074
dim 441,441,0.12403622,SecondaryStructure_group3_D25,0.08599567316223274,0.00844518304974492,0.08643310744406021,0.008116604083701705,0.0117971189402543,0.015195884327109693,-0.00043743428182747846
dim 441,441,0.12403622,SecondaryStructure_group3_D50,-0.06244156361525907,0.056045973244715885,0.06855978874277449,0.035877387335802285,0.07042646750840897,0.057527831829851,-0.00611822512751542
dim 441,441,0.12403622,SecondaryStructure_group3_D75,-0.01978502404368748,0.5452591467989556,0.03500906534937176,0.28437581214152263,0.5853955481544557,0.3588270542322197,-0.01522404130568428
dim 441,441,0.12403622,SecondaryStructure_group3_D100,-0.2027832137344599,3.747589711102737e-10,-0.15368152352176837,2.288906573284823e-06,9.658140150527115e-10,7.889523173138606e-06,0.049101690212691534
dim 441,441,0.12403622,SolventAccessibility_C1,0.00023150575105380456,0.9943533884748255,-0.09881116753502549,0.00246153372658212,0.9952473231962592,0.0051097095380884285,-0.09857966178397168
dim 441,441,0.12403622,SolventAccessibility_C2,0.5034244581620059,2.3546250710888162e-61,0.23520912769870733,3.035785794577811e-13,3.2099786683414885e-60,1.9424376540018948e-12,0.26821533046329854
dim 441,441,0.12403622,SolventAccessibility_C3,-0.502241018141261,4.9698691429757296e-61,-0.14721882478182075,6.036769841212993e-06,6.666410818288729e-60,1.9671035385025752e-05,0.35502219335944024
dim 441,441,0.12403622,SolventAccessibility_T12,0.5110374199592344,1.7954913312259618e-63,0.1850285804421038,1.1594526910917037e-08,2.630237301006453e-62,5.149696792880705e-08,0.32600883951713056
dim 441,441,0.12403622,SolventAccessibility_T13,-0.4222395532126039,8.329330243252523e-42,-0.1801664889891061,2.8061792293201447e-08,6.251677081452456e-41,1.19244766233197e-07,0.24207306422349784
dim 441,441,0.12403622,SolventAccessibility_T23,0.05483138778266543,0.09345738597144974,0.08946594427556591,0.0061357965737448466,0.1144236323843996,0.01183914532426793,-0.03463455649290048
dim 441,441,0.12403622,SolventAccessibility_group1_D0,0.044012447290049356,0.17827188394879814,0.030909142957261725,0.3446048669262522,0.20965777901020627,0.41991253394151123,0.01310330433278763
dim 441,441,0.12403622,SolventAccessibility_group1_D25,0.17740262861846684,4.588989665451863e-08,0.03010002509428726,0.35738774073370055,1.024547157928424e-07,0.4337482027799999,0.14730260352417957
dim 441,441,0.12403622,SolventAccessibility_group1_D50,0.23350423305969253,4.5393271721081365e-13,0.06985980148825344,0.03250062789949204,1.3845984250996507e-12,0.05264408204864375,0.1636444315714391
dim 441,441,0.12403622,SolventAccessibility_group1_D75,0.18664053718670054,8.603974598203488e-09,0.024510547963624923,0.4536221134475256,2.019485253548816e-08,0.5288839135125399,0.16212998922307562
dim 441,441,0.12403622,SolventAccessibility_group1_D100,-0.07921461503687352,0.015292758310943386,-0.08604924970424105,0.008404310676384233,0.02075490156787928,0.015629397360313664,-0.0068346346673675284
dim 441,441,0.12403622,SolventAccessibility_group2_D0,0.02175514025787367,0.5059708388823029,0.012476596409324291,0.7028921097378154,0.5463765282466511,0.757906303297212,0.009278543848549379
dim 441,441,0.12403622,SolventAccessibility_group2_D25,-0.40297015322685026,6.793263186229971e-38,-0.12064029929465209,0.0002143694547569601,4.5744957745984075e-37,0.0005440683730153851,0.28232985393219817
dim 441,441,0.12403622,SolventAccessibility_group2_D50,-0.17661264127806814,5.274232080645945e-08,-0.013232781487651066,0.6858167861192236,1.1704940298576384e-07,0.7432277954698919,0.16337985979041708
dim 441,441,0.12403622,SolventAccessibility_group2_D75,-0.10862652044195549,0.000866813016312547,0.11348984407031738,0.0005003118080915595,0.0013341730297160863,0.0011885074246271755,-0.004863323628361893
dim 441,441,0.12403622,SolventAccessibility_group2_D100,0.24145193335509935,6.772244347096941e-14,0.10260240496852055,0.0016619085069856576,2.139952329167813e-13,0.0035559092974581014,0.1388495283865788
dim 441,441,0.12403622,SolventAccessibility_group3_D0,-0.20754171509536032,1.4134710025299794e-10,-0.08925887206432181,0.006255742118390304,3.72906251852301e-10,0.012042754279783064,0.1182828430310385
dim 441,441,0.12403622,SolventAccessibility_group3_D25,0.022725430391392146,0.48718257292727113,0.012801517814100867,0.6955361434140428,0.5284799589402681,0.7520526769190363,0.009923912577291279
dim 441,441,0.12403622,SolventAccessibility_group3_D50,-0.09592644844894858,0.0032904676383456325,-0.03660253782154192,0.263012248881598,0.0047845720122222084,0.3354184464545771,0.05932391062740666
dim 441,441,0.12403622,SolventAccessibility_group3_D75,-0.007285883385655232,0.8237460715427162,-0.07398410271993874,0.023526893955739727,0.8416371608909978,0.03921148992623288,-0.0666982193342835
dim 441,441,0.12403622,SolventAccessibility_group3_D100,-0.20422902687381278,2.793634558729255e-10,-0.08045305132561621,0.013762193353696843,7.272595032077718e-10,0.02429478107893629,0.12377597554819657
dim 295,295,0.112192646,AAC_A,0.4247883458892392,2.420441598685815e-42,0.40579445108581147,1.8821468974558558e-38,1.8584540091058903e-41,4.522568803958675e-37,0.018993894803427724
dim 295,295,0.112192646,AAC_C,0.1996450169216738,7.03779284705808e-10,0.18219067210436357,1.9478877340785537e-08,1.7753948722941079e-09,8.460266621355487e-08,0.01745434481731023
dim 295,295,0.112192646,AAC_D,-0.08708749058325765,0.007646376027584957,0.07061420349255863,0.03066861576472399,0.010739653461788795,0.049918702073186216,0.01647328709069902
dim 295,295,0.112192646,AAC_E,-0.5440713239757979,2.6059205900347437e-73,-0.35487446364718495,3.425091359877088e-29,5.275015012555178e-72,5.421708598099276e-28,0.189196860328613
dim 295,295,0.112192646,AAC_F,-0.3561874758101854,2.0706601510289524e-29,-0.3205180419051794,7.90256737695197e-24,1.0925758142869986e-28,9.598027286916211e-23,0.03566943390500599
dim 295,295,0.112192646,AAC_G,0.4365631428296879,6.980501592170226e-45,0.3928526034617843,6.10037210762231e-36,5.686554955572819e-44,1.3404765025959548e-34,0.04371053936790359
dim 295,295,0.112192646,AAC_H,-0.46812066177368944,3.335616231286761e-52,-0.29356403495474037,4.429197881131287e-20,3.219930119219012e-51,4.325590913151608e-19,0.17455662681894907
dim 295,295,0.112192646,AAC_I,-0.49093659300166215,5.394644763493411e-58,-0.4173132282357148,8.810534978578767e-41,6.600041578779486e-57,2.3171013250750458e-39,0.07362336476594733
dim 295,295,0.112192646,AAC_K,-0.5632005269482299,1.5794879550532655e-79,-0.43725040626185585,4.926243216854929e-45,3.966533661562336e-78,1.4823110220086004e-43,0.125950120686374
dim 295,295,0.112192646,AAC_L,-0.3836958083091467,3.1296670864190462e-34,-0.2353971694975526,2.903462075689321e-13,1.8902510069872723e-33,1.86491602553891e-12,0.14829863881159408
dim 295,295,0.112192646,AAC_M,-0.28472831970444545,6.185458022544556e-19,-0.15792418778222014,1.184604678411137e-06,2.4134847891704226e-18,4.263555631350428e-06,0.1268041319222253
dim 295,295,0.112192646,AAC_N,-0.07110529721980544,0.02952421214688932,-0.089603705102277,0.0060571488983215275,0.038746903171163194,0.01169414874011208,-0.018498407882471563
dim 295,295,0.112192646,AAC_P,0.469080455738196,1.942117455845396e-52,0.2527354714813352,4.033947393825732e-15,1.896687807755445e-51,2.967705791933468e-14,0.21634498425686083
dim 295,295,0.112192646,AAC_Q,-0.13577650614449732,3.0465651857657405e-05,-0.09569613199868038,0.0033665281752864235,5.3330858073677006e-05,0.00685622201552235,0.040080374145816944
dim 295,295,0.112192646,AAC_R,0.18135369354609263,2.266420679280374e-08,0.13177817492356073,5.208638388805341e-05,5.1671297397927984e-08,0.00014843730561953786,0.0495755186225319
dim 295,295,0.112192646,AAC_S,0.4140285677312298,4.155408753169643e-40,0.1673481089339339,2.575331365790175e-07,3.004126674369396e-39,9.932571318405524e-07,0.24668045879729592
dim 295,295,0.112192646,AAC_T,0.4894950710643933,1.2910655276237343e-57,0.25611708979359565,1.6849441416262527e-15,1.5511362813896663e-56,1.2907599617045147e-14,0.23337798127079762
dim 295,295,0.112192646,AAC_V,0.13868562577130897,2.042750910697398e-05,0.18965803111797475,4.887680293306493e-09,3.633007476959164e-05,2.2617860142772475e-08,-0.05097240534666578
dim 295,295,0.112192646,AAC_W,0.14939399499694742,4.375253492780557e-06,0.08212150692042586,0.011914396601340173,8.340951293314533e-06,0.021371688855250363,0.06727248807652156
dim 295,295,0.112192646,AAC_Y,-0.21054609068526992,7.544616724891962e-11,-0.20753864601821548,1.4143709502473845e-10,2.027274325111758e-10,7.486527692276172e-10,0.0030074446670544375
dim 295,295,0.112192646,Hydrophobicity_C1,-0.5872641803251157,5.983458278527756e-88,-0.4138861341823814,4.4427793241489895e-40,2.0602835721940932e-86,1.1241577986861836e-38,0.17337804614273433
dim 295,295,0.112192646,Hydrophobicity_C2,0.6520991121875572,1.4582083208807474e-114,0.48431684266835034,2.8675402206462082e-56,1.4324752328652047e-112,1.5447716672513443e-54,0.16778226951920688
dim 295,295,0.112192646,Hydrophobicity_C3,-0.5714503025084104,2.4524545895809144e-82,-0.4103139081881966,2.351996101663743e-39,7.248848078938278e-81,5.776225720262427e-38,0.16113639432021387
dim 295,295,0.112192646,Hydrophobicity_T12,0.1457960448361554,7.43325934126149e-06,0.2562731697691232,1.61789755720972e-15,1.3769875873440587e-05,1.2422477795587276e-14,-0.11047712493296777
dim 295,295,0.112192646,Hydrophobicity_T13,-0.5906082932340079,3.548746538004556e-89,-0.41167147169528323,1.2514332629987818e-39,1.302506971091782e-87,3.119244103295471e-38,0.17893682153872464
dim 295,295,0.112192646,Hydrophobicity_T23,0.27133378776686035,2.8233135683287355e-17,0.18623593774900524,9.275225982654583e-09,1.0442820950407505e-16,4.158289232492122e-08,0.08509785001785511
dim 295,295,0.112192646,Hydrophobicity_group1_D0,-0.09810725043585894,0.0026440096462412356,-0.1077729249898346,0.00095246902018713,0.003876642764901548,0.002148039518855513,-0.009665674553975656
dim 295,295,0.112192646,Hydrophobicity_group1_D25,0.2702563786301343,3.804410494739563e-17,-0.0015534721413911824,0.96212346311067,1.3978802037876943e-16,0.9699644934469176,0.2687029064887431
dim 295,295,0.112192646,Hydrophobicity_group1_D50,0.08480741891587737,0.00939848089998877,-0.0686793688912836,0.035554781297741624,0.013052360168799373,0.057037929651516335,0.016128050024593776
dim 295,295,0.112192646,Hydrophobicity_group1_D75,0.08325660939447403,0.010786255755070737,-0.09100795063383928,0.00530569282379722,0.014892969913987706,0.010363166100282291,-0.007751341239365245
dim 295,295,0.112192646,Hydrophobicity_group1_D100,-0.22561487213897485,2.8035279351131787e-12,-0.10660885933016223,0.0010819259704919575,8.14950679136468e-12,0.0024058806534241932,0.11900601280881262
dim 295,295,0.112192646,Hydrophobicity_group2_D0,-0.3370372310798861,2.5319499231049704e-26,-0.27930952020098426,2.9763368570715964e-18,1.223836865871288e-25,2.7087098372259214e-17,0.05772771087890183
dim 295,295,0.112192646,Hydrophobicity_group2_D25,-0.26870951762793155,5.824199107656617e-17,-0.03091060214518003,0.34458208020404435,2.125991805417825e-16,0.41991253394151123,0.2377989154827515
dim 295,295,0.112192646,Hydrophobicity_group2_D50,-0.0712402722440519,0.02921617657445431,0.060863385535193666,0.06256141956322034,0.03838789526305169,0.0946542939813843,0.010376886708858231
dim 295,295,0.112192646,Hydrophobicity_group2_D75,-0.10224553986652787,0.001725461116272004,0.039175241207456,0.23090488799404146,0.0025762360877731308,0.30090609672262913,0.06307029865907188
dim 295,295,0.112192646,Hydrophobicity_group2_D100,0.2389331045058026,1.2469360925270511e-13,0.1870402889532725,7.987186449281742e-09,3.888670914136649e-13,3.605027397378516e-08,0.051892815552530114
dim 295,295,0.112192646,Hydrophobicity_group3_D0,0.30474322670439247,1.3769698645326013e-21,0.1524036337461166,2.7816314729360485e-06,5.888705950754019e-21,9.50936450317953e-06,0.15233959295827587
dim 295,295,0.112192646,Hydrophobicity_group3_D25,0.24606793842642594,2.1727574579587227e-14,0.0394794786621221,0.22730031731610126,7.10079247512929e-14,0.29678774817661385,0.20658845976430384
dim 295,295,0.112192646,Hydrophobicity_group3_D50,0.21044082109318138,7.713649900643338e-11,0.13031660528609262,6.312921232403768e-05,2.067703905950943e-10,0.0001765926039885141,0.08012421580708876
dim 295,295,0.112192646,Hydrophobicity_group3_D75,0.11036099300786036,0.0007142951754960011,0.10289050855015923,0.0016121778722096235,0.0011086179768385889,0.003462812921659256,0.0074704844577011265
dim 295,295,0.112192646,Hydrophobicity_group3_D100,0.08852306946321284,0.006699187078926469,0.07581110647062357,0.020294649481371642,0.009461008390534632,0.03433846467466124,0.012711962992589268
dim 295,295,0.112192646,NormVanDerWaalsVolume_C1,0.7075339138553572,3.883092628033552e-143,0.5688583710242279,1.9084427528470129e-81,3.2423823444080157e-140,1.2748397589018045e-78,0.13867554283112937
dim 295,295,0.112192646,NormVanDerWaalsVolume_C2,-0.6077877386292138,1.035015593696018e-95,-0.44132090733409257,6.149217365771555e-46,4.4895481596684425e-94,1.994018058415242e-44,0.1664668312951212
dim 295,295,0.112192646,NormVanDerWaalsVolume_C3,-0.6163699271628129,3.960871373903554e-99,-0.496933912556145,1.3666353424954655e-59,1.9172913607011406e-97,1.061526056729036e-57,0.11943601460666792
dim 295,295,0.112192646,NormVanDerWaalsVolume_T12,0.3856895613716693,1.3419539026903576e-34,0.32717891666098986,8.136489259653901e-25,8.224084467863842e-34,1.0574270088421802e-23,0.05851064471067946
dim 295,295,0.112192646,NormVanDerWaalsVolume_T13,-0.01712593874986793,0.6005766727670079,-0.0013476603896831925,0.967138485825382,0.638829964026053,0.9735510978471295,0.015778278360184736
dim 295,295,0.112192646,NormVanDerWaalsVolume_T23,-0.6407319881732312,1.9831261649176435e-109,-0.5152600027483414,1.1382981787822665e-64,1.4719203090722065e-107,1.2673053057109234e-62,0.1254719854248898
dim 295,295,0.112192646,NormVanDerWaalsVolume_group1_D0,-0.3342233969886768,6.905670860262565e-26,-0.27594916170182854,7.749497291252663e-18,3.304432761214465e-25,6.902218920742372e-17,0.058274235286848275
dim 295,295,0.112192646,NormVanDerWaalsVolume_group1_D25,-0.2745173503229045,1.1604113763902487e-17,-0.09069438840142298,0.005465792884491051,4.369531000161703e-17,0.010642026453300753,0.1838229619214815
dim 295,295,0.112192646,NormVanDerWaalsVolume_group1_D50,-0.07594205984690473,0.02007859343242858,0.0030468645427281465,0.9257910443776723,0.026857229501125936,0.9395752319117063,0.07289519530417658
dim 295,295,0.112192646,NormVanDerWaalsVolume_group1_D75,-0.10232074108349874,0.0017118861624674955,0.025703655550300773,0.43193768817667705,0.002558254936304893,0.5086995340303602,0.07661708553319797
dim 295,295,0.112192646,NormVanDerWaalsVolume_group1_D100,0.2909937118681234,9.629548293306065e-20,0.25409462926277543,2.8445475266532534e-15,3.8610673829102347e-19,2.1159885833010837e-14,0.036899082605347966
dim 295,295,0.112192646,NormVanDerWaalsVolume_group2_D0,-0.08061943530231605,0.013567212062739484,-0.12845195000092827,8.044530462816442e-05,0.018533533042760685,0.00022041617510916255,-0.047832514698612216
dim 295,295,0.112192646,NormVanDerWaalsVolume_group2_D25,0.22293936254376637,5.119800016661098e-12,0.026946616333328455,0.4099982256092229,1.4516241133826882e-11,0.4857729952234141,0.1959927462104379
dim 295,295,0.112192646,NormVanDerWaalsVolume_group2_D50,0.0776590228961994,0.0174258924370242,0.02849044378207938,0.3836896416253963,0.02348768391431026,0.4593273845981447,0.04916857911412002
dim 295,295,0.112192646,NormVanDerWaalsVolume_group2_D75,-0.02181962946354384,0.5047103980910764,-0.04332299939768431,0.18517491566564773,0.5453680781702347,0.24938879771099332,-0.02150336993414047
dim 295,295,0.112192646,NormVanDerWaalsVolume_group2_D100,-0.10745858625306975,0.0009859370111458053,-0.03418679788549497,0.2958463884321702,0.0015098714430201695,0.37091852003132453,0.07327178836757478
dim 295,295,0.112192646,NormVanDerWaalsVolume_group3_D0,0.17652149994286503,5.3593859666409525e-08,0.09357252184506952,0.00414689543487516,1.1878134790033698e-07,0.008259171587646412,0.08294897809779551
dim 295,295,0.112192646,NormVanDerWaalsVolume_group3_D25,0.1153831117335921,0.00040158324112714604,0.029215118675689492,0.371704559133131,0.0006344787253380643,0.4481925009042085,0.08616799305790261
dim 295,295,0.112192646,NormVanDerWaalsVolume_group3_D50,0.10607883073136347,0.0011460961931123313,0.051345993469871905,0.11626110154749465,0.0017415656437648713,0.16509867311591503,0.054732837261491564
dim 295,295,0.112192646,NormVanDerWaalsVolume_group3_D75,0.11758943413051488,0.0003095399213905816,0.06968827663481875,0.03292998290840046,0.0004953825287228283,0.053236274401770346,0.04790115749569614
dim 295,295,0.112192646,NormVanDerWaalsVolume_group3_D100,-0.11564512539709984,0.0003894494864982539,-0.058913250582263044,0.07146363639985152,0.000616182512981605,0.10665261196403221,0.0567318748148368
dim 295,295,0.112192646,Polarity_C1,-0.6241368276834791,2.5876581667761452e-102,-0.4815857216005416,1.4403585480861822e-55,1.3718695677829088e-100,7.422836726048486e-54,0.14255110608293753
dim 295,295,0.112192646,Polarity_C2,0.6909823526536744,6.289951521133263e-134,0.5337046002426149,4.181133791892852e-70,1.909858007325918e-131,6.468879555615774e-68,0.15727775241105946
dim 295,295,0.112192646,Polarity_C3,-0.6340012298915563,1.721287935054316e-106,-0.4573815380909549,1.2621618866243932e-49,1.0452912187420754e-104,4.9595537662652625e-48,0.17661969180060139
dim 295,295,0.112192646,Polarity_T12,0.442442612929287,3.4484389452281676e-46,0.3060337702554246,9.13337200651813e-22,2.87944651926552e-45,9.872317961738044e-21,0.13640884267386238
dim 295,295,0.112192646,Polarity_T13,-0.6588258142629416,1.0477769933519735e-117,-0.4911841025538375,4.6420385909952956e-58,1.1665250525985305e-115,2.8711868322082013e-56,0.16764171170910414
dim 295,295,0.112192646,Polarity_T23,0.3182685254469443,1.6813547134304596e-23,0.350955338631299,1.5169030260145678e-28,7.630060791926271e-23,2.367502853686288e-27,-0.032686813184354735
dim 295,295,0.112192646,Polarity_group1_D0,0.19098552172985334,3.799991174833438e-09,0.0684761876245541,0.036104405693828015,9.163877634616378e-09,0.05780858821542933,0.12250933410529924
dim 295,295,0.112192646,Polarity_group1_D25,0.2105104311721357,7.60146674721504e-11,0.04874666521693269,0.13594777042100448,2.0392689908191354e-10,0.19038387975100834,0.161763765955203
dim 295,295,0.112192646,Polarity_group1_D50,0.233986498651085,4.0523542170232956e-13,0.17613512426894115,5.7353866250874757e-08,1.2383223316429833e-12,2.3620457864108715e-07,0.057851374382143855
dim 295,295,0.112192646,Polarity_group1_D75,0.16232126718896658,5.875690441262086e-07,0.11028219773497279,0.0007206456677834039,1.2054549185390275e-06,0.0016657138618661378,0.052039069453993794
dim 295,295,0.112192646,Polarity_group1_D100,0.027853329526912465,0.3944193566121406,0.04495117277436826,0.1691828790134789,0.43664589031639034,0.23101832211979537,-0.017097843247455797
dim 295,295,0.112192646,Polarity_group2_D0,-0.3567382499572037,1.6754096941850982e-29,-0.29965111056457844,6.819424086955048e-21,8.882330759647981e-29,7.07356411504033e-20,0.057087139392625275
dim 295,295,0.112192646,Polarity_group2_D25,-0.31544966965442983,4.291537039583769e-23,-0.0944116605690153,0.0038208036380501143,1.916274560455854e-22,0.007701559535961002,0.22103800908541454
dim 295,295,0.112192646,Polarity_group2_D50,-0.15331241815794364,2.421894269492965e-06,-0.006052951433006654,0.8531992552559444,4.730483543921932e-06,0.8833495079215296,0.14725946672493698
dim 295,295,0.112192646,Polarity_group2_D75,-0.11883433360527502,0.00026672447531163573,0.03602209846563797,0.27066237428637235,0.0004297442101017189,0.34346973028741784,0.08281223513963706
dim 295,295,0.112192646,Polarity_group2_D100,0.21670667111345607,2.0215007559493495e-11,0.19673447166875666,1.2511751042153117e-09,5.6078177116867337e-11,6.0476481158887715e-09,0.019972199444699412
dim 295,295,0.112192646,Polarity_group3_D0,-0.053878362031895485,0.09930405083600477,-0.0872249508325939,0.007550754713472602,0.12108249581914193,0.014264434809388287,-0.03334658880069842
dim 295,295,0.112192646,Polarity_group3_D25,0.34342778375036537,2.4943037468894164e-27,0.055093650694406186,0.09189777108992188,1.2471518734447082e-26,0.13303734000596065,0.2883341330559592
dim 295,295,0.112192646,Polarity_group3_D50,0.1464585604562682,6.748411155214236e-06,-0.038255150363914095,0.24205220733194618,1.2584976693699357e-05,0.3128693391984134,0.10820341009235411
dim 295,295,0.112192646,Polarity_group3_D75,0.07700327187602388,0.01840044518853126,-0.09343257016665968,0.004203670794746696,0.024731383070299564,0.008357297889555932,-0.016429298290635802
dim 295,295,0.112192646,Polarity_group3_D100,-0.21763452341029688,1.6520432340010732e-11,-0.11743072296832878,0.00031543844765971737,4.6020220196526976e-11,0.0007763923472243596,0.1002038004419681
dim 295,295,0.112192646,Polarizability_C1,0.6636403365792386,5.248255896330318e-120,0.5340442634302224,3.296330919724876e-70,6.492286923608615e-118,5.794602774674256e-68,0.12959607314901622
dim 295,295,0.112192646,Polarizability_C2,-0.4714199939792614,5.158877035692399e-53,-0.33987592948272827,9.104696666059224e-27,5.18995460819657e-52,1.2995592677195644e-25,0.1315440644965331
dim 295,295,0.112192646,Polarizability_C3,-0.6163699271628129,3.960871373903554e-99,-0.496933912556145,1.3666353424954655e-59,1.9172913607011406e-97,1.061526056729036e-57,0.11943601460666792
dim 295,295,0.112192646,Polarizability_T12,0.6114344284552571,3.7650632212571757e-97,0.4620175746044099,9.9881934050047e-51,1.746570994305412e-95,4.222856452242493e-49,0.1494168538508472
dim 295,295,0.112192646,Polarizability_T13,-0.05098511712860624,0.11885236004488202,-0.02404095993936035,0.4623220519649145,0.14299959746034077,0.5378459260058567,0.02694415718924589
dim 295,295,0.112192646,Polarizability_T23,-0.6113931644535449,3.9098702881555623e-97,-0.4863111818395772,8.742356112681903e-57,1.7888995564985723e-95,4.866578236059593e-55,0.12508198261396763
dim 295,295,0.112192646,Polarizability_group1_D0,-0.33022756000476056,2.8201669747201865e-25,-0.2904148527884639,1.1457479154664744e-19,1.3304177536109355e-24,1.1060109935427817e-18,0.03981270721629665
dim 295,295,0.112192646,Polarizability_group1_D25,-0.24499368880029998,2.8367727106401548e-14,-0.04969206909956696,0.1285095878647385,9.189932932626689e-14,0.18080118932949732,0.195301619700733
dim 295,295,0.112192646,Polarizability_group1_D50,-0.11630519133763706,0.0003603814243799759,0.06617323503384746,0.042856176900693745,0.0005728372397034074,0.06777444642439256,0.050131956303789596
dim 295,295,0.112192646,Polarizability_group1_D75,-0.08838139240217623,0.006787741370911471,0.0694867498492238,0.03344062317421346,0.00958201867237714,0.053905251641830576,0.018894642552952423
dim 295,295,0.112192646,Polarizability_group1_D100,0.20498138549571335,2.395555198379803e-10,0.21273203311545244,4.749816220481018e-11,6.255789181070009e-10,2.6007190453125574e-10,-0.007750647619739093
dim 295,295,0.112192646,Polarizability_group2_D0,-0.1671757376419432,2.65030492164481e-07,-0.15588663835009126,1.6289248570179743e-06,5.6070510291903e-07,5.775593442080715e-06,0.011289099291851956
dim 295,295,0.112192646,Polarizability_group2_D25,0.14249611533370204,1.1954847936209116e-05,-0.022031344689690376,0.5005840724708944,2.1677085834385694e-05,0.5753443916217438,0.12046477064401168
dim 295,295,0.112192646,Polarizability_group2_D50,0.19937399086830102,7.427887748156473e-10,0.017322327817578774,0.5964057451852621,1.872388307837179e-09,0.6635431869582564,0.18205166305072223
dim 295,295,0.112192646,Polarizability_group2_D75,0.012404279872471755,0.704533114445148,-0.07707522716633262,0.018291230819629987,0.7335226316230656,0.031242436046386674,-0.06467094729386087
dim 295,295,0.112192646,Polarizability_group2_D100,0.06468065920461005,0.04777836362726235,0.02970905466966768,0.3636699468170195,0.06069978490492821,0.440732083588115,0.03497160453494237
dim 295,295,0.112192646,Polarizability_group3_D0,0.17652149994286503,5.3593859666409525e-08,0.09357252184506952,0.00414689543487516,1.1878134790033698e-07,0.008259171587646412,0.08294897809779551
dim 295,295,0.112192646,Polarizability_group3_D25,0.1153831117335921,0.00040158324112714604,0.029215118675689492,0.371704559133131,0.0006344787253380643,0.4481925009042085,0.08616799305790261
dim 295,295,0.112192646,Polarizability_group3_D50,0.10607883073136347,0.0011460961931123313,0.051345993469871905,0.11626110154749465,0.0017415656437648713,0.16509867311591503,0.054732837261491564
dim 295,295,0.112192646,Polarizability_group3_D75,0.11758943413051488,0.0003095399213905816,0.06968827663481875,0.03292998290840046,0.0004953825287228283,0.053236274401770346,0.04790115749569614
dim 295,295,0.112192646,Polarizability_group3_D100,-0.11564512539709984,0.0003894494864982539,-0.058913250582263044,0.07146363639985152,0.000616182512981605,0.10665261196403221,0.0567318748148368
dim 295,295,0.112192646,Charge_C1,-0.4948891177383167,4.8248648456365115e-59,-0.37411174296803046,1.6911348390078135e-32,6.013077830009682e-58,3.0367690119817727e-31,0.12077737477028622
dim 295,295,0.112192646,Charge_C2,0.540393219100043,3.6814484809923256e-72,0.3505809013700835,1.7467437247020037e-28,7.107536373707726e-71,2.71354606535102e-27,0.1898123177299595
dim 295,295,0.112192646,Charge_C3,-0.42967870202772573,2.1934787405582445e-43,-0.20663851359420984,1.7039300137484595e-10,1.7197697167757126e-42,8.934264122323164e-10,0.2230401884335159
dim 295,295,0.112192646,Charge_T12,-0.3729612197479119,2.705862344335295e-32,-0.27148054723630277,2.7106302526189392e-17,1.5608946856787366e-31,2.3333775885946537e-16,0.10148067251160914
dim 295,295,0.112192646,Charge_T13,-0.48226298290913583,9.665793747991941e-56,-0.317184282873219,2.4138214527360512e-23,1.079724117668665e-54,2.8793441614780043e-22,0.16507870003591685
dim 295,295,0.112192646,Charge_T23,-0.343546431236963,2.3880287296160235e-27,-0.10811596612938203,0.0009171459885758924,1.1975999935311589e-26,0.002075384554094499,0.23543046510758098
dim 295,295,0.112192646,Charge_group1_D0,-0.00875517394298593,0.7889708567375256,-0.04429173842689649,0.17553058898262527,0.8108192804625649,0.2379256795550502,-0.03553656448391056
dim 295,295,0.112192646,Charge_group1_D25,0.10438410574284979,0.001375589830295276,0.010184788183665403,0.755532337463429,0.0020770660186194495,0.8028883255258837,0.09419931755918438
dim 295,295,0.112192646,Charge_group1_D50,-0.06712181051964845,0.039955996671030135,-0.11316808109519533,0.0005191860021659256,0.05135780116034893,0.001229844856194462,-0.046046270575546874
dim 295,295,0.112192646,Charge_group1_D75,0.040313665605389765,0.21762291755599952,-0.03732866925322093,0.2536535306933044,0.25264530574801475,0.3253466945144534,0.0029849963521688325
dim 295,295,0.112192646,Charge_group1_D100,-0.08970058970747095,0.006002381736873994,-0.056644770108537905,0.08309580346150854,0.008520167871295852,0.12163446758636362,0.03305581959893305
dim 295,295,0.112192646,Charge_group2_D0,-0.15590899812936831,1.6232768372126128e-06,-0.18232413879721546,1.9012826252766265e-08,3.2253091233135792e-06,8.290187948334115e-08,-0.026415140667847142
dim 295,295,0.112192646,Charge_group2_D25,-0.029373554245676156,0.36911547441748405,0.10743187976041206,0.000988830013254119,0.4105380234946376,0.002221043876441666,-0.0780583255147359
dim 295,295,0.112192646,Charge_group2_D50,0.14126838229533678,1.4228757451833384e-05,0.1765110980392297,5.369188684740385e-08,2.560563032819154e-05,2.2221920950474455e-07,-0.03524271574389293
dim 295,295,0.112192646,Charge_group2_D75,0.08570832742301386,0.008667436149068408,0.13227707130977603,4.875509289889894e-05,0.012092413006636793,0.00013941952935130346,-0.04656874388676217
dim 295,295,0.112192646,Charge_group2_D100,0.2860294170090774,4.2198642154313194e-19,0.20389563964388732,2.990007252209482e-10,1.6601114816891173e-18,1.5459170622878746e-09,0.08213377736519009
dim 295,295,0.112192646,Charge_group3_D0,-0.13509498385742663,3.3417576481591754e-05,-0.15119538643214828,3.339834539767422e-06,5.8345376606647395e-05,1.1279117657050747e-05,-0.016100402574721645
dim 295,295,0.112192646,Charge_group3_D25,0.12885452421370983,7.636477743322517e-05,-0.016594753851312476,0.611923406792398,0.00012960282348931505,0.6781102119066388,0.11225977036239734
dim 295,295,0.112192646,Charge_group3_D50,-0.045624695082683374,0.16287862970190767,-0.07226183171269454,0.026973083847743114,0.19236726421653877,0.04448893829701827,-0.026637136630011167
dim 295,295,0.112192646,Charge_group3_D75,-0.07191548517064687,0.027716351290010093,-0.0700732910577035,0.031972924026207834,0.03647463093326781,0.05186477233974462,0.0018421941129433683
dim 295,295,0.112192646,Charge_group3_D100,-0.14027953998739892,1.6353890585619598e-05,-0.03916132082691747,0.23107077983733548,2.9272237168258015e-05,0.3010048380096336,0.10111821916048144
dim 295,295,0.112192646,SecondaryStructure_C1,-0.48466277722653367,2.334908062315689e-56,-0.2580663646822582,1.0127276932062413e-15,2.6984750616382013e-55,7.958848224256109e-15,0.22659641254427548
dim 295,295,0.112192646,SecondaryStructure_C2,0.03397999502396454,0.29877927645309516,-0.1186419215870324,0.0002729583826421121,0.3389683367368675,0.0006803589537497422,-0.08466192656306787
dim 295,295,0.112192646,SecondaryStructure_C3,0.6318310667704493,1.4716838658247974e-105,0.45601068491534286,2.652318799373057e-49,8.331227308228516e-104,1.0182465275754035e-47,0.17582038185510646
dim 295,295,0.112192646,SecondaryStructure_T12,-0.5157536550968933,8.224455905855835e-65,-0.3729730136722449,2.69288234380099e-32,1.2717445706277078e-63,4.80974707395471e-31,0.1427806414246484
dim 295,295,0.112192646,SecondaryStructure_T13,-0.1361424434860375,2.898449193146888e-05,0.06937253189004355,0.033733026984151745,5.0888850575474316e-05,0.05429798078412859,0.06676991159599394
dim 295,295,0.112192646,SecondaryStructure_T23,0.42926954189284355,2.6855656109157503e-43,0.1989347344956022,8.105259268173966e-10,2.1006531944867932e-42,4.022520944383513e-09,0.23033480739724135
dim 295,295,0.112192646,SecondaryStructure_group1_D0,0.0036230170685478615,0.9118110050898055,-0.04660677421070223,0.1540055286237244,0.9217459918280722,0.21316969150569395,-0.04298375714215437
dim 295,295,0.112192646,SecondaryStructure_group1_D25,-0.03898240513336749,0.23321048180235573,-0.01700878838761094,0.6030709730831608,0.26877950628704905,0.6696333278250522,0.021973616745756548
dim 295,295,0.112192646,SecondaryStructure_group1_D50,-0.17803894140445103,4.100485264624739e-08,-0.10722667514080593,0.001011322135017057,9.19786486490707e-08,0.0022624353187923447,0.0708122662636451
dim 295,295,0.112192646,SecondaryStructure_group1_D75,-0.19620350567657677,1.3883371997486706e-09,-0.1070657947686187,0.0010292855859780137,3.445056647221813e-09,0.0022980039152182925,0.08913771090795806
dim 295,295,0.112192646,SecondaryStructure_group1_D100,-0.16679422178447265,2.823805256581652e-07,-0.07086353648224725,0.03008292473372541,5.957997193292936e-07,0.049108977815563476,0.0959306853022254
dim 295,295,0.112192646,SecondaryStructure_group2_D0,-0.004436756455784829,0.8921133807505893,-0.0738937406734626,0.02369773005210401,0.9034744365394082,0.039456838671000694,-0.06945698421767778
dim 295,295,0.112192646,SecondaryStructure_group2_D25,-0.059479121201044614,0.06877971654768054,-0.022663665774400796,0.48836723860790543,0.0856221592505602,0.5634357778757872,0.036815455426643814
dim 295,295,0.112192646,SecondaryStructure_group2_D50,0.12401984499675425,0.00014126740282132465,0.12644387728422693,0.0001040601150283715,0.00023334971583740077,0.00027961446837872954,-0.002424032287472677
dim 295,295,0.112192646,SecondaryStructure_group2_D75,0.20555063042122426,2.131680145612668e-10,0.11570135555916106,0.000386890466374931,5.579789722841937e-10,0.0009357090207764443,0.0898492748620632
dim 295,295,0.112192646,SecondaryStructure_group2_D100,0.12340231683532325,0.00015257446661511435,0.08798446749740774,0.007041456347232981,0.0002512814193759773,0.01338558007954363,0.035417849337915516
dim 295,295,0.112192646,SecondaryStructure_group3_D0,-0.25658892998270083,1.4901802061278057e-15,-0.22449003422955463,3.614686981667111e-12,5.083965156758806e-15,2.167514276259991e-11,0.0320988957531462
dim 295,295,0.112192646,SecondaryStructure_group3_D25,-0.017326801718535567,0.5963108817174644,0.003954801253285834,0.9037725034812684,0.6351015130536769,0.9239750495107253,0.013372000465249733
dim 295,295,0.112192646,SecondaryStructure_group3_D50,0.11527825402901277,0.0004065372305182679,0.029556237335941184,0.36614408402250004,0.0006413955361034551,0.44356954683900984,0.08572201669307158
dim 295,295,0.112192646,SecondaryStructure_group3_D75,0.06641098652106385,0.042113078870360525,0.03639228681511547,0.26576593661023773,0.05397455235111441,0.3385424211587315,0.03001869970594838
dim 295,295,0.112192646,SecondaryStructure_group3_D100,0.2110604091852512,6.769404527664246e-11,0.16475702577661744,3.9521171846943497e-07,1.824843512703679e-10,1.4966067343400372e-06,0.04630338340863377
dim 295,295,0.112192646,SolventAccessibility_C1,0.15893076412946242,1.010622427098616e-06,0.26878590528555646,5.70336445011825e-17,2.038332673012909e-06,4.810413450352262e-16,-0.10985514115609404
dim 295,295,0.112192646,SolventAccessibility_C2,-0.5872641803251157,5.983458278527756e-88,-0.4138861341823814,4.4427793241489895e-40,2.0602835721940932e-86,1.1241577986861836e-38,0.17337804614273433
dim 295,295,0.112192646,SolventAccessibility_C3,0.4512483871075571,3.409317551245124e-48,0.159862171223192,8.717122570075425e-07,2.973138543383476e-47,3.1738975576504325e-06,0.2913862158843651
dim 295,295,0.112192646,SolventAccessibility_T12,-0.42295576212815605,5.891940041502532e-42,-0.1328057978626325,4.544522491097752e-05,4.4827060908014707e-41,0.00013062568950315397,0.29014996426552353
dim 295,295,0.112192646,SolventAccessibility_T13,0.4299978510438661,1.872771990948287e-43,0.23992100777165176,9.822590905404258e-14,1.4787372221672056e-42,6.587842093182775e-13,0.19007684327221436
dim 295,295,0.112192646,SolventAccessibility_T23,-0.10658904481868892,0.0010842639430071477,-0.14020900698115096,1.6516489417420594e-05,0.001652117504399577,5.028721481694146e-05,-0.03361996216246205
dim 295,295,0.112192646,SolventAccessibility_group1_D0,-0.18884210206121319,5.700441630994375e-09,-0.21031976171804406,7.91261025378532e-11,1.3560879663476647e-08,4.248893608945815e-10,-0.021477659656830878
dim 295,295,0.112192646,SolventAccessibility_group1_D25,-0.10724426855513688,0.0010093753784686525,0.028616608938933634,0.3815862385666859,0.0015422295352631745,0.45730105375411945,0.07862765961620324
dim 295,295,0.112192646,SolventAccessibility_group1_D50,-0.03224189564862767,0.3241929813908786,0.15565333391154093,1.6889931123799034e-06,0.3649540513916902,5.975886647615337e-06,-0.12341143826291326
dim 295,295,0.112192646,SolventAccessibility_group1_D75,-0.04477293079695834,0.1708814319973888,0.12198673738583578,0.00018178392337728593,0.2013206288787579,0.0004677644869646649,-0.07721380658887744
dim 295,295,0.112192646,SolventAccessibility_group1_D100,0.1530799395494778,2.5094235713121076e-06,0.1701489056289935,1.6089493216046394e-07,4.898582541310601e-06,6.337135299716386e-07,-0.01706896607951572
dim 295,295,0.112192646,SolventAccessibility_group2_D0,-0.09810725043585894,0.0026440096462412356,-0.1077729249898346,0.00095246902018713,0.003876642764901548,0.002148039518855513,-0.009665674553975656
dim 295,295,0.112192646,SolventAccessibility_group2_D25,0.2702563786301343,3.804410494739563e-17,-0.0015534721413911824,0.96212346311067,1.3978802037876943e-16,0.9699644934469176,0.2687029064887431
dim 295,295,0.112192646,SolventAccessibility_group2_D50,0.08480741891587737,0.00939848089998877,-0.0686793688912836,0.035554781297741624,0.013052360168799373,0.057037929651516335,0.016128050024593776
dim 295,295,0.112192646,SolventAccessibility_group2_D75,0.08325660939447403,0.010786255755070737,-0.09100795063383928,0.00530569282379722,0.014892969913987706,0.010363166100282291,-0.007751341239365245
dim 295,295,0.112192646,SolventAccessibility_group2_D100,-0.22561487213897485,2.8035279351131787e-12,-0.10660885933016223,0.0010819259704919575,8.14950679136468e-12,0.0024058806534241932,0.11900601280881262
dim 295,295,0.112192646,SolventAccessibility_group3_D0,0.172771621626924,1.0284377087374747e-07,0.06551642520907794,0.0449667888546513,2.2334082881555043e-07,0.07076885755824494,0.10725519641784606
dim 295,295,0.112192646,SolventAccessibility_group3_D25,-0.017964857979364254,0.5828525917137637,-0.008191412189442228,0.8022684771340772,0.62195771767539,0.8402561033640069,0.009773445789922026
dim 295,295,0.112192646,SolventAccessibility_group3_D50,0.055124348376083036,0.09171659224019325,-0.0037406709798825976,0.9089593995676012,0.11258119003390131,0.9267524621464952,0.051383677396200436
dim 295,295,0.112192646,SolventAccessibility_group3_D75,-0.02727408452885141,0.40433009821292343,0.012472186754867267,0.702992134016396,0.44672925174699446,0.757906303297212,0.014801897773984144
dim 295,295,0.112192646,SolventAccessibility_group3_D100,0.26167885942585434,3.897745859311348e-16,0.1747257535339921,7.335485605902559e-08,1.3747065649524712e-15,2.9590002323326745e-07,0.08695310589186223
dim 483,483,0.10440777,AAC_A,0.14085134300900518,1.5090810771809005e-05,0.027380984742688477,0.40248995147519606,2.7098552676259183e-05,0.47840442630859603,0.1134703582663167
dim 483,483,0.10440777,AAC_C,-0.1447586190801913,8.640606069094505e-06,-0.2964489624651406,1.8350225867534498e-20,1.5874380787005308e-05,1.8685900730965008e-19,-0.15169034338494927
dim 483,483,0.10440777,AAC_D,-0.1085560142647569,0.0008736082944263267,0.09388812112699348,0.004021404871083359,0.0013433939702504288,0.008047628681496955,0.014667893137763427
dim 483,483,0.10440777,AAC_E,-0.505691313882474,5.583755701452235e-62,-0.24214363904719471,5.720041513776703e-14,7.803240185293082e-61,3.8831176130110136e-13,0.2635476748352793
dim 483,483,0.10440777,AAC_F,-0.1828864124300477,1.7165385800570893e-08,-0.08871937574110905,0.006578200879055381,3.951232844514596e-08,0.012612623958694013,0.09416703668893864
dim 483,483,0.10440777,AAC_G,0.16381882134631304,4.607537393138707e-07,0.017394394077406703,0.5948785061909247,9.534804766470435e-07,0.6622980702258963,0.14642442726890634
dim 483,483,0.10440777,AAC_H,-0.36765628555282864,2.3062950322319623e-31,-0.095122223138293,0.00356306086501484,1.2946261189335722e-30,0.007225636484000951,0.27253406241453565
dim 483,483,0.10440777,AAC_I,-0.23073047530793994,8.676036776455094e-13,-0.04298048430723753,0.18867683642731575,2.605931909474821e-12,0.25349180758939444,0.18774999100070242
dim 483,483,0.10440777,AAC_K,-0.35719864057631795,1.403102991823099e-29,-0.10379566270606982,0.0014646978731596466,7.46236304568336e-29,0.003170506089665081,0.2534029778702481
dim 483,483,0.10440777,AAC_L,-0.39347945010377317,4.6376509577789236e-36,-0.21984054527584534,1.0186609611667874e-11,2.9560599616377104e-35,5.896581646961992e-11,0.17363890482792782
dim 483,483,0.10440777,AAC_M,-0.29195865219033057,7.200948359883157e-20,-0.1417911232665383,1.321432138945871e-05,2.908242747522339e-19,4.10184325657919e-05,0.15016752892379226
dim 483,483,0.10440777,AAC_N,0.04068076740494977,0.21345922747828835,0.05495864588714219,0.09269798479894155,0.2478977120227688,0.13379916561299257,-0.014277878482192426
dim 483,483,0.10440777,AAC_P,0.5280148772270299,2.156308116841236e-68,0.28614601346628904,4.0773065021898323e-19,3.619130206155642e-67,3.857848078559218e-18,0.24186886376074085
dim 483,483,0.10440777,AAC_Q,-0.1625482902304851,5.66387167231209e-07,-0.13050254526085509,6.161057013909665e-05,1.1655780274505471e-06,0.00017277859300132898,0.03204574496963
dim 483,483,0.10440777,AAC_R,0.11177069613680818,0.0006090992304190504,0.029256850772675057,0.37102150300192444,0.0009510946374939824,0.4476921315124377,0.08251384536413311
dim 483,483,0.10440777,AAC_S,0.4542724828909259,6.767892751305224e-49,0.15519416043188225,1.81348166784749e-06,6.011904731212618e-48,6.342438503257191e-06,0.29907832245904364
dim 483,483,0.10440777,AAC_T,0.577715390123441,1.5945549530885321e-84,0.33095841675964105,2.1836458706618327e-25,5.072203374586379e-83,2.89419730476608e-24,0.24675697336379993
dim 483,483,0.10440777,AAC_V,0.012013381186918656,0.7134269904767759,0.042956297421082555,0.18892595730428527,0.7413958146211673,0.25369254376955785,-0.030942916234163897
dim 483,483,0.10440777,AAC_W,0.08525743998329677,0.009026714212272427,-0.022716853671332696,0.4873469845446187,0.012562177278745795,0.5624529814716747,0.06254058631196407
dim 483,483,0.10440777,AAC_Y,-0.07419238327145829,0.02313718359191723,-0.031984482802346864,0.32807288678620977,0.030751370154000618,0.4030023692040973,0.04220790046911142
dim 483,483,0.10440777,Hydrophobicity_C1,-0.44597599545995237,5.497661196839852e-47,-0.1388044023088751,2.009340452710487e-05,4.672312569324455e-46,6.0244139246436506e-05,0.3071715931510772
dim 483,483,0.10440777,Hydrophobicity_C2,0.5410060819593286,2.3734393061008093e-72,0.2494917497579739,9.208376926057286e-15,4.635840516009768e-71,6.57179037030584e-14,0.29151433220135475
dim 483,483,0.10440777,Hydrophobicity_C3,-0.5278897135375786,2.3497172143277817e-68,-0.3063125326661854,8.356066419139873e-22,3.924027747927395e-67,9.061448649327007e-21,0.22157718087139322
dim 483,483,0.10440777,Hydrophobicity_T12,0.010606439332208593,0.7457535593997047,0.12031368459255427,0.0002230607153175847,0.7713895597383134,0.0005639839433465049,-0.10970724526034568
dim 483,483,0.10440777,Hydrophobicity_T13,-0.5112964821341368,1.5176511907841245e-63,-0.23366453087963468,4.3714184259706274e-13,2.2330198137528526e-62,2.770500482493718e-12,0.27763195125450213
dim 483,483,0.10440777,Hydrophobicity_T23,0.18984129527928928,4.7212523014083915e-09,0.05797808248903921,0.07608651219714382,1.1303930241364894e-08,0.11259590196653095,0.13186321279025007
dim 483,483,0.10440777,Hydrophobicity_group1_D0,0.015678449521311272,0.6317157539690983,0.040614319003289816,0.21420860358153676,0.6685458232752814,0.28112248957262587,-0.024935869481978543
dim 483,483,0.10440777,Hydrophobicity_group1_D25,0.4026776632070616,7.753545395847038e-38,0.11824378158552348,0.0002862929992141482,5.200169000427532e-37,0.0007098876149779176,0.28443388162153815
dim 483,483,0.10440777,Hydrophobicity_group1_D50,0.12222671214494137,0.0001764883901623646,-0.06722440859870411,0.03965251598038187,0.00028839100936511636,0.0630063764864298,0.05500230354623725
dim 483,483,0.10440777,Hydrophobicity_group1_D75,0.1817578536571397,2.10676742357426e-08,-0.00788009222280567,0.8096365228490261,4.819591229272622e-08,0.8471760608758606,0.17387776143433403
dim 483,483,0.10440777,Hydrophobicity_group1_D100,-0.2561292613951757,1.6796188674198415e-15,-0.12333916178692832,0.0001537776033851807,5.706945083603531e-15,0.0004025213129361313,0.1327900996082474
dim 483,483,0.10440777,Hydrophobicity_group2_D0,-0.1946412261489066,1.882308681318924e-09,-0.08012320947805927,0.014156043436965466,4.632948412384087e-09,0.024884834252349816,0.11451801667084734
dim 483,483,0.10440777,Hydrophobicity_group2_D25,-0.3776286906609672,3.9725961316376715e-33,-0.12441067493735597,0.00013452354280393472,2.343903659483587e-32,0.00035716107548898403,0.25321801572361124
dim 483,483,0.10440777,Hydrophobicity_group2_D50,-0.15576252268154642,1.6606206391825886e-06,-0.01579615994045232,0.6291579798762693,3.295587008241144e-06,0.6939853542888836,0.13996636274109409
dim 483,483,0.10440777,Hydrophobicity_group2_D75,-0.20636529984868748,1.8027306999500827e-10,-0.06551260546643305,0.04497931476601049,4.733585328485279e-10,0.07076885755824494,0.14085269438225445
dim 483,483,0.10440777,Hydrophobicity_group2_D100,0.10264141258871126,0.0016550937604549708,-0.007419277229954403,0.8205734929021028,0.0024800417944906244,0.8562060188356837,0.09522213535875686
dim 483,483,0.10440777,Hydrophobicity_group3_D0,0.32640603650588695,1.0623493196365958e-24,0.14821511270289192,5.212155568717252e-06,4.9418478100086775e-24,1.7168244180981877e-05,0.17819092380299503
dim 483,483,0.10440777,Hydrophobicity_group3_D25,0.36899180995237196,1.3497920017496123e-31,0.16310271969085666,5.177014341081402e-07,7.66718586027841e-31,1.929824542322755e-06,0.2058890902615153
dim 483,483,0.10440777,Hydrophobicity_group3_D50,0.23138355705360555,7.454321805373109e-13,0.14752056463751578,5.7747015684648345e-06,2.2511243065050803e-12,1.8853864358428687e-05,0.08386299241608977
dim 483,483,0.10440777,Hydrophobicity_group3_D75,0.12458922927474679,0.00013154439379890737,0.13036319987876502,6.27453689259102e-05,0.00021847751133185014,0.00017581336595011752,-0.005773970604018228
dim 483,483,0.10440777,Hydrophobicity_group3_D100,0.06716068861945008,0.03984076621786692,0.04870702932406311,0.1362667155648547,0.05123918335297478,0.19075055741266334,0.018453659295386976
dim 483,483,0.10440777,NormVanDerWaalsVolume_C1,0.530290935028428,4.4937102183604075e-69,0.23673862701597614,2.110354298994352e-13,7.657649045573347e-68,1.382075168361007e-12,0.2935523080124518
dim 483,483,0.10440777,NormVanDerWaalsVolume_C2,-0.5030207155007757,3.0391018730109217e-61,-0.2290523490832816,1.2787047234753334e-12,4.1262602666083245e-60,7.850870912513995e-12,0.27396836641749406
dim 483,483,0.10440777,NormVanDerWaalsVolume_C3,-0.40516576502708596,2.507265839079383e-38,-0.1551677368715199,1.8209070747346626e-06,1.7055535443024723e-37,6.355098881519094e-06,0.24999802815556604
dim 483,483,0.10440777,NormVanDerWaalsVolume_T12,0.20771863845615646,1.3625254194127506e-10,0.07887189671515966,0.015741921811380812,3.5974979453269464e-10,0.027412939963509863,0.1288467417409968
dim 483,483,0.10440777,NormVanDerWaalsVolume_T13,-0.0018098429843144128,0.9558785798162031,0.02497432845946669,0.4451210288141866,0.9604796800800597,0.5203725013088496,-0.023164485475152277
dim 483,483,0.10440777,NormVanDerWaalsVolume_T23,-0.4588603570222714,5.643567831253092e-50,-0.21050488211507207,7.610350829458862e-11,5.122151238148187e-49,4.0997696403859035e-10,0.24835547490719934
dim 483,483,0.10440777,NormVanDerWaalsVolume_group1_D0,-0.19251892603286294,2.8348695504215966e-09,-0.07731953178883359,0.017924639517324877,6.901213045486978e-09,0.030654529435670808,0.11519939424402935
dim 483,483,0.10440777,NormVanDerWaalsVolume_group1_D25,-0.2978910932365561,1.1768007867485812e-20,-0.07379134600793875,0.02389261240273477,4.864498301658739e-20,0.03976149747141711,0.22409974722861736
dim 483,483,0.10440777,NormVanDerWaalsVolume_group1_D50,-0.07618485562849896,0.019683310472035323,0.026868407780674564,0.41135887656871495,0.026360167191899753,0.4868669906943685,0.04931644784782439
dim 483,483,0.10440777,NormVanDerWaalsVolume_group1_D75,-0.1706424046181032,1.4797784824312663e-07,-0.0318671951205312,0.32985066086269127,3.1886839556905997e-07,0.40488835254736816,0.138775209497572
dim 483,483,0.10440777,NormVanDerWaalsVolume_group1_D100,0.1374263463291767,2.4310182581734433e-05,0.045548912385328516,0.16357900470506745,4.3032259247029704e-05,0.22467403604679195,0.09187743394384817
dim 483,483,0.10440777,NormVanDerWaalsVolume_group2_D0,0.07401227934544351,0.02347384267619346,0.06462743374584054,0.04796230674882746,0.031161619450908645,0.07476105419695966,0.009384845599602967
dim 483,483,0.10440777,NormVanDerWaalsVolume_group2_D25,0.3226589743087185,3.829210823693853e-24,0.11693632314042461,0.00033449319773023415,1.7640778139499958e-23,0.000816671988610367,0.20572265116829386
dim 483,483,0.10440777,NormVanDerWaalsVolume_group2_D50,0.09697644272060565,0.002963133033893144,0.043794820034409876,0.18042988954961658,0.0043293369786540255,0.24348922468513914,0.05318162268619578
dim 483,483,0.10440777,NormVanDerWaalsVolume_group2_D75,0.014966112284874659,0.6472875471744143,-0.0016434456724909374,0.959931532910631,0.6822153384545736,0.9692313814721273,0.01332266661238372
dim 483,483,0.10440777,NormVanDerWaalsVolume_group2_D100,-0.1719392806869013,1.1862676798762996e-07,-0.10734754750590295,0.0009980169638956356,2.564488058761709e-07,0.002237165543229143,0.06459173318099837
dim 483,483,0.10440777,NormVanDerWaalsVolume_group3_D0,0.19603262174202196,1.435514968032387e-09,0.10466302567028608,0.0013351211597059803,3.556839757587665e-09,0.0029126745090907735,0.09136959607173588
dim 483,483,0.10440777,NormVanDerWaalsVolume_group3_D25,0.16501121562631937,3.7906209999063224e-07,0.07688683241155306,0.018578385395868136,7.903042534136777e-07,0.031659085317448765,0.08812438321476632
dim 483,483,0.10440777,NormVanDerWaalsVolume_group3_D50,0.06771845765765126,0.03821834849790503,-0.0151896645454211,0.6423836241575615,0.0492284164994226,0.7050809414019898,0.05252879311223016
dim 483,483,0.10440777,NormVanDerWaalsVolume_group3_D75,0.12418587507890295,0.00013836457307418216,0.07100956692678613,0.029744371490988155,0.00022923495737488513,0.04858004928112491,0.053176308152116825
dim 483,483,0.10440777,NormVanDerWaalsVolume_group3_D100,-0.14005648598577033,1.687336956065166e-05,-0.08197830951406816,0.01206389091732573,3.0153587122833892e-05,0.02158189376747078,0.05807817647170217
dim 483,483,0.10440777,Polarity_C1,-0.5309942587221439,2.7611213650751657e-69,-0.3065147728115292,7.833404093028647e-22,4.8032007079953404e-68,8.522335397627258e-21,0.22447948591061467
dim 483,483,0.10440777,Polarity_C2,0.5527220819628683,4.509661157304849e-76,0.2498603787545671,8.38888435015016e-15,9.844619781306009e-75,6.012633847532518e-14,0.3028617032083012
dim 483,483,0.10440777,Polarity_C3,-0.4842914606748827,2.911073777507193e-56,-0.15255240433586537,2.7194280310658393e-06,3.352753936853112e-55,9.315279211947367e-06,0.33173905633901735
dim 483,483,0.10440777,Polarity_T12,0.3040035583659531,1.740646294239337e-21,0.07365135702251858,0.024161290757538697,7.415508447397175e-21,0.040168596879133524,0.23035220134343454
dim 483,483,0.10440777,Polarity_T13,-0.5317544694052723,1.628908590446525e-69,-0.22687291851679095,2.1065430344680896e-12,2.863449837942839e-68,1.2815762723357775e-11,0.30488155088848135
dim 483,483,0.10440777,Polarity_T23,0.15883219136115828,1.026510690585846e-06,0.16684981006645055,2.797860821324739e-07,2.067880402024563e-06,1.0716576999110812e-06,-0.008017618705292273
dim 483,483,0.10440777,Polarity_group1_D0,0.24978890040704366,8.541975785267573e-15,0.12220192617329703,0.0001770285605789469,2.847325261755858e-14,0.0004562310126031502,0.12758697423374663
dim 483,483,0.10440777,Polarity_group1_D25,0.31113867167408504,1.7643881459550126e-22,0.1511152197988913,3.380438888039571e-06,7.7134246171331705e-22,1.1404713016214311e-05,0.16002345187519373
dim 483,483,0.10440777,Polarity_group1_D50,0.2119412325698258,5.6186159990139834e-11,0.14261021088679787,1.176209052082746e-05,1.524466079342543e-10,3.6715310597723095e-05,0.06933102168302793
dim 483,483,0.10440777,Polarity_group1_D75,0.19696724934865417,1.1952882888486485e-09,0.15403654640968617,2.1676171569467408e-06,2.9793006602645418e-09,7.5024262219711035e-06,0.042930702938968
dim 483,483,0.10440777,Polarity_group1_D100,-0.00024363214313168107,0.9940576213398237,0.014426736254824785,0.6591822761159986,0.9952473231962592,0.7193696026470113,-0.014183104111693105
dim 483,483,0.10440777,Polarity_group2_D0,-0.19895360527578135,8.074960551531796e-10,-0.07972410299075088,0.014645850330241912,2.0293730806708952e-09,0.02563791410010901,0.11922950228503047
dim 483,483,0.10440777,Polarity_group2_D25,-0.3653096755254209,5.875522680690687e-31,-0.10514770064286141,0.0012673981981440384,3.2707076255844824e-30,0.0027776312216542575,0.26016197488255943
dim 483,483,0.10440777,Polarity_group2_D50,-0.20411007483556542,2.8622123426466036e-10,-0.035349106605637864,0.2797212686012505,7.439524688279888e-10,0.35362189141868916,0.16876096822992756
dim 483,483,0.10440777,Polarity_group2_D75,-0.19632132972984362,1.3566907141577303e-09,-0.02649513974071076,0.41788965809130485,3.3715379354812646e-09,0.494246267006005,0.16982618998913285
dim 483,483,0.10440777,Polarity_group2_D100,0.08295386257374035,0.011077476229615283,0.018204551687455325,0.577833631636288,0.015275274904633205,0.6467708879575074,0.06474931088628502
dim 483,483,0.10440777,Polarity_group3_D0,0.027650873048134936,0.3978665374732537,0.010278801169042496,0.7533485699705492,0.4401703329449047,0.8013325553189918,0.01737207187909244
dim 483,483,0.10440777,Polarity_group3_D25,0.4461122990583578,5.119496361902861e-47,0.12665338434276494,0.00010132071476188377,4.384389191988604e-46,0.0002733531399876347,0.31945891471559285
dim 483,483,0.10440777,Polarity_group3_D50,0.17348112833398263,9.100962992757911e-08,-0.059155050915478916,0.07030647463612125,1.9828582123816972e-07,0.10530207411867487,0.11432607741850372
dim 483,483,0.10440777,Polarity_group3_D75,0.16855286087016005,2.105578753008363e-07,-0.01975049892446432,0.5459608948512628,4.4994453199282997e-07,0.6185581373145242,0.14880236194569574
dim 483,483,0.10440777,Polarity_group3_D100,-0.24589037344001657,2.2708715763942572e-14,-0.13775924105249648,2.3220625318434326e-05,7.399718112348116e-14,6.918544920925125e-05,0.10813113238752009
dim 483,483,0.10440777,Polarizability_C1,0.48070273263696855,2.4195966508770104e-55,0.2186726309663787,1.3166893795388163e-11,2.6409976516108543e-54,7.569264247262731e-11,0.2620301016705898
dim 483,483,0.10440777,Polarizability_C2,-0.38209530530689445,6.150157199996362e-34,-0.18524569575278546,1.113960911748884e-08,3.687886005024749e-33,4.954233615501029e-08,0.196849609554109
dim 483,483,0.10440777,Polarizability_C3,-0.40516576502708596,2.507265839079383e-38,-0.1551677368715199,1.8209070747346626e-06,1.7055535443024723e-37,6.355098881519094e-06,0.24999802815556604
dim 483,483,0.10440777,Polarizability_T12,0.46974970063231963,1.3305810370729552e-52,0.2042090444329668,2.805041732815599e-10,1.307100195242256e-51,1.4570512266880403e-09,0.26554065619935285
dim 483,483,0.10440777,Polarizability_T13,-0.029383960603095047,0.3689458110781764,0.01248398904474942,0.7027244339646707,0.4104860123254861,0.757906303297212,0.016899971558345626
dim 483,483,0.10440777,Polarizability_T23,-0.4356791764665597,1.0916179940971777e-44,-0.195980680606946,1.4501615270281864e-09,8.72249784757075e-44,6.9892344881300766e-09,0.23969849585961367
dim 483,483,0.10440777,Polarizability_group1_D0,-0.1615201542286866,6.685771115035452e-07,-0.06151035581987126,0.05981849479532542,1.3657783195240618e-06,0.0910222198707913,0.10000979840881534
dim 483,483,0.10440777,Polarizability_group1_D25,-0.3112945081100178,1.6771639152101895e-22,-0.0911560483530438,0.0052315569997077125,7.3417136000026645e-22,0.010230328090763326,0.220138459756974
dim 483,483,0.10440777,Polarizability_group1_D50,-0.21876898329662248,1.2891762268633233e-11,-0.023034493675308243,0.4812779822002482,3.612289092049916e-11,0.5566026525446084,0.19573448962131423
dim 483,483,0.10440777,Polarizability_group1_D75,-0.24656090141643658,1.9216739646701275e-14,-0.10710768617609978,0.0010245799335556408,6.304902791746784e-14,0.002289028078980495,0.1394532152403368
dim 483,483,0.10440777,Polarizability_group1_D100,0.030970720992257558,0.34364409694200176,-0.012283399558177992,0.7072791918255252,0.3842555352481707,0.7620362905475014,0.018687321434079564
dim 483,483,0.10440777,Polarizability_group2_D0,-0.01858905966575118,0.5698250816101793,0.04424689671636502,0.17596859053898756,0.6092239989046091,0.2381422578607044,-0.025657837050613835
dim 483,483,0.10440777,Polarizability_group2_D25,0.2567630189864078,1.4240609396488578e-15,0.09325837370472662,0.004275321559647618,4.8633574012547904e-15,0.008479557012602758,0.16350464528168118
dim 483,483,0.10440777,Polarizability_group2_D50,0.31226308986526097,1.2229994925243025e-22,0.12984540277897574,6.713767805060184e-05,5.374760927672593e-22,0.00018702238923186835,0.18241768708628522
dim 483,483,0.10440777,Polarizability_group2_D75,0.14457407681968698,8.874107182465372e-06,0.07776623636345188,0.017270929584737527,1.626757299090798e-05,0.029693666928433723,0.0668078404562351
dim 483,483,0.10440777,Polarizability_group2_D100,0.07162113148407187,0.028361837109405107,0.031799654475111155,0.33087722090740745,0.037294699191107505,0.4057011445780987,0.039821477008960715
dim 483,483,0.10440777,Polarizability_group3_D0,0.19603262174202196,1.435514968032387e-09,0.10466302567028608,0.0013351211597059803,3.556839757587665e-09,0.0029126745090907735,0.09136959607173588
dim 483,483,0.10440777,Polarizability_group3_D25,0.16501121562631937,3.7906209999063224e-07,0.07688683241155306,0.018578385395868136,7.903042534136777e-07,0.031659085317448765,0.08812438321476632
dim 483,483,0.10440777,Polarizability_group3_D50,0.06771845765765126,0.03821834849790503,-0.0151896645454211,0.6423836241575615,0.0492284164994226,0.7050809414019898,0.05252879311223016
dim 483,483,0.10440777,Polarizability_group3_D75,0.12418587507890295,0.00013836457307418216,0.07100956692678613,0.029744371490988155,0.00022923495737488513,0.04858004928112491,0.053176308152116825
dim 483,483,0.10440777,Polarizability_group3_D100,-0.14005648598577033,1.687336956065166e-05,-0.08197830951406816,0.01206389091732573,3.0153587122833892e-05,0.02158189376747078,0.05807817647170217
dim 483,483,0.10440777,Charge_C1,-0.31651064680597096,3.01962025880882e-23,-0.09055650181544168,0.0055375638388954875,1.3537626395196587e-22,0.010759431775399028,0.2259541449905293
dim 483,483,0.10440777,Charge_C2,0.43440305617360875,2.0767755239871837e-44,0.12677160641443105,9.980504989035337e-05,1.6515310119326652e-43,0.00026969973028622996,0.30763144975917767
dim 483,483,0.10440777,Charge_C3,-0.41369397024332233,4.861979823957733e-40,-0.11471913431204735,0.0004339289324464094,3.5073461365051464e-39,0.0010396862513421862,0.298974835931275
dim 483,483,0.10440777,Charge_T12,-0.24062855978287062,8.274222959433147e-14,-0.06665581573213984,0.0413592645802163,2.5973594628295784e-13,0.06553128258914727,0.17397274405073077
dim 483,483,0.10440777,Charge_T13,-0.38908647099096383,3.128098826447016e-35,-0.13586727083480285,3.009171800737478e-05,1.9455959181253322e-34,8.824085877491814e-05,0.25321920015616095
dim 483,483,0.10440777,Charge_T23,-0.37737777605912065,4.407720911947615e-33,-0.08881237263311838,0.006521573418070259,2.591864057377647e-32,0.012518422538134864,0.2885654034260023
dim 483,483,0.10440777,Charge_group1_D0,0.04969101368001406,0.12851771187245414,0.023867004501246437,0.4655683214523259,0.15368748931399817,0.5410571307066001,0.02582400917876762
dim 483,483,0.10440777,Charge_group1_D25,0.14536473847848866,7.914236003283587e-06,0.04134449327015854,0.20607749892156912,1.4604170304401758e-05,0.27313446285636545,0.10402024520833011
dim 483,483,0.10440777,Charge_group1_D50,-0.0024079242800437266,0.9413212099708373,-0.04566972578284782,0.16246353198789726,0.9484201632888678,0.22339571710151374,-0.04326180150280409
dim 483,483,0.10440777,Charge_group1_D75,0.07913901436626485,0.015390859746770595,-0.008731162408890325,0.7895360042584083,0.020879557901792762,0.8316147127792758,0.07040785195737452
dim 483,483,0.10440777,Charge_group1_D100,-0.10691024494092147,0.0010469337458760585,-0.0763829319589716,0.019365875668939263,0.0015966934754456782,0.03288359162900719,0.03052731298194987
dim 483,483,0.10440777,Charge_group2_D0,0.01413003641926408,0.6657624509906799,0.033837234183238654,0.3008151857139612,0.699479895032674,0.3765827287423652,-0.019707197763974574
dim 483,483,0.10440777,Charge_group2_D25,-0.16107768173738854,7.178199801333345e-07,-0.03176684431039766,0.3313766512357199,1.4627936141826342e-06,0.4061644092210292,0.12931083742699087
dim 483,483,0.10440777,Charge_group2_D50,0.03913063444570987,0.23143677388548947,0.058717549099844626,0.07241155627898144,0.26710734719584844,0.10792262292360463,-0.019586914654134757
dim 483,483,0.10440777,Charge_group2_D75,-0.028775086870297714,0.37895415459788057,-0.003854978135616475,0.9061900310339367,0.4207802115548275,0.9253056263079635,0.02492010873468124
dim 483,483,0.10440777,Charge_group2_D100,0.17813006086338518,4.034790559743399e-08,0.03970443229585321,0.22466097095501952,9.056586337058435e-08,0.2936859659451136,0.13842562856753196
dim 483,483,0.10440777,Charge_group3_D0,0.02862443466673834,0.38145600252020917,0.062028713464032784,0.05769337530066961,0.42299570000580966,0.08847377112223898,-0.03340427879729445
dim 483,483,0.10440777,Charge_group3_D25,0.2617325231304522,3.842420883761606e-16,0.1311986664237818,5.6226188738389446e-05,1.356626400820694e-15,0.00015914870371713623,0.1305338567066704
dim 483,483,0.10440777,Charge_group3_D50,0.013456159987627421,0.6808027262552079,-0.0032028620116699652,0.9220034056018099,0.7130389168053918,0.9377257535657872,0.010253297975957455
dim 483,483,0.10440777,Charge_group3_D75,-0.0211024665485735,0.5188198143408108,-0.003984402014974043,0.9030557990325351,0.5589865096446155,0.9237998066672793,0.01711806453359946
dim 483,483,0.10440777,Charge_group3_D100,-0.1641249641126869,4.3829388509436556e-07,-0.04613639694984322,0.15820852119473933,9.081275286694672e-07,0.21826371779860773,0.11798856716284367
dim 483,483,0.10440777,SecondaryStructure_C1,-0.5426958900184466,7.041991735794056e-73,-0.2854069757874264,5.068230893219898e-19,1.3917309110977603e-71,4.7818901647893956e-18,0.25728891423102024
dim 483,483,0.10440777,SecondaryStructure_C2,0.2311876350737091,7.801945412065253e-13,0.11075912283936465,0.0006829943124623207,2.351849970785013e-12,0.001585268244353128,0.12042851223434445
dim 483,483,0.10440777,SecondaryStructure_C3,0.5703248754877126,5.990796893512525e-82,0.3029696887459101,2.4126381639796264e-21,1.7399357934201594e-80,2.550066920155681e-20,0.2673551867418025
dim 483,483,0.10440777,SecondaryStructure_T12,-0.3856496597381031,1.3649685728931885e-34,-0.1477506261953411,5.582229703973784e-06,8.334543022784735e-34,1.826116279262727e-05,0.237899033542762
dim 483,483,0.10440777,SecondaryStructure_T13,-0.2416622514742392,6.433677080726455e-14,-0.018316796460709654,0.575490333311882,2.0387553557520262e-13,0.6446411199093995,0.22334545501352954
dim 483,483,0.10440777,SecondaryStructure_T23,0.49166461366422287,3.466351416281404e-58,0.2307591012250301,8.618594971895493e-13,4.272182188332062e-57,5.350577547607982e-12,0.2609055124391928
dim 483,483,0.10440777,SecondaryStructure_group1_D0,0.0934775980976042,0.00418532759080354,0.061671267374824014,0.05915197304609255,0.006015057725165156,0.09033726107633704,0.031806330722780184
dim 483,483,0.10440777,SecondaryStructure_group1_D25,-0.035288235692465385,0.2805506587536275,-0.006750788080662692,0.8365009590259839,0.3193725972178309,0.869294711620033,0.028537447611802692
dim 483,483,0.10440777,SecondaryStructure_group1_D50,-0.17098168666095526,1.3968445521862972e-07,-0.08515905260502643,0.0091068542969581,3.011917885282268e-07,0.016823502960088527,0.08582263405592883
dim 483,483,0.10440777,SecondaryStructure_group1_D75,-0.21822020900323513,1.453746507779814e-11,-0.12098694411705552,0.00020549308020875563,4.05979375918443e-11,0.0005243291733363207,0.09723326488617962
dim 483,483,0.10440777,SecondaryStructure_group1_D100,-0.23504598580706826,3.1553650675163333e-13,-0.14627777537442124,6.929062023917231e-06,9.704345603595354e-13,2.246899724260539e-05,0.08876821043264702
dim 483,483,0.10440777,SecondaryStructure_group2_D0,0.09600136195870887,0.003266066854091489,0.041413439804011784,0.20532144607796715,0.0047511599706731595,0.27243808113075973,0.054587922154697086
dim 483,483,0.10440777,SecondaryStructure_group2_D25,-0.008238412188056257,0.8011576287516461,0.05911390861992986,0.07050227484963902,0.8215381365283133,0.10550071594883258,-0.0508754964318736
dim 483,483,0.10440777,SecondaryStructure_group2_D50,0.08460092496687988,0.009573586217088342,0.08298850912998822,0.011043799055310418,0.01327897756024712,0.01997091978599718,0.0016124158368916591
dim 483,483,0.10440777,SecondaryStructure_group2_D75,0.21371496511833765,3.8512460548925814e-11,0.11011980926996234,0.0007338988465397379,1.0560888196503467e-10,0.0016916646980281054,0.10359515584837531
dim 483,483,0.10440777,SecondaryStructure_group2_D100,0.1632608761978834,5.04568907257431e-07,0.1421121182894246,1.2625941343933486e-05,1.0422140694123806e-06,3.9228506129058455e-05,0.0211487579084588
dim 483,483,0.10440777,SecondaryStructure_group3_D0,-0.1461422999883365,7.067454137631018e-06,-0.07719387296301486,0.0181123863321847,1.3150583186455487e-05,0.030959759646620726,0.06894842702532164
dim 483,483,0.10440777,SecondaryStructure_group3_D25,-0.03813056639584454,0.24359017470905606,-0.01879801542953716,0.5654952245157867,0.2795845991506004,0.6356783806247456,0.019332550966307382
dim 483,483,0.10440777,SecondaryStructure_group3_D50,0.1498147324806409,4.108972252891837e-06,0.055733586976512484,0.08817976807625531,7.84675090031946e-06,0.12849931299070363,0.09408114550412841
dim 483,483,0.10440777,SecondaryStructure_group3_D75,0.07321489050183894,0.025015848199496007,0.04039765068418976,0.216665248429128,0.03314277389381859,0.28412325471271593,0.032817239817649176
dim 483,483,0.10440777,SecondaryStructure_group3_D100,0.14511908311666188,8.201312009019524e-06,0.07129196660059728,0.02909893478661382,1.5100541405802209e-05,0.047759431050265436,0.0738271165160646
dim 483,483,0.10440777,SolventAccessibility_C1,-0.19829750681405908,9.19595658547954e-10,-0.18234622660044097,1.8936747881008294e-08,2.305893017680305e-09,8.285566206064681e-08,0.015951280213618108
dim 483,483,0.10440777,SolventAccessibility_C2,-0.44597599545995237,5.497661196839852e-47,-0.1388044023088751,2.009340452710487e-05,4.672312569324455e-46,6.0244139246436506e-05,0.3071715931510772
dim 483,483,0.10440777,SolventAccessibility_C3,0.6124532771237541,1.4801855974389987e-97,0.33838610156909377,1.5594266327481214e-26,6.963126613304586e-96,2.1976729761091668e-25,0.2740671755546603
dim 483,483,0.10440777,SolventAccessibility_T12,-0.5680825692294336,3.5144275102600757e-81,-0.2811472999893999,1.7537282355066583e-18,9.700981722536076e-80,1.618080747677414e-17,0.28693526924003365
dim 483,483,0.10440777,SolventAccessibility_T13,0.418382802117421,5.297089432106345e-41,0.17263961913199505,1.0520379419907088e-07,3.914220952043184e-40,4.1980964471313824e-07,0.24574318298542597
dim 483,483,0.10440777,SolventAccessibility_T23,0.14104615496015624,1.4682107595336506e-05,0.18768299590728155,7.084461368111013e-09,2.6407237139700556e-05,3.228117458320707e-08,-0.04663684094712531
dim 483,483,0.10440777,SolventAccessibility_group1_D0,-0.007176374125696524,0.82635274367076,0.02132601893227454,0.5143999408966955,0.8440422519450576,0.5883889734914257,-0.014149644806578017
dim 483,483,0.10440777,SolventAccessibility_group1_D25,-0.18419550187049422,1.3513264704200014e-08,-0.03902846769808099,0.2326582707282261,3.135408571899992e-08,0.3022476173598892,0.14516703417241322
dim 483,483,0.10440777,SolventAccessibility_group1_D50,-0.1929299211779844,2.6196864072962957e-09,-0.009278490457231146,0.7766818344252002,6.405382577137355e-09,0.8208647509371082,0.18365143072075327
dim 483,483,0.10440777,SolventAccessibility_group1_D75,-0.23061747464904836,8.906473958104003e-13,-0.0876575405463925,0.007256778771500287,2.6727424097095575e-12,0.013768107853019093,0.14295993410265584
dim 483,483,0.10440777,SolventAccessibility_group1_D100,0.03209845695555865,0.32635129386022393,0.019537641347795093,0.5502972285551516,0.36672583176275886,0.6217837426841023,0.012560815607763558
dim 483,483,0.10440777,SolventAccessibility_group2_D0,0.015678449521311272,0.6317157539690983,0.040614319003289816,0.21420860358153676,0.6685458232752814,0.28112248957262587,-0.024935869481978543
dim 483,483,0.10440777,SolventAccessibility_group2_D25,0.4026776632070616,7.753545395847038e-38,0.11824378158552348,0.0002862929992141482,5.200169000427532e-37,0.0007098876149779176,0.28443388162153815
dim 483,483,0.10440777,SolventAccessibility_group2_D50,0.12222671214494137,0.0001764883901623646,-0.06722440859870411,0.03965251598038187,0.00028839100936511636,0.0630063764864298,0.05500230354623725
dim 483,483,0.10440777,SolventAccessibility_group2_D75,0.1817578536571397,2.10676742357426e-08,-0.00788009222280567,0.8096365228490261,4.819591229272622e-08,0.8471760608758606,0.17387776143433403
dim 483,483,0.10440777,SolventAccessibility_group2_D100,-0.2561292613951757,1.6796188674198415e-15,-0.12333916178692832,0.0001537776033851807,5.706945083603531e-15,0.0004025213129361313,0.1327900996082474
dim 483,483,0.10440777,SolventAccessibility_group3_D0,0.25278167751004316,3.986458282245751e-15,0.15420626541000348,2.111835403136232e-06,1.3435691889708183e-14,7.324538158333349e-06,0.09857541210003967
dim 483,483,0.10440777,SolventAccessibility_group3_D25,0.010945600459371313,0.7379173421847561,0.034960296303835174,0.2850476374093673,0.763968434610306,0.3595389384242019,-0.024014695844463863
dim 483,483,0.10440777,SolventAccessibility_group3_D50,0.12210252233674766,0.0001792105411288265,0.07358329162898954,0.024292869687748044,0.00029269594492434254,0.04036725609804899,0.048519230707758126
dim 483,483,0.10440777,SolventAccessibility_group3_D75,-0.010312971687932342,0.7525553316872247,0.04965047251968166,0.12883007597704385,0.7774620500573246,0.18117577000561114,-0.03933750083174932
dim 483,483,0.10440777,SolventAccessibility_group3_D100,0.1569403919365415,1.382235003103196e-06,0.011249690194445971,0.7309144566078885,2.7545733355397817e-06,0.7822025905384004,0.14569070174209553
dim 281,281,0.10213037,AAC_A,-0.6046930018774935,1.6661092666311832e-94,-0.5972302081907838,1.1963386391438868e-91,6.7045842777688575e-93,3.995771054740582e-88,0.007462793686709768
dim 281,281,0.10213037,AAC_C,-0.06486230153492861,0.04715507318403864,-0.054732411077688996,0.09405145881204166,0.06002208248273211,0.13569411336164974,0.010129890457239617
dim 281,281,0.10213037,AAC_D,0.18694030164960404,8.137307711250865e-09,0.16382471031192314,4.603114290997347e-07,1.911294497579317e-08,1.7216575287716841e-06,0.023115591337680902
dim 281,281,0.10213037,AAC_E,0.27344697597845347,1.566794954346693e-17,0.2485461790218635,1.1687316062036638e-14,5.853573990512253e-17,8.27026178966152e-14,0.024900796956589977
dim 281,281,0.10213037,AAC_F,0.45459522968473004,5.689732462531313e-49,0.4437973985039732,1.709908060723912e-46,5.0676550466278895e-48,5.65454744833452e-45,0.010797831180756834
dim 281,281,0.10213037,AAC_G,-0.4283675931188973,4.1916121387402245e-43,-0.41527050684453737,2.3163212920705784e-40,3.2661881831061717e-42,5.997296988771885e-39,0.01309708627435996
dim 281,281,0.10213037,AAC_H,0.11827583001821358,0.00028519747683060224,0.07417332201566079,0.023172614639441265,0.00045818161260904834,0.03865960684102589,0.04410250800255279
dim 281,281,0.10213037,AAC_I,0.4814654922294119,1.5459052087751067e-55,0.4700623081729527,1.114812555518494e-52,1.6984616438515974e-54,5.0317215343672566e-51,0.011403184056459181
dim 281,281,0.10213037,AAC_K,0.5494576113564209,5.079817090608048e-75,0.5525309424548831,5.2004825237781685e-76,1.0738347520652456e-73,2.1712014536773854e-73,-0.0030733310984621953
dim 281,281,0.10213037,AAC_L,0.13468518180673628,3.532109021932793e-05,0.09972839944576917,0.0022410272021417864,6.14759986099819e-05,0.004681069953191724,0.03495678236096711
dim 281,281,0.10213037,AAC_M,0.29513226226623734,2.7468996064066235e-20,0.27463139092050803,1.1237887294128786e-17,1.127106226707386e-19,9.929773429203742e-17,0.02050087134572931
dim 281,281,0.10213037,AAC_N,0.3208532026180216,7.057909295677587e-24,0.32350453283164926,2.871675953267778e-24,3.224817653565409e-23,3.6331051833009004e-23,-0.0026513302136276784
dim 281,281,0.10213037,AAC_P,-0.2459898973829237,2.2153555839822938e-14,-0.21644777633991186,2.1382601826841705e-11,7.232930254644048e-14,1.2003006739773327e-10,0.02954212104301185
dim 281,281,0.10213037,AAC_Q,0.0941481489634122,0.003920608252294474,0.0831736187490864,0.010865402909933954,0.005651632094373563,0.019723068325640983,0.010974530214325803
dim 281,281,0.10213037,AAC_R,-0.352828684718513,7.46737297856845e-29,-0.34270070765082694,3.2557495752103094e-27,3.8848949763891937e-28,4.7074474377499714e-26,0.010127977067686034
dim 281,281,0.10213037,AAC_S,-0.07375894460441894,0.02395456864424422,-0.015113747828748709,0.6440472298052172,0.03178715108135705,0.7064426100326521,0.05864519677567023
dim 281,281,0.10213037,AAC_T,-0.2654745127778223,1.4065680197418408e-16,-0.24020231396433325,9.17562484828044e-14,5.056982977328039e-16,6.178747377672716e-13,0.02527219881348905
dim 281,281,0.10213037,AAC_V,-0.35870250857772135,7.844791788523678e-30,-0.3645371662386759,7.980136807535465e-31,4.198975091934148e-29,1.3598804559779824e-29,-0.005834657660954534
dim 281,281,0.10213037,AAC_W,-0.08654767031850853,0.008032460096002262,-0.07068434847571814,0.030502862848500633,0.01125353050362733,0.049770181687343484,0.015863321842790393
dim 281,281,0.10213037,AAC_Y,0.31903300461338097,1.3017900914214216e-23,0.31338214482976756,8.478831911868417e-23,5.915617558295984e-23,9.765275374358797e-22,0.0056508597836134045
dim 281,281,0.10213037,Hydrophobicity_C1,0.5167330315921973,4.309122045840354e-65,0.5336775745391278,4.2609386294475155e-70,6.757027057796611e-64,6.468879555615774e-68,-0.016944542946930485
dim 281,281,0.10213037,Hydrophobicity_C2,-0.5086898348425415,8.183585510562807e-63,-0.5360841102089308,7.859642146810673e-71,1.1730976654626513e-61,1.5441885159028027e-68,-0.027394275366389276
dim 281,281,0.10213037,Hydrophobicity_C3,0.3693155835359539,1.1849511681904879e-31,0.3577651603430946,1.1275264354956069e-29,6.742311587318959e-31,1.8281253857064694e-28,0.011550423192859316
dim 281,281,0.10213037,Hydrophobicity_T12,-0.09543101006105849,0.003456059634037298,-0.10928431494884736,0.0008057324868510686,0.005010086448647819,0.0018407294843246025,-0.013853304887788867
dim 281,281,0.10213037,Hydrophobicity_T13,0.47791760983917453,1.2302581359249744e-54,0.49081605101817377,5.80394789932656e-58,1.3127994166100364e-53,3.524579269772856e-56,-0.012898441178999243
dim 281,281,0.10213037,Hydrophobicity_T23,-0.30315618208137246,2.2748838640416022e-21,-0.28631883704603045,3.874698266679932e-19,9.64227424606466e-21,3.676560287133799e-18,0.01683734503534201
dim 281,281,0.10213037,Hydrophobicity_group1_D0,0.14396735720662404,9.684960856312244e-06,0.14282658538578957,1.1404644078323222e-05,1.7718403033175215e-05,3.5699635634113925e-05,0.0011407718208344686
dim 281,281,0.10213037,Hydrophobicity_group1_D25,-0.08990046688613945,0.005890799863439755,-0.03904110700675875,0.23250690918994038,0.008368894744316794,0.30218523596224545,0.0508593598793807
dim 281,281,0.10213037,Hydrophobicity_group1_D50,-0.009829571757828427,0.7638009167789201,0.019301683495585652,0.5551238650619147,0.7864041498278648,0.6263897666577011,-0.009472111737757225
dim 281,281,0.10213037,Hydrophobicity_group1_D75,0.063479065105469,0.05207797325658673,0.09931823987739108,0.002337296392481326,0.06573712421655317,0.004873014950616497,-0.03583917477192208
dim 281,281,0.10213037,Hydrophobicity_group1_D100,0.015084037761216772,0.644698768818027,-0.014466008693686638,0.6583132529105772,0.6805606472352118,0.7190210152783937,0.0006180290675301334
dim 281,281,0.10213037,Hydrophobicity_group2_D0,0.4008098894406928,1.7981841236737632e-37,0.3875697903914642,6.005970272044476e-35,1.1892940540733405e-36,1.2459590502253758e-33,0.01324009904922857
dim 281,281,0.10213037,Hydrophobicity_group2_D25,0.09692314028617126,0.0029790073882972243,0.05169146031864672,0.11382221372277658,0.004350627318282785,0.16191064473342154,0.045231679967524537
dim 281,281,0.10213037,Hydrophobicity_group2_D50,-0.012126344738723762,0.7108527394525881,-0.03766811161910615,0.2493589930793963,0.7391806194805867,0.3204536502059191,-0.025541766880382392
dim 281,281,0.10213037,Hydrophobicity_group2_D75,-0.14716827664279045,6.081768742264766e-06,-0.18044300604423172,2.670310748940342e-08,1.1437560585115045e-05,1.137606875186319e-07,-0.03327472940144127
dim 281,281,0.10213037,Hydrophobicity_group2_D100,-0.3837915188198582,3.0053963431860943e-34,-0.37255757350506863,3.1895267439953163e-32,1.818482569971296e-33,5.63651816134622e-31,0.01123394531478955
dim 281,281,0.10213037,Hydrophobicity_group3_D0,-0.03450740436878632,0.2913376910266472,0.004166216741081233,0.898655386017272,0.3308629337058829,0.9204259396803706,0.030341187627705088
dim 281,281,0.10213037,Hydrophobicity_group3_D25,-0.051729814149810316,0.11355394694201354,-0.008063954385775392,0.8052829541894977,0.13716823970572342,0.8431489238222326,0.04366585976403492
dim 281,281,0.10213037,Hydrophobicity_group3_D50,0.001095010756254412,0.9732965630873383,0.02346139970849124,0.47318640527904554,0.976806045886932,0.5487647894555597,-0.022366388952236825
dim 281,281,0.10213037,Hydrophobicity_group3_D75,0.07819021680512053,0.016669882097913157,0.08441470063118346,0.009733987477118919,0.022541460002846132,0.017834074697519027,-0.006224483826062929
dim 281,281,0.10213037,Hydrophobicity_group3_D100,0.03834755135151172,0.24091594738178657,0.04426200341915242,0.17582094160645126,0.2768958239006081,0.23803889135206616,-0.005914452067640699
dim 281,281,0.10213037,NormVanDerWaalsVolume_C1,-0.5116083155334479,1.239380599102874e-63,-0.5380691503505038,1.92928922391784e-71,1.831650973895398e-62,4.2958840052570575e-69,-0.026460834817055967
dim 281,281,0.10213037,NormVanDerWaalsVolume_C2,0.38881731726361507,3.512888838394459e-35,0.3843110535262736,2.4114776942650497e-34,2.180864074393586e-34,4.881415453845616e-33,0.004506263737341476
dim 281,281,0.10213037,NormVanDerWaalsVolume_C3,0.5062873499764314,3.817778608199494e-62,0.5077207463295849,1.5254096221466632e-62,5.357722920750551e-61,1.4152411494360708e-60,-0.0014333963531534266
dim 281,281,0.10213037,NormVanDerWaalsVolume_T12,-0.34772152973692527,5.0980643372848885e-28,-0.33200184631852664,1.513752576520531e-25,2.6115851052962465e-27,2.014316177521344e-24,0.015719683418398633
dim 281,281,0.10213037,NormVanDerWaalsVolume_T13,0.05152914591793835,0.1149630457463065,0.04861432827257854,0.13701492089137368,0.13876999378123012,0.19147691873522513,0.0029148176453598074
dim 281,281,0.10213037,NormVanDerWaalsVolume_T23,0.49093967228003804,5.3845740131763235e-58,0.4946683365527049,5.526041061636885e-59,6.600041578779486e-57,3.927016414014297e-57,-0.0037286642726668817
dim 281,281,0.10213037,NormVanDerWaalsVolume_group1_D0,0.3700138168070306,8.943192212378602e-32,0.3559471867411046,2.2708270935518822e-29,5.0973143326526504e-31,3.6640398514315394e-28,0.014066630065926011
dim 281,281,0.10213037,NormVanDerWaalsVolume_group1_D25,0.18760393027430078,7.1899254742879605e-09,0.1565456148557329,1.4701302870725399e-06,1.6947319043134642e-08,5.229217421535978e-06,0.031058315418567878
dim 281,281,0.10213037,NormVanDerWaalsVolume_group1_D50,0.07356453592620207,0.024329235611205063,0.05845806961901692,0.0736842201703627,0.032258692711959074,0.10962373958530575,0.015106466307185151
dim 281,281,0.10213037,NormVanDerWaalsVolume_group1_D75,-0.05779093487873597,0.0770402874949681,-0.08541689234319208,0.008898169022772304,0.09554940966698604,0.016483574340576537,-0.027625957464456112
dim 281,281,0.10213037,NormVanDerWaalsVolume_group1_D100,-0.36713810725098184,2.837178622010372e-31,-0.35579145942843765,2.410669982567971e-29,1.5899625163615173e-30,3.8709796835466457e-28,0.011346647822544187
dim 281,281,0.10213037,NormVanDerWaalsVolume_group2_D0,0.20854480844295822,1.1473914345347627e-10,0.21507314101215805,2.8775887073428245e-11,3.039085956658293e-10,1.5938882723922113e-10,-0.006528332569199824
dim 281,281,0.10213037,NormVanDerWaalsVolume_group2_D25,-0.05369607959941214,0.10045483990382802,-0.013148474701607234,0.687712786756365,0.1222292041088472,0.7450407744944078,0.0405476048978049
dim 281,281,0.10213037,NormVanDerWaalsVolume_group2_D50,-0.0726670430595872,0.02612535696084326,-0.06219470029873587,0.05702626743419672,0.03454421704244517,0.08761165281978704,0.010472342760851329
dim 281,281,0.10213037,NormVanDerWaalsVolume_group2_D75,0.019952753566354467,0.5418562964627994,0.022848377122684185,0.48482903341159583,0.5821164458622547,0.5603264581146562,-0.0028956235563297184
dim 281,281,0.10213037,NormVanDerWaalsVolume_group2_D100,0.0437433265984296,0.1809433242998717,0.027824838914799768,0.39490336617663824,0.21245816600941647,0.4706851694005112,0.01591848768362983
dim 281,281,0.10213037,NormVanDerWaalsVolume_group3_D0,0.043177256860652026,0.18665909464188793,0.06548088591567637,0.04508344479650572,0.21882814184061275,0.07086056735074311,-0.022303629055024345
dim 281,281,0.10213037,NormVanDerWaalsVolume_group3_D25,-0.09340487693421967,0.004214988423593453,-0.07605826946288047,0.019888543870759737,0.006049875949635639,0.03370255531625445,0.017346607471339204
dim 281,281,0.10213037,NormVanDerWaalsVolume_group3_D50,-0.013256380888437442,0.6852864050610206,-1.1464880518619915e-05,0.999720360015338,0.717060336122747,0.9997648553886688,0.01324491600791882
dim 281,281,0.10213037,NormVanDerWaalsVolume_group3_D75,0.0639815011350993,0.05024234948838313,0.07753182572653702,0.017611316601711172,0.0635882710463053,0.03016502433318734,-0.01355032459143772
dim 281,281,0.10213037,NormVanDerWaalsVolume_group3_D100,0.019759831720013006,0.5457711549399807,0.005880485857905144,0.8573365713202107,0.5855687945710041,0.8865337920153262,0.013879345862107862
dim 281,281,0.10213037,Polarity_C1,0.4726633582489828,2.5395885577856677e-53,0.47699759720038815,2.0982918814284498e-54,2.5860444460378446e-52,1.0460141617867197e-52,-0.004334238951405334
dim 281,281,0.10213037,Polarity_C2,-0.5293837950764825,8.407883077600755e-69,-0.5675527641423888,5.327723592211858e-81,1.4254989583343412e-67,2.965766132997934e-78,-0.03816896906590628
dim 281,281,0.10213037,Polarity_C3,0.48969381741748885,1.1449962883312669e-57,0.5130778065482872,4.7581234598339106e-64,1.3856114503718953e-56,4.815797683589473e-62,-0.02338398913079831
dim 281,281,0.10213037,Polarity_T12,-0.35920911179591175,6.44487158674057e-30,-0.34127396686986883,5.480283382060197e-27,3.455196003164287e-29,7.889718317276318e-26,0.017935144926042923
dim 281,281,0.10213037,Polarity_T13,0.5042662733687115,1.3815716874325885e-61,0.5326437061678518,8.771370776162929e-70,1.8989503851954097e-60,1.2737555822775732e-67,-0.02837743279914029
dim 281,281,0.10213037,Polarity_T23,-0.32369348990824065,2.6924845884878924e-24,-0.3195517253434649,1.0938576518722084e-23,1.2455538124029862e-23,1.3237262888598463e-22,0.004141764564775774
dim 281,281,0.10213037,Polarity_group1_D0,0.07256768072779421,0.026331072522023793,0.1042455032097546,0.001396117109335025,0.0347685207648856,0.003031879808308832,-0.031677822481960397
dim 281,281,0.10213037,Polarity_group1_D25,-0.062497756260686745,0.05582480086021839,-0.02860190484156936,0.3818310183550213,0.07017494726124555,0.45743027306519773,0.033895851419117384
dim 281,281,0.10213037,Polarity_group1_D50,-0.03344199836485121,0.3064996720430107,-0.014703568997278038,0.653066358322676,0.34678485928985625,0.7146925415457857,0.018738429367573174
dim 281,281,0.10213037,Polarity_group1_D75,0.039249556789124077,0.2300206845884729,0.0551477917116093,0.09157842189724741,0.2656733825495521,0.13276494727354254,-0.015898234922485224
dim 281,281,0.10213037,Polarity_group1_D100,0.06886510113936574,0.03505860900498247,0.06759757213875504,0.03856513319602216,0.04557975197860831,0.06151267663548902,0.0012675290006106954
dim 281,281,0.10213037,Polarity_group2_D0,0.3931801017111574,5.286715438190937e-36,0.3794414213085298,1.8697633246301088e-33,3.3633580121062346e-35,3.5483008546957746e-32,0.013738680402627601
dim 281,281,0.10213037,Polarity_group2_D25,0.1497280165494921,4.1625527720787715e-06,0.11031268145936958,0.0007181826513901495,7.939992152337576e-06,0.0016611703986448058,0.03941533509012253
dim 281,281,0.10213037,Polarity_group2_D50,0.022360143159894718,0.4942113699003572,-0.008392404108097825,0.7975208410429018,0.5354090092336014,0.8358078472178513,0.013967739051796893
dim 281,281,0.10213037,Polarity_group2_D75,-0.15512043296197792,1.8342730726783824e-06,-0.19278205640111132,2.6952081388289635e-09,3.6208463727812043e-06,1.2732666455005289e-08,-0.0376616234391334
dim 281,281,0.10213037,Polarity_group2_D100,-0.35491242175967075,3.375733002487404e-29,-0.3472466240818961,6.084162003192743e-28,1.7672332646250674e-28,9.149365423482044e-27,0.007665797677774644
dim 281,281,0.10213037,Polarity_group3_D0,0.12512359146438087,0.00012299520234771715,0.12955738791021368,6.970494903444815e-05,0.000204787625045551,0.0001935282874273124,-0.004433796445832805
dim 281,281,0.10213037,Polarity_group3_D25,-0.11989117144613126,0.00023479420807098153,-0.06775626002280201,0.03811044950497278,0.0003806857548335332,0.060903780548616795,0.05213491142332925
dim 281,281,0.10213037,Polarity_group3_D50,-0.017129217303291012,0.600506934642856,0.01998081819680844,0.5412879638847107,0.638829964026053,0.6140970785920291,-0.002851600893517426
dim 281,281,0.10213037,Polarity_group3_D75,0.08482970455508448,0.009379754433264198,0.12047246357850243,0.0002187951384864467,0.013037195092427142,0.0005540377274789477,-0.035642759023417944
dim 281,281,0.10213037,Polarity_group3_D100,0.027619292403554,0.398405883751152,0.0021779411007222037,0.9469169787170609,0.4406210767314065,0.9581044256028427,0.025441351302831795
dim 281,281,0.10213037,Polarizability_C1,-0.5139693727552251,2.655761247804856e-64,-0.5257385450496653,1.0226655900920789e-67,4.0689186090221184e-63,1.3137319503490552e-65,-0.011769172294440189
dim 281,281,0.10213037,Polarizability_C2,0.33664315597657984,2.915772787198637e-26,0.3169297687059786,2.627099069666056e-23,1.4052930893569189e-25,3.122601741168906e-22,0.019713387270601235
dim 281,281,0.10213037,Polarizability_C3,0.5062873499764314,3.817778608199494e-62,0.5077207463295849,1.5254096221466632e-62,5.357722920750551e-61,1.4152411494360708e-60,-0.0014333963531534266
dim 281,281,0.10213037,Polarizability_T12,-0.45894847149291634,5.378623314293244e-50,-0.46172076960494457,1.176314911112599e-50,4.894986885487584e-49,4.9111147538951006e-49,-0.0027722981120282264
dim 281,281,0.10213037,Polarizability_T13,0.06361634379533088,0.05157095672838395,0.05766192773695673,0.07770340404100926,0.06519568337350583,0.11463311373541117,0.005954416058374143
dim 281,281,0.10213037,Polarizability_T23,0.47739787909110676,1.663681433106877e-54,0.47631393684062645,3.116814559791661e-54,1.7584480970180282e-53,1.5309059749564923e-52,0.0010839422504803076
dim 281,281,0.10213037,Polarizability_group1_D0,0.3727010962087011,3.008452426231552e-32,0.36028414125150326,4.2418073230186244e-30,1.7324536385540316e-31,7.083818229441103e-29,0.012416954957197857
dim 281,281,0.10213037,Polarizability_group1_D25,0.1525972866709253,2.7009251781365747e-06,0.11865143087487162,0.0002726471182498831,5.260110842551697e-06,0.0006800906459705822,0.033945855796053664
dim 281,281,0.10213037,Polarizability_group1_D50,0.023910235792750017,0.46476038184431717,-0.010967926036514752,0.7374024587687886,0.506294740821924,0.7876316636673342,0.012942309756235264
dim 281,281,0.10213037,Polarizability_group1_D75,-0.10613297282376703,0.0011393837301847322,-0.1406711832272735,1.547839465391667e-05,0.0017329424675851573,4.7212637574503814e-05,-0.03453821040350648
dim 281,281,0.10213037,Polarizability_group1_D100,-0.32752835357911264,7.210373278878539e-25,-0.3236639825390363,2.719720093611253e-24,3.382394206664933e-24,3.453941107475888e-23,0.0038643710400763642
dim 281,281,0.10213037,Polarizability_group2_D0,0.2608334297429237,4.880195031690221e-16,0.2548869809328068,2.318198405170075e-15,1.7103726553877584e-15,1.7557330324870863e-14,0.0059464488101168556
dim 281,281,0.10213037,Polarizability_group2_D25,-0.013591854501049497,0.6777637074161843,0.02000284647824543,0.540842080799609,0.7103014693348151,0.6137997111351322,-0.006410991977195933
dim 281,281,0.10213037,Polarizability_group2_D50,-0.06170799954227228,0.059000688362615496,-0.025087089047511016,0.44306792006588497,0.07402791101845821,0.5185167670007202,0.036620910494761266
dim 281,281,0.10213037,Polarizability_group2_D75,0.04116552658514654,0.20804942643544186,0.0572757413424876,0.07971624588688997,0.24220463028733907,0.11724009742941985,-0.016110214757341056
dim 281,281,0.10213037,Polarizability_group2_D100,-0.07504709094715528,0.02159598654446117,-0.06737206528207978,0.039219183587934366,0.028817656835197887,0.062436641174309235,0.007675025665075497
dim 281,281,0.10213037,Polarizability_group3_D0,0.043177256860652026,0.18665909464188793,0.06548088591567637,0.04508344479650572,0.21882814184061275,0.07086056735074311,-0.022303629055024345
dim 281,281,0.10213037,Polarizability_group3_D25,-0.09340487693421967,0.004214988423593453,-0.07605826946288047,0.019888543870759737,0.006049875949635639,0.03370255531625445,0.017346607471339204
dim 281,281,0.10213037,Polarizability_group3_D50,-0.013256380888437442,0.6852864050610206,-1.1464880518619915e-05,0.999720360015338,0.717060336122747,0.9997648553886688,0.01324491600791882
dim 281,281,0.10213037,Polarizability_group3_D75,0.0639815011350993,0.05024234948838313,0.07753182572653702,0.017611316601711172,0.0635882710463053,0.03016502433318734,-0.01355032459143772
dim 281,281,0.10213037,Polarizability_group3_D100,0.019759831720013006,0.5457711549399807,0.005880485857905144,0.8573365713202107,0.5855687945710041,0.8865337920153262,0.013879345862107862
dim 281,281,0.10213037,Charge_C1,0.34004925970854344,8.550538146343977e-27,0.3205911912834471,7.710083140695718e-24,4.224674172897764e-26,9.398422514570693e-23,0.019458068425096342
dim 281,281,0.10213037,Charge_C2,-0.36811516856884535,1.919115352465645e-31,-0.35890146791204447,7.262286672246226e-30,1.0809182592302285e-30,1.2067680340946466e-28,0.009213700656800883
dim 281,281,0.10213037,Charge_C3,0.29023464199069904,1.2093526029745808e-19,0.2673482821488526,8.452801514710579e-17,4.825851486182914e-19,7.075778711562238e-16,0.02288635984184645
dim 281,281,0.10213037,Charge_T12,0.27599546695620863,7.648666067882345e-18,0.2546020469362319,2.495406899174462e-15,2.896433635683337e-17,1.8814128765784883e-14,0.02139342001997674
dim 281,281,0.10213037,Charge_T13,0.3309199104168495,2.2133129168769453e-25,0.3116406045216038,1.498398673024873e-22,1.0470913799389515e-24,1.7139217698298204e-21,0.01927930589524568
dim 281,281,0.10213037,Charge_T23,0.2146414187303376,3.15757663890541e-11,0.18118686595456418,2.3356866130624917e-08,8.67294899173032e-11,1.00272407295999e-07,0.033454552775773416
dim 281,281,0.10213037,Charge_group1_D0,0.12328353956848714,0.00015484461455993114,0.12991253076220982,6.655229289376794e-05,0.0002548945355496156,0.00018570146889322048,-0.0066289911937226775
dim 281,281,0.10213037,Charge_group1_D25,-0.014312986497077743,0.6617019283329799,0.00550571925729215,0.8663402858785467,0.6959995372923795,0.8930791835908476,0.008807267239785593
dim 281,281,0.10213037,Charge_group1_D50,0.056699406184862446,0.08279865615198541,0.06223616231483672,0.056860633659754106,0.10208472187066492,0.08739738445631785,-0.005536756129974271
dim 281,281,0.10213037,Charge_group1_D75,0.08286723669530804,0.011162077278092056,0.09869796325011915,0.0024900809100953394,0.015373747673743283,0.0051625513592293195,-0.015830726554811103
dim 281,281,0.10213037,Charge_group1_D100,0.004929600760802278,0.8802148865946484,-0.004097151348261788,0.9003265982424685,0.8930491255243396,0.9218549473114177,0.0008324494125404903
dim 281,281,0.10213037,Charge_group2_D0,0.38093863685976836,9.997738172122788e-34,0.38207801623008175,6.195075175149028e-34,5.98430922847493e-33,1.2243521352069678e-32,-0.001139379370313387
dim 281,281,0.10213037,Charge_group2_D25,-0.07053772880946038,0.030850205107962124,-0.09660780266129725,0.0030745154568494457,0.040404428303373624,0.006307666846361885,-0.026070073851836864
dim 281,281,0.10213037,Charge_group2_D50,-0.17377594303775398,8.648943355330439e-08,-0.17542802541081326,6.490624537191536e-08,1.8917793586642874e-07,2.653449933197029e-07,-0.001652082373059277
dim 281,281,0.10213037,Charge_group2_D75,-0.19529652975677295,1.657193890403013e-09,-0.2012842367919975,5.070272423131012e-10,4.090929485547719e-09,2.5697587091437906e-09,-0.005987707035224554
dim 281,281,0.10213037,Charge_group2_D100,-0.15044383330987238,3.7395534204460265e-06,-0.12881979582627967,7.670893552675627e-05,7.1699818738747e-06,0.0002108706540406304,0.021624037483592706
dim 281,281,0.10213037,Charge_group3_D0,0.15853447480906946,1.0759681640246413e-06,0.15714379599677347,1.3389402653116343e-06,2.1622946256572217e-06,4.785821587577923e-06,0.0013906788122959868
dim 281,281,0.10213037,Charge_group3_D25,0.026467173238225884,0.41838140950224056,0.05764911385935991,0.07776952197063912,0.46042632874381667,0.11468000149312789,-0.031181940621134028
dim 281,281,0.10213037,Charge_group3_D50,0.11173874634703633,0.0006113148220783691,0.11525244778411936,0.00040776515264193277,0.0009541081802531555,0.000983347010703289,-0.0035137014370830305
dim 281,281,0.10213037,Charge_group3_D75,0.16220185455019565,5.990144806715655e-07,0.16031730775398315,8.106992955162402e-07,1.2281819309042535e-06,2.962511648823022e-06,0.0018845467962124995
dim 281,281,0.10213037,Charge_group3_D100,-0.013207707800684629,0.686380470157252,-0.03643758535136268,0.2651709864907985,0.7172167982722644,0.33791342803482144,-0.023229877550678048
dim 281,281,0.10213037,SecondaryStructure_C1,0.050220935168017435,0.12448858199011792,-0.014786840174362695,0.6512312132027586,0.14918976097846925,0.7129178145189163,0.03543409499365474
dim 281,281,0.10213037,SecondaryStructure_C2,0.16244121309138373,5.762845271485546e-07,0.19470311683097177,1.8598354396952098e-09,1.184486351185337e-06,8.937914199398561e-09,-0.03226190373958804
dim 281,281,0.10213037,SecondaryStructure_C3,-0.18333167030067385,1.5827083791148837e-08,-0.14154783573002608,1.3677566238568157e-05,3.653245325669462e-08,4.220902761746149e-05,0.04178383457064777
dim 281,281,0.10213037,SecondaryStructure_T12,0.23549030436150953,2.840034898154948e-13,0.20583291108322596,2.0115651927271927e-10,8.766836007243555e-13,1.0514284418949645e-09,0.029657393278283567
dim 281,281,0.10213037,SecondaryStructure_T13,-0.00026344302823983964,0.9935744283834547,-0.04156104800468774,0.20370957824804622,0.9950640452176127,0.2709637560129328,-0.041297604976447896
dim 281,281,0.10213037,SecondaryStructure_T23,-0.0699966862882623,0.03216142610932129,-0.012542650531698115,0.7013944182181646,0.042026276684324376,0.7571613952322785,0.05745403575656419
dim 281,281,0.10213037,SecondaryStructure_group1_D0,0.1964247060239433,1.3295038045241026e-09,0.20688985718982203,1.6177159888174308e-10,3.3064353738723028e-09,8.510338422006719e-10,-0.010465151165878733
dim 281,281,0.10213037,SecondaryStructure_group1_D25,0.06216247869748209,0.057155263856482064,0.05746941473059495,0.07870157391856938,0.07179337393029338,0.11590090691711717,0.004693063966887144
dim 281,281,0.10213037,SecondaryStructure_group1_D50,0.15239138125647084,2.7868147559444303e-06,0.13619138069285647,2.8791675173872604e-05,5.408460944133874e-06,8.50258135108174e-05,0.01620000056361437
dim 281,281,0.10213037,SecondaryStructure_group1_D75,0.09653844647667052,0.003095892232466991,0.07573307917329078,0.020424344820624996,0.004513435205779026,0.034505468740964836,0.020805367303379743
dim 281,281,0.10213037,SecondaryStructure_group1_D100,-0.015266668180033211,0.6406980282145095,-0.03883288284018868,0.23500939037745294,0.677407855092264,0.30512407896091004,-0.02356621466015547
dim 281,281,0.10213037,SecondaryStructure_group2_D0,0.14574191273172696,7.492056926457797e-06,0.15889894414853353,1.015725259543788e-06,1.387110317869681e-05,3.687524311822013e-06,-0.013157031416806575
dim 281,281,0.10213037,SecondaryStructure_group2_D25,0.007703223482510105,0.8138300573729136,-0.0007278261274344337,0.9822490494487828,0.8325244691042974,0.9843119787455549,0.0069753973550756715
dim 281,281,0.10213037,SecondaryStructure_group2_D50,-0.12763764015886178,8.933644435755494e-05,-0.12420649421086846,0.00013800801468175834,0.00015047086442472694,0.00036496181238089695,0.0034311459479933193
dim 281,281,0.10213037,SecondaryStructure_group2_D75,-0.1010951237714078,0.0019458310135664935,-0.07994139695242626,0.014377355788619393,0.00288463186210035,0.025194317069249097,0.021153726818981533
dim 281,281,0.10213037,SecondaryStructure_group2_D100,-0.08773306674315616,0.007206517910241548,-0.07789001852878598,0.017093520892892428,0.010143181550866739,0.029474630760072645,0.009843048214370181
dim 281,281,0.10213037,SecondaryStructure_group3_D0,0.24612948652315073,2.1397302160920603e-14,0.23421720718856012,3.8378836920762383e-13,6.999705114346212e-14,2.4416250536256452e-12,0.011912279334590603
dim 281,281,0.10213037,SecondaryStructure_group3_D25,0.059904209154468785,0.06681839267506845,0.056138526094047285,0.0858903101584126,0.08330475234592333,0.12538183388509533,0.0037656830604215
dim 281,281,0.10213037,SecondaryStructure_group3_D50,-0.03389660102311009,0.2999674383639546,-0.015441263274404851,0.6368830299456278,0.3402007620154867,0.7004245373784647,0.01845533774870524
dim 281,281,0.10213037,SecondaryStructure_group3_D75,0.021684396440493695,0.507355425695822,0.02952156279882274,0.3667069263089822,0.5475176484084153,0.44409033135315473,-0.007837166358329043
dim 281,281,0.10213037,SecondaryStructure_group3_D100,-0.24923513345355172,9.82478585372262e-15,-0.23697491823624267,1.994620182439413e-13,3.265152711585428e-14,1.3114235057770945e-12,0.01226021521730905
dim 281,281,0.10213037,SolventAccessibility_C1,-0.4833379218595246,5.122542650674841e-56,-0.5012755719146541,9.121502723234856e-61,5.7607045297151414e-55,7.616454773901104e-59,-0.017937650055129484
dim 281,281,0.10213037,SolventAccessibility_C2,0.5167330315921973,4.309122045840354e-65,0.5336775745391278,4.2609386294475155e-70,6.757027057796611e-64,6.468879555615774e-68,-0.016944542946930485
dim 281,281,0.10213037,SolventAccessibility_C3,-0.10656111670149307,0.0010875671863851593,-0.04446230387735564,0.17387196931453308,0.001656395076391442,0.23607007215875628,0.06209881282413743
dim 281,281,0.10213037,SolventAccessibility_T12,0.19103918662259586,3.761376583181258e-09,0.15046766661197739,3.726202763533927e-06,9.077310540336274e-09,1.2508057517792278e-05,0.04057152001061848
dim 281,281,0.10213037,SolventAccessibility_T13,-0.3018844048277088,3.393998876296329e-21,-0.2794306019295353,2.874750050629223e-18,1.4274235544943116e-20,2.6305931970141385e-17,0.022453802898173503
dim 281,281,0.10213037,SolventAccessibility_T23,0.3710303316110131,5.929799497946819e-32,0.37521746153614005,1.0745414541305734e-32,3.3971750125458616e-31,1.9719606905473162e-31,-0.004187129925126931
dim 281,281,0.10213037,SolventAccessibility_group1_D0,0.22542109829159843,2.9292701851201156e-12,0.2233832808562927,4.635402602388987e-12,8.485483450391314e-12,2.7646865521391462e-11,0.0020378174353057332
dim 281,281,0.10213037,SolventAccessibility_group1_D25,0.09544655142888928,0.003450752212095082,0.07112887005593689,0.029470214842787064,0.005004564649760128,0.04825025371319058,0.024317681372952385
dim 281,281,0.10213037,SolventAccessibility_group1_D50,0.11205632747004385,0.0005896207195387009,0.08406844094155108,0.01003860093435714,0.0009215410403646518,0.01835190318596215,0.027987886528492767
dim 281,281,0.10213037,SolventAccessibility_group1_D75,0.060634894072439494,0.06355462262437174,0.03300568426346691,0.3128569718922496,0.07938385922415918,0.38773368687202736,0.027629209808972585
dim 281,281,0.10213037,SolventAccessibility_group1_D100,-0.14279601943664255,1.1454502915324253e-05,-0.14076002462557438,1.528609782728029e-05,2.0840490367378305e-05,4.671140598638259e-05,0.0020359948110681703
dim 281,281,0.10213037,SolventAccessibility_group2_D0,0.14396735720662404,9.684960856312244e-06,0.14282658538578957,1.1404644078323222e-05,1.7718403033175215e-05,3.5699635634113925e-05,0.0011407718208344686
dim 281,281,0.10213037,SolventAccessibility_group2_D25,-0.08990046688613945,0.005890799863439755,-0.03904110700675875,0.23250690918994038,0.008368894744316794,0.30218523596224545,0.0508593598793807
dim 281,281,0.10213037,SolventAccessibility_group2_D50,-0.009829571757828427,0.7638009167789201,0.019301683495585652,0.5551238650619147,0.7864041498278648,0.6263897666577011,-0.009472111737757225
dim 281,281,0.10213037,SolventAccessibility_group2_D75,0.063479065105469,0.05207797325658673,0.09931823987739108,0.002337296392481326,0.06573712421655317,0.004873014950616497,-0.03583917477192208
dim 281,281,0.10213037,SolventAccessibility_group2_D100,0.015084037761216772,0.644698768818027,-0.014466008693686638,0.6583132529105772,0.6805606472352118,0.7190210152783937,0.0006180290675301334
dim 281,281,0.10213037,SolventAccessibility_group3_D0,0.11935504829008037,0.0002505156912333547,0.14832552851109596,5.127698268342139e-06,0.00040480039125273575,1.6923431043737887e-05,-0.028970480221015588
dim 281,281,0.10213037,SolventAccessibility_group3_D25,-0.0388667712417621,0.23460082056020193,-0.04149136718425889,0.2044693367807524,0.27000921456618693,0.2717578928960259,-0.0026245959424967893
dim 281,281,0.10213037,SolventAccessibility_group3_D50,-0.13438793281577266,3.6765644615264194e-05,-0.12398496301902223,0.00014188450655016317,6.385712585282497e-05,0.0003746199619585336,0.010402969796750428
dim 281,281,0.10213037,SolventAccessibility_group3_D75,-0.1802550720332856,2.7619402633299026e-08,-0.18965633163327705,4.889250006910696e-09,6.262647983382128e-08,2.2617860142772475e-08,-0.00940125959999144
dim 281,281,0.10213037,SolventAccessibility_group3_D100,-0.25876396248700434,8.431713590967117e-16,-0.24063733236878354,8.256615230537475e-14,2.915312980727761e-15,5.582407868420074e-13,0.0181266301182208
dim 35,35,0.10128591,AAC_A,0.34141447035758404,5.206958201625566e-27,0.3587184692070049,7.796402734780857e-30,2.5879822014031834e-26,1.2891081749588149e-28,-0.017303998849420854
dim 35,35,0.10128591,AAC_C,-0.2646076739089601,1.777796647238586e-16,-0.26035920197269663,5.534047420468301e-16,6.37107382164901e-16,4.390431920276514e-15,0.004248471936263487
dim 35,35,0.10128591,AAC_D,0.08878568067177918,0.0065377816694813075,0.07531110919596667,0.021138313366647767,0.009244788643551044,0.035603614041655844,0.013474571475812505
dim 35,35,0.10128591,AAC_E,0.26598874569433467,1.2236020832975742e-16,0.2706540589816691,3.4083588167940865e-17,4.4134243609221356e-16,2.92645718459955e-16,-0.004665313287334438
dim 35,35,0.10128591,AAC_F,-0.13663473913086635,2.7099420980622493e-05,-0.1503208278613872,3.8091882288036284e-06,4.773843147430334e-05,1.2773783819482047e-05,-0.013686088730520851
dim 35,35,0.10128591,AAC_G,-0.07974638669792652,0.014618114341030285,-0.0674802885405059,0.038904133164586026,0.019887780814273382,0.06202377315976961,0.012266098157420621
dim 35,35,0.10128591,AAC_H,0.2792580170688026,3.020612872633051e-18,0.27910831639028444,3.153026255538216e-18,1.1583061991497577e-17,2.861714047146098e-17,0.00014970067851816093
dim 35,35,0.10128591,AAC_I,-0.07238573531813904,0.02671138846042565,-0.09506979021316711,0.0035815259687192267,0.03523540183958202,0.0072519039203292664,-0.022684054895028075
dim 35,35,0.10128591,AAC_K,-0.14477735619199547,8.617228613047127e-06,-0.1884163688457935,6.175176935689136e-09,1.584014505645427e-05,2.829230585075681e-08,-0.04363901265379802
dim 35,35,0.10128591,AAC_L,0.25614815169377964,1.6713868118949071e-15,0.24961436793934189,8.927416143267428e-15,5.6905524482456575e-15,6.384918612101329e-14,0.00653378375443775
dim 35,35,0.10128591,AAC_M,0.055519600203611755,0.08940930742281443,0.039100927792775804,0.2317914742136411,0.10991059506521907,0.30170831016116967,0.01641867241083595
dim 35,35,0.10128591,AAC_N,-0.4736467458810544,1.4468668506923757e-53,-0.47448343041929414,8.951922507684295e-54,1.486933932711549e-52,4.3332494457486295e-52,-0.0008366845382397625
dim 35,35,0.10128591,AAC_P,0.2885326886973085,2.0105684292178051e-19,0.37098763544156144,6.033208092761432e-32,7.984897209973209e-19,1.0605744752538517e-30,-0.08245494674425291
dim 35,35,0.10128591,AAC_Q,-0.09968729941144648,0.0022505076761528057,-0.10697925359899142,0.001039070037662034,0.0033157016490297183,0.0023182992156253798,-0.007291954187544941
dim 35,35,0.10128591,AAC_R,0.42524172232252916,1.9406226811996503e-42,0.43822189108688725,3.005735368999974e-45,1.4934745979739244e-41,9.126505574963557e-44,-0.012980168764358091
dim 35,35,0.10128591,AAC_S,-0.32345846811202816,2.9171182787579586e-24,-0.3377692597915791,1.9469371331318327e-26,1.3476037415009104e-23,2.720824278100553e-25,-0.01431079167955096
dim 35,35,0.10128591,AAC_T,-0.29127244731674656,8.855163668262695e-20,-0.30446368351473074,1.5046201676227939e-21,3.5634032110840245e-19,1.61071517944235e-20,-0.01319123619798418
dim 35,35,0.10128591,AAC_V,0.08460474863938501,0.009570317558516204,0.08312647634079354,0.010910591195304253,0.01327897756024712,0.01977285653408367,0.0014782722985914737
dim 35,35,0.10128591,AAC_W,0.03806917346805212,0.2443505756298602,0.047967736650142465,0.14232195826075902,0.28036101772714983,0.19847822154110026,-0.009898563182090342
dim 35,35,0.10128591,AAC_Y,-0.3930155268612505,5.681154971890938e-36,-0.39968544682782126,2.976128845544425e-37,3.593760910249192e-35,6.855358858012675e-36,-0.0066699199665707365
dim 35,35,0.10128591,Hydrophobicity_C1,0.004507116116370521,0.8904131739344303,-0.03354973352779573,0.30494316998483073,0.9020260846044881,0.381036359053249,-0.029042617411425206
dim 35,35,0.10128591,Hydrophobicity_C2,-0.049219645117977,0.1321860309706556,-0.015546575177227743,0.6345865368479942,0.15790462927109788,0.6990498130185687,0.033673069940749256
dim 35,35,0.10128591,Hydrophobicity_C3,0.09507087325061364,0.0035811436821860574,0.07293396001387274,0.02557959730257885,0.005189162645770687,0.04231592619644049,0.0221369132367409
dim 35,35,0.10128591,Hydrophobicity_T12,0.17362167464673742,8.882695537528155e-08,0.16809813984349253,2.2722504532858378e-07,1.939098241525754e-07,8.814537182316723e-07,0.005523534803244884
dim 35,35,0.10128591,Hydrophobicity_T13,-0.041244146687866495,0.2071814823728693,-0.08863338820352344,0.0066309526149351174,0.2412782953714726,0.012691909303084982,-0.047389241515656946
dim 35,35,0.10128591,Hydrophobicity_T23,0.1801357480987933,2.8216912783041017e-08,0.19883854247588428,8.261432759251923e-10,6.393791634691791e-08,4.093944423724247e-09,-0.018702794377090992
dim 35,35,0.10128591,Hydrophobicity_group1_D0,-0.05085329562248616,0.11981009244781797,-0.0521670463919906,0.11053074036107458,0.14389273958134197,0.15769870687996115,-0.0013137507695044418
dim 35,35,0.10128591,Hydrophobicity_group1_D25,0.01778517088528578,0.5866283349455799,0.054348778436161066,0.09638269865775086,0.6253873727156837,0.1386383348479276,-0.03656360755087529
dim 35,35,0.10128591,Hydrophobicity_group1_D50,0.1683091863670338,2.1933698469889178e-07,0.1896160771472894,4.926574206512968e-09,4.6721015873360873e-07,2.2727566090819492e-08,-0.021306890780255605
dim 35,35,0.10128591,Hydrophobicity_group1_D75,0.09160442637046093,0.005012766943322536,0.11307118410710405,0.0005249983702096907,0.0071488648978212084,0.0012402354055805456,-0.021466757736643124
dim 35,35,0.10128591,Hydrophobicity_group1_D100,0.11858589470349776,0.0002747990535773165,0.1061667138496962,0.0011352189342712586,0.0004419012224112842,0.002509352243855727,0.012419180853801559
dim 35,35,0.10128591,Hydrophobicity_group2_D0,-0.12041889788254305,0.00022022555332109906,-0.1361684548006872,2.8881853078165065e-05,0.000357933502721397,8.521677498327854e-05,-0.015749556918144156
dim 35,35,0.10128591,Hydrophobicity_group2_D25,-0.03117012740928577,0.340544596568728,-0.0647200274398967,0.04764269119038344,0.3810448752226303,0.0743582189606919,-0.03354990003061093
dim 35,35,0.10128591,Hydrophobicity_group2_D50,-0.21424851530463362,3.4354126954341725e-11,-0.2329847329681529,5.128116576716866e-13,9.428330651396988e-11,3.2134914383178864e-12,-0.018736217663519267
dim 35,35,0.10128591,Hydrophobicity_group2_D75,-0.046738486681510885,0.15284395016602162,-0.06338501093005036,0.05242774463153681,0.18096376942733508,0.08103131285022347,-0.016646524248539477
dim 35,35,0.10128591,Hydrophobicity_group2_D100,0.15560350946639398,1.702093905761974e-06,0.16783315420245482,2.3751723731833908e-07,3.373883468988127e-06,9.203104090989009e-07,-0.012229644736060835
dim 35,35,0.10128591,Hydrophobicity_group3_D0,-0.00617055093824187,0.8503804367480863,0.015610730386377045,0.6331892481270407,0.8669934855734457,0.697740708922572,-0.009440179448135175
dim 35,35,0.10128591,Hydrophobicity_group3_D25,0.0879217543949168,0.007082311303276684,0.120847797848956,0.00020901390171577873,0.009985191959875106,0.000532826776450436,-0.0329260434540392
dim 35,35,0.10128591,Hydrophobicity_group3_D50,0.1208232088760961,0.00020964192817818795,0.13524311123764624,3.275378779752395e-05,0.0003410638285996823,9.546042865945025e-05,-0.014419902361550135
dim 35,35,0.10128591,Hydrophobicity_group3_D75,0.19369543749694793,2.260437430438089e-09,0.197335482813665,1.1118072869268334e-09,5.539149682805001e-09,5.4131725048624255e-09,-0.0036400453167170777
dim 35,35,0.10128591,Hydrophobicity_group3_D100,0.03773899218573924,0.2484686718178069,0.04089143101980139,0.2110959459067528,0.28489027252711124,0.27791888246319846,-0.003152438834062146
dim 35,35,0.10128591,NormVanDerWaalsVolume_C1,-0.025854370667443557,0.4292417906276815,0.012170438407430026,0.7098488091006565,0.4714460969077462,0.7636524761235354,0.013683932260013531
dim 35,35,0.10128591,NormVanDerWaalsVolume_C2,0.015901956519807445,0.6268628693134058,-0.020607632529377945,0.5286724160836944,0.6642518983206775,0.6016238056966062,-0.0047056760095704996
dim 35,35,0.10128591,NormVanDerWaalsVolume_C3,0.03006717569293374,0.35791293259655166,0.002071172790613432,0.9495156864801158,0.3994083511100844,0.9595710719647765,0.027996002902320308
dim 35,35,0.10128591,NormVanDerWaalsVolume_T12,0.19753903500967132,1.0681256550543227e-09,0.21725806462034777,1.793215747972898e-11,2.666322636682689e-09,1.0185953398349455e-10,-0.019719029610676453
dim 35,35,0.10128591,NormVanDerWaalsVolume_T13,0.05340041013010486,0.10234400842086107,0.051742269234402845,0.11346693658800025,0.1243919170763013,0.16161175616371892,0.001658140895702015
dim 35,35,0.10128591,NormVanDerWaalsVolume_T23,-0.00281920398876377,0.9313216637068414,-0.03719342552850319,0.255378839481836,0.9389116682103382,0.3271827095778029,-0.034374221539739416
dim 35,35,0.10128591,NormVanDerWaalsVolume_group1_D0,-0.05693469477871368,0.0815288099704238,-0.07126323983925378,0.02916403651398436,0.10074222171706086,0.04779582039092628,-0.014328545060540106
dim 35,35,0.10128591,NormVanDerWaalsVolume_group1_D25,-0.0615630545173386,0.059599526709987506,-0.09044823177464589,0.005594513090686385,0.07472313033459395,0.010851146180541537,-0.02888517725730729
dim 35,35,0.10128591,NormVanDerWaalsVolume_group1_D50,-0.30370003174256727,1.915995029252266e-21,-0.3159575553599694,3.6275356547948967e-23,8.131414736597927e-21,4.266186298244702e-22,-0.012257523617402122
dim 35,35,0.10128591,NormVanDerWaalsVolume_group1_D75,-0.1430235539067639,1.1088277996487097e-05,-0.16061328367614175,7.732490081715764e-07,2.020450000451004e-05,2.841200976119984e-06,-0.017589729769377838
dim 35,35,0.10128591,NormVanDerWaalsVolume_group1_D100,0.050881041548735746,0.11960800811852076,0.061419841786140864,0.060196143756503874,0.14380516454854547,0.0914718472005109,-0.010538800237405117
dim 35,35,0.10128591,NormVanDerWaalsVolume_group2_D0,0.06089089413280853,0.062442714677516116,0.06369605914899286,0.05127843851260588,0.07811186030820368,0.07954945872368957,-0.00280516501618433
dim 35,35,0.10128591,NormVanDerWaalsVolume_group2_D25,-0.001988458981168185,0.9515292851491005,0.021985351635840467,0.5014789552541541,0.9572940481064612,0.5759765166949362,-0.019996892654672284
dim 35,35,0.10128591,NormVanDerWaalsVolume_group2_D50,0.19329036286475829,2.444110013671999e-09,0.20068731212800103,5.71515625533154e-10,5.984844168375716e-09,2.8878399232688874e-09,-0.007396949263242747
dim 35,35,0.10128591,NormVanDerWaalsVolume_group2_D75,0.07639301861209764,0.019349831106933477,0.07806345897243959,0.016847626459463274,0.02595519513942081,0.029125813858492413,-0.001670440360341946
dim 35,35,0.10128591,NormVanDerWaalsVolume_group2_D100,0.003909025815739597,0.9048809890182382,-0.005068167488262471,0.8768742777474535,0.9155717974313589,0.9019895557981198,-0.001159141672522874
dim 35,35,0.10128591,NormVanDerWaalsVolume_group3_D0,-0.15364503175245792,2.301735982444517e-06,-0.1448091141063745,8.577743449461683e-06,4.506329531866757e-06,2.7442206054791206e-05,0.008835917646083408
dim 35,35,0.10128591,NormVanDerWaalsVolume_group3_D25,0.09193509426836759,0.004856743836704652,0.10369926348209325,0.001479792035417793,0.006938205481006646,0.0031969633882894103,-0.011764169213725667
dim 35,35,0.10128591,NormVanDerWaalsVolume_group3_D50,0.24905814042568306,1.0273376516901643e-14,0.25840266902843484,9.271700823569192e-16,3.407455567671449e-14,7.30365112045309e-15,-0.009344528602751784
dim 35,35,0.10128591,NormVanDerWaalsVolume_group3_D75,0.24122022910373045,7.165497829675095e-14,0.24997313336822127,8.152852020054156e-15,2.255679806891123e-13,5.85602704236148e-14,-0.008752904264490824
dim 35,35,0.10128591,NormVanDerWaalsVolume_group3_D100,0.06968117285790346,0.03294786889278037,0.06263789049318746,0.05527639772087848,0.04298667269604938,0.08507980110033832,0.0070432823647159915
dim 35,35,0.10128591,Polarity_C1,-0.05828736401803146,0.07453139171474528,-0.10260803784591391,0.0016609228369680112,0.09250644679570763,0.0035559092974581014,-0.04432067382788245
dim 35,35,0.10128591,Polarity_C2,-0.01715784125445106,0.599898229764335,0.02509423927087197,0.44293791355019324,0.6385150055490373,0.5185167670007202,-0.00793639801642091
dim 35,35,0.10128591,Polarity_C3,0.06886011748119918,0.03507184508533633,0.03924263524308974,0.23010293515818384,0.04557975197860831,0.2999780653506378,0.029617482238109435
dim 35,35,0.10128591,Polarity_T12,0.04374054375719296,0.18097110248406884,0.07226345946988788,0.026969631607165433,0.21245816600941647,0.04448893829701827,-0.02852291571269492
dim 35,35,0.10128591,Polarity_T13,-0.04803375619939664,0.14177297056555732,-0.10290279663024898,0.0016100875064519616,0.16857305862903577,0.003460689436583196,-0.05486904043085234
dim 35,35,0.10128591,Polarity_T23,0.30286910127419264,2.4903249166833963e-21,0.30784852079553454,5.109815152245305e-22,1.051540483150764e-20,5.614073226480039e-21,-0.004979419521341899
dim 35,35,0.10128591,Polarity_group1_D0,0.0798076212798456,0.014542135077101974,0.0980106461362478,0.002669993567372559,0.01979247398431972,0.005518427298901204,-0.018203024856402197
dim 35,35,0.10128591,Polarity_group1_D25,0.0968391489299974,0.0030041786795226705,0.12177810622303914,0.00018650863519529222,0.004383554735520192,0.00047955261089474674,-0.02493895729304174
dim 35,35,0.10128591,Polarity_group1_D50,0.16587105987642742,3.290129987890493e-07,0.17888235332553626,3.5299806557448975e-08,6.902659647961209e-07,1.4737669237734948e-07,-0.01301129344910884
dim 35,35,0.10128591,Polarity_group1_D75,0.28068686103975043,2.002988517061984e-18,0.2918260512453076,7.494850225440419e-20,7.716241807366812e-18,7.276976672375291e-19,-0.011139190205557148
dim 35,35,0.10128591,Polarity_group1_D100,-0.12789947245524586,8.638117148756472e-05,-0.12914750293418586,7.351882976118516e-05,0.00014564013769231005,0.00020276869645116305,-0.0012480304789400098
dim 35,35,0.10128591,Polarity_group2_D0,-0.09742358655827006,0.002832970279057942,-0.11325980169259676,0.0005137393591964221,0.0041445995322179265,0.0012186714912756037,-0.015836215134326703
dim 35,35,0.10128591,Polarity_group2_D25,-0.02237550721468486,0.49391465026553955,-0.05500789549231862,0.09240542303715539,0.5352611719295595,0.13354486545018474,-0.03263238827763376
dim 35,35,0.10128591,Polarity_group2_D50,-0.2659046072205905,1.251847842737097e-16,-0.2926696099176035,5.808768541491715e-20,4.510433435536034e-16,5.656351874222253e-19,-0.026765002697012985
dim 35,35,0.10128591,Polarity_group2_D75,-0.09175049003290647,0.004943298377368675,-0.11198387906940308,0.0005945057503127369,0.007055819051457852,0.0013908989894325726,-0.020233389036496602
dim 35,35,0.10128591,Polarity_group2_D100,0.11965589738720141,0.000241576108844336,0.12700740656191387,9.684556903522919e-05,0.00039111207151724784,0.00026255211085849474,-0.007351509174712459
dim 35,35,0.10128591,Polarity_group3_D0,-0.08415513423828903,0.009961549609249465,-0.0824872533772047,0.011539985277902723,0.013805633068420422,0.020733486190529907,0.0016678808610843393
dim 35,35,0.10128591,Polarity_group3_D25,-0.01058275650185371,0.7463017370280778,0.02756209604262219,0.39938382352417356,0.7717175856575169,0.4752861932304029,-0.01697933954076848
dim 35,35,0.10128591,Polarity_group3_D50,0.20221086742856664,4.2072378284803383e-10,0.23312311007782546,4.964344165849083e-13,1.0784477626342541e-09,3.1167123146496127e-12,-0.03091224264925882
dim 35,35,0.10128591,Polarity_group3_D75,0.10190818700489543,0.001787583015967328,0.12304158027654101,0.00015956763825239443,0.002664224575337294,0.00041475168230583454,-0.02113339327164558
dim 35,35,0.10128591,Polarity_group3_D100,0.1518788804624128,3.0121052943326924e-06,0.14153051413721118,1.3711131480573363e-05,5.8321343090267775e-06,4.2246475226120874e-05,0.010348366325201613
dim 35,35,0.10128591,Polarizability_C1,-0.0803541416767248,0.013879270423628968,-0.05570211307894689,0.0883597544444915,0.0189211278428248,0.12870544258377742,0.024652028597777917
dim 35,35,0.10128591,Polarizability_C2,0.10091915327459323,0.0019817281226939,0.08291190343883834,0.011118383311467035,0.0029339414582436286,0.020073189329891838,0.0180072498357549
dim 35,35,0.10128591,Polarizability_C3,0.03006717569293374,0.35791293259655166,0.002071172790613432,0.9495156864801158,0.3994083511100844,0.9595710719647765,0.027996002902320308
dim 35,35,0.10128591,Polarizability_T12,0.046276838950054355,0.15694463874644696,0.08928881449877663,0.006238268782244799,0.1854901250577257,0.012016042521740272,-0.04301197554872227
dim 35,35,0.10128591,Polarizability_T13,-0.04844009396336911,0.13842975156257162,-0.05214046441911889,0.11071270864232918,0.16483257405311558,0.15789088252151132,-0.0037003704557497796
dim 35,35,0.10128591,Polarizability_T23,0.05832488129292561,0.0743445243589467,0.033089940678073,0.3116226103427817,0.09230881463155464,0.3869217541059074,0.02523494061485261
dim 35,35,0.10128591,Polarizability_group1_D0,-0.04944725344944698,0.13040473424856808,-0.06137111419090473,0.06040026425706163,0.15583249101617797,0.09174028313714681,-0.011923860741457744
dim 35,35,0.10128591,Polarizability_group1_D25,-0.06296980078794749,0.05399536002624887,-0.0922564267980512,0.004709341737929157,0.06800320606624104,0.009285242859907547,-0.029286626010103706
dim 35,35,0.10128591,Polarizability_group1_D50,-0.2576566708174373,1.1274989138903457e-15,-0.28908716457831973,1.7043593781776728e-19,3.870345706468402e-15,1.631106109774621e-18,-0.031430493760882416
dim 35,35,0.10128591,Polarizability_group1_D75,-0.2026941332567819,3.815767577590917e-10,-0.2259684209652862,2.5875809238421377e-12,9.82626346118247e-10,1.562842727962521e-11,-0.023274287708504288
dim 35,35,0.10128591,Polarizability_group1_D100,0.031393706158707735,0.3370907041762574,0.035170223573001674,0.28216336647354673,0.3779398965923799,0.3564393509915454,-0.0037765174142939395
dim 35,35,0.10128591,Polarizability_group2_D0,0.03548705180555709,0.27784787393866045,0.031052597211358765,0.342369272908185,0.3166195492852698,0.41779808970162147,0.004434454594198327
dim 35,35,0.10128591,Polarizability_group2_D25,-0.01666290344696568,0.6104623633221556,0.0011896936465502948,0.9709885582414419,0.6481068955804196,0.9771322038344128,0.015473209800415385
dim 35,35,0.10128591,Polarizability_group2_D50,0.12101187984096812,0.00020486803760755076,0.14984158303247652,4.092515919324113e-06,0.0003334596713495222,1.3655347822719818e-05,-0.028829703191508405
dim 35,35,0.10128591,Polarizability_group2_D75,0.17686807654458098,5.042495120767046e-08,0.1870799722315067,7.928354127779878e-09,1.1220475485251122e-07,3.588171109320433e-08,-0.010211895686925737
dim 35,35,0.10128591,Polarizability_group2_D100,-0.03747575130820109,0.25178641547641945,-0.03309444951241842,0.3115566461403268,0.288397334599191,0.3869217541059074,0.004381301795782673
dim 35,35,0.10128591,Polarizability_group3_D0,-0.15364503175245792,2.301735982444517e-06,-0.1448091141063745,8.577743449461683e-06,4.506329531866757e-06,2.7442206054791206e-05,0.008835917646083408
dim 35,35,0.10128591,Polarizability_group3_D25,0.09193509426836759,0.004856743836704652,0.10369926348209325,0.001479792035417793,0.006938205481006646,0.0031969633882894103,-0.011764169213725667
dim 35,35,0.10128591,Polarizability_group3_D50,0.24905814042568306,1.0273376516901643e-14,0.25840266902843484,9.271700823569192e-16,3.407455567671449e-14,7.30365112045309e-15,-0.009344528602751784
dim 35,35,0.10128591,Polarizability_group3_D75,0.24122022910373045,7.165497829675095e-14,0.24997313336822127,8.152852020054156e-15,2.255679806891123e-13,5.85602704236148e-14,-0.008752904264490824
dim 35,35,0.10128591,Polarizability_group3_D100,0.06968117285790346,0.03294786889278037,0.06263789049318746,0.05527639772087848,0.04298667269604938,0.08507980110033832,0.0070432823647159915
dim 35,35,0.10128591,Charge_C1,0.18007982995340957,2.8501211708838668e-08,0.16821322832089172,2.2289019183648962e-07,6.453833702204824e-08,8.656433031789249e-07,0.011866601632517848
dim 35,35,0.10128591,Charge_C2,-0.24630237135245925,2.0495737781232852e-14,-0.24763949901621157,1.4675143960140036e-14,6.711349430325267e-14,1.0275677322194491e-13,-0.0013371276637523244
dim 35,35,0.10128591,Charge_C3,0.2340387020406124,4.0028194531994654e-13,0.23186088510947592,6.669698819509854e-13,1.2243055836708989e-12,4.148378781594583e-12,0.0021778169311364726
dim 35,35,0.10128591,Charge_T12,0.18560487025087102,1.0424796074188296e-08,0.17475354322088135,7.300120487381464e-08,2.4314817659070467e-08,2.948295335895295e-07,0.010851327029989671
dim 35,35,0.10128591,Charge_T13,0.10435046958638933,0.0013805457058072657,0.08479126606495267,0.00941207483379388,0.0020836071655654168,0.01732029198064549,0.019559203521436655
dim 35,35,0.10128591,Charge_T23,0.2432618679581926,4.3487281848792583e-14,0.2402843407661313,8.994979942264338e-14,1.3885996307358243e-13,6.069340001447048e-13,0.002977527192061291
dim 35,35,0.10128591,Charge_group1_D0,-0.05455740139063912,0.09510928822711037,-0.05169792401165244,0.11377696839160838,0.11623308550257909,0.16191064473342154,0.0028594773789866745
dim 35,35,0.10128591,Charge_group1_D25,0.03128424020339501,0.338778938906667,0.04268582557084242,0.19172828249239462,0.3794505888491843,0.2569712935491967,-0.011401585367447412
dim 35,35,0.10128591,Charge_group1_D50,0.20372332137472857,3.0967179033165935e-10,0.20708824493396344,1.5526857064927033e-10,8.017858757424359e-10,8.205649145072197e-10,-0.0033649235592348725
dim 35,35,0.10128591,Charge_group1_D75,0.13609080589516367,2.918927691070162e-05,0.14529955588102636,7.98946012366095e-06,5.115014946576255e-05,2.5757525881300746e-05,-0.009208749985862685
dim 35,35,0.10128591,Charge_group1_D100,0.020206803373322094,0.5367224331427854,0.015389588524838686,0.6380111565272146,0.5771580575328086,0.7014342537198475,0.004817214848483409
dim 35,35,0.10128591,Charge_group2_D0,0.0025358515419056627,0.9382098185586314,0.0016428792018600216,0.9599453323083225,0.9455705473704975,0.9692313814721273,0.0008929723400456411
dim 35,35,0.10128591,Charge_group2_D25,0.027996026779945664,0.3920005568125005,0.015528709694977563,0.6349758755870688,0.4341120224647718,0.6991670838101296,0.0124673170849681
dim 35,35,0.10128591,Charge_group2_D50,-0.17964935507847554,3.0784685858467266e-08,-0.18024559952092578,2.766638444871414e-08,6.956755802928327e-08,1.1771429816395571e-07,-0.0005962444424502389
dim 35,35,0.10128591,Charge_group2_D75,-0.11570643544035653,0.000386660056653054,-0.11843661899537718,0.00027976011548950467,0.0006123492599436702,0.0006957548665189468,-0.0027301835550206516
dim 35,35,0.10128591,Charge_group2_D100,-0.10606479352195257,0.00114784245462661,-0.0945512400267739,0.0037688771191534665,0.0017434260111199988,0.007610670845207121,0.011513553495178672
dim 35,35,0.10128591,Charge_group3_D0,-0.0688310598103027,0.035149104093191885,-0.07038953021558468,0.031204727560069586,0.045662391159572505,0.0506925048884399,-0.0015584704052819809
dim 35,35,0.10128591,Charge_group3_D25,0.011954656522111508,0.7147665179961047,0.028694376809173784,0.3802932326587165,0.7425568180737138,0.4560027253578672,-0.016739720287062276
dim 35,35,0.10128591,Charge_group3_D50,0.11910324781630069,0.00025823498286779776,0.12083650882135694,0.00020930201518053052,0.00041646781399248893,0.000532826776450436,-0.001733261005056247
dim 35,35,0.10128591,Charge_group3_D75,0.16847792466762335,2.132209288963202e-07,0.16720601285773584,2.6369859650371387e-07,4.553439274384332e-07,1.012360129106212e-06,0.0012719118098875049
dim 35,35,0.10128591,Charge_group3_D100,0.19669827625698644,1.2600905493703633e-09,0.18823205073370855,6.392421448884799e-09,3.1384805629358788e-09,2.920750703047227e-08,0.008466225523277887
dim 35,35,0.10128591,SecondaryStructure_C1,0.4955312972132286,3.24963803719777e-59,0.5427554810358571,6.745776429675604e-73,4.0650902787417796e-58,1.7331456365474245e-70,-0.04722418382262855
dim 35,35,0.10128591,SecondaryStructure_C2,-0.5318097526514286,1.5674984369826927e-69,-0.531513794566524,1.925389689367923e-69,2.7861706725916022e-68,2.572320624995545e-67,0.00029595808490456843
dim 35,35,0.10128591,SecondaryStructure_C3,-0.29299809835440166,5.2587711165902375e-20,-0.3091344983675454,3.3775276343249357e-22,2.1315892632780817e-19,3.760314099548428e-21,-0.01613640001314376
dim 35,35,0.10128591,SecondaryStructure_T12,0.11444637280929144,0.00044790726273072476,0.09636508699662633,0.003149917687664472,0.0007046680440511638,0.006452641507651618,0.018081285812665118
dim 35,35,0.10128591,SecondaryStructure_T13,0.35968530256390546,5.355884695230133e-30,0.3586080220373185,8.137409808504299e-30,2.885266916462684e-29,1.3388644709558798e-28,0.0010772805265869545
dim 35,35,0.10128591,SecondaryStructure_T23,-0.4378639294422493,3.6065530223209476e-45,-0.4675568117227757,4.5795734491135785e-52,2.9742931097659174e-44,2.0394367093385803e-50,-0.02969288228052641
dim 35,35,0.10128591,SecondaryStructure_group1_D0,-0.0351089525034347,0.28300314363228335,-0.03064225508854412,0.34878873268423966,0.32194499309667113,0.4242368416479827,0.004466697414890582
dim 35,35,0.10128591,SecondaryStructure_group1_D25,0.014014113194509816,0.6683404149683881,0.011238720060213472,0.7311667030898364,0.7010857368072916,0.7822219052914969,0.002775393134296344
dim 35,35,0.10128591,SecondaryStructure_group1_D50,0.24247959272963182,5.2686504685224827e-14,0.2356427966326385,2.7391056186986696e-13,1.6775302731043937e-13,1.7627384906461574e-12,0.006836796096993308
dim 35,35,0.10128591,SecondaryStructure_group1_D75,0.12125949536077053,0.00019875729103937476,0.11113944707801766,0.0006542865812647388,0.0003238289522300057,0.001523931088859294,0.01012004828275287
dim 35,35,0.10128591,SecondaryStructure_group1_D100,0.04867190329534563,0.13654985209983045,0.037112011634937284,0.2564213576171781,0.16286897964959302,0.32839238283795047,0.011559891660408349
dim 35,35,0.10128591,SecondaryStructure_group2_D0,0.11623380645369394,0.00036342448169298096,0.1232034961458741,0.00015639231789199367,0.0005771934231357852,0.0004083648850177425,-0.0069696896921801615
dim 35,35,0.10128591,SecondaryStructure_group2_D25,0.005035969527623703,0.8776503229685458,0.0004506964945992116,0.9890074054926838,0.8912593732790949,0.9904901752160612,0.004585273033024491
dim 35,35,0.10128591,SecondaryStructure_group2_D50,-0.08951656242894927,0.006106792584234461,-0.08736084603716956,0.007457275720447108,0.008661013686345264,0.014095812623821924,0.002155716391779708
dim 35,35,0.10128591,SecondaryStructure_group2_D75,0.05879399433793421,0.07204006213130176,0.07298748339888053,0.02547135238343056,0.08958071761673413,0.042157738830851374,-0.014193489060946321
dim 35,35,0.10128591,SecondaryStructure_group2_D100,-0.1904490527614779,4.2078020159942255e-09,-0.18575346334313952,1.014227125887402e-08,1.0103564869461331e-08,4.5287681824384e-08,0.004695589418338364
dim 35,35,0.10128591,SecondaryStructure_group3_D0,0.009976658352098076,0.7603737726696045,0.0015128568971964215,0.9631130240846709,0.7836002470584631,0.9706691310931806,0.008463801454901655
dim 35,35,0.10128591,SecondaryStructure_group3_D25,-0.06792559542261375,0.037630285339056956,-0.07040815677875559,0.031159977959056954,0.04854582967649681,0.05064444106240887,-0.0024825613561418325
dim 35,35,0.10128591,SecondaryStructure_group3_D50,-0.2150321987936188,2.9030640167933242e-11,-0.20781991731172342,1.3341729740631515e-10,7.993597540057464e-11,7.073234497414169e-10,0.007212281481895372
dim 35,35,0.10128591,SecondaryStructure_group3_D75,-0.12065478000422603,0.00021399157005587972,-0.11701697651510638,0.0003313130351173139,0.0003479707127490936,0.0008094992957511547,0.0036378034891196426
dim 35,35,0.10128591,SecondaryStructure_group3_D100,0.03222721730230992,0.3244134182524271,0.04145949699716864,0.20481751549569585,0.3650743992463297,0.27211237142228484,-0.009232279694858715
dim 35,35,0.10128591,SolventAccessibility_C1,0.29835681071324455,1.018970532304214e-20,0.2939610787541529,3.925695202237259e-20,4.2173005921884444e-20,3.8451090837162597e-19,0.004395731959091653
dim 35,35,0.10128591,SolventAccessibility_C2,0.004507116116370521,0.8904131739344303,-0.03354973352779573,0.30494316998483073,0.9020260846044881,0.381036359053249,-0.029042617411425206
dim 35,35,0.10128591,SolventAccessibility_C3,-0.25681348703187623,1.4054385004115115e-15,-0.2714853013593598,2.707055054682398e-17,4.809594868211525e-15,2.3333775885946537e-16,-0.014671814327483546
dim 35,35,0.10128591,SolventAccessibility_T12,0.11748625586458511,0.0003133627119894715,0.09796074089800795,0.002683507794457739,0.0005010203245786667,0.0055395031109325395,0.01952551496657716
dim 35,35,0.10128591,SolventAccessibility_T13,-0.10171889859338992,0.001823332029287665,-0.08161401856053287,0.01245170885302848,0.002713872093503031,0.02216882066583962,0.020104880032857056
dim 35,35,0.10128591,SolventAccessibility_T23,-0.0973884436059609,0.002843008377604734,-0.09680730355881495,0.0030137729264775397,0.0041574640898423,0.006190652874806263,0.0005811400471459477
dim 35,35,0.10128591,SolventAccessibility_group1_D0,0.06632357798472485,0.04238500119187143,0.06444777661978311,0.04858758098987818,0.05430222630642523,0.07569147411669455,0.0018758013649417399
dim 35,35,0.10128591,SolventAccessibility_group1_D25,0.1797683832829717,3.013615382842099e-08,0.16988061373141997,1.6836730141680161e-07,6.814810682933386e-08,6.608070349378583e-07,0.00988776955155174
dim 35,35,0.10128591,SolventAccessibility_group1_D50,0.03832850459319997,0.2411498589943372,0.02197452875264233,0.5016896579969419,0.2770693254355302,0.5760204392264647,0.016353975840557637
dim 35,35,0.10128591,SolventAccessibility_group1_D75,-0.15195427016744129,2.977903526930529e-06,-0.17310211213261772,9.715726522460283e-08,5.7726046314265615e-06,3.8871707275130454e-07,-0.02114784196517644
dim 35,35,0.10128591,SolventAccessibility_group1_D100,-0.03580779051866298,0.2735250439976771,-0.03420616933703452,0.2955726505905577,0.312119455740431,0.37071447727092105,0.0016016211816284598
dim 35,35,0.10128591,SolventAccessibility_group2_D0,-0.05085329562248616,0.11981009244781797,-0.0521670463919906,0.11053074036107458,0.14389273958134197,0.15769870687996115,-0.0013137507695044418
dim 35,35,0.10128591,SolventAccessibility_group2_D25,0.01778517088528578,0.5866283349455799,0.054348778436161066,0.09638269865775086,0.6253873727156837,0.1386383348479276,-0.03656360755087529
dim 35,35,0.10128591,SolventAccessibility_group2_D50,0.1683091863670338,2.1933698469889178e-07,0.1896160771472894,4.926574206512968e-09,4.6721015873360873e-07,2.2727566090819492e-08,-0.021306890780255605
dim 35,35,0.10128591,SolventAccessibility_group2_D75,0.09160442637046093,0.005012766943322536,0.11307118410710405,0.0005249983702096907,0.0071488648978212084,0.0012402354055805456,-0.021466757736643124
dim 35,35,0.10128591,SolventAccessibility_group2_D100,0.11858589470349776,0.0002747990535773165,0.1061667138496962,0.0011352189342712586,0.0004419012224112842,0.002509352243855727,0.012419180853801559
dim 35,35,0.10128591,SolventAccessibility_group3_D0,-0.05722467400753359,0.07998555359027312,-0.04481729255820289,0.17045750036870094,0.09898175212727389,0.23207987836009136,0.0124073814493307
dim 35,35,0.10128591,SolventAccessibility_group3_D25,-0.21087042237263837,7.046251209911292e-11,-0.21262525784876898,4.858963919583828e-11,1.8948855910711527e-10,2.651787498596403e-10,-0.0017548354761306173
dim 35,35,0.10128591,SolventAccessibility_group3_D50,-0.13490455798479292,3.428966818020195e-05,-0.12933618250713688,7.173936532530106e-05,5.980547870593969e-05,0.00019868116101700293,0.00556837547765604
dim 35,35,0.10128591,SolventAccessibility_group3_D75,0.17604784697023096,5.823788205807769e-08,0.17260049568282046,1.0591326379739142e-07,1.286471733293515e-07,4.221363974740899e-07,0.0034473512874104995
dim 35,35,0.10128591,SolventAccessibility_group3_D100,-0.03402035989428406,0.2982053031868516,-0.02080016380712446,0.5248276673123844,0.3384321143880681,0.5988809049618599,0.013220196087159596
dim 200,200,0.10070899,AAC_A,0.012498222589285818,0.702401637048415,-0.06960990675715303,0.033127763581846416,0.7315314835490196,0.05353010661024046,-0.057111684167867216
dim 200,200,0.10070899,AAC_C,0.10845206809961494,0.000883716446539287,0.07757541996466458,0.0175475726844971,0.0013583124396876292,0.0301021534495225,0.030876648134950363
dim 200,200,0.10070899,AAC_D,-0.06085001279608382,0.06261919277286133,0.05098816802638782,0.11883026528723359,0.07830329609185956,0.1682463272824757,0.009861844769695996
dim 200,200,0.10070899,AAC_E,-0.1471932370996544,6.059508569522855e-06,0.09180791075229389,0.004916227706582538,1.1402117533637372e-05,0.009670318339214178,0.055385326347360514
dim 200,200,0.10070899,AAC_F,-0.05685410447813536,0.08196196525973967,0.01925339483726853,0.5561141736479231,0.10116517515429804,0.6272952853711797,0.03760070964086683
dim 200,200,0.10070899,AAC_G,-0.033115731494689465,0.3112454150475689,-0.14278513508392426,1.1472307456173611e-05,0.35179684814175305,3.5877815452827586e-05,-0.1096694035892348
dim 200,200,0.10070899,AAC_H,-0.0328147399145891,0.31566619982574073,0.19027536636351103,4.34872204992832e-09,0.3557102251747551,2.0173238398278595e-08,-0.15746062644892192
dim 200,200,0.10070899,AAC_I,-0.14768819268306185,5.633847224812852e-06,-0.02850848447097543,0.38338843698690267,1.0643127675834235e-05,0.4591313659147561,0.11917970821208643
dim 200,200,0.10070899,AAC_K,-0.2251896151165074,3.0867335721422164e-12,-0.05835909420830824,0.07417444886273346,8.926138641519483e-12,0.11012729836069034,0.16683052090819916
dim 200,200,0.10070899,AAC_L,-0.026998531783635635,0.4090964917153976,0.14733886084531325,5.931182646939769e-06,0.4516966222576621,1.9345849649198073e-05,-0.12034032906167762
dim 200,200,0.10070899,AAC_M,-0.1392616613763135,1.8855051004328902e-05,-0.022831242609696253,0.4851566659967084,3.3622995384120944e-05,0.5605061447350419,0.11643041876661724
dim 200,200,0.10070899,AAC_N,-0.0957354576024171,0.0033534290303342544,-0.1074620158460639,0.000985566065190174,0.004871880365948851,0.002215202326874281,-0.011726558243646795
dim 200,200,0.10070899,AAC_P,0.12559792226128122,0.00011584722500591004,-0.11479145958445254,0.00043029124786124045,0.0001934648657598698,0.0010331939380708434,0.01080646267682868
dim 200,200,0.10070899,AAC_Q,0.17849095256340639,3.784465061426749e-08,0.2471922344609349,1.641373755230059e-14,8.511860811559153e-08,1.1421225713475829e-13,-0.06870128189752853
dim 200,200,0.10070899,AAC_R,0.013388984260584557,0.6823091166678563,-0.047327678912127025,0.14772917553168194,0.7143926174516113,0.20541858712565264,-0.033938694651542464
dim 200,200,0.10070899,AAC_S,0.31298593450776374,9.654750311570662e-23,0.1201959465134917,0.0002262739246380943,4.259823783440688e-22,0.0005712433169245919,0.19278998799427205
dim 200,200,0.10070899,AAC_T,0.22303168954271915,5.015137924575256e-12,-0.01223600208850809,0.7083569764708221,1.4243674037484147e-11,0.7624940448417452,0.21079568745421107
dim 200,200,0.10070899,AAC_V,-0.17383362984694775,8.563071310691173e-08,-0.1804732811184153,2.6558279231917444e-08,1.8742239959179893e-07,1.1343305963504381e-07,-0.006639651271467539
dim 200,200,0.10070899,AAC_W,0.06075917294525344,0.06301280807889827,-0.0010555073770069992,0.9742595707138881,0.07876601009862283,0.9795385208261248,0.05970366556824644
dim 200,200,0.10070899,AAC_Y,0.07230742094508344,0.026876539520692615,0.11547362320066804,0.00039735237512788667,0.03542527308568009,0.0009596217880890394,-0.043166202255584596
dim 200,200,0.10070899,Hydrophobicity_C1,-0.19789104896050885,9.964957226575526e-10,0.029463845386173842,0.3676449976454392,2.4912393066438815e-09,0.44490372903469816,0.16842720357433502
dim 200,200,0.10070899,Hydrophobicity_C2,0.22301562172892386,5.0332007109649685e-12,-0.023898252866926786,0.46498424993863047,1.4282829545134236e-11,0.5405664444117737,0.19911736886199707
dim 200,200,0.10070899,Hydrophobicity_C3,-0.19928353246115396,7.562714030276164e-10,0.008710234522391261,0.790028663687894,1.9035014966934733e-09,0.8316750491407444,0.1905732979387627
dim 200,200,0.10070899,Hydrophobicity_T12,0.008340155505058313,0.7987542954168864,0.059528166193876415,0.06855104357960602,0.8193609787138822,0.10285736098647086,-0.051188010688818106
dim 200,200,0.10070899,Hydrophobicity_T13,-0.2735292782533833,1.5311088765114767e-17,-0.06152963308520313,0.05973831878139227,5.733075838058668e-17,0.09094165211023253,0.21199964516818018
dim 200,200,0.10070899,Hydrophobicity_T23,0.0676843905255571,0.03831580808305856,-0.026953922576404075,0.4098712501629701,0.04932469186120631,0.4857729952234141,0.04073046794915302
dim 200,200,0.10070899,Hydrophobicity_group1_D0,0.026365571378900214,0.42017079466708684,0.038025444550112905,0.24489320720181385,0.46209102870861707,0.3158082285923005,-0.011659873171212691
dim 200,200,0.10070899,Hydrophobicity_group1_D25,0.28501878422144344,5.680313742416615e-19,0.10567978298286095,0.0011967065696208078,2.221574695511885e-18,0.002634805499362886,0.17933900123858248
dim 200,200,0.10070899,Hydrophobicity_group1_D50,0.14241840780562703,1.208784916746631e-05,0.045355660768153595,0.16537526986253748,2.18944773423739e-05,0.22665301655349823,0.09706274703747345
dim 200,200,0.10070899,Hydrophobicity_group1_D75,0.16723827942325845,2.622862015212981e-07,0.061014722273985314,0.06191067323357515,5.555078713260214e-07,0.09386366255113072,0.10622355714927313
dim 200,200,0.10070899,Hydrophobicity_group1_D100,-0.10744163131625704,0.0009877727598884565,-0.0030607300529274096,0.9254543187114717,0.0015112968474701991,0.939518974011038,0.10438090126332963
dim 200,200,0.10070899,Hydrophobicity_group2_D0,-0.04475675795349156,0.17103617951539374,0.045451503567010575,0.16448257153205512,0.20143188983829868,0.22561469770721318,-0.0006947456135190169
dim 200,200,0.10070899,Hydrophobicity_group2_D25,-0.21311008860077357,4.382274969081474e-11,-0.03824626844327411,0.24216162677229447,1.1958168624781144e-10,0.3128896841081097,0.17486382015749946
dim 200,200,0.10070899,Hydrophobicity_group2_D50,-0.1357282399393547,3.066629113257913e-05,-0.05363858093447934,0.10082003538727825,5.3653961436780676e-05,0.1443434345793634,0.08208965900487536
dim 200,200,0.10070899,Hydrophobicity_group2_D75,-0.09634983591407766,0.003154711333739539,0.0023962733481275667,0.9416046240334925,0.0045951748166986744,0.953595950355326,0.09395356256595008
dim 200,200,0.10070899,Hydrophobicity_group2_D100,0.05328520981627401,0.10308767352396812,-0.014026289186609031,0.6680694543182123,0.12515349804591677,0.7275356952796964,0.039258920629664976
dim 200,200,0.10070899,Hydrophobicity_group3_D0,0.17709830035397622,4.842096575386487e-08,0.04493117125811472,0.1693728508145728,1.079612988103529e-07,0.23118321279962123,0.1321671290958615
dim 200,200,0.10070899,Hydrophobicity_group3_D25,0.13946937808383938,1.831680557619995e-05,-0.024394600651862802,0.45576162569695405,3.268062533360461e-05,0.5309535506898593,0.11507477743197658
dim 200,200,0.10070899,Hydrophobicity_group3_D50,0.01462487976750591,0.6548024538670767,-0.07230796463063703,0.026875389957438465,0.6897004717489864,0.04437162751252816,-0.05768308486313112
dim 200,200,0.10070899,Hydrophobicity_group3_D75,-0.005967989051903268,0.8552369407407787,-0.028781527541513637,0.3788474209848234,0.8711471125569383,0.4554896998161663,-0.022813538489610367
dim 200,200,0.10070899,Hydrophobicity_group3_D100,-0.009032885725326638,0.7824426196814113,-0.0322690354659414,0.3237856568888481,0.8048532028752429,0.3990568612578423,-0.02323614974061476
dim 200,200,0.10070899,NormVanDerWaalsVolume_C1,0.19515891460624105,1.7021820075323948e-09,-0.05771541317016343,0.07742791961970266,4.198883238669275e-09,0.11437826250765454,0.13744350143607761
dim 200,200,0.10070899,NormVanDerWaalsVolume_C2,-0.17798109420369804,4.14272765562149e-08,0.05737861392724944,0.07917597332454578,9.286382798507232e-08,0.11654814936270731,0.1206024802764486
dim 200,200,0.10070899,NormVanDerWaalsVolume_C3,-0.15765191063201459,1.2364024094834179e-06,0.03608028145634649,0.2698887327149096,2.474286427606121e-06,0.34261815555598557,0.1215716291756681
dim 200,200,0.10070899,NormVanDerWaalsVolume_T12,0.1185181863913992,0.00027703899716369164,0.028314904523100756,0.3866279636940105,0.00044528885973374883,0.4621823188038636,0.09020328186829844
dim 200,200,0.10070899,NormVanDerWaalsVolume_T13,-0.021927654723372672,0.5026027538501698,-0.011178231753987673,0.7325580873797406,0.5434422783617894,0.783208710578852,0.010749422969385
dim 200,200,0.10070899,NormVanDerWaalsVolume_T23,-0.15190801462174866,2.9988437404715266e-06,0.059608717131031864,0.06817682773062048,5.809824880031844e-06,0.10234184477315612,0.0922992974907168
dim 200,200,0.10070899,NormVanDerWaalsVolume_group1_D0,-0.03494440511005855,0.28526678022975144,0.05641892306262489,0.08433327464947703,0.3244096172854511,0.12332449094976063,-0.021474517952566337
dim 200,200,0.10070899,NormVanDerWaalsVolume_group1_D25,-0.16041938368855624,7.975906205549542e-07,-0.009946880653238978,0.7610672218557922,1.6204091682807463e-06,0.8077421420395126,0.15047250303531726
dim 200,200,0.10070899,NormVanDerWaalsVolume_group1_D50,-0.08998772060047375,0.005842678258469041,-0.03585601283626253,0.2728791079149479,0.008311135171757494,0.3461512420949206,0.054131707764211216
dim 200,200,0.10070899,NormVanDerWaalsVolume_group1_D75,-0.11137142277172167,0.0006373308572855781,-0.023439942381503535,0.4735913157284112,0.0009937838764396971,0.5488532250287624,0.08793148039021814
dim 200,200,0.10070899,NormVanDerWaalsVolume_group1_D100,0.0668271097174725,0.0408386711955912,0.002652049490659632,0.9353845172112932,0.05242166095052829,0.9484469603781783,0.06417506022681287
dim 200,200,0.10070899,NormVanDerWaalsVolume_group2_D0,0.038146138330122384,0.24339756792698297,0.023072171911540165,0.48056081647935067,0.2794595657875982,0.556158394678112,0.015073966418582219
dim 200,200,0.10070899,NormVanDerWaalsVolume_group2_D25,0.17633857703764558,5.5343243154382855e-08,0.03155550329652138,0.33460530107985154,1.2241485571896604e-07,0.40982094081653986,0.1447830737411242
dim 200,200,0.10070899,NormVanDerWaalsVolume_group2_D50,0.005888086151351829,0.8571541628290209,-0.03844273949264751,0.2397493409805206,0.872833812149064,0.3103731778585034,-0.03255465334129568
dim 200,200,0.10070899,NormVanDerWaalsVolume_group2_D75,-0.01982186851287544,0.544510749636773,-0.03290351684975996,0.3143580372321379,0.5847800333719685,0.38887253494642243,-0.013081648336884518
dim 200,200,0.10070899,NormVanDerWaalsVolume_group2_D100,-0.09493565716305656,0.003629159286471337,-0.04008529739045125,0.22024232099326252,0.00525645794311113,0.2885874272724585,0.054850359772605314
dim 200,200,0.10070899,NormVanDerWaalsVolume_group3_D0,0.09302651064572952,0.004372406993089317,0.02003056841560195,0.540281210754702,0.006267742213269665,0.6133715988853518,0.07299594223012756
dim 200,200,0.10070899,NormVanDerWaalsVolume_group3_D25,0.018930889076629393,0.5627501295047069,-0.05509918354629237,0.09186509480122196,0.60185252403001,0.13303734000596065,-0.03616829446966298
dim 200,200,0.10070899,NormVanDerWaalsVolume_group3_D50,0.08028441163097677,0.013962335065398809,0.036227518657219036,0.26793773433587875,0.01901884140229691,0.3407890451949105,0.044056892973757734
dim 200,200,0.10070899,NormVanDerWaalsVolume_group3_D75,0.13017549549740282,6.43052485899977e-05,0.09457179378827339,0.0037612850101027963,0.00010986165232255361,0.00759993462416415,0.03560370170912942
dim 200,200,0.10070899,NormVanDerWaalsVolume_group3_D100,-0.024175567729365535,0.4598187473970998,0.029289280686875547,0.37049123910482773,0.5010749155974922,0.44721385565960414,-0.005113712957510012
dim 200,200,0.10070899,Polarity_C1,-0.16246044704200457,5.744945134966787e-07,0.0581053280129238,0.07544352964754565,1.1815342826840559e-06,0.11169387811294436,0.10435511902908078
dim 200,200,0.10070899,Polarity_C2,0.19236850353418475,2.917843818384231e-09,-0.07739239817792448,0.017816551390585834,7.098032304008253e-09,0.030500913195569808,0.11497610535626027
dim 200,200,0.10070899,Polarity_C3,-0.18463858976264114,1.2457335233359104e-08,0.07523547038712068,0.021268562295254933,2.893428350446412e-08,0.03575087975146023,0.10940311937552046
dim 200,200,0.10070899,Polarity_T12,0.13330875997635797,4.249501829296731e-05,-0.0268828994583906,0.41110655255989476,7.354060160544603e-05,0.48674083146049224,0.10642586051796736
dim 200,200,0.10070899,Polarity_T13,-0.24485970949491404,2.9324440525493404e-14,-0.0014341979928628604,0.9650296512306308,9.490661953018214e-14,0.9720141842914073,0.24342551150205116
dim 200,200,0.10070899,Polarity_T23,0.07892220246995942,0.01567527443448128,0.059676104287329154,0.06786505669259302,0.02125676679300344,0.10196549228666697,0.01924609818263026
dim 200,200,0.10070899,Polarity_group1_D0,0.14889928872813857,4.7094766387092916e-06,0.0543380674350218,0.0964484431734139,8.952562306937414e-06,0.13867318131691883,0.09456122129311677
dim 200,200,0.10070899,Polarity_group1_D25,0.1056031863495157,0.001206653892614656,-0.025638712631213367,0.4331023590571639,0.001829425329701748,0.5096278521422154,0.07996447371830233
dim 200,200,0.10070899,Polarity_group1_D50,0.025132946148718863,0.44223451692247184,-0.04894255538194988,0.13437991044938408,0.483807168857208,0.18842523127663427,-0.023809609233231017
dim 200,200,0.10070899,Polarity_group1_D75,0.09312416903330427,0.004331274937519782,0.04329666314353344,0.18544246552227067,0.006214114386304154,0.24964846225086015,0.04982750588977083
dim 200,200,0.10070899,Polarity_group1_D100,-0.0317704314832205,0.3313220242643067,-0.028185152752030016,0.3888086435935885,0.371846626694484,0.4646228513783849,0.003585278731190484
dim 200,200,0.10070899,Polarity_group2_D0,-0.06813051538349192,0.03705609999799375,0.022263399885983418,0.49608191760356984,0.047879061506111854,0.5708141215291606,0.04586711549750851
dim 200,200,0.10070899,Polarity_group2_D25,-0.23158733000422094,7.108877010411872e-13,-0.0608228973419077,0.06273647278432759,2.1487465352738148e-12,0.09477151474430309,0.17076443266231323
dim 200,200,0.10070899,Polarity_group2_D50,-0.20500542256898113,2.3837952189473147e-10,-0.10914059035058013,0.0008187274213648351,6.229949946231637e-10,0.0018691384739292884,0.095864832218401
dim 200,200,0.10070899,Polarity_group2_D75,-0.19541875005447668,1.6182100956647588e-09,-0.09931201765801459,0.0023387855015416436,3.99764920082862e-09,0.00487307771375489,0.09610673239646209
dim 200,200,0.10070899,Polarity_group2_D100,0.020342432947308815,0.5339916531455611,-0.02504789008273723,0.443781028782504,0.5747767068985414,0.5191693996965195,-0.004705457135428415
dim 200,200,0.10070899,Polarity_group3_D0,0.04506160756832562,0.16813685554269564,0.036184183232406214,0.26851095223718974,0.1984371369302486,0.3412582117474177,0.008877424335919405
dim 200,200,0.10070899,Polarity_group3_D25,0.3190956940915322,1.2747196181061092e-23,0.1214421406746461,0.00019435992779924546,5.800495264951504e-23,0.0004974422673176091,0.19765355341688612
dim 200,200,0.10070899,Polarity_group3_D50,0.200721709765815,5.67591852543982e-10,0.08208476450612523,0.011952597474469607,1.4394508637030371e-09,0.02142870400683225,0.11863694525968976
dim 200,200,0.10070899,Polarity_group3_D75,0.1669103658315209,2.769859521678226e-07,0.06408663913341346,0.049865163578291856,5.851569134981199e-07,0.07750099876756389,0.10282372669810745
dim 200,200,0.10070899,Polarity_group3_D100,-0.07870243595191004,0.015968265839880945,0.015192383684853896,0.64232407127806,0.021645295416072387,0.7050809414019898,0.06351005226705614
dim 200,200,0.10070899,Polarizability_C1,0.1783463501379435,3.882905756925406e-08,-0.04169652768625879,0.2022382638994401,8.727392481918477e-08,0.26932846946735645,0.13664982245168472
dim 200,200,0.10070899,Polarizability_C2,-0.13455030918964672,3.5969737996213633e-05,0.029129678557246658,0.3731054396429218,6.257235672257997e-05,0.4493949399233173,0.10542063063240006
dim 200,200,0.10070899,Polarizability_C3,-0.15765191063201459,1.2364024094834179e-06,0.03608028145634649,0.2698887327149096,2.474286427606121e-06,0.34261815555598557,0.1215716291756681
dim 200,200,0.10070899,Polarizability_T12,0.21281270750005452,4.6689412236338935e-11,0.0038885772063482703,0.9053762269104627,1.2719627803374555e-10,0.9250176515451247,0.20892413029370624
dim 200,200,0.10070899,Polarizability_T13,-0.04241614340942699,0.1945526973694139,-0.021235789776937762,0.5161815140221836,0.2274434753986148,0.5902246685498437,0.021180353632489227
dim 200,200,0.10070899,Polarizability_T23,-0.13796552868715067,2.2568906067536037e-05,0.0643095977148759,0.04907313233096806,4.0074506254955007e-05,0.07641224334985236,0.07365593097227477
dim 200,200,0.10070899,Polarizability_group1_D0,-0.017697843613509855,0.5884674098792178,0.06158946302579426,0.05949004680652854,0.6271477820665562,0.09060499604824684,-0.04389161941228441
dim 200,200,0.10070899,Polarizability_group1_D25,-0.1162169486400084,0.0003641466041916315,0.04391552590912348,0.17923058210615012,0.0005780654268061071,0.24226230037820373,0.07230142273088491
dim 200,200,0.10070899,Polarizability_group1_D50,-0.15471803557418126,1.951842002728907e-06,-0.03557765155337765,0.2766221152745253,3.843839793109994e-06,0.35010150246946364,0.11914038402080361
dim 200,200,0.10070899,Polarizability_group1_D75,-0.17421088494152015,8.02147541853047e-08,-0.07832365054259953,0.01648455469904919,1.7591416873205365e-07,0.02857208754272148,0.09588723439892062
dim 200,200,0.10070899,Polarizability_group1_D100,0.0019871255732640176,0.951561748417201,-0.02464808625799339,0.45109154612285957,0.9572940481064612,0.5266150870501052,-0.02266096068472937
dim 200,200,0.10070899,Polarizability_group2_D0,0.025635573315862144,0.4331587047174703,0.06223709394776552,0.05685691653868006,0.4749671942732603,0.08739738445631785,-0.036601520631903375
dim 200,200,0.10070899,Polarizability_group2_D25,0.1285019008481492,7.99280407246413e-05,0.012056076362883377,0.7124536537135417,0.00013523792098292905,0.7658819450927677,0.11644582448526582
dim 200,200,0.10070899,Polarizability_group2_D50,0.14305724516329996,1.1035008679764783e-05,0.006459704264286782,0.8434577190066479,2.011841102096855e-05,0.8746193050239689,0.1365975408990132
dim 200,200,0.10070899,Polarizability_group2_D75,0.06800007580485402,0.0374207231499293,0.01452824708260111,0.6569369813857405,0.048294132658718646,0.7182430918688449,0.053471828722252916
dim 200,200,0.10070899,Polarizability_group2_D100,0.0053325862272586835,0.8705057111276422,-0.027471660676967536,0.4009330208691462,0.884811039308072,0.4767234922402806,-0.02213907444970885
dim 200,200,0.10070899,Polarizability_group3_D0,0.09302651064572952,0.004372406993089317,0.02003056841560195,0.540281210754702,0.006267742213269665,0.6133715988853518,0.07299594223012756
dim 200,200,0.10070899,Polarizability_group3_D25,0.018930889076629393,0.5627501295047069,-0.05509918354629237,0.09186509480122196,0.60185252403001,0.13303734000596065,-0.03616829446966298
dim 200,200,0.10070899,Polarizability_group3_D50,0.08028441163097677,0.013962335065398809,0.036227518657219036,0.26793773433587875,0.01901884140229691,0.3407890451949105,0.044056892973757734
dim 200,200,0.10070899,Polarizability_group3_D75,0.13017549549740282,6.43052485899977e-05,0.09457179378827339,0.0037612850101027963,0.00010986165232255361,0.00759993462416415,0.03560370170912942
dim 200,200,0.10070899,Polarizability_group3_D100,-0.024175567729365535,0.4598187473970998,0.029289280686875547,0.37049123910482773,0.5010749155974922,0.44721385565960414,-0.005113712957510012
dim 200,200,0.10070899,Charge_C1,-0.24586159204505856,2.287179415885484e-14,-0.10599571243182963,0.0011564721329825958,7.445593809997579e-14,0.002551266132207312,0.13986587961322894
dim 200,200,0.10070899,Charge_C2,0.21868509946008477,1.3130969508022594e-11,0.000983313372709385,0.9760196014358575,3.673152274438481e-11,0.9804226973821847,0.2177017860873754
dim 200,200,0.10070899,Charge_C3,-0.13559210893858384,3.123895440148188e-05,0.09327655078981853,0.004267793599321268,5.462728151882171e-05,0.008474411506244341,0.04231555814876531
dim 200,200,0.10070899,Charge_T12,-0.22326417463925544,4.76077922885892e-12,-0.12002022142639047,0.00023115044045757144,1.3544295250757063e-11,0.000581357282476121,0.10324395321286496
dim 200,200,0.10070899,Charge_T13,-0.16993323661530294,1.6687574228990905e-07,0.017871774964422125,0.5848071209747276,3.582037141698562e-07,0.6535186236443971,0.1520614616508808
dim 200,200,0.10070899,Charge_T23,-0.14519505779996408,8.11148216819358e-06,0.06346465413255728,0.05213143844584506,1.4943381379904334e-05,0.08064798722052917,0.0817304036674068
dim 200,200,0.10070899,Charge_group1_D0,-0.010936745230652464,0.7381215983495382,-0.03440858768559008,0.2927224086561171,0.763968434610306,0.367553701094523,-0.02347184245493762
dim 200,200,0.10070899,Charge_group1_D25,0.054990292045898115,0.09250990920559041,-0.018157681897252385,0.5788134422866946,0.11347157427347483,0.6476505518383786,0.03683261014864573
dim 200,200,0.10070899,Charge_group1_D50,0.03224161423272169,0.32419720673028285,0.015614084206782003,0.6331162383992506,0.3649540513916902,0.697740708922572,0.01662753002593969
dim 200,200,0.10070899,Charge_group1_D75,0.09557414726538069,0.003407457109118557,0.04865672232987522,0.13667235984076145,0.004946069858520635,0.1912382412518405,0.04691742493550547
dim 200,200,0.10070899,Charge_group1_D100,-0.0783511147038989,0.016446634474363887,-0.05105902457703044,0.11831802233185519,0.022257600949908987,0.16759210966429022,0.027292090126868458
dim 200,200,0.10070899,Charge_group2_D0,0.04912878818740078,0.13290232420262907,0.06108369975031119,0.06161593176657394,0.1587035262198002,0.09354379587876548,-0.011954911562910411
dim 200,200,0.10070899,Charge_group2_D25,-0.16144143267628802,6.770935993336165e-07,-0.08660026462021059,0.007994092531273854,1.3823304534072612e-06,0.014991728834618008,0.07484116805607743
dim 200,200,0.10070899,Charge_group2_D50,-0.12699824690114392,9.695896897658751e-05,-0.13929011748995015,1.8780435034938127e-05,0.00016249019386944423,5.6612502722647425e-05,-0.012291870588806236
dim 200,200,0.10070899,Charge_group2_D75,-0.1136718853528073,0.0004899184103850506,-0.10850638890464408,0.0008784206424704031,0.0007685897091057157,0.001991802407230921,0.00516549644816322
dim 200,200,0.10070899,Charge_group2_D100,0.09359538468296112,0.004137686768732773,0.0018256936603307694,0.9554925613443054,0.005949149292969205,0.9653191636085844,0.09176969102263036
dim 200,200,0.10070899,Charge_group3_D0,0.09080760966754362,0.005407488385005391,0.11097304858582512,0.0006667060230429904,0.007705209558838739,0.0015496159477825942,-0.0201654389182815
dim 200,200,0.10070899,Charge_group3_D25,0.22385703894074258,4.167920185419795e-12,0.13598470617217337,2.961436557866893e-05,1.1918538886388796e-11,8.707040583869211e-05,0.0878723327685692
dim 200,200,0.10070899,Charge_group3_D50,0.1285123391138358,7.98203449647208e-05,0.13192198964629445,5.110462599596439e-05,0.0001351241521450418,0.00014576383503545778,-0.003409650532458647
dim 200,200,0.10070899,Charge_group3_D75,0.10218448648989732,0.0017365547875040966,0.1257457562718663,0.0001137006137387768,0.002591641193147311,0.0003042949117688418,-0.02356126978196897
dim 200,200,0.10070899,Charge_group3_D100,-0.01401793847510011,0.6682552837423829,0.07519310047216042,0.021341827199015728,0.7010857368072916,0.03585598734643488,-0.061175161997060315
dim 200,200,0.10070899,SecondaryStructure_C1,-0.1404478430445208,1.5972035279894734e-05,0.11198142641590747,0.0005946717835059023,2.863478144651015e-05,0.0013908989894325726,0.028466416628613322
dim 200,200,0.10070899,SecondaryStructure_C2,0.05094063405738787,0.11917487404985086,-0.049543608908231805,0.12965626787790457,0.1433360026382794,0.182260915282913,0.0013970251491560656
dim 200,200,0.10070899,SecondaryStructure_C3,0.15391148041401748,2.2096239785677547e-06,-0.11380748361906996,0.00048230763593361286,4.336159863934371e-06,0.001150648217155905,0.04010399679494751
dim 200,200,0.10070899,SecondaryStructure_T12,-0.12983947201405996,6.718963011161607e-05,0.05770302812042537,0.07749163981944972,0.00011467213314910458,0.11442178470245891,0.07213644389363459
dim 200,200,0.10070899,SecondaryStructure_T13,-0.1791866882791782,3.3436365349149015e-08,-0.045941229718868555,0.1599776506939856,7.540679288734484e-08,0.2206132755234979,0.13324545856030964
dim 200,200,0.10070899,SecondaryStructure_T23,0.10941366814560864,0.0007942005983284266,-0.13292777084853621,4.471246115400466e-05,0.0012292075988957114,0.0001287410519434272,-0.023514102702927572
dim 200,200,0.10070899,SecondaryStructure_group1_D0,0.08338264610726659,0.010667034634008556,0.05873683144033683,0.0723177042367971,0.01474054434323069,0.10783086256736713,0.024645814666929756
dim 200,200,0.10070899,SecondaryStructure_group1_D25,-0.044936418772940766,0.169322995152773,-0.029203873940505984,0.371888742047229,0.19969590530023368,0.44825276017240884,0.015732544832434782
dim 200,200,0.10070899,SecondaryStructure_group1_D50,-0.04698439669088554,0.15069308670733123,0.02373953135106107,0.4679551677916604,0.17867053944000222,0.543263906994837,0.02324486533982447
dim 200,200,0.10070899,SecondaryStructure_group1_D75,-0.14920932791446945,4.497269966823527e-06,-0.07590485270665545,0.020139775610904135,8.563786595889726e-06,0.03409369008637598,0.073304475207814
dim 200,200,0.10070899,SecondaryStructure_group1_D100,-0.11535744120917732,0.0004027908099123412,-0.03815321094425467,0.2433101231797872,0.0006360857234549502,0.31413058037127534,0.07720423026492265
dim 200,200,0.10070899,SecondaryStructure_group2_D0,0.0671191979804245,0.03996375006459487,0.029289410587634165,0.3704891160332842,0.05135780116034893,0.44721385565960414,0.03782978739279033
dim 200,200,0.10070899,SecondaryStructure_group2_D25,0.007022839386702756,0.8300105769844278,0.04162097202257652,0.20305784463471757,0.8475192073151908,0.27020446258165604,-0.03459813263587377
dim 200,200,0.10070899,SecondaryStructure_group2_D50,-0.024561366154644722,0.452686179271993,-0.04492202173615256,0.16945980500865826,0.4939470234460819,0.23120741369645365,-0.02036065558150784
dim 200,200,0.10070899,SecondaryStructure_group2_D75,0.13639189247034242,2.8014280856870844e-05,0.0593494500225273,0.06938732621759797,4.927208955342213e-05,0.10406541067210472,0.07704244244781512
dim 200,200,0.10070899,SecondaryStructure_group2_D100,0.028762071755445158,0.37916989505580817,-0.011043390363646221,0.735662935476303,0.42087984363123937,0.7860250174314946,0.017718681391798937
dim 200,200,0.10070899,SecondaryStructure_group3_D0,0.08134635586804051,0.012743642605179488,0.1538714183823392,2.2232441651661067e-06,0.017472810468513747,7.679043962414474e-06,-0.07252506251429869
dim 200,200,0.10070899,SecondaryStructure_group3_D25,-0.04030670233123923,0.21770245491574824,-0.027885560658226675,0.3938722338547213,0.25264982606622627,0.4698333075267033,0.012421141673012556
dim 200,200,0.10070899,SecondaryStructure_group3_D50,0.06586368563796029,0.0438402390747353,-0.0020773703530389694,0.9493648247956619,0.05601621978179644,0.9595710719647765,0.06378631528492132
dim 200,200,0.10070899,SecondaryStructure_group3_D75,0.0468903980365583,0.151512514614899,0.021751919645744345,0.5060338290365565,0.17951465016451318,0.5806090652635172,0.025138478390813953
dim 200,200,0.10070899,SecondaryStructure_group3_D100,-0.013201964428996255,0.6865096119989309,-0.07983754437649247,0.014505133400754178,0.7172167982722644,0.02540490065994701,-0.06663557994749622
dim 200,200,0.10070899,SolventAccessibility_C1,-0.16042707030239595,7.966117951358723e-07,-0.13101105570790467,5.7631789219561005e-05,1.6194055969286752e-06,0.0001623020033670605,0.02941601459449128
dim 200,200,0.10070899,SolventAccessibility_C2,-0.19789104896050885,9.964957226575526e-10,0.029463845386173842,0.3676449976454392,2.4912393066438815e-09,0.44490372903469816,0.16842720357433502
dim 200,200,0.10070899,SolventAccessibility_C3,0.3330211840833412,1.056834399828767e-25,0.10554014122520182,0.0012148984846220665,5.035416398613526e-25,0.0026660715759774653,0.22748104285813936
dim 200,200,0.10070899,SolventAccessibility_T12,-0.31401475321138245,6.888107923636246e-23,-0.0901429273211435,0.00575795332571947,3.0471894655556373e-22,0.011148732816175668,0.22387182589023896
dim 200,200,0.10070899,SolventAccessibility_T13,0.2166674401589912,2.0387841861599525e-11,0.034848754060468834,0.2865882300618966,5.651069860393561e-11,0.3612093163798999,0.18181868609852236
dim 200,200,0.10070899,SolventAccessibility_T23,0.09565804288495089,0.0033792597812326588,0.10025408791727795,0.002122947718237593,0.004907272899703078,0.004459525395543121,-0.004596045032327065
dim 200,200,0.10070899,SolventAccessibility_group1_D0,0.056854117625213946,0.08196189444537631,0.07812481212494216,0.016761388531904144,0.10116517515429804,0.02899173365953384,-0.02127069449972821
dim 200,200,0.10070899,SolventAccessibility_group1_D25,-0.06003245050289317,0.06623580557407126,0.0409182180641445,0.21079680067498774,0.08267099798856428,0.2778458225155719,0.01911423243874867
dim 200,200,0.10070899,SolventAccessibility_group1_D50,-0.10134378004631303,0.0018961220040277617,0.014395488920183646,0.659874047633208,0.0028184457024711725,0.7197842322321734,0.08694829112612938
dim 200,200,0.10070899,SolventAccessibility_group1_D75,-0.15229823507695422,2.8265229143318703e-06,-0.055087993420798204,0.09193119183645425,5.482338289122211e-06,0.13303734000596065,0.09721024165615602
dim 200,200,0.10070899,SolventAccessibility_group1_D100,-0.044376774011948776,0.1747022153656102,-0.06163132785425445,0.059316832130108646,0.2055320180771885,0.09038239932233708,-0.017254553842305675
dim 200,200,0.10070899,SolventAccessibility_group2_D0,0.026365571378900214,0.42017079466708684,0.038025444550112905,0.24489320720181385,0.46209102870861707,0.3158082285923005,-0.011659873171212691
dim 200,200,0.10070899,SolventAccessibility_group2_D25,0.28501878422144344,5.680313742416615e-19,0.10567978298286095,0.0011967065696208078,2.221574695511885e-18,0.002634805499362886,0.17933900123858248
dim 200,200,0.10070899,SolventAccessibility_group2_D50,0.14241840780562703,1.208784916746631e-05,0.045355660768153595,0.16537526986253748,2.18944773423739e-05,0.22665301655349823,0.09706274703747345
dim 200,200,0.10070899,SolventAccessibility_group2_D75,0.16723827942325845,2.622862015212981e-07,0.061014722273985314,0.06191067323357515,5.555078713260214e-07,0.09386366255113072,0.10622355714927313
dim 200,200,0.10070899,SolventAccessibility_group2_D100,-0.10744163131625704,0.0009877727598884565,-0.0030607300529274096,0.9254543187114717,0.0015112968474701991,0.939518974011038,0.10438090126332963
dim 200,200,0.10070899,SolventAccessibility_group3_D0,0.1033556416525184,0.001534767944689438,0.015952882185107466,0.6257593899827882,0.002306986919560181,0.6905081323932349,0.08740275946741094
dim 200,200,0.10070899,SolventAccessibility_group3_D25,-0.11681064115025414,0.00033950573154069747,-0.12028698434142847,0.00022378562447934912,0.0005417817216177399,0.0005653887940703676,-0.003476343191174333
dim 200,200,0.10070899,SolventAccessibility_group3_D50,-0.04076152885106761,0.21255098040610987,-0.09333514670048756,0.004243607989488605,0.24701470930981453,0.008431677980304544,-0.052573617849419954
dim 200,200,0.10070899,SolventAccessibility_group3_D75,-0.03545985482137739,0.2782165518091726,-0.008707574164290563,0.7900912966837071,0.3169315426475568,0.8316750491407444,0.026752280657086826
dim 200,200,0.10070899,SolventAccessibility_group3_D100,0.1093763055208127,0.0007975156850798679,0.020818541904968794,0.5244614150676823,0.0012337667383820095,0.5986675072884685,0.08855776361584392
dim 588,588,0.09974076,AAC_A,-0.15433197648191307,2.071407944159284e-06,-0.03992792509605301,0.22206048848879167,4.074500903116613e-06,0.2906277553105659,0.11440405138586007
dim 588,588,0.09974076,AAC_C,0.037875867568282304,0.2467556868487311,0.1576677250448474,1.233335311004851e-06,0.28302334961358583,4.424640106075406e-06,-0.11979185747656511
dim 588,588,0.09974076,AAC_D,0.17427975689863565,7.926243124167702e-08,-0.011493131938479817,0.7253242941320528,1.7393989510328595e-07,0.7767641328126978,0.16278662496015583
dim 588,588,0.09974076,AAC_E,0.5488921315430041,7.70636368025393e-75,0.2991721215366854,7.914024052780848e-21,1.6188210498143474e-73,8.183541899779577e-20,0.24972001000631872
dim 588,588,0.09974076,AAC_F,0.19090728337175097,3.856978681737383e-09,0.0965634544457335,0.003088168794939083,9.287893869504587e-09,0.006331788689439249,0.09434382892601748
dim 588,588,0.09974076,AAC_G,-0.23940063575563286,1.1139462075546102e-13,-0.12241754692036333,0.00017238097923637645,3.477177881525605e-13,0.0004449400855096579,0.11698308883526953
dim 588,588,0.09974076,AAC_H,0.3931590433571245,5.3356291838753084e-36,0.11672131386261085,0.0003431109032456033,3.388023093943637e-35,0.0008358792245370642,0.2764377294945136
dim 588,588,0.09974076,AAC_I,0.3075348406196526,5.651048733880769e-22,0.14934806729009886,4.405300361718295e-06,2.441720927705274e-21,1.4640500704616024e-05,0.15818677332955372
dim 588,588,0.09974076,AAC_K,0.33723616284931757,2.3576398006562445e-26,0.052384876279748346,0.10904844563629564,1.141234338288675e-25,0.15585223687278668,0.2848512865695692
dim 588,588,0.09974076,AAC_L,0.4243930072822755,2.9339014965929286e-42,0.2616026504898141,3.9776632500804567e-16,2.2475300455551332e-41,3.1936046286703667e-15,0.1627903567924614
dim 588,588,0.09974076,AAC_M,0.2950012395045347,2.8590843345197665e-20,0.13901355130925352,1.9517683780437057e-05,1.171698365312395e-19,5.8728886330324114e-05,0.1559876881952812
dim 588,588,0.09974076,AAC_N,-0.10839505592672796,0.0008893064063651029,-0.15954379676062808,9.169905987874112e-07,0.0013662757117108757,3.3326970619694814e-06,-0.051148740833900114
dim 588,588,0.09974076,AAC_P,-0.4316011248220091,8.443236747802663e-44,-0.10455222039729926,0.0013510648405846099,6.6825617861755664e-43,0.0029455330075408596,0.3270489044247098
dim 588,588,0.09974076,AAC_Q,0.02564418355968535,0.43300417481091735,-0.07376687461564953,0.023939392455716215,0.4749536761472788,0.03981950737155984,-0.04812269105596417
dim 588,588,0.09974076,AAC_R,0.03579638439343388,0.2736779810945646,0.19931004394656454,7.522954268093789e-10,0.31218731449994735,3.755854597224702e-09,-0.16351365955313066
dim 588,588,0.09974076,AAC_S,-0.46815052253115463,3.2800404177449464e-52,-0.15604778143806194,1.5886386380426448e-06,3.175459418918296e-51,5.638738630247007e-06,0.31210274109309266
dim 588,588,0.09974076,AAC_T,-0.5967686194692693,1.7867093842795003e-91,-0.3491331212058936,3.008577491095129e-28,6.781374253969922e-90,4.6094719358980414e-27,0.24763549826337566
dim 588,588,0.09974076,AAC_V,-0.0014458747728329328,0.9647451181865617,-0.03101257814557338,0.3429919976068264,0.9685147865173178,0.41840513952037994,-0.029566703372740446
dim 588,588,0.09974076,AAC_W,-0.18547694623368924,1.0674126955942064e-08,-0.1199025494459177,0.00023447079626720774,2.4861634611468962e-08,0.0005883790079132035,0.06557439678777154
dim 588,588,0.09974076,AAC_Y,0.009957518161888477,0.7608194784737428,-0.06674768247355044,0.041079371478966266,0.7838177230420422,0.06514962048421051,-0.056790164311661964
dim 588,588,0.09974076,Hydrophobicity_C1,0.46641148920788333,8.702301014031744e-52,0.149964909138224,4.017737637887472e-06,8.280822047540178e-51,1.3419243710544157e-05,0.3164465800696593
dim 588,588,0.09974076,Hydrophobicity_C2,-0.5669781108237314,8.3589882573650385e-81,-0.2741067142464043,1.3022873532432215e-17,2.2515339338386473e-79,1.147662205760517e-16,0.2928713965773271
dim 588,588,0.09974076,Hydrophobicity_C3,0.5545030884807224,1.1897083090825735e-76,0.3397668825084094,9.471401178975767e-27,2.6848822650917537e-75,1.3461480824586834e-25,0.21473620597231297
dim 588,588,0.09974076,Hydrophobicity_T12,0.03334964213814233,0.3078381639716144,-0.0667626747894342,0.041033846362146686,0.34818133005932683,0.06510833579552015,-0.03341303265129188
dim 588,588,0.09974076,Hydrophobicity_T13,0.5575050641142508,1.2361070314459257e-77,0.29489217630432946,2.955906309907181e-20,2.9280833227158806e-76,2.91230887170796e-19,0.26261288780992137
dim 588,588,0.09974076,Hydrophobicity_T23,-0.10133468782541082,0.0018979189292361004,0.08630553368243096,0.00821123057194126,0.0028198617542920705,0.015330078317654448,0.015029154142979853
dim 588,588,0.09974076,Hydrophobicity_group1_D0,0.018017989507011247,0.5817383175476937,0.006562871644649301,0.8409906445509774,0.6209670759377746,0.8726029054986842,0.011455117862361947
dim 588,588,0.09974076,Hydrophobicity_group1_D25,-0.42225097939435563,8.283507318200971e-42,-0.12954036210591272,6.985957808301383e-05,6.23621175320884e-41,0.00019363567701017942,0.29271061728844294
dim 588,588,0.09974076,Hydrophobicity_group1_D50,-0.12823623477436977,8.271563221668586e-05,0.07524834927084488,0.021246335868431075,0.00013974214041665694,0.03574624656605199,0.05298788550352489
dim 588,588,0.09974076,Hydrophobicity_group1_D75,-0.1510878367963938,3.3944163362537787e-06,0.07102459013767877,0.02970972834184943,6.53826445391443e-06,0.04857097046587229,0.08006324665871502
dim 588,588,0.09974076,Hydrophobicity_group1_D100,0.24886795362751618,1.0777842706899516e-14,0.10559021489329735,0.0012083459791517774,3.5676902518378974e-14,0.0026569292760809326,0.14327773873421884
dim 588,588,0.09974076,Hydrophobicity_group2_D0,0.21260647597180682,4.878414829645484e-11,0.10127027571963694,0.0019106936856076889,1.327946661044492e-10,0.004044180551286236,0.11133620025216988
dim 588,588,0.09974076,Hydrophobicity_group2_D25,0.36299599907825525,1.4661907939981902e-30,0.08204911820523537,0.011989762297834178,8.027995495006484e-30,0.02148380154225652,0.2809468808730199
dim 588,588,0.09974076,Hydrophobicity_group2_D50,0.11042593054495452,0.0007091006073120151,-0.064181734482144,0.04952605051548585,0.0011010674237201907,0.07704564914845027,0.04624419606281052
dim 588,588,0.09974076,Hydrophobicity_group2_D75,0.12718172728667476,9.47111010267077e-05,-0.0654428378227557,0.04520861801144695,0.00015904227120623615,0.07102388718637478,0.06173888946391906
dim 588,588,0.09974076,Hydrophobicity_group2_D100,-0.12544626253449948,0.00011808900276894576,-0.018314182354348507,0.5755448561586316,0.00019681500461490962,0.6446411199093995,0.10713208018015097
dim 588,588,0.09974076,Hydrophobicity_group3_D0,-0.30381413913362704,1.8481174969018567e-21,-0.10248655856254818,0.0016822994452785718,7.85332371457023e-21,0.0035972344092384317,0.20132758057107886
dim 588,588,0.09974076,Hydrophobicity_group3_D25,-0.2694648609099912,4.73232013262302e-17,0.009877487894407993,0.7626839510255422,1.7350108938486156e-16,0.8089015606794911,0.2595873730155832
dim 588,588,0.09974076,Hydrophobicity_group3_D50,-0.07955610078062944,0.014856453673855683,0.08560971443509936,0.008744904649328478,0.020203809149298854,0.016226656404865064,-0.006053613654469922
dim 588,588,0.09974076,Hydrophobicity_group3_D75,0.03899934601223324,0.2330072819629497,0.11017366373036977,0.0007294787197443648,0.2687239669612525,0.001682637378415869,-0.07117431771813654
dim 588,588,0.09974076,Hydrophobicity_group3_D100,-0.07080191558525491,0.030226773998540717,-0.05445893881012463,0.09570860575194577,0.03963777980177699,0.1378468060420435,0.016342976775130275
dim 588,588,0.09974076,NormVanDerWaalsVolume_C1,-0.5443737930638606,2.092910113450212e-73,-0.2395494274945178,1.0746190004744843e-13,4.262390109099822e-72,7.192840604378311e-13,0.3048243655693428
dim 588,588,0.09974076,NormVanDerWaalsVolume_C2,0.5046836644724484,1.0600500391315206e-61,0.21239756993485528,5.099955776545883e-11,1.4630442688839995e-60,2.778768726535604e-10,0.29228609453759313
dim 588,588,0.09974076,NormVanDerWaalsVolume_C3,0.4299142344549066,1.9519910741466018e-43,0.17905134168011672,3.425301997105642e-08,1.5340353382705058e-42,1.4354465081973456e-07,0.2508628927747899
dim 588,588,0.09974076,NormVanDerWaalsVolume_T12,-0.16466149202741887,4.014510656968312e-07,-0.005165806482586388,0.8745216778669748,8.354184170887329e-07,0.9004014809111269,0.15949568554483248
dim 588,588,0.09974076,NormVanDerWaalsVolume_T13,0.05151762810547185,0.11504433907819951,0.046640993776000804,0.15370310253052508,0.1388179525004286,0.21292756634257723,0.004876634329471045
dim 588,588,0.09974076,NormVanDerWaalsVolume_T23,0.44301905114453255,2.5595728022149612e-46,0.1674306493685942,2.5401583770060534e-07,2.1479832058788872e-45,9.808241594451119e-07,0.27558840177593835
dim 588,588,0.09974076,NormVanDerWaalsVolume_group1_D0,0.18225469476327402,1.92539516980056e-08,0.05514685090105723,0.09158396362821618,4.419807468820529e-08,0.13276494727354254,0.1271078438622168
dim 588,588,0.09974076,NormVanDerWaalsVolume_group1_D25,0.28939804823443943,1.553310396705528e-19,0.04388898190641184,0.17949380863546785,6.183619457683509e-19,0.2425199517971127,0.2455090663280276
dim 588,588,0.09974076,NormVanDerWaalsVolume_group1_D50,0.0415286205670468,0.20406289228698854,-0.0882816110007278,0.006850737908506408,0.23781230294436206,0.013056762263598256,-0.046752990433681
dim 588,588,0.09974076,NormVanDerWaalsVolume_group1_D75,0.08185085594400827,0.012198342813155471,-0.11421909585060788,0.000459873908751563,0.01676644650038653,0.0010994837904296495,-0.03236823990659961
dim 588,588,0.09974076,NormVanDerWaalsVolume_group1_D100,-0.18550600395367284,1.0616988941380782e-08,-0.11284385379109257,0.0005388732597063472,2.474580813971515e-08,0.0012680708450305137,0.07266215016258026
dim 588,588,0.09974076,NormVanDerWaalsVolume_group2_D0,-0.04458182619490164,0.17271668995369743,-0.022008887548494165,0.5010209134463487,0.203267704173837,0.5756483835262486,0.022572938646407477
dim 588,588,0.09974076,NormVanDerWaalsVolume_group2_D25,-0.3180417690595297,1.8136646498158975e-23,-0.09612948471460173,0.003224715947884475,8.219321479491313e-23,0.006575428123280919,0.22191228434492796
dim 588,588,0.09974076,NormVanDerWaalsVolume_group2_D50,-0.05126184498266354,0.1168613286717634,0.027658642157777663,0.3977339210251931,0.14070542096744404,0.47359404499969515,0.02360320282488588
dim 588,588,0.09974076,NormVanDerWaalsVolume_group2_D75,0.001946472317696932,0.9525515344827193,0.028354193803967635,0.38596911899301695,0.9579202924777299,0.46165260515325834,-0.026407721486270703
dim 588,588,0.09974076,NormVanDerWaalsVolume_group2_D100,0.12364818408033781,0.00014797431403118356,0.03291158566073178,0.3142393168670187,0.00024394580891616636,0.3888696992722648,0.09073659841960603
dim 588,588,0.09974076,NormVanDerWaalsVolume_group3_D0,-0.1665731021481729,2.929322705506547e-07,-0.056194222750299325,0.08557919626371194,6.168939367207987e-07,0.1250369709189842,0.11037887939787357
dim 588,588,0.09974076,NormVanDerWaalsVolume_group3_D25,-0.07717182147429567,0.018145510199244225,0.06075609657604251,0.06302617386375232,0.02439855236130262,0.0951231001829791,0.016415724898253166
dim 588,588,0.09974076,NormVanDerWaalsVolume_group3_D50,-0.00476763250433401,0.8841223620735753,0.11715058682815417,0.0003261068654000466,0.8961968708120611,0.0008002916461691078,-0.11238295432382016
dim 588,588,0.09974076,NormVanDerWaalsVolume_group3_D75,0.0031576180228561315,0.9231017575433738,0.12266996428939492,0.00016708588105813027,0.9317497341175184,0.0004336183704228089,-0.11951234626653878
dim 588,588,0.09974076,NormVanDerWaalsVolume_group3_D100,0.1416224162106726,1.353393824444458e-05,0.08266925052661236,0.01135759023759666,2.442104469824143e-05,0.02043876691464054,0.05895316568406023
dim 588,588,0.09974076,Polarity_C1,0.5320181956439574,1.3559758041779913e-69,0.2959211729413679,2.157640282472889e-20,2.448086046461887e-68,2.1837934980180147e-19,0.23609702270258948
dim 588,588,0.09974076,Polarity_C2,-0.5686284741759271,2.2873535938416045e-81,-0.2548736854747278,2.3261848512978298e-15,6.419967229773915e-80,1.7577957926096722e-14,0.3137547887011993
dim 588,588,0.09974076,Polarity_C3,0.5084920968971047,9.29387743210213e-63,0.16833328379927653,2.184533081795349e-07,1.3265619924453465e-61,8.493993589285756e-07,0.3401588130978282
dim 588,588,0.09974076,Polarity_T12,-0.260835079143967,4.878059148156579e-16,0.012662787219456097,0.6986734451997538,1.7103726553877584e-15,0.7549561006040691,0.24817229192451087
dim 588,588,0.09974076,Polarity_T13,0.568041450938959,3.629856838997199e-81,0.26851664598462865,6.140626996442654e-17,9.937476919877577e-80,5.166169815646968e-16,0.2995248049543303
dim 588,588,0.09974076,Polarity_T23,-0.10547704466436841,0.0012232017884129382,-0.09319013899647977,0.004303688056863227,0.001853672401678409,0.0085307525874915,0.012286905667888648
dim 588,588,0.09974076,Polarity_group1_D0,-0.223973443368452,4.060315055224217e-12,-0.07627483225606148,0.01953855693886018,1.1620781734746258e-11,0.03315994927631758,0.14769861111239052
dim 588,588,0.09974076,Polarity_group1_D25,-0.22976661208451943,1.0845127449883683e-12,-0.015229962675832308,0.6415012751336745,3.237062170027837e-12,0.7049560689831642,0.2145366494086871
dim 588,588,0.09974076,Polarity_group1_D50,-0.08781638325137049,0.007151434835172324,0.04645846466069392,0.1553214818738963,0.010074142703279443,0.2147242340475222,0.04135791859067657
dim 588,588,0.09974076,Polarity_group1_D75,-0.057370079420736055,0.07922068197479669,0.0549813696433536,0.09256290474756503,0.09807156330460376,0.1336619549748669,0.002388709777382453
dim 588,588,0.09974076,Polarity_group1_D100,-0.013666775053740069,0.6760880206888417,-0.0369319816026855,0.2587371377620338,0.7087677304145421,0.3310012912863529,-0.023265206548945434
dim 588,588,0.09974076,Polarity_group2_D0,0.20750654278798158,1.4238181770587878e-10,0.08608771318014267,0.008375076753714636,3.750435892252643e-10,0.015583708277106898,0.12141882960783891
dim 588,588,0.09974076,Polarity_group2_D25,0.3685304044191124,1.6246786074970656e-31,0.09117458670731048,0.005222343039750238,9.166261062567905e-31,0.01021829276670521,0.2773558177118019
dim 588,588,0.09974076,Polarity_group2_D50,0.15981021744428586,8.789512774786456e-07,-0.045672279295557096,0.1624400173368658,1.7802894280040485e-06,0.22339571710151374,0.11413793814872877
dim 588,588,0.09974076,Polarity_group2_D75,0.13801525789824964,2.2414418196591857e-05,-0.07654478576940679,0.019109815541172075,3.982135998756213e-05,0.032514917935565324,0.06147047212884285
dim 588,588,0.09974076,Polarity_group2_D100,-0.11207571054876149,0.0005883201028979617,-0.057693541905205536,0.07754047456049028,0.0009199387376775243,0.11444329873267235,0.05438216864355595
dim 588,588,0.09974076,Polarity_group3_D0,-0.01475838680170092,0.6518580371729037,0.010043936281227668,0.7588077440650037,0.68681572370899,0.8058562369402583,0.0047144505204732515
dim 588,588,0.09974076,Polarity_group3_D25,-0.4705162084929337,8.619668480982614e-53,-0.14337363739316286,1.0546521209786988e-05,8.568360930500576e-52,3.323149135914013e-05,0.32714257109977085
dim 588,588,0.09974076,Polarity_group3_D50,-0.16496851932391826,3.8172958612088626e-07,0.09327076129557924,0.0042701899895237205,7.953691937889956e-07,0.008474411506244341,0.07169775802833903
dim 588,588,0.09974076,Polarity_group3_D75,-0.11186606700196826,0.0006025299332207225,0.1234182029221134,0.00015227322391957317,0.0009412768835160023,0.00039983692444290437,-0.011552135920145146
dim 588,588,0.09974076,Polarity_group3_D100,0.24804865911064458,1.3243881220216887e-14,0.13712348227426183,2.5343486208768214e-05,4.362382966028048e-14,7.510846844479667e-05,0.11092517683638276
dim 588,588,0.09974076,Polarizability_C1,-0.5118270309642539,1.0751059870483199e-63,-0.2541831240159727,2.780376891910341e-15,1.6030598199738342e-62,2.0728702720938704e-14,0.25764390694828115
dim 588,588,0.09974076,Polarizability_C2,0.40829588599158484,5.976608960849263e-39,0.21658150872932974,2.077148039232293e-11,4.1674058307383175e-38,1.1679586617905485e-10,0.1917143772622551
dim 588,588,0.09974076,Polarizability_C3,0.4299142344549066,1.9519910741466018e-43,0.17905134168011672,3.425301997105642e-08,1.5340353382705058e-42,1.4354465081973456e-07,0.2508628927747899
dim 588,588,0.09974076,Polarizability_T12,-0.46373268257554695,3.8692244835364294e-51,-0.17534558533439926,6.584699782138798e-08,3.619946715689545e-50,2.688618248452761e-07,0.2883870972411477
dim 588,588,0.09974076,Polarizability_T13,0.053383413178087896,0.10245346190818032,0.019875436315842817,0.543423572420752,0.12447965179095025,0.6158923420038384,0.033507976862245076
dim 588,588,0.09974076,Polarizability_T23,0.436229316942052,8.265837005750318e-45,0.18145938671870782,2.2235720122439805e-08,6.684720484069264e-44,9.607672083951999e-08,0.2547699302233442
dim 588,588,0.09974076,Polarizability_group1_D0,0.15922411243980936,9.64725562394205e-07,0.05227494933889212,0.10979450567929126,1.949294239804383e-06,0.15684929382755897,0.10694916310091723
dim 588,588,0.09974076,Polarizability_group1_D25,0.28697393777584873,3.192946502292311e-19,0.03667524648339158,0.26206456510987775,1.263559397826578e-18,0.3343375276802871,0.25029869129245713
dim 588,588,0.09974076,Polarizability_group1_D50,0.1919266947564054,3.175433466793041e-09,-0.03404714513616939,0.29782483324262676,7.691042624429846e-09,0.3731188833572293,0.157879549620236
dim 588,588,0.09974076,Polarizability_group1_D75,0.13150130686376119,5.402689272017674e-05,-0.07843538198865005,0.016330762291647025,9.277625793593332e-05,0.028320221211890477,0.05306592487511114
dim 588,588,0.09974076,Polarizability_group1_D100,-0.08658097212705652,0.008008147344438058,-0.06745606027809996,0.038974477334042135,0.011224176303156993,0.06210627590443737,0.019124911848956566
dim 588,588,0.09974076,Polarizability_group2_D0,0.03129645793826529,0.3385902431866081,-0.031568241225447095,0.3344101327948509,0.37936645831709864,0.4097321509665451,-0.0002717832871818038
dim 588,588,0.09974076,Polarizability_group2_D25,-0.2741606344471865,1.2827256493215137e-17,-0.11023924934771195,0.0007241290982427198,4.8246662936192075e-17,0.001672608013921635,0.16392138509947457
dim 588,588,0.09974076,Polarizability_group2_D50,-0.2849213632863959,5.845029435376986e-19,-0.07575007647696928,0.020396030932218694,2.28332144025253e-18,0.034475072527130786,0.2091712868094266
dim 588,588,0.09974076,Polarizability_group2_D75,-0.10358418959754107,0.0014979975874831572,-0.013281630849244726,0.6847191001882768,0.0022537441181052905,0.7430025323680456,0.09030255874829635
dim 588,588,0.09974076,Polarizability_group2_D100,-0.11445485251809154,0.00044746645242804266,-0.09421600251163993,0.0038946853215615952,0.0007043062917576166,0.007831576745343606,0.020238850006451606
dim 588,588,0.09974076,Polarizability_group3_D0,-0.1665731021481729,2.929322705506547e-07,-0.056194222750299325,0.08557919626371194,6.168939367207987e-07,0.1250369709189842,0.11037887939787357
dim 588,588,0.09974076,Polarizability_group3_D25,-0.07717182147429567,0.018145510199244225,0.06075609657604251,0.06302617386375232,0.02439855236130262,0.0951231001829791,0.016415724898253166
dim 588,588,0.09974076,Polarizability_group3_D50,-0.00476763250433401,0.8841223620735753,0.11715058682815417,0.0003261068654000466,0.8961968708120611,0.0008002916461691078,-0.11238295432382016
dim 588,588,0.09974076,Polarizability_group3_D75,0.0031576180228561315,0.9231017575433738,0.12266996428939492,0.00016708588105813027,0.9317497341175184,0.0004336183704228089,-0.11951234626653878
dim 588,588,0.09974076,Polarizability_group3_D100,0.1416224162106726,1.353393824444458e-05,0.08266925052661236,0.01135759023759666,2.442104469824143e-05,0.02043876691464054,0.05895316568406023
dim 588,588,0.09974076,Charge_C1,0.4135204437538892,5.274141903588365e-40,0.23058646075999112,8.970761145154399e-13,3.796472835772659e-39,5.558876108500129e-12,0.18293398299389807
dim 588,588,0.09974076,Charge_C2,-0.5278041329440721,2.4918031669332363e-68,-0.26431504818816653,1.9236970576242303e-16,4.1406082475408006e-67,1.570940873463308e-15,0.2634890847559056
dim 588,588,0.09974076,Charge_C3,0.47832321564390684,9.717337645667685e-55,0.2018221669513807,4.550259039852597e-10,1.0402534530939124e-53,2.3167477428517794e-09,0.2765010486925261
dim 588,588,0.09974076,Charge_T12,0.35269453824788727,7.857367215977513e-29,0.22963194582640595,1.118768409658056e-12,4.081431804255815e-28,6.894255513390972e-12,0.12306259242148132
dim 588,588,0.09974076,Charge_T13,0.3962850712567746,1.3497916580243561e-36,0.1298335266333309,6.724174832321747e-05,8.75398861709e-36,0.00018715619949962196,0.26645154462344367
dim 588,588,0.09974076,Charge_T23,0.4559797774414906,2.69699526329346e-49,0.19833274766840905,9.13207306853259e-10,2.4345849133513935e-48,4.492065397481421e-09,0.2576470297730815
dim 588,588,0.09974076,Charge_group1_D0,0.014192865595606736,0.6643668651700667,0.07319302432674823,0.025059338765398953,0.6982332692473325,0.041496376537646255,-0.0590001587311415
dim 588,588,0.09974076,Charge_group1_D25,-0.09984199806128877,0.002215013338217031,0.03460350796184299,0.2899952158609458,0.003267731691539259,0.3649525323947095,0.06523849009944577
dim 588,588,0.09974076,Charge_group1_D50,0.04669148976148032,0.15325765216296006,0.11709101785627646,0.00032841847498928377,0.18132502948079582,0.0008041918669092432,-0.07039952809479613
dim 588,588,0.09974076,Charge_group1_D75,-0.03092753820453369,0.34431767641438626,0.0887041938977101,0.006587487175798545,0.38487986587150275,0.012623182539969675,-0.057776655693176415
dim 588,588,0.09974076,Charge_group1_D100,0.1506216434007582,3.641042963268125e-06,0.14242683614866147,1.20733556579728e-05,6.989128446733068e-06,3.758155442463108e-05,0.00819480725209673
dim 588,588,0.09974076,Charge_group2_D0,0.05135365707070854,0.11620655782735646,0.06165100794496666,0.059235550749312575,0.13996750924751913,0.0903429945868585,-0.010297350874258121
dim 588,588,0.09974076,Charge_group2_D25,0.1576816417132528,1.2306423132479934e-06,0.01744688797767287,0.5937671713656729,2.4657140529383915e-06,0.6617225066270762,0.14023475373557992
dim 588,588,0.09974076,Charge_group2_D50,-0.0804987332314458,0.013708415311418198,-0.12433815564052253,0.00013575154313140732,0.018711118569733055,0.0003601351501659257,-0.043839422409076734
dim 588,588,0.09974076,Charge_group2_D75,-0.04075250893854377,0.21265228031866068,-0.10226899803604764,0.0017212159932739268,0.2470464752223745,0.0036733938770191154,-0.06151648909750387
dim 588,588,0.09974076,Charge_group2_D100,-0.1944059338294438,1.970182207256163e-09,-0.055056116339877975,0.09211969023922696,4.8420960796435505e-09,0.1332523886526713,0.13934981748956582
dim 588,588,0.09974076,Charge_group3_D0,-0.05374675050996153,0.10013388337747656,-0.10448093611531518,0.0013614143757887825,0.1218830796212725,0.002962295775331944,-0.05073418560535366
dim 588,588,0.09974076,Charge_group3_D25,-0.2453272414932858,2.6117050231786088e-14,-0.09975126117025283,0.0022357695550552204,8.493763171778533e-14,0.004675936326790505,0.14557598032303298
dim 588,588,0.09974076,Charge_group3_D50,0.04386708303812525,0.1797111870925251,0.0905851811314738,0.005522566489573718,0.21120174697010338,0.010736537878449486,-0.04671809809334856
dim 588,588,0.09974076,Charge_group3_D75,0.12950702402957118,7.016329465661871e-05,0.16541393046173591,3.547700982008211e-07,0.00011950301078689775,1.3495810113789778e-06,-0.03590690643216474
dim 588,588,0.09974076,Charge_group3_D100,0.2418404112608533,6.159919359324477e-14,0.1570327389451116,1.3624148216427434e-06,1.9557158422189878e-13,4.861608444750815e-06,0.08480767231574168
dim 588,588,0.09974076,SecondaryStructure_C1,0.5762797233065058,5.104676716718594e-84,0.3274000168863837,7.537713393561077e-25,1.57866854017038e-82,9.834360443161717e-24,0.24887970642012208
dim 588,588,0.09974076,SecondaryStructure_C2,-0.270973626840415,3.119774700860121e-17,-0.16605114392943482,3.193692502687449e-07,1.1526601217779652e-16,1.2176864108420181e-06,0.10492248291098016
dim 588,588,0.09974076,SecondaryStructure_C3,-0.5875238728647848,4.810486242618699e-88,-0.3150971075315871,4.8217605102756106e-23,1.6912656895101534e-86,5.631007029482706e-22,0.2724267653331977
dim 588,588,0.09974076,SecondaryStructure_T12,0.38520427627646103,1.6500065175613826e-34,0.130958560450979,5.8030999644590614e-05,1.0038291017586553e-33,0.00016328857524257174,0.25424571582548205
dim 588,588,0.09974076,SecondaryStructure_T13,0.31431012339676523,6.250191071636292e-23,0.11576893784791503,0.00038383557471691356,2.7686522784171374e-22,0.0009296670192563389,0.1985411855488502
dim 588,588,0.09974076,SecondaryStructure_T23,-0.5051259040732929,8.003062083097663e-62,-0.2362314909221767,2.3814327317872303e-13,1.1091380646284727e-60,1.5444631697416212e-12,0.26889441315111623
dim 588,588,0.09974076,SecondaryStructure_group1_D0,-0.07942436756756469,0.015023450063283119,-0.04024287093020624,0.2184325357343367,0.020414289345551513,0.2863283631682436,0.03918149663735845
dim 588,588,0.09974076,SecondaryStructure_group1_D25,0.11362973685114855,0.0004923067803099157,0.12236647530002084,0.00017347132781761113,0.0007719740123169571,0.00044740867560681176,-0.008736738448872294
dim 588,588,0.09974076,SecondaryStructure_group1_D50,0.25846997257822235,9.109220515812806e-16,0.214212575379378,3.46198811411826e-11,3.1398138826434233e-15,1.8986929886954005e-10,0.04425739719884436
dim 588,588,0.09974076,SecondaryStructure_group1_D75,0.27165691109145773,2.5810648905254575e-17,0.1990371537293208,7.942136003980184e-10,9.567987496509465e-17,3.9474306924544375e-09,0.07261975736213694
dim 588,588,0.09974076,SecondaryStructure_group1_D100,0.23531951567880602,2.957406485576882e-13,0.14465928513734266,8.765554772089099e-06,9.103905679103029e-13,2.7950584495525627e-05,0.09066023054146335
dim 588,588,0.09974076,SecondaryStructure_group2_D0,-0.035722703008854245,0.2746673314259515,0.05217730546841129,0.11046057442418139,0.313208906439972,0.15769870687996115,-0.016454602459557044
dim 588,588,0.09974076,SecondaryStructure_group2_D25,0.032896471293541465,0.3144617260282761,-0.0293416375791302,0.3696361399545661,0.35471197735036886,0.447151288463691,0.0035548337144112666
dim 588,588,0.09974076,SecondaryStructure_group2_D50,-0.07782698230129548,0.01718366602324593,-0.07562252601934541,0.020609339498942465,0.023179904894039337,0.034747700114319956,0.002204456281950068
dim 588,588,0.09974076,SecondaryStructure_group2_D75,-0.2477155318575287,1.4398151271499988e-14,-0.15764709467752094,1.2373378855382605e-06,4.737913817419701e-14,4.434236628431105e-06,0.09006843718000776
dim 588,588,0.09974076,SecondaryStructure_group2_D100,-0.20103914149605667,5.325990573631689e-10,-0.2023185493467803,4.116756419021643e-10,1.3527611038729917e-09,2.105661016773704e-09,-0.0012794078507236406
dim 588,588,0.09974076,SecondaryStructure_group3_D0,0.1165771260422126,0.0003490057243757276,0.029774329294003636,0.3626163299480217,0.000555614451580043,0.4397743435099464,0.08680279674820895
dim 588,588,0.09974076,SecondaryStructure_group3_D25,-0.04022718461077373,0.21861221879995688,-0.0996102071557695,0.00226838942667753,0.2533815552314245,0.0047352629281893445,-0.05938302254499577
dim 588,588,0.09974076,SecondaryStructure_group3_D50,-0.216123801186757,2.2936864268616008e-11,-0.15095626381312685,3.4623520140890417e-06,6.336569615978285e-11,1.1657515853888506e-05,0.06516753737363015
dim 588,588,0.09974076,SecondaryStructure_group3_D75,-0.09999755792977692,0.00217983858052937,-0.07951635196620498,0.014906669825848056,0.003217260653543127,0.026067160847294504,0.020481205963571947
dim 588,588,0.09974076,SecondaryStructure_group3_D100,-0.18783090614329767,6.891185512380675e-09,-0.13263093570271475,4.6515584392751324e-05,1.6266119866679473e-08,0.00013335798443930424,0.05519997044058292
dim 588,588,0.09974076,SolventAccessibility_C1,0.16372578952451283,4.677957446881272e-07,0.13537101515032476,3.219070417955988e-05,9.668550663727382e-07,9.39833496151486e-05,0.02835477437418807
dim 588,588,0.09974076,SolventAccessibility_C2,0.46641148920788333,8.702301014031744e-52,0.149964909138224,4.017737637887472e-06,8.280822047540178e-51,1.3419243710544157e-05,0.3164465800696593
dim 588,588,0.09974076,SolventAccessibility_C3,-0.6035956723464572,4.4301389677183443e-94,-0.30117840066487234,4.234437523478838e-21,1.761507637164199e-92,4.433549005774081e-20,0.30241727168158483
dim 588,588,0.09974076,SolventAccessibility_T12,0.5850684978210372,3.7562329516278083e-87,0.29030226363929074,1.1850875270457013e-19,1.2672543493370586e-85,1.1406894352543638e-18,0.29476623418174647
dim 588,588,0.09974076,SolventAccessibility_T13,-0.4431646389600713,2.373735612977188e-46,-0.19742194174964978,1.0930450764194388e-09,1.9970470900110348e-45,5.345198470338105e-09,0.24574269721042152
dim 588,588,0.09974076,SolventAccessibility_T23,-0.04896296679104508,0.13421734851872394,-0.05981602957184193,0.06722142230379964,0.16021656327824801,0.10104390211282213,-0.010853062780796847
dim 588,588,0.09974076,SolventAccessibility_group1_D0,0.05675012854633291,0.08252356438446144,0.050092478811112326,0.12545611942741072,0.10178312593947608,0.17702722386461842,0.006657649735220587
dim 588,588,0.09974076,SolventAccessibility_group1_D25,0.25972005483554794,6.553345276278029e-16,0.14496761098959107,8.383248641143894e-06,2.282395539391931e-15,2.6897262691086074e-05,0.11475244384595687
dim 588,588,0.09974076,SolventAccessibility_group1_D50,0.2792724687207998,3.008124017250528e-18,0.12907085681886699,7.425352735196824e-05,1.1548430135191682e-17,0.00020445736303015163,0.15020161190193282
dim 588,588,0.09974076,SolventAccessibility_group1_D75,0.19286998591246376,2.650046959958582e-09,0.020834765102972858,0.5241382159218609,6.474876990681539e-09,0.5985031251894071,0.1720352208094909
dim 588,588,0.09974076,SolventAccessibility_group1_D100,-0.07256500380226422,0.026336633992563047,-0.07995705101616393,0.014358181632158882,0.0347685207648856,0.025173924751396674,-0.007392047213899716
dim 588,588,0.09974076,SolventAccessibility_group2_D0,0.018017989507011247,0.5817383175476937,0.006562871644649301,0.8409906445509774,0.6209670759377746,0.8726029054986842,0.011455117862361947
dim 588,588,0.09974076,SolventAccessibility_group2_D25,-0.42225097939435563,8.283507318200971e-42,-0.12954036210591272,6.985957808301383e-05,6.23621175320884e-41,0.00019363567701017942,0.29271061728844294
dim 588,588,0.09974076,SolventAccessibility_group2_D50,-0.12823623477436977,8.271563221668586e-05,0.07524834927084488,0.021246335868431075,0.00013974214041665694,0.03574624656605199,0.05298788550352489
dim 588,588,0.09974076,SolventAccessibility_group2_D75,-0.1510878367963938,3.3944163362537787e-06,0.07102459013767877,0.02970972834184943,6.53826445391443e-06,0.04857097046587229,0.08006324665871502
dim 588,588,0.09974076,SolventAccessibility_group2_D100,0.24886795362751618,1.0777842706899516e-14,0.10559021489329735,0.0012083459791517774,3.5676902518378974e-14,0.0026569292760809326,0.14327773873421884
dim 588,588,0.09974076,SolventAccessibility_group3_D0,-0.17870628194411015,3.6423402170839614e-08,-0.03806623217164441,0.24438704767900818,8.197719895593282e-08,0.3153990491684263,0.14064004977246575
dim 588,588,0.09974076,SolventAccessibility_group3_D25,-0.029004667393188365,0.3751610020022923,-0.06513644392861259,0.04622731499843049,0.41670693271953985,0.07245388648275825,-0.03613177653542422
dim 588,588,0.09974076,SolventAccessibility_group3_D50,-0.14485884802063886,8.516255078655642e-06,-0.10667461413378387,0.0010742006852657447,1.566315636713097e-05,0.002391886859191725,0.03818423388685499
dim 588,588,0.09974076,SolventAccessibility_group3_D75,0.03835841751333501,0.24078257246820972,-0.013899092069187139,0.670902183285714,0.27683779416310517,0.7300106387561002,0.024459325444147875
dim 588,588,0.09974076,SolventAccessibility_group3_D100,-0.18968088492631852,4.8666190805956945e-09,-0.05032348031870553,0.12372038753793163,1.1643630178502593e-08,0.1747995323082452,0.13935740460761298
dim 409,409,0.099290326,AAC_A,-0.41197667863967213,1.085492214201853e-39,-0.3803849604417137,1.260697990012049e-33,7.76347750628306e-39,2.4624159570995577e-32,0.03159171819795842
dim 409,409,0.099290326,AAC_C,0.11897314949673572,0.0002623100335693678,0.179372359344971,3.2346676821309616e-08,0.0004228356718734018,1.362394711011023e-07,-0.06039920984823528
dim 409,409,0.099290326,AAC_D,-0.04130230597740405,0.2065411101849922,-0.17481537021909027,7.222029996124985e-08,0.2406164311188957,2.92737623629338e-07,-0.1335130642416862
dim 409,409,0.099290326,AAC_E,0.1285521748468679,7.941060112798092e-05,-0.12926433612794538,7.241210911390472e-05,0.0001344986854804545,0.0002000466868820858,-0.0007121612810774836
dim 409,409,0.099290326,AAC_F,0.14696281479304393,6.267995197436095e-06,0.07938060489761524,0.015079291552010156,1.1767905542122853e-05,0.026327670561272307,0.0675822098954287
dim 409,409,0.099290326,AAC_G,-0.1245418134378104,0.00013232940804848453,-0.031989865818932824,0.3279914435780495,0.00021967207896716616,0.4030023692040973,0.09255194761887758
dim 409,409,0.099290326,AAC_H,0.10578539474060902,0.001183115170988282,-0.11160604204259436,0.0006205977181142034,0.0017945525300185566,0.0014495079569940136,-0.005820647301985338
dim 409,409,0.099290326,AAC_I,0.39991903224647424,2.6808036250932392e-37,0.3173851211461445,2.2576866334572375e-23,1.769542313796723e-36,2.702750306719417e-22,0.08253391110032976
dim 409,409,0.099290326,AAC_K,0.4968834789172702,1.4099682005447107e-59,0.383274642220815,3.739901649163708e-34,1.7974403777936386e-58,7.479803298327416e-33,0.11360883669645522
dim 409,409,0.099290326,AAC_L,0.08704182931567497,0.007678378262638885,-0.08488106706388802,0.009336721380367494,0.01078006868315001,0.01719109669814081,0.002160762251786949
dim 409,409,0.099290326,AAC_M,0.1839236072345121,1.4203668131824306e-08,0.06910411624611809,0.034428789033179544,3.2876127207410384e-08,0.055337899600971935,0.114819490988394
dim 409,409,0.099290326,AAC_N,0.40980186055407497,2.981726356772793e-39,0.4605388551527989,2.2527210115039167e-50,2.1054896472771944e-38,8.95724783145605e-49,-0.05073699459872394
dim 409,409,0.099290326,AAC_P,-0.5021768318554383,5.174928026174842e-61,-0.3585696938889482,8.259169429477051e-30,6.91370384296959e-60,1.3522365634535957e-28,0.14360713796649005
dim 409,409,0.099290326,AAC_Q,0.08130938040729029,0.012784442733579104,0.0407154193760788,0.21306918784185325,0.017521558773144933,0.2800673307326997,0.04059396103121148
dim 409,409,0.099290326,AAC_R,-0.3687512736459924,1.4867882810260786e-31,-0.35098357175331846,1.5008404068213541e-28,8.40249214657716e-31,2.353430497081372e-27,0.01776770189267396
dim 409,409,0.099290326,AAC_S,-0.11252406309548818,0.0005589694799025784,0.1516971510590619,3.096103225490635e-06,0.000874863197223342,1.049846169861799e-05,-0.039173087963573716
dim 409,409,0.099290326,AAC_T,-0.18400555800705182,1.3992052587593074e-08,0.0775829444219311,0.01753659080921488,3.240877645115178e-08,0.03009877353688474,0.10642261358512072
dim 409,409,0.099290326,AAC_V,-0.10109853263693123,0.0019451415447483298,-0.1263650772646626,0.00010510840556401404,0.00288463186210035,0.00028220424001913736,-0.025266544627731355
dim 409,409,0.099290326,AAC_W,-0.20055224188293141,5.871804280015471e-10,-0.15416445283892727,2.1254488007869207e-06,1.484619704409665e-09,7.364106840900741e-06,0.046387789044004146
dim 409,409,0.099290326,AAC_Y,0.2594157776226517,7.101421731430587e-16,0.2544839021564658,2.5727309297564697e-15,2.4655663807669608e-15,1.9353426363483353e-14,0.004931875466185898
dim 409,409,0.099290326,Hydrophobicity_C1,0.37837525777906067,2.9142887195085614e-33,0.1929590437365998,2.605056565464422e-09,1.7289030769375833e-32,1.2324205281375593e-08,0.18541621404246086
dim 409,409,0.099290326,Hydrophobicity_C2,-0.38772271246252543,5.624525831620455e-35,-0.18401917878072285,1.3957178298939651e-08,3.478873384743022e-34,6.166266602970692e-08,0.20370353368180258
dim 409,409,0.099290326,Hydrophobicity_C3,0.3016808287683423,3.6178010471436644e-21,0.11034692142406227,0.000715425451358616,1.518022047419578e-20,0.001655939714163394,0.19133390734428002
dim 409,409,0.099290326,Hydrophobicity_T12,-0.05213954766038686,0.11071898857275458,-0.11168681691620733,0.0006149319042310665,0.1338405435515745,0.0014372796082097706,-0.05954726925582047
dim 409,409,0.099290326,Hydrophobicity_T13,0.3960350039236617,1.5074868224969868e-36,0.2103578119541282,7.849541076421564e-11,9.738889723674924e-36,4.221814363163933e-10,0.1856771919695335
dim 409,409,0.099290326,Hydrophobicity_T23,-0.31511035310701624,4.8007171547961346e-23,-0.25188076455594877,5.019689846625198e-15,2.1350726094566033e-22,3.676702650817579e-14,0.06322958855106747
dim 409,409,0.099290326,Hydrophobicity_group1_D0,0.08138369619513117,0.012702556674964845,0.08194969137759057,0.012093965738572937,0.017423630100362457,0.02158944177810455,-0.0005659951824594084
dim 409,409,0.099290326,Hydrophobicity_group1_D25,-0.32102038271643085,6.670608181663058e-24,-0.14131803416621233,1.4129303947010696e-05,3.052031688596523e-23,4.33748852785071e-05,0.17970234855021852
dim 409,409,0.099290326,Hydrophobicity_group1_D50,-0.21037946778246136,7.81386545337468e-11,-0.11908620672122763,0.00025876536494465213,2.0912107863999544e-10,0.0006473979916967326,0.09129326106123373
dim 409,409,0.099290326,Hydrophobicity_group1_D75,-0.15543731847633369,1.7465007281326206e-06,-0.04219040367712009,0.19694023467683355,3.457802271465888e-06,0.2631121535282496,0.11324691479921359
dim 409,409,0.099290326,Hydrophobicity_group1_D100,0.09779709333150727,0.002728262227549985,-0.013287036921026446,0.6845976620367575,0.003993162068368515,0.7430025323680456,0.08451005641048082
dim 409,409,0.099290326,Hydrophobicity_group2_D0,0.2613459580221088,4.2588909603210865e-16,0.19738344376004427,1.101361039097113e-09,1.4973364007865713e-15,5.3701399570574556e-09,0.06396251426206453
dim 409,409,0.099290326,Hydrophobicity_group2_D25,0.285611690420198,4.772134229254506e-19,0.11845365088786007,0.00027918986810591983,1.8729645506122263e-18,0.0006948540681622744,0.16715803953233793
dim 409,409,0.099290326,Hydrophobicity_group2_D50,0.18326276431064029,1.602736475122837e-08,0.10422152429083816,0.001399696913695916,3.69691976996566e-08,0.003037678812049616,0.07904124001980213
dim 409,409,0.099290326,Hydrophobicity_group2_D75,0.0949206067893007,0.0036345397097052945,-0.008973039275780857,0.7838481691675842,0.005261969063899299,0.826666525108851,0.08594756751351984
dim 409,409,0.099290326,Hydrophobicity_group2_D100,-0.2244211915318498,3.6711844877657724e-12,-0.1766133223674093,5.27360069003543e-08,1.0543212544400413e-11,2.1880529571078676e-07,0.04780786916444052
dim 409,409,0.099290326,Hydrophobicity_group3_D0,-0.22810752921507763,1.5886550916526212e-12,-0.09863223847694745,0.00250679342569236,4.695670801875889e-12,0.0051939764527372725,0.1294752907381302
dim 409,409,0.099290326,Hydrophobicity_group3_D25,-0.26308905336578964,2.6741701414362533e-16,-0.11608453835146977,0.0003698652948219783,9.511957691583692e-16,0.0008984364252402964,0.14700451501431988
dim 409,409,0.099290326,Hydrophobicity_group3_D50,-0.13890552260336958,1.9813065326063113e-05,-0.06468156871049373,0.04777522559588445,3.5274860441924736e-05,0.07453024450735828,0.07422395389287585
dim 409,409,0.099290326,Hydrophobicity_group3_D75,-0.12275417265174413,0.0001653536480210792,-0.11433735468559071,0.00045361063486796285,0.00027125794911120066,0.0010852861894405416,0.008416817966153414
dim 409,409,0.099290326,Hydrophobicity_group3_D100,-0.02497039280539411,0.4451927856198448,-0.004565504204886866,0.8890026358642753,0.4865654136028409,0.9116576001801289,0.020404888600507244
dim 409,409,0.099290326,NormVanDerWaalsVolume_C1,-0.4133971659190008,5.587849746453164e-40,-0.22100459549655907,7.876215917939298e-12,4.0136383125061436e-39,4.6232972172086566e-11,0.1923925704224417
dim 409,409,0.099290326,NormVanDerWaalsVolume_C2,0.3965812343354021,1.1840802072431242e-36,0.21504170863360153,2.897127169165228e-11,7.724273226937569e-36,1.6020537657304405e-10,0.18153952570180057
dim 409,409,0.099290326,NormVanDerWaalsVolume_C3,0.31053970537104286,2.143391685956243e-22,0.14347557620320642,1.0393575596793355e-05,9.333674356054565e-22,3.284251891512754e-05,0.16706412916783644
dim 409,409,0.099290326,NormVanDerWaalsVolume_T12,-0.23406461287586627,3.9784541116464574e-13,-0.15656738297025438,1.4651470669495733e-06,1.2190859387980886e-12,5.217048191483555e-06,0.07749722990561189
dim 409,409,0.099290326,NormVanDerWaalsVolume_T13,-0.06452267568632683,0.04832607834481079,-0.08618496594737951,0.008301565099269664,0.06132564653178878,0.015464153614925084,-0.02166229026105268
dim 409,409,0.099290326,NormVanDerWaalsVolume_T23,0.3952612843866212,2.1206365911622885e-36,0.23623693102084806,2.378351147644758e-13,1.3673602730660318e-35,1.5444631697416212e-12,0.15902435336577317
dim 409,409,0.099290326,NormVanDerWaalsVolume_group1_D0,0.20867781635665783,1.1160077403168083e-10,0.1373240735211188,2.4654555282834323e-05,2.9606559592201265e-10,7.319663523970368e-05,0.07135374283553902
dim 409,409,0.099290326,NormVanDerWaalsVolume_group1_D25,0.21479527290578143,3.054871149887756e-11,0.06725103850953734,0.03957406588124558,8.397752790637945e-11,0.06297159601875191,0.1475442343962441
dim 409,409,0.099290326,NormVanDerWaalsVolume_group1_D50,0.15560770770999663,1.7009862724467655e-06,0.10758439774886452,0.0009724133359749327,3.373690112810093e-06,0.0021885852709947946,0.048023309961132105
dim 409,409,0.099290326,NormVanDerWaalsVolume_group1_D75,0.10925121721900866,0.0008087079859766351,0.016749822269785285,0.6086011769281295,0.001249345362239575,0.6751006080836774,0.09250139494922337
dim 409,409,0.099290326,NormVanDerWaalsVolume_group1_D100,-0.2181768500234728,1.4675917228647914e-11,-0.17101813613056574,1.38820665639089e-07,4.095034548344531e-11,5.500130761975768e-07,0.04715871389290707
dim 409,409,0.099290326,NormVanDerWaalsVolume_group2_D0,0.07016288854038584,0.03175365110539897,0.0989898381561356,0.0024170854857066496,0.04155846186991871,0.005026815393686307,-0.02882694961574976
dim 409,409,0.099290326,NormVanDerWaalsVolume_group2_D25,-0.1650916292218929,3.740868803026658e-07,-0.01070805704142091,0.743402913675884,7.809063626318148e-07,0.7922673043003996,0.154383572180472
dim 409,409,0.099290326,NormVanDerWaalsVolume_group2_D50,-0.05505825800646414,0.09210701623940883,-0.014527391998004626,0.6569558819339285,0.11301889575298511,0.7182430918688449,0.04053086600845952
dim 409,409,0.099290326,NormVanDerWaalsVolume_group2_D75,0.06590578518886205,0.04370529484206908,0.08537121603524142,0.00893482386565143,0.05586516830176454,0.016542301392059745,-0.019465430846379375
dim 409,409,0.099290326,NormVanDerWaalsVolume_group2_D100,0.1728761226491212,1.0101179887696667e-07,0.12576229206531264,0.00011346285016070771,2.1950514524988203e-07,0.0003039021006710215,0.04711383058380855
dim 409,409,0.099290326,NormVanDerWaalsVolume_group3_D0,-0.10795675710974544,0.0009333862959357641,-0.033517577645384405,0.3054071923218486,0.0014320212349221186,0.3810459553063034,0.07443917946436103
dim 409,409,0.099290326,NormVanDerWaalsVolume_group3_D25,-0.17409314435630918,8.186848409574292e-08,-0.117038051392752,0.00033048671993946574,1.793054012326435e-07,0.000808071482136029,0.05705509296355718
dim 409,409,0.099290326,NormVanDerWaalsVolume_group3_D50,-0.2514349730038854,5.624157890201655e-15,-0.22722303569049002,1.944876323165311e-12,1.8879082767109074e-14,1.185380824702945e-11,0.024211937313395382
dim 409,409,0.099290326,NormVanDerWaalsVolume_group3_D75,-0.22719626674019283,1.9567953949682083e-12,-0.20264919133101636,3.8506212333647187e-10,5.763400898759979e-12,1.972557502981313e-09,0.024547075409176472
dim 409,409,0.099290326,NormVanDerWaalsVolume_group3_D100,0.010175274487583945,0.7557534340534328,-0.04785007379238176,0.14330442605543747,0.7798011954706412,0.19943199292715047,-0.037674799304797814
dim 409,409,0.099290326,Polarity_C1,0.38565087408146204,1.3642624156450776e-34,0.21516216589530673,2.82294674927289e-11,8.334543022784735e-34,1.568825647682438e-10,0.1704887081861553
dim 409,409,0.099290326,Polarity_C2,-0.40863682569633275,5.1076695683869957e-39,-0.20362501486064144,3.1592494867050187e-10,3.576439488136806e-38,1.6308954073562229e-09,0.2050118108356913
dim 409,409,0.099290326,Polarity_C3,0.36302811407774355,1.44777205604024e-30,0.15063425309861006,3.6341520711894183e-06,7.9401620150647e-30,1.2211335933372896e-05,0.2123938609791335
dim 409,409,0.099290326,Polarity_T12,-0.32275222587045443,3.709762721465301e-24,-0.19230713663551655,2.952368186286549e-09,1.7114098742671415e-23,1.3908194276723659e-08,0.1304450892349379
dim 409,409,0.099290326,Polarity_T13,0.4151015818972266,2.508330011394142e-40,0.21809010099625287,1.495680187390133e-11,1.829218829269964e-39,8.539439018603494e-11,0.19701148090097376
dim 409,409,0.099290326,Polarity_T23,-0.2606915519117095,5.067404274231627e-16,-0.26308530926088625,2.676854502842923e-16,1.7741226704332951e-15,2.1753513478090906e-15,-0.0023937573491767394
dim 409,409,0.099290326,Polarity_group1_D0,-0.20363972041467057,3.149817773348526e-10,-0.11293492788288347,0.0005332741833811376,8.14902506815188e-10,0.0012560901075409023,0.0907047925317871
dim 409,409,0.099290326,Polarity_group1_D25,-0.18791924243677732,6.7782079355558405e-09,-0.06414970540490514,0.04964005088136007,1.6044801208190294e-08,0.07718704373544816,0.12376953703187218
dim 409,409,0.099290326,Polarity_group1_D50,-0.15912444692525335,9.800896760768553e-07,-0.09924246614170135,0.002355489790903162,1.9791411838553184e-06,0.004901766916895054,0.059881980783552
dim 409,409,0.099290326,Polarity_group1_D75,-0.18899819820877822,5.535420317558602e-09,-0.14936921579832288,4.391440127350719e-06,1.3177693414572867e-08,1.4608974128836055e-05,0.03962898241045534
dim 409,409,0.099290326,Polarity_group1_D100,0.07627735782786314,0.019534507254523225,0.0780427744635056,0.01687678810134156,0.026180601285882763,0.029161134122338752,-0.001765416635642461
dim 409,409,0.099290326,Polarity_group2_D0,0.22920033578106191,1.2358580635645922e-12,0.1574713010496401,1.271954085728617e-06,3.6756597794352075e-12,4.553404765630848e-06,0.07172903473142181
dim 409,409,0.099290326,Polarity_group2_D25,0.24995696766123415,8.186287014459106e-15,0.07441099155602797,0.022734181066170665,2.7342198628293416e-14,0.03798507491796399,0.17554597610520617
dim 409,409,0.099290326,Polarity_group2_D50,0.23406716857116597,3.9760587481998295e-13,0.13842504058278357,2.117910204042876e-05,1.2190859387980886e-12,6.344233256953549e-05,0.0956421279883824
dim 409,409,0.099290326,Polarity_group2_D75,0.14980988376354745,4.11195070579648e-06,0.04208326042961319,0.19808090196657913,7.847951632777282e-06,0.26421334367746574,0.10772662333393426
dim 409,409,0.099290326,Polarity_group2_D100,-0.19093565806949864,3.836215694561954e-09,-0.16469724123951182,3.991052394404229e-07,9.24456018747253e-09,1.5062276833118784e-06,0.026238416829986816
dim 409,409,0.099290326,Polarity_group3_D0,0.024700877567090093,0.45012236128441657,0.042246983801858824,0.19633981286916535,0.49131002833004944,0.2626251401613986,-0.01754610623476873
dim 409,409,0.099290326,Polarity_group3_D25,-0.3355322770145283,4.3358477548003e-26,-0.13144665051867918,5.441796375306546e-05,2.0777233143519375e-25,0.00015468595654062863,0.20408562649584913
dim 409,409,0.099290326,Polarity_group3_D50,-0.26799693969430377,7.079978732730197e-17,-0.15535625314227552,1.7685629740465712e-06,2.5759399746534705e-16,6.211356817366507e-06,0.11264068655202825
dim 409,409,0.099290326,Polarity_group3_D75,-0.15618515243274658,1.5550521599624598e-06,-0.04673662891232891,0.15286028751865913,3.09343312345123e-06,0.2121119070678527,0.10944852352041767
dim 409,409,0.099290326,Polarity_group3_D100,0.0782350543614185,0.016607404034119172,-0.02045976374089129,0.5316349675935748,0.0224660710708619,0.6045831773110452,0.05777529062052721
dim 409,409,0.099290326,Polarizability_C1,-0.35057669540721054,1.7495121734824037e-28,-0.16727445665689464,2.607113009817934e-07,9.017547313937081e-28,1.0031978632248734e-06,0.1833022387503159
dim 409,409,0.099290326,Polarizability_C2,0.2638547237915064,2.1773886963182914e-16,0.11806942772609329,0.00029232227689291097,7.778051599682453e-16,0.0007243000035773906,0.14578529606541307
dim 409,409,0.099290326,Polarizability_C3,0.31053970537104286,2.143391685956243e-22,0.14347557620320642,1.0393575596793355e-05,9.333674356054565e-22,3.284251891512754e-05,0.16706412916783644
dim 409,409,0.099290326,Polarizability_T12,-0.377624790554576,3.979022080620341e-33,-0.20346871437339148,3.26121298829373e-10,2.343903659483587e-32,1.680933855077324e-09,0.1741560761811845
dim 409,409,0.099290326,Polarizability_T13,0.017793505656101664,0.5864529473536327,-0.0073066487799774435,0.823252006407149,0.6253873727156837,0.858464471245669,0.010486856876124221
dim 409,409,0.099290326,Polarizability_T23,0.33944679965441193,1.0634351873647509e-26,0.1760949887777122,5.7758766960287505e-08,5.238751512976797e-26,2.3757916459034514e-07,0.16335181087669973
dim 409,409,0.099290326,Polarizability_group1_D0,0.17933118770956363,3.258530143119672e-08,0.1179131807178663,0.0002978261001663098,7.35370991758088e-08,0.0007362984267620096,0.06141800699169733
dim 409,409,0.099290326,Polarizability_group1_D25,0.1722351981305281,1.1276460427518655e-07,0.014801808081758818,0.6509015709605642,2.442501804663574e-07,0.7129135312640247,0.15743339004876927
dim 409,409,0.099290326,Polarizability_group1_D50,0.21503385749234286,2.90202766128754e-11,0.1002097352634617,0.0021326856065403124,7.993597540057464e-11,0.004474352968495379,0.11482412222888115
dim 409,409,0.099290326,Polarizability_group1_D75,0.17228458097265792,1.1181397735908279e-07,0.07161473731995636,0.02837600112169967,2.423482702007375e-07,0.046664620259220524,0.10066984365270155
dim 409,409,0.099290326,Polarizability_group1_D100,-0.1626856194958093,5.539328138293473e-07,-0.15426532922474118,2.0927477134307595e-06,1.1406508003637608e-06,7.283345105377671e-06,0.008420290271068137
dim 409,409,0.099290326,Polarizability_group2_D0,0.16060266014704838,7.74563946382877e-07,0.14483743605189214,8.542675965008237e-06,1.5755442027520154e-06,2.7382473822579188e-05,0.01576522409515624
dim 409,409,0.099290326,Polarizability_group2_D25,-0.05772592257134919,0.07737388292895518,0.07621023356014595,0.019642388325696602,0.09589193654274966,0.03331923667233451,-0.018484310988796757
dim 409,409,0.099290326,Polarizability_group2_D50,-0.15732367142758608,1.3017411260536342e-06,-0.016346634613405374,0.6172557770777689,2.6019242136559776e-06,0.6829234074087398,0.1409770368141807
dim 409,409,0.099290326,Polarizability_group2_D75,-0.05109120875463957,0.11808592517381371,0.007114665935602626,0.8278224408763951,0.14212864507406767,0.8629609714504244,0.04397654281903694
dim 409,409,0.099290326,Polarizability_group2_D100,-0.07480333516790096,0.022026156740461045,-0.048812703273767126,0.13541764890887567,0.029379937505247557,0.1897210349646161,0.02599063189413383
dim 409,409,0.099290326,Polarizability_group3_D0,-0.10795675710974544,0.0009333862959357641,-0.033517577645384405,0.3054071923218486,0.0014320212349221186,0.3810459553063034,0.07443917946436103
dim 409,409,0.099290326,Polarizability_group3_D25,-0.17409314435630918,8.186848409574292e-08,-0.117038051392752,0.00033048671993946574,1.793054012326435e-07,0.000808071482136029,0.05705509296355718
dim 409,409,0.099290326,Polarizability_group3_D50,-0.2514349730038854,5.624157890201655e-15,-0.22722303569049002,1.944876323165311e-12,1.8879082767109074e-14,1.185380824702945e-11,0.024211937313395382
dim 409,409,0.099290326,Polarizability_group3_D75,-0.22719626674019283,1.9567953949682083e-12,-0.20264919133101636,3.8506212333647187e-10,5.763400898759979e-12,1.972557502981313e-09,0.024547075409176472
dim 409,409,0.099290326,Polarizability_group3_D100,0.010175274487583945,0.7557534340534328,-0.04785007379238176,0.14330442605543747,0.7798011954706412,0.19943199292715047,-0.037674799304797814
dim 409,409,0.099290326,Charge_C1,0.26718884710093205,8.828498208008123e-17,0.1245677180054946,0.00013189998880235715,3.194711160861011e-16,0.0003510326395218111,0.14262112909543745
dim 409,409,0.099290326,Charge_C2,-0.18783227931145846,6.889415390899287e-09,0.05127768674378418,0.1167481448854828,1.6266119866679473e-08,0.1657198486687261,0.13655459256767427
dim 409,409,0.099290326,Charge_C3,0.06941914626813345,0.03361342918614013,-0.19056484253847314,4.1163320718762275e-09,0.04378660432203902,1.912176511831238e-08,-0.12114569627033969
dim 409,409,0.099290326,Charge_T12,0.22135785936092647,7.282683584031562e-12,0.11301758072976005,0.0005282397237951461,2.0561422798533743e-11,0.001245109864132525,0.10834027863116642
dim 409,409,0.099290326,Charge_T13,0.25528414160083057,2.0916715340250547e-15,0.0777876054646379,0.017240188015879735,7.071035347817493e-15,0.029671496215669713,0.17749653613619268
dim 409,409,0.099290326,Charge_T23,0.016730546149508644,0.6090137173473286,-0.236334091967379,2.3239677093205545e-13,0.6469802213549865,1.5160258103770805e-12,-0.21960354581787037
dim 409,409,0.099290326,Charge_group1_D0,-0.026603677360774756,0.41598439971701295,-0.006370416405163732,0.8455941276362294,0.4582413901895855,0.8765625035086922,0.020233260955611024
dim 409,409,0.099290326,Charge_group1_D25,-0.1773562606267189,4.626709193593858e-08,-0.11715850552636004,0.0003258007229391422,1.0322784707149956e-07,0.0008002916461691078,0.06019775510035885
dim 409,409,0.099290326,Charge_group1_D50,-0.12867788082742013,7.813058781591423e-05,-0.12304412232066984,0.00015951732173632367,0.0001323978504846035,0.00041475168230583454,0.005633758506750283
dim 409,409,0.099290326,Charge_group1_D75,-0.1814170540368744,2.240638848005168e-08,-0.14350628519328634,1.0347916885406242e-05,5.1223365861309114e-08,3.276022976043303e-05,0.037910768843588044
dim 409,409,0.099290326,Charge_group1_D100,-0.0023612300480304283,0.9424571121320962,-0.04068543768227751,0.21340662926000903,0.9489920875855294,0.28040052782393005,-0.038324207634247084
dim 409,409,0.099290326,Charge_group2_D0,0.08038401186586441,0.01384382157839051,0.08312819162903363,0.010908944089527145,0.01888050799176166,0.01977285653408367,-0.0027441797631692216
dim 409,409,0.099290326,Charge_group2_D25,0.1774697220850916,4.5349367925417124e-08,0.10160999560684136,0.001844195516066681,1.0131564472969444e-07,0.003916226201932351,0.07585972647825023
dim 409,409,0.099290326,Charge_group2_D50,0.15091147916959616,3.4857713765370948e-06,0.16745619473305726,2.5293669206635535e-07,6.698778134426868e-06,9.777876753491051e-07,-0.0165447155634611
dim 409,409,0.099290326,Charge_group2_D75,0.12507932418575346,0.00012368306057845962,0.1216461106420524,0.0001895571024868815,0.00020583030509818394,0.0004864674144338753,0.003433213543701061
dim 409,409,0.099290326,Charge_group2_D100,-0.07953897946351605,0.014878065394681995,0.018843689692021236,0.5645508956936326,0.020224964761187573,0.6352827471893312,0.06069528977149482
dim 409,409,0.099290326,Charge_group3_D0,0.11582274035708665,0.00038141967170294015,0.11901223775534199,0.00026107939539480663,0.0006043366714837856,0.0006517228554698462,-0.003189497398255345
dim 409,409,0.099290326,Charge_group3_D25,-0.201841393857892,4.5326688568761214e-10,-0.10671354755145177,0.0010696505880771168,1.1591970889713816e-09,0.002383344205588773,0.09512784630644022
dim 409,409,0.099290326,Charge_group3_D50,-0.13629587788704992,2.838401469246405e-05,-0.14154330385818725,1.368634039212898e-05,4.989611003833154e-05,4.220902761746149e-05,-0.005247425971137337
dim 409,409,0.099290326,Charge_group3_D75,-0.14014194533823807,1.667251147484788e-05,-0.17013230059569937,1.6134796156576013e-07,2.9826560431704298e-05,6.347493423199515e-07,-0.0299903552574613
dim 409,409,0.099290326,Charge_group3_D100,-0.029601350091524807,0.36541261292700017,-0.12970099945750013,6.841346654523774e-05,0.4070974406858508,0.00019010064747179204,-0.10009964936597532
dim 409,409,0.099290326,SecondaryStructure_C1,0.033611760451511645,0.3040494166736488,-0.266566054076362,1.0460185624606612e-16,0.3442457802338939,8.71247381201648e-16,-0.23295429362485037
dim 409,409,0.099290326,SecondaryStructure_C2,0.1937272131938708,2.246611269046801e-09,0.33570238761669874,4.08067492621852e-26,5.513359029108241e-09,5.517997673510064e-25,-0.14197517442282795
dim 409,409,0.099290326,SecondaryStructure_C3,-0.18307045156145269,1.659942578455873e-08,0.0897013777915461,0.006001938079168167,3.826230650132931e-08,0.011594258637606523,0.09336907376990658
dim 409,409,0.099290326,SecondaryStructure_T12,0.25693930635032186,1.3600482834970143e-15,0.0884103033754451,0.00676958593054085,4.659037196800028e-15,0.012938775321363961,0.16852900297487677
dim 409,409,0.099290326,SecondaryStructure_T13,-0.04328944542963919,0.18551584004477692,-0.22423972191886554,3.824287069406237e-12,0.21764064128891988,2.2890893927987155e-11,-0.18095027648922635
dim 409,409,0.099290326,SecondaryStructure_T23,-0.0376384140450612,0.24973268127423542,0.2387282088124758,1.3100168813165187e-13,0.28624130249002966,8.750912767194345e-13,-0.20108979476741462
dim 409,409,0.099290326,SecondaryStructure_group1_D0,0.04026546703926125,0.21817388893021422,0.0810365771574865,0.01308904779665423,0.2530211073010123,0.023215165491679863,-0.04077111011822524
dim 409,409,0.099290326,SecondaryStructure_group1_D25,-0.06339805308580686,0.052379126290717476,-0.09289992394716506,0.004426249172275128,0.06608789366573745,0.00874773505053191,-0.029501870861358206
dim 409,409,0.099290326,SecondaryStructure_group1_D50,-0.07258273143988277,0.026299822639463663,-0.16300131051974756,5.262944299811305e-07,0.03474739225308886,1.9574870781035365e-06,-0.0904185790798648
dim 409,409,0.099290326,SecondaryStructure_group1_D75,0.05895369658660961,0.07126899948087026,-0.030364880623419844,0.35317098176997697,0.08865491927974178,0.4292543956010637,0.028588815963189764
dim 409,409,0.099290326,SecondaryStructure_group1_D100,0.09684303699659505,0.003003009205754882,0.01339139340682309,0.6822550705705622,0.004383554735520192,0.7415333341053295,0.08345164358977196
dim 409,409,0.099290326,SecondaryStructure_group2_D0,-0.0878493076193025,0.007129771761377119,-0.05093379904800437,0.11922449030552491,0.010047864001265646,0.16873296509341237,0.036915508571298127
dim 409,409,0.099290326,SecondaryStructure_group2_D25,0.08938094490966919,0.006184779575079843,0.06475694342683713,0.04751576369717018,0.008764517500795087,0.07422949052785238,0.02462400148283206
dim 409,409,0.099290326,SecondaryStructure_group2_D50,0.05648599217015429,0.08396424206812296,0.08195482746487157,0.01208856334058766,0.1034072892726883,0.02158944177810455,-0.025468835294717274
dim 409,409,0.099290326,SecondaryStructure_group2_D75,-0.14296667212897543,1.11787705648818e-05,-0.06332179022482082,0.052663951958541816,2.0358284452947227e-05,0.0813587416935845,0.07964488190415461
dim 409,409,0.099290326,SecondaryStructure_group2_D100,0.036711421533316656,0.2615939384955201,0.08670019222852916,0.007921646404041754,0.29911802621534994,0.014880933064960326,-0.04998877069521251
dim 409,409,0.099290326,SecondaryStructure_group3_D0,0.1469943931355423,6.239023136926801e-06,0.09983080619950889,0.002217563928406185,1.1726695147628316e-05,0.004643676188637403,0.04716358693603341
dim 409,409,0.099290326,SecondaryStructure_group3_D25,0.1256370334934892,0.00011527563101116507,0.12310746588677601,0.00015826832009582003,0.00019260660709219176,0.0004123371209984703,0.00252956760671319
dim 409,409,0.099290326,SecondaryStructure_group3_D50,0.011261635968474525,0.7306398093710288,0.09292423637923557,0.004415861850326999,0.7573981884851757,0.008732373345229234,-0.08166260041076104
dim 409,409,0.099290326,SecondaryStructure_group3_D75,0.02358186826014545,0.4709166384402032,0.05847334498674728,0.07360879688384545,0.5124996977485431,0.10956033047773787,-0.034891476726601825
dim 409,409,0.099290326,SecondaryStructure_group3_D100,-0.10767868488150595,0.000962390918497205,-0.0531767887958782,0.10379148807366018,0.0014744888384314976,0.148464055745621,0.05450189608562775
dim 409,409,0.099290326,SolventAccessibility_C1,-0.17594993414863375,5.9245313757242944e-08,-0.2485009964611049,1.1820914001319143e-14,1.3078608588842793e-07,8.347114749345865e-14,-0.07255106231247116
dim 409,409,0.099290326,SolventAccessibility_C2,0.37837525777906067,2.9142887195085614e-33,0.1929590437365998,2.605056565464422e-09,1.7289030769375833e-32,1.2324205281375593e-08,0.18541621404246086
dim 409,409,0.099290326,SolventAccessibility_C3,-0.22853873510954198,1.439005623618498e-12,0.05421358038728144,0.09721517956878455,4.272247807009585e-12,0.13965535473537222,0.17432515472226054
dim 409,409,0.099290326,SolventAccessibility_T12,0.2903042536063504,1.184380780050305e-19,0.04404751681919354,0.1779259339671131,4.731856226516768e-19,0.2405962022065416,0.24625673678715687
dim 409,409,0.099290326,SolventAccessibility_T13,-0.26490608837283736,1.6402349291652027e-16,-0.08510089539069002,0.00915452310752237,5.890736197216965e-16,0.01689339372065563,0.17980519298214734
dim 409,409,0.099290326,SolventAccessibility_T23,0.10589458170756166,0.0011692134964699176,0.12482023192836166,0.00012778219393622863,0.0017750786719134203,0.00034061654249561345,-0.01892565022079999
dim 409,409,0.099290326,SolventAccessibility_group1_D0,0.05364622175733816,0.10077144490448646,0.04428515426880491,0.17559485033029903,0.12256978367843584,0.2379256795550502,0.00936106748853325
dim 409,409,0.099290326,SolventAccessibility_group1_D25,0.06363687413059298,0.051495486977991806,-0.041977941493098164,0.19920684217208692,0.06512492484153451,0.26550313362121725,0.021658932637494813
dim 409,409,0.099290326,SolventAccessibility_group1_D50,0.11406867486394895,0.0004679569918622434,-0.005493114208928895,0.8666434284047255,0.0007344813688063407,0.8931160292723799,0.10857556065502005
dim 409,409,0.099290326,SolventAccessibility_group1_D75,0.20218324121985706,4.2307618014328406e-10,0.10804161059368177,0.0009246979005006337,1.0836460442320314e-09,0.002089642075556236,0.0941416306261753
dim 409,409,0.099290326,SolventAccessibility_group1_D100,-0.03952129270845585,0.2268080570309274,-0.03122758890664213,0.3396547651965997,0.2624874949699576,0.4147886346459389,0.008293703801813719
dim 409,409,0.099290326,SolventAccessibility_group2_D0,0.08138369619513117,0.012702556674964845,0.08194969137759057,0.012093965738572937,0.017423630100362457,0.02158944177810455,-0.0005659951824594084
dim 409,409,0.099290326,SolventAccessibility_group2_D25,-0.32102038271643085,6.670608181663058e-24,-0.14131803416621233,1.4129303947010696e-05,3.052031688596523e-23,4.33748852785071e-05,0.17970234855021852
dim 409,409,0.099290326,SolventAccessibility_group2_D50,-0.21037946778246136,7.81386545337468e-11,-0.11908620672122763,0.00025876536494465213,2.0912107863999544e-10,0.0006473979916967326,0.09129326106123373
dim 409,409,0.099290326,SolventAccessibility_group2_D75,-0.15543731847633369,1.7465007281326206e-06,-0.04219040367712009,0.19694023467683355,3.457802271465888e-06,0.2631121535282496,0.11324691479921359
dim 409,409,0.099290326,SolventAccessibility_group2_D100,0.09779709333150727,0.002728262227549985,-0.013287036921026446,0.6845976620367575,0.003993162068368515,0.7430025323680456,0.08451005641048082
dim 409,409,0.099290326,SolventAccessibility_group3_D0,-0.13662198576766027,2.714675167082517e-05,-0.049784660018747276,0.1277984263961126,4.779660020060942e-05,0.1799522530198213,0.086837325748913
dim 409,409,0.099290326,SolventAccessibility_group3_D25,0.13134513097602826,5.5151460986237296e-05,0.13741257493171813,2.4356285943215993e-05,9.46101077010953e-05,7.237544043624681e-05,-0.006067443955689866
dim 409,409,0.099290326,SolventAccessibility_group3_D50,-0.014101516228942497,0.666396334368053,0.034616596939946655,0.2898126975692438,0.699840037772174,0.3648603128086221,-0.020515080711004156
dim 409,409,0.099290326,SolventAccessibility_group3_D75,-0.10012891144482426,0.00215053617762772,-0.14478297729775966,8.610227186972133e-06,0.003176820359697738,2.7493459660121343e-05,-0.044654065852935396
dim 409,409,0.099290326,SolventAccessibility_group3_D100,-0.1588621820576797,1.0216514655389551e-06,-0.07323408636612164,0.024977722524476203,2.0593336722390527e-06,0.04140227951947916,0.08562809569155808
