row_label,embedding_dim,mean_abs_shap,aac_ctd_feature,pearson_r_raw,p_value_raw,pearson_r_partial,p_value_partial,p_adj_fdr_raw,p_adj_fdr_partial,shrinkage
dim 51,51,0.8171721845158894,AAC_A,-0.022860245459862767,0.4846021666440946,0.19215398760021257,3.040269512978146e-09,0.5159615035356315,2.7896978498206067e-08,-0.1692937421403498
dim 51,51,0.8171721845158894,AAC_C,-0.06055131700236069,0.06392114746486109,0.01826671066872251,0.5765354045203005,0.07671456433080706,0.6893850595635856,0.042284606333638175
dim 51,51,0.8171721845158894,AAC_D,0.22591451799757248,2.6194196032876325e-12,0.053762447959519725,0.10003461935465408,6.653126596943492e-12,0.17347644270225576,0.17215207003805275
dim 51,51,0.8171721845158894,AAC_E,0.33052217974857995,2.544063234701216e-25,-0.13956188184209212,1.8081837760651038e-05,1.1704092567358212e-24,9.510761908751885e-05,0.19096029790648783
dim 51,51,0.8171721845158894,AAC_F,0.11397937004327714,0.00047281831603837506,-0.03770868116579948,0.248849132400892,0.0007270778893039469,0.3645421500960435,0.07627068887747766
dim 51,51,0.8171721845158894,AAC_G,-0.10240673039446044,0.0016964840142678068,0.11613064629458177,0.00036786448519389653,0.002509413909501539,0.0013501839346677083,-0.013723915900121328
dim 51,51,0.8171721845158894,AAC_H,0.3790676830880326,2.1849137805872226e-33,0.06143336471866359,0.06013959735222639,1.5430547965746933e-32,0.11134493079625064,0.31763431836936906
dim 51,51,0.8171721845158894,AAC_I,0.17163791540480342,1.2489899474027947e-07,-0.09557563561347414,0.0034069550174486343,2.492011006168061e-07,0.009692699964462042,0.07606227979132928
dim 51,51,0.8171721845158894,AAC_K,0.2742211252179734,1.2611246473254259e-17,-0.09548825009185742,0.0034365485747137685,4.690597240609045e-17,0.00976857211876084,0.17873287512611602
dim 51,51,0.8171721845158894,AAC_L,0.27255143148822447,2.012191411126366e-17,-0.011918405625435013,0.7155938504285935,7.313078686792234e-17,0.8013093957509637,0.26063302586278947
dim 51,51,0.8171721845158894,AAC_M,0.15635723083293002,1.5139407225305905e-06,-0.11033621806912562,0.0007162862906617293,2.8763151383686986e-06,0.0024141233206964436,0.046021012763804395
dim 51,51,0.8171721845158894,AAC_N,-0.036744856190879124,0.2611594824953762,-0.05734500337821135,0.07935216330270423,0.2864606474661926,0.1419583424911795,-0.020600147187332225
dim 51,51,0.8171721845158894,AAC_P,-0.41001683389526966,2.6991929601517965e-39,-0.02456549457884602,0.45261019267691915,2.2651518811324122e-38,0.5850295471582753,0.3854513393164236
dim 51,51,0.8171721845158894,AAC_Q,0.05311282197119716,0.10420851319077899,-0.04448156285712029,0.1736854272601682,0.12182584321218125,0.27107912478923446,0.008631259114076875
dim 51,51,0.8171721845158894,AAC_R,-0.09147958795585975,0.00507283785217519,0.0188168937060182,0.5651048187361396,0.006926933126028264,0.6789205949350813,0.07266269424984155
dim 51,51,0.8171721845158894,AAC_S,-0.4225843050917181,7.051516663678925e-42,-0.03373442553594132,0.30228704011376195,7.850688552229204e-41,0.43220835358731374,0.3888498795557768
dim 51,51,0.8171721845158894,AAC_T,-0.42362247147378007,4.265516638180975e-42,0.009555722472058763,0.7701939316709623,4.814583388968338e-41,0.8431490435204897,0.4140667490017213
dim 51,51,0.8171721845158894,AAC_V,0.0559047067799537,0.08720636187926037,0.05856644897186135,0.07315045072163748,0.10263187056967217,0.13229231493588836,-0.002661742191907651
dim 51,51,0.8171721845158894,AAC_W,-0.11707389652812265,0.00032908570552186306,-0.005495068477249875,0.8665964283455067,0.0005153053241645676,0.9185757126861289,0.11157882805087278
dim 51,51,0.8171721845158894,AAC_Y,0.023169926101163415,0.478702881736621,-0.0581430565124469,0.07525373770811615,0.5098429926659165,0.13557037968991797,-0.034973130411283485
dim 51,51,0.8171721845158894,Hydrophobicity_C1,0.3369901963508296,2.574992995689868e-26,-0.1351029407975978,3.338159795193282e-05,1.2555440300152056e-25,0.00016324236772980325,0.2018872555532318
dim 51,51,0.8171721845158894,Hydrophobicity_C2,-0.38072989239179383,1.0911727013384642e-33,0.12685917284883,9.869620871629157e-05,7.871526614407063e-33,0.00043431533216391807,0.2538707195429638
dim 51,51,0.8171721845158894,Hydrophobicity_C3,0.3413199056478314,5.389389958102636e-27,-0.07341584001375524,0.024619216898808267,2.698735001508666e-26,0.05360377082269858,0.26790406563407615
dim 51,51,0.8171721845158894,Hydrophobicity_T12,0.08596341342425608,0.00846987881875894,0.004818786407248622,0.882887968207645,0.011063510072215432,0.9319993090434685,0.08114462701700745
dim 51,51,0.8171721845158894,Hydrophobicity_T13,0.3770833879007924,4.978795462567761e-33,-0.07813291756798217,0.016750024513146243,3.471644435276894e-32,0.03805787882578806,0.2989504703328102
dim 51,51,0.8171721845158894,Hydrophobicity_T23,-0.09437858527255225,0.0038332030837651488,0.12590803204261908,0.0001113874502539578,0.005363593757761038,0.000484501127992549,-0.03152944677006683
dim 51,51,0.8171721845158894,Hydrophobicity_group1_D0,-0.002951671897493708,0.928103164986885,-0.029089752525731736,0.3737611864710767,0.9422080763088742,0.5105776535024116,-0.02613808062823803
dim 51,51,0.8171721845158894,Hydrophobicity_group1_D25,-0.4137796743439424,4.6703761083581096e-40,-0.08196808876384883,0.012074624305309182,4.3330711671989127e-39,0.028972008693389752,0.3318115855800936
dim 51,51,0.8171721845158894,Hydrophobicity_group1_D50,-0.23487150518070424,3.2883672426028406e-13,-0.07759525991941409,0.01751862943533185,8.980495985522066e-13,0.03958878370365926,0.15727624526129014
dim 51,51,0.8171721845158894,Hydrophobicity_group1_D75,-0.2570902966332398,1.307477589706662e-15,-0.07993864157125097,0.014380733098613752,4.186936864448947e-15,0.0334017027464325,0.17715165506198882
dim 51,51,0.8171721845158894,Hydrophobicity_group1_D100,0.19268082611897164,2.7481276352651375e-09,-0.0009046531951076198,0.9779374045844081,6.022799410620446e-09,0.9856098163282809,0.191776172923864
dim 51,51,0.8171721845158894,Hydrophobicity_group2_D0,0.1419240722658876,1.2967526949061774e-05,-0.02489330202696894,0.446599670077595,2.2360113582791084e-05,0.5813105604283583,0.11703077023891867
dim 51,51,0.8171721845158894,Hydrophobicity_group2_D25,0.35807420775569293,1.0005565674997167e-29,0.0415576695088723,0.20374636798376405,6.032236345575909e-29,0.3084827148983554,0.31651653824682063
dim 51,51,0.8171721845158894,Hydrophobicity_group2_D50,0.14931905634345904,4.424381539820036e-06,-0.02316480654580346,0.47880008767697546,7.944857173655334e-06,0.6069040959548759,0.12615424979765558
dim 51,51,0.8171721845158894,Hydrophobicity_group2_D75,0.2364242938533819,2.2745721902021385e-13,0.09335373144866534,0.004235963052308855,6.325621245025097e-13,0.011741175597271017,0.14307056240471655
dim 51,51,0.8171721845158894,Hydrophobicity_group2_D100,-0.09968068345320909,0.0022520371915117667,0.03629067712821121,0.2671038121247279,0.003261840511556505,0.38788118804199617,0.06339000632499787
dim 51,51,0.8171721845158894,Hydrophobicity_group3_D0,-0.2648208220407701,1.6784341764019644e-16,-0.01570536757072854,0.6311304517554174,5.651179585869517e-16,0.7383452570448665,0.24911545447004158
dim 51,51,0.8171721845158894,Hydrophobicity_group3_D25,-0.24637602969156064,2.0123054297941445e-14,0.08656242016125587,0.00802168350525173,6.038724290667064e-14,0.020483503751942488,0.15981360953030477
dim 51,51,0.8171721845158894,Hydrophobicity_group3_D50,-0.08786368016901411,0.007120333585608804,0.09664319654545768,0.0030636583178023334,0.009456029493412885,0.008867087332287516,-0.008779516376443572
dim 51,51,0.8171721845158894,Hydrophobicity_group3_D75,-0.03698706586324273,0.25802704119579895,-0.00030314725007683004,0.992606038714214,0.2832107517561513,0.9940942036897975,0.036683918613165896
dim 51,51,0.8171721845158894,Hydrophobicity_group3_D100,-0.06379376259003904,0.05092180518933901,-0.04454268832726688,0.17309435617342514,0.06229993748439278,0.27040933097251635,0.019251074262772158
dim 51,51,0.8171721845158894,NormVanDerWaalsVolume_C1,-0.3737814163867302,1.9358402757984474e-32,0.13151372600122302,5.393840409840864e-05,1.3035698631384705e-31,0.00025126118506092727,0.24226769038550716
dim 51,51,0.8171721845158894,NormVanDerWaalsVolume_C2,0.34768260792190087,5.172544065714126e-28,-0.12055938991385513,0.00021649238295088038,2.7686373685072405e-27,0.0008627263585635615,0.22712321800804575
dim 51,51,0.8171721845158894,NormVanDerWaalsVolume_C3,0.29381085001254165,4.1091878699487863e-20,-0.09380380920376033,0.00405458811744703,1.6635984831065389e-19,0.011313554145591546,0.20000704080878132
dim 51,51,0.8171721845158894,NormVanDerWaalsVolume_T12,-0.1424219796201845,1.2081704996750946e-05,0.05123805555074004,0.11703145733820872,2.087578618165968e-05,0.1978163297113447,0.09118392406944445
dim 51,51,0.8171721845158894,NormVanDerWaalsVolume_T13,0.060181417625966245,0.06556431576710445,0.06353406055009962,0.05187435895371133,0.07854548589029012,0.09788720842112758,-0.003352642924133377
dim 51,51,0.8171721845158894,NormVanDerWaalsVolume_T23,0.27399417992438474,1.3440653496073596e-17,-0.175783491418287,6.099666602756528e-08,4.971404504638517e-17,4.672680379175872e-07,0.09821068850609774
dim 51,51,0.8171721845158894,NormVanDerWaalsVolume_group1_D0,0.13284576866271366,4.5203853255553805e-05,-0.03988215754979937,0.22259126304550586,7.437481274559099e-05,0.33145555888184997,0.09296361111291429
dim 51,51,0.8171721845158894,NormVanDerWaalsVolume_group1_D25,0.27558234847012897,8.59591373855536e-18,-0.008471014900046502,0.7956659951436426,3.2258822344690903e-17,0.8628225746440171,0.2671113335700825
dim 51,51,0.8171721845158894,NormVanDerWaalsVolume_group1_D50,0.10078342825977225,0.002009828803215852,-0.010180417377656813,0.755633911729724,0.002932646659126669,0.8321191114992675,0.09060301088211545
dim 51,51,0.8171721845158894,NormVanDerWaalsVolume_group1_D75,0.2067548166366469,1.6634934648183405e-10,0.06690019794331822,0.040618236299340985,3.901733267200321e-10,0.08027509422473306,0.13985461869332869
dim 51,51,0.8171721845158894,NormVanDerWaalsVolume_group1_D100,-0.11915782571241668,0.0002565431575632255,-0.0004579225437343175,0.9888311718414334,0.0004062845643722965,0.9926949545988542,0.11869990316868236
dim 51,51,0.8171721845158894,NormVanDerWaalsVolume_group2_D0,-0.04680121805549925,0.1522930642680595,-0.02452518739225505,0.45335238290041907,0.17271946847379244,0.5853099957044452,0.022276030663244198
dim 51,51,0.8171721845158894,NormVanDerWaalsVolume_group2_D25,-0.27463732187561485,1.1219155549153951e-17,0.0023707575494581216,0.9422253328398437,4.1927365923326084e-17,0.9681690175931967,0.2722665643261567
dim 51,51,0.8171721845158894,NormVanDerWaalsVolume_group2_D50,-0.04012184752482258,0.21982157676455732,0.05723463151092932,0.079932984039703,0.24367874755845384,0.14253933085563697,-0.017112783986106737
dim 51,51,0.8171721845158894,NormVanDerWaalsVolume_group2_D75,-0.05762924235211517,0.07787214681378365,-0.06544995420329758,0.04518518384270887,0.09216618368463408,0.0873876746002592,-0.00782071185118241
dim 51,51,0.8171721845158894,NormVanDerWaalsVolume_group2_D100,0.12029391509732393,0.00022359724326539876,0.018807799770849908,0.5652928666210961,0.00035596510605644983,0.6789205949350813,0.10148611532647402
dim 51,51,0.8171721845158894,NormVanDerWaalsVolume_group3_D0,-0.13515064317818473,3.3166673384080844e-05,0.0060780051679047865,0.8525985679198971,5.530538647170745e-05,0.9083506273851535,0.12907263801027993
dim 51,51,0.8171721845158894,NormVanDerWaalsVolume_group3_D25,-0.08845896230463851,0.006739127582319179,0.0619900777012147,0.0578495797863794,0.008992683230102301,0.10794279133324425,0.02646888460342381
dim 51,51,0.8171721845158894,NormVanDerWaalsVolume_group3_D50,-0.09586066812325399,0.0033120301463267837,-0.012791121952844053,0.6957710595607702,0.00467745483667292,0.7907027352613041,0.08306954617040993
dim 51,51,0.8171721845158894,NormVanDerWaalsVolume_group3_D75,-0.09802590836618041,0.00266587300671321,-0.023911433597205344,0.4647380074453702,0.003816552011325384,0.59359916230461,0.07411447476897506
dim 51,51,0.8171721845158894,NormVanDerWaalsVolume_group3_D100,0.0808598025056729,0.013289834935328,-0.020189927436107473,0.5370627049092098,0.016954946021388664,0.6577885714692926,0.06066987506956543
dim 51,51,0.8171721845158894,Polarity_C1,0.33393374169074214,7.652546619221538e-26,-0.09522533604523088,0.0035269999863325576,3.6050078572919513e-25,0.009991670868830146,0.23870840564551127
dim 51,51,0.8171721845158894,Polarity_C2,-0.4017418051888763,1.1826169474547126e-37,0.11800372506509332,0.00029462497026421815,9.564020834137386e-37,0.0011233417816010145,0.283738080123783
dim 51,51,0.8171721845158894,Polarity_C3,0.38944875745828467,2.6753997971980093e-35,-0.1096785941181681,0.0007710581911054101,2.0732796572253716e-34,0.002583083609119428,0.27977016334011656
dim 51,51,0.8171721845158894,Polarity_T12,-0.2217027515494597,6.7455267382035575e-12,0.11699641494147253,0.00033212108433122804,1.6889099929235293e-11,0.0012435924009711902,0.10470633660798717
dim 51,51,0.8171721845158894,Polarity_T13,0.41816167994951886,5.885518819914332e-41,-0.0631065477226127,0.053474817058538876,6.162267353766104e-40,0.10067975703242381,0.35505513222690616
dim 51,51,0.8171721845158894,Polarity_T23,-0.04329290661447227,0.18548065132825037,0.005295944726521987,0.8713877368084603,0.20809720370720733,0.922775853183341,0.037996961887950285
dim 51,51,0.8171721845158894,Polarity_group1_D0,-0.18760511038144773,7.188340203738383e-09,-0.001442078580481612,0.9648376211237922,1.5243845257451553e-08,0.9790496168632113,0.1861630318009661
dim 51,51,0.8171721845158894,Polarity_group1_D25,-0.18796754778021843,6.71719067187983e-09,0.08243541741976342,0.011592407193380314,1.426282062560625e-08,0.028077331418339558,0.10553213036045501
dim 51,51,0.8171721845158894,Polarity_group1_D50,-0.09091110455484337,0.005354683676291722,0.06008282237934788,0.0660081172092591,0.007282020960429296,0.12034230975923876,0.03082828217549549
dim 51,51,0.8171721845158894,Polarity_group1_D75,-0.11577475186294367,0.0003835738205905423,-0.025823496825895614,0.42979324594535834,0.0005950471717475203,0.5653327962066929,0.08995125503704805
dim 51,51,0.8171721845158894,Polarity_group1_D100,0.024384382569062092,0.4559504457898368,0.020977678848264757,0.521295493277881,0.48857057713764995,0.6438181624426205,0.0034067037207973355
dim 51,51,0.8171721845158894,Polarity_group2_D0,0.1468868314991196,6.338234922696008e-06,-0.025410743817152675,0.4372050291999148,1.1153690538358623e-05,0.5728775196264085,0.12147608768196692
dim 51,51,0.8171721845158894,Polarity_group2_D25,0.35068181733154935,1.6816044792266202e-28,0.028028488930913458,0.39145156179976287,9.329832160493209e-28,0.5290691567606022,0.3226533284006359
dim 51,51,0.8171721845158894,Polarity_group2_D50,0.23266320495161705,5.529374457901487e-13,0.0516166693801109,0.11434677365832302,1.4798165616499171e-12,0.19426155850396687,0.18104653557150616
dim 51,51,0.8171721845158894,Polarity_group2_D75,0.2700375510341747,4.0413278058753287e-17,0.11896549854165751,0.00026255154753265737,1.4104529646419642e-16,0.001012727551339835,0.1510720524925172
dim 51,51,0.8171721845158894,Polarity_group2_D100,-0.0646534990680929,0.04787215288342082,0.023834001486251827,0.46618563127343593,0.05882744320479232,0.594751722098272,0.04081949758184107
dim 51,51,0.8171721845158894,Polarity_group3_D0,-0.04854930418214797,0.13754162620303886,-0.042428800297487995,0.19441946223263504,0.1578114158427172,0.2963765421528987,0.006120503884659977
dim 51,51,0.8171721845158894,Polarity_group3_D25,-0.45475675229107165,5.216099074820871e-49,-0.07484542766305914,0.02195134628798993,6.832067023490866e-48,0.0484904078054804,0.3799113246280125
dim 51,51,0.8171721845158894,Polarity_group3_D50,-0.2794426525942893,2.864828610921004e-18,-0.06853035823890004,0.035957166698533036,1.1165143011057355e-17,0.07283016177871458,0.21091229435538927
dim 51,51,0.8171721845158894,Polarity_group3_D75,-0.2439686652027985,3.654380334848884e-14,-0.06711815925808527,0.039966833098899854,1.0725509945865792e-13,0.07926913453107216,0.17685050594471324
dim 51,51,0.8171721845158894,Polarity_group3_D100,0.16791142381652555,2.3443130674782862e-07,-0.0032555430567790997,0.920724697475727,4.576274485901505e-07,0.9574160926428793,0.16465588075974644
dim 51,51,0.8171721845158894,Polarizability_C1,-0.31096275156598485,1.8682484443636473e-22,0.14900095777466324,4.638855558335828e-06,7.938867435336619e-22,2.6171921562232542e-05,0.1619617937913216
dim 51,51,0.8171721845158894,Polarizability_C2,0.21597740085045716,2.367493609775408e-11,-0.13759910095770234,2.373883810251646e-05,5.8014883761187545e-11,0.00012123504474373849,0.07837829989275483
dim 51,51,0.8171721845158894,Polarizability_C3,0.29381085001254165,4.1091878699487863e-20,-0.09380380920376033,0.00405458811744703,1.6635984831065389e-19,0.011313554145591546,0.20000704080878132
dim 51,51,0.8171721845158894,Polarizability_T12,-0.3451861980776714,1.3057486138045782e-27,0.07890905873584408,0.015692663896967187,6.83573725722146e-27,0.03607260661794247,0.26627713934182734
dim 51,51,0.8171721845158894,Polarizability_T13,0.1032391755257281,0.0015538233714996888,0.10003616443846718,0.0021711885309348513,0.002309643996799716,0.006557947189261531,0.0032030110872609263
dim 51,51,0.8171721845158894,Polarizability_T23,0.24566281220566738,2.402993086819755e-14,-0.19342606963466644,2.3810161659546284e-09,7.146925120194106e-14,2.2152072407488743e-08,0.052236742571000944
dim 51,51,0.8171721845158894,Polarizability_group1_D0,0.1098820915251852,0.0007537080137447857,-0.03988716948499893,0.2225330945494586,0.0011494907606883946,0.33145555888184997,0.06999492204018627
dim 51,51,0.8171721845158894,Polarizability_group1_D25,0.2558313926521966,1.8148207186193933e-15,-0.047477624677118926,0.14644858208737485,5.718397358668654e-15,0.23619101700049902,0.2083537679750777
dim 51,51,0.8171721845158894,Polarizability_group1_D50,0.23208773454869025,6.325767484305493e-13,0.005931272683173873,0.856117822709133,1.6797998049480818e-12,0.9113644205557483,0.22615646186551638
dim 51,51,0.8171721845158894,Polarizability_group1_D75,0.2462455971427317,2.0787612247124234e-14,0.0875941038896202,0.007299236767838316,6.221382159981625e-14,0.018928145034611783,0.1586514932531115
dim 51,51,0.8171721845158894,Polarizability_group1_D100,-0.0400305743284727,0.22087333928893224,0.0075657691435552414,0.817092771314043,0.24460111181201383,0.8795489983806603,0.032464805184917456
dim 51,51,0.8171721845158894,Polarizability_group2_D0,0.029798802253365092,0.362221797105376,-0.04346675087298138,0.1837195686126271,0.39216233462948324,0.2827757415512325,-0.013667948619616288
dim 51,51,0.8171721845158894,Polarizability_group2_D25,-0.20413340327895568,2.848634999444121e-10,0.023374169826899577,0.4748336610257889,6.598086614523831e-10,0.6030206949909258,0.1807592334520561
dim 51,51,0.8171721845158894,Polarizability_group2_D50,-0.24733821483913201,1.5825141217799666e-14,0.011030144524902877,0.7359681668331909,4.7833458522579984e-14,0.816568737464569,0.23630807031422912
dim 51,51,0.8171721845158894,Polarizability_group2_D75,-0.15136245503488507,3.2567098896079683e-06,-0.0834013872486149,0.010649407218759415,5.96349288996196e-06,0.026172936063764862,0.06796106778627017
dim 51,51,0.8171721845158894,Polarizability_group2_D100,-0.04797595457875779,0.14225353313918773,0.012345975942895403,0.7058571463896359,0.16243651305466222,0.7972819982892743,0.03562997863586239
dim 51,51,0.8171721845158894,Polarizability_group3_D0,-0.13515064317818473,3.3166673384080844e-05,0.0060780051679047865,0.8525985679198971,5.530538647170745e-05,0.9083506273851535,0.12907263801027993
dim 51,51,0.8171721845158894,Polarizability_group3_D25,-0.08845896230463851,0.006739127582319179,0.0619900777012147,0.0578495797863794,0.008992683230102301,0.10794279133324425,0.02646888460342381
dim 51,51,0.8171721845158894,Polarizability_group3_D50,-0.09586066812325399,0.0033120301463267837,-0.012791121952844053,0.6957710595607702,0.00467745483667292,0.7907027352613041,0.08306954617040993
dim 51,51,0.8171721845158894,Polarizability_group3_D75,-0.09802590836618041,0.00266587300671321,-0.023911433597205344,0.4647380074453702,0.003816552011325384,0.59359916230461,0.07411447476897506
dim 51,51,0.8171721845158894,Polarizability_group3_D100,0.0808598025056729,0.013289834935328,-0.020189927436107473,0.5370627049092098,0.016954946021388664,0.6577885714692926,0.06066987506956543
dim 51,51,0.8171721845158894,Charge_C1,0.23838042320844338,1.424329843228108e-13,-0.09030271855487049,0.005671882913529159,4.0145668155121354e-13,0.015179558438451436,0.1480777046535729
dim 51,51,0.8171721845158894,Charge_C2,-0.35224172007778565,9.328871494091631e-29,0.09527411068094463,0.0035100581852627864,5.31713836011366e-28,0.009960572930142486,0.25696760939684105
dim 51,51,0.8171721845158894,Charge_C3,0.3507905618019339,1.6141035973325477e-28,-0.06632125293898389,0.04239225445750112,8.985176691817849e-28,0.0829953868042519,0.28446930886295
dim 51,51,0.8171721845158894,Charge_T12,0.17323296447656328,9.499081082555474e-08,-0.0804702700060828,0.013741901228068907,1.9181941242887112e-07,0.032345278436751335,0.09276269447048048
dim 51,51,0.8171721845158894,Charge_T13,0.27647011905614005,6.6868243406874295e-18,-0.11692075680476093,0.000335110252029515,2.546635495769215e-17,0.0012505790410933858,0.1595493622513791
dim 51,51,0.8171721845158894,Charge_T23,0.3524812948371337,8.519235055301406e-29,-0.017373016709572985,0.5953313525321371,4.872302240531968e-28,0.7046090423307363,0.3351082781275607
dim 51,51,0.8171721845158894,Charge_group1_D0,0.01403753609563091,0.6678192075499856,0.08465136524020857,0.009530547269044771,0.6933528608072589,0.023741777216876064,-0.07061382914457766
dim 51,51,0.8171721845158894,Charge_group1_D25,-0.12413136115090588,0.0001393114382962744,0.011874583730295759,0.7165944165342617,0.00022467416895681142,0.8013821060146716,0.11225677742061012
dim 51,51,0.8171721845158894,Charge_group1_D50,-0.01656907352727357,0.6124743618261121,0.02811501353736448,0.3899905484555412,0.6400702029096417,0.5282110429203194,-0.011545940010090912
dim 51,51,0.8171721845158894,Charge_group1_D75,-0.11479323258398304,0.0004302024307683498,-0.03147796715244789,0.3357948766189857,0.0006642977895359632,0.4690735624874163,0.08331526543153514
dim 51,51,0.8171721845158894,Charge_group1_D100,0.04037752082364282,0.2168945098195722,-0.03232852398767346,0.32289399601096946,0.24091375550295016,0.4563969304598553,0.008048996835969359
dim 51,51,0.8171721845158894,Charge_group2_D0,0.0027495391157465257,0.9330147255355291,-0.013612972975892765,0.6772912062079518,0.945907016841098,0.7766770903833291,-0.01086343386014624
dim 51,51,0.8171721845158894,Charge_group2_D25,0.21510755039202134,2.856347362264503e-11,0.09900484095463719,0.0024133867922595835,6.953498680731371e-11,0.007203495876806978,0.11610270943738416
dim 51,51,0.8171721845158894,Charge_group2_D50,0.04741727735875383,0.14696294763654055,0.0742947919857814,0.022947629292970555,0.16741345331038385,0.05035813524212986,-0.026877514627027567
dim 51,51,0.8171721845158894,Charge_group2_D75,0.09346865447261357,0.004188965210083341,0.1063779131649174,0.0011094673300299101,0.005824789259649608,0.003611716259551559,-0.012909258692303832
dim 51,51,0.8171721845158894,Charge_group2_D100,-0.1509833716583119,3.448249694207616e-06,0.03165317251398165,0.33311070399633685,6.290089556883363e-06,0.46669033194117665,0.11933019914433027
dim 51,51,0.8171721845158894,Charge_group3_D0,-0.024905977559552844,0.4463681718762695,-0.06950893127490905,0.03338408933864319,0.478763549796641,0.06861714362527277,-0.044602953715356206
dim 51,51,0.8171721845158894,Charge_group3_D25,-0.2601635070677374,5.828330162343152e-16,-0.1139305462093028,0.00047549589589353193,1.9141221968757255e-15,0.0016707479189194095,0.14623296085843457
dim 51,51,0.8171721845158894,Charge_group3_D50,-0.06008757773122964,0.06598665561807301,-0.07028877153920753,0.03144775202650376,0.07890992830804293,0.06511809781061535,-0.010201193807977883
dim 51,51,0.8171721845158894,Charge_group3_D75,-0.0487600169569328,0.13584046029489621,-0.11495722056794141,0.0004220610654731849,0.15596670243552882,0.0015103604002886857,-0.06619720361100861
dim 51,51,0.8171721845158894,Charge_group3_D100,0.1373689593755993,2.450284908801122e-05,-0.019113977376144835,0.5589781799937643,4.10428866368894e-05,0.6737593364053313,0.11825498199945444
dim 51,51,0.8171721845158894,SecondaryStructure_C1,0.4222787228122385,8.173285824433635e-42,0.008998003470436507,0.78326177596831,9.009496585349288e-41,0.8535381180209317,0.413280719341802
dim 51,51,0.8171721845158894,SecondaryStructure_C2,-0.20827119802444055,1.2146826912865272e-10,-0.0576232161099815,0.07790329061790201,2.8712244790495406e-10,0.13966558811797783,0.15064798191445905
dim 51,51,0.8171721845158894,SecondaryStructure_C3,-0.42362184334433167,4.266816416570743e-42,0.035492990076541796,0.2777674199023187,4.814583388968338e-41,0.4017943622666715,0.3881288532677899
dim 51,51,0.8171721845158894,SecondaryStructure_T12,0.2755189122024621,8.75126003523619e-18,-0.09349456203311896,0.004178435748734936,3.2804947831300645e-17,0.01160097705800057,0.18202435016934315
dim 51,51,0.8171721845158894,SecondaryStructure_T13,0.2678668587660844,7.336416895076063e-17,0.01696410624727795,0.6040235447097645,2.526147673149902e-16,0.7131278329199765,0.25090275251880645
dim 51,51,0.8171721845158894,SecondaryStructure_T23,-0.3637614849813447,1.0843128965922788e-30,0.05758649495089804,0.0780932856099001,6.820348539770642e-30,0.13993110189756777,0.3061749900304467
dim 51,51,0.8171721845158894,SecondaryStructure_group1_D0,-0.0861666814480486,0.008315341877636764,-0.049542445155696294,0.12966528772232153,0.010882931767753446,0.21492906252732202,0.0366242362923523
dim 51,51,0.8171721845158894,SecondaryStructure_group1_D25,0.046130532968463166,0.15826145990968074,0.019533367765851715,0.550384463040272,0.17918416138926566,0.667302406350111,0.02659716520261145
dim 51,51,0.8171721845158894,SecondaryStructure_group1_D50,0.14979355801947494,4.121994420650083e-06,0.04054271719494171,0.21501821583026373,7.42701831327638e-06,0.32209019079809775,0.10925084082453324
dim 51,51,0.8171721845158894,SecondaryStructure_group1_D75,0.19399451322596412,2.1335147732387946e-09,0.07215570652218078,0.027198983661326902,4.7379915841872165e-09,0.058121948450948084,0.12183880670378333
dim 51,51,0.8171721845158894,SecondaryStructure_group1_D100,0.14928009805507234,4.450129713784753e-06,-0.0019578965463693905,0.9522733809872078,7.982509798088654e-06,0.9729559781270339,0.14732220150870295
dim 51,51,0.8171721845158894,SecondaryStructure_group2_D0,-0.07740672337155609,0.017795368962435783,-0.003514578754555522,0.9144402553882173,0.02248828313830326,0.952363720921935,0.07389214461700057
dim 51,51,0.8171721845158894,SecondaryStructure_group2_D25,0.0687472178700182,0.035372837880552614,0.02102854975124292,0.520285526560204,0.04383869332877393,0.6431360691010665,0.04771866811877527
dim 51,51,0.8171721845158894,SecondaryStructure_group2_D50,-0.003927783171533229,0.9044267434927331,0.04216653800667318,0.19719389652605862,0.9232228983085967,0.3001949017306453,-0.03823875483513995
dim 51,51,0.8171721845158894,SecondaryStructure_group2_D75,-0.1780196782067184,4.114505518056625e-08,-0.039358729066379744,0.2287261219572567,8.488232507911753e-08,0.33938038531196685,0.13866094914033866
dim 51,51,0.8171721845158894,SecondaryStructure_group2_D100,-0.10176356899535127,0.0018148369376518208,-0.05062994454445664,0.12144658423677973,0.002670288710025146,0.20414272337737507,0.05113362445089463
dim 51,51,0.8171721845158894,SecondaryStructure_group3_D0,0.034277446924520144,0.29456688565604117,-0.11600606850641272,0.00037329378822863836,0.3209962147116403,0.0013626243198728437,-0.08172862158189258
dim 51,51,0.8171721845158894,SecondaryStructure_group3_D25,0.00012107034441558332,0.9970469790135849,-0.04621719009688609,0.15748050106252406,0.9970469790135849,0.25034977322647806,-0.04609611975247051
dim 51,51,0.8171721845158894,SecondaryStructure_group3_D50,-0.17091975735241424,1.4116398785031008e-07,-0.07725053293759285,0.018027518875029392,2.8048049935754647e-07,0.040601424843289394,0.0936692244148214
dim 51,51,0.8171721845158894,SecondaryStructure_group3_D75,-0.09092466273116548,0.005347800633527405,-0.06733023775649921,0.039341526566515336,0.007275622857833617,0.07835949137555849,0.023594424974666267
dim 51,51,0.8171721845158894,SecondaryStructure_group3_D100,-0.09407804417728255,0.003947555487540808,0.02196453792288211,0.501884203629174,0.005509751495355745,0.6275901310825313,0.07211350625440044
dim 51,51,0.8171721845158894,SolventAccessibility_C1,0.19226160268671333,2.9782414287919046e-09,0.18850043496904517,6.078490486185276e-09,6.484567387330483e-09,5.2870203707965686e-08,0.003761167717668157
dim 51,51,0.8171721845158894,SolventAccessibility_C2,0.3369901963508296,2.574992995689868e-26,-0.1351029407975978,3.338159795193282e-05,1.2555440300152056e-25,0.00016324236772980325,0.2018872555532318
dim 51,51,0.8171721845158894,SolventAccessibility_C3,-0.49866153347168507,4.676199937927046e-60,-0.05312153597703449,0.10415162506912215,8.39704720036362e-59,0.17940506845325838,0.44553999749465056
dim 51,51,0.8171721845158894,SolventAccessibility_T12,0.4607162756273662,2.0437067684910879e-50,0.0091903472936026,0.7787478854764429,2.904672598621376e-49,0.8500058619252677,0.45152592833376365
dim 51,51,0.8171721845158894,SolventAccessibility_T13,-0.32749716231826886,7.288613318324432e-25,0.03669181112811402,0.2618489915834192,3.285285895169177e-24,0.38145437072577126,0.2908053511901548
dim 51,51,0.8171721845158894,SolventAccessibility_T23,-0.08179207523578291,0.012260796542263972,-0.11945991503807625,0.0002473650346102386,0.015738301480077505,0.0009618601352850545,-0.03766783980229334
dim 51,51,0.8171721845158894,SolventAccessibility_group1_D0,-0.0040814950046745724,0.9007055047745719,-0.048217790809101664,0.14025119855864662,0.9199866623691346,0.22839541842314956,-0.04413629580442709
dim 51,51,0.8171721845158894,SolventAccessibility_group1_D25,0.1964092851512038,1.333525424989247e-09,0.032886756305691225,0.31460473742010425,3.0053811872227295e-09,0.4467601288193658,0.16352252884551255
dim 51,51,0.8171721845158894,SolventAccessibility_group1_D50,0.22826426361352062,1.532576023791307e-12,0.03138170154536265,0.3372755808238597,3.949694382301671e-12,0.4703550897501843,0.19688256206815796
dim 51,51,0.8171721845158894,SolventAccessibility_group1_D75,0.19946166794005502,7.299442479909822e-10,0.012806376591620929,0.6954263592138173,1.661904422828821e-09,0.7907027352613041,0.1866552913484341
dim 51,51,0.8171721845158894,SolventAccessibility_group1_D100,-0.0211202649555662,0.5184672042589757,-0.0008409977779513478,0.9794894724283398,0.5504387991814936,0.9868762708629427,0.02027926717761485
dim 51,51,0.8171721845158894,SolventAccessibility_group2_D0,-0.002951671897493708,0.928103164986885,-0.029089752525731736,0.3737611864710767,0.9422080763088742,0.5105776535024116,-0.02613808062823803
dim 51,51,0.8171721845158894,SolventAccessibility_group2_D25,-0.4137796743439424,4.6703761083581096e-40,-0.08196808876384883,0.012074624305309182,4.3330711671989127e-39,0.028972008693389752,0.3318115855800936
dim 51,51,0.8171721845158894,SolventAccessibility_group2_D50,-0.23487150518070424,3.2883672426028406e-13,-0.07759525991941409,0.01751862943533185,8.980495985522066e-13,0.03958878370365926,0.15727624526129014
dim 51,51,0.8171721845158894,SolventAccessibility_group2_D75,-0.2570902966332398,1.307477589706662e-15,-0.07993864157125097,0.014380733098613752,4.186936864448947e-15,0.0334017027464325,0.17715165506198882
dim 51,51,0.8171721845158894,SolventAccessibility_group2_D100,0.19268082611897164,2.7481276352651375e-09,-0.0009046531951076198,0.9779374045844081,6.022799410620446e-09,0.9856098163282809,0.191776172923864
dim 51,51,0.8171721845158894,SolventAccessibility_group3_D0,-0.1743724541462468,7.799790797899925e-08,-0.016456818524898723,0.6148852871635779,1.5817952313938332e-07,0.7226308441683147,0.15791563562134808
dim 51,51,0.8171721845158894,SolventAccessibility_group3_D25,0.056896812893793544,0.08173218530193159,0.06872367661539858,0.0354358758997881,0.09652952578092346,0.07194883009440257,-0.011826863721605033
dim 51,51,0.8171721845158894,SolventAccessibility_group3_D50,-0.07636733910254735,0.01939070163672219,0.004829679749098907,0.8826251377424398,0.02442117023629416,0.9319993090434685,0.07153765935344844
dim 51,51,0.8171721845158894,SolventAccessibility_group3_D75,0.10349584561288644,0.0015121138174709237,0.0872652060519405,0.007522955387015809,0.002251396830061961,0.019402834743345792,0.016230639560945934
dim 51,51,0.8171721845158894,SolventAccessibility_group3_D100,-0.1776053876419557,4.427516287628451e-08,-0.01649925171151298,0.6139734500889497,9.111462970227373e-08,0.7220673673581309,0.1611061359304427
dim 8,8,0.6541708383923958,AAC_A,-0.02456297795689215,0.4526565120448003,0.1917563898001437,3.280518621913539e-09,0.4851966464151582,2.98554010822649e-08,-0.16719341184325154
dim 8,8,0.6541708383923958,AAC_C,-0.062433383862774514,0.05607822914280835,0.015772888722758935,0.6296632980615008,0.06801063374618006,0.7371452560551744,0.04666049514001558
dim 8,8,0.6541708383923958,AAC_D,0.23023331617528148,9.735618867626973e-13,0.06015750955670262,0.06567170565556997,2.556365331593875e-12,0.11979437295991464,0.17007580661857885
dim 8,8,0.6541708383923958,AAC_E,0.3349990222620225,5.242553819218429e-26,-0.13536273780415015,3.222686467325384e-05,2.505025716193069e-25,0.0001587577109272387,0.19963628445787235
dim 8,8,0.6541708383923958,AAC_F,0.11411676179306042,0.00046535869402509756,-0.038770941815144115,0.235757471231511,0.0007159364523463039,0.34803734403794595,0.07534581997791631
dim 8,8,0.6541708383923958,AAC_G,-0.10217226292406596,0.0017387837162406584,0.11869496105994676,0.00027122649457967903,0.0025663003147343346,0.0010424585637469827,-0.016522698135880795
dim 8,8,0.6541708383923958,AAC_H,0.38163742806508494,7.456242683373574e-34,0.0638838345164289,0.050594867719632786,5.461370737383276e-33,0.09579753865281945,0.31775359354865607
dim 8,8,0.6541708383923958,AAC_I,0.17296279970682657,9.95162561531213e-08,-0.09572152477605549,0.003358064669236618,2.0035219743907482e-07,0.0095617527666243,0.07724127493077108
dim 8,8,0.6541708383923958,AAC_K,0.2757300485526761,8.24466859718436e-18,-0.09606113546628643,0.0032467156394375726,3.108035340247828e-17,0.009300197457737129,0.17966891308638966
dim 8,8,0.6541708383923958,AAC_L,0.27410995472839317,1.3011034830278928e-17,-0.011395895543855273,0.7275554042651624,4.82853959257018e-17,0.8092024809342798,0.2627140591845379
dim 8,8,0.6541708383923958,AAC_M,0.1576434113988607,1.2380538034861631e-06,-0.11061472120186028,0.0006941969922562116,2.3642651250107404e-06,0.0023467793058054116,0.04702869019700043
dim 8,8,0.6541708383923958,AAC_N,-0.0388410780608902,0.2349105399975368,-0.061271430499016656,0.06081962519062344,0.2588588596475661,0.11241701612433995,-0.02243035243812646
dim 8,8,0.6541708383923958,AAC_P,-0.4113923823440692,1.4251019484854056e-39,-0.0240788701502173,0.4616162677732485,1.2267630175106326e-38,0.5920884540563173,0.3873135121938519
dim 8,8,0.6541708383923958,AAC_Q,0.05055169184452735,0.12202405229400141,-0.049704848527457754,0.12841125086111457,0.14166156922556994,0.2133798894906083,0.0008468433170695927
dim 8,8,0.6541708383923958,AAC_R,-0.08856488665263543,0.0066732484512373215,0.024622173788742735,0.4515676989436965,0.008911895172783948,0.5850295471582753,0.06394271286389269
dim 8,8,0.6541708383923958,AAC_S,-0.4264830164322265,1.0579896693713851e-42,-0.0381390612935027,0.24348508942000618,1.2530799630143355e-41,0.35746821919244864,0.38834395513872383
dim 8,8,0.6541708383923958,AAC_T,-0.4273782354672309,6.8201117934297434e-43,0.005880440989559407,0.8573376481916535,8.106467398596207e-42,0.9122356626187074,0.4214977944776715
dim 8,8,0.6541708383923958,AAC_V,0.05955412722677043,0.06843025264851563,0.06496423891096825,0.046808284728379376,0.08159837338309253,0.08960417479745499,-0.0054101116841978256
dim 8,8,0.6541708383923958,AAC_W,-0.1193959549968894,0.0002492822306627941,-0.008620677998926716,0.792137841216183,0.0003957236931624203,0.8606832757521312,0.11077527699796269
dim 8,8,0.6541708383923958,AAC_Y,0.020213052674149676,0.5365964551308169,-0.06396494496330461,0.05030196230836398,0.5686015736475027,0.09535105227578644,-0.04375189228915494
dim 8,8,0.6541708383923958,Hydrophobicity_C1,0.34075259221897364,6.624491296196143e-27,-0.13227229987768593,4.87859759324954e-05,3.302358347655988e-26,0.0002291774396828898,0.2084802923412877
dim 8,8,0.6541708383923958,Hydrophobicity_C2,-0.3845786292953038,2.152631235085756e-34,0.12397933675890001,0.00014198427887309844,1.6229770485748136e-33,0.0005965125678442124,0.2605992925364038
dim 8,8,0.6541708383923958,Hydrophobicity_C3,0.3443061373372626,1.806198617423512e-27,-0.0714476530530846,0.028748280012183755,9.324116510347031e-27,0.060731051737680466,0.272858484284178
dim 8,8,0.6541708383923958,Hydrophobicity_T12,0.08876607906740278,0.006549707444595791,0.008955551856043218,0.7842590106616054,0.00876794503605208,0.8540675238375488,0.07981052721135956
dim 8,8,0.6541708383923958,Hydrophobicity_T13,0.3803062914604442,1.3028804837524688e-33,-0.07597273801129213,0.020028269162719204,9.318245858101168e-33,0.04462603002233632,0.3043335534491521
dim 8,8,0.6541708383923958,Hydrophobicity_T23,-0.09587387277284837,0.0033076914389134644,0.12557457005602965,0.0001161897788066459,0.004675281170533631,0.0005026863487230535,-0.029700697283181282
dim 8,8,0.6541708383923958,Hydrophobicity_group1_D0,-0.0033223119421723767,0.9191043346543762,-0.03003867616485554,0.3583689718867098,0.9347772465729649,0.49419998600396814,-0.026716364222683163
dim 8,8,0.6541708383923958,Hydrophobicity_group1_D25,-0.41506772648186946,2.5486716687153788e-40,-0.08199543080958925,0.012045929793933421,2.453188292077627e-39,0.02895090610692826,0.3330722956722802
dim 8,8,0.6541708383923958,Hydrophobicity_group1_D50,-0.23477777650929713,3.3620680747732435e-13,-0.07661598786698873,0.018998109719933234,9.166781526320518e-13,0.04264360649501142,0.1581617886423084
dim 8,8,0.6541708383923958,Hydrophobicity_group1_D75,-0.2576601959362922,1.1264588273922041e-15,-0.07995580305122882,0.0143597093975779,3.628131613780098e-15,0.03339932408628843,0.17770439288506337
dim 8,8,0.6541708383923958,Hydrophobicity_group1_D100,0.19426857285566182,2.0233130679328868e-09,0.0003757159759682409,0.9908361098472631,4.51125877629896e-09,0.9932150680941952,0.19389285687969357
dim 8,8,0.6541708383923958,Hydrophobicity_group2_D0,0.14185830694825888,1.3089053812738958e-05,-0.02635663875973319,0.4203283279849857,2.2546384597497743e-05,0.5564235329342947,0.11550166818852568
dim 8,8,0.6541708383923958,Hydrophobicity_group2_D25,0.3592014038519541,6.464192501280753e-30,0.04126936262490454,0.20690366184214667,3.9255278098686756e-29,0.3119901718071196,0.31793204122704954
dim 8,8,0.6541708383923958,Hydrophobicity_group2_D50,0.14939344991829384,4.375608942405659e-06,-0.024424932235231782,0.4552013867519004,7.86150288737757e-06,0.586563515336168,0.12496851768306205
dim 8,8,0.6541708383923958,Hydrophobicity_group2_D75,0.23658959391712786,2.1867105136976098e-13,0.09300203894274894,0.004382769296807323,6.091420446830707e-13,0.012117921731238792,0.14358755497437892
dim 8,8,0.6541708383923958,Hydrophobicity_group2_D100,-0.09904347141677301,0.002403886879005749,0.03853770581005817,0.23858942131500382,0.0034652491048248607,0.3512069930331039,0.06050576560671484
dim 8,8,0.6541708383923958,Hydrophobicity_group3_D0,-0.2664336029278966,1.084372148260048e-16,-0.016709009926436095,0.6094747745263529,3.684438428472594e-16,0.7182941943959135,0.2497245930014605
dim 8,8,0.6541708383923958,Hydrophobicity_group3_D25,-0.24848998986175636,1.1853685416301046e-14,0.08573303025673194,0.008648126240460774,3.615644684058949e-14,0.021865815021301273,0.1627569596050244
dim 8,8,0.6541708383923958,Hydrophobicity_group3_D50,-0.08749338959674535,0.007367101831225747,0.0990878089575609,0.0023930256231113065,0.00974114018855661,0.007149110537738607,-0.011594419360815553
dim 8,8,0.6541708383923958,Hydrophobicity_group3_D75,-0.03597990838569,0.27122431132424424,0.0016457000146482496,0.9598766165655179,0.2968182175042515,0.978031695951443,0.03433420837104175
dim 8,8,0.6541708383923958,Hydrophobicity_group3_D100,-0.06277203444445614,0.05475564396576436,-0.04290890127040011,0.1894148317096171,0.06664863369010676,0.28954029194971215,0.01986313317405603
dim 8,8,0.6541708383923958,NormVanDerWaalsVolume_C1,-0.37654581183408264,6.217305689498354e-33,0.13081996103112334,5.9097608632749004e-05,4.3262085422759376e-32,0.0002745285296709064,0.2457258508029593
dim 8,8,0.6541708383923958,NormVanDerWaalsVolume_C2,0.3504614267723385,1.827099216409607e-28,-0.1195472057374763,0.0002447707793290437,1.0086795674062954e-27,0.0009550635548586518,0.2309142210348622
dim 8,8,0.6541708383923958,NormVanDerWaalsVolume_C3,0.2957356914172946,2.2838262649670605e-20,-0.09373696519135127,0.004081072529723943,9.325158588007312e-20,0.011358985207731643,0.20199872622594334
dim 8,8,0.6541708383923958,NormVanDerWaalsVolume_T12,-0.1418590189043893,1.3087732408999065e-05,0.05387873127811847,0.09930173040775295,2.2546384597497743e-05,0.17238450081179565,0.08798028762627082
dim 8,8,0.6541708383923958,NormVanDerWaalsVolume_T13,0.059144161697689164,0.0703582540938313,0.0621314213035704,0.05727982872830461,0.0837777428425656,0.1069992326356473,-0.002987259605881233
dim 8,8,0.6541708383923958,NormVanDerWaalsVolume_T23,0.27672664351270576,6.217685087750188e-18,-0.17500439401818912,6.988261517253575e-08,2.3842787822141935e-17,5.304725788097031e-07,0.10172224949451664
dim 8,8,0.6541708383923958,NormVanDerWaalsVolume_group1_D0,0.13290581692677833,4.4843520276030446e-05,-0.04124496087655213,0.20717250770133952,7.381831331786185e-05,0.31211374637910416,0.0916608560502262
dim 8,8,0.6541708383923958,NormVanDerWaalsVolume_group1_D25,0.27652196004416535,6.5892858311080356e-18,-0.00903407631925548,0.7824146646527843,2.512353273504662e-17,0.8531717205159319,0.2674878837249099
dim 8,8,0.6541708383923958,NormVanDerWaalsVolume_group1_D50,0.099764320280641,0.002232771340074304,-0.012758998404528247,0.6964971421951539,0.0032367431752813257,0.7912586581400728,0.08700532187611275
dim 8,8,0.6541708383923958,NormVanDerWaalsVolume_group1_D75,0.2062851388125335,1.8327643069549067e-10,0.06537087023172336,0.045446181889664754,4.295742305424132e-10,0.08768933998352414,0.14091426858081013
dim 8,8,0.6541708383923958,NormVanDerWaalsVolume_group1_D100,-0.11912697963532484,0.0002574980559868337,0.00046339732554569614,0.9886976496142842,0.0004076035578180211,0.9926949545988542,0.11866358230977915
dim 8,8,0.6541708383923958,NormVanDerWaalsVolume_group2_D0,-0.046514356001112575,0.15482455982776563,-0.024001903705420456,0.4630498002304838,0.17553089946528758,0.5927889355192855,0.02251245229569212
dim 8,8,0.6541708383923958,NormVanDerWaalsVolume_group2_D25,-0.2761361125670607,7.350266132501328e-18,0.0018565063580575792,0.9547421960924866,2.7897601002902764e-17,0.9742862618236802,0.27427960620900316
dim 8,8,0.6541708383923958,NormVanDerWaalsVolume_group2_D50,-0.03920227294191794,0.23058298702476077,0.05976074551120754,0.06747511837953943,0.2543418681184614,0.1226820334173444,-0.020558472569289596
dim 8,8,0.6541708383923958,NormVanDerWaalsVolume_group2_D75,-0.0564597213262478,0.08410863564888106,-0.06386829866131648,0.05065113316763233,0.09916090471841255,0.09584973641920226,-0.007408577335068681
dim 8,8,0.6541708383923958,NormVanDerWaalsVolume_group2_D100,0.12170703394882199,0.00018814430083652722,0.020535678667006896,0.5301129631066243,0.00030095879539942573,0.6516662851586769,0.10117135528181509
dim 8,8,0.6541708383923958,NormVanDerWaalsVolume_group3_D0,-0.13793019723785757,2.2679280298733376e-05,0.002433956386901398,0.9406879943360972,3.8103016196061105e-05,0.9676310135763981,0.13549624085095618
dim 8,8,0.6541708383923958,NormVanDerWaalsVolume_group3_D25,-0.08893091778862744,0.006450023986343837,0.06259080635145399,0.05546015517747834,0.008641428044279349,0.10365804045482802,0.02634011143717345
dim 8,8,0.6541708383923958,NormVanDerWaalsVolume_group3_D50,-0.09565179973552379,0.0033813507764630566,-0.011894470806471083,0.7161402833283314,0.004769303882342318,0.8013093957509637,0.0837573289290527
dim 8,8,0.6541708383923958,NormVanDerWaalsVolume_group3_D75,-0.09742091333388146,0.0028337327117336133,-0.022468718164824816,0.4921165478452013,0.004048189588190876,0.6179207781214182,0.07495219516905664
dim 8,8,0.6541708383923958,NormVanDerWaalsVolume_group3_D100,0.08156836256255222,0.01250108261988588,-0.01983333506851277,0.5442779411551102,0.01600982206687839,0.6630341604043474,0.061735027494039446
dim 8,8,0.6541708383923958,Polarity_C1,0.335658641869081,4.144839391876588e-26,-0.0958543021958166,0.0033141236742886067,1.9919084271752237e-25,0.00945275241001191,0.23980433967326442
dim 8,8,0.6541708383923958,Polarity_C2,-0.40506107350657167,2.6297506807744655e-38,0.11621322493880966,0.0003643062934283689,2.1527860965163517e-37,0.001338595181573985,0.288847848567762
dim 8,8,0.6541708383923958,Polarity_C3,0.3934109120949067,4.778902004244619e-36,-0.10643893191117317,0.001102128336758485,3.720636991649657e-35,0.0035913255070959414,0.28697198018373354
dim 8,8,0.6541708383923958,Polarity_T12,-0.22467030979645314,3.4707411734342437e-12,0.11482147770677636,0.00042878981495843624,8.775378894224356e-12,0.0015300833140610864,0.10984883208967677
dim 8,8,0.6541708383923958,Polarity_T13,0.42116666545204445,1.396885620901617e-41,-0.06146783541101734,0.05999565635575461,1.5247052201998042e-40,0.1111400400600224,0.3596988300410271
dim 8,8,0.6541708383923958,Polarity_T23,-0.041264044955509525,0.20696222762164565,0.009068634100613763,0.7816033737316224,0.23087970616442766,0.8525654043970015,0.03219541085489576
dim 8,8,0.6541708383923958,Polarity_group1_D0,-0.18837797276445511,6.219832475916164e-09,-0.0013862775176672858,0.9661973959193734,1.3223577638166766e-08,0.9793928080032495,0.18699169524678783
dim 8,8,0.6541708383923958,Polarity_group1_D25,-0.18966507583416584,4.881178724504185e-09,0.0818919037372435,0.012154897122943504,1.043734759272982e-08,0.02906462201921211,0.10777317209692233
dim 8,8,0.6541708383923958,Polarity_group1_D50,-0.09077549860047203,0.00542396710344928,0.061706181294092666,0.05900816942742964,0.007367242832663927,0.1097367961512333,0.029069317306379364
dim 8,8,0.6541708383923958,Polarity_group1_D75,-0.11476397233124602,0.00043167038979441413,-0.02358668977824803,0.47082592047757477,0.0006659487768652856,0.5990699331028951,0.09117728255299799
dim 8,8,0.6541708383923958,Polarity_group1_D100,0.023669716483994917,0.4692652656447436,0.019860369200262087,0.5437292557091217,0.5005895839199757,0.6630341604043474,0.00380934728373283
dim 8,8,0.6541708383923958,Polarity_group2_D0,0.1467073993510539,6.507100423730744e-06,-0.027112572852776073,0.40711982226908977,1.1432780334171849e-05,0.5454247359218645,0.11959482649827782
dim 8,8,0.6541708383923958,Polarity_group2_D25,0.3519796859054818,1.0301845834305434e-28,0.02795008956548727,0.39277823645502424,5.8417937328659e-28,0.5304809178163288,0.3240295963399945
dim 8,8,0.6541708383923958,Polarity_group2_D50,0.2323746458706787,5.915586023452898e-13,0.049995575924758576,0.12618985898912757,1.5781195941160287e-12,0.2106317486375243,0.18237906994592012
dim 8,8,0.6541708383923958,Polarity_group2_D75,0.2702270432795209,3.835358607965065e-17,0.11870374978630363,0.0002709405129898579,1.3399683839543218e-16,0.0010424585637469827,0.15152329349321728
dim 8,8,0.6541708383923958,Polarity_group2_D100,-0.06425791562454305,0.049255781415311166,0.025257345660909793,0.43997820589361464,0.06042304726458348,0.5747075509130516,0.03900056996363326
dim 8,8,0.6541708383923958,Polarity_group3_D0,-0.04909390669420486,0.13317811680843694,-0.04349845326535284,0.1833997534690887,0.15333157881426382,0.28254390063964774,0.005595453428852017
dim 8,8,0.6541708383923958,Polarity_group3_D25,-0.456739072830028,1.7883233873611667e-49,-0.07576017808578563,0.02037922000214309,2.418218669549108e-48,0.04534749820596797,0.3809788947442424
dim 8,8,0.6541708383923958,Polarity_group3_D50,-0.27918838483342867,3.0815078381377154e-18,-0.0667855252185316,0.04096454168377927,1.19816486372293e-17,0.0807427683314619,0.21240285961489708
dim 8,8,0.6541708383923958,Polarity_group3_D75,-0.24411584091583405,3.524132322485388e-14,-0.06635051510973829,0.042301043906155085,1.036144538477218e-13,0.08293874087334376,0.17776532580609578
dim 8,8,0.6541708383923958,Polarity_group3_D100,0.16969674513601965,1.7368063860138944e-07,-0.0014909036036984194,0.9636479238785325,3.428447594140903e-07,0.9790496168632113,0.16820584153232124
dim 8,8,0.6541708383923958,Polarizability_C1,-0.3135623988340893,7.991835925514085e-23,0.14841210165341345,5.062394990552339e-06,3.4265381246748453e-22,2.8417477762092125e-05,0.16515029718067586
dim 8,8,0.6541708383923958,Polarizability_C2,0.21830575089300588,1.426805131630394e-11,-0.13676546850884083,2.6618750090778533e-05,3.5510649326717706e-11,0.00013450321528472056,0.08154028238416505
dim 8,8,0.6541708383923958,Polarizability_C3,0.2957356914172946,2.2838262649670605e-20,-0.09373696519135127,0.004081072529723943,9.325158588007312e-20,0.011358985207731643,0.20199872622594334
dim 8,8,0.6541708383923958,Polarizability_T12,-0.34720175027391603,6.186575878688244e-28,0.0788782853757822,0.015733444047981816,3.290312648856486e-27,0.03614147394790871,0.26832346489813386
dim 8,8,0.6541708383923958,Polarizability_T13,0.10218503683717112,0.0017364544951486533,0.09873073470413525,0.0024817858554960037,0.0025639955852327593,0.007374701741420509,0.0034543021330358664
dim 8,8,0.6541708383923958,Polarizability_T23,0.24834294889556058,1.230014556772873e-14,-0.19276431347305117,2.704411328462895e-09,3.74498506802315e-14,2.5021423371374153e-08,0.055578635422509404
dim 8,8,0.6541708383923958,Polarizability_group1_D0,0.10976355110981183,0.0007637702302712738,-0.041378729546716085,0.20570181930864898,0.0011643051433619601,0.31059858792535605,0.06838482156309575
dim 8,8,0.6541708383923958,Polarizability_group1_D25,0.25700432633663256,1.337160037375542e-15,-0.04794223624228597,0.1425344434960945,4.26970795873261e-15,0.2315264198398251,0.2090620900943466
dim 8,8,0.6541708383923958,Polarizability_group1_D50,0.2322924917526541,6.03029622091961e-13,0.004601229226690154,0.8881397643196041,1.6061554527808214e-12,0.9347605813376475,0.22769126252596394
dim 8,8,0.6541708383923958,Polarizability_group1_D75,0.24642113010206684,1.9898156942038274e-14,0.08711071741277658,0.007630143077115166,5.981984175194224e-14,0.019633804220003586,0.15931041268929025
dim 8,8,0.6541708383923958,Polarizability_group1_D100,-0.03976134702406516,0.2239966787798695,0.008398484019311784,0.7973773427812465,0.2478955954687754,0.8635669017150984,0.031362863004753376
dim 8,8,0.6541708383923958,Polarizability_group2_D0,0.029977968254516582,0.35934161409135545,-0.043908559359832344,0.1792996389080798,0.38917023056586486,0.27682823812687185,-0.013930591105315762
dim 8,8,0.6541708383923958,Polarizability_group2_D25,-0.2057471393342873,2.0473464808952193e-10,0.022395450933635486,0.4935296274766378,4.778572499084579e-10,0.6194622156226871,0.1833516884006518
dim 8,8,0.6541708383923958,Polarizability_group2_D50,-0.24788555778827306,1.3797185734583651e-14,0.0120930316663616,0.7116115481349655,4.1969581378423856e-14,0.7997359266012892,0.23579252612191146
dim 8,8,0.6541708383923958,Polarizability_group2_D75,-0.15071673840546115,3.5893828173666913e-06,-0.08221361814824459,0.011819103806105445,6.536825850602372e-06,0.028543605721180178,0.06850312025721657
dim 8,8,0.6541708383923958,Polarizability_group2_D100,-0.048773405924373674,0.13573291655605768,0.011509216807523377,0.7249554470172996,0.15589681612697134,0.8073861930769526,0.037264189116850296
dim 8,8,0.6541708383923958,Polarizability_group3_D0,-0.13793019723785757,2.2679280298733376e-05,0.002433956386901398,0.9406879943360972,3.8103016196061105e-05,0.9676310135763981,0.13549624085095618
dim 8,8,0.6541708383923958,Polarizability_group3_D25,-0.08893091778862744,0.006450023986343837,0.06259080635145399,0.05546015517747834,0.008641428044279349,0.10365804045482802,0.02634011143717345
dim 8,8,0.6541708383923958,Polarizability_group3_D50,-0.09565179973552379,0.0033813507764630566,-0.011894470806471083,0.7161402833283314,0.004769303882342318,0.8013093957509637,0.0837573289290527
dim 8,8,0.6541708383923958,Polarizability_group3_D75,-0.09742091333388146,0.0028337327117336133,-0.022468718164824816,0.4921165478452013,0.004048189588190876,0.6179207781214182,0.07495219516905664
dim 8,8,0.6541708383923958,Polarizability_group3_D100,0.08156836256255222,0.01250108261988588,-0.01983333506851277,0.5442779411551102,0.01600982206687839,0.6630341604043474,0.061735027494039446
dim 8,8,0.6541708383923958,Charge_C1,0.2424663014453111,5.285825227109545e-14,-0.08592834879300336,0.008496794926477154,1.5311930840022446e-13,0.021532090329615852,0.15653795265230774
dim 8,8,0.6541708383923958,Charge_C2,-0.35789044107533524,1.0742382408114069e-29,0.08846327146944444,0.006736436171394996,6.441358267637381e-29,0.017702357838284253,0.2694271696058908
dim 8,8,0.6541708383923958,Charge_C3,0.3561950545224125,2.0646397901147347e-29,-0.05971899890543909,0.06766721246939238,1.2140663554547913e-28,0.12296435780618636,0.29647605561697343
dim 8,8,0.6541708383923958,Charge_T12,0.17669453407452623,5.198836945857185e-08,-0.07673631598568526,0.01881062760608615,1.0657282247577309e-07,0.042308078252072556,0.09995821808884098
dim 8,8,0.6541708383923958,Charge_T13,0.28011843796586466,2.3592883879437764e-18,-0.11381503469517495,0.00048188706710607657,9.238010803906464e-18,0.0016878702093099632,0.1663034032706897
dim 8,8,0.6541708383923958,Charge_T23,0.3578396232508131,1.0955459628436835e-29,-0.010412615888701224,0.7502436718785371,6.545838132196606e-29,0.8272743030948544,0.34742700736211185
dim 8,8,0.6541708383923958,Charge_group1_D0,0.013323819985055479,0.6837716096943875,0.08437842876132273,0.00976550646643787,0.7090335847187998,0.024250402675020436,-0.07105460877626725
dim 8,8,0.6541708383923958,Charge_group1_D25,-0.12519971484837109,0.00012182075248216113,0.011122732808185294,0.7338354763198217,0.00019703695558858023,0.8148306153285254,0.11407698204018579
dim 8,8,0.6541708383923958,Charge_group1_D50,-0.016759519834363665,0.60839368021265,0.028256590432278655,0.3876070990667005,0.6368019090912725,0.5254089735725567,-0.01149707059791499
dim 8,8,0.6541708383923958,Charge_group1_D75,-0.1155634844905402,0.0003931930631802287,-0.03231441997408406,0.3231052533756725,0.000609403633884902,0.4565023461399095,0.08324906451645614
dim 8,8,0.6541708383923958,Charge_group1_D100,0.040987619091077655,0.21002318674283196,-0.031991123786354984,0.3279724128472669,0.2339818024419809,0.4614270677800638,0.008996495304722671
dim 8,8,0.6541708383923958,Charge_group2_D0,0.0026427610438132477,0.935610332258007,-0.013975658626378052,0.6691964538698528,0.9478127114776291,0.7707366839714191,-0.011332897582564803
dim 8,8,0.6541708383923958,Charge_group2_D25,0.21576200120718958,2.4803238413758278e-11,0.09972255956747385,0.0022423720462139175,6.064627840552903e-11,0.006741244495368573,0.11603944163971573
dim 8,8,0.6541708383923958,Charge_group2_D50,0.046926436768573165,0.15119794940124415,0.07402806833110682,0.023444160330529186,0.17165232868802022,0.05134655442883113,-0.02710163156253366
dim 8,8,0.6541708383923958,Charge_group2_D75,0.09272146169118642,0.004503175223094837,0.10573493274645791,0.0011895913671689886,0.006220266850759617,0.0038500340759151375,-0.013013471055271494
dim 8,8,0.6541708383923958,Charge_group2_D100,-0.15238647739944894,2.7888918713208827e-06,0.030759041504491335,0.3469539822752197,5.157751301335409e-06,0.480840788713375,0.1216274358949576
dim 8,8,0.6541708383923958,Charge_group3_D0,-0.026901511179186283,0.4107826264136695,-0.0735007492648466,0.02445326600550023,0.4433001525756563,0.05327717446729991,-0.04659923808566031
dim 8,8,0.6541708383923958,Charge_group3_D25,-0.26082649462279345,4.889185702649698e-16,-0.11450092950728213,0.0004450782380503137,1.615220598105835e-15,0.0015831323909350882,0.1463255651155113
dim 8,8,0.6541708383923958,Charge_group3_D50,-0.0601173519104234,0.06585241091030541,-0.07075102421659248,0.03034602054070951,0.07880582316030815,0.06350608308644722,-0.010633672306169073
dim 8,8,0.6541708383923958,Charge_group3_D75,-0.0469985521361793,0.15056998016212436,-0.11304877812026969,0.0005263509848438034,0.17105569174880794,0.0018274556022643486,-0.06605022598409038
dim 8,8,0.6541708383923958,Charge_group3_D100,0.14031165837333204,1.6280354282310194e-05,-0.015357786895539715,0.6387058436710945,2.7828241199035847e-05,0.7451196359977142,0.12495387147779233
dim 8,8,0.6541708383923958,SecondaryStructure_C1,0.4253148833076596,1.8725932371240464e-42,0.011460267544266933,0.7260781154788865,2.179254847384779e-41,0.8080976026989273,0.41385461576339266
dim 8,8,0.6541708383923958,SecondaryStructure_C2,-0.21092139406871394,6.97090920102935e-11,-0.06130523210464958,0.060677155601743256,1.6678249807620365e-10,0.11221578057022286,0.14961616196406435
dim 8,8,0.6541708383923958,SecondaryStructure_C3,-0.42584902310211753,1.4427175375392932e-42,0.03514801001944646,0.28246762877560716,1.6848519494339998e-41,0.40753428946459086,0.3907010130826711
dim 8,8,0.6541708383923958,SecondaryStructure_T12,0.27719459793097134,5.4439450681444755e-18,-0.0937482920218644,0.0040765736996431655,2.094789922534856e-17,0.011358985207731643,0.18344630590910693
dim 8,8,0.6541708383923958,SecondaryStructure_T13,0.2718262514214953,2.4624076875814957e-17,0.02210233414624118,0.49920449791638793,8.768061488829634e-17,0.6251754867044379,0.24972391727525411
dim 8,8,0.6541708383923958,SecondaryStructure_T23,-0.367303375292129,2.6558827310950367e-31,0.0545158692275471,0.09536171728014263,1.6993579160646402e-30,0.16640968428196257,0.3127875060645819
dim 8,8,0.6541708383923958,SecondaryStructure_group1_D0,-0.08655546811464367,0.008026761226801292,-0.05016455302386284,0.12491253620251079,0.010557849756666767,0.20891731142533101,0.03639091509078082
dim 8,8,0.6541708383923958,SecondaryStructure_group1_D25,0.0464204299135174,0.15566033407650748,0.019918647643893336,0.5425473702478444,0.1764185666153834,0.6621496341544016,0.026501782269624064
dim 8,8,0.6541708383923958,SecondaryStructure_group1_D50,0.15020189279713755,3.877697638618052e-06,0.04062172772901187,0.21412495749931265,7.019788679124279e-06,0.3209952235402622,0.10958016506812568
dim 8,8,0.6541708383923958,SecondaryStructure_group1_D75,0.1945160958209151,1.9285547848885854e-09,0.07247993475100603,0.026513898537745065,4.31149463288345e-09,0.05691286704117514,0.12203616106990908
dim 8,8,0.6541708383923958,SecondaryStructure_group1_D100,0.15046059508691753,3.730159239528698e-06,-0.0010775386154748925,0.9737224916805142,6.774731843407206e-06,0.9843320587811493,0.14938305647144265
dim 8,8,0.6541708383923958,SecondaryStructure_group2_D0,-0.07714691077647096,0.01818299262272067,-0.0025567660669209907,0.937701232846847,0.022943405878310175,0.9657484174247516,0.07459014470954997
dim 8,8,0.6541708383923958,SecondaryStructure_group2_D25,0.06822966735607251,0.03678096089535158,0.019915762396738625,0.5426058528983824,0.04546573256494237,0.6621496341544016,0.04831390495933389
dim 8,8,0.6541708383923958,SecondaryStructure_group2_D50,-0.0037649516390710954,0.9083710480532794,0.04297638287936152,0.18871906340911868,0.926682742974329,0.28860882407804783,-0.039211431240290424
dim 8,8,0.6541708383923958,SecondaryStructure_group2_D75,-0.17906373076770601,3.4177470742984915e-08,-0.040294052313512706,0.21784700196480095,7.081436245754939e-08,0.3256978453726209,0.1387696784541933
dim 8,8,0.6541708383923958,SecondaryStructure_group2_D100,-0.10369724935227158,0.0014801089279802505,-0.05374187525452553,0.1001647283807687,0.0022088571790304834,0.1736119319106214,0.04995537409774605
dim 8,8,0.6541708383923958,SecondaryStructure_group3_D0,0.03524092497662513,0.2811964364458828,-0.1160351460102344,0.0003720198934829758,0.3074291645594922,0.001359460004631443,-0.08079422103360928
dim 8,8,0.6541708383923958,SecondaryStructure_group3_D25,0.0008289787277479656,0.9797825338415029,-0.04559326550591523,0.16316882371284464,0.9822482789677621,0.2575538143671555,-0.04476428677816726
dim 8,8,0.6541708383923958,SecondaryStructure_group3_D50,-0.17157727977406592,1.2619913439786415e-07,-0.07803895406045383,0.01688217905698906,2.5149469504108964e-07,0.03830611643350529,0.09353832571361209
dim 8,8,0.6541708383923958,SecondaryStructure_group3_D75,-0.09041438860443916,0.005612422273185768,-0.06662811120811009,0.041443988589235314,0.00759849630824502,0.08137737912289592,0.023786277396329075
dim 8,8,0.6541708383923958,SecondaryStructure_group3_D100,-0.09370906752258182,0.004092172214935611,0.023540791300173874,0.47168990119452964,0.005699689406957856,0.5997123220364404,0.07016827622240794
dim 8,8,0.6541708383923958,SolventAccessibility_C1,0.1934595033424979,2.3657167628650786e-09,0.19138458770127334,3.521814690512323e-09,5.2086315016277935e-09,3.195676137342118e-08,0.002074915641224556
dim 8,8,0.6541708383923958,SolventAccessibility_C2,0.34075259221897364,6.624491296196143e-27,-0.13227229987768593,4.87859759324954e-05,3.302358347655988e-26,0.0002291774396828898,0.2084802923412877
dim 8,8,0.6541708383923958,SolventAccessibility_C3,-0.5034266795865274,2.3513192171034132e-61,-0.05915019347168264,0.0703295684709966,4.513451830531839e-60,0.1275941111858385,0.44427648611484477
dim 8,8,0.6541708383923958,SolventAccessibility_T12,0.46534460956692686,1.5790536131730977e-51,0.014647276872618197,0.6543081233643064,2.3233652281930158e-50,0.7575005656973253,0.45069733269430867
dim 8,8,0.6541708383923958,SolventAccessibility_T13,-0.3312385049202845,1.9793746593020105e-25,0.032834669862189685,0.3153722140500985,9.156663936383262e-25,0.4474694965706581,0.2984038350580948
dim 8,8,0.6541708383923958,SolventAccessibility_T23,-0.0816023937393232,0.012464263894648532,-0.1199919439903098,0.0002319443005837224,0.015974919957070646,0.0009146327791613139,-0.0383895502509866
dim 8,8,0.6541708383923958,SolventAccessibility_group1_D0,-0.0038584382555545186,0.9061062188056185,-0.04839774261603446,0.13877534814807135,0.9246546809687644,0.2266550918408598,-0.04453930436047994
dim 8,8,0.6541708383923958,SolventAccessibility_group1_D25,0.19837834897285553,9.050049482517587e-10,0.03519412529963027,0.2818362289357531,2.0520818242775793e-09,0.4067990512728675,0.16318422367322527
dim 8,8,0.6541708383923958,SolventAccessibility_group1_D50,0.2300399267905429,1.0181178792436515e-12,0.03311686829007468,0.31122879613327364,2.6691630429150676e-12,0.4423422038660144,0.1969230585004682
dim 8,8,0.6541708383923958,SolventAccessibility_group1_D75,0.19999071004353675,6.569089980903188e-10,0.012379502922107188,0.7050956686821763,1.4997102212041454e-09,0.7970479946593951,0.18761120712142956
dim 8,8,0.6541708383923958,SolventAccessibility_group1_D100,-0.021270517081145742,0.5154954460472195,-0.0009487903440387097,0.976861286339855,0.547980518713467,0.9854173048550636,0.020321726737107033
dim 8,8,0.6541708383923958,SolventAccessibility_group2_D0,-0.0033223119421723767,0.9191043346543762,-0.03003867616485554,0.3583689718867098,0.9347772465729649,0.49419998600396814,-0.026716364222683163
dim 8,8,0.6541708383923958,SolventAccessibility_group2_D25,-0.41506772648186946,2.5486716687153788e-40,-0.08199543080958925,0.012045929793933421,2.453188292077627e-39,0.02895090610692826,0.3330722956722802
dim 8,8,0.6541708383923958,SolventAccessibility_group2_D50,-0.23477777650929713,3.3620680747732435e-13,-0.07661598786698873,0.018998109719933234,9.166781526320518e-13,0.04264360649501142,0.1581617886423084
dim 8,8,0.6541708383923958,SolventAccessibility_group2_D75,-0.2576601959362922,1.1264588273922041e-15,-0.07995580305122882,0.0143597093975779,3.628131613780098e-15,0.03339932408628843,0.17770439288506337
dim 8,8,0.6541708383923958,SolventAccessibility_group2_D100,0.19426857285566182,2.0233130679328868e-09,0.0003757159759682409,0.9908361098472631,4.51125877629896e-09,0.9932150680941952,0.19389285687969357
dim 8,8,0.6541708383923958,SolventAccessibility_group3_D0,-0.17576441349387503,6.12005792282756e-08,-0.017737628461043816,0.5876292282681902,1.249449478132277e-07,0.6979664375589456,0.1580267850328312
dim 8,8,0.6541708383923958,SolventAccessibility_group3_D25,0.05455855819408512,0.09510226492844653,0.06523491279208066,0.04589784226625348,0.11157062341447538,0.08835665312350814,-0.010676354597995534
dim 8,8,0.6541708383923958,SolventAccessibility_group3_D50,-0.07733684002210509,0.017898913124882492,0.0038180134316590283,0.9070854678538932,0.022610578607075462,0.9466998125545403,0.07351882659044606
dim 8,8,0.6541708383923958,SolventAccessibility_group3_D75,0.10395193295070489,0.0014405297940569795,0.08832941242581992,0.006820493541507184,0.0021517752737702646,0.017867018375399214,0.01562252052488497
dim 8,8,0.6541708383923958,SolventAccessibility_group3_D100,-0.17957006331824862,3.122419187269754e-08,-0.01873587025880078,0.5667813097344174,6.489657800548214e-08,0.6802190350387906,0.16083419305944785
dim 4,4,0.6418199606478129,AAC_A,-0.019562743035686007,0.5497849776509107,0.19423803516054297,2.0353129504940198e-09,0.5816540466753379,1.916221835329709e-08,-0.17467529212485697
dim 4,4,0.6418199606478129,AAC_C,-0.05573551680294654,0.08816874179663174,0.02528545553216093,0.439469274679104,0.10372793152544911,0.5747075509130516,0.03045006127078561
dim 4,4,0.6418199606478129,AAC_D,0.22155587455108378,6.969368962694131e-12,0.04783784394861658,0.14340684077695953,1.7436473659474454e-11,0.23262692967219273,0.1737180306024672
dim 4,4,0.6418199606478129,AAC_E,0.32230102620558565,4.3240889625624265e-24,-0.1490464837936328,4.607561741276028e-06,1.9028270270037555e-23,2.6039350619055724e-05,0.17325454241195284
dim 4,4,0.6418199606478129,AAC_F,0.11120798240963939,0.0006492340599278112,-0.04054006549975027,0.2150482411616042,0.000991967868325201,0.32209019079809775,0.07066791690988912
dim 4,4,0.6418199606478129,AAC_G,-0.09529606858733679,0.0035024552986176833,0.1251009152044118,0.0001233471120510977,0.004923485141996238,0.0005268837104919807,-0.029804846617075012
dim 4,4,0.6418199606478129,AAC_H,0.37385353885425193,1.8795801389533403e-32,0.05514388690862721,0.09160142442705302,1.268241952344274e-31,0.16043458709300318,0.31870965194562473
dim 4,4,0.6418199606478129,AAC_I,0.16760986625295352,2.4653765229885476e-07,-0.09909464694905451,0.002391354535210556,4.792990446322321e-07,0.007149110537738607,0.068515219303899
dim 4,4,0.6418199606478129,AAC_K,0.2711325186223002,2.985385147818686e-17,-0.09645309573416136,0.003122384480387115,1.0551519993348584e-16,0.008986620738553022,0.17467942288813884
dim 4,4,0.6418199606478129,AAC_L,0.2658750028933536,1.2619380499590696e-16,-0.020495997459038108,0.5309082486448677,4.2660658773919965e-16,0.6524038081213607,0.24537900543431548
dim 4,4,0.6418199606478129,AAC_M,0.15308469674899744,2.5076024588353106e-06,-0.11246882889905792,0.0005625102876892731,4.6659566643509395e-06,0.0019388899493108073,0.04061586784993952
dim 4,4,0.6418199606478129,AAC_N,-0.03487063847505724,0.28628552635269167,-0.05369269160449546,0.10047632909666059,0.3126859574944376,0.17406169044753442,-0.018822053129438222
dim 4,4,0.6418199606478129,AAC_P,-0.40880482206294794,4.726859621058946e-39,-0.02660381767074079,0.41598194004841416,3.8982002800831803e-38,0.5532592432228469,0.38220100439220717
dim 4,4,0.6418199606478129,AAC_Q,0.05047000709121738,0.12262913096975435,-0.04756821041330944,0.14567906462459604,0.1422651258905799,0.23539819828067285,0.0029017966779079363
dim 4,4,0.6418199606478129,AAC_R,-0.09303334914642739,0.004369515263183931,0.015012824607761476,0.6462615753857183,0.0060682665193489945,0.7515716092577643,0.07802052453866591
dim 4,4,0.6418199606478129,AAC_S,-0.41678992383738367,1.1293331343138839e-40,-0.027060067808261534,0.4080291828235412,1.1382139384417809e-39,0.5459225491893572,0.38972985602912213
dim 4,4,0.6418199606478129,AAC_T,-0.41653664194832113,1.2733240549032049e-40,0.018144819771043333,0.5790824606022744,1.2733240549032049e-39,0.6901351227297178,0.3983918221772778
dim 4,4,0.6418199606478129,AAC_V,0.056491018012157536,0.08393664115812026,0.05912136845075627,0.0704667396753678,0.09899307255230286,0.12777356705522716,-0.0026303504385987372
dim 4,4,0.6418199606478129,AAC_W,-0.11658855092642756,0.00034853521356637256,-0.005784955781167468,0.8596299569175003,0.0005437214447976106,0.9138086397231933,0.11080359514526009
dim 4,4,0.6418199606478129,AAC_Y,0.024747545188917378,0.44926658183456863,-0.05435631824629113,0.09633644050126886,0.4817176190457333,0.16789712897315573,-0.02960877305737375
dim 4,4,0.6418199606478129,Hydrophobicity_C1,0.3296204849297342,3.485967413379776e-25,-0.1430016860102152,1.1122984453008131e-05,1.590591688618641e-24,6.021194177155131e-05,0.18661879891951902
dim 4,4,0.6418199606478129,Hydrophobicity_C2,-0.3726263396647028,3.101458799120208e-32,0.13617514922457843,2.8855493209920856e-05,2.071774477812299e-31,0.00014384678704647112,0.2364511904401244
dim 4,4,0.6418199606478129,Hydrophobicity_C3,0.33431228975138844,6.691275574107759e-26,-0.08138806851766142,0.012697753429359752,3.1655609656543788e-25,0.030142499256618032,0.25292422123372704
dim 4,4,0.6418199606478129,Hydrophobicity_T12,0.08622372637906162,0.008272427769413546,0.006034173793252422,0.8536495229341446,0.010843481127378788,0.9091802954719524,0.08018955258580919
dim 4,4,0.6418199606478129,Hydrophobicity_T13,0.37052368391950097,7.278861394239355e-32,-0.08503388223976124,0.009209726358276656,4.785708082039261e-31,0.02305883510992806,0.2854898016797397
dim 4,4,0.6418199606478129,Hydrophobicity_T23,-0.09277612203957188,0.004479486411014705,0.12555057295244856,0.00011654278607414677,0.006200366602896442,0.0005035613266334413,-0.03277445091287669
dim 4,4,0.6418199606478129,Hydrophobicity_group1_D0,-0.0034158869356752477,0.9168340007656682,-0.029400391784038683,0.3686780187468929,0.9333208054121707,0.5050798123932003,-0.025984504848363434
dim 4,4,0.6418199606478129,Hydrophobicity_group1_D25,-0.41022449171258507,2.451553400065953e-39,-0.07871191131817015,0.01595553485832776,2.0782203949797673e-38,0.03650101810055802,0.3315125803944149
dim 4,4,0.6418199606478129,Hydrophobicity_group1_D50,-0.23508395471571283,3.1271289310733523e-13,-0.07909450916976811,0.015448869119376861,8.561156253922128e-13,0.035634822416242204,0.15598944554594474
dim 4,4,0.6418199606478129,Hydrophobicity_group1_D75,-0.25631067431843035,1.6021819701027093e-15,-0.07996302246722121,0.014350873330418845,5.072310692078719e-15,0.03339932408628843,0.17634765185120915
dim 4,4,0.6418199606478129,Hydrophobicity_group1_D100,0.19081350549245327,3.9263798199171e-09,-0.0020567479993060167,0.9498668231801491,8.47164638147488e-09,0.9716861223343639,0.18875675749314724
dim 4,4,0.6418199606478129,Hydrophobicity_group2_D0,0.1386668599733054,2.0480775812165324e-05,-0.028480079943333764,0.3838627401175321,3.461831539100819e-05,0.5207561137256528,0.11018678002997165
dim 4,4,0.6418199606478129,Hydrophobicity_group2_D25,0.35581573711404313,2.3883202720216564e-29,0.04074243773839023,0.2127654280516642,1.3994718786933914e-28,0.319243724030799,0.31507329937565287
dim 4,4,0.6418199606478129,Hydrophobicity_group2_D50,0.14950307382628175,4.304675525433169e-06,-0.020946178837804526,0.521921384188468,7.742388936427994e-06,0.6439665397818556,0.12855689498847722
dim 4,4,0.6418199606478129,Hydrophobicity_group2_D75,0.23651007525569773,2.2285533308594487e-13,0.09438873936626752,0.0038293925849182233,6.202806770892132e-13,0.010793393446098622,0.1421213358894302
dim 4,4,0.6418199606478129,Hydrophobicity_group2_D100,-0.09897437391623437,0.002420903360746311,0.03585319100773941,0.27291687747838295,0.0034882731772617253,0.3954630675825593,0.06312118290849496
dim 4,4,0.6418199606478129,Hydrophobicity_group3_D0,-0.2621863649220407,3.404404016710372e-16,-0.013685258813758277,0.6756748553821194,1.1336699317859065e-15,0.7759233667176394,0.24850110610828244
dim 4,4,0.6418199606478129,Hydrophobicity_group3_D25,-0.24511229084426503,2.754644001520933e-14,0.08470761180701264,0.009482757233414277,8.142045101840634e-14,0.023653778311877285,0.1604046790372524
dim 4,4,0.6418199606478129,Hydrophobicity_group3_D50,-0.0882038959646168,0.006900165733568501,0.09358505262224054,0.0041418460069921675,0.009189709930289221,0.011518539270069808,-0.005381156657623745
dim 4,4,0.6418199606478129,Hydrophobicity_group3_D75,-0.0391842610281245,0.23079744218496534,-0.004275988006352122,0.8960001181177843,0.25449437335681224,0.9393096027976773,0.03490827302177238
dim 4,4,0.6418199606478129,Hydrophobicity_group3_D100,-0.065791038087767,0.044073926682284735,-0.04772569329379811,0.14434862441622315,0.054279835958271024,0.2338139697139599,0.018065344793968888
dim 4,4,0.6418199606478129,NormVanDerWaalsVolume_C1,-0.3662112315103232,4.105924857918365e-31,0.139738083970762,1.764217756509331e-05,2.6071842253702166e-30,9.294144016941902e-05,0.2264731475395612
dim 4,4,0.6418199606478129,NormVanDerWaalsVolume_C2,0.33987633461615646,9.103360829832931e-27,-0.12943450747492466,7.082824733076418e-05,4.517864067108765e-26,0.000324063487787332,0.2104418271412318
dim 4,4,0.6418199606478129,NormVanDerWaalsVolume_C3,0.2887748803100649,1.8706613271387236e-19,-0.09815025409139569,0.002632517236401608,7.43810575314683e-19,0.0077741888325211055,0.19062462621866919
dim 4,4,0.6418199606478129,NormVanDerWaalsVolume_T12,-0.14211120200755611,1.262758479395463e-05,0.04945288876331614,0.13036086851416992,2.1785192774694454e-05,0.21597485160581725,0.09265831324423998
dim 4,4,0.6418199606478129,NormVanDerWaalsVolume_T13,0.06258346793034546,0.05548884089987961,0.06702858980624055,0.0402334431354185,0.06739371949294469,0.07975056384112629,-0.004445121875895089
dim 4,4,0.6418199606478129,NormVanDerWaalsVolume_T23,0.2671351697242672,8.958647085058618e-17,-0.18246697506728587,1.8526034488798515e-08,3.062628583837849e-16,1.5546973666479156e-07,0.08466819465698133
dim 4,4,0.6418199606478129,NormVanDerWaalsVolume_group1_D0,0.1297343532902943,6.811677086035782e-05,-0.04307013750824537,0.18775553329561917,0.00011103465821063695,0.28753025273148464,0.08666421578204894
dim 4,4,0.6418199606478129,NormVanDerWaalsVolume_group1_D25,0.2720055454520149,2.3426309940401853e-17,-0.011648174909151184,0.7217716166724976,8.386267438471832e-17,0.8046452602423704,0.2603573705428637
dim 4,4,0.6418199606478129,NormVanDerWaalsVolume_group1_D50,0.10090281689886973,0.001985091261596933,-0.008796103842544332,0.7880077657386049,0.0028990838713308944,0.857032216726454,0.0921067130563254
dim 4,4,0.6418199606478129,NormVanDerWaalsVolume_group1_D75,0.20698376634404478,1.586608590881721e-10,0.06829759265553788,0.03659347778737106,3.729255941973926e-10,0.07393963448869895,0.1386861736885069
dim 4,4,0.6418199606478129,NormVanDerWaalsVolume_group1_D100,-0.11706545767621494,0.00032941503945338674,0.0018126576346169103,0.9558100326446426,0.0005155793026121423,0.97507804185495,0.11525280004159803
dim 4,4,0.6418199606478129,NormVanDerWaalsVolume_group2_D0,-0.04710391525028729,0.1496560662423013,-0.025086175376532648,0.44308453414808624,0.17019110018702294,0.5776355753530867,0.02201773987375464
dim 4,4,0.6418199606478129,NormVanDerWaalsVolume_group2_D25,-0.27244488214510054,2.0728606477321303e-17,0.0032317643629849197,0.9213018440510582,7.525385395027517e-17,0.9574200868483306,0.2692131177821156
dim 4,4,0.6418199606478129,NormVanDerWaalsVolume_group2_D50,-0.04093249323645921,0.21063750730745776,0.05455076608308619,0.09514958117158705,0.23443161426421488,0.16612629436126541,-0.013618272846626985
dim 4,4,0.6418199606478129,NormVanDerWaalsVolume_group2_D75,-0.05912342130326688,0.0704569634123272,-0.06739756224980481,0.03914476485478389,0.08386538054068883,0.0780558296208825,-0.00827414094653793
dim 4,4,0.6418199606478129,NormVanDerWaalsVolume_group2_D100,0.11693300242680192,0.0003346247427001502,0.014149799393514424,0.6653233433167173,0.0005229979600460934,0.7675923891805996,0.1027832030332875
dim 4,4,0.6418199606478129,NormVanDerWaalsVolume_group3_D0,-0.13143136303594274,5.452782534195602e-05,0.010796653380456163,0.7413554273286382,8.910124101865612e-05,0.820181227981998,0.12063470965548659
dim 4,4,0.6418199606478129,NormVanDerWaalsVolume_group3_D25,-0.08621104294088344,0.008281952202378231,0.06380210889665915,0.050891436210382,0.010843481127378788,0.09619547082211424,0.022408934044224296
dim 4,4,0.6418199606478129,NormVanDerWaalsVolume_group3_D50,-0.09601593554717729,0.003261339120130015,-0.013802196603638801,0.6730632232445539,0.004615624008997564,0.7741154151641908,0.08221373894353848
dim 4,4,0.6418199606478129,NormVanDerWaalsVolume_group3_D75,-0.09959682669279488,0.002271506263140172,-0.027094335689550126,0.40743554375001556,0.003287188439726245,0.5454247359218645,0.07250249100324475
dim 4,4,0.6418199606478129,NormVanDerWaalsVolume_group3_D100,0.0808340798118207,0.01331927714585398,-0.019083567483294983,0.559603828958622,0.016979536514180268,0.6740269703288126,0.061750512328525714
dim 4,4,0.6418199606478129,Polarity_C1,0.3278554751900637,6.438249506394672e-25,-0.10121146899840938,0.00192242553094381,2.905912615048406e-24,0.005896144419974587,0.2266440061916543
dim 4,4,0.6418199606478129,Polarity_C2,-0.3939737708006105,3.7344751007319325e-36,0.12672304688843938,0.000100425002410561,2.914286644029125e-35,0.0004407615086087697,0.26725072391217114
dim 4,4,0.6418199606478129,Polarity_C3,0.3816458426111246,7.429922292532573e-34,-0.11858051333960712,0.0002749764594346543,5.45405284770523e-33,0.0010544447468561944,0.2630653292715175
dim 4,4,0.6418199606478129,Polarity_T12,-0.2167590868099676,1.9986320624387604e-11,0.12137563499018628,0.00019595044156986058,4.9557766061955897e-11,0.0007875745786321713,0.09538345181978133
dim 4,4,0.6418199606478129,Polarity_T13,0.4116252236311863,1.2786856794270002e-39,-0.06997192933096079,0.032222548744773635,1.1035685191953956e-38,0.06647517776871152,0.3416532943002255
dim 4,4,0.6418199606478129,Polarity_T23,-0.04210989386821978,0.19779690774954076,0.006717437095947593,0.8372973946805327,0.22124637370511258,0.8954765604332305,0.03539245677227219
dim 4,4,0.6418199606478129,Polarity_group1_D0,-0.18545606488602445,1.0715371391317106e-08,0.0002738874190540805,0.9933196877444025,2.255156927977261e-08,0.9941946591209189,0.18518217746697038
dim 4,4,0.6418199606478129,Polarity_group1_D25,-0.18631958481553618,9.132410501527558e-09,0.08193230034369678,0.012112274380675627,1.9280816103098637e-08,0.029020800883397847,0.1043872844718394
dim 4,4,0.6418199606478129,Polarity_group1_D50,-0.09067228363296917,0.005477241855016928,0.058565144182358954,0.07315685798999576,0.007436580404779081,0.13229231493588836,0.032107139450610216
dim 4,4,0.6418199606478129,Polarity_group1_D75,-0.11761635075640277,0.0003085498451935052,-0.029610205895296865,0.36526912942734385,0.00048451174562590853,0.5024707134626559,0.0880061448611059
dim 4,4,0.6418199606478129,Polarity_group1_D100,0.0254452081114564,0.43658335863575576,0.02261538644728991,0.48929433073108974,0.46962589946648126,0.6159981397066867,0.002829821664166489
dim 4,4,0.6418199606478129,Polarity_group2_D0,0.14334286192133772,1.0593115807454414e-05,-0.02942394062937705,0.3682944346318243,1.8370200829126555e-05,0.5050798123932003,0.11391892129196067
dim 4,4,0.6418199606478129,Polarity_group2_D25,0.3469195679945311,6.8708620961729e-28,0.02463700202342745,0.4512951889929522,3.6484386965369614e-27,0.5850295471582753,0.32228256597110366
dim 4,4,0.6418199606478129,Polarity_group2_D50,0.23244561982311257,5.818210540591337e-13,0.05280489772384582,0.10623461955401871,1.5533831499260645e-12,0.18233485576075154,0.17964072209926674
dim 4,4,0.6418199606478129,Polarity_group2_D75,0.2702314144623952,3.830731440627399e-17,0.12012424777343433,0.00022825186347350985,1.3397531949419384e-16,0.0009011361985833604,0.15010716668896085
dim 4,4,0.6418199606478129,Polarity_group2_D100,-0.06430889568073683,0.04907560957442059,0.02335758694866976,0.4751471685539955,0.06023981476610244,0.6031693622987792,0.04095130873206707
dim 4,4,0.6418199606478129,Polarity_group3_D0,-0.048348503239278806,0.139177986298852,-0.041885291555609855,0.20020119547957402,0.15936046425717026,0.30380372235428316,0.006463211683668951
dim 4,4,0.6418199606478129,Polarity_group3_D25,-0.4506698098149717,4.6367504058587094e-48,-0.07109230301207607,0.02955401374104321,5.88849671314376e-47,0.062082016286216554,0.3795775068028956
dim 4,4,0.6418199606478129,Polarity_group3_D50,-0.27953906711258364,2.786655437293546e-18,-0.07049965791878512,0.030940947620207687,1.0873164907196781e-17,0.06434792344426754,0.20903940919379851
dim 4,4,0.6418199606478129,Polarity_group3_D75,-0.24358394717002843,4.0175880051013195e-14,-0.0678856117571462,0.0377431963060528,1.1719427019247517e-13,0.07580413449321488,0.1756983354128822
dim 4,4,0.6418199606478129,Polarity_group3_D100,0.16574082973157975,3.361612427993198e-07,-0.005123563908082152,0.8755393729901941,6.482555144051548e-07,0.9265847610225756,0.16061726582349758
dim 4,4,0.6418199606478129,Polarizability_C1,-0.3031070128839716,2.3104300655097576e-21,0.1577340355262527,1.220554217088478e-06,9.526958541731593e-21,7.507644723895979e-06,0.14537297735771892
dim 4,4,0.6418199606478129,Polarizability_C2,0.2081735586484887,1.239616149742138e-10,-0.14676220293033873,6.455073622004415e-06,2.926019745681089e-10,3.599323188229507e-05,0.06141135571814996
dim 4,4,0.6418199606478129,Polarizability_C3,0.2887748803100649,1.8706613271387236e-19,-0.09815025409139569,0.002632517236401608,7.43810575314683e-19,0.0077741888325211055,0.19062462621866919
dim 4,4,0.6418199606478129,Polarizability_T12,-0.3408969648750016,6.285864523600333e-27,0.08169595684136152,0.012363530589534268,3.1429322618001664e-26,0.029432781303666753,0.2592010080336401
dim 4,4,0.6418199606478129,Polarizability_T13,0.10610075683309315,0.0011433734400062132,0.10411946239891064,0.001415028423749105,0.0017256517350297117,0.0045097279917194755,0.001981294434182518
dim 4,4,0.6418199606478129,Polarizability_T23,0.23868521620901723,1.3236449599315933e-13,-0.20023186454142494,6.260276134167095e-10,3.7434158900690276e-13,6.425688557025686e-09,0.038453351667592284
dim 4,4,0.6418199606478129,Polarizability_group1_D0,0.10680296865778328,0.0010592673710442928,-0.04323399288282933,0.18608027991040857,0.0016030598184358577,0.2852263124831412,0.06356897577495396
dim 4,4,0.6418199606478129,Polarizability_group1_D25,0.2531242814833321,3.651076462178452e-15,-0.048700876149356635,0.13631628107271565,1.1354371865620139e-14,0.22296590537848693,0.20442340533397546
dim 4,4,0.6418199606478129,Polarizability_group1_D50,0.23220491603287355,6.154977327057146e-13,0.008460455715677086,0.7959150755922805,1.636753524870292e-12,0.8628225746440171,0.22374446031719647
dim 4,4,0.6418199606478129,Polarizability_group1_D75,0.2469088695684392,1.7618301554557767e-14,0.08981319712076188,0.005939286784034889,5.306143119226595e-14,0.015781398455589922,0.1570956724476773
dim 4,4,0.6418199606478129,Polarizability_group1_D100,-0.038572239119325516,0.23816861304618964,0.009434508778350247,0.7730286810823732,0.2621895740192068,0.8451442863551969,0.02913773034097527
dim 4,4,0.6418199606478129,Polarizability_group2_D0,0.02833018583826454,0.38637162886691195,-0.044864150953593515,0.17001056522458557,0.4174963573003837,0.26596500601878964,-0.016533965115328977
dim 4,4,0.6418199606478129,Polarizability_group2_D25,-0.20294429748888376,3.627306349403251e-10,0.02288984583605818,0.4840365970757704,8.361078817810117e-10,0.6116845381131567,0.18005445165282558
dim 4,4,0.6418199606478129,Polarizability_group2_D50,-0.2472395738996872,1.6220545881291863e-14,0.008405540460922893,0.797210804989814,4.8984288646939263e-14,0.8635669017150984,0.2388340334387643
dim 4,4,0.6418199606478129,Polarizability_group2_D75,-0.15356885850343982,2.328738700935037e-06,-0.08720067596200992,0.007567562790889599,4.344281142647012e-06,0.01948778698656227,0.0663681825414299
dim 4,4,0.6418199606478129,Polarizability_group2_D100,-0.04898285828673564,0.13405907343795692,0.01000522319975551,0.7597087484086485,0.15418639989076313,0.8355045175123103,0.03897763508698013
dim 4,4,0.6418199606478129,Polarizability_group3_D0,-0.13143136303594274,5.452782534195602e-05,0.010796653380456163,0.7413554273286382,8.910124101865612e-05,0.820181227981998,0.12063470965548659
dim 4,4,0.6418199606478129,Polarizability_group3_D25,-0.08621104294088344,0.008281952202378231,0.06380210889665915,0.050891436210382,0.010843481127378788,0.09619547082211424,0.022408934044224296
dim 4,4,0.6418199606478129,Polarizability_group3_D50,-0.09601593554717729,0.003261339120130015,-0.013802196603638801,0.6730632232445539,0.004615624008997564,0.7741154151641908,0.08221373894353848
dim 4,4,0.6418199606478129,Polarizability_group3_D75,-0.09959682669279488,0.002271506263140172,-0.027094335689550126,0.40743554375001556,0.003287188439726245,0.5454247359218645,0.07250249100324475
dim 4,4,0.6418199606478129,Polarizability_group3_D100,0.0808340798118207,0.01331927714585398,-0.019083567483294983,0.559603828958622,0.016979536514180268,0.6740269703288126,0.061750512328525714
dim 4,4,0.6418199606478129,Charge_C1,0.2335981841801693,4.440163524201451e-13,-0.09466469946405823,0.0037271405327754695,1.192133936562126e-12,0.010522949602257033,0.13893348471611108
dim 4,4,0.6418199606478129,Charge_C2,-0.3445142900168003,1.672934702669616e-27,0.10428784380946955,0.0013898166708986052,8.649538555598324e-27,0.004433608100096792,0.24022644620733075
dim 4,4,0.6418199606478129,Charge_C3,0.34271929025034403,3.233684949979026e-27,-0.07633534515901937,0.019441727325685658,1.6414145490774998e-26,0.04346410258888226,0.2663839450913247
dim 4,4,0.6418199606478129,Charge_T12,0.16937222775406735,1.8345578986036432e-07,-0.08392301045677561,0.010169047407712664,3.6128675597500995e-07,0.025121759128520934,0.08544921729729174
dim 4,4,0.6418199606478129,Charge_T13,0.27071979492808723,3.346924964442305e-17,-0.12235508949235521,0.00017371528919493185,1.1754710180060254e-16,0.0007049927896853856,0.14836470543573202
dim 4,4,0.6418199606478129,Charge_T23,0.3451425873310151,1.3269442387185022e-27,-0.026629155454834085,0.415537902955606,6.935827476243815e-27,0.5530871518947915,0.31851343187618103
dim 4,4,0.6418199606478129,Charge_group1_D0,0.013571792346411399,0.6782126919371756,0.08262981202828659,0.011396896654134216,0.7039249195370312,0.027643888761661784,-0.0690580196818752
dim 4,4,0.6418199606478129,Charge_group1_D25,-0.12263202614483096,0.00016787185519102156,0.012910717771248506,0.6930703092604594,0.00026943392423739166,0.7889757440115659,0.10972130837358245
dim 4,4,0.6418199606478129,Charge_group1_D50,-0.018233175793408548,0.5772356296407871,0.024753343873211257,0.44916031137591605,0.6079996855882147,0.5837336342395174,-0.006520168079802709
dim 4,4,0.6418199606478129,Charge_group1_D75,-0.11540441756360209,0.0004005835574319915,-0.03312602450303655,0.31109496193816943,0.0006202823745122168,0.4423402183369459,0.08227839306056554
dim 4,4,0.6418199606478129,Charge_group1_D100,0.04024130722177594,0.2184504428876308,-0.031613165895131565,0.333722389980393,0.24240015921750394,0.46718839591518313,0.008628141326644377
dim 4,4,0.6418199606478129,Charge_group2_D0,0.0018277067216078097,0.9554435371232329,-0.014872498194304473,0.6493456654836528,0.9646860380869402,0.7533221683624176,-0.013044791472696663
dim 4,4,0.6418199606478129,Charge_group2_D25,0.21402050128955716,3.607456537444258e-11,0.0977494271012228,0.00274142546002907,8.712151001492279e-11,0.00802485629841989,0.11627107418833436
dim 4,4,0.6418199606478129,Charge_group2_D50,0.049521814817854753,0.12982526710780035,0.07699422547085971,0.018414216147290524,0.14978113718136551,0.04144439483285064,-0.02747241065300496
dim 4,4,0.6418199606478129,Charge_group2_D75,0.094234121424612,0.0038877894744621198,0.10681441164573617,0.0010579453975495547,0.005430872791594931,0.003460859576704714,-0.012580290221124169
dim 4,4,0.6418199606478129,Charge_group2_D100,-0.14854258080876281,4.9654729865268166e-06,0.0336792049384326,0.30307957423393495,8.845162546666435e-06,0.4331560881220979,0.11486337587033021
dim 4,4,0.6418199606478129,Charge_group3_D0,-0.02327347490574945,0.47673909358457944,-0.06593303468227846,0.04361813723835201,0.5079134202783079,0.08499683685886565,-0.04265955977652901
dim 4,4,0.6418199606478129,Charge_group3_D25,-0.25897522102572446,7.97571867908724e-16,-0.11272681999014207,0.0005461485897741156,2.5888144206172386e-15,0.0018902966734150738,0.1462484010355824
dim 4,4,0.6418199606478129,Charge_group3_D50,-0.06087186628831993,0.06252480363293908,-0.07101665130868354,0.029728030764816275,0.07517380998344728,0.06232995778687154,-0.01014478502036361
dim 4,4,0.6418199606478129,Charge_group3_D75,-0.049615601872787934,0.12909922041723793,-0.11495118249266484,0.00042235826762563846,0.1490464556493518,0.0015103604002886857,-0.0653355806198769
dim 4,4,0.6418199606478129,Charge_group3_D100,0.13490010666904348,3.431030968699778e-05,-0.02151880703487889,0.5106040661583413,5.70415302909769e-05,0.6349556105533056,0.11338129963416459
dim 4,4,0.6418199606478129,SecondaryStructure_C1,0.41440509922750385,3.4815665752409716e-40,-0.0013424736994390486,0.9672648876999609,3.294173473457463e-39,0.9801774044046934,0.4130626255280648
dim 4,4,0.6418199606478129,SecondaryStructure_C2,-0.2035519573626986,3.206516095435827e-10,-0.05087871267815794,0.11962495992925823,7.411601217131946e-10,0.2015879748555613,0.15267324468454066
dim 4,4,0.6418199606478129,SecondaryStructure_C3,-0.41631681138055643,1.4129816152175875e-40,0.0441966846836193,0.17646001303526737,1.404571010365102e-39,0.27374660638076775,0.3721201266969371
dim 4,4,0.6418199606478129,SecondaryStructure_T12,0.26924552660700846,5.026718236025471e-17,-0.10020454688807867,0.002133827412724328,1.7452431297635212e-16,0.006467317203719832,0.16904097971892978
dim 4,4,0.6418199606478129,SecondaryStructure_T13,0.262962533459632,2.7663638714290767e-16,0.011019377580937243,0.7362163062791077,9.22121290476359e-16,0.816568737464569,0.25194315587869476
dim 4,4,0.6418199606478129,SecondaryStructure_T23,-0.3557354855587212,2.4629914011832315e-29,0.0675832695345468,0.03860633921205012,1.435670380445374e-28,0.0773992812706049,0.2881522160241744
dim 4,4,0.6418199606478129,SecondaryStructure_group1_D0,-0.08655237208506077,0.008029023467644787,-0.05022372063612512,0.12446766630412785,0.010557849756666767,0.20827755784358068,0.03632865144893565
dim 4,4,0.6418199606478129,SecondaryStructure_group1_D25,0.045972612128408655,0.1596921757753239,0.019414111723366226,0.5528215146727443,0.18068152679186375,0.6693187436362413,0.02655850040504243
dim 4,4,0.6418199606478129,SecondaryStructure_group1_D50,0.1471281224764086,6.1177429581385476e-06,0.036966353639500245,0.2582938860409649,1.0777036645666006e-05,0.3768901613703901,0.11016176883690837
dim 4,4,0.6418199606478129,SecondaryStructure_group1_D75,0.1930944333282274,2.5380796554857277e-09,0.07144000245528788,0.028765426302098954,5.584444037761746e-09,0.060731051737680466,0.12165443087293952
dim 4,4,0.6418199606478129,SecondaryStructure_group1_D100,0.1477492700156877,5.58334612083313e-06,-0.0029592911128732777,0.9279180803733684,9.882552222354347e-06,0.9610066320766047,0.14478997890281442
dim 4,4,0.6418199606478129,SecondaryStructure_group2_D0,-0.07853464539534294,0.016195188754075076,-0.00609330551086134,0.852231769465716,0.02051267745112277,0.9083506273851535,0.07244133988448159
dim 4,4,0.6418199606478129,SecondaryStructure_group2_D25,0.06873953355581396,0.03539340418021923,0.021358998438510857,0.5137495585311835,0.043847911706948156,0.6371791776807103,0.0473805351173031
dim 4,4,0.6418199606478129,SecondaryStructure_group2_D50,-0.002752922118564205,0.9329325015399207,0.043358876478549246,0.1848108994662186,0.945907016841098,0.2838015651573196,-0.04060595435998504
dim 4,4,0.6418199606478129,SecondaryStructure_group2_D75,-0.1772111113332265,4.746735537677994e-08,-0.03917483633691357,0.23090971172056338,9.75636719744277e-08,0.3423162171090465,0.13803627499631294
dim 4,4,0.6418199606478129,SecondaryStructure_group2_D100,-0.1013601951443498,0.0018928817849993144,-0.0501532059247835,0.12499799413593103,0.0027729057727621533,0.20895560581281764,0.0512069892195663
dim 4,4,0.6418199606478129,SecondaryStructure_group3_D0,0.03148335022305473,0.3357122007405648,-0.11836558216041328,0.0002821502812581808,0.3642880930713081,0.0010807132332595456,-0.08688223193735856
dim 4,4,0.6418199606478129,SecondaryStructure_group3_D25,-0.001112583980368392,0.9728681779958557,-0.04747715574145043,0.14645257371498008,0.978139588954292,0.23619101700049902,-0.04636457176108204
dim 4,4,0.6418199606478129,SecondaryStructure_group3_D50,-0.16929750593907533,1.8578064945272665e-07,-0.07501482780668814,0.021652500666926477,3.6564959880501293e-07,0.047957130124359704,0.0942826781323872
dim 4,4,0.6418199606478129,SecondaryStructure_group3_D75,-0.09079080313454044,0.005416107503979376,-0.06691110250063577,0.04058543451961761,0.007359560237303139,0.08025775683571511,0.02387970063390467
dim 4,4,0.6418199606478129,SecondaryStructure_group3_D100,-0.09263208809708083,0.004542152332130725,0.023043856168367863,0.48109972266962264,0.00626374433910678,0.6091471782915577,0.06958823192871297
dim 4,4,0.6418199606478129,SolventAccessibility_C1,0.193723205757678,2.248350431798094e-09,0.18973200538701512,4.8198270584243595e-09,4.966594207807958e-09,4.2475520778726545e-08,0.00399120037066289
dim 4,4,0.6418199606478129,SolventAccessibility_C2,0.3296204849297342,3.485967413379776e-25,-0.1430016860102152,1.1122984453008131e-05,1.590591688618641e-24,6.021194177155131e-05,0.18661879891951902
dim 4,4,0.6418199606478129,SolventAccessibility_C3,-0.4925480824232136,2.023689068484325e-58,-0.04599690166004203,0.15947148651397838,3.484083241617343e-57,0.2525532313687472,0.4465511807631716
dim 4,4,0.6418199606478129,SolventAccessibility_T12,0.45504550276406347,4.464960182275577e-49,0.003326980859965756,0.918991040739354,5.917844051111282e-48,0.9562087464390786,0.4517185219040977
dim 4,4,0.6418199606478129,SolventAccessibility_T13,-0.3215732531304186,5.533473434656074e-24,0.04323433474847947,0.18607679625337228,2.4190839360931006e-23,0.2852263124831412,0.27833891838193914
dim 4,4,0.6418199606478129,SolventAccessibility_T23,-0.08266014366331485,0.01136665591645045,-0.11973039309780327,0.0002394091293742846,0.014624279954138869,0.0009367755133904479,-0.03707024943448842
dim 4,4,0.6418199606478129,SolventAccessibility_group1_D0,-0.006769874699205581,0.8360452376976079,-0.051873334774972024,0.11255449769112917,0.8610518328430498,0.1917042439002404,-0.04510346007576645
dim 4,4,0.6418199606478129,SolventAccessibility_group1_D25,0.19205048261881677,3.1011124259904626e-09,0.02703046829063062,0.40854236347494655,6.743304363807386e-09,0.5462495972803528,0.16502001432818614
dim 4,4,0.6418199606478129,SolventAccessibility_group1_D50,0.2261433691640193,2.4868335647299035e-12,0.029628261337396433,0.36497670038104635,6.3308110565532604e-12,0.5022753107839698,0.19651510782662288
dim 4,4,0.6418199606478129,SolventAccessibility_group1_D75,0.19805362337849458,9.650140803604325e-10,0.01227431405751174,0.7074857443384537,2.186666912078592e-09,0.7981461924629761,0.18577930932098285
dim 4,4,0.6418199606478129,SolventAccessibility_group1_D100,-0.019773822057067538,0.5454867862966946,0.0011700172513939406,0.9714681737808112,0.5774725408022059,0.9833358178349152,0.0186038048056736
dim 4,4,0.6418199606478129,SolventAccessibility_group2_D0,-0.0034158869356752477,0.9168340007656682,-0.029400391784038683,0.3686780187468929,0.9333208054121707,0.5050798123932003,-0.025984504848363434
dim 4,4,0.6418199606478129,SolventAccessibility_group2_D25,-0.41022449171258507,2.451553400065953e-39,-0.07871191131817015,0.01595553485832776,2.0782203949797673e-38,0.03650101810055802,0.3315125803944149
dim 4,4,0.6418199606478129,SolventAccessibility_group2_D50,-0.23508395471571283,3.1271289310733523e-13,-0.07909450916976811,0.015448869119376861,8.561156253922128e-13,0.035634822416242204,0.15598944554594474
dim 4,4,0.6418199606478129,SolventAccessibility_group2_D75,-0.25631067431843035,1.6021819701027093e-15,-0.07996302246722121,0.014350873330418845,5.072310692078719e-15,0.03339932408628843,0.17634765185120915
dim 4,4,0.6418199606478129,SolventAccessibility_group2_D100,0.19081350549245327,3.9263798199171e-09,-0.0020567479993060167,0.9498668231801491,8.47164638147488e-09,0.9716861223343639,0.18875675749314724
dim 4,4,0.6418199606478129,SolventAccessibility_group3_D0,-0.17233673759935503,1.1081836327487776e-07,-0.014558245928236404,0.6562740341435248,2.216367265497555e-07,0.7587886584417959,0.15777849167111863
dim 4,4,0.6418199606478129,SolventAccessibility_group3_D25,0.058980127260264886,0.07114204258767096,0.07157596920514364,0.028462008529178854,0.08465066699067368,0.06028098191975737,-0.012595841944878755
dim 4,4,0.6418199606478129,SolventAccessibility_group3_D50,-0.07419622052276045,0.02313005659419406,0.007559315897529563,0.8172460284198034,0.028971072660165284,0.8795489983806603,0.06663690462523089
dim 4,4,0.6418199606478129,SolventAccessibility_group3_D75,0.10308834068600281,0.001578825257073091,0.08619345489519607,0.00829517588486804,0.0023436783816107214,0.02111729226788053,0.016894885790806738
dim 4,4,0.6418199606478129,SolventAccessibility_group3_D100,-0.17481101939368016,7.227498772451504e-08,-0.013359053640034998,0.682980707222139,1.4683604562036511e-07,0.7809888868160384,0.16145196575364515
dim 56,56,0.6350871261545097,AAC_A,-0.02417550385366783,0.45981993349583605,0.18867361679114403,5.883921875512509e-09,0.49177027789820443,5.1445809068617224e-08,-0.1644981129374762
dim 56,56,0.6350871261545097,AAC_C,-0.053761897796915016,0.10003809702476843,0.029178795675174098,0.37229971445778837,0.11707331606963088,0.5092059976613486,0.02458310212174092
dim 56,56,0.6350871261545097,AAC_D,0.22000291791486692,9.828440642422941e-12,0.04423944823445962,0.17604142400692618,2.4534373502012426e-11,0.27322414320777577,0.1757634696804073
dim 56,56,0.6350871261545097,AAC_E,0.3241086799441046,2.3366786614496374e-24,-0.14953473405964388,4.2843949977008e-06,1.0392152768630878e-23,2.4295211022615743e-05,0.1745739458844607
dim 56,56,0.6350871261545097,AAC_F,0.11518031319318092,0.0004112158584870419,-0.035030161533199,0.2840855302622987,0.0006361560756585086,0.4095147479827699,0.08015015165998192
dim 56,56,0.6350871261545097,AAC_G,-0.097854281286679,0.0027125456201927862,0.12271272164543498,0.00016620420929416678,0.003878382864487973,0.0006789127927742116,-0.02485844035875598
dim 56,56,0.6350871261545097,AAC_H,0.37556889202390087,9.299618798595498e-33,0.05621860765235699,0.08544327207785658,6.364903030186262e-32,0.15075569399896513,0.3193502843715439
dim 56,56,0.6350871261545097,AAC_I,0.17073568849814835,1.4565139881517305e-07,-0.09586733977830049,0.0033098373660741497,2.888810404053907e-07,0.0094485955578527,0.07486834871984786
dim 56,56,0.6350871261545097,AAC_K,0.27403860373458494,1.3274177247064324e-17,-0.09410216008279929,0.003938266803682399,4.9152718409306923e-17,0.011058809924978421,0.17993644365178565
dim 56,56,0.6350871261545097,AAC_L,0.26675707490503087,9.930463215239941e-17,-0.020967068371439353,0.5215062755495017,3.3879210560675596e-16,0.6438181624426205,0.2457900065335915
dim 56,56,0.6350871261545097,AAC_M,0.1547632415574588,1.938282228361664e-06,-0.1117819985532292,0.0006083172406238437,3.6513607686000893e-06,0.002081741376725039,0.04298124300422959
dim 56,56,0.6350871261545097,AAC_N,-0.03217667032667571,0.3251732692802229,-0.04958674505427754,0.12932227751117176,0.35319633151087626,0.21457347585062775,-0.01741007472760183
dim 56,56,0.6350871261545097,AAC_P,-0.41166868073762,1.2530614062431298e-39,-0.029327734454501625,0.36986308796531137,1.0927480670631993e-38,0.5064955776154735,0.3823409462831183
dim 56,56,0.6350871261545097,AAC_Q,0.051800972952113035,0.11305754225872848,-0.046182793987472354,0.15779013103846046,0.13184783210340542,0.25060344159222914,0.005618178964640681
dim 56,56,0.6350871261545097,AAC_R,-0.09507778902527965,0.0035787034514526295,0.01236560275146135,0.7054113389859796,0.005022214087332682,0.7970479946593951,0.0827121862738183
dim 56,56,0.6350871261545097,AAC_S,-0.417233744917519,9.149366464579027e-41,-0.025108372403413126,0.4426810067147139,9.345224462291727e-40,0.57744097215034,0.3921253725141059
dim 56,56,0.6350871261545097,AAC_T,-0.41771858252070704,7.266970621188707e-41,0.019172036396641185,0.5577846243346362,7.491259837892063e-40,0.6730493660685277,0.39854654612406587
dim 56,56,0.6350871261545097,AAC_V,0.052277722129701346,0.10977563771685146,0.05242409849933018,0.1087832204415824,0.12819952097002935,0.18613522350147807,-0.00014637636962883116
dim 56,56,0.6350871261545097,AAC_W,-0.11611769140510246,0.0003684256271712344,-0.004309052198997718,0.8952005516123903,0.0005731446645328006,0.9387660415652695,0.11180863920610475
dim 56,56,0.6350871261545097,AAC_Y,0.029762330094261606,0.3628098692558455,-0.04678492953621255,0.15243595934058804,0.3926717314693856,0.24372240507303208,-0.017022599441950944
dim 56,56,0.6350871261545097,Hydrophobicity_C1,0.3322976463324696,1.3640559386677484e-25,-0.14180797215197832,1.3182798894900298e-05,6.354179686402063e-25,7.067503741407223e-05,0.1904896741804913
dim 56,56,0.6350871261545097,Hydrophobicity_C2,-0.3755495624194802,9.373871797402671e-33,0.13465536581962223,3.546352328102803e-05,6.402603640761742e-32,0.00017291703322428264,0.24089419659985795
dim 56,56,0.6350871261545097,Hydrophobicity_C3,0.3368158321686716,2.740972908288405e-26,-0.07996644956658433,0.01434668047344215,1.3325836264458912e-25,0.03339932408628843,0.2568493826020873
dim 56,56,0.6350871261545097,Hydrophobicity_T12,0.08472092248670268,0.009471479051659504,0.0030502634932818955,0.9257084992039163,0.012290108792751648,0.9593131825445487,0.08167065899342078
dim 56,56,0.6350871261545097,Hydrophobicity_T13,0.3740029689841717,1.7681223921024033e-32,-0.08195989422112258,0.012083235961045486,1.1954511719882646e-31,0.028972008693389752,0.2920430747630491
dim 56,56,0.6350871261545097,Hydrophobicity_T23,-0.09433616722172572,0.0038491584127539683,0.12483876287336772,0.0001274848201775289,0.005383663776632435,0.000540354440853993,-0.030502595651641998
dim 56,56,0.6350871261545097,Hydrophobicity_group1_D0,-0.001506598752495239,0.9632655043246893,-0.026534914792855142,0.4171908558534205,0.9711158419693517,0.5532592432228469,-0.025028316040359905
dim 56,56,0.6350871261545097,Hydrophobicity_group1_D25,-0.4116445247214543,1.2672412977046494e-39,-0.07923035264291649,0.015272406029801724,1.0993729699567607e-38,0.03530092466403997,0.3324141720785378
dim 56,56,0.6350871261545097,Hydrophobicity_group1_D50,-0.236271410892664,2.3589105147890934e-13,-0.08039881435646039,0.013826284120768547,6.538583469798284e-13,0.03247523837086284,0.1558725965362036
dim 56,56,0.6350871261545097,Hydrophobicity_group1_D75,-0.2561971410248222,1.6502225442277564e-15,-0.07891286719839938,0.01568762347083325,5.214515891883356e-15,0.03607260661794247,0.17728427382642284
dim 56,56,0.6350871261545097,Hydrophobicity_group1_D100,0.1900598170999894,4.529994031593355e-09,-0.004615098813437484,0.8878048058175809,9.717520915556716e-09,0.9347605813376475,0.1854447182865519
dim 56,56,0.6350871261545097,Hydrophobicity_group2_D0,0.1404520022981766,1.596270683950633e-05,-0.026675662648654706,0.41472360604193154,2.72992528642863e-05,0.5523033668979471,0.11377633964952188
dim 56,56,0.6350871261545097,Hydrophobicity_group2_D25,0.3563566124589606,1.9403481750682202e-29,0.03965265893970812,0.2252664742155035,1.14299169395553e-28,0.33499110591263653,0.3167039535192525
dim 56,56,0.6350871261545097,Hydrophobicity_group2_D50,0.15105006762947407,3.4137861454968186e-06,-0.01953140209043707,0.5504245896690286,6.2306260797592206e-06,0.667302406350111,0.131518665539037
dim 56,56,0.6350871261545097,Hydrophobicity_group2_D75,0.23680942784269765,2.075002260634643e-13,0.09433750691445078,0.003848653574476604,5.794738754615139e-13,0.01083853536151084,0.14247192092824687
dim 56,56,0.6350871261545097,Hydrophobicity_group2_D100,-0.10060579991377128,0.0020471567676640496,0.03414341812760904,0.2964600018657889,0.002984506156262735,0.42515088288180974,0.06646238178616223
dim 56,56,0.6350871261545097,Hydrophobicity_group3_D0,-0.2632409298308388,2.5674862265109386e-16,-0.013901183935985351,0.6708555586790862,8.566837159387149e-16,0.7721080516844065,0.24933974589485344
dim 56,56,0.6350871261545097,Hydrophobicity_group3_D25,-0.24541465213302002,2.555684474008658e-14,0.08674201959445808,0.007891496846192706,7.560660888564144e-14,0.02018192914723096,0.15867263253856195
dim 56,56,0.6350871261545097,Hydrophobicity_group3_D50,-0.09012544744445802,0.005767439732560142,0.0919134232024635,0.004866833242930523,0.007795729950121763,0.013302146506864114,-0.001787975758005475
dim 56,56,0.6350871261545097,Hydrophobicity_group3_D75,-0.04006134768855635,0.2205183288578213,-0.005520027458555966,0.8659962075140913,0.2443700127356082,0.9182308993958936,0.03454132023000038
dim 56,56,0.6350871261545097,Hydrophobicity_group3_D100,-0.06797112663964926,0.03750205803680157,-0.05140900609784768,0.1158132211319314,0.046305683490912096,0.1963533799901781,0.016562120541801575
dim 56,56,0.6350871261545097,NormVanDerWaalsVolume_C1,-0.3701381110361624,8.505630781660754e-32,0.13623295682810702,2.8628818746245864e-05,5.5485950802240075e-31,0.00014353757289406878,0.23390515420805538
dim 56,56,0.6350871261545097,NormVanDerWaalsVolume_C2,0.34220611636546466,3.901051825741945e-27,-0.12883628381866,7.654535747000579e-05,1.971182011796989e-26,0.0003473661602579067,0.21336983254680467
dim 56,56,0.6350871261545097,NormVanDerWaalsVolume_C3,0.2934438572518208,4.593797871672796e-20,-0.09267527074297617,0.004523281823571113,1.8508184428693772e-19,0.012448177844169597,0.20076858650884466
dim 56,56,0.6350871261545097,NormVanDerWaalsVolume_T12,-0.14659459351005244,6.615454165804439e-06,0.043319777711403266,0.18520762944573554,1.1610938998311522e-05,0.2842800929911566,0.10327481579864917
dim 56,56,0.6350871261545097,NormVanDerWaalsVolume_T13,0.06456388400365048,0.04818270763068174,0.07060298458417519,0.030695197600068884,0.05918729072691321,0.06405221820911368,-0.006039100580524703
dim 56,56,0.6350871261545097,NormVanDerWaalsVolume_T23,0.2707246615186646,3.3424204745602697e-17,-0.17962311644352658,3.092945634198325e-08,1.1754710180060254e-16,2.5013168082862966e-07,0.09110154507513801
dim 56,56,0.6350871261545097,NormVanDerWaalsVolume_group1_D0,0.13145516058705106,5.43568979575286e-05,-0.04146914015102048,0.20471211958551913,8.890893201672161e-05,0.3096641664020081,0.08998602043603057
dim 56,56,0.6350871261545097,NormVanDerWaalsVolume_group1_D25,0.2728411694333857,1.8559205832430557e-17,-0.012150206404491867,0.7103093916556413,6.767221340646077e-17,0.7990681603670737,0.26069096302889383
dim 56,56,0.6350871261545097,NormVanDerWaalsVolume_group1_D50,0.10317891038216306,0.0015637687331331552,-0.00574647593578958,0.8605540758177052,0.0023233930465590474,0.9142018489920913,0.09743243444637348
dim 56,56,0.6350871261545097,NormVanDerWaalsVolume_group1_D75,0.2085447265379351,1.1474110231645873e-10,0.07029939775794312,0.031422045932695986,2.716054441792857e-10,0.06511809781061535,0.13824532877999196
dim 56,56,0.6350871261545097,NormVanDerWaalsVolume_group1_D100,-0.11931365580782612,0.00025176961483943793,-0.0011662771334197126,0.9715593409746168,0.000399103233774904,0.9833358178349152,0.1181473786744064
dim 56,56,0.6350871261545097,NormVanDerWaalsVolume_group2_D0,-0.047000086361554415,0.15055664196747753,-0.024877215103187883,0.44689357005478497,0.17105569174880794,0.5813435536680951,0.022122871258366532
dim 56,56,0.6350871261545097,NormVanDerWaalsVolume_group2_D25,-0.273557257652792,1.5191604154800634e-17,0.003160704085718855,0.9230268350000986,5.594262169463519e-17,0.958123139806952,0.27039655356707315
dim 56,56,0.6350871261545097,NormVanDerWaalsVolume_group2_D50,-0.04403932788107297,0.17800667060539146,0.0502344230818996,0.12438732860933484,0.2000478734259783,0.20824745742114203,-0.006195095200826631
dim 56,56,0.6350871261545097,NormVanDerWaalsVolume_group2_D75,-0.05979315096326541,0.06732631598628958,-0.06883344300642416,0.035142762157242415,0.08036808269985961,0.07152762072223624,-0.009040292043158753
dim 56,56,0.6350871261545097,NormVanDerWaalsVolume_group2_D100,0.11554717678346973,0.00039394485083867303,0.011236090100843449,0.7312271805011685,0.000610285622356757,0.8127450192592023,0.10431108668262629
dim 56,56,0.6350871261545097,NormVanDerWaalsVolume_group3_D0,-0.12940926513050982,7.106110447221692e-05,0.01515085785032648,0.6432337939520931,0.00011572115501570187,0.7488326496340157,0.11425840728018334
dim 56,56,0.6350871261545097,NormVanDerWaalsVolume_group3_D25,-0.08626057695906723,0.008244810881325048,0.06494565215641765,0.0468713562166251,0.010811805396005363,0.08960417479745499,0.021314924802649585
dim 56,56,0.6350871261545097,NormVanDerWaalsVolume_group3_D50,-0.0962426447482866,0.0031885908881591238,-0.013707382996749567,0.6751804443568781,0.00452609161345154,0.7757491173553398,0.08253526175153704
dim 56,56,0.6350871261545097,NormVanDerWaalsVolume_group3_D75,-0.10091965259206304,0.0019816254114326704,-0.028935607138932177,0.3762995517253366,0.0028952882214283112,0.5129961235765813,0.07198404545313086
dim 56,56,0.6350871261545097,NormVanDerWaalsVolume_group3_D100,0.08115345637045307,0.012957767511048088,-0.01927213173436595,0.55572981335559,0.016550265195755493,0.6712974960606404,0.061881324636087115
dim 56,56,0.6350871261545097,Polarity_C1,0.332139845964579,1.4419934701554883e-25,-0.09658883061468353,0.003080349577314702,6.707880487909932e-25,0.00888599056223473,0.23555101534989548
dim 56,56,0.6350871261545097,Polarity_C2,-0.3977225674605445,7.1386840627849005e-37,0.1235539045414075,0.0001497226444330322,5.636691434917629e-36,0.0006227567028721389,0.274168662919137
dim 56,56,0.6350871261545097,Polarity_C3,0.3844388724092015,2.2841899893089864e-34,-0.11720389737374617,0.00032405101749546905,1.718287064029733e-33,0.001218840538778003,0.26723497503545535
dim 56,56,0.6350871261545097,Polarity_T12,-0.21874827699308094,1.2950410201765794e-11,0.12061118544943054,0.00021513109589759048,3.22793806521625e-11,0.000858468172398987,0.0981370915436504
dim 56,56,0.6350871261545097,Polarity_T13,0.415899677032783,1.721106784200421e-40,-0.06534178366986114,0.045542493787302914,1.6957217283862555e-39,0.0878244395205495,0.35055789336292187
dim 56,56,0.6350871261545097,Polarity_T23,-0.04548929228133068,0.16413159785516007,0.0014690617629176776,0.9641801242982667,0.18545315860495085,0.9790496168632113,0.044020230518413
dim 56,56,0.6350871261545097,Polarity_group1_D0,-0.18574672694388528,1.015491702905452e-08,0.0009999629254451073,0.9756136883170076,2.1385512532813427e-08,0.9850513056163257,0.18474676401844017
dim 56,56,0.6350871261545097,Polarity_group1_D25,-0.1867195820182304,8.478457015571367e-09,0.08334486130992165,0.010702652781715562,1.7911477819107125e-08,0.026226603294886262,0.10337472070830876
dim 56,56,0.6350871261545097,Polarity_group1_D50,-0.0928167705526922,0.004461943225602793,0.05618001685952426,0.08565846189915967,0.006188907962422479,0.1509758642444292,0.03663675369316795
dim 56,56,0.6350871261545097,Polarity_group1_D75,-0.12005070126235054,0.00023029760158293637,-0.03321532821027185,0.3097916187735878,0.00036645735554407215,0.4408623803595157,0.0868353730520787
dim 56,56,0.6350871261545097,Polarity_group1_D100,0.02626923158612737,0.4218716446415676,0.024050769392887764,0.4621393692035577,0.4549729716186102,0.5925318591707803,0.0022184621932396058
dim 56,56,0.6350871261545097,Polarity_group2_D0,0.14559385163155658,7.655155643622723e-06,-0.026871669379343065,0.41130207875535274,1.3358526567241323e-05,0.5493716962281495,0.11872218225221351
dim 56,56,0.6350871261545097,Polarity_group2_D25,0.34785798788757005,4.845233221524595e-28,0.024164034583287967,0.4600329324593612,2.601781183262403e-27,0.5909653824670256,0.3236939533042821
dim 56,56,0.6350871261545097,Polarity_group2_D50,0.23467120165561664,3.4478390445871176e-13,0.055624516852553686,0.08880475883599814,9.392970969756096e-13,0.15594526525354038,0.17904668480306296
dim 56,56,0.6350871261545097,Polarity_group2_D75,0.27117862060229336,2.9474710741506895e-17,0.12121946756728294,0.0001997333861835135,1.042855231743994e-16,0.0008014233806712787,0.14995915303501042
dim 56,56,0.6350871261545097,Polarity_group2_D100,-0.06585064083741039,0.043882123576422384,0.02145735828883301,0.5118123635077386,0.05406355320739608,0.6357208233974887,0.044393282548577384
dim 56,56,0.6350871261545097,Polarity_group3_D0,-0.046320897138817874,0.15654972394673453,-0.038667945948643395,0.23700510513003156,0.17730623193695944,0.34933673924726627,0.0076529511901744784
dim 56,56,0.6350871261545097,Polarity_group3_D25,-0.45253036004687164,1.721263314718048e-48,-0.07206900002647416,0.02738475668794348,2.2026894525510653e-47,0.05848151364305065,0.3804613600203975
dim 56,56,0.6350871261545097,Polarity_group3_D50,-0.2815179163472681,1.5755299003716837e-18,-0.0727951487324909,0.025862180389824702,6.2055069189167734e-18,0.05583689883775986,0.20872276761477718
dim 56,56,0.6350871261545097,Polarity_group3_D75,-0.2434594580467513,4.142535807269822e-14,-0.06677779176084735,0.04098798593930173,1.2062833126661905e-13,0.0807427683314619,0.17668166628590393
dim 56,56,0.6350871261545097,Polarity_group3_D100,0.16509854324008144,3.736620571805198e-07,-0.007344415222181406,0.8223536195637037,7.18084735893519e-07,0.8831038313335249,0.15775412801790004
dim 56,56,0.6350871261545097,Polarizability_C1,-0.30705046765818655,6.599967957805808e-22,0.15414523740648403,2.1317331729919144e-06,2.7486150846722446e-21,1.2339668627024253e-05,0.15290523025170252
dim 56,56,0.6350871261545097,Polarizability_C2,0.20998475507638673,8.489670081408283e-11,-0.14651515860484077,6.692785732122896e-06,2.0210618725519364e-10,3.719451638151493e-05,0.06346959647154596
dim 56,56,0.6350871261545097,Polarizability_C3,0.2934438572518208,4.593797871672796e-20,-0.09267527074297617,0.004523281823571113,1.8508184428693772e-19,0.012448177844169597,0.20076858650884466
dim 56,56,0.6350871261545097,Polarizability_T12,-0.3448259801987149,1.4913798820371597e-27,0.077623000817605,0.017478230064577972,7.746825514780891e-27,0.03955100841171438,0.26720297938110993
dim 56,56,0.6350871261545097,Polarizability_T13,0.10779516484111168,0.0009501413753850319,0.10733541064208003,0.0009993455994037797,0.0014398694164183333,0.003291730080876355,0.00045975419903164505
dim 56,56,0.6350871261545097,Polarizability_T23,0.2424285505062331,5.334906592145599e-14,-0.19714866311151294,1.1534252896452906e-09,1.5427348933130997e-13,1.1198954847137414e-08,0.045279887394720164
dim 56,56,0.6350871261545097,Polarizability_group1_D0,0.10849493044678299,0.0008795352913074993,-0.041545683239254186,0.2038769300178388,0.001334081686179404,0.30854052843660246,0.0669492472075288
dim 56,56,0.6350871261545097,Polarizability_group1_D25,0.25482535515031474,2.355444935235985e-15,-0.047935600780108154,0.1425897741348863,7.366279104576957e-15,0.2315264198398251,0.20688975437020657
dim 56,56,0.6350871261545097,Polarizability_group1_D50,0.23426852489628153,3.7917129476335333e-13,0.010558995611979998,0.7468518503190845,1.0271144562121656e-12,0.8243506873977998,0.22370952928430152
dim 56,56,0.6350871261545097,Polarizability_group1_D75,0.2477890681690754,1.41351417723906e-14,0.09062998060344,0.00549921261106087,4.295848363947644e-14,0.014800459404466806,0.1571590875656354
dim 56,56,0.6350871261545097,Polarizability_group1_D100,-0.04034600028214566,0.2172538510186522,0.00684736746815813,0.8341955487905006,0.24123266702204066,0.892730898096851,0.03349863281398753
dim 56,56,0.6350871261545097,Polarizability_group2_D0,0.02897759896276068,0.37560700744488434,-0.044444762998290636,0.17404199987426222,0.4059959239048264,0.2713518387824516,-0.015467164035529956
dim 56,56,0.6350871261545097,Polarizability_group2_D25,-0.20466812401030773,2.554087129178808e-10,0.021517691966902883,0.5106259790258021,5.932302511444519e-10,0.6349556105533056,0.18315043204340486
dim 56,56,0.6350871261545097,Polarizability_group2_D50,-0.25024777811279725,7.604894982695471e-15,0.004919385441159453,0.8804612456362407,2.3388903537940032e-14,0.9303196964331047,0.2453283926716378
dim 56,56,0.6350871261545097,Polarizability_group2_D75,-0.15431421639787013,2.077074057517323e-06,-0.08836867879286417,0.0067957390522048865,3.893056875481402e-06,0.01781614476794688,0.06594553760500596
dim 56,56,0.6350871261545097,Polarizability_group2_D100,-0.05085544887148265,0.11979439995119917,0.0073248042087809585,0.8228200967394999,0.13936373940682872,0.8831038313335249,0.04353064466270169
dim 56,56,0.6350871261545097,Polarizability_group3_D0,-0.12940926513050982,7.106110447221692e-05,0.01515085785032648,0.6432337939520931,0.00011572115501570187,0.7488326496340157,0.11425840728018334
dim 56,56,0.6350871261545097,Polarizability_group3_D25,-0.08626057695906723,0.008244810881325048,0.06494565215641765,0.0468713562166251,0.010811805396005363,0.08960417479745499,0.021314924802649585
dim 56,56,0.6350871261545097,Polarizability_group3_D50,-0.0962426447482866,0.0031885908881591238,-0.013707382996749567,0.6751804443568781,0.00452609161345154,0.7757491173553398,0.08253526175153704
dim 56,56,0.6350871261545097,Polarizability_group3_D75,-0.10091965259206304,0.0019816254114326704,-0.028935607138932177,0.3762995517253366,0.0028952882214283112,0.5129961235765813,0.07198404545313086
dim 56,56,0.6350871261545097,Polarizability_group3_D100,0.08115345637045307,0.012957767511048088,-0.01927213173436595,0.55572981335559,0.016550265195755493,0.6712974960606404,0.061881324636087115
dim 56,56,0.6350871261545097,Charge_C1,0.2352519740532472,3.0051244437343114e-13,-0.0943275652149228,0.0038524013502599405,8.240653236512809e-13,0.010839949881944567,0.14092440883832438
dim 56,56,0.6350871261545097,Charge_C2,-0.3457037953570979,1.0783925303809127e-27,0.10565301021563422,0.001200174819896474,5.699099764987735e-27,0.003880526523188987,0.24005078514146366
dim 56,56,0.6350871261545097,Charge_C3,0.34319104499291714,2.720544777321644e-27,-0.07874435364460379,0.015912013215877752,1.3851554201607152e-26,0.03645138829974739,0.26444669134831333
dim 56,56,0.6350871261545097,Charge_T12,0.1708625047046397,1.4254524613351463e-07,-0.08336831723416661,0.01068052945719918,2.828883672524889e-07,0.026210851129349937,0.08749418747047309
dim 56,56,0.6350871261545097,Charge_T13,0.27163732269702595,2.595148798671359e-17,-0.12387365328387129,0.000143870700983641,9.221060625066319e-17,0.000603131006802653,0.14776366941315466
dim 56,56,0.6350871261545097,Charge_T23,0.3450329475284354,1.3817479137447418e-27,-0.0295820375323816,0.36572564069601754,7.19974731966839e-27,0.5026846254834151,0.3154509099960538
dim 56,56,0.6350871261545097,Charge_group1_D0,0.014720156845019356,0.6527006247198844,0.0853079276953945,0.008985834727478995,0.6789224810228632,0.022597924872571847,-0.07058777085037514
dim 56,56,0.6350871261545097,Charge_group1_D25,-0.12218649786399713,0.00017736557915098164,0.014584786712194512,0.6556877321284751,0.00028398899058690254,0.7585718826841381,0.10760171115180261
dim 56,56,0.6350871261545097,Charge_group1_D50,-0.017933866858246546,0.5835029960654582,0.025624012560592328,0.4333662381780332,0.614020165992007,0.5689635359727323,-0.007690145702345781
dim 56,56,0.6350871261545097,Charge_group1_D75,-0.1153902060317093,0.0004012501138274306,-0.03270855158967841,0.3172356073959384,0.0006210265895197489,0.4497312940163134,0.08268165444203088
dim 56,56,0.6350871261545097,Charge_group1_D100,0.040021207686890284,0.22098147675707502,-0.03256665539715927,0.319340718417161,0.24463975219377876,0.4523316367740957,0.007454552289731013
dim 56,56,0.6350871261545097,Charge_group2_D0,0.004243267129224846,0.8967914863270556,-0.01105245815331414,0.735454005287008,0.9168299860215383,0.8163563900493874,-0.006809191024089294
dim 56,56,0.6350871261545097,Charge_group2_D25,0.213218522418952,4.282086246621413e-11,0.09603294075182738,0.003255830429418127,1.0311584761150339e-10,0.009318315025069874,0.11718558166712463
dim 56,56,0.6350871261545097,Charge_group2_D50,0.04898323278833645,0.13405609494077328,0.07659728575701262,0.01902739529635073,0.15418639989076313,0.042680658354473766,-0.027614052968676167
dim 56,56,0.6350871261545097,Charge_group2_D75,0.09332457339699904,0.004247962949112496,0.10583144240311314,0.0011772338980939278,0.005904367977542962,0.00381743807731429,-0.012506869006114099
dim 56,56,0.6350871261545097,Charge_group2_D100,-0.1490639173989594,4.595631720603783e-06,0.03412153444215715,0.29676987237684577,8.230246620277017e-06,0.4254126067547918,0.11494238295680226
dim 56,56,0.6350871261545097,Charge_group3_D0,-0.021131978900924168,0.5182352029372701,-0.06294065617824253,0.054106846485027484,0.5503674333260675,0.1016405327671495,-0.041808677277318365
dim 56,56,0.6350871261545097,Charge_group3_D25,-0.25982077271386705,6.38126435871187e-16,-0.1136458338568756,0.000491393357351544,2.0916018604610055e-15,0.0017149987602446779,0.14617493885699145
dim 56,56,0.6350871261545097,Charge_group3_D50,-0.060403215194794135,0.06457492362192173,-0.07059974601977899,0.030702874656524253,0.07747135233377103,0.06405221820911368,-0.010196530824984854
dim 56,56,0.6350871261545097,Charge_group3_D75,-0.04836521795277868,0.13904120689229266,-0.11377619613090816,0.00048405388553033403,0.15925844685194016,0.0016911506042586984,-0.06541097817812948
dim 56,56,0.6350871261545097,Charge_group3_D100,0.13369893631561136,4.03323096389956e-05,-0.024638598909830976,0.451265847317053,6.655628171652437e-05,0.5850295471582753,0.10906033740578039
dim 56,56,0.6350871261545097,SecondaryStructure_C1,0.41447629375216943,3.3669368892249643e-40,-0.004321402779651571,0.8949019140298096,3.19476398011687e-39,0.9387476108227274,0.41015489097251784
dim 56,56,0.6350871261545097,SecondaryStructure_C2,-0.20050386041226761,5.928925945952102e-10,-0.0449258661607045,0.16942326472999844,1.3572729718629212e-09,0.2651704330825655,0.1555779942515631
dim 56,56,0.6350871261545097,SecondaryStructure_C3,-0.4185778305611917,4.826807440394722e-41,0.04336732752339673,0.18472523041970323,5.069665676389425e-40,0.2838004919971522,0.37521050303779496
dim 56,56,0.6350871261545097,SecondaryStructure_T12,0.27186898329947295,2.4333245952290893e-17,-0.09839089528837347,0.002569044774588353,8.673750424829412e-17,0.007606923357380407,0.17347808801109948
dim 56,56,0.6350871261545097,SecondaryStructure_T13,0.2615050472836732,4.0823743272879093e-16,0.0068194280870725365,0.8348623339054836,1.354034781841273e-15,0.893158294440844,0.25468561919660065
dim 56,56,0.6350871261545097,SecondaryStructure_T23,-0.3558621362347704,2.346175391264524e-29,0.07066174849262342,0.03055618262747386,1.3771925846789999e-28,0.06386586356430707,0.285200387742147
dim 56,56,0.6350871261545097,SecondaryStructure_group1_D0,-0.08517550963754726,0.009093405440102996,-0.047918830961034616,0.142729684762169,0.0118270927453053,0.23164098498816543,0.037256678676512646
dim 56,56,0.6350871261545097,SecondaryStructure_group1_D25,0.04709261392363498,0.14975389056263383,0.02117486242712545,0.517386327829957,0.17024438205554696,0.6407379810723235,0.02591775149650953
dim 56,56,0.6350871261545097,SecondaryStructure_group1_D50,0.1483667018455281,5.0965408738956405e-06,0.03847438140133298,0.23936242624373516,9.06896458114621e-06,0.3520345678793815,0.10989232044419513
dim 56,56,0.6350871261545097,SecondaryStructure_group1_D75,0.1941560719037323,2.0678639233060887e-09,0.07272017143870066,0.026015932375783483,4.595253162902419e-09,0.056068356444236356,0.12143590046503164
dim 56,56,0.6350871261545097,SecondaryStructure_group1_D100,0.14747679840780778,5.812027768519304e-06,-0.0044079568584986795,0.8928094522358062,1.0265559358463498e-05,0.9374242091452298,0.1430688415493091
dim 56,56,0.6350871261545097,SecondaryStructure_group2_D0,-0.0788421563085097,0.015781440209626928,-0.006163975868186842,0.8505379888224114,0.020003798975390487,0.9073129615671843,0.07267818044032286
dim 56,56,0.6350871261545097,SecondaryStructure_group2_D25,0.06968062376209372,0.032949251759187045,0.02270093691990132,0.48765218029121427,0.04095664342228684,0.6148577886646491,0.0469796868421924
dim 56,56,0.6350871261545097,SecondaryStructure_group2_D50,-0.0030008279467719098,0.9269091437846074,0.0434219543073115,0.1841721811884866,0.9415682908274297,0.28321136517934864,-0.04042112636053959
dim 56,56,0.6350871261545097,SecondaryStructure_group2_D75,-0.17884905158433567,3.550971464501621e-08,-0.04118988398387888,0.2077802465602064,7.352910534057913e-08,0.3128731531088146,0.1376591676004568
dim 56,56,0.6350871261545097,SecondaryStructure_group2_D100,-0.10076613057427526,0.0020134362488918476,-0.049045830275808416,0.13355896048171464,0.002936627542051865,0.21942298475598962,0.051720300298466845
dim 56,56,0.6350871261545097,SecondaryStructure_group3_D0,0.03263500459541838,0.31832558237054726,-0.11789290700408984,0.0002985473051530225,0.3460961735408945,0.0011357038715388327,-0.08525790240867145
dim 56,56,0.6350871261545097,SecondaryStructure_group3_D25,-0.002797349150098153,0.9318527676925461,-0.050751053630423794,0.12055706588812691,0.9454399283393391,0.20285168769085335,-0.04795370448032564
dim 56,56,0.6350871261545097,SecondaryStructure_group3_D50,-0.16974780607090353,1.7218909069684913e-07,-0.07546131753858928,0.020881712398213705,3.401014564917067e-07,0.04634213914287958,0.09428648853231425
dim 56,56,0.6350871261545097,SecondaryStructure_group3_D75,-0.09030301545833708,0.005671724072856164,-0.06622620923682083,0.04268965346929322,0.007669456843457323,0.08347976732285678,0.024076806221516242
dim 56,56,0.6350871261545097,SecondaryStructure_group3_D100,-0.09541049645947491,0.003463076445475561,0.019253549680591047,0.5561109967310138,0.004876338671116516,0.6715150864358591,0.07615694677888386
dim 56,56,0.6350871261545097,SolventAccessibility_C1,0.19031991966034673,4.3121426487385305e-09,0.1848356336173779,1.2013891514720317e-08,9.262094177997873e-09,1.0262505795183084e-07,0.005484286042968828
dim 56,56,0.6350871261545097,SolventAccessibility_C2,0.3322976463324696,1.3640559386677484e-25,-0.14180797215197832,1.3182798894900298e-05,6.354179686402063e-25,7.067503741407223e-05,0.1904896741804913
dim 56,56,0.6350871261545097,SolventAccessibility_C3,-0.49233976886087616,2.297822504745166e-58,-0.04215102303425897,0.1973589290564894,3.9357575209481306e-57,0.3003092587921069,0.45018874582661716
dim 56,56,0.6350871261545097,SolventAccessibility_T12,0.4561728203250908,2.429729014062974e-49,0.0020920836324278026,0.949006679944785,3.259154581112584e-48,0.9716861223343639,0.454080736692663
dim 56,56,0.6350871261545097,SolventAccessibility_T13,-0.32249433074952266,4.0494636535238074e-24,0.04427757263996516,0.17566886868799636,1.784328311711018e-23,0.2728995448455385,0.2782167581095575
dim 56,56,0.6350871261545097,SolventAccessibility_T23,-0.08031738125013688,0.013923006160527152,-0.11659205872569686,0.00034839087083034513,0.01770862169693857,0.0012929172317481697,-0.036274677475559985
dim 56,56,0.6350871261545097,SolventAccessibility_group1_D0,-0.006292841899889578,0.8474511897337864,-0.05158665864316957,0.11455779277546492,0.8709190688341067,0.19452111228777472,-0.04529381674327999
dim 56,56,0.6350871261545097,SolventAccessibility_group1_D25,0.19212703564180683,3.0559998887344822e-09,0.02618741855702464,0.4233191884680843,6.6495372171812185e-09,0.5595117093325689,0.1659396170847822
dim 56,56,0.6350871261545097,SolventAccessibility_group1_D50,0.22707676931953116,2.0108807678767706e-12,0.030041151437479964,0.35832934899246227,5.134817862926922e-12,0.49419998600396814,0.1970356178820512
dim 56,56,0.6350871261545097,SolventAccessibility_group1_D75,0.1992992917597218,7.539054920785966e-10,0.013220148091551497,0.686100776953294,1.71528906235866e-09,0.7825685729044762,0.1860791436681703
dim 56,56,0.6350871261545097,SolventAccessibility_group1_D100,-0.020275291621724402,0.5353426075618961,0.0004804018477524649,0.9882829352694835,0.5676331140497565,0.9926949545988542,0.019794889773971938
dim 56,56,0.6350871261545097,SolventAccessibility_group2_D0,-0.001506598752495239,0.9632655043246893,-0.026534914792855142,0.4171908558534205,0.9711158419693517,0.5532592432228469,-0.025028316040359905
dim 56,56,0.6350871261545097,SolventAccessibility_group2_D25,-0.4116445247214543,1.2672412977046494e-39,-0.07923035264291649,0.015272406029801724,1.0993729699567607e-38,0.03530092466403997,0.3324141720785378
dim 56,56,0.6350871261545097,SolventAccessibility_group2_D50,-0.236271410892664,2.3589105147890934e-13,-0.08039881435646039,0.013826284120768547,6.538583469798284e-13,0.03247523837086284,0.1558725965362036
dim 56,56,0.6350871261545097,SolventAccessibility_group2_D75,-0.2561971410248222,1.6502225442277564e-15,-0.07891286719839938,0.01568762347083325,5.214515891883356e-15,0.03607260661794247,0.17728427382642284
dim 56,56,0.6350871261545097,SolventAccessibility_group2_D100,0.1900598170999894,4.529994031593355e-09,-0.004615098813437484,0.8878048058175809,9.717520915556716e-09,0.9347605813376475,0.1854447182865519
dim 56,56,0.6350871261545097,SolventAccessibility_group3_D0,-0.1713354574193438,1.3151549179744587e-07,-0.011898373577370919,0.7160511729952054,2.617769622189924e-07,0.8013093957509637,0.1594370838419729
dim 56,56,0.6350871261545097,SolventAccessibility_group3_D25,0.05981389202611092,0.06723121681775311,0.07332738525287805,0.024793132436525877,0.08028325497722395,0.053912149959633095,-0.013513493226767127
dim 56,56,0.6350871261545097,SolventAccessibility_group3_D50,-0.07466974016819546,0.02226506197879459,0.007328706272244573,0.8227272753577692,0.02793587791479111,0.8831038313335249,0.06734103389595088
dim 56,56,0.6350871261545097,SolventAccessibility_group3_D75,0.10110400128469825,0.0019440359371788543,0.08315681693780691,0.010881489177704625,0.0028428546541932457,0.02658681335298716,0.01794718434689134
dim 56,56,0.6350871261545097,SolventAccessibility_group3_D100,-0.1759260393106643,5.949371681443664e-08,-0.01424146215890636,0.6632882155924811,1.2168341344777611e-07,0.7660382572886884,0.16168457715175794
dim 31,31,0.634097666705766,AAC_A,0.15501607025787978,1.8640950515961532e-06,0.01941452299786316,0.5528131010193297,3.515571695274507e-06,0.6693187436362413,0.1356015472600166
dim 31,31,0.634097666705766,AAC_C,0.1497675726392555,4.138029241639158e-06,0.13809371132992776,2.217273756295416e-05,7.450683378476975e-06,0.0001137587457146957,0.011673861309327738
dim 31,31,0.634097666705766,AAC_D,-0.3096324190335709,2.87567486946569e-22,-0.19933590058671133,7.484372716344931e-10,1.2157916536728361e-21,7.552206910148661e-09,0.11029651844685959
dim 31,31,0.634097666705766,AAC_E,-0.6081482838371788,7.4729125788418964e-96,-0.3919375014363277,9.092914945392634e-36,1.0399803338888305e-93,3.0370335917611396e-33,0.21621078240085106
dim 31,31,0.634097666705766,AAC_F,-0.2570328144010186,1.327251452888969e-15,-0.2125165454899459,4.9726076115751566e-11,4.242124260908284e-15,6.220415514105252e-10,0.044516268911072715
dim 31,31,0.634097666705766,AAC_G,0.2730603281599736,1.7457178158987364e-17,0.17579937818327024,6.082736300082977e-08,6.379318933371749e-17,4.670422814316585e-07,0.09726094997670337
dim 31,31,0.634097666705766,AAC_H,-0.4705232191159848,8.585465182619591e-53,-0.21717755221559362,1.8249045344467465e-11,1.346265432391992e-51,2.508304997963841e-10,0.2533456669003912
dim 31,31,0.634097666705766,AAC_I,-0.3508292409543603,1.5907471555831534e-28,-0.2150284107260058,2.9054321589669163e-11,8.869942403418586e-28,3.7881335925645845e-10,0.1358008302283545
dim 31,31,0.634097666705766,AAC_K,-0.4391225372623144,1.8984888006222074e-45,-0.1912664083995174,3.6020624189359623e-09,2.3226932579040924e-44,3.242827083354747e-08,0.24785612886279704
dim 31,31,0.634097666705766,AAC_L,-0.3824865311177592,5.215802674835234e-34,-0.17339866668822154,9.231428953851183e-08,3.854155073882673e-33,6.882359978987266e-07,0.20908786442953767
dim 31,31,0.634097666705766,AAC_M,-0.31995405394784726,9.555148880157752e-24,-0.16838173235889098,2.1668703505937554e-07,4.150090670965786e-23,1.5077806189548215e-06,0.15157232158895628
dim 31,31,0.634097666705766,AAC_N,0.07001495933688781,0.0321163753008599,0.12547116236790917,0.00011771816179095744,0.03999578430457572,0.00050798276535116,-0.05545620303102136
dim 31,31,0.634097666705766,AAC_P,0.4744198891115203,9.284785804942883e-54,0.1179330199103997,0.0002971219299849331,1.5053973101218072e-52,0.0011315704060999732,0.3564868692011206
dim 31,31,0.634097666705766,AAC_Q,0.005273898482964115,0.8719185058779637,0.16661674641352767,2.908199193893299e-07,0.893863661642848,1.954403482415215e-06,-0.16134284793056355
dim 31,31,0.634097666705766,AAC_R,0.10189424195680541,0.0017901945662030414,-0.012222170630897759,0.708671604005813,0.002635191648796015,0.7984387529291185,0.08967207132590765
dim 31,31,0.634097666705766,AAC_S,0.5101444694536681,3.2015605691418733e-63,0.17762699358789477,4.410637573518393e-08,6.9436443512557515e-62,3.4662422342473957e-07,0.3325174758657733
dim 31,31,0.634097666705766,AAC_T,0.6559594090315903,2.3425350221868668e-116,0.4472861989453637,2.767482257936272e-47,3.524753517661862e-113,5.046966479130532e-44,0.20867321008622663
dim 31,31,0.634097666705766,AAC_V,0.04791654146301486,0.14274879420684464,0.12899596814514458,7.49780704927087e-05,0.16289066370032834,0.00034071667407571026,-0.08107942668212972
dim 31,31,0.634097666705766,AAC_W,0.1923002472319071,2.956268796907555e-09,0.1350774209161439,3.3497120236428894e-05,6.449338851516155e-09,0.00016356780934162647,0.057222826315763226
dim 31,31,0.634097666705766,AAC_Y,-0.08911126268483385,0.006342526280300192,-0.05147712176221771,0.1153305936037946,0.008509042430696969,0.19563442490435448,0.03763414092261614
dim 31,31,0.634097666705766,Hydrophobicity_C1,-0.5445842983454882,1.796514958725757e-73,-0.247472860286274,1.530065634422222e-14,5.504917396462411e-72,2.823436032580233e-13,0.29711143805921414
dim 31,31,0.634097666705766,Hydrophobicity_C2,0.5971993593965217,1.228867448859572e-91,0.28601531078435594,4.2374412583116375e-19,1.109301967348911e-89,1.2866412547964426e-17,0.31118404861216575
dim 31,31,0.634097666705766,Hydrophobicity_C3,-0.514520868715351,1.8499577592910067e-64,-0.23841983293024596,1.410900123467392e-13,4.47743399712461e-63,2.4166186730159434e-12,0.27610103578510503
dim 31,31,0.634097666705766,Hydrophobicity_T12,-0.1710272478157897,1.3860554168339925e-07,-0.1551910165070651,1.8143636317786175e-06,2.7572513950122305e-07,1.066896924320525e-05,0.015836231308724608
dim 31,31,0.634097666705766,Hydrophobicity_T13,-0.5165190959695732,4.9634912259924245e-65,-0.16539340774631844,3.5597089713306305e-07,1.2280044959121999e-63,2.363703372613182e-06,0.3511256882232548
dim 31,31,0.634097666705766,Hydrophobicity_T23,0.1569340392684103,1.383608588313382e-06,-0.03989669976198635,0.22242251617425632,2.6377013042047353e-06,0.33145555888184997,0.11703733950642395
dim 31,31,0.634097666705766,Hydrophobicity_group1_D0,-0.0013740676308182402,0.9664949428379125,0.02599417435667665,0.42674982175577936,0.9731965960442049,0.5622660373429204,-0.024620106725858407
dim 31,31,0.634097666705766,Hydrophobicity_group1_D25,0.41437155271901543,3.53691431066239e-40,0.049925272911858234,0.12672427217132343,3.327688393693629e-39,0.21099654489143582,0.3644462798071572
dim 31,31,0.634097666705766,Hydrophobicity_group1_D50,0.2299317576480762,1.043904511971459e-12,0.05726045947265867,0.07979675879187036,2.7303375645925396e-12,0.14249725725476578,0.17267129817541751
dim 31,31,0.634097666705766,Hydrophobicity_group1_D75,0.21586802253191523,2.4241462941371302e-11,-0.012249233782493376,0.7080560384035324,5.93161071239415e-11,0.7981461924629761,0.20361878874942185
dim 31,31,0.634097666705766,Hydrophobicity_group1_D100,-0.23995954577765918,9.73138153886844e-14,-0.06877168821669245,0.035307413263153356,2.780394725390983e-13,0.07173336632473865,0.17118785756096672
dim 31,31,0.634097666705766,Hydrophobicity_group2_D0,-0.23793062848305943,1.5867774150806806e-13,-0.13709258983508282,2.545119736530449e-05,4.464900224405622e-13,0.0001293866045663881,0.10083803864797661
dim 31,31,0.634097666705766,Hydrophobicity_group2_D25,-0.415772642974212,1.8275705719587478e-40,-0.12623503810177217,0.0001068601262051241,1.7953193265712405e-39,0.00046716337895957394,0.28953760487243985
dim 31,31,0.634097666705766,Hydrophobicity_group2_D50,-0.1679427896337361,2.332055347952955e-07,0.007760610775667515,0.8124688220025389,4.555008691323316e-07,0.8767838014502358,0.1601821788580686
dim 31,31,0.634097666705766,Hydrophobicity_group2_D75,-0.21640568600790647,2.1578554216857072e-11,-0.04708803535445546,0.14979353653193417,5.322922532075526e-11,0.24045790548470597,0.169317650653451
dim 31,31,0.634097666705766,Hydrophobicity_group2_D100,0.15177759157431642,3.0586493854910573e-06,0.04444817991270603,0.1740088686738094,5.634798095719874e-06,0.2713518387824516,0.10732941166161039
dim 31,31,0.634097666705766,Hydrophobicity_group3_D0,0.260743636503709,4.997871385449784e-16,-0.018174033212646063,0.5784715303459775,1.647866774669524e-15,0.6900338969127018,0.24256960329106295
dim 31,31,0.634097666705766,Hydrophobicity_group3_D25,0.33771602240859827,1.984543025374626e-26,0.052717331948955094,0.10681645163609545,9.747608389340075e-26,0.18305128192127182,0.28499869045964316
dim 31,31,0.634097666705766,Hydrophobicity_group3_D50,0.13900698975419662,1.9535504863394263e-05,-0.02684443178762053,0.4117765396059116,3.3121109768394336e-05,0.5496937019519363,0.11216255796657609
dim 31,31,0.634097666705766,Hydrophobicity_group3_D75,-0.016203234967811214,0.6203468376262514,-0.10205222050373307,0.0017608130411861684,0.6474870117723999,0.005460645828748191,-0.08584898553592185
dim 31,31,0.634097666705766,Hydrophobicity_group3_D100,0.07568348240179747,0.020507158219978405,0.0680157998579393,0.03737660807594838,0.025768964806142915,0.07524886737412151,0.007667682543858162
dim 31,31,0.634097666705766,NormVanDerWaalsVolume_C1,0.5903113930393821,4.5664774943758636e-89,0.27962661877778155,2.717492157572361e-18,2.58509064935854e-87,6.34714951488929e-17,0.3106847742616005
dim 31,31,0.634097666705766,NormVanDerWaalsVolume_C2,-0.5159373166818162,7.286752517916109e-65,-0.17946103744494546,3.183844636100138e-08,1.7895406918999855e-63,2.5501297564926764e-07,0.33647627923687073
dim 31,31,0.634097666705766,NormVanDerWaalsVolume_C3,-0.5036705834569345,2.0150686296365865e-61,-0.2869036227301669,3.260043135919454e-19,3.8903637127087856e-60,1.0469753917279786e-17,0.2167669607267676
dim 31,31,0.634097666705766,NormVanDerWaalsVolume_T12,0.2008059040480899,5.580981336050681e-10,0.035324611787907995,0.28005481985655684,1.2811736404955125e-09,0.4047525306451319,0.1654812922601819
dim 31,31,0.634097666705766,NormVanDerWaalsVolume_T13,-0.0845681122234373,0.009601677006041382,-0.11392659950645816,0.00047571295535699354,0.012444548389669467,0.0016707479189194095,-0.02935848728302086
dim 31,31,0.634097666705766,NormVanDerWaalsVolume_T23,-0.49091864544031877,5.453715972881978e-58,-0.21378527697449887,3.7937563442978246e-11,9.246401700216146e-57,4.836315339677379e-10,0.27713336846581993
dim 31,31,0.634097666705766,NormVanDerWaalsVolume_group1_D0,-0.2316939794995889,6.934385328673713e-13,-0.1257231103063011,0.00011402699514041961,1.8381624601404925e-12,0.0004948056189923129,0.1059708691932878
dim 31,31,0.634097666705766,NormVanDerWaalsVolume_group1_D25,-0.31482591585983566,5.2732156366320396e-23,-0.03739507674903978,0.25280934052237913,2.266736193867569e-22,0.36937147740365106,0.27743083911079586
dim 31,31,0.634097666705766,NormVanDerWaalsVolume_group1_D50,-0.06349998619251976,0.05200043682376437,0.09212767365002425,0.004767911122445514,0.06354974716113172,0.01305313372866231,-0.02862768745750449
dim 31,31,0.634097666705766,NormVanDerWaalsVolume_group1_D75,-0.15266405099375727,2.673624432426284e-06,0.0452683409493033,0.16619174819260607,4.963816344804774e-06,0.26146040459882447,0.10739571004445397
dim 31,31,0.634097666705766,NormVanDerWaalsVolume_group1_D100,0.21636556919268118,2.176695203597562e-11,0.1702087896166522,1.5927131594736474e-07,5.3654331955836585e-11,1.1342562798810197e-06,0.04615677957602898
dim 31,31,0.634097666705766,NormVanDerWaalsVolume_group2_D0,0.03400864331835469,0.2983718326961048,0.00040462669161457474,0.990130998455468,0.3250365039807534,0.9931043648171961,0.03360401662674011
dim 31,31,0.634097666705766,NormVanDerWaalsVolume_group2_D25,0.3605541552265567,3.8178018855254376e-30,0.1367151803125827,2.6802685730762048e-05,2.3613811662324003e-29,0.00013522805187423753,0.223838974913974
dim 31,31,0.634097666705766,NormVanDerWaalsVolume_group2_D50,0.13808491011196822,2.219972642899307e-05,0.11056574099918134,0.000698035438516828,3.735369585533343e-05,0.0023573694283581447,0.027519169112786873
dim 31,31,0.634097666705766,NormVanDerWaalsVolume_group2_D75,0.13822715295625884,2.176734060451002e-05,0.22056590478847715,8.679438854793702e-12,3.671864526215326e-05,1.228361261653007e-10,-0.08233875183221831
dim 31,31,0.634097666705766,NormVanDerWaalsVolume_group2_D100,-0.06299121317772796,0.05391357355565064,0.09741601533856913,0.0028351301586508836,0.06569548911925324,0.008284632309618505,-0.034424802160841164
dim 31,31,0.634097666705766,NormVanDerWaalsVolume_group3_D0,0.13433606945585785,3.7023356804271995e-05,-0.022800635132481793,0.48574221570551324,6.13687403108032e-05,0.6133758035752038,0.11153543432337606
dim 31,31,0.634097666705766,NormVanDerWaalsVolume_group3_D25,0.045469771054865285,0.16431283652353737,-0.16292847837695978,5.325504738509843e-07,0.1854697107092311,3.4605419896153456e-06,-0.1174587073220945
dim 31,31,0.634097666705766,NormVanDerWaalsVolume_group3_D50,-0.05813257449934946,0.07530642803631081,-0.2817560872906745,1.470564651862747e-18,0.08931941393511297,3.508347098015411e-17,-0.22362351279132503
dim 31,31,0.634097666705766,NormVanDerWaalsVolume_group3_D75,-0.1167511930604459,0.00034190104387296654,-0.3818687098843553,6.765373265415029e-34,0.0005338707276931783,7.061358345776936e-32,-0.2651175168239094
dim 31,31,0.634097666705766,NormVanDerWaalsVolume_group3_D100,-0.15570852894669998,1.6745931520776473e-06,-0.10738336464019423,0.0009941055366206636,3.168918486084613e-06,0.0032777023616120593,0.048325164306505755
dim 31,31,0.634097666705766,Polarity_C1,-0.5239090413046584,3.542775462602521e-67,-0.2500368553982239,8.022359808124614e-15,9.244429722728453e-66,1.5488255352101855e-13,0.27387218590643453
dim 31,31,0.634097666705766,Polarity_C2,0.6209638556522237,5.306902878004983e-101,0.3072446642262224,6.201969121248048e-22,1.1078159757835402e-98,2.6902047876582443e-20,0.3137191914260013
dim 31,31,0.634097666705766,Polarity_C3,-0.5963802489365013,2.5026648711755366e-91,-0.283973309277043,7.715114586828402e-19,2.1433078640323825e-89,2.029014387402115e-17,0.3124069396594583
dim 31,31,0.634097666705766,Polarity_T12,0.3124928511062302,1.134534829938743e-22,0.01784775278845603,0.5853120248845511,4.851915918047889e-22,0.69620447404359,0.2946450983177742
dim 31,31,0.634097666705766,Polarity_T13,-0.5692400746530397,1.4123769019139097e-81,-0.21230743876304672,5.198544896655001e-11,5.971315003028429e-80,6.454698867965688e-10,0.356932635889993
dim 31,31,0.634097666705766,Polarity_T23,0.014481253075643331,0.6579760482283201,-0.06414745846283727,0.04964805661267019,0.6841967624790128,0.09427203472786722,-0.04966620538719394
dim 31,31,0.634097666705766,Polarity_group1_D0,0.14905109134124772,4.604405865952547e-06,-0.09156357279799453,0.005032354182959043,8.241541046238749e-06,0.013687347696321827,0.057487518543253194
dim 31,31,0.634097666705766,Polarity_group1_D25,0.2427466107526861,4.9349919049087325e-14,-0.011261618623264762,0.7306402081325867,1.4320480419109614e-13,0.8123629477905591,0.23148499212942134
dim 31,31,0.634097666705766,Polarity_group1_D50,0.08347699168783988,0.010578558043330272,-0.09426796355999492,0.0038749392003817316,0.013647116208854039,0.010894189334406551,-0.010790971872155039
dim 31,31,0.634097666705766,Polarity_group1_D75,-0.00412855479946875,0.8995666570006534,-0.20535408568139887,2.2194146853835215e-10,0.9191045073056537,2.4959074239666536e-09,-0.20122553088193013
dim 31,31,0.634097666705766,Polarity_group1_D100,0.0167860574043578,0.6078260224370176,0.054013554975235606,0.09845735050701408,0.6364071833666578,0.17109654042321906,-0.0372274975708778
dim 31,31,0.634097666705766,Polarity_group2_D0,-0.23603084966323853,2.497864080652681e-13,-0.12321093386434727,0.00015624789337744695,6.917799361011571e-13,0.00064667653516812,0.11281991579889127
dim 31,31,0.634097666705766,Polarity_group2_D25,-0.3868719961678411,8.098920648251771e-35,-0.06721551549509379,0.03967874385739235,6.204219028706632e-34,0.07879132252300264,0.3196564806727473
dim 31,31,0.634097666705766,Polarity_group2_D50,-0.17821031696489834,3.9777729483520165e-08,0.06809298018145961,0.037160712883014105,8.216302812304103e-08,0.07485933717084868,0.11011733678343873
dim 31,31,0.634097666705766,Polarity_group2_D75,-0.16574405741362044,3.3598228232399507e-07,0.0879033009351245,0.007094373353581623,6.482555144051548e-07,0.018509672841818575,0.07784075647849595
dim 31,31,0.634097666705766,Polarity_group2_D100,0.14279524404841906,1.145577041774905e-05,0.11063604089802857,0.0006925323508663682,1.9814745310865782e-05,0.0023435238621009827,0.03215920315039049
dim 31,31,0.634097666705766,Polarity_group3_D0,0.0497318882680261,0.12820337403071252,0.047242953998250126,0.1484565262883919,0.14826844503551934,0.23861636082927282,0.0024889342697759775
dim 31,31,0.634097666705766,Polarity_group3_D25,0.4662914028307168,9.306915938627377e-52,0.058543389643234835,0.07326375286553582,1.375446868805993e-50,0.1323423118284963,0.40774801318748194
dim 31,31,0.634097666705766,Polarity_group3_D50,0.25130583185295025,5.812253113222864e-15,-0.0039170079049458805,0.9046876835355813,1.7958302866016992e-14,0.9464031946068513,0.24738882394800438
dim 31,31,0.634097666705766,Polarity_group3_D75,0.1839969516788591,1.4014131571188908e-08,-0.06168787498165153,0.05908353338110904,2.943849021872387e-08,0.10981580494875026,0.12230907669720757
dim 31,31,0.634097666705766,Polarity_group3_D100,-0.24557853232596435,2.453817462625738e-14,-0.12570974049062028,0.00011422009947397402,7.278641496598547e-14,0.0004948056189923129,0.11986879183534407
dim 31,31,0.634097666705766,Polarizability_C1,0.5327310175230997,8.253321598508095e-70,0.2582694771744714,9.601692212346493e-16,2.2971745115847532e-68,1.9796081474837833e-14,0.2744615403486283
dim 31,31,0.634097666705766,Polarizability_C2,-0.3696869094053087,1.020344318671228e-31,-0.11993789396665501,0.0002334688125063889,6.643177435403316e-31,0.0009176919502709578,0.2497490154386537
dim 31,31,0.634097666705766,Polarizability_C3,-0.5036705834569345,2.0150686296365865e-61,-0.2869036227301669,3.260043135919454e-19,3.8903637127087856e-60,1.0469753917279786e-17,0.2167669607267676
dim 31,31,0.634097666705766,Polarizability_T12,0.5067614678845819,2.819912591182619e-62,0.20854554092633848,1.1472162663119079e-10,5.923589971415061e-61,1.3530234985570087e-09,0.2982159269582434
dim 31,31,0.634097666705766,Polarizability_T13,-0.10704124288922955,0.001032052766297933,-0.11441522112560355,0.00044953013210398553,0.0015625821574955104,0.0015971902667682373,-0.007373978236374007
dim 31,31,0.634097666705766,Polarizability_T23,-0.47191799320422884,3.885338653421997e-53,-0.21023515904861412,8.054619285066152e-11,6.17953862020451e-52,9.677132522345663e-10,0.2616828341556147
dim 31,31,0.634097666705766,Polarizability_group1_D0,-0.21032144148072213,7.909815598573082e-11,-0.13017092408794473,6.434369164901694e-05,1.8870560070881498e-10,0.0002972447166081834,0.0801505173927774
dim 31,31,0.634097666705766,Polarizability_group1_D25,-0.3439428897853938,2.064398583955549e-27,-0.09039175206048723,0.0056244299203489214,1.0624177612344429e-26,0.015064631863645067,0.25355113772490656
dim 31,31,0.634097666705766,Polarizability_group1_D50,-0.22608498981430486,2.520017866000173e-12,0.029497276786183566,0.36710146104697816,6.410403406276145e-12,0.5039535059173478,0.19658771302812128
dim 31,31,0.634097666705766,Polarizability_group1_D75,-0.1212816708205758,0.00019821846075332696,0.16143951264396925,6.773026162233014e-07,0.0003161650711156218,4.3503668042035125e-06,-0.04015784182339345
dim 31,31,0.634097666705766,Polarizability_group1_D100,0.1455449090227471,7.709810424952177e-06,0.18266088689783305,1.788447055273414e-08,1.3446875623676381e-05,1.5046380767287663e-07,-0.03711597787508594
dim 31,31,0.634097666705766,Polarizability_group2_D0,-0.08564231775293452,0.008719224014194091,-0.04933443139755576,0.13128535825791038,0.011366982126232736,0.21729092992141757,0.03630788635537876
dim 31,31,0.634097666705766,Polarizability_group2_D25,0.35024934165235455,1.978860957581812e-28,0.23190152710314396,6.606761271681372e-13,1.0906593396573023e-27,1.060893396510374e-11,0.11834781454921059
dim 31,31,0.634097666705766,Polarizability_group2_D50,0.3557417264765674,2.4571024426480694e-29,0.17193258776913134,1.187627020874739e-07,1.434741636091705e-28,8.660860807252464e-07,0.18380913870743604
dim 31,31,0.634097666705766,Polarizability_group2_D75,0.1560836437048756,1.5798039617012058e-06,0.09150301873522222,0.0050615139260765446,2.999741462241062e-06,0.013755456886164084,0.06458062496965337
dim 31,31,0.634097666705766,Polarizability_group2_D100,0.11848020099065013,0.0002783031085464925,0.11137773325154442,0.0006368753607043633,0.0004388727018627408,0.002172792343976071,0.007102467739105708
dim 31,31,0.634097666705766,Polarizability_group3_D0,0.13433606945585785,3.7023356804271995e-05,-0.022800635132481793,0.48574221570551324,6.13687403108032e-05,0.6133758035752038,0.11153543432337606
dim 31,31,0.634097666705766,Polarizability_group3_D25,0.045469771054865285,0.16431283652353737,-0.16292847837695978,5.325504738509843e-07,0.1854697107092311,3.4605419896153456e-06,-0.1174587073220945
dim 31,31,0.634097666705766,Polarizability_group3_D50,-0.05813257449934946,0.07530642803631081,-0.2817560872906745,1.470564651862747e-18,0.08931941393511297,3.508347098015411e-17,-0.22362351279132503
dim 31,31,0.634097666705766,Polarizability_group3_D75,-0.1167511930604459,0.00034190104387296654,-0.3818687098843553,6.765373265415029e-34,0.0005338707276931783,7.061358345776936e-32,-0.2651175168239094
dim 31,31,0.634097666705766,Polarizability_group3_D100,-0.15570852894669998,1.6745931520776473e-06,-0.10738336464019423,0.0009941055366206636,3.168918486084613e-06,0.0032777023616120593,0.048325164306505755
dim 31,31,0.634097666705766,Charge_C1,-0.4179242251589525,6.589814655688192e-41,-0.22398628506577178,4.048611959768542e-12,6.856691884734755e-40,5.983346878595986e-11,0.19393794009318072
dim 31,31,0.634097666705766,Charge_C2,0.6018329907309959,2.1144713852308805e-93,0.3808735060730674,1.0274450369959277e-33,2.4352877333348762e-91,1.0093136539901172e-31,0.22095948465792853
dim 31,31,0.634097666705766,Charge_C3,-0.5904240918141389,4.149805803229593e-89,-0.3876641568397178,5.76765965986216e-35,2.3897157556529035e-87,9.699813310341315e-33,0.20275993497442113
dim 31,31,0.634097666705766,Charge_T12,-0.33696435443181333,2.5989492541549375e-26,-0.20201335689881914,4.378262957920473e-10,1.2653776252008005e-25,4.613186071480923e-09,0.1349509975329942
dim 31,31,0.634097666705766,Charge_T13,-0.45852732924402945,6.767437402509441e-50,-0.20348038235917362,3.25349179372073e-10,9.457422980912775e-49,3.5511969251723e-09,0.25504694688485585
dim 31,31,0.634097666705766,Charge_T23,-0.5607433477794332,1.0470064524388868e-78,-0.37165895182229514,4.595831190727227e-32,3.842858847413057e-77,3.411128039339764e-30,0.1890843959571381
dim 31,31,0.634097666705766,Charge_group1_D0,0.01803217728215782,0.5814409398489595,-0.03894457872294765,0.23366464893452762,0.6120430945778521,0.34578641003160043,-0.020912401440789825
dim 31,31,0.634097666705766,Charge_group1_D25,0.09299151475445927,0.004387232491663756,-0.085397612782001,0.008913624316805879,0.006090339369142537,0.02245211554911888,0.007593901972458267
dim 31,31,0.634097666705766,Charge_group1_D50,-0.061310843496314986,0.06065353102353295,-0.17921339113168058,3.327748780276006e-08,0.07316099444514267,2.659014575627239e-07,-0.11790254763536559
dim 31,31,0.634097666705766,Charge_group1_D75,-0.014145130520847388,0.6654270692846883,-0.2152756977268276,2.7547320886813716e-11,0.6912990393190852,3.6366818878244194e-10,-0.2011305672059802
dim 31,31,0.634097666705766,Charge_group1_D100,-0.0646762486936664,0.04779358348806045,-0.0028354940896032584,0.9309258106932604,0.058752509698241404,0.9626291664753838,0.06184075460406314
dim 31,31,0.634097666705766,Charge_group2_D0,-0.08739218320941317,0.007435867225394025,-0.14042250561311323,1.6028974639646882e-05,0.009828174330358546,8.457626429134373e-05,-0.053030322403700064
dim 31,31,0.634097666705766,Charge_group2_D25,-0.1527708086213369,2.630518590327074e-06,0.02349731357416116,0.4725091184644839,4.8892220877531596e-06,0.6005252875461857,0.12927349504717575
dim 31,31,0.634097666705766,Charge_group2_D50,0.09969454524347714,0.0022488336332622356,0.189676765505863,4.870408859120473e-09,0.0032586135944016777,4.280833049858521e-08,-0.08998222026238585
dim 31,31,0.634097666705766,Charge_group2_D75,0.1290731169786684,7.4231763560817e-05,0.2965372104797436,1.785938276406367e-20,0.00012070793100931295,6.554982245271721e-19,-0.16746409350107516
dim 31,31,0.634097666705766,Charge_group2_D100,0.19536716335532267,1.6345543059810417e-09,0.030909966912080297,0.3445919999051727,3.676371300994397e-09,0.47856019945250594,0.16445719644324236
dim 31,31,0.634097666705766,Charge_group3_D0,-0.05313156007196934,0.10408621468765533,-0.06512521599568945,0.04626500916592322,0.12172547515993307,0.08901217201277856,-0.011993655923720106
dim 31,31,0.634097666705766,Charge_group3_D25,0.19143004332537428,3.4914137926662163e-09,-0.02438266570540066,0.4559821760476178,7.557564528519225e-09,0.5873430266097353,0.16704737761997362
dim 31,31,0.634097666705766,Charge_group3_D50,-0.08503618176445965,0.00920782718114558,-0.19208789065241888,3.0789876564976704e-09,0.011971250597518971,2.817484595260882e-08,-0.10705170888795923
dim 31,31,0.634097666705766,Charge_group3_D75,-0.2011855682389405,5.171745523999963e-10,-0.3324436441442804,1.2956669531145e-25,1.1904638215134304e-09,6.869091465718143e-24,-0.13125807590533992
dim 31,31,0.634097666705766,Charge_group3_D100,-0.27612075082293225,7.382291911949628e-18,-0.22462685766361032,3.504914692724914e-12,2.798734958673299e-17,5.273159943108655e-11,0.05149389315932193
dim 31,31,0.634097666705766,SecondaryStructure_C1,-0.5932255367047395,3.8002582269287577e-90,-0.3313004231877305,1.9368348344627651e-25,2.8206361062093444e-88,9.95235130323944e-24,0.26192511351700903
dim 31,31,0.634097666705766,SecondaryStructure_C2,0.3050892650912454,1.2336883990334754e-21,0.22977296632119762,1.082922034157587e-12,5.10597181260447e-21,1.7141988597565594e-11,0.07531629877004778
dim 31,31,0.634097666705766,SecondaryStructure_C3,0.5862311931927023,1.4224840733435243e-87,0.26747178561413093,8.172635489364044e-17,6.598745562454682e-86,1.7386371041067457e-15,0.3187594075785714
dim 31,31,0.634097666705766,SecondaryStructure_T12,-0.3842519625867004,2.472677120475202e-34,-0.07946451647797921,0.014972379797493725,1.847593195164916e-33,0.03467943725633082,0.3047874461087212
dim 31,31,0.634097666705766,SecondaryStructure_T13,-0.4014486342921915,1.3494560261782848e-37,-0.2523783205824639,4.4202639212212354e-15,1.0860682234784269e-36,8.787905652904123e-14,0.14907031370972762
dim 31,31,0.634097666705766,SecondaryStructure_T23,0.5632819584248645,1.4831182818486428e-79,0.3140672731062909,6.770155395367719e-23,5.827782425146432e-78,3.140599863962247e-21,0.2492146853185736
dim 31,31,0.634097666705766,SecondaryStructure_group1_D0,0.020145374575393258,0.5379615500591108,-0.07301086836657071,0.02542418331062383,0.5698672937511672,0.05506924270913333,-0.052865493791177456
dim 31,31,0.634097666705766,SecondaryStructure_group1_D25,-0.09285740766105946,0.004444467115745451,-0.10490633474918663,0.0013007179070800374,0.006167228984873206,0.004165290325644607,-0.012048927088127173
dim 31,31,0.634097666705766,SecondaryStructure_group1_D50,-0.3217732774890119,5.17118815565931e-24,-0.35474255085074485,3.602247309842448e-29,2.2666362782023746e-23,2.2280566694210695e-27,-0.03296927336173294
dim 31,31,0.634097666705766,SecondaryStructure_group1_D75,-0.25414080701341835,2.8108828669212422e-15,-0.1782451802871755,3.953248197794776e-08,8.765965243246452e-15,3.1214773003864193e-07,0.07589562672624284
dim 31,31,0.634097666705766,SecondaryStructure_group1_D100,-0.1145827621831136,0.0004408660283032229,0.08335565190468497,0.010692470184592334,0.0006798211147427351,0.02622088870524111,0.03122711027842863
dim 31,31,0.634097666705766,SecondaryStructure_group2_D0,0.04093359069802255,0.21062526458611977,-0.07168909966922137,0.028211653110224295,0.23443161426421488,0.05989943857488993,-0.030755508971198817
dim 31,31,0.634097666705766,SecondaryStructure_group2_D25,-0.07137824101754818,0.028904166411897803,-0.022605694995579094,0.4894805464769445,0.036049259079812795,0.616000386297285,0.048772546021969086
dim 31,31,0.634097666705766,SecondaryStructure_group2_D50,0.10211511888929528,0.0017492386317480373,0.13181545036989858,5.1830222030790567e-05,0.002580590560971044,0.00024279514948504977,-0.029700331480603304
dim 31,31,0.634097666705766,SecondaryStructure_group2_D75,0.1729913315987879,9.902865948783364e-08,0.018285263524316416,0.5761481834571333,1.996111784486206e-07,0.6893850595635856,0.1547060680744715
dim 31,31,0.634097666705766,SecondaryStructure_group2_D100,0.140091288998007,1.679129450672314e-05,0.12048070655477093,0.00021857579334092067,2.864296407173406e-05,0.0008680655764074614,0.01961058244323606
dim 31,31,0.634097666705766,SecondaryStructure_group3_D0,-0.1934900331610807,2.351829726826032e-09,-0.1569894632166334,1.3716687535036608e-06,5.184891939009206e-09,8.269627503072612e-06,0.03650056994444731
dim 31,31,0.634097666705766,SecondaryStructure_group3_D25,0.02413096239781535,0.46064743364049415,0.09946150374826604,0.0023032491602904843,0.49249757629937596,0.006911816887125084,-0.0753305413504507
dim 31,31,0.634097666705766,SecondaryStructure_group3_D50,0.22484402931647618,3.3373462530836045e-12,0.17444005826336215,7.708801412108382e-08,8.444497337347908e-12,5.812053434862752e-07,0.05040397105311403
dim 31,31,0.634097666705766,SecondaryStructure_group3_D75,0.10597511851599795,0.001159056305414555,0.0979785387237777,0.0026786810395591338,0.001747741787848584,0.007889589657960765,0.007996579792220251
dim 31,31,0.634097666705766,SecondaryStructure_group3_D100,0.1677861517345288,2.3938919109197974e-07,0.10208763138366472,0.0017542881976921282,4.6621568410916176e-07,0.005445467082055491,0.06569852035086407
dim 31,31,0.634097666705766,SolventAccessibility_C1,-0.10059852245101257,0.0020486995564684817,-0.031886053621080414,0.3295643959329352,0.0029854522332481365,0.46308165015397706,0.06871246882993215
dim 31,31,0.634097666705766,SolventAccessibility_C2,-0.5445842983454882,1.796514958725757e-73,-0.247472860286274,1.530065634422222e-14,5.504917396462411e-72,2.823436032580233e-13,0.29711143805921414
dim 31,31,0.634097666705766,SolventAccessibility_C3,0.628167929160497,5.298567242887536e-104,0.2968685540080294,1.6129412158124214e-20,2.2121518239055464e-101,6.053060293048862e-19,0.3312993751524676
dim 31,31,0.634097666705766,SolventAccessibility_T12,-0.5552732432653252,6.669741289069962e-77,-0.16661835484574386,2.907423536792287e-07,2.227693590549367e-75,1.954403482415215e-06,0.3886548884195814
dim 31,31,0.634097666705766,SolventAccessibility_T13,0.4451221022394859,8.585264079688974e-47,0.16134389276435315,6.877907922455024e-07,1.0861659858394382e-45,4.4008069848658585e-06,0.28377820947513277
dim 31,31,0.634097666705766,SolventAccessibility_T23,-0.0730545693816179,0.02533623763979359,-0.1542832548495045,2.0869874773989808e-06,0.03169402011869311,1.2101628775195478e-05,-0.0812286854678866
dim 31,31,0.634097666705766,SolventAccessibility_group1_D0,-0.08675853247223102,0.007879622489504932,-0.1118549951722533,0.0006032891864490148,0.010377736244064068,0.0020687740069196196,-0.025096462700022276
dim 31,31,0.634097666705766,SolventAccessibility_group1_D25,-0.2937849718315817,4.141639682879288e-20,-0.2030346713314816,3.56147961670776e-10,1.6747066030044578e-19,3.862123999936338e-09,0.0907503005001001
dim 31,31,0.634097666705766,SolventAccessibility_group1_D50,-0.3701894544986733,8.331138763508066e-32,-0.28514451496297694,5.47448400285526e-19,5.445401853251848e-31,1.4987521778308663e-17,0.08504493953569636
dim 31,31,0.634097666705766,SolventAccessibility_group1_D75,-0.12711465447293624,9.552706937598444e-05,0.1440441156038517,9.578603539812014e-06,0.00015495891778328705,5.2360942427122954e-05,-0.016929461130915452
dim 31,31,0.634097666705766,SolventAccessibility_group1_D100,0.09402974366591814,0.003966219071736877,0.13388415937958076,3.934253424665704e-05,0.0055334885963246325,0.0001907170745774086,-0.03985441571366262
dim 31,31,0.634097666705766,SolventAccessibility_group2_D0,-0.0013740676308182402,0.9664949428379125,0.02599417435667665,0.42674982175577936,0.9731965960442049,0.5622660373429204,-0.024620106725858407
dim 31,31,0.634097666705766,SolventAccessibility_group2_D25,0.41437155271901543,3.53691431066239e-40,0.049925272911858234,0.12672427217132343,3.327688393693629e-39,0.21099654489143582,0.3644462798071572
dim 31,31,0.634097666705766,SolventAccessibility_group2_D50,0.2299317576480762,1.043904511971459e-12,0.05726045947265867,0.07979675879187036,2.7303375645925396e-12,0.14249725725476578,0.17267129817541751
dim 31,31,0.634097666705766,SolventAccessibility_group2_D75,0.21586802253191523,2.4241462941371302e-11,-0.012249233782493376,0.7080560384035324,5.93161071239415e-11,0.7981461924629761,0.20361878874942185
dim 31,31,0.634097666705766,SolventAccessibility_group2_D100,-0.23995954577765918,9.73138153886844e-14,-0.06877168821669245,0.035307413263153356,2.780394725390983e-13,0.07173336632473865,0.17118785756096672
dim 31,31,0.634097666705766,SolventAccessibility_group3_D0,0.1473974161067215,5.880318362035478e-06,-0.0499535013813709,0.1265094805613312,1.0369727206546196e-05,0.21095440093601908,0.0974439147253506
dim 31,31,0.634097666705766,SolventAccessibility_group3_D25,0.06817848781967037,0.03692276246276334,0.15645605870267826,1.4908034366367538e-06,0.045624131197051256,8.859935014887468e-06,-0.08827757088300789
dim 31,31,0.634097666705766,SolventAccessibility_group3_D50,0.16889158401381868,1.9891559634640357e-07,0.15861308229500098,1.0626916700996327e-06,3.9058088876954027e-07,6.634374164734155e-06,0.010278501718817695
dim 31,31,0.634097666705766,SolventAccessibility_group3_D75,-0.15023038130033467,3.8611809940678345e-06,-0.17899158985537622,3.4619666090074543e-08,6.9936792408820854e-06,2.759658347036968e-07,-0.02876120855504155
dim 31,31,0.634097666705766,SolventAccessibility_group3_D100,0.1818840545847728,2.059188031125479e-08,0.008899835058772008,0.785568395643048,4.306629946123419e-08,0.8552146158565126,0.1729842195260008
dim 54,54,0.623417526370362,AAC_A,-0.016723424792114614,0.6091661574321311,0.20091474480215343,5.460542920860402e-10,0.6370423100926392,5.66404141480551e-09,-0.18419132001003882
dim 54,54,0.623417526370362,AAC_C,-0.057866113984348364,0.07665598364008533,0.022309502248988644,0.49519005047643383,0.09082333641641893,0.6210795225652606,0.03555661173535972
dim 54,54,0.623417526370362,AAC_D,0.22263404686125132,5.48135653414138e-12,0.04882304774946843,0.13533475309959211,1.3775568716352302e-11,0.22157748791795961,0.17381099911178288
dim 54,54,0.623417526370362,AAC_E,0.32536503795469096,1.5196809052874691e-24,-0.146693920873039,6.5199572102262245e-06,6.813066072027042e-24,3.6294428470259315e-05,0.17867111708165195
dim 54,54,0.623417526370362,AAC_F,0.10862145287787914,0.0008672997835972092,-0.045887625061899265,0.16046616448462128,0.0013167187623703085,0.25388772590176933,0.06273382781597987
dim 54,54,0.623417526370362,AAC_G,-0.09720626780830088,0.002895565967865496,0.12359363581394275,0.0001489835092980089,0.004131221842234412,0.0006204550137847253,-0.02638736800564187
dim 54,54,0.623417526370362,AAC_H,0.3764451243065208,6.481153597914797e-33,0.058050890396032985,0.07571806354244728,4.5004268226684867e-32,0.1361132035693078,0.31839423391048777
dim 54,54,0.623417526370362,AAC_I,0.16520479545149616,3.671916955267066e-07,-0.10514689794344233,0.001267507692066276,7.068704686220172e-07,0.004078492959057189,0.060057897508053834
dim 54,54,0.623417526370362,AAC_K,0.26886014166211836,5.588299343872756e-17,-0.10314510959689559,0.0015693723498516475,1.936195000885374e-16,0.00494500344198538,0.16571503206522276
dim 54,54,0.623417526370362,AAC_L,0.2686969101829561,5.844383251506122e-17,-0.0173257592644411,0.596332985038033,2.020728784682241e-16,0.7055445164814135,0.25137115091851503
dim 54,54,0.623417526370362,AAC_M,0.1530921912146484,2.5047360575686113e-06,-0.11440647333952618,0.0004499868386314106,4.663220976744237e-06,0.0015971902667682373,0.03868571787512222
dim 54,54,0.623417526370362,AAC_N,-0.03739263966017313,0.25284028687179266,-0.058155493717032665,0.07519125813030174,0.27788303986567536,0.13553092399093786,-0.020762854056859535
dim 54,54,0.623417526370362,AAC_P,-0.40798822534434326,6.885872033596314e-39,-0.022627307003687116,0.48906533625029536,5.650813904720317e-38,0.6159420147345349,0.38536091834065617
dim 54,54,0.623417526370362,AAC_Q,0.05446639053084518,0.09566314363311854,-0.041673571590087506,0.20248702235128188,0.11214984195669214,0.3067150361239372,0.01279281894075767
dim 54,54,0.623417526370362,AAC_R,-0.09170624572862053,0.004964248835019665,0.017891707039143286,0.5843883373345392,0.006784202581409852,0.6953534188448026,0.07381453868947724
dim 54,54,0.623417526370362,AAC_S,-0.4189341933577208,4.072043466597093e-41,-0.02867689995509751,0.3805835768163936,4.317658786804537e-40,0.5175688707519359,0.3902572934026233
dim 54,54,0.623417526370362,AAC_T,-0.4188728079472421,4.193140162450867e-41,0.016543042710768913,0.6130330597796436,4.418008877787349e-40,0.7217237996700775,0.4023297652364732
dim 54,54,0.623417526370362,AAC_V,0.05682747627541565,0.08210549496898836,0.059907279860900504,0.06680439371174449,0.0969018915888414,0.12159491825461939,-0.003079803585484854
dim 54,54,0.623417526370362,AAC_W,-0.11477942440802245,0.00043089459302185105,-0.0021564627333815127,0.9474397111472006,0.0006650591223165353,0.9715838609860762,0.11262296167464095
dim 54,54,0.623417526370362,AAC_Y,0.023674224867088027,0.4691806033049896,-0.05677858359475924,0.08236956314856841,0.5005895839199757,0.14602672023153848,-0.033104358727671215
dim 54,54,0.623417526370362,Hydrophobicity_C1,0.3306037517040458,2.472464596300432e-25,-0.1446199271554448,8.815537074712043e-06,1.1390388622956473e-24,4.833249733099801e-05,0.18598382454860102
dim 54,54,0.623417526370362,Hydrophobicity_C2,-0.37317830750765674,2.4765818188364426e-32,0.13889006872881382,1.9855666561201395e-05,1.6610006576131964e-31,0.00010281849040994211,0.23428823877884292
dim 54,54,0.623417526370362,Hydrophobicity_C3,0.33416183659868776,7.058114805280067e-26,-0.08458374670186386,0.009588283286666064,3.334385212112507e-25,0.023863536644906595,0.2495780898968239
dim 54,54,0.623417526370362,Hydrophobicity_T12,0.08767972973974643,0.0072419799168272295,0.008014014199891463,0.8064648697839288,0.009606121096982901,0.8717128365949263,0.07966571553985496
dim 54,54,0.623417526370362,Hydrophobicity_T13,0.37072799401394085,6.701670223834205e-32,-0.0878942674762713,0.007100284758619199,4.414907011362179e-31,0.018509672841818575,0.2828337265376696
dim 54,54,0.623417526370362,Hydrophobicity_T23,-0.09241022506129606,0.004640232164192274,0.12787582207529322,8.664427387257714e-05,0.006377932275062631,0.00038534204358775986,-0.03546559701399715
dim 54,54,0.623417526370362,Hydrophobicity_group1_D0,-0.004865053079478901,0.8817717524122703,-0.032045792177086946,0.32714607174058175,0.9028564233773706,0.4606476629734882,-0.027180739097608046
dim 54,54,0.623417526370362,Hydrophobicity_group1_D25,-0.41318909957105365,6.159881710019829e-40,-0.08234183048968381,0.011687586506886569,5.5455538844922444e-39,0.028266863818248472,0.33084726908136985
dim 54,54,0.623417526370362,Hydrophobicity_group1_D50,-0.23601091837442434,2.509730479315458e-13,-0.08003442911998598,0.01426373408086525,6.939155464332475e-13,0.03331529498607688,0.15597648925443836
dim 54,54,0.623417526370362,Hydrophobicity_group1_D75,-0.25852791307179523,8.971589714384872e-16,-0.08299441411844044,0.011038068350467885,2.9014039788779044e-15,0.026871099337144853,0.1755334989533548
dim 54,54,0.623417526370362,Hydrophobicity_group1_D100,0.19156841974588434,3.400428880322993e-09,-0.0019067556395934015,0.953518588250779,7.37017031815626e-09,0.9736325541906456,0.18966166410629096
dim 54,54,0.623417526370362,Hydrophobicity_group2_D0,0.13788583644438251,2.2818588235643383e-05,-0.03086063607693184,0.34536289806664805,3.831779019962237e-05,0.4790332556240052,0.10702520036745067
dim 54,54,0.623417526370362,Hydrophobicity_group2_D25,0.35744397090633356,1.276408443878556e-29,0.04186031648232827,0.20046985521931912,7.612864647418531e-29,0.30407325905200994,0.31558365442400527
dim 54,54,0.623417526370362,Hydrophobicity_group2_D50,0.15137776298975444,3.249193316983066e-06,-0.01884769424285221,0.5644681365640076,5.952992692662336e-06,0.6784179834918264,0.13253006874690224
dim 54,54,0.623417526370362,Hydrophobicity_group2_D75,0.23905903310873436,1.2096557036507876e-13,0.0982100388196345,0.0026166159485170146,3.42975386264315e-13,0.0077409187493771734,0.14084899428909986
dim 54,54,0.623417526370362,Hydrophobicity_group2_D100,-0.0957524013746561,0.0033477994493795304,0.04213188863475011,0.1975626003428164,0.0047259721728350095,0.3004822792099302,0.053620512739905986
dim 54,54,0.623417526370362,Hydrophobicity_group3_D0,-0.26415520144502636,2.0083078879579794e-16,-0.015673230704889664,0.6318292578603875,6.734687094156276e-16,0.7386453347055282,0.2484819707401367
dim 54,54,0.623417526370362,Hydrophobicity_group3_D25,-0.24635862470678935,2.02105118610933e-14,0.08477897791180262,0.00942242803585594,6.059525100184167e-14,0.02355607008963985,0.1615796467949867
dim 54,54,0.623417526370362,Hydrophobicity_group3_D50,-0.08999195950770832,0.005840349481051022,0.09196580104568504,0.004842480021432426,0.00788789618548743,0.013246423645851189,-0.0019738415379767227
dim 54,54,0.623417526370362,Hydrophobicity_group3_D75,-0.039224995526314414,0.23031264700979792,-0.004160849303785821,0.8987852487835316,0.25412759861669143,0.9416382468434741,0.0350641462225286
dim 54,54,0.623417526370362,Hydrophobicity_group3_D100,-0.06423329947128004,0.04934297710802253,-0.04522501266313068,0.16659800834199112,0.06050130085932278,0.26185286958223547,0.01900828680814936
dim 54,54,0.623417526370362,NormVanDerWaalsVolume_C1,-0.3669176165401365,3.098281057244805e-31,0.1421309520141253,1.2592206138310244e-05,1.9748585364881008e-30,6.783543306767131e-05,0.2247866645260112
dim 54,54,0.623417526370362,NormVanDerWaalsVolume_C2,0.3417187036403709,4.660518279640598e-27,-0.12934251677496494,7.168033750327722e-05,2.3442968454818668e-26,0.00032661981890988527,0.21237618686540594
dim 54,54,0.623417526370362,NormVanDerWaalsVolume_C3,0.2879124583231273,2.41767149814618e-19,-0.10245716114676955,0.001687510316613339,9.56756256375384e-19,0.0052626372152087325,0.18545529717635773
dim 54,54,0.623417526370362,NormVanDerWaalsVolume_T12,-0.140130498499069,1.6699282808635462e-05,0.05408493254738174,0.09801264691184347,2.8500564425570997e-05,0.17041241055989442,0.08604556595168726
dim 54,54,0.623417526370362,NormVanDerWaalsVolume_T13,0.06083210826821803,0.06269661328120384,0.064408520133389,0.0487251142898838,0.07535325237827306,0.09273041693915209,-0.003576411865170978
dim 54,54,0.623417526370362,NormVanDerWaalsVolume_T23,0.2676122409592871,7.8651149102504e-17,-0.18498635483670264,1.1685071375816048e-08,2.705405128757604e-16,1.0007214973134768e-07,0.08262588612258445
dim 54,54,0.623417526370362,NormVanDerWaalsVolume_group1_D0,0.1289830861265059,7.510337410488207e-05,-0.04548486723439694,0.1641726676223709,0.00012206582457922439,0.25870052314671055,0.08349821889210898
dim 54,54,0.623417526370362,NormVanDerWaalsVolume_group1_D25,0.2739034152023307,1.3787210920808516e-17,-0.010058918188401069,0.7584591443281583,5.088318726574635e-17,0.8346799150102302,0.26384449701392965
dim 54,54,0.623417526370362,NormVanDerWaalsVolume_group1_D50,0.1019369119320757,0.0017822145879056333,-0.007733704468055283,0.8131069735567418,0.0026246017299844868,0.8771890477001026,0.09420320746402042
dim 54,54,0.623417526370362,NormVanDerWaalsVolume_group1_D75,0.20866028461055022,1.1200959740312548e-10,0.07056294137591296,0.030790236231345434,2.653276988130774e-10,0.0641543287664964,0.13809734323463727
dim 54,54,0.623417526370362,NormVanDerWaalsVolume_group1_D100,-0.11515312251523113,0.0004125236325170562,0.005690354018226682,0.8619022222460877,0.0006378837650958184,0.9153429005729516,0.10946276849700445
dim 54,54,0.623417526370362,NormVanDerWaalsVolume_group2_D0,-0.04965708412913139,0.12877909427517997,-0.02926768029405803,0.3708443764301679,0.1488312023803118,0.5074232762297258,0.02038940383507336
dim 54,54,0.623417526370362,NormVanDerWaalsVolume_group2_D25,-0.27453890514064194,1.1534003559799861e-17,0.001225574396227583,0.9701139858436761,4.304309708349893e-17,0.9824683786288291,0.2733133307444144
dim 54,54,0.623417526370362,NormVanDerWaalsVolume_group2_D50,-0.041996560065114805,0.1990074563286991,0.05352913721852952,0.10151807116490283,0.22252591367186306,0.17550225553352766,-0.011532577153414714
dim 54,54,0.623417526370362,NormVanDerWaalsVolume_group2_D75,-0.05950238502213068,0.06867117075343362,-0.06831578889095341,0.03654339195924856,0.0818272245153294,0.07392787955414305,-0.008813403868822733
dim 54,54,0.623417526370362,NormVanDerWaalsVolume_group2_D100,0.11944905812068,0.0002476894936343742,0.017802435096264623,0.5862650731392282,0.0003933822675885924,0.697089834206131,0.10164662302441538
dim 54,54,0.623417526370362,NormVanDerWaalsVolume_group3_D0,-0.13390592762134024,3.9227734639136656e-05,0.007508437426295781,0.8184545769362551,6.479754386484492e-05,0.8795489983806603,0.12639749019504445
dim 54,54,0.623417526370362,NormVanDerWaalsVolume_group3_D25,-0.08754413619097953,0.007332836557311476,0.06266461125059566,0.0551723389269432,0.00970351588804292,0.10329350449326809,0.024879524940383868
dim 54,54,0.623417526370362,NormVanDerWaalsVolume_group3_D50,-0.09545399065539398,0.0034482143169476515,-0.01245079889854583,0.7034773479841918,0.004857459223367843,0.7959398178411926,0.08300319175684814
dim 54,54,0.623417526370362,NormVanDerWaalsVolume_group3_D75,-0.0992216276850838,0.0023605157859057676,-0.026157057000298592,0.42385712268039727,0.0034071403305640726,0.5597796717091842,0.07306457068478521
dim 54,54,0.623417526370362,NormVanDerWaalsVolume_group3_D100,0.08061759155053909,0.013569359289232117,-0.020082076182435772,0.53923987778798,0.017278558911946348,0.6594469716363293,0.06053551536810332
dim 54,54,0.623417526370362,Polarity_C1,0.3273056209241748,7.787825240231264e-25,-0.10530965746967882,0.001245483616615863,3.500852799780945e-24,0.004023128896999016,0.221995963454496
dim 54,54,0.623417526370362,Polarity_C2,-0.3946660598511227,2.7556183780060505e-36,0.12923847171874583,7.265574927360288e-05,2.1554485673396274e-35,0.0003306133550052229,0.2654275881323769
dim 54,54,0.623417526370362,Polarity_C3,0.3831270343237761,3.980584429311874e-34,-0.11934719169174843,0.0002507532446262118,2.954478220867035e-33,0.0009738556244785436,0.2637798426320277
dim 54,54,0.623417526370362,Polarity_T12,-0.21773946111115342,1.6146678265396116e-11,0.1220895842826805,0.0001794963897963479,4.009658394529594e-11,0.0007258086463920121,0.09564987682847291
dim 54,54,0.623417526370362,Polarity_T13,0.41201190065904264,1.0678071929909737e-39,-0.0726755069035693,0.026107898055888576,9.385463222604874e-39,0.056222037077155285,0.3393363937554733
dim 54,54,0.623417526370362,Polarity_T23,-0.040279190672943284,0.2180169083905122,0.01004390601460058,0.7588084483599086,0.24199949286284836,0.8347892679585291,0.030235284658342704
dim 54,54,0.623417526370362,Polarity_group1_D0,-0.18744792248091846,7.402510797938974e-09,-0.0020222980343469663,0.9507054635591197,1.5668178748489338e-08,0.9722462487101836,0.18542562444657149
dim 54,54,0.623417526370362,Polarity_group1_D25,-0.18755412682513203,7.2571381441375736e-09,0.0816692682226294,0.012392190838530019,1.5379975508514908e-08,0.02947999814863979,0.10588485860250263
dim 54,54,0.623417526370362,Polarity_group1_D50,-0.09212126450623619,0.004770843744530935,0.05721037253674131,0.08006110571393149,0.006541304641516143,0.14269161850828774,0.03491089196949488
dim 54,54,0.623417526370362,Polarity_group1_D75,-0.11721594031966737,0.0003235882778313093,-0.028548632682915395,0.3827186475153262,0.000506934731686948,0.5196261311793453,0.08866730763675197
dim 54,54,0.623417526370362,Polarity_group1_D100,0.02492821807960554,0.4459621494414338,0.02182907620974851,0.5045259004082614,0.47860434415862363,0.6297146888503711,0.00309914186985703
dim 54,54,0.623417526370362,Polarity_group2_D0,0.14275261126456884,1.1525666962795205e-05,-0.031521874522428876,0.3351209072811693,1.992532487356935e-05,0.4685239976220617,0.11123073674213996
dim 54,54,0.623417526370362,Polarity_group2_D25,0.3490315384995173,3.1252373178852634e-28,0.026539831307732364,0.4171045260907053,1.700047661520648e-27,0.5532592432228469,0.32249170719178494
dim 54,54,0.623417526370362,Polarity_group2_D50,0.23379047473007677,4.243780206295611e-13,0.054228855102157116,0.09712083901317571,1.141588692569224e-12,0.16903783340490197,0.17956161962791967
dim 54,54,0.623417526370362,Polarity_group2_D75,0.2721765006643038,2.2337777133663632e-17,0.12297665092174533,0.00016085789780975754,8.013767521636578e-17,0.0006617481954055805,0.1491998497425585
dim 54,54,0.623417526370362,Polarity_group2_D100,-0.06121500997685175,0.061058047074874604,0.029069960692894924,0.37408651217666206,0.0736223383502098,0.510604393408276,0.032145049283956825
dim 54,54,0.623417526370362,Polarity_group3_D0,-0.04954931130400443,0.12961207760605953,-0.04398309615698788,0.17856180770739546,0.14958684837741493,0.2761094619179171,0.005566215147016551
dim 54,54,0.623417526370362,Polarity_group3_D25,-0.45332933679729787,1.1225767257738017e-48,-0.07390430456931453,0.02367770292099879,1.447647206210231e-47,0.051756235442497356,0.37942503222798335
dim 54,54,0.623417526370362,Polarity_group3_D50,-0.2804209540464573,2.162522438788778e-18,-0.07102117599729058,0.029717598221246984,8.477494067552251e-18,0.06232995778687154,0.2093997780491667
dim 54,54,0.623417526370362,Polarity_group3_D75,-0.24561361461382766,2.4325343533856545e-14,-0.0705543402568549,0.03081068302180106,7.221924213607187e-14,0.06415690853666804,0.17505927435697277
dim 54,54,0.623417526370362,Polarity_group3_D100,0.1667291875180429,2.854452852188158e-07,-0.004463837874405358,0.8914589124535257,5.53092178126516e-07,0.936901437254492,0.16226534964363754
dim 54,54,0.623417526370362,Polarizability_C1,-0.30391399224208454,1.7906714968201294e-21,0.15964645487585336,9.021494145784632e-07,7.39288355918323e-21,5.674536807329692e-06,0.14426753736623119
dim 54,54,0.623417526370362,Polarizability_C2,0.21033252559830676,7.891398871042507e-11,-0.14556865198534402,7.683250025922611e-06,1.8840080221073602e-10,4.2276861757135946e-05,0.06476387361296274
dim 54,54,0.623417526370362,Polarizability_C3,0.2879124583231273,2.41767149814618e-19,-0.10245716114676955,0.001687510316613339,9.56756256375384e-19,0.0052626372152087325,0.18545529717635773
dim 54,54,0.623417526370362,Polarizability_T12,-0.3403403729548224,7.693967410924146e-27,0.08571585242405552,0.008661549875119436,3.8240849929295607e-26,0.021883189548335034,0.2546245205307669
dim 54,54,0.623417526370362,Polarizability_T13,0.10395354738465122,0.0014402820392258645,0.10094069849724102,0.0019773006326048548,0.0021517752737702646,0.006031218367945402,0.0030128488874101994
dim 54,54,0.623417526370362,Polarizability_T23,0.23935324583145187,1.1267658351696127e-13,-0.20237649965468804,4.068850601596142e-10,3.208352846945018e-13,4.328013060296533e-09,0.03697674617676383
dim 54,54,0.623417526370362,Polarizability_group1_D0,0.10599016045171274,0.0011571682844208973,-0.04561061239113953,0.16300860922128071,0.0017456829584308027,0.2574225791012187,0.060379548060573204
dim 54,54,0.623417526370362,Polarizability_group1_D25,0.2555454216358511,1.9546673890173782e-15,-0.04641750055462499,0.15568645499824493,6.130130590908961e-15,0.24785164904391707,0.2091279210812261
dim 54,54,0.623417526370362,Polarizability_group1_D50,0.23374949020709207,4.284909790203024e-13,0.009825446250070254,0.7638971088489577,1.1513755992983186e-12,0.8384542699820962,0.2239240439570218
dim 54,54,0.623417526370362,Polarizability_group1_D75,0.24875788383865025,1.1080836433403849e-14,0.09235280439814958,0.004665926280054555,3.389193561132679e-14,0.012805418057010857,0.15640507944050067
dim 54,54,0.623417526370362,Polarizability_group1_D100,-0.0362255851262492,0.2679632921456428,0.01361816942369835,0.6771749611816235,0.2934417691037531,0.7766770903833291,0.022607415702550853
dim 54,54,0.623417526370362,Polarizability_group2_D0,0.026088598489907248,0.4250715077098718,-0.04914974873634805,0.13273681083985242,0.45798026959708765,0.2187177840183064,-0.023061150246440804
dim 54,54,0.623417526370362,Polarizability_group2_D25,-0.20523264473538202,2.2753738068534244e-10,0.020374716335681737,0.5333426897915224,5.292303979728718e-10,0.6551543155217672,0.18485792839970028
dim 54,54,0.623417526370362,Polarizability_group2_D50,-0.2491473858983878,1.0044723654004224e-14,0.006642089959791656,0.8390973279987172,3.080750872761626e-14,0.8971143007412662,0.24250529593859615
dim 54,54,0.623417526370362,Polarizability_group2_D75,-0.1541326748857057,2.1358513501758323e-06,-0.0880736556160523,0.006983717934041579,3.998735151113946e-06,0.01825358667952592,0.06605901926965341
dim 54,54,0.623417526370362,Polarizability_group2_D100,-0.046844683194579746,0.1519122538269913,0.013912110595089709,0.6706120402304493,0.17234610318687194,0.7720938346672529,0.032932572599490034
dim 54,54,0.623417526370362,Polarizability_group3_D0,-0.13390592762134024,3.9227734639136656e-05,0.007508437426295781,0.8184545769362551,6.479754386484492e-05,0.8795489983806603,0.12639749019504445
dim 54,54,0.623417526370362,Polarizability_group3_D25,-0.08754413619097953,0.007332836557311476,0.06266461125059566,0.0551723389269432,0.00970351588804292,0.10329350449326809,0.024879524940383868
dim 54,54,0.623417526370362,Polarizability_group3_D50,-0.09545399065539398,0.0034482143169476515,-0.01245079889854583,0.7034773479841918,0.004857459223367843,0.7959398178411926,0.08300319175684814
dim 54,54,0.623417526370362,Polarizability_group3_D75,-0.0992216276850838,0.0023605157859057676,-0.026157057000298592,0.42385712268039727,0.0034071403305640726,0.5597796717091842,0.07306457068478521
dim 54,54,0.623417526370362,Polarizability_group3_D100,0.08061759155053909,0.013569359289232117,-0.020082076182435772,0.53923987778798,0.017278558911946348,0.6594469716363293,0.06053551536810332
dim 54,54,0.623417526370362,Charge_C1,0.2320846526602471,6.330321406747555e-13,-0.09964589572675703,0.002260095275389882,1.6797998049480818e-12,0.006788415665289753,0.13243875693349008
dim 54,54,0.623417526370362,Charge_C2,-0.34544355102710683,1.1873254806881074e-27,0.10574490842626041,0.0011883085200283363,6.2549954345398726e-27,0.0038496124703148817,0.23969864260084642
dim 54,54,0.623417526370362,Charge_C3,0.34544401276640413,1.1871228701956038e-27,-0.07412991011397463,0.023253484245013906,6.2549954345398726e-27,0.050995822310142117,0.2713141026524295
dim 54,54,0.623417526370362,Charge_T12,0.16781659400812937,2.3817515869575405e-07,-0.08837290224183104,0.006793081292739224,4.6439289553054206e-07,0.01781614476794688,0.07944369176629833
dim 54,54,0.623417526370362,Charge_T13,0.27109092782108996,3.020001151058726e-17,-0.12451433948309565,0.00013278627991358702,1.0662583345175629e-16,0.000561400221406811,0.1465765883379943
dim 54,54,0.623417526370362,Charge_T23,0.3480083805328845,4.580950830186163e-28,-0.023767095141652206,0.46743848215630596,2.463828626863411e-27,0.5956675049225723,0.3242412853912323
dim 54,54,0.623417526370362,Charge_group1_D0,0.01267899401617027,0.698306672630076,0.08184855315886462,0.012200784185197681,0.7234318506775601,0.02912839112120104,-0.06916955914269435
dim 54,54,0.623417526370362,Charge_group1_D25,-0.12457048401762617,0.00013185421424573805,0.010493777291788565,0.7483624492428095,0.00021295603267928678,0.8254724506178942,0.11407670672583761
dim 54,54,0.623417526370362,Charge_group1_D50,-0.018503180424797993,0.5716091866640102,0.02464163536292201,0.4512100575785371,0.6026435238187481,0.5850295471582753,-0.0061384549381240175
dim 54,54,0.623417526370362,Charge_group1_D75,-0.11615828381401463,0.00036667002938872874,-0.034028659702511274,0.29808737423734544,0.0005706793560849739,0.42711790216762496,0.08212962411150336
dim 54,54,0.623417526370362,Charge_group1_D100,0.0400379441155723,0.220788282049005,-0.03247278658705435,0.3207383199514169,0.2445880139448347,0.453734006199802,0.007565157528517948
dim 54,54,0.623417526370362,Charge_group2_D0,-0.0010361729588647694,0.9747309160860559,-0.019745846148022054,0.5460555000745747,0.9791281984142636,0.6639335166541971,-0.018709673189157283
dim 54,54,0.623417526370362,Charge_group2_D25,0.2157228790053999,2.501373264727581e-11,0.10028741341683614,0.002115657710260216,6.10715402353079e-11,0.006418071527946523,0.11543546558856377
dim 54,54,0.623417526370362,Charge_group2_D50,0.049864187707228294,0.12719004223895874,0.07799584779702971,0.016943110784251498,0.14724947697681878,0.03839212348670285,-0.02813166008980142
dim 54,54,0.623417526370362,Charge_group2_D75,0.09610238496170051,0.0032334223157897126,0.11035925100955787,0.0007144350086324627,0.004581939132260348,0.002410316089729723,-0.014256866047857364
dim 54,54,0.623417526370362,Charge_group2_D100,-0.1482301795424575,5.200553054825437e-06,0.035381745872299045,0.2792772317135781,9.23436852903613e-06,0.40380344325686185,0.11284843367015847
dim 54,54,0.623417526370362,Charge_group3_D0,-0.02496766825202551,0.44524246489069985,-0.06921073093018727,0.034150980481871915,0.4780654757894998,0.06984952529666393,-0.04424306267816176
dim 54,54,0.623417526370362,Charge_group3_D25,-0.26031917853292547,5.593019870263349e-16,-0.11454988371741004,0.00044255391164214604,1.8404617110029148e-15,0.0015758316256767248,0.14576929481551543
dim 54,54,0.623417526370362,Charge_group3_D50,-0.06178065894302434,0.05870237867843306,-0.07283285501268653,0.02578515500673644,0.07098694597609212,0.05574266519255644,-0.011052196069662193
dim 54,54,0.623417526370362,Charge_group3_D75,-0.050573125520182845,0.12186566918655944,-0.11732108938443342,0.0003195741680203947,0.14152688980636596,0.001207440861072532,-0.06674796386425058
dim 54,54,0.623417526370362,Charge_group3_D100,0.1358064686588363,3.034172701352233e-05,-0.020975556794775658,0.5213376453977578,5.0696032128646617e-05,0.6438181624426205,0.11483091186406065
dim 54,54,0.623417526370362,SecondaryStructure_C1,0.41898263496884713,3.97893820106619e-41,0.004752389680428949,0.8844902408282261,4.232373755274227e-40,0.9328062533521551,0.4142302452884182
dim 54,54,0.623417526370362,SecondaryStructure_C2,-0.20839344171617497,1.1841553585255053e-10,-0.05835494022970895,0.07419508171742122,2.8010473778152886e-10,0.13387983410923113,0.15003850148646602
dim 54,54,0.623417526370362,SecondaryStructure_C3,-0.4190739686162361,3.809106407297627e-41,0.04197979639387339,0.19918697154979176,4.07769724370964e-40,0.30240203862559295,0.3770941722223627
dim 54,54,0.623417526370362,SecondaryStructure_T12,0.27072201177224997,3.3448723245212666e-17,-0.10014059279528238,0.002147947833345238,1.1754710180060254e-16,0.006504211934155118,0.1705814189769676
dim 54,54,0.623417526370362,SecondaryStructure_T13,0.26673425013027624,9.992342312176517e-17,0.016122967451068917,0.6220799814050034,3.405553400272405e-16,0.7292899746903164,0.25061128267920735
dim 54,54,0.623417526370362,SecondaryStructure_T23,-0.3607198171956504,3.578740589276863e-30,0.06107489703462028,0.06165348118187622,2.221746016391212e-29,0.11351550282457927,0.2996449201610301
dim 54,54,0.623417526370362,SecondaryStructure_group1_D0,-0.08813027655334528,0.006947283456965785,-0.05280937471665739,0.10620493965589671,0.009244592329189531,0.18233485576075154,0.03532090183668789
dim 54,54,0.623417526370362,SecondaryStructure_group1_D25,0.04471047159653957,0.1714796428676841,0.017250475067765142,0.5979302319135239,0.19303741394609536,0.7066832889565356,0.027459996528774427
dim 54,54,0.623417526370362,SecondaryStructure_group1_D50,0.14746687966076671,5.820518999032118e-06,0.037032523751235384,0.257442056181122,1.0275123391526044e-05,0.3759757182531471,0.11043435590953132
dim 54,54,0.623417526370362,SecondaryStructure_group1_D75,0.19260834537022092,2.7866371226914073e-09,0.07017482279058149,0.03172454166520624,6.099192653859305e-09,0.06565053851411948,0.12243352257963944
dim 54,54,0.623417526370362,SecondaryStructure_group1_D100,0.1482497566659263,5.185514188974411e-06,-0.00299864492691594,0.9269621667921666,9.212562442114114e-06,0.9603144035626043,0.14525111173901037
dim 54,54,0.623417526370362,SecondaryStructure_group2_D0,-0.07903217463450517,0.015530440732839606,-0.006527482317608589,0.8418367464355504,0.01969311770982699,0.8994672850590973,0.07250469231689657
dim 54,54,0.623417526370362,SecondaryStructure_group2_D25,0.06918574204503512,0.03421592243128027,0.021905444293216485,0.5030357142853676,0.042452147444456204,0.6287834377467902,0.047280297751818634
dim 54,54,0.623417526370362,SecondaryStructure_group2_D50,-0.0034827425525527558,0.9152123509108112,0.04257386511731629,0.1928971810026784,0.9325226516296856,0.29419022125522637,-0.039091122564763534
dim 54,54,0.623417526370362,SecondaryStructure_group2_D75,-0.17687474678443546,5.036577717270728e-08,-0.0379508087160047,0.24582131141345476,1.0333027994892034e-07,0.36058110677248084,0.13892393806843076
dim 54,54,0.623417526370362,SecondaryStructure_group2_D100,-0.10088535137180465,0.0019886926412168637,-0.04925754690731309,0.13188810687734953,0.0029030740479302117,0.21807241434175617,0.05162780446449156
dim 54,54,0.623417526370362,SecondaryStructure_group3_D0,0.031596916616409,0.3339710417218261,-0.11945952769011223,0.0002473766036556473,0.36251650287647036,0.0009618601352850545,-0.08786261107370322
dim 54,54,0.623417526370362,SecondaryStructure_group3_D25,0.00020715378056000472,0.9949473442346084,-0.045735012052402546,0.16186313215265496,0.9955434780538023,0.25573456073314454,-0.04552785827184254
dim 54,54,0.623417526370362,SecondaryStructure_group3_D50,-0.16925489981161315,1.8711897841332248e-07,-0.07467149674720411,0.0222619061863992,3.6806677732655894e-07,0.04894981347108184,0.09458340306440904
dim 54,54,0.623417526370362,SecondaryStructure_group3_D75,-0.09036955959454075,0.005636224462427997,-0.0663229410368545,0.0423869881247118,0.007624540180036253,0.0829953868042519,0.02404661855768625
dim 54,54,0.623417526370362,SecondaryStructure_group3_D100,-0.09236104082276528,0.004662232830567058,0.024239417895855635,0.4586339782076296,0.006405535851128743,0.5903034632807255,0.06812162292690964
dim 54,54,0.623417526370362,SolventAccessibility_C1,0.19467488601057703,1.87005382187873e-09,0.19197452893432904,3.1465112754156443e-09,4.189121237474821e-09,2.871406464450342e-08,0.0027003570762479945
dim 54,54,0.623417526370362,SolventAccessibility_C2,0.3306037517040458,2.472464596300432e-25,-0.1446199271554448,8.815537074712043e-06,1.1390388622956473e-24,4.833249733099801e-05,0.18598382454860102
dim 54,54,0.623417526370362,SolventAccessibility_C3,-0.4943334861307582,6.787458146371888e-59,-0.046617188713180824,0.15391343944456568,1.1807349067126096e-57,0.24561437541559933,0.4477162974175774
dim 54,54,0.623417526370362,SolventAccessibility_T12,0.4569054717821467,1.6341134561199713e-49,0.003955160400657783,0.903763807203653,2.227730180996206e-48,0.9459639975118148,0.4529503113814889
dim 54,54,0.623417526370362,SolventAccessibility_T13,-0.321671487773759,5.3525185935456394e-24,0.045481370987031845,0.16420512247635521,2.3430422152611317e-23,0.25870052314671055,0.2761901167867271
dim 54,54,0.623417526370362,SolventAccessibility_T23,-0.08407361180854275,0.010033990349558772,-0.12270939474643848,0.00016627265403871408,0.01296461422341443,0.0006789127927742116,-0.03863578293789573
dim 54,54,0.623417526370362,SolventAccessibility_group1_D0,-0.006718943576212134,0.8372614156966323,-0.05223428074887562,0.11007153664278159,0.86203857226472,0.18798819708508666,-0.04551533717266349
dim 54,54,0.623417526370362,SolventAccessibility_group1_D25,0.19457237211303158,1.907620839511258e-09,0.030432715796127344,0.3520960532107102,4.267550973856397e-09,0.48695686034110647,0.16413965631690425
dim 54,54,0.623417526370362,SolventAccessibility_group1_D50,0.22748900335873942,1.830249035078399e-12,0.03087701647355261,0.34510679824140555,4.6987177380183336e-12,0.4788769032514726,0.1966119868851868
dim 54,54,0.623417526370362,SolventAccessibility_group1_D75,0.20002918738495043,6.518841128672918e-10,0.01458997678775959,0.6555731049547465,1.4892564548404614e-09,0.7585718826841381,0.18543921059719085
dim 54,54,0.623417526370362,SolventAccessibility_group1_D100,-0.018661493855081104,0.5683223565453761,0.003128385972812807,0.9238114785085163,0.5995567501141997,0.9582392354715665,0.015533107882268297
dim 54,54,0.623417526370362,SolventAccessibility_group2_D0,-0.004865053079478901,0.8817717524122703,-0.032045792177086946,0.32714607174058175,0.9028564233773706,0.4606476629734882,-0.027180739097608046
dim 54,54,0.623417526370362,SolventAccessibility_group2_D25,-0.41318909957105365,6.159881710019829e-40,-0.08234183048968381,0.011687586506886569,5.5455538844922444e-39,0.028266863818248472,0.33084726908136985
dim 54,54,0.623417526370362,SolventAccessibility_group2_D50,-0.23601091837442434,2.509730479315458e-13,-0.08003442911998598,0.01426373408086525,6.939155464332475e-13,0.03331529498607688,0.15597648925443836
dim 54,54,0.623417526370362,SolventAccessibility_group2_D75,-0.25852791307179523,8.971589714384872e-16,-0.08299441411844044,0.011038068350467885,2.9014039788779044e-15,0.026871099337144853,0.1755334989533548
dim 54,54,0.623417526370362,SolventAccessibility_group2_D100,0.19156841974588434,3.400428880322993e-09,-0.0019067556395934015,0.953518588250779,7.37017031815626e-09,0.9736325541906456,0.18966166410629096
dim 54,54,0.623417526370362,SolventAccessibility_group3_D0,-0.174967190022431,7.033686110929213e-08,-0.018130458698138726,0.5793828994413559,1.4298546324104426e-07,0.6901351227297178,0.15683673132429227
dim 54,54,0.623417526370362,SolventAccessibility_group3_D25,0.05832115008848156,0.07436309173887512,0.07082152277462932,0.030180938640151415,0.08829460590396122,0.06320021006777789,-0.01250037268614776
dim 54,54,0.623417526370362,SolventAccessibility_group3_D50,-0.07451397005763047,0.022546460473006423,0.0075254939362202605,0.8180493747187862,0.028278324438543542,0.8795489983806603,0.0669884761214102
dim 54,54,0.623417526370362,SolventAccessibility_group3_D75,0.10463081478725032,0.0013397379971363979,0.0889608751998655,0.006432054777021717,0.002006603098850031,0.017009551033454105,0.01566993958738483
dim 54,54,0.623417526370362,SolventAccessibility_group3_D100,-0.17437226255133106,7.800050138040848e-08,-0.011730071259442424,0.7198974416193116,1.5817952313938332e-07,0.8028238580996664,0.16264219129188864
dim 34,34,0.5897139313788101,AAC_A,-0.01605644557507866,0.6235179155342772,0.20199759991201893,4.392195121948903e-10,0.6505935138658188,4.613186071480923e-09,-0.18594115433694028
dim 34,34,0.5897139313788101,AAC_C,-0.0570419116130122,0.08095541963739754,0.023665167662750446,0.4693506959154343,0.0956459503321216,0.5977251389533609,0.03337674395026175
dim 34,34,0.5897139313788101,AAC_D,0.22693795324305746,2.0755496058370224e-12,0.056157035783920145,0.08578681649436547,5.295901973640684e-12,0.1511223455122261,0.17078091745913732
dim 34,34,0.5897139313788101,AAC_E,0.33045334551753214,2.606074598741953e-25,-0.1369066105585822,2.610888533600811e-05,1.1972887427507733e-24,0.00013212678336707134,0.19354673495894995
dim 34,34,0.5897139313788101,AAC_F,0.10964474414932811,0.0007739798973006124,-0.04415657662267293,0.17685328161982358,0.0011787929124414253,0.27410206988872887,0.06548816752665518
dim 34,34,0.5897139313788101,AAC_G,-0.09716134114537794,0.002908662657500347,0.12364002957404854,0.0001481247706010972,0.004148135472267788,0.0006177789994004931,-0.0264786884286706
dim 34,34,0.5897139313788101,AAC_H,0.3784088318641943,2.8739143283757152e-33,0.06167616969853948,0.059131763823010344,2.0250788727373184e-32,0.10984432211838406,0.31673266216565477
dim 34,34,0.5897139313788101,AAC_I,0.1642745415244855,4.2770745713405604e-07,-0.10671378090323395,0.0010696233703061744,8.214737819596015e-07,0.0034922209744111658,0.05756076062125155
dim 34,34,0.5897139313788101,AAC_K,0.2650443511334889,1.5801044716934303e-16,-0.10999936901967002,0.0007438740650435174,5.330857510561674e-16,0.0025045759851263587,0.1550449821138189
dim 34,34,0.5897139313788101,AAC_L,0.2721618402279002,2.242913817590596e-17,-0.011193865126347374,0.732198395889585,8.037910032996342e-17,0.81355377321065,0.2609679751015528
dim 34,34,0.5897139313788101,AAC_M,0.15471707171726262,1.9521321050254256e-06,-0.11158414127653449,0.000622142244856704,3.675378371355649e-06,0.002126873180984024,0.043132930440728134
dim 34,34,0.5897139313788101,AAC_N,-0.04457443254452977,0.172787988824819,-0.06999498961854216,0.03216561186113883,0.19437921275678527,0.06643027150297176,-0.025420557074012383
dim 34,34,0.5897139313788101,AAC_P,-0.40462175932887284,3.2118590189631606e-38,-0.016266286164600217,0.6189869041845503,2.6228873162193047e-37,0.7269396132125169,0.3883554731642726
dim 34,34,0.5897139313788101,AAC_Q,0.05200730119138959,0.11162784213077284,-0.045737897192042985,0.1618366378369147,0.13031701947458277,0.25573456073314454,0.006269403999346605
dim 34,34,0.5897139313788101,AAC_R,-0.0842461611191013,0.009881213165343385,0.030287401195142206,0.3544012669184629,0.012782049563224982,0.48973944208012665,0.05395875992395909
dim 34,34,0.5897139313788101,AAC_S,-0.4241586068057264,3.2879962317557695e-42,-0.038722902779141,0.23633881053901973,3.748091267598727e-41,0.34866237950544426,0.38543570402658545
dim 34,34,0.5897139313788101,AAC_T,-0.42185143048782625,1.0044682465098583e-41,0.01066702346178201,0.7443518264747433,1.1035934024154363e-40,0.8226787228410465,0.41118440702604425
dim 34,34,0.5897139313788101,AAC_V,0.05988392309997237,0.06691093483899913,0.06494596874708994,0.046870281314192935,0.07992937137419781,0.08960417479745499,-0.005062045647117569
dim 34,34,0.5897139313788101,AAC_W,-0.11431625050847118,0.00045472250474721696,-0.0013955562140750923,0.9659712833256104,0.0007002181493110672,0.9793928080032495,0.11292069429439608
dim 34,34,0.5897139313788101,AAC_Y,0.017672534255263737,0.58900091070331,-0.06669237756566808,0.041247677985736225,0.6190255008650268,0.08108725395665627,-0.04901984331040434
dim 34,34,0.5897139313788101,Hydrophobicity_C1,0.33126267831866013,1.962657865085415e-25,-0.14329552355673358,1.0665170212283113e-05,9.091924090686944e-25,5.792141220979772e-05,0.18796715476192655
dim 34,34,0.5897139313788101,Hydrophobicity_C2,-0.375700711515166,8.808563256303542e-33,0.1338142213052374,3.971352630162512e-05,6.053621661739472e-32,0.0001919582892148016,0.24188649020992858
dim 34,34,0.5897139313788101,Hydrophobicity_C3,0.33847582029615586,1.5098278418647963e-26,-0.07643845921485548,0.019277693710211836,7.437794973198258e-26,0.04318410261040076,0.2620373610813004
dim 34,34,0.5897139313788101,Hydrophobicity_T12,0.08817227651692981,0.006920367510480485,0.008838109110677256,0.7870197073897067,0.009212446187726113,0.8562364243262608,0.07933416740625256
dim 34,34,0.5897139313788101,Hydrophobicity_T13,0.3730342806216674,2.6264407395768186e-32,-0.08337425555083561,0.010674934957959296,1.7579783707788724e-31,0.026210851129349937,0.2896600250708318
dim 34,34,0.5897139313788101,Hydrophobicity_T23,-0.08931338376522531,0.006223963814976751,0.13307205335426017,4.386011538786774e-05,0.008368775822070188,0.00020897686932307884,-0.04375866958903486
dim 34,34,0.5897139313788101,Hydrophobicity_group1_D0,-0.004496897912692041,0.8906600607964668,-0.031433820102941296,0.3364734026460707,0.9113984690748159,0.4694323996816525,-0.026936922190249256
dim 34,34,0.5897139313788101,Hydrophobicity_group1_D25,-0.41284545517270915,7.234621986229789e-40,-0.08173413383011112,0.01232263516461607,6.40945290026724e-39,0.029356349108286498,0.331111321342598
dim 34,34,0.5897139313788101,Hydrophobicity_group1_D50,-0.23288713228980149,5.246802417025537e-13,-0.0747412971016787,0.022136819854558797,1.4053183699170244e-12,0.048738944175495305,0.15814583518812278
dim 34,34,0.5897139313788101,Hydrophobicity_group1_D75,-0.25696236657938504,1.3518869000578623e-15,-0.0803300327174061,0.013907940380793658,4.308494509726393e-15,0.032621152297648046,0.17663233386197894
dim 34,34,0.5897139313788101,Hydrophobicity_group1_D100,0.19249649142097033,2.8470974752022124e-09,-0.0003095656400184943,0.9924494945693347,6.223367517784941e-09,0.9940942036897975,0.19218692578095184
dim 34,34,0.5897139313788101,Hydrophobicity_group2_D0,0.1357232110145506,3.068726799059918e-05,-0.03447979782500887,0.29172409803487853,5.1247737544300636e-05,0.41943972769543447,0.10124341318954172
dim 34,34,0.5897139313788101,Hydrophobicity_group2_D25,0.354570846657229,3.8465015648264793e-29,0.036668928274173625,0.26214682300094005,2.23043667127091e-28,0.3815121519926535,0.31790191838305537
dim 34,34,0.5897139313788101,Hydrophobicity_group2_D50,0.14601257976591128,7.20243789513452e-06,-0.027869478734236067,0.39414516680597594,1.2594839041753558e-05,0.531896911972509,0.11814310103167522
dim 34,34,0.5897139313788101,Hydrophobicity_group2_D75,0.23593244602030647,2.556989878594165e-13,0.09292226657882553,0.004416702612332369,7.058137350830175e-13,0.012201643279727139,0.14301017944148092
dim 34,34,0.5897139313788101,Hydrophobicity_group2_D100,-0.09496220133167985,0.0036196875191631664,0.04343437997263126,0.18404655304820366,0.005077596099960091,0.28314854315108257,0.051527821359048584
dim 34,34,0.5897139313788101,Hydrophobicity_group3_D0,-0.26384579266927866,2.1826229992809693e-16,-0.015159008133220988,0.6430552003443087,7.304569957513464e-16,0.7488326496340157,0.24868678453605766
dim 34,34,0.5897139313788101,Hydrophobicity_group3_D25,-0.24307499045867237,4.5529962551004054e-14,0.09056870015602178,0.0055311804500492315,1.323499346565305e-13,0.014870042555688828,0.1525062903026506
dim 34,34,0.5897139313788101,Hydrophobicity_group3_D50,-0.08465928118169487,0.009523808530089065,0.10088706329899531,0.001988339378528195,0.012353211840969894,0.006059355405368769,-0.016227782117300443
dim 34,34,0.5897139313788101,Hydrophobicity_group3_D75,-0.03438613802977956,0.29303760956020897,0.00382538451740156,0.9069069004605137,0.31943394775819123,0.9466998125545403,0.030560753512377997
dim 34,34,0.5897139313788101,Hydrophobicity_group3_D100,-0.06414184959829962,0.04966804540717634,-0.04507301991404391,0.1680290363188491,0.06083288289694499,0.26335850835521163,0.01906882968425571
dim 34,34,0.5897139313788101,NormVanDerWaalsVolume_C1,-0.36758577217804617,2.3722903673992016e-31,0.14074412857923904,1.532033687145435e-05,1.5237403513679486e-30,8.135123235398652e-05,0.22684164359880712
dim 34,34,0.5897139313788101,NormVanDerWaalsVolume_C2,0.34259841624899395,3.379903772204668e-27,-0.1275913216392311,8.986906328802539e-05,1.7130316538943233e-26,0.0003991524885399,0.21500709460976286
dim 34,34,0.5897139313788101,NormVanDerWaalsVolume_C3,0.2881288319860017,2.267168287540806e-19,-0.10201393692356166,0.0017678922652712276,8.993280380506286e-19,0.005472437595927618,0.18611489506244006
dim 34,34,0.5897139313788101,NormVanDerWaalsVolume_T12,-0.1371182298316705,2.536176904754979e-05,0.059151191950227555,0.07032482087869724,4.2460305072088376e-05,0.1275941111858385,0.07796703788144294
dim 34,34,0.5897139313788101,NormVanDerWaalsVolume_T13,0.060923417445243065,0.06230261034079197,0.06455476771645437,0.04821439396727444,0.07496063347919496,0.09191556840793187,-0.003631350271211302
dim 34,34,0.5897139313788101,NormVanDerWaalsVolume_T23,0.26752814428733507,8.047844077158125e-17,-0.18508377429350165,1.147720044549322e-08,2.7654114421510435e-16,9.854460022608575e-08,0.08244436999383342
dim 34,34,0.5897139313788101,NormVanDerWaalsVolume_group1_D0,0.12715748689209092,9.500523414058889e-05,-0.04853549079170645,0.13765371729547446,0.00015418730905226768,0.22493317796814322,0.07862199610038446
dim 34,34,0.5897139313788101,NormVanDerWaalsVolume_group1_D25,0.2716425403681205,2.5913899532828026e-17,-0.014012129010082836,0.6683845744662241,9.21751058995161e-17,0.7705918117767306,0.25763041135803766
dim 34,34,0.5897139313788101,NormVanDerWaalsVolume_group1_D50,0.09722214472392234,0.0028909505132160736,-0.01556946647783404,0.6340878189820077,0.0041263994504879,0.7407671617348394,0.0816526782460883
dim 34,34,0.5897139313788101,NormVanDerWaalsVolume_group1_D75,0.20578320078903978,2.0322277712044281e-10,0.0657191157026708,0.04430631493016858,4.746601927148804e-10,0.08603668131788551,0.14006408508636897
dim 34,34,0.5897139313788101,NormVanDerWaalsVolume_group1_D100,-0.11440015677934992,0.0004503168838901033,0.006934055056425392,0.832127472478284,0.0006937538709377052,0.8908031275889322,0.10746610172292453
dim 34,34,0.5897139313788101,NormVanDerWaalsVolume_group2_D0,-0.04944450079397822,0.13042616529556708,-0.028916915749294943,0.37660806973340766,0.1503705184974781,0.5132072431291642,0.020527585044683275
dim 34,34,0.5897139313788101,NormVanDerWaalsVolume_group2_D25,-0.2733756744986892,1.5983726682152694e-17,0.0032418774631472517,0.9210563780112281,5.866554628394506e-17,0.9574200868483306,0.27013379703554197
dim 34,34,0.5897139313788101,NormVanDerWaalsVolume_group2_D50,-0.03783050537014084,0.24732247375485983,0.06041784922015744,0.06451007928550702,0.27208730643650586,0.11786852560918677,-0.022587343850016595
dim 34,34,0.5897139313788101,NormVanDerWaalsVolume_group2_D75,-0.05625604851617025,0.08523491169125404,-0.06295496191614117,0.05405209900705267,0.10041785010539277,0.10159482874707705,-0.006698913399970918
dim 34,34,0.5897139313788101,NormVanDerWaalsVolume_group2_D100,0.11931516018713087,0.00025172393918140623,0.017588358930648324,0.5907768596690727,0.000399103233774904,0.700957268665969,0.10172680125648255
dim 34,34,0.5897139313788101,NormVanDerWaalsVolume_group3_D0,-0.13502665989307644,3.372803104109308e-05,0.005616932554194064,0.8636665399970342,5.615733981916795e-05,0.916342517023537,0.12940972733888237
dim 34,34,0.5897139313788101,NormVanDerWaalsVolume_group3_D25,-0.08615021682283587,0.008327764909699149,0.0649739580078,0.04677533276519862,0.010890655755049005,0.08960417479745499,0.021176258815035875
dim 34,34,0.5897139313788101,NormVanDerWaalsVolume_group3_D50,-0.0938908984181113,0.0040203159924818216,-0.00986416782348595,0.7629944037686095,0.005604280223242606,0.8380142415610509,0.08402673059462534
dim 34,34,0.5897139313788101,NormVanDerWaalsVolume_group3_D75,-0.09843825059803145,0.002556719906274782,-0.02486333819212275,0.4471471824471066,0.003671300295338681,0.5813435536680951,0.0735749124059087
dim 34,34,0.5897139313788101,NormVanDerWaalsVolume_group3_D100,0.08123583172533136,0.012865942389430224,-0.019044293380071194,0.5604123505029057,0.016458156867367655,0.6742713439047929,0.062191538345260165
dim 34,34,0.5897139313788101,Polarity_C1,0.32914216337354046,4.118160749839294e-25,-0.10179955541872984,0.001808019730179325,1.8739314583737387e-24,0.005591468424813838,0.22734260795481062
dim 34,34,0.5897139313788101,Polarity_C2,-0.3961760933243574,1.416394301807756e-36,0.12612216027810577,0.00010840293364642639,1.1105063305253298e-35,0.00047328862533210997,0.2700539330462516
dim 34,34,0.5897139313788101,Polarity_C3,0.38417233316909016,2.557591008916274e-34,-0.11720688305012837,0.000323936237879822,1.906775439683115e-33,0.001218840538778003,0.2669654501189618
dim 34,34,0.5897139313788101,Polarity_T12,-0.21648304716520264,2.1219738139754936e-11,0.12426906441108486,0.00013693129592735052,5.238279777293532e-11,0.0005774627883804933,0.09221398275411778
dim 34,34,0.5897139313788101,Polarity_T13,0.4135999105580751,5.081254860157747e-40,-0.06944410895119073,0.03354953181508735,4.6882296223554897e-39,0.06887242548395314,0.34415580160688436
dim 34,34,0.5897139313788101,Polarity_T23,-0.038977257854442865,0.23327224643322017,0.012189350772195302,0.7094183638591256,0.257138383857081,0.7986037530466733,0.026787907082247563
dim 34,34,0.5897139313788101,Polarity_group1_D0,-0.1872689206724925,7.653950712364996e-09,-0.0017370229294274503,0.957652129961247,1.619011740297599e-08,0.9763608406808807,0.18553189774306506
dim 34,34,0.5897139313788101,Polarity_group1_D25,-0.1852873596861733,1.1054314303314046e-08,0.08555028909142427,0.008791885810776607,2.3250258043494278e-08,0.02217892644108298,0.09973707059474902
dim 34,34,0.5897139313788101,Polarity_group1_D50,-0.08820331462108465,0.0069005366781932235,0.06373728280003998,0.05112771175073425,0.009189709930289221,0.09658741925760883,0.024466031821044662
dim 34,34,0.5897139313788101,Polarity_group1_D75,-0.11386931737460058,0.0004788737461575959,-0.0229916519538723,0.4820941356350105,0.0007360507649177957,0.6098093080637198,0.09087766542072828
dim 34,34,0.5897139313788101,Polarity_group1_D100,0.02400218813298338,0.4630444980899926,0.020300507470115928,0.5348350364516058,0.4947436415932743,0.6562634172477455,0.0037016806628674508
dim 34,34,0.5897139313788101,Polarity_group2_D0,0.14075420827505178,1.529861740750788e-05,-0.03486879521897308,0.28631101382402724,2.620378571337247e-05,0.4121891319707978,0.10588541305607871
dim 34,34,0.5897139313788101,Polarity_group2_D25,0.34725800640036075,6.058452611402167e-28,0.02334887568890735,0.4753119046617924,3.2273096845427816e-27,0.6031693622987792,0.3239091307114534
dim 34,34,0.5897139313788101,Polarity_group2_D50,0.2291706154299493,1.2443485831779983e-12,0.04636563295672012,0.1561495055317123,3.236856906397597e-12,0.24847038993612153,0.18280498247322918
dim 34,34,0.5897139313788101,Polarity_group2_D75,0.2693578972214034,4.8737054179303194e-17,0.11818106129966385,0.000288448386981141,1.6956433433215903e-16,0.0011023084811407448,0.15117683592173956
dim 34,34,0.5897139313788101,Polarity_group2_D100,-0.060661987561606,0.06343617762792694,0.029975949289005824,0.359373989722018,0.07621468822923597,0.4953813973056294,0.030686038272600174
dim 34,34,0.5897139313788101,Polarity_group3_D0,-0.04923870837922009,0.13203612067703133,-0.043468365657143265,0.18370326863649686,0.15206918726251195,0.2827757415512325,0.005770342722076827
dim 34,34,0.5897139313788101,Polarity_group3_D25,-0.45369211652698,9.242005549236063e-49,-0.07464557531245508,0.022308514931465438,1.201101110289823e-47,0.04902002623098327,0.3790465412145249
dim 34,34,0.5897139313788101,Polarity_group3_D50,-0.27694627252741955,5.841907831565965e-18,-0.06502881044760025,0.04658972432042091,2.2453362666778278e-17,0.08948227672812296,0.2119174620798193
dim 34,34,0.5897139313788101,Polarity_group3_D75,-0.2434860837241573,4.115495310454451e-14,-0.06693690398336075,0.04050791087070964,1.199455003221454e-13,0.08015190895033779,0.17654917974079656
dim 34,34,0.5897139313788101,Polarity_group3_D100,0.16788061737546392,2.356412666020391e-07,-0.0025028694976456144,0.9390119053516344,4.597206953567819e-07,0.9668001738207332,0.1653777478778183
dim 34,34,0.5897139313788101,Polarizability_C1,-0.30569388215265303,1.0178281829887272e-21,0.15622301065085492,1.5459164893254564e-06,4.233556825880883e-21,9.154895521891887e-06,0.1494708715017981
dim 34,34,0.5897139313788101,Polarizability_C2,0.2130102665299052,4.476528750260768e-11,-0.1407742364839941,1.5255548095177487e-05,1.0764295195011495e-10,8.11361952832688e-05,0.07223603004591111
dim 34,34,0.5897139313788101,Polarizability_C3,0.2881288319860017,2.267168287540806e-19,-0.10201393692356166,0.0017678922652712276,8.993280380506286e-19,0.005472437595927618,0.18611489506244006
dim 34,34,0.5897139313788101,Polarizability_T12,-0.33962373205243535,9.975064661093615e-27,0.08701597581647474,0.007696551084203119,4.9431329329455006e-26,0.019783542365820334,0.2526077562359606
dim 34,34,0.5897139313788101,Polarizability_T13,0.10290971301636434,0.0016089120330387435,0.09921050839337546,0.002363201639930351,0.0023851603152904586,0.007079007603020065,0.0036992046229888803
dim 34,34,0.5897139313788101,Polarizability_T23,0.23994136883040573,9.774297586600025e-14,-0.2012382756224492,5.117296294840124e-10,2.786766176362609e-13,5.357921512465836e-09,0.038703093207956535
dim 34,34,0.5897139313788101,Polarizability_group1_D0,0.10440175596400451,0.0013729958448522642,-0.04825023078399231,0.1399842595827694,0.0020536525399939822,0.22826957540206452,0.05615152518001221
dim 34,34,0.5897139313788101,Polarizability_group1_D25,0.25306314040992856,3.7088244040367316e-15,-0.05076182335009536,0.12047821193112089,1.15125218489616e-14,0.20282118339210875,0.2023013170598332
dim 34,34,0.5897139313788101,Polarizability_group1_D50,0.22910966911644062,1.2619388778859289e-12,0.0018595350642143476,0.9546684417720139,3.277508438677296e-12,0.9742862618236802,0.22725013405222627
dim 34,34,0.5897139313788101,Polarizability_group1_D75,0.2459053525780704,2.2624294762192594e-14,0.08751086492767629,0.00735528592838354,6.740869269020809e-14,0.01902916731278158,0.1583944876503941
dim 34,34,0.5897139313788101,Polarizability_group1_D100,-0.03526814032940218,0.28082483173232775,0.015194079363142661,0.6422869347622456,0.3071234243569007,0.7485130363244593,0.02007406096625952
dim 34,34,0.5897139313788101,Polarizability_group2_D0,0.02579748861148596,0.4302581121823007,-0.04962065698812973,0.12906017617854773,0.46341892766490944,0.2142450240737323,-0.02382316837664377
dim 34,34,0.5897139313788101,Polarizability_group2_D25,-0.2040888024443944,2.8746480305666665e-10,0.02231179923782266,0.4951456367601494,6.653724478234696e-10,0.6210795225652606,0.18177700320657172
dim 34,34,0.5897139313788101,Polarizability_group2_D50,-0.24557095202297408,2.4584401169580148e-14,0.012837363741568707,0.6947263538264654,7.285882866583647e-14,0.7903222145028591,0.23273358828140536
dim 34,34,0.5897139313788101,Polarizability_group2_D75,-0.15033379032716457,3.8017919381130877e-06,-0.08175770414267791,0.012297446276338431,6.89733029511011e-06,0.029338193259264546,0.06857608618448666
dim 34,34,0.5897139313788101,Polarizability_group2_D100,-0.048075987020869286,0.1414226514908633,0.011869575642497725,0.716708794977137,0.16154297400119133,0.8013821060146716,0.036206411378371564
dim 34,34,0.5897139313788101,Polarizability_group3_D0,-0.13502665989307644,3.372803104109308e-05,0.005616932554194064,0.8636665399970342,5.615733981916795e-05,0.916342517023537,0.12940972733888237
dim 34,34,0.5897139313788101,Polarizability_group3_D25,-0.08615021682283587,0.008327764909699149,0.0649739580078,0.04677533276519862,0.010890655755049005,0.08960417479745499,0.021176258815035875
dim 34,34,0.5897139313788101,Polarizability_group3_D50,-0.0938908984181113,0.0040203159924818216,-0.00986416782348595,0.7629944037686095,0.005604280223242606,0.8380142415610509,0.08402673059462534
dim 34,34,0.5897139313788101,Polarizability_group3_D75,-0.09843825059803145,0.002556719906274782,-0.02486333819212275,0.4471471824471066,0.003671300295338681,0.5813435536680951,0.0735749124059087
dim 34,34,0.5897139313788101,Polarizability_group3_D100,0.08123583172533136,0.012865942389430224,-0.019044293380071194,0.5604123505029057,0.016458156867367655,0.6742713439047929,0.062191538345260165
dim 34,34,0.5897139313788101,Charge_C1,0.23378918425258763,4.245069329853222e-13,-0.09658908834577234,0.003080270254584627,1.141588692569224e-12,0.00888599056223473,0.13720009590681528
dim 34,34,0.5897139313788101,Charge_C2,-0.35008503806026336,2.104956222340665e-28,0.09682578037883162,0.0030082029106478386,1.1582460926882736e-27,0.008729276908395986,0.25325925768143176
dim 34,34,0.5897139313788101,Charge_C3,0.3512729018177296,1.3456380978622615e-28,-0.06309461762945352,0.053520063113298,7.553665961109166e-28,0.10070817509769878,0.28817828418827607
dim 34,34,0.5897139313788101,Charge_T12,0.16918552064739986,1.8931822740940176e-07,-0.08599289395098277,0.008447308083208854,3.721735606517963e-07,0.02142293773570051,0.0831926266964171
dim 34,34,0.5897139313788101,Charge_T13,0.2735494682419363,1.5224775858471776e-17,-0.11998162849289563,0.00023223453300669027,5.600303014019353e-17,0.0009146973351914451,0.1535678397490407
dim 34,34,0.5897139313788101,Charge_T23,0.35431749068834206,4.237165976137779e-29,-0.012048334256124402,0.7126301185603129,2.4484661523010697e-28,0.8001518658802241,0.34226915643221767
dim 34,34,0.5897139313788101,Charge_group1_D0,0.014060734789037315,0.6673031468201212,0.08411807362870771,0.009994423766150732,0.6930324970084591,0.024782015871524458,-0.0700573388396704
dim 34,34,0.5897139313788101,Charge_group1_D25,-0.12272183906776994,0.00016601677093978733,0.013570977861552473,0.6782309222554059,0.0002670982730919507,0.7768488615682634,0.10915086120621748
dim 34,34,0.5897139313788101,Charge_group1_D50,-0.016742599619424616,0.6087557388734669,0.02754223419402482,0.3997237571772483,0.6369812555881514,0.5372544663871265,-0.010799634574600203
dim 34,34,0.5897139313788101,Charge_group1_D75,-0.11578057904400339,0.00038331164084581826,-0.03340705578137486,0.30700563127370867,0.0005949167659967625,0.4374568295453016,0.08237352326262853
dim 34,34,0.5897139313788101,Charge_group1_D100,0.040953362584882545,0.21040478753858421,-0.03094959052022112,0.34397359202559347,0.23432877305064062,0.47829800056847716,0.010003772064661427
dim 34,34,0.5897139313788101,Charge_group2_D0,-0.0005642891804593223,0.9862370996559994,-0.018964418276098363,0.5620584509838497,0.9877157159973127,0.6757650202613599,-0.01840012909563904
dim 34,34,0.5897139313788101,Charge_group2_D25,0.21505442353491278,2.8892079835107725e-11,0.09916833833875162,0.002373413182417949,7.018148847218895e-11,0.007103225832684542,0.11588608519616116
dim 34,34,0.5897139313788101,Charge_group2_D50,0.047230670377361006,0.1485622055990117,0.07364463665963687,0.02417425455607905,0.16900468893075582,0.05277255569758433,-0.026413966282275866
dim 34,34,0.5897139313788101,Charge_group2_D75,0.0952162830440323,0.0035301526946689534,0.10888844890267792,0.000841995002723944,0.004956162253129174,0.0027982719493512167,-0.013672165858645613
dim 34,34,0.5897139313788101,Charge_group2_D100,-0.1491341494616447,4.547869655768354e-06,0.033835469063589134,0.30084041566432024,8.149079747996942e-06,0.43065715620285977,0.11529868039805555
dim 34,34,0.5897139313788101,Charge_group3_D0,-0.029293817397335196,0.3704170965014499,-0.07633893827804221,0.01943599099092921,0.400645434687449,0.04346410258888226,-0.04704512088070702
dim 34,34,0.5897139313788101,Charge_group3_D25,-0.2615224577048707,4.0634992968646215e-16,-0.1166033210097844,0.0003479278153830438,1.3491140806687708e-15,0.001292635042691175,0.1449191366950863
dim 34,34,0.5897139313788101,Charge_group3_D50,-0.060099972982939925,0.0659307410382122,-0.07005450312305331,0.03201906794475871,0.07887130195831975,0.06621316326104607,-0.009954530140113382
dim 34,34,0.5897139313788101,Charge_group3_D75,-0.047932866020958115,0.14261258305906374,-0.11295109979560418,0.0005322856387074757,0.16279085010843228,0.0018461412598992405,-0.06501823377464606
dim 34,34,0.5897139313788101,Charge_group3_D100,0.13955567025356858,1.8097525529969304e-05,-0.014664703199670268,0.6539236084473825,3.079252942949438e-05,0.757317909921726,0.12489096705389831
dim 34,34,0.5897139313788101,SecondaryStructure_C1,0.4232655777479631,5.071158043108237e-42,0.013091717322635626,0.6889903263515837,5.702918472721048e-41,0.7851339781693243,0.41017386042532744
dim 34,34,0.5897139313788101,SecondaryStructure_C2,-0.211832239277029,5.74991927847587e-11,-0.06417865571859688,0.04953699915497781,1.3796501717032618e-10,0.09411466278590777,0.1476535835584321
dim 34,34,0.5897139313788101,SecondaryStructure_C3,-0.42242855517298467,7.602713721116439e-42,0.03528040490354311,0.28065747726829354,8.436233830076049e-41,0.40527279467189814,0.38714815026944155
dim 34,34,0.5897139313788101,SecondaryStructure_T12,0.272283673085758,2.1680942697313487e-17,-0.09727170693298079,0.002876585767887494,7.820124039851734e-17,0.008391088615497144,0.17501196615277723
dim 34,34,0.5897139313788101,SecondaryStructure_T13,0.2681240160688943,6.837992894528866e-17,0.0185704430972708,0.5702116077673748,2.361830017345027e-16,0.6835989841863,0.2495535729716235
dim 34,34,0.5897139313788101,SecondaryStructure_T23,-0.3635974223484403,1.1568280657100145e-30,0.05556593009492067,0.08914193951164175,7.262792743367384e-30,0.15645511191218256,0.3080314922535196
dim 34,34,0.5897139313788101,SecondaryStructure_group1_D0,-0.08843905360106055,0.006751574658718143,-0.05332004686650103,0.10286233501089181,0.009005694632635222,0.17745878044234434,0.035119006734559526
dim 34,34,0.5897139313788101,SecondaryStructure_group1_D25,0.04739619488808226,0.14714296713045297,0.021685815643619932,0.5073276297624298,0.16754859409292275,0.6322665236591476,0.02571037924446233
dim 34,34,0.5897139313788101,SecondaryStructure_group1_D50,0.15025105790488594,3.849235604037382e-06,0.04169119650919068,0.20229601413882892,6.9758257826830464e-06,0.3065647401196409,0.10855986139569526
dim 34,34,0.5897139313788101,SecondaryStructure_group1_D75,0.1938273612313441,2.2035710667176573e-09,0.07223036132240651,0.027039902956355766,4.870898320871592e-09,0.05785603835632816,0.12159699990893758
dim 34,34,0.5897139313788101,SecondaryStructure_group1_D100,0.15062276056832588,3.6404319538798407e-06,0.0010019286656235795,0.9755657643370453,6.6225722908271615e-06,0.9850513056163257,0.1496208319027023
dim 34,34,0.5897139313788101,SecondaryStructure_group2_D0,-0.07866505669621605,0.016018575145585145,-0.005925931802421459,0.8562459735640533,0.02029667715715265,0.9113644205557483,0.0727391248937946
dim 34,34,0.5897139313788101,SecondaryStructure_group2_D25,0.06856991164455323,0.03584998132099652,0.020890442773538898,0.5230297789878054,0.04439708476534237,0.6446463318405241,0.04767946887101433
dim 34,34,0.5897139313788101,SecondaryStructure_group2_D50,-0.0026005932433097075,0.9366355548363465,0.04402264705631943,0.1781712149314822,0.948563600107155,0.27563309767075056,-0.04142205381300973
dim 34,34,0.5897139313788101,SecondaryStructure_group2_D75,-0.17669215879591502,5.2010090010631775e-08,-0.03765525998830334,0.24952065879737784,1.0657282247577309e-07,0.3650455542633561,0.13903689880761166
dim 34,34,0.5897139313788101,SecondaryStructure_group2_D100,-0.10311472710676839,0.0015744250164031908,-0.05295126902198038,0.10526765808843784,0.002338185662421813,0.18086109980215145,0.05016345808478801
dim 34,34,0.5897139313788101,SecondaryStructure_group3_D0,0.03092742702197933,0.3443194117618613,-0.12055095640538795,0.00021671479486072695,0.3733853361313691,0.0008627263585635615,-0.08962352938340862
dim 34,34,0.5897139313788101,SecondaryStructure_group3_D25,-0.0031605904216992697,0.9230295944902613,-0.05128560786002265,0.11669158355311966,0.9381980662195596,0.1973417159835036,-0.04812501743832338
dim 34,34,0.5897139313788101,SecondaryStructure_group3_D50,-0.1733323235142232,9.337703690698635e-08,-0.08148520557888525,0.012591455953209565,1.8878892449717578e-07,0.029911424526116604,0.09184711793533795
dim 34,34,0.5897139313788101,SecondaryStructure_group3_D75,-0.09207823294358279,0.004790575874352925,-0.06914491571199925,0.03432224997599747,0.006565664103544838,0.0701568634760291,0.02293331723158354
dim 34,34,0.5897139313788101,SecondaryStructure_group3_D100,-0.0923308853663576,0.004675768292470416,0.02427667328701178,0.45794347739435004,0.006421490993771048,0.5896419485339742,0.06805421207934581
dim 34,34,0.5897139313788101,SolventAccessibility_C1,0.1987846121681431,8.350269761750815e-10,0.1987746421314551,8.36679453217708e-10,1.8959823932187442e-09,8.36679453217708e-09,9.970036688011774e-06
dim 34,34,0.5897139313788101,SolventAccessibility_C2,0.33126267831866013,1.962657865085415e-25,-0.14329552355673358,1.0665170212283113e-05,9.091924090686944e-25,5.792141220979772e-05,0.18796715476192655
dim 34,34,0.5897139313788101,SolventAccessibility_C3,-0.49846618037422613,5.280722556989423e-60,-0.055134292734528835,0.09165796176301416,9.431878791628166e-59,0.16044947184930153,0.4433318876396973
dim 34,34,0.5897139313788101,SolventAccessibility_T12,0.4602263695942458,2.6738003266173725e-50,0.010686430814510362,0.7439029777178576,3.784107241907638e-49,0.8224547982713156,0.4495399387797354
dim 34,34,0.5897139313788101,SolventAccessibility_T13,-0.32536553473533625,1.5194217923850103e-24,0.03867045688501776,0.23697463376353428,6.813066072027042e-24,0.34933673924726627,0.2866950778503185
dim 34,34,0.5897139313788101,SolventAccessibility_T23,-0.08547918839563069,0.008848393164913551,-0.1250163324577258,0.0001246681173024456,0.011530875212957963,0.0005317899256579416,-0.03953714406209512
dim 34,34,0.5897139313788101,SolventAccessibility_group1_D0,-0.006513048967998853,0.8421818770228988,-0.05188681042905643,0.11246101258849801,0.8663035014648851,0.19164274594162417,-0.04537376146105757
dim 34,34,0.5897139313788101,SolventAccessibility_group1_D25,0.1972743072468796,1.1252718258615416e-09,0.03501769233801119,0.28425708122543913,2.5411818109381673e-09,0.40958526802975265,0.16225661490886842
dim 34,34,0.5897139313788101,SolventAccessibility_group1_D50,0.2282687442185318,1.5310017245133391e-12,0.03222807889977051,0.32440047623989143,3.948683984459114e-12,0.45775141133977076,0.1960406653187613
dim 34,34,0.5897139313788101,SolventAccessibility_group1_D75,0.2002205888280665,6.274394850699134e-10,0.014932905369839758,0.6480172985682117,1.4353752603654184e-09,0.7525652911049467,0.18528768345822674
dim 34,34,0.5897139313788101,SolventAccessibility_group1_D100,-0.01864297432601826,0.5687063839868244,0.0031566265856355423,0.9231258275146023,0.5997724415901463,0.958123139806952,0.015486347740382718
dim 34,34,0.5897139313788101,SolventAccessibility_group2_D0,-0.004496897912692041,0.8906600607964668,-0.031433820102941296,0.3364734026460707,0.9113984690748159,0.4694323996816525,-0.026936922190249256
dim 34,34,0.5897139313788101,SolventAccessibility_group2_D25,-0.41284545517270915,7.234621986229789e-40,-0.08173413383011112,0.01232263516461607,6.40945290026724e-39,0.029356349108286498,0.331111321342598
dim 34,34,0.5897139313788101,SolventAccessibility_group2_D50,-0.23288713228980149,5.246802417025537e-13,-0.0747412971016787,0.022136819854558797,1.4053183699170244e-12,0.048738944175495305,0.15814583518812278
dim 34,34,0.5897139313788101,SolventAccessibility_group2_D75,-0.25696236657938504,1.3518869000578623e-15,-0.0803300327174061,0.013907940380793658,4.308494509726393e-15,0.032621152297648046,0.17663233386197894
dim 34,34,0.5897139313788101,SolventAccessibility_group2_D100,0.19249649142097033,2.8470974752022124e-09,-0.0003095656400184943,0.9924494945693347,6.223367517784941e-09,0.9940942036897975,0.19218692578095184
dim 34,34,0.5897139313788101,SolventAccessibility_group3_D0,-0.17501945677026992,6.969951296220608e-08,-0.01823302665212602,0.5772387446791882,1.4177611041033393e-07,0.6893850595635856,0.15678643011814392
dim 34,34,0.5897139313788101,SolventAccessibility_group3_D25,0.05481388875043148,0.0935621984734901,0.06503013113704008,0.04658526304246245,0.10987965643511144,0.08948227672812296,-0.0102162423866086
dim 34,34,0.5897139313788101,SolventAccessibility_group3_D50,-0.07719014581386875,0.01811798122253055,0.0030811507554830875,0.924958423665684,0.022878660598583,0.9588333752462399,0.07410899505838567
dim 34,34,0.5897139313788101,SolventAccessibility_group3_D75,0.10358018062732874,0.0014986355346614003,0.08722041803821769,0.007553890709873411,0.0022335754956577763,0.01946758871217376,0.01635976258911105
dim 34,34,0.5897139313788101,SolventAccessibility_group3_D100,-0.1754196950711747,6.500071215123276e-08,-0.013512679950287586,0.67953627103239,1.3237949913726673e-07,0.77807718383551,0.1619070151208871
dim 28,28,0.5819366488455487,AAC_A,-0.01887258762450026,0.5639538140002311,0.20022267539599337,6.271779849072975e-10,0.5955124055519355,6.425688557025686e-09,-0.1813500877714931
dim 28,28,0.5819366488455487,AAC_C,-0.05609044897661342,0.08615959550999515,0.026074677490343773,0.42531870024378515,0.10147145592502954,0.5612631526024894,0.03001577148626965
dim 28,28,0.5819366488455487,AAC_D,0.2243696508030297,3.714047638694122e-12,0.05055232655609182,0.1220193598165848,9.37635609466241e-12,0.20489927691673865,0.17381732424693788
dim 28,28,0.5819366488455487,AAC_E,0.3279764758109249,6.173870165269229e-25,-0.1468658078298794,6.35780182991785e-06,2.7903553926927234e-24,3.5510130621949194e-05,0.18111066798104547
dim 28,28,0.5819366488455487,AAC_F,0.1104230932911628,0.0007093268345145779,-0.044409245987697445,0.17438665973003437,0.0010827932482992185,0.27153913449804884,0.06601384730346535
dim 28,28,0.5819366488455487,AAC_G,-0.09531225215850449,0.0034968613458945604,0.12937594532771096,7.13695822834801e-05,0.004921836028355597,0.0003256480940257152,-0.034063693169206474
dim 28,28,0.5819366488455487,AAC_H,0.37716210240295256,4.819281609911521e-33,0.056674059645420195,0.08293640040025314,3.3674478194779246e-32,0.1465648557337807,0.32048804275753234
dim 28,28,0.5819366488455487,AAC_I,0.16781101079598673,2.3839737057968791e-07,-0.10353349575534125,0.001506082916868251,4.6455496950767654e-07,0.004759051033434209,0.06427751504064548
dim 28,28,0.5819366488455487,AAC_K,0.27221127697496966,2.2122521388004974e-17,-0.10094259945287042,0.001976910426438747,7.953629863932896e-17,0.006031218367945402,0.17126867752209923
dim 28,28,0.5819366488455487,AAC_L,0.26727592022861113,8.621324722070606e-17,-0.022500746811063586,0.4914995038412035,2.956388559724417e-16,0.6176103622383821,0.24477517341754754
dim 28,28,0.5819366488455487,AAC_M,0.1558201583213637,1.6458291433525308e-06,-0.11261297226742951,0.0005533134287763544,3.1181785195041563e-06,0.0019111342834674497,0.043207186053934185
dim 28,28,0.5819366488455487,AAC_N,-0.037329817989427284,0.253638911011448,-0.05854611832755828,0.07325033798717691,0.2786690667033672,0.1323423118284963,-0.021216300338130996
dim 28,28,0.5819366488455487,AAC_P,-0.411638836659881,1.2706033662984492e-39,-0.025995964567486787,0.42671796635448456,1.099434000890368e-38,0.5622660373429204,0.38564287209239423
dim 28,28,0.5819366488455487,AAC_Q,0.04939064971620615,0.1308459767236845,-0.051202145924313734,0.1172886305011779,0.15080247144827683,0.19815074652196973,-0.0018114962081075825
dim 28,28,0.5819366488455487,AAC_R,-0.0921413473644377,0.0047616599058466595,0.018187270471316616,0.5781948039086755,0.0065313938749601,0.6899502125955613,0.07395407689312108
dim 28,28,0.5819366488455487,AAC_S,-0.42166574615483493,1.0985160025051935e-41,-0.03026795648817627,0.3547104504587907,1.2029650650384742e-40,0.48996398036904915,0.39139778966665867
dim 28,28,0.5819366488455487,AAC_T,-0.42067247915220374,1.771410035060474e-41,0.017393830443512923,0.5948904438835313,1.927201797101623e-40,0.7045680423638159,0.4032786487086908
dim 28,28,0.5819366488455487,AAC_V,0.05991017391791052,0.06679120227791523,0.06539489726423,0.04536675249919954,0.07981488930527258,0.08763733565490253,-0.005484723346319484
dim 28,28,0.5819366488455487,AAC_W,-0.1173828524187114,0.000317238083008548,-0.00558949157789103,0.8643261214215825,0.0004974531442481458,0.9167511100502018,0.11179336084082037
dim 28,28,0.5819366488455487,AAC_Y,0.023515732932762535,0.4721619612228933,-0.05803246547552772,0.07581116626116666,0.5031974953683674,0.1362072594471741,-0.03451673254276519
dim 28,28,0.5819366488455487,Hydrophobicity_C1,0.33260670610487775,1.223289836397549e-25,-0.1459853878710504,7.231043536548618e-06,5.71438888610883e-25,3.992014117697915e-05,0.18662131823382735
dim 28,28,0.5819366488455487,Hydrophobicity_C2,-0.3759188269696136,8.051883553887215e-33,0.1391054454604413,1.926971916882578e-05,5.545008468037793e-32,0.00010025056390012166,0.2368133815091723
dim 28,28,0.5819366488455487,Hydrophobicity_C3,0.3371700681648212,2.414194358315221e-26,-0.08325872152362707,0.010784248138155313,1.1823180581778354e-25,0.026368513017158673,0.25391134664119414
dim 28,28,0.5819366488455487,Hydrophobicity_T12,0.08792891600945628,0.0070776350887361,0.0078020004474946515,0.8114874034625937,0.00940306332393738,0.8762909562124356,0.08012691556196162
dim 28,28,0.5819366488455487,Hydrophobicity_T13,0.3737264677134306,1.979821437033902e-32,-0.08691605378218294,0.007767150162624365,1.3305037423930046e-31,0.019909655827448487,0.2868104139312477
dim 28,28,0.5819366488455487,Hydrophobicity_T23,-0.09347110554612241,0.004187968006056596,0.12864310895672315,7.848269358998719e-05,0.005824789259649608,0.0003546109080475307,-0.03517200341060074
dim 28,28,0.5819366488455487,Hydrophobicity_group1_D0,-0.0037272434155039796,0.9092847881059418,-0.030557148033615207,0.3501296596029298,0.9270485934901849,0.48443788859725995,-0.026829904618111227
dim 28,28,0.5819366488455487,Hydrophobicity_group1_D25,-0.4140841143505704,4.048409823873139e-40,-0.08125131874590838,0.012848743099865433,3.777008047971029e-39,0.030435205998910666,0.33283279560466206
dim 28,28,0.5819366488455487,Hydrophobicity_group1_D50,-0.23666098341090133,2.149802326013976e-13,-0.08022104811590952,0.014038195330247742,5.993605817100735e-13,0.03283443445590158,0.1564399352949918
dim 28,28,0.5819366488455487,Hydrophobicity_group1_D75,-0.25852341921791466,8.982190760957345e-16,-0.0818902264097806,0.012156669748754286,2.9014039788779044e-15,0.02906462201921211,0.17663319280813405
dim 28,28,0.5819366488455487,Hydrophobicity_group1_D100,0.19232318570428056,2.94330099253781e-09,-0.0022971533908485425,0.9440160557092818,6.425245303971428e-09,0.9688025746611652,0.19002603231343201
dim 28,28,0.5819366488455487,Hydrophobicity_group2_D0,0.13856999499488973,2.0757833343859364e-05,-0.03131008376533849,0.338379879777826,3.505114427122865e-05,0.4715013760775715,0.10725991122955124
dim 28,28,0.5819366488455487,Hydrophobicity_group2_D25,0.3586125788178903,8.123052788816266e-30,0.0412771659179968,0.2068177425639599,4.915035564247523e-29,0.3119901718071196,0.31733541289989353
dim 28,28,0.5819366488455487,Hydrophobicity_group2_D50,0.15213267145063317,2.8984442213449617e-06,-0.019125509327967572,0.5587410119172959,5.3544268248297414e-06,0.6737593364053313,0.13300716212266558
dim 28,28,0.5819366488455487,Hydrophobicity_group2_D75,0.23880562481726283,1.2858233166768077e-13,0.09708152701245358,0.002932062687878928,3.6395337946614726e-13,0.008530565659856812,0.14172409780480927
dim 28,28,0.5819366488455487,Hydrophobicity_group2_D100,-0.097045037557963,0.002942817748622053,0.04135550322846708,0.20595663081924592,0.0041950538968833365,0.31084281379859074,0.055689534329495916
dim 28,28,0.5819366488455487,Hydrophobicity_group3_D0,-0.26588611212937163,1.2581422771517354e-16,-0.01658992448954123,0.6120270009621951,4.257543268173046e-16,0.7207934355478602,0.2492961876398304
dim 28,28,0.5819366488455487,Hydrophobicity_group3_D25,-0.2486219301620172,1.1466652156598756e-14,0.08413209186759933,0.009981977732788985,3.500787769930516e-14,0.02476954355684637,0.16448983829441788
dim 28,28,0.5819366488455487,Hydrophobicity_group3_D50,-0.09065495779551488,0.005486230723746037,0.09289217169168128,0.004429565916508769,0.007442733800695273,0.012227066248875445,-0.002237213896166393
dim 28,28,0.5819366488455487,Hydrophobicity_group3_D75,-0.03952289700321233,0.22678918543408869,-0.004385194794687696,0.8933596579967864,0.2506538316842674,0.9374242091452298,0.035137702208524635
dim 28,28,0.5819366488455487,Hydrophobicity_group3_D100,-0.06561874912865388,0.04463233406209009,-0.04762217030665329,0.14522215139297928,0.054947289261843314,0.23478841214131882,0.017996578822000592
dim 28,28,0.5819366488455487,NormVanDerWaalsVolume_C1,-0.36901940102382613,1.3349006238105005e-31,0.14361023812470708,1.0194772886858562e-05,8.674256971842553e-31,5.5547375925134746e-05,0.22540916289911905
dim 28,28,0.5819366488455487,NormVanDerWaalsVolume_C2,0.34280241514337423,3.1367826059762202e-27,-0.13238613235069266,4.80542213110634e-05,1.5946505181066323e-26,0.000226696467766881,0.21041628279268157
dim 28,28,0.5819366488455487,NormVanDerWaalsVolume_C3,0.2906066991575679,1.0816622115214871e-19,-0.10159243555435633,0.001847580076903828,4.3111596497395783e-19,0.005687481527058789,0.1890142636032116
dim 28,28,0.5819366488455487,NormVanDerWaalsVolume_T12,-0.1421687069331642,1.252483748430518e-05,0.052569020091359234,0.10780766031172888,2.1619099326914367e-05,0.18465517202111512,0.08959968684180496
dim 28,28,0.5819366488455487,NormVanDerWaalsVolume_T13,0.061996248819754844,0.05782460641310428,0.0667315492499521,0.04112840874976784,0.06997615413759721,0.08094807614862969,-0.004735300430197258
dim 28,28,0.5819366488455487,NormVanDerWaalsVolume_T23,0.26976888006805005,4.3521515158027015e-17,-0.18604865817944394,9.602882609466854e-09,1.5173471881817352e-16,8.287759151322815e-08,0.08372022188860612
dim 28,28,0.5819366488455487,NormVanDerWaalsVolume_group1_D0,0.12997475131044267,6.601401207399673e-05,-0.045539704354355635,0.1636642584538227,0.00010765957047224077,0.2582138040792479,0.08443504695608703
dim 28,28,0.5819366488455487,NormVanDerWaalsVolume_group1_D25,0.2743513401143631,1.2158342359666946e-17,-0.01186010676084984,0.7169250696921673,4.5271865642461094e-17,0.8013821060146716,0.2624912333535132
dim 28,28,0.5819366488455487,NormVanDerWaalsVolume_group1_D50,0.102225862224482,0.0017290295052270674,-0.00822007990654207,0.8015908659432012,0.0025552913926807103,0.8675628806480727,0.09400578231793993
dim 28,28,0.5819366488455487,NormVanDerWaalsVolume_group1_D75,0.20879919362553323,1.0881004629558896e-10,0.06998879750636733,0.03218089200353542,2.581147405023204e-10,0.06643027150297176,0.1388103961191659
dim 28,28,0.5819366488455487,NormVanDerWaalsVolume_group1_D100,-0.11644143645075769,0.00035463937012054025,0.0045795940799948425,0.8886623053633903,0.0005527277163801233,0.9348447558783382,0.11186184237076285
dim 28,28,0.5819366488455487,NormVanDerWaalsVolume_group2_D0,-0.0485803266714405,0.13729014508303405,-0.027464304731338006,0.4010591897056305,0.15757700500939303,0.538832539668868,0.021116021940102495
dim 28,28,0.5819366488455487,NormVanDerWaalsVolume_group2_D25,-0.2759889518133594,7.662774461321409e-18,0.0011284891420599514,0.9724804622431581,2.8984900000921295e-17,0.9835299701776715,0.2748604626712995
dim 28,28,0.5819366488455487,NormVanDerWaalsVolume_group2_D50,-0.042734276444926,0.19122405747489282,0.05339527923719878,0.10237703950032878,0.21439689559118566,0.17671282270340988,-0.010661002792272778
dim 28,28,0.5819366488455487,NormVanDerWaalsVolume_group2_D75,-0.05933411820456175,0.06945945768547455,-0.06848642572384271,0.03607653865912839,0.08273701450409594,0.07302766007362958,-0.009152307519280964
dim 28,28,0.5819366488455487,NormVanDerWaalsVolume_group2_D100,0.11810538127056777,0.0002910693424989158,0.014780230335058122,0.6513768051455202,0.0004583553059624606,0.7550027927480011,0.10332515093550965
dim 28,28,0.5819366488455487,NormVanDerWaalsVolume_group3_D0,-0.13406240253060528,3.8411822829818945e-05,0.008490606640304828,0.7952039009478932,6.351261794633429e-05,0.8627315943735764,0.12557179589030046
dim 28,28,0.5819366488455487,NormVanDerWaalsVolume_group3_D25,-0.08694798655937183,0.007744525592830296,0.06528565336740101,0.0457288388462212,0.010203832536510133,0.08808207713170635,0.02166233319197082
dim 28,28,0.5819366488455487,NormVanDerWaalsVolume_group3_D50,-0.09592803539893993,0.0032899490237376585,-0.012611082520517071,0.6998440324037226,0.00465217177785088,0.792903347431626,0.08331695287842286
dim 28,28,0.5819366488455487,NormVanDerWaalsVolume_group3_D75,-0.09989040650491723,0.0022040120904824397,-0.026802095445236967,0.4125146538955926,0.0031964395927969384,0.5502391948926834,0.07308831105968026
dim 28,28,0.5819366488455487,NormVanDerWaalsVolume_group3_D100,0.08162576737931919,0.012439031254094093,-0.01935410342935271,0.5540498066986359,0.015948700341141753,0.6699950595124706,0.06227166394996648
dim 28,28,0.5819366488455487,Polarity_C1,0.33011137972686905,2.9370197155316583e-25,-0.10458396042421043,0.0013464799652176456,1.34563043208172e-24,0.004303581898398983,0.22552741930265863
dim 28,28,0.5819366488455487,Polarity_C2,-0.3972033964116202,8.988574361575824e-37,0.1299260134016314,6.643530146494105e-05,7.080622256524352e-36,0.00030563899021061034,0.2672773830099888
dim 28,28,0.5819366488455487,Polarity_C3,0.38508519346352377,1.7357439230076768e-34,-0.12095902881931084,0.0002061949307587315,1.3175874324649183e-33,0.000824779723034926,0.2641261646442129
dim 28,28,0.5819366488455487,Polarity_T12,-0.21879227189302386,1.2826110630461493e-11,0.12387086536548185,0.00014392078216218996,3.1993435030426724e-11,0.000603131006802653,0.09492140652754201
dim 28,28,0.5819366488455487,Polarity_T13,0.41492560833115416,2.7251642205269554e-40,-0.07200611229793177,0.02752017971538283,2.6005852847314376e-39,0.058666737382912976,0.34291949603322236
dim 28,28,0.5819366488455487,Polarity_T23,-0.040885007662590185,0.21116772450688065,0.009512722115632175,0.7711992056940262,0.234943437659221,0.8439729184200679,0.031372285546958006
dim 28,28,0.5819366488455487,Polarity_group1_D0,-0.1885727956256031,5.996445485700388e-09,-0.002356409265154814,0.9425743910769593,1.276489988670446e-08,0.9681690175931967,0.1862163863604483
dim 28,28,0.5819366488455487,Polarity_group1_D25,-0.18890845923260421,5.629714596606132e-09,0.08209561624877382,0.01194130371519646,1.199951930610369e-08,0.02875555472873553,0.1068128429838304
dim 28,28,0.5819366488455487,Polarity_group1_D50,-0.09265180167420048,0.004533528824547958,0.05789593449872275,0.07650397870733486,0.0062570191214835445,0.13737811230241853,0.03475586717547773
dim 28,28,0.5819366488455487,Polarity_group1_D75,-0.11802036297962212,0.0002940402596379815,-0.029302816587034007,0.3702700516682415,0.0004625974880785955,0.5068450707261994,0.08871754639258811
dim 28,28,0.5819366488455487,Polarity_group1_D100,0.02496517481950515,0.4452879326889623,0.021984933923373577,0.5014870865224784,0.4780654757894998,0.6273284153502164,0.0029802408961315738
dim 28,28,0.5819366488455487,Polarity_group2_D0,0.1435333142264894,1.030788789927047e-05,-0.031858224548763414,0.32998688716875507,1.789415051120757e-05,0.46309084165699244,0.11167508967772599
dim 28,28,0.5819366488455487,Polarity_group2_D25,0.34981750005140994,2.327518566248455e-28,0.025119550254217877,0.44247788015892264,1.2765044353480854e-27,0.57744097215034,0.3246979497971921
dim 28,28,0.5819366488455487,Polarity_group2_D50,0.2346032920430206,3.503607673754268e-13,0.05435167769576973,0.09636490905435316,9.537122763112678e-13,0.16789712897315573,0.18025161434725087
dim 28,28,0.5819366488455487,Polarity_group2_D75,0.2724294162136705,2.081815418125393e-17,0.12276075194446727,0.00016521901962681328,7.549688921323357e-17,0.0006770938963847317,0.14966866426920322
dim 28,28,0.5819366488455487,Polarity_group2_D100,-0.06253063830428698,0.05569571521354163,0.027791068733362394,0.3954775312783808,0.06762038851807672,0.5330488113275996,0.03473956957092459
dim 28,28,0.5819366488455487,Polarity_group3_D0,-0.04848456770781073,0.13806754875957802,-0.042406255667789,0.19465682908668114,0.15830608062375234,0.2966030151229539,0.006078312040021731
dim 28,28,0.5819366488455487,Polarity_group3_D25,-0.455134852164145,4.255091288335067e-49,-0.07399117234279644,0.023513573434142197,5.662153347824353e-48,0.051464833073417385,0.38114367982134856
dim 28,28,0.5819366488455487,Polarity_group3_D50,-0.28148065258790433,1.5926075551974398e-18,-0.07138877137624497,0.028880470555609973,6.26538190148345e-18,0.06089695180286447,0.21009188121165936
dim 28,28,0.5819366488455487,Polarity_group3_D75,-0.2455523212243867,2.4698380043955096e-14,-0.06929602324935091,0.03393011156007908,7.313172814433513e-14,0.06944030184476968,0.17625629797503578
dim 28,28,0.5819366488455487,Polarity_group3_D100,0.16741872441673306,2.5452111767254517e-07,-0.004784832985308603,0.8837072660969137,4.942444959455238e-07,0.9325694372081175,0.16263389143142445
dim 28,28,0.5819366488455487,Polarizability_C1,-0.30552152974280655,1.07524098946421e-21,0.1617276133368644,6.466239574678174e-07,4.466797145286644e-21,4.178797368027841e-06,0.14379391640594216
dim 28,28,0.5819366488455487,Polarizability_C2,0.21029276180268322,7.957663057201128e-11,-0.14956502768224417,4.265075471379021e-06,1.8957628110593273e-10,2.4226789242186957e-05,0.06072773412043905
dim 28,28,0.5819366488455487,Polarizability_C3,0.2906066991575679,1.0816622115214871e-19,-0.10159243555435633,0.001847580076903828,4.3111596497395783e-19,0.005687481527058789,0.1890142636032116
dim 28,28,0.5819366488455487,Polarizability_T12,-0.3433577222409519,2.5592444128802655e-27,0.08443565126117022,0.009715823383692103,1.3050192884000133e-26,0.024144977754115792,0.2589220709797817
dim 28,28,0.5819366488455487,Polarizability_T13,0.10546516160431585,0.001224771404397776,0.10398995584135036,0.0014347051153339092,0.0018418444352492447,0.004563728652585959,0.0014752057629654897
dim 28,28,0.5819366488455487,Polarizability_T23,0.24129569072040832,7.035023114894767e-14,-0.20383209630715712,3.0289334398425606e-10,2.0326104847533325e-13,3.338824319826453e-09,0.0374635944132512
dim 28,28,0.5819366488455487,Polarizability_group1_D0,0.106779637285467,0.0010619675016510493,-0.04581569311098621,0.16112346748151476,0.0016064182316641777,0.2548069987633803,0.06096394417448078
dim 28,28,0.5819366488455487,Polarizability_group1_D25,0.256330454977243,1.5939538160785043e-15,-0.04796170877910539,0.14237216429628924,5.0558459123477726e-15,0.23139806751805647,0.2083687461981376
dim 28,28,0.5819366488455487,Polarizability_group1_D50,0.23504320166454637,3.157445346009519e-13,0.010160001922807745,0.7561084074770866,8.637074083269282e-13,0.8323671987387835,0.22488319974173862
dim 28,28,0.5819366488455487,Polarizability_group1_D75,0.24896709505157946,1.0511909004120553e-14,0.09184217809441896,0.004900136420256619,3.2181279627646784e-14,0.013371287290569531,0.15712491695716052
dim 28,28,0.5819366488455487,Polarizability_group1_D100,-0.03730460362514328,0.25395994267381344,0.012314047932671993,0.7065825811724148,0.27893002582391874,0.7975619537397314,0.02499055569247129
dim 28,28,0.5819366488455487,Polarizability_group2_D0,0.02754663701343696,0.3996483883574064,-0.047621077376155944,0.14523139505507926,0.43170298095528375,0.23478841214131882,-0.020074440362718986
dim 28,28,0.5819366488455487,Polarizability_group2_D25,-0.2068734887584506,1.623198584556154e-10,0.01961178841556959,0.5487847846381301,3.812576140940615e-10,0.6660396732163352,0.187261700342881
dim 28,28,0.5819366488455487,Polarizability_group2_D50,-0.2509612717823112,6.344887369570943e-15,0.005757999879634779,0.8602773006377414,1.9567796689166155e-14,0.9141985950143354,0.24520327190267643
dim 28,28,0.5819366488455487,Polarizability_group2_D75,-0.15448477510346367,2.0232681714241306e-06,-0.08858473047395107,0.0066609711687020574,3.7964694902003352e-06,0.017531634124085795,0.0659000446295126
dim 28,28,0.5819366488455487,Polarizability_group2_D100,-0.04965780449581591,0.12877354051896267,0.009807585421083058,0.7643136013876173,0.1488312023803118,0.8386139792511765,0.03985021907473285
dim 28,28,0.5819366488455487,Polarizability_group3_D0,-0.13406240253060528,3.8411822829818945e-05,0.008490606640304828,0.7952039009478932,6.351261794633429e-05,0.8627315943735764,0.12557179589030046
dim 28,28,0.5819366488455487,Polarizability_group3_D25,-0.08694798655937183,0.007744525592830296,0.06528565336740101,0.0457288388462212,0.010203832536510133,0.08808207713170635,0.02166233319197082
dim 28,28,0.5819366488455487,Polarizability_group3_D50,-0.09592803539893993,0.0032899490237376585,-0.012611082520517071,0.6998440324037226,0.00465217177785088,0.792903347431626,0.08331695287842286
dim 28,28,0.5819366488455487,Polarizability_group3_D75,-0.09989040650491723,0.0022040120904824397,-0.026802095445236967,0.4125146538955926,0.0031964395927969384,0.5502391948926834,0.07308831105968026
dim 28,28,0.5819366488455487,Polarizability_group3_D100,0.08162576737931919,0.012439031254094093,-0.01935410342935271,0.5540498066986359,0.015948700341141753,0.6699950595124706,0.06227166394996648
dim 28,28,0.5819366488455487,Charge_C1,0.2355519917225949,2.7987743795367287e-13,-0.09693289483820766,0.0029760965413574586,7.700087666929715e-13,0.008651142252509932,0.13861909688438723
dim 28,28,0.5819366488455487,Charge_C2,-0.349060630563519,3.0913770352541182e-28,0.1036067789927542,0.0014944076052533358,1.6843718267126844e-27,0.004726630115100512,0.2454538515707648
dim 28,28,0.5819366488455487,Charge_C3,0.3481899940041449,4.2807718279073135e-28,-0.0732554360361534,0.024935378101673105,2.3098187245897294e-27,0.05415095114407553,0.2749345579679915
dim 28,28,0.5819366488455487,Charge_T12,0.17056522406041486,1.4992977634596055e-07,-0.08631058956993556,0.008207461744148941,2.970139104362445e-07,0.020909933047641088,0.08425463449047929
dim 28,28,0.5819366488455487,Charge_T13,0.27415814902370167,1.2836209371918462e-17,-0.12312094450761132,0.00015800373842917855,4.768958765540341e-17,0.0006523269299795506,0.15103720451609035
dim 28,28,0.5819366488455487,Charge_T23,0.35050335288991025,1.7984922682547899e-28,-0.022718872451598166,0.48730828280211685,9.945304927104301e-28,0.6146562177337879,0.3277844804383121
dim 28,28,0.5819366488455487,Charge_group1_D0,0.01260197363935396,0.7000503300941294,0.08275255620008469,0.011274958300723927,0.7250133651207418,0.027387898708667573,-0.07015058256073073
dim 28,28,0.5819366488455487,Charge_group1_D25,-0.12442093046464159,0.00013435072726562306,0.011952827794076002,0.7148082459531362,0.00021677846814839664,0.8013093957509637,0.11246810267056559
dim 28,28,0.5819366488455487,Charge_group1_D50,-0.01886261554774316,0.564159820181807,0.02454142037482718,0.45305339691207985,0.5955416559441326,0.5851501723458417,-0.005678804827084022
dim 28,28,0.5819366488455487,Charge_group1_D75,-0.11658191950163459,0.0003488082432391485,-0.03422951651097803,0.2952429569326764,0.0005438933391310719,0.4237694353911212,0.08235240299065655
dim 28,28,0.5819366488455487,Charge_group1_D100,0.041044720941375165,0.20938821210278372,-0.0315818105734592,0.33420230626613423,0.2335080562348239,0.4676312119517756,0.009462910367915967
dim 28,28,0.5819366488455487,Charge_group2_D0,0.00023394847596156995,0.9942938094578903,-0.017898158918447565,0.5842528097214271,0.9951876906171272,0.6953534188448026,-0.017664210442485995
dim 28,28,0.5819366488455487,Charge_group2_D25,0.21610659069080104,2.3022449842079793e-11,0.100486270605588,0.002072631732377284,5.670721421279241e-11,0.006293263623763754,0.11562032008521304
dim 28,28,0.5819366488455487,Charge_group2_D50,0.04988641008992954,0.12702044458353673,0.07869931655405492,0.01597245897371803,0.14715032550082197,0.0365147248269803,-0.028812906464125376
dim 28,28,0.5819366488455487,Charge_group2_D75,0.09482386715499712,0.0036692968176635123,0.10895821613694646,0.0008354963561168122,0.00514286671044739,0.0027794400691535386,-0.014134348981949346
dim 28,28,0.5819366488455487,Charge_group2_D100,-0.14930749769571194,4.432005934962134e-06,0.035313527657510384,0.2802058435067693,7.954271801597812e-06,0.40479563897604215,0.11399397003820155
dim 28,28,0.5819366488455487,Charge_group3_D0,-0.024362351660758723,0.45635770468845166,-0.06895653132153096,0.034816534406046575,0.4888501390825621,0.07095010672129076,-0.04459417966077223
dim 28,28,0.5819366488455487,Charge_group3_D25,-0.26187675407433975,3.6975255364350173e-16,-0.11656176997443979,0.0003496390675141264,1.230053315905673e-15,0.0012961093068781155,0.14531498409989996
dim 28,28,0.5819366488455487,Charge_group3_D50,-0.061752155636283085,0.05881925216968235,-0.07327984701492374,0.02488703801466678,0.07110253429125553,0.05408113660962072,-0.011527691378640653
dim 28,28,0.5819366488455487,Charge_group3_D75,-0.04884451715213278,0.13516283222782075,-0.1156512424849987,0.00038917033583088273,0.15529544535291412,0.0014128575235599439,-0.06680672533286591
dim 28,28,0.5819366488455487,Charge_group3_D100,0.13683009443194516,2.638413162556482e-05,-0.020694663056968442,0.5269326905192031,4.412769135172083e-05,0.6491904044021167,0.11613543137497671
dim 28,28,0.5819366488455487,SecondaryStructure_C1,0.41891721263265647,4.1051900289020004e-41,0.0005597510336799762,0.9863477733203289,4.339029967257178e-40,0.9913937896147753,0.41835746159897647
dim 28,28,0.5819366488455487,SecondaryStructure_C2,-0.20615962439700525,1.8807732024378102e-10,-0.05356390416726848,0.10129591116633027,4.402090046350586e-10,0.17529965973862338,0.15259572022973678
dim 28,28,0.5819366488455487,SecondaryStructure_C3,-0.4205718093925296,1.8591405007858632e-41,0.04379756565805695,0.18040254364348965,2.0160809326703843e-40,0.27831154538995634,0.37677424373447266
dim 28,28,0.5819366488455487,SecondaryStructure_T12,0.27228988250811,2.164347525989114e-17,-0.10116651161001272,0.0019314389597782664,7.815049445193125e-17,0.005918354243724229,0.17112337089809726
dim 28,28,0.5819366488455487,SecondaryStructure_T13,0.2667989771990684,9.817844484988027e-17,0.014093303424169566,0.6665789144746259,3.3529243946687126e-16,0.7687754055059567,0.25270567377489883
dim 28,28,0.5819366488455487,SecondaryStructure_T23,-0.36045060398211054,3.975200919059097e-30,0.06592470717106509,0.043644757248224385,2.4541905858886105e-29,0.0849991190723437,0.29452589681104546
dim 28,28,0.5819366488455487,SecondaryStructure_group1_D0,-0.0872748334482155,0.007516320520919839,-0.05137507941859528,0.11605419622853053,0.009930581700898838,0.19658181665648106,0.03589975402962022
dim 28,28,0.5819366488455487,SecondaryStructure_group1_D25,0.045387564888395585,0.1650777054162331,0.018242403080838125,0.5770429193408699,0.1861443403410596,0.6893850595635856,0.02714516180755746
dim 28,28,0.5819366488455487,SecondaryStructure_group1_D50,0.1482869605890658,5.157049169699632e-06,0.03767549606270499,0.2492661343308575,9.166867603404349e-06,0.36483299240362144,0.11061146452636081
dim 28,28,0.5819366488455487,SecondaryStructure_group1_D75,0.19389344031881176,2.1756127955048228e-09,0.07168165989715224,0.02822805877750801,4.812282607275568e-09,0.05989943857488993,0.12221178042165952
dim 28,28,0.5819366488455487,SecondaryStructure_group1_D100,0.1489416101910352,4.679955392408543e-06,-0.003135964847035595,0.9236274662149923,8.367800326897502e-06,0.9582392354715665,0.1458056453439996
dim 28,28,0.5819366488455487,SecondaryStructure_group2_D0,-0.07979068040435859,0.014563120285723619,-0.007219393530413362,0.8253285140928266,0.01848757953413793,0.8846343727261393,0.07257128687394523
dim 28,28,0.5819366488455487,SecondaryStructure_group2_D25,0.06957706625543056,0.03321094387421117,0.022280518852451265,0.4957506450793892,0.04126657460560466,0.6215492321941292,0.0472965474029793
dim 28,28,0.5819366488455487,SecondaryStructure_group2_D50,-0.0028198566186290876,0.9313058043315524,0.04429937013278191,0.17545612549253614,0.9451721016309284,0.2726958860609915,-0.04147951351415282
dim 28,28,0.5819366488455487,SecondaryStructure_group2_D75,-0.17812868289055328,4.0357764107479224e-08,-0.039091565991870136,0.2319033348457875,8.330959957909803e-08,0.3436367073579993,0.13903711689868314
dim 28,28,0.5819366488455487,SecondaryStructure_group2_D100,-0.10131672988342562,0.001901472604325356,-0.049812933387504726,0.12758187773480043,0.002784269398705256,0.21210725317781656,0.05150379649592089
dim 28,28,0.5819366488455487,SecondaryStructure_group3_D0,0.0328832297187477,0.31465666179686735,-0.11923063422683342,0.0002543023646825772,0.3422185771414969,0.0009842061390959533,-0.08634740450808571
dim 28,28,0.5819366488455487,SecondaryStructure_group3_D25,-0.000432237831169017,0.9894575899591753,-0.04743778575724686,0.14678799143949506,0.990643989947136,0.23661770820845246,-0.04700554792607784
dim 28,28,0.5819366488455487,SecondaryStructure_group3_D50,-0.1702549658986141,1.5803016521302909e-07,-0.07595615267793648,0.02005546197502631,3.128753715539521e-07,0.04465682866439192,0.09429881322067762
dim 28,28,0.5819366488455487,SecondaryStructure_group3_D75,-0.09065956080134714,0.005483841328908318,-0.06696882222844286,0.0404121821467147,0.007442515253374149,0.08000989233552289,0.023690738572904282
dim 28,28,0.5819366488455487,SecondaryStructure_group3_D100,-0.0925485750099478,0.004578849076200452,0.025044633115014436,0.44384030906641064,0.0063072866662690465,0.5783950964813935,0.06750394189493336
dim 28,28,0.5819366488455487,SolventAccessibility_C1,0.1962549041360322,1.3744446720011935e-09,0.19564490217068425,1.5484154587566697e-09,3.095512612598777e-09,1.4861228828296772e-08,0.0006100019653479394
dim 28,28,0.5819366488455487,SolventAccessibility_C2,0.33260670610487775,1.223289836397549e-25,-0.1459853878710504,7.231043536548618e-06,5.71438888610883e-25,3.992014117697915e-05,0.18662131823382735
dim 28,28,0.5819366488455487,SolventAccessibility_C3,-0.4976671657382588,8.675537142440519e-60,-0.048998895369343015,0.13393157259180005,1.5250681081974386e-58,0.21969670023632887,0.44866827036891577
dim 28,28,0.5819366488455487,SolventAccessibility_T12,0.45991577107782217,3.1697474708580753e-50,0.005438740325532388,0.8679513058665826,4.467070275386486e-49,0.9194282783363101,0.4544770307522898
dim 28,28,0.5819366488455487,SolventAccessibility_T13,-0.32372115835947024,2.6671915411805834e-24,0.045326525272272294,0.16564736371788905,1.1830570713868724e-23,0.26084969109747735,0.2783946330871979
dim 28,28,0.5819366488455487,SolventAccessibility_T23,-0.08403013534404893,0.01007281468761317,-0.1236383389631948,0.00014815598159275298,0.013009745188177876,0.0006177789994004931,-0.03960820361914587
dim 28,28,0.5819366488455487,SolventAccessibility_group1_D0,-0.006481009721279747,0.8429481083180982,-0.05250852576270747,0.10821404221160703,0.8668247172975516,0.1852562280813775,-0.04602751604142772
dim 28,28,0.5819366488455487,SolventAccessibility_group1_D25,0.19432270604563434,2.002210161599232e-09,0.028754030336140934,0.37930322850265097,4.47017509341005e-09,0.5160377935636881,0.1655686757094934
dim 28,28,0.5819366488455487,SolventAccessibility_group1_D50,0.22891864291150918,1.3186659010990982e-12,0.03179210240934944,0.3309921339768958,3.4142202400550293e-12,0.4643064794132012,0.19712654050215975
dim 28,28,0.5819366488455487,SolventAccessibility_group1_D75,0.2001893961941637,6.313614020909484e-10,0.013336711434561539,0.6834821904680479,1.4433587152524076e-09,0.7809888868160384,0.18685268475960218
dim 28,28,0.5819366488455487,SolventAccessibility_group1_D100,-0.018796566334071813,0.5655251973877581,0.0031038657525050504,0.9244068483268703,0.5967943631200986,0.9585591038223368,0.015692700581566764
dim 28,28,0.5819366488455487,SolventAccessibility_group2_D0,-0.0037272434155039796,0.9092847881059418,-0.030557148033615207,0.3501296596029298,0.9270485934901849,0.48443788859725995,-0.026829904618111227
dim 28,28,0.5819366488455487,SolventAccessibility_group2_D25,-0.4140841143505704,4.048409823873139e-40,-0.08125131874590838,0.012848743099865433,3.777008047971029e-39,0.030435205998910666,0.33283279560466206
dim 28,28,0.5819366488455487,SolventAccessibility_group2_D50,-0.23666098341090133,2.149802326013976e-13,-0.08022104811590952,0.014038195330247742,5.993605817100735e-13,0.03283443445590158,0.1564399352949918
dim 28,28,0.5819366488455487,SolventAccessibility_group2_D75,-0.25852341921791466,8.982190760957345e-16,-0.0818902264097806,0.012156669748754286,2.9014039788779044e-15,0.02906462201921211,0.17663319280813405
dim 28,28,0.5819366488455487,SolventAccessibility_group2_D100,0.19232318570428056,2.94330099253781e-09,-0.0022971533908485425,0.9440160557092818,6.425245303971428e-09,0.9688025746611652,0.19002603231343201
dim 28,28,0.5819366488455487,SolventAccessibility_group3_D0,-0.1752634156957939,6.679778110904674e-08,-0.01738460926632296,0.5950857627270433,1.3595648318355644e-07,0.7045680423638159,0.15787880642947094
dim 28,28,0.5819366488455487,SolventAccessibility_group3_D25,0.05811454456055221,0.0753971301473322,0.07097319607811943,0.02982838539592571,0.08939524838199842,0.06250113376561599,-0.012858651517567217
dim 28,28,0.5819366488455487,SolventAccessibility_group3_D50,-0.07508825180481703,0.02152407276953537,0.0072987815644104115,0.8234391806161094,0.027026467312123364,0.8834843762472873,0.06778947024040662
dim 28,28,0.5819366488455487,SolventAccessibility_group3_D75,0.1040848320397513,0.001420265542155967,0.08840775544488598,0.006771184220927967,0.0021234050630263785,0.017779681837971233,0.015677076594865322
dim 28,28,0.5819366488455487,SolventAccessibility_group3_D100,-0.17553405688222368,6.371538048958503e-08,-0.012372761898787095,0.7052487497479292,1.2992025081514895e-07,0.7970479946593951,0.1631612949834366
dim 12,12,0.5444081846219189,AAC_A,-0.029659919136702642,0.3644643177570958,0.18427306680567604,1.3322351938391659e-08,0.39433457120463233,1.1351187620976566e-07,-0.15461314766897338
dim 12,12,0.5444081846219189,AAC_C,-0.061630711411332244,0.059319379612833144,0.01743005738079854,0.5941233842773713,0.0716552361326809,0.704427441777217,0.044200654030533706
dim 12,12,0.5444081846219189,AAC_D,0.22892020302479457,1.318192645671809e-12,0.05741774093014489,0.0789712657948543,3.4142202400550293e-12,0.1413526408117971,0.1715024620946497
dim 12,12,0.5444081846219189,AAC_E,0.3369980605056672,2.5677461516934952e-26,-0.13359318110605745,4.0907966223481555e-05,1.2555440300152056e-25,0.00019602956554724303,0.20340487939960977
dim 12,12,0.5444081846219189,AAC_F,0.11930450177918876,0.00025204771491442224,-0.030566822444110672,0.34997706756843994,0.00039935453881127623,0.48443788859725995,0.08873767933507809
dim 12,12,0.5444081846219189,AAC_G,-0.10559949050723841,0.0012071357811098435,0.11385646637067443,0.00047958553702073906,0.0018177788588398906,0.0016825795101357863,-0.008256975863436017
dim 12,12,0.5444081846219189,AAC_H,0.3821059990606808,6.122536069087521e-34,0.06366656210836633,0.051386516864589206,4.504244597082009e-33,0.09702146202811078,0.31843943695231447
dim 12,12,0.5444081846219189,AAC_I,0.1782717580104922,3.9346503883449235e-08,-0.08761032167885416,0.007288361120819766,8.132260084821809e-08,0.018914627928156968,0.09066143633163803
dim 12,12,0.5444081846219189,AAC_K,0.2798326689539515,2.5613257275076702e-18,-0.09011466385196551,0.005773299051442074,1.0017362915545222e-17,0.01542625506545322,0.18971800510198597
dim 12,12,0.5444081846219189,AAC_L,0.2775256637651813,4.954669432036455e-18,-0.006355455993366047,0.8459521997763851,1.910923314434383e-17,0.902997873842482,0.2711702077718152
dim 12,12,0.5444081846219189,AAC_M,0.16023217728253109,8.2179002754224e-07,-0.1073002864098952,0.0010031999042242978,1.5738409931141523e-06,0.0032966152657684013,0.05293189087263589
dim 12,12,0.5444081846219189,AAC_N,-0.0365014314695785,0.26433398931597113,-0.0575687704457036,0.07818512674361273,0.2897523873696566,0.1400205486990169,-0.021067338976125095
dim 12,12,0.5444081846219189,AAC_P,-0.41259554388033826,8.131255925476242e-40,-0.02491156010537249,0.44626623729975196,7.184760526743557e-39,0.5811030146515288,0.38768398377496577
dim 12,12,0.5444081846219189,AAC_Q,0.05034500619574686,0.12355960125189808,-0.05051373323045054,0.12230493976058673,0.14324507746662254,0.2052756275378692,-0.0001687270347036779
dim 12,12,0.5444081846219189,AAC_R,-0.09038514216856702,0.0056279405267039735,0.021994301442018402,0.5013047534150148,0.00761641870307588,0.6273284153502164,0.06839084072654862
dim 12,12,0.5444081846219189,AAC_S,-0.42743809419614,6.622478610726779e-43,-0.03851430006820862,0.23887493146259106,7.899670914224087e-42,0.35147236611676397,0.3889237941279314
dim 12,12,0.5444081846219189,AAC_T,-0.42991442588570744,1.951805962724116e-43,0.002616411561273462,0.936250952869812,2.344975509172139e-42,0.9653233566462641,0.427298014324434
dim 12,12,0.5444081846219189,AAC_V,0.05533628059451208,0.09047356668254998,0.05806103977213241,0.07566681767003668,0.1063645592114456,0.1360943301119669,-0.0027247591776203284
dim 12,12,0.5444081846219189,AAC_W,-0.12076180451974367,0.00021121799071050165,-0.010568478587193043,0.7466322845515715,0.00033657828672379556,0.8243506873977998,0.11019332593255063
dim 12,12,0.5444081846219189,AAC_Y,0.021679422321148854,0.507452853071277,-0.0619382457792708,0.058059687447679885,0.5396028428074069,0.10827434733403173,-0.04025882345812194
dim 12,12,0.5444081846219189,Hydrophobicity_C1,0.3437818848864196,2.1902275831529535e-27,-0.12849112745289934,8.003933795453214e-05,1.1237112331383818e-26,0.0003588340788834058,0.21529075743352025
dim 12,12,0.5444081846219189,Hydrophobicity_C2,-0.3891235914979961,3.078421317819779e-35,0.11711139245519848,0.00032762610925354384,2.374579030373686e-34,0.0012281382771120498,0.2720121990427976
dim 12,12,0.5444081846219189,Hydrophobicity_C3,0.3496765688925514,2.453973114518967e-28,-0.06296477644399275,0.054014565910311715,1.3414517516355727e-27,0.10158144715114929,0.28671179244855866
dim 12,12,0.5444081846219189,Hydrophobicity_T12,0.08632995338662278,0.008193041598248274,0.004594494431025787,0.8883024207082914,0.01075236107589361,0.9347605813376475,0.08173545895559699
dim 12,12,0.5444081846219189,Hydrophobicity_T13,0.38440613665554224,2.3161404011436406e-34,-0.06988053058830287,0.03244906524603505,1.738406503330283e-33,0.06685988767535908,0.31452560606723934
dim 12,12,0.5444081846219189,Hydrophobicity_T23,-0.09727369079973149,0.00287601213499518,0.12423380085835221,0.0001375371416438322,0.004106832206448867,0.0005792863216776792,-0.02696011005862073
dim 12,12,0.5444081846219189,Hydrophobicity_group1_D0,-0.0017704663725532695,0.9568375802515239,-0.027598514204980377,0.39876098142217936,0.965509824181296,0.5361761988526889,-0.025828047832427106
dim 12,12,0.5444081846219189,Hydrophobicity_group1_D25,-0.4149353804753636,2.712649285264548e-40,-0.08060548087009423,0.013583470795192377,2.596059774436559e-39,0.031994917105742274,0.3343298996052694
dim 12,12,0.5444081846219189,Hydrophobicity_group1_D50,-0.23401073692722094,4.029280704703259e-13,-0.07490208959402334,0.021850990342565095,1.0879383632747683e-12,0.04830066693856215,0.1591086473331976
dim 12,12,0.5444081846219189,Hydrophobicity_group1_D75,-0.25650321230781625,1.5238359689034481e-15,-0.07748650563721476,0.01767779882184854,4.838034349940605e-15,0.0398406532152322,0.1790167066706015
dim 12,12,0.5444081846219189,Hydrophobicity_group1_D100,0.19478982645643836,1.8287886194567468e-09,0.0005898159498253978,0.9856145727512179,4.099432207372842e-09,0.9909550490635364,0.19420001050661295
dim 12,12,0.5444081846219189,Hydrophobicity_group2_D0,0.1441415997780227,9.445133470974404e-06,-0.02310261863364056,0.47998172000764006,1.6413499372036686e-05,0.6081710716333527,0.12103898114438215
dim 12,12,0.5444081846219189,Hydrophobicity_group2_D25,0.3597310476147111,5.2614091439334345e-30,0.0411237911498715,0.20851124218134046,3.218517681453786e-29,0.31356485767027337,0.31860725646483956
dim 12,12,0.5444081846219189,Hydrophobicity_group2_D50,0.14744324087457786,5.840803484273266e-06,-0.028429651548474044,0.3847056840825402,1.0305485281285107e-05,0.5216877729742933,0.11901358932610381
dim 12,12,0.5444081846219189,Hydrophobicity_group2_D75,0.23379303750105088,4.2412212619016823e-13,0.08788766071350444,0.007104610953057309,1.141588692569224e-12,0.018509672841818575,0.14590537678754645
dim 12,12,0.5444081846219189,Hydrophobicity_group2_D100,-0.10364499615793914,0.001488352021028185,0.03130035075282767,0.33853013511078833,0.0022192391742116685,0.47151403305672773,0.07234464540511146
dim 12,12,0.5444081846219189,Hydrophobicity_group3_D0,-0.26593776613355213,1.2406403874170483e-16,-0.014960269879395026,0.647415914701479,4.2025749431774256e-16,0.7525652911049467,0.2509774962541571
dim 12,12,0.5444081846219189,Hydrophobicity_group3_D25,-0.248652806460742,1.1377887979557068e-14,0.08685231621203614,0.007812485493177354,3.476866043158336e-14,0.019995173599396447,0.16180049024870585
dim 12,12,0.5444081846219189,Hydrophobicity_group3_D50,-0.08593564379913446,0.008491188893849583,0.10261932496608477,0.0016589493742465483,0.011087009736300862,0.005188100102980779,-0.016683681166950307
dim 12,12,0.5444081846219189,Hydrophobicity_group3_D75,-0.03474397441507089,0.28804052423920684,0.0038528548544837023,0.906241462404345,0.314397173515997,0.9466998125545403,0.03089111956058719
dim 12,12,0.5444081846219189,Hydrophobicity_group3_D100,-0.06297417737137959,0.053978634887016805,-0.04327886439700592,0.18562344445496634,0.06575078064282863,0.28478746186476234,0.019695312974373665
dim 12,12,0.5444081846219189,NormVanDerWaalsVolume_C1,-0.3812043790250303,8.94327211441415e-34,0.12376281570191092,0.00014587442384733914,6.521949533219054e-33,0.0006105520998121713,0.2574415633231194
dim 12,12,0.5444081846219189,NormVanDerWaalsVolume_C2,0.35436534546546994,4.160480434086716e-29,-0.11401058079877303,0.00047111403132423966,2.4083196966810454e-28,0.0016615848623262519,0.24035476466669692
dim 12,12,0.5444081846219189,NormVanDerWaalsVolume_C3,0.2999111021832276,6.289345876704887e-21,-0.08764227611260393,0.007266974953431239,2.574315591690481e-20,0.018873791869720324,0.21226882607062364
dim 12,12,0.5444081846219189,NormVanDerWaalsVolume_T12,-0.14441725961315752,9.077247565404288e-06,0.05029629074433715,0.12392371146397338,1.5782408572852846e-05,0.2075753241171871,0.09412096886882038
dim 12,12,0.5444081846219189,NormVanDerWaalsVolume_T13,0.05952414833732994,0.06856975340077635,0.06292258148461573,0.05417608366081531,0.08173553760121093,0.10171338922266618,-0.003398433147285787
dim 12,12,0.5444081846219189,NormVanDerWaalsVolume_T23,0.2809877289123782,1.8364404600712217e-18,-0.1690327660519395,1.9424866511964296e-07,7.207651159386463e-18,1.3687564166658386e-06,0.11195496286043871
dim 12,12,0.5444081846219189,NormVanDerWaalsVolume_group1_D0,0.13503697999669922,3.368096320415044e-05,-0.03830543202337794,0.24143342503764742,5.6134938673584073e-05,0.3547679892766134,0.09673154797332129
dim 12,12,0.5444081846219189,NormVanDerWaalsVolume_group1_D25,0.27729789982002095,5.286376027833317e-18,-0.008712555883738551,0.7899740128225671,2.0365047212183713e-17,0.8586115206076713,0.2685853439362824
dim 12,12,0.5444081846219189,NormVanDerWaalsVolume_group1_D50,0.09816467029659003,0.0026286748269559114,-0.015884277240810356,0.627246146762188,0.003769761237455021,0.73457297692346,0.08228039305577967
dim 12,12,0.5444081846219189,NormVanDerWaalsVolume_group1_D75,0.2042126172202012,2.802998843246526e-10,0.06146852189288687,0.05999279267832075,6.496888366719914e-10,0.1111400400600224,0.14274409532731433
dim 12,12,0.5444081846219189,NormVanDerWaalsVolume_group1_D100,-0.1224087159986572,0.00017256905279761943,-0.0046824907806052125,0.88617753684523,0.00027670697856171337,0.9339958892594094,0.11772622521805198
dim 12,12,0.5444081846219189,NormVanDerWaalsVolume_group2_D0,-0.044328638034260334,0.17517077311641266,-0.02031336152537377,0.5345763897994187,0.19692708926584257,0.656187115740558,0.024015276508886563
dim 12,12,0.5444081846219189,NormVanDerWaalsVolume_group2_D25,-0.27567835421085823,8.365963620827469e-18,0.003697161981774473,0.9100138029075379,3.1466574880139356e-17,0.9492336357623912,0.27198119222908373
dim 12,12,0.5444081846219189,NormVanDerWaalsVolume_group2_D50,-0.03769800069294411,0.24898328937224548,0.0627724528280279,0.05475402619129562,0.2738242299977938,0.10268301374448477,-0.025074452135083795
dim 12,12,0.5444081846219189,NormVanDerWaalsVolume_group2_D75,-0.055097566285422,0.09187464516505103,-0.06175778673618485,0.05879614742061132,0.10797372091881438,0.10940341637038539,-0.006660220450762852
dim 12,12,0.5444081846219189,NormVanDerWaalsVolume_group2_D100,0.12144272497878886,0.00019434600772678013,0.019784096170557722,0.5452780006458454,0.00031028473508960114,0.6637130182788352,0.10165862880823114
dim 12,12,0.5444081846219189,NormVanDerWaalsVolume_group3_D0,-0.1375245372661141,2.3983857143967827e-05,0.0036201233964599216,0.9118811541422585,4.019371944849601e-05,0.9505877199859998,0.13390441386965418
dim 12,12,0.5444081846219189,NormVanDerWaalsVolume_group3_D25,-0.08980440009053126,0.00594419426555931,0.06177807111857388,0.058712981707963074,0.008009538052038407,0.1093095646067986,0.02802632897195738
dim 12,12,0.5444081846219189,NormVanDerWaalsVolume_group3_D50,-0.09626689157372642,0.00318089843012938,-0.012669285744592584,0.6985263700189298,0.0045190135077125175,0.7919477514810678,0.08359760582913384
dim 12,12,0.5444081846219189,NormVanDerWaalsVolume_group3_D75,-0.0969284261776485,0.0029774297085237373,-0.02143104343082579,0.5123302608935869,0.0042407740837822104,0.6358911450704497,0.07549738274682272
dim 12,12,0.5444081846219189,NormVanDerWaalsVolume_group3_D100,0.08205370060747454,0.01198497896456825,-0.019410796146660903,0.5528893454168832,0.015390169066381375,0.6693187436362413,0.06264290446081364
dim 12,12,0.5444081846219189,Polarity_C1,0.3413301719584533,5.3692821939956874e-27,-0.08687395993678762,0.007797064248807793,2.6927030822741134e-26,0.01997100812194634,0.2544562120216657
dim 12,12,0.5444081846219189,Polarity_C2,-0.40946312375802846,3.4876109087842165e-39,0.10955496010049388,0.0007817792420261908,2.9194537431928025e-38,0.002616375419205889,0.2999081636575346
dim 12,12,0.5444081846219189,Polarity_C3,0.3962295020695622,1.383355407638829e-36,-0.10299086293686849,0.0015951789969771842,1.0871546027091032e-35,0.005016852966011107,0.2932386391326937
dim 12,12,0.5444081846219189,Polarity_T12,-0.22627767030298124,2.4121093490941427e-12,0.11342194863952901,0.0005042404821716204,6.1499581877667455e-12,0.0017543366775554295,0.11285572166345223
dim 12,12,0.5444081846219189,Polarity_T13,0.42507682377408584,2.103088244203743e-42,-0.05563950699681559,0.08871865205711738,2.430558732055537e-41,0.15587601150487745,0.36943731677727026
dim 12,12,0.5444081846219189,Polarity_T23,-0.044756729274996784,0.1710364540144621,0.003398719364999884,0.9172504733918472,0.19260342427791752,0.9546951016294077,0.0413580099099969
dim 12,12,0.5444081846219189,Polarity_group1_D0,-0.18750049703482627,7.330196786341392e-09,0.0007849558744774878,0.9808559693778452,1.5524957049068008e-08,0.9879550475639334,0.18671554116034877
dim 12,12,0.5444081846219189,Polarity_group1_D25,-0.1898530403025525,4.710776095014801e-09,0.08271600059797385,0.011311152408428789,1.009236187129534e-08,0.027455849596040808,0.10713703970457866
dim 12,12,0.5444081846219189,Polarity_group1_D50,-0.08926676933610489,0.006251129286581757,0.06493879589230937,0.04689463998381775,0.008401920248363408,0.08960417479745499,0.024327973443795517
dim 12,12,0.5444081846219189,Polarity_group1_D75,-0.11383794884780452,0.00048061291760098575,-0.021759985780324956,0.5058760757760128,0.000738384151236105,0.6309283394667224,0.09207796306747956
dim 12,12,0.5444081846219189,Polarity_group1_D100,0.023835428067642647,0.46615893818970405,0.020171016748967038,0.5374441321996868,0.497852604918826,0.6580144433823144,0.0036644113186756096
dim 12,12,0.5444081846219189,Polarity_group2_D0,0.14904697720350676,4.607223688200719e-06,-0.023778917165918612,0.46721697407667995,8.242167712153403e-06,0.5956124784030958,0.12526806003758814
dim 12,12,0.5444081846219189,Polarity_group2_D25,0.3527496145888963,7.694864773470976e-29,0.028199167520062282,0.3885727441746297,4.4083787896042985e-28,0.5265042456564962,0.324550447068834
dim 12,12,0.5444081846219189,Polarity_group2_D50,0.23064716578502986,8.845351710624293e-13,0.046463322263611696,0.1552782457010345,2.331765960022505e-12,0.24743766251977822,0.18418384352141817
dim 12,12,0.5444081846219189,Polarity_group2_D75,0.26721295094366826,8.770662177961622e-17,0.11320669334222105,0.0005168865752626679,3.0014356223762105e-16,0.0017964632272396575,0.1540062576014472
dim 12,12,0.5444081846219189,Polarity_group2_D100,-0.06836348623349332,0.0364123799163804,0.018709189023714688,0.56733390324039,0.04507685282457766,0.680393262773035,0.04965429720977864
dim 12,12,0.5444081846219189,Polarity_group3_D0,-0.047705538976449316,0.14451837059452968,-0.04125174356817989,0.20709775412389556,0.16479732256255689,0.31211374637910416,0.0064537954082694235
dim 12,12,0.5444081846219189,Polarity_group3_D25,-0.45697551050924357,1.573226800358124e-49,-0.07481923001541606,0.0219978810508318,2.162377577446969e-48,0.048561085730190495,0.3821562804938275
dim 12,12,0.5444081846219189,Polarity_group3_D50,-0.2785118345645678,3.739860560056564e-18,-0.06497384432633525,0.046775718082107114,1.4474083743440238e-17,0.08960417479745499,0.21353799023823256
dim 12,12,0.5444081846219189,Polarity_group3_D75,-0.24311159634482551,4.512255708555055e-14,-0.06412192048751493,0.04973912301619487,1.3127991347189796e-13,0.09439129026936979,0.17898967585731057
dim 12,12,0.5444081846219189,Polarity_group3_D100,0.17002858266428467,1.6420565580456822e-07,-0.0015274900023799982,0.962756492470431,3.2471692740512605e-07,0.9786965340846133,0.16850109266190466
dim 12,12,0.5444081846219189,Polarizability_C1,-0.3186765656906875,1.4668644575142827e-23,0.1406785764413439,1.5462304650180553e-05,6.338068936737004e-23,8.171534419557444e-05,0.17799798924934357
dim 12,12,0.5444081846219189,Polarizability_C2,0.22250376640726421,5.643134226688066e-12,-0.13079313784872373,5.9306159002540434e-05,1.417147993769785e-11,0.00027511468203956255,0.09171062855854048
dim 12,12,0.5444081846219189,Polarizability_C3,0.2999111021832276,6.289345876704887e-21,-0.08764227611260393,0.007266974953431239,2.574315591690481e-20,0.018873791869720324,0.21226882607062364
dim 12,12,0.5444081846219189,Polarizability_T12,-0.35115000677325275,1.409517439090417e-28,0.07312960395777045,0.025185848099108493,7.898973568057035e-28,0.054659345452256244,0.2780204028154823
dim 12,12,0.5444081846219189,Polarizability_T13,0.10196150141851484,0.0017776307947239547,0.09857164239630013,0.0025222925171520592,0.0026190061113268675,0.007481755779118896,0.0033898590222147112
dim 12,12,0.5444081846219189,Polarizability_T23,0.2529027358307576,3.864628758075524e-15,-0.18631529273810524,9.139686378152748e-09,1.19850139758331e-14,7.90843329094046e-08,0.06658744309265238
dim 12,12,0.5444081846219189,Polarizability_group1_D0,0.1118655504223445,0.0006025653380292826,-0.03842589557889642,0.23995548646538575,0.0009227731448958295,0.3527514633778118,0.07343965484344808
dim 12,12,0.5444081846219189,Polarizability_group1_D25,0.25694106819259316,1.3594230335410483e-15,-0.049276637841993175,0.13173824091934774,4.328382204029648e-15,0.2179325035515708,0.20766443035059998
dim 12,12,0.5444081846219189,Polarizability_group1_D50,0.2305446916333433,9.058061369659664e-13,0.0007358553885838603,0.9820532566033785,2.3859562282857475e-12,0.9885647610172646,0.22980883624475942
dim 12,12,0.5444081846219189,Polarizability_group1_D75,0.2437526139867987,3.854185075062881e-14,0.0821250798175265,0.011910687653303576,1.1262448075861788e-13,0.02870252291633041,0.16162753416927222
dim 12,12,0.5444081846219189,Polarizability_group1_D100,-0.042760148457920574,0.19095520848904488,0.0035494359084623558,0.9135949878252797,0.21416735942021822,0.9520771479988874,0.03921071254945822
dim 12,12,0.5444081846219189,Polarizability_group2_D0,0.03254634793241491,0.31964273606665744,-0.03994890318105942,0.22181750453812185,0.34741514430935105,0.330893463670088,-0.007402555248644506
dim 12,12,0.5444081846219189,Polarizability_group2_D25,-0.20447398481309376,2.6574211830877013e-10,0.025478059723241214,0.4359912514205173,6.163740799661751e-10,0.5717820170909574,0.17899592508985254
dim 12,12,0.5444081846219189,Polarizability_group2_D50,-0.24617661309318387,2.114775457215701e-14,0.016083142643224756,0.6229406602819152,6.323500471889383e-14,0.7300427387163497,0.23009347044995912
dim 12,12,0.5444081846219189,Polarizability_group2_D75,-0.14884643448597282,4.746595137365398e-06,-0.0790034950293575,0.015568098091843834,8.47787580684515e-06,0.03588505702329773,0.06984293945661532
dim 12,12,0.5444081846219189,Polarizability_group2_D100,-0.04993153224048038,0.1266766202381488,0.009797672817360902,0.7645447804849799,0.14680774170555758,0.8386139792511765,0.04013385942311948
dim 12,12,0.5444081846219189,Polarizability_group3_D0,-0.1375245372661141,2.3983857143967827e-05,0.0036201233964599216,0.9118811541422585,4.019371944849601e-05,0.9505877199859998,0.13390441386965418
dim 12,12,0.5444081846219189,Polarizability_group3_D25,-0.08980440009053126,0.00594419426555931,0.06177807111857388,0.058712981707963074,0.008009538052038407,0.1093095646067986,0.02802632897195738
dim 12,12,0.5444081846219189,Polarizability_group3_D50,-0.09626689157372642,0.00318089843012938,-0.012669285744592584,0.6985263700189298,0.0045190135077125175,0.7919477514810678,0.08359760582913384
dim 12,12,0.5444081846219189,Polarizability_group3_D75,-0.0969284261776485,0.0029774297085237373,-0.02143104343082579,0.5123302608935869,0.0042407740837822104,0.6358911450704497,0.07549738274682272
dim 12,12,0.5444081846219189,Polarizability_group3_D100,0.08205370060747454,0.01198497896456825,-0.019410796146660903,0.5528893454168832,0.015390169066381375,0.6693187436362413,0.06264290446081364
dim 12,12,0.5444081846219189,Charge_C1,0.24566615828806915,2.400996738153483e-14,-0.08156230883449156,0.012507642282641049,7.146925120194106e-14,0.029733469910335302,0.1641038494535776
dim 12,12,0.5444081846219189,Charge_C2,-0.3600760445578145,4.600132741849071e-30,0.08615574053959286,0.008323595260339668,2.8347681471911247e-29,0.021173502033156506,0.27392030401822165
dim 12,12,0.5444081846219189,Charge_C3,0.356926497894006,1.5582571962890874e-29,-0.06006136139790279,0.06610504517819535,9.244367736421938e-29,0.12045327381078694,0.2968651364961032
dim 12,12,0.5444081846219189,Charge_T12,0.17977366792455202,3.010766912623713e-08,-0.07244067731032282,0.026596048521001812,6.261495322642093e-08,0.05701591916569066,0.1073329906142292
dim 12,12,0.5444081846219189,Charge_T13,0.28257884979831466,1.1583077515325733e-18,-0.11097499546779599,0.0006665594573928755,4.567589008404717e-18,0.0022657351979237543,0.17160385433051867
dim 12,12,0.5444081846219189,Charge_T23,0.3578858864377699,1.0761311117789396e-29,-0.011766428778753337,0.7190659475950429,6.441358267637381e-29,0.8024324306606895,0.3461194576590166
dim 12,12,0.5444081846219189,Charge_group1_D0,0.013467447372478032,0.6805497353904096,0.08505903414196064,0.009188972363816867,0.7061311327132551,0.023024131804312332,-0.07159158676948262
dim 12,12,0.5444081846219189,Charge_group1_D25,-0.12488617797803697,0.00012672689241573082,0.012156025472467101,0.7101769094516709,0.00020487309809706725,0.7990681603670737,0.11273015250556986
dim 12,12,0.5444081846219189,Charge_group1_D50,-0.016503030661444103,0.6138922739606908,0.028907146296496235,0.3767693852185696,0.6411507801840861,0.5132176780709717,-0.012404115635052133
dim 12,12,0.5444081846219189,Charge_group1_D75,-0.11484088614202032,0.00042782165370014674,-0.030879973737525435,0.34506057569253173,0.0006609270690834829,0.4788769032514726,0.08396091240449488
dim 12,12,0.5444081846219189,Charge_group1_D100,0.04136779930602673,0.20582170439337416,-0.03167749714906503,0.3327391430122809,0.22970785396666318,0.46636539557743106,0.009690302156961698
dim 12,12,0.5444081846219189,Charge_group2_D0,0.005661237166863805,0.8626018183769986,-0.009005257574584159,0.7830914046629827,0.8851275187032795,0.8535381180209317,-0.0033440204077203536
dim 12,12,0.5444081846219189,Charge_group2_D25,0.2147799211422293,3.0649708154680686e-11,0.0978608297402612,0.0027107512298677324,7.428884269712154e-11,0.007962980745609697,0.1169190914019681
dim 12,12,0.5444081846219189,Charge_group2_D50,0.04549614214810851,0.16406803807911846,0.07189521124739769,0.027760400667821,0.1854440768813048,0.05905715810861283,-0.02639906909928918
dim 12,12,0.5444081846219189,Charge_group2_D75,0.09044377560775925,0.005596868265524198,0.10220387428585051,0.0017330248631926178,0.0075805109516832204,0.005384467947035668,-0.01176009867809126
dim 12,12,0.5444081846219189,Charge_group2_D100,-0.15359418895611274,2.319725762789019e-06,0.02940060656036402,0.36867451916191823,4.3308463095110805e-06,0.5050798123932003,0.12419358239574872
dim 12,12,0.5444081846219189,Charge_group3_D0,-0.02577263454632118,0.4307026215462226,-0.07193850547362099,0.027666407793617422,0.46374814827994304,0.058894711300626,-0.04616587092729981
dim 12,12,0.5444081846219189,Charge_group3_D25,-0.26006931146008977,5.975416142790549e-16,-0.112926883472385,0.0005337665519793693,1.9604999918389427e-15,0.001849357140675408,0.14714242798770477
dim 12,12,0.5444081846219189,Charge_group3_D50,-0.05870887286303827,0.07245381818976067,-0.06858989792317058,0.03579592424544615,0.08611948496576535,0.0725916132239163,-0.00988102506013231
dim 12,12,0.5444081846219189,Charge_group3_D75,-0.0454796243662754,0.16422133775944242,-0.11099072832890848,0.0006653761492332721,0.1854697107092311,0.0022653989178788264,-0.06551110396263307
dim 12,12,0.5444081846219189,Charge_group3_D100,0.14017884344174011,1.65864936121728e-05,-0.016163877818867613,0.6211963786832383,2.8322540217104883e-05,0.7287656848619655,0.12401496562287251
dim 12,12,0.5444081846219189,SecondaryStructure_C1,0.42637631882377613,1.1147327806494054e-42,0.011897736253568648,0.7160657244788614,1.3156210202717364e-41,0.8013093957509637,0.4144785825702075
dim 12,12,0.5444081846219189,SecondaryStructure_C2,-0.20956109743655965,9.278516152071729e-11,-0.058578036672461926,0.07309356854300286,2.2041425283015344e-10,0.13229231493588836,0.15098306076409773
dim 12,12,0.5444081846219189,SecondaryStructure_C3,-0.4282516531131016,4.4380482265303e-43,0.03227294807723012,0.32372696242575544,5.312932285523728e-42,0.45699410587574946,0.39597870503587146
dim 12,12,0.5444081846219189,SecondaryStructure_T12,0.27919245922747804,3.0779115942263985e-18,-0.09166126878334635,0.004985628350204359,1.1981613898270595e-17,0.013593468318108213,0.1875311904441317
dim 12,12,0.5444081846219189,SecondaryStructure_T13,0.2709105898683252,3.174726466923242e-17,0.019619327547102404,0.5486311170539149,1.1185217721016485e-16,0.6660396732163352,0.25129126232122284
dim 12,12,0.5444081846219189,SecondaryStructure_T23,-0.3678354278538644,2.1467027606172415e-31,0.0552566251553238,0.09093916538365944,1.3841674170775265e-30,0.15935824364187962,0.3125788026985406
dim 12,12,0.5444081846219189,SecondaryStructure_group1_D0,-0.08525675748197788,0.009027267961882628,-0.04797248226654729,0.14228244165195372,0.01174564666641526,0.2313648272237222,0.03728427521543059
dim 12,12,0.5444081846219189,SecondaryStructure_group1_D25,0.04738576679779503,0.14723207295291266,0.02149301907506812,0.5111109663190189,0.16754859409292275,0.6350857989231857,0.025892747722726907
dim 12,12,0.5444081846219189,SecondaryStructure_group1_D50,0.1510740183206312,3.401490863810667e-06,0.041812680894883,0.20098300501155772,6.214977836503078e-06,0.3047132259367239,0.1092613374257482
dim 12,12,0.5444081846219189,SecondaryStructure_group1_D75,0.19502213992021056,1.7480717668304624e-09,0.0730795431803049,0.02528609748903263,3.92640195105161e-09,0.05484127637231752,0.12194259673990565
dim 12,12,0.5444081846219189,SecondaryStructure_group1_D100,0.1515713428125624,3.1555627669700494e-06,0.00028520079752628155,0.9930437531022683,5.797348537777759e-06,0.9941946591209189,0.15128614201503612
dim 12,12,0.5444081846219189,SecondaryStructure_group2_D0,-0.07683713674334813,0.018654785762687767,-0.00178342458363044,0.9565219816428123,0.02352676799890808,0.9755063873853415,0.07505371215971769
dim 12,12,0.5444081846219189,SecondaryStructure_group2_D25,0.06817022323501565,0.0369457044286471,0.019695243836408114,0.547084924011933,0.04563559644662771,0.6647012172425814,0.04847497939860754
dim 12,12,0.5444081846219189,SecondaryStructure_group2_D50,-0.004029122762960759,0.901973153716718,0.04279351405039564,0.1906089002036374,0.920999796213341,0.29096605424138433,-0.03876439128743488
dim 12,12,0.5444081846219189,SecondaryStructure_group2_D75,-0.1794305676514251,3.201219595088297e-08,-0.04052495358886201,0.2152194119776917,6.649299407708278e-08,0.32220207799439277,0.13890561406256308
dim 12,12,0.5444081846219189,SecondaryStructure_group2_D100,-0.10521816403645008,0.0012578203924695993,-0.05625258189242885,0.08525418638915261,0.0018898426049700683,0.15050157639522713,0.04896558214402123
dim 12,12,0.5444081846219189,SecondaryStructure_group3_D0,0.03632182788029006,0.26669316546414423,-0.11499771863044365,0.0004200727304809463,0.29224251071202156,0.001508130818785736,-0.0786758907501536
dim 12,12,0.5444081846219189,SecondaryStructure_group3_D25,0.0006472210695327044,0.9842146540680143,-0.046163281463267244,0.15796598519460467,0.9859858861989106,0.2506443660569974,-0.04551606039373454
dim 12,12,0.5444081846219189,SecondaryStructure_group3_D50,-0.17251082766342804,1.0755679871743296e-07,-0.07947485506791968,0.014959253639300183,2.1575958421394958e-07,0.0346730792194744,0.09303597259550836
dim 12,12,0.5444081846219189,SecondaryStructure_group3_D75,-0.09125030065419226,0.005184863368871901,-0.06810382591415495,0.03713045941111234,0.0070683443477682255,0.07484353315215161,0.02314647474003731
dim 12,12,0.5444081846219189,SecondaryStructure_group3_D100,-0.09611875945781259,0.0032281591098767015,0.019925431546879903,0.5424098759722851,0.004576422507210604,0.6621496341544016,0.0761933279109327
dim 12,12,0.5444081846219189,SolventAccessibility_C1,0.19151874135314378,3.4328249299231193e-09,0.18854801129530752,6.024424971413998e-09,7.435561132258897e-09,5.2536760847317887e-08,0.0029707300578362683
dim 12,12,0.5444081846219189,SolventAccessibility_C2,0.3437818848864196,2.1902275831529535e-27,-0.12849112745289934,8.003933795453214e-05,1.1237112331383818e-26,0.0003588340788834058,0.21529075743352025
dim 12,12,0.5444081846219189,SolventAccessibility_C3,-0.5048063811804014,9.805532268360331e-62,-0.060212474120710506,0.06542503257281031,1.9494332009716376e-60,0.1194749091269472,0.44459390705969093
dim 12,12,0.5444081846219189,SolventAccessibility_T12,0.4667873157531571,7.051187525023537e-52,0.015728729420442275,0.6306226621650938,1.0467096148257161e-50,0.738009702744013,0.4510585863327148
dim 12,12,0.5444081846219189,SolventAccessibility_T13,-0.3343142249976794,6.68668208972541e-26,0.02856156309846732,0.38250308292763974,3.1655609656543788e-25,0.519544651068856,0.3057526618992121
dim 12,12,0.5444081846219189,SolventAccessibility_T23,-0.07971083413219954,0.014662387747647419,-0.11723090092178619,0.0003230142897579576,0.018599458821550466,0.0012176836656789822,-0.03752006678958665
dim 12,12,0.5444081846219189,SolventAccessibility_group1_D0,-0.0027017127732802924,0.9341772223193485,-0.04672312517562233,0.15297908019246081,0.9466480347532233,0.24435682823664231,-0.044021412402342044
dim 12,12,0.5444081846219189,SolventAccessibility_group1_D25,0.19854829090155385,8.750643689697973e-10,0.034989081343815565,0.28465097530836136,1.985540076330926e-09,0.40997596271234454,0.16355920955773828
dim 12,12,0.5444081846219189,SolventAccessibility_group1_D50,0.23028215647724581,9.626149951283365e-13,0.03290823925252197,0.31428855063556627,2.5296098219737558e-12,0.4465009609199453,0.19737391722472386
dim 12,12,0.5444081846219189,SolventAccessibility_group1_D75,0.19956810740577116,7.146415651299501e-10,0.011012329520942946,0.7363787536656532,1.6281738250573217e-09,0.816568737464569,0.18855577788482822
dim 12,12,0.5444081846219189,SolventAccessibility_group1_D100,-0.022386181759098973,0.4937085532532442,-0.0027517243131022365,0.9329616141597179,0.5253222580012219,0.9635410610060166,0.019634457445996737
dim 12,12,0.5444081846219189,SolventAccessibility_group2_D0,-0.0017704663725532695,0.9568375802515239,-0.027598514204980377,0.39876098142217936,0.965509824181296,0.5361761988526889,-0.025828047832427106
dim 12,12,0.5444081846219189,SolventAccessibility_group2_D25,-0.4149353804753636,2.712649285264548e-40,-0.08060548087009423,0.013583470795192377,2.596059774436559e-39,0.031994917105742274,0.3343298996052694
dim 12,12,0.5444081846219189,SolventAccessibility_group2_D50,-0.23401073692722094,4.029280704703259e-13,-0.07490208959402334,0.021850990342565095,1.0879383632747683e-12,0.04830066693856215,0.1591086473331976
dim 12,12,0.5444081846219189,SolventAccessibility_group2_D75,-0.25650321230781625,1.5238359689034481e-15,-0.07748650563721476,0.01767779882184854,4.838034349940605e-15,0.0398406532152322,0.1790167066706015
dim 12,12,0.5444081846219189,SolventAccessibility_group2_D100,0.19478982645643836,1.8287886194567468e-09,0.0005898159498253978,0.9856145727512179,4.099432207372842e-09,0.9909550490635364,0.19420001050661295
dim 12,12,0.5444081846219189,SolventAccessibility_group3_D0,-0.17461097590665808,7.483314666361492e-08,-0.015246011098262093,0.6411500269840535,1.519408570556072e-07,0.7477098778375485,0.159364964808396
dim 12,12,0.5444081846219189,SolventAccessibility_group3_D25,0.0546335294784209,0.0946479757365075,0.06554827226658598,0.04486246849449231,0.11111572546922147,0.0868641418965822,-0.01091474278816508
dim 12,12,0.5444081846219189,SolventAccessibility_group3_D50,-0.07835010978106312,0.01644802063847686,0.002400413733564504,0.9415039064823353,0.02082501475834447,0.9681690175931967,0.07594969604749861
dim 12,12,0.5444081846219189,SolventAccessibility_group3_D75,0.10222144431762466,0.0017298315894200792,0.08557290514735154,0.00877397927946244,0.0025553460896342614,0.022150484348756275,0.01664853917027312
dim 12,12,0.5444081846219189,SolventAccessibility_group3_D100,-0.18072541766466568,2.5381323878893898e-08,-0.02019292345072908,0.5370022879646241,5.295041958495042e-08,0.6577885714692926,0.16053249421393662
dim 49,49,0.5437813757927482,AAC_A,-0.01757141321948514,0.5911346811024181,0.20370262922900628,3.1097788491615003e-10,0.6208773065666907,3.4110534413874074e-09,-0.18613121600952115
dim 49,49,0.5437813757927482,AAC_C,-0.06249972608388439,0.05581706088888951,0.015685004728154067,0.6315731972403752,0.06771848288009116,0.7386045093777498,0.046814721355730324
dim 49,49,0.5437813757927482,AAC_D,0.22747585571249035,1.835756614181742e-12,0.05537196279314732,0.09026562047533991,4.709237397363302e-12,0.15826098288064844,0.17210389291934303
dim 49,49,0.5437813757927482,AAC_E,0.3332353620615394,9.798150443808069e-26,-0.13893883731236695,1.972152307321972e-05,4.6027879721967585e-25,0.0001024415039884197,0.19429652474917247
dim 49,49,0.5437813757927482,AAC_F,0.10936507934348808,0.0007985142561944096,-0.046874557093290664,0.1516509401477531,0.0012144980035015153,0.24281598278691055,0.06249052225019741
dim 49,49,0.5437813757927482,AAC_G,-0.10003556477411439,0.0021713226492497545,0.12242862102930284,0.00017214540416811292,0.0031517677742260667,0.0006994715935784636,-0.022393056255188448
dim 49,49,0.5437813757927482,AAC_H,0.38033094675236284,1.2895118352520299e-33,0.06137885759375161,0.06036778881807611,9.242423883566051e-33,0.11170549288220177,0.31895208915861123
dim 49,49,0.5437813757927482,AAC_I,0.16886133974387418,1.999293334609519e-07,-0.10295768953973158,0.001600779874254464,3.923407601407634e-07,0.005029731683922774,0.0659036502041426
dim 49,49,0.5437813757927482,AAC_K,0.27222045093199904,2.2066078569127744e-17,-0.10260972827153451,0.0016606271423274274,7.941886036733477e-17,0.005188488919900474,0.1696107226604645
dim 49,49,0.5437813757927482,AAC_L,0.27331793069712046,1.6244048023417652e-17,-0.012890269929796397,0.693531794086247,5.955556574996154e-17,0.7892320927591363,0.26042766076732404
dim 49,49,0.5437813757927482,AAC_M,0.15668750027293793,1.4379397487527878e-06,-0.11236782880630641,0.0005690389259256152,2.735033462889699e-06,0.0019593711470016024,0.044319671466631516
dim 49,49,0.5437813757927482,AAC_N,-0.04016344673406919,0.21934341155156814,-0.06349706983394154,0.052011239464297254,0.24322941387192484,0.09809008459105185,-0.02333362309987235
dim 49,49,0.5437813757927482,AAC_P,-0.40945453876156074,3.501482333948261e-39,-0.02023178900367245,0.536218843419654,2.9237377488467977e-38,0.6574783175556697,0.3892227497578883
dim 49,49,0.5437813757927482,AAC_Q,0.0512267792653485,0.11711216680224622,-0.04860660802813962,0.1370773746899247,0.1364810317932667,0.22410104330119848,0.002620171237208882
dim 49,49,0.5437813757927482,AAC_R,-0.08900750867273019,0.006404172317211814,0.023910842716151723,0.4647490447384895,0.008586887009027482,0.59359916230461,0.06509666595657847
dim 49,49,0.5437813757927482,AAC_S,-0.4261862990045149,1.2233719588711805e-42,-0.03745032973633108,0.25210844061797705,1.4387543459963882e-41,0.368669961324012,0.3887359692681838
dim 49,49,0.5437813757927482,AAC_T,-0.4250449306124285,2.136035514844425e-42,0.010637686337449036,0.7450304932552774,2.4601236619242686e-41,0.8231564166300451,0.41440724427497944
dim 49,49,0.5437813757927482,AAC_V,0.06059928680399836,0.06371056477743979,0.06672356159745575,0.04115270570571177,0.07648931932302261,0.08094819614668865,-0.006124274793457389
dim 49,49,0.5437813757927482,AAC_W,-0.11822585133943433,0.0002869076307881616,-0.0066179620557062484,0.839673886621425,0.0004520148522794621,0.8974434500209789,0.11160788928372808
dim 49,49,0.5437813757927482,AAC_Y,0.01813699206358673,0.5792462100177858,-0.06747555126346547,0.03891787886679405,0.6099250761221325,0.07774265276022256,-0.049338559199878736
dim 49,49,0.5437813757927482,Hydrophobicity_C1,0.33650762672093953,3.060658019868613e-26,-0.14068098698218373,1.5457061983049388e-05,1.4836861808942187e-25,8.171534419557444e-05,0.1958266397387558
dim 49,49,0.5437813757927482,Hydrophobicity_C2,-0.38001165326572295,1.4736799872223708e-33,0.13334238175395477,4.230441576599682e-05,1.0517288797698116e-32,0.00020185249808347055,0.24666927151176818
dim 49,49,0.5437813757927482,Hydrophobicity_C3,0.3404762414005497,7.323821139126175e-27,-0.07886038976622606,0.01575720167267638,3.6455383911596757e-26,0.03617117084999251,0.26161585163432366
dim 49,49,0.5437813757927482,Hydrophobicity_T12,0.08835690227529004,0.006803154784123252,0.008248787388107682,0.8009124641354213,0.00907087304549767,0.8671143047689812,0.08010811488718236
dim 49,49,0.5437813757927482,Hydrophobicity_T13,0.37637801870890736,6.663136358418158e-33,-0.08382359378478024,0.010259085896754852,4.6171940740905903e-32,0.025306755461714334,0.2925544249241271
dim 49,49,0.5437813757927482,Hydrophobicity_T23,-0.0941770485837798,0.0039095483048845045,0.12855548071519898,7.937668686554505e-05,0.005458984673208296,0.00035682117648845287,-0.03437843213141918
dim 49,49,0.5437813757927482,Hydrophobicity_group1_D0,-0.004404134667592397,0.892901838837208,-0.03185841732217247,0.32998395934654684,0.9131329276534828,0.46309084165699244,-0.027454282654580074
dim 49,49,0.5437813757927482,Hydrophobicity_group1_D25,-0.4156552070611018,1.93179517838553e-40,-0.08301612808849562,0.011017017937520041,1.886606987078266e-39,0.02685900723453791,0.3326390789726062
dim 49,49,0.5437813757927482,Hydrophobicity_group1_D50,-0.23533824520310567,2.9443062473369686e-13,-0.07754992728825959,0.01758482376180351,8.080511804523808e-13,0.03968466984082684,0.1577883179148461
dim 49,49,0.5437813757927482,Hydrophobicity_group1_D75,-0.2596087595941779,6.748809877415117e-16,-0.08329547152610989,0.0107493696462223,2.207739959898775e-15,0.026302486899913907,0.176313288068068
dim 49,49,0.5437813757927482,Hydrophobicity_group1_D100,0.19393548128041505,2.1580050270657357e-09,-0.00025021776110842006,0.9938969960493258,4.7796663066310065e-09,0.9941946591209189,0.19368526351930662
dim 49,49,0.5437813757927482,Hydrophobicity_group2_D0,0.14054512665262842,1.5755198696948364e-05,-0.02864340254766069,0.38114045138024055,2.6958178098262058e-05,0.5181152249124964,0.11190172410496772
dim 49,49,0.5437813757927482,Hydrophobicity_group2_D25,0.35977295460983677,5.176310377662223e-30,0.04223578150431205,0.19645858394549254,3.1722709470443716e-29,0.29921188799723897,0.3175371731055247
dim 49,49,0.5437813757927482,Hydrophobicity_group2_D50,0.15013401026165593,3.9173265102225405e-06,-0.023211982529781728,0.477904756069795,7.080016528216064e-06,0.6059991971424128,0.1269220277318742
dim 49,49,0.5437813757927482,Hydrophobicity_group2_D75,0.23791128753257648,1.5941558041960343e-13,0.09524640406319655,0.0035196729474289566,4.4818858468137663e-13,0.009979378305953069,0.14266488346937994
dim 49,49,0.5437813757927482,Hydrophobicity_group2_D100,-0.09868927835987563,0.0024922834556690325,0.03917956738969689,0.23085334926549947,0.003584938304020055,0.3423162171090465,0.05950971097017874
dim 49,49,0.5437813757927482,Hydrophobicity_group3_D0,-0.2663554748710841,1.107641206268577e-16,-0.01650465498282475,0.6138573831478947,3.7558595217634994e-16,0.7220673673581309,0.24985081988825933
dim 49,49,0.5437813757927482,Hydrophobicity_group3_D25,-0.24911283140085383,1.01326552036361e-14,0.08472107717798727,0.009471348051477459,3.10486865872886e-14,0.023653778311877285,0.16439175422286656
dim 49,49,0.5437813757927482,Hydrophobicity_group3_D50,-0.08864570483030637,0.006623373369058276,0.09719703914260028,0.0028982518465553776,0.008848826821061856,0.008446912013520907,-0.008551334312293907
dim 49,49,0.5437813757927482,Hydrophobicity_group3_D75,-0.03666285678318273,0.2622258856007124,0.0005138339222121985,0.987467587317654,0.28753593496598145,0.9922207405658738,0.03614902286097053
dim 49,49,0.5437813757927482,Hydrophobicity_group3_D100,-0.061673472742881624,0.05914288098096076,-0.041074153366673694,0.20906146514661808,0.07146788078017689,0.3141094438100335,0.02059931937620793
dim 49,49,0.5437813757927482,NormVanDerWaalsVolume_C1,-0.37231562222750214,3.519559151045288e-32,0.13946856117865455,1.8318893466812704e-05,2.3463727673635257e-31,9.60519688840729e-05,0.2328470610488476
dim 49,49,0.5437813757927482,NormVanDerWaalsVolume_C2,0.347810675647937,4.9314552583711295e-28,-0.12486992896278339,0.0001269861531433194,2.643829945900413e-27,0.000539424577111302,0.22294074668515362
dim 49,49,0.5437813757927482,NormVanDerWaalsVolume_C3,0.29087474891968756,9.980054548964157e-20,-0.10286984611355564,0.0016156984506800701,3.9872466738684547e-19,0.005062319723519169,0.1880049028061319
dim 49,49,0.5437813757927482,NormVanDerWaalsVolume_T12,-0.1389331723116651,1.973706094920292e-05,0.05894670516737325,0.07130261300059273,3.344585670742656e-05,0.12921905991425922,0.07998646714429186
dim 49,49,0.5437813757927482,NormVanDerWaalsVolume_T13,0.058488332153126335,0.07353485788444872,0.06104719507969557,0.06177177180066179,0.08734225651993553,0.11354855135619724,-0.002558862926569233
dim 49,49,0.5437813757927482,NormVanDerWaalsVolume_T23,0.27233554744078886,2.1369887040106913e-17,-0.18343184789391617,1.5540232212293426e-08,7.724612847830854e-17,1.3207220251669223e-07,0.08890369954687269
dim 49,49,0.5437813757927482,NormVanDerWaalsVolume_group1_D0,0.13198674409272768,5.066831722086929e-05,-0.042864352115951666,0.1898751884271015,8.303836090171906e-05,0.290012755012142,0.08912239197677602
dim 49,49,0.5437813757927482,NormVanDerWaalsVolume_group1_D25,0.2768448363064287,6.012594968410219e-18,-0.008539495925433583,0.7940511028680853,2.3082835855735783e-17,0.8624815231152537,0.2683053403809951
dim 49,49,0.5437813757927482,NormVanDerWaalsVolume_group1_D50,0.09952041577871068,0.002289380551287166,-0.013202179937249578,0.6865047660509327,0.003308754236823511,0.7825685729044762,0.0863182358414611
dim 49,49,0.5437813757927482,NormVanDerWaalsVolume_group1_D75,0.20751424086790354,1.4215472167148508e-10,0.0674440117480948,0.03900949909199127,3.3459955629510934e-10,0.07787909561700589,0.14007022911980874
dim 49,49,0.5437813757927482,NormVanDerWaalsVolume_group1_D100,-0.1169791501631866,0.00033280099444495885,0.004123640746084168,0.8996855675574721,0.0005206348109818092,0.9422859189846211,0.11285550941710243
dim 49,49,0.5437813757927482,NormVanDerWaalsVolume_group2_D0,-0.04756287478777722,0.14572430444042836,-0.02575311889945836,0.4310518408772711,0.16605908455511112,0.5661475220330655,0.021809755888318863
dim 49,49,0.5437813757927482,NormVanDerWaalsVolume_group2_D25,-0.2762792977584011,7.058266656946594e-18,0.0016796940303094665,0.9590485369389987,2.6819807319910834e-17,0.9774861499469807,0.2745996037280916
dim 49,49,0.5437813757927482,NormVanDerWaalsVolume_group2_D50,-0.038456822158279017,0.2395770849387171,0.061048017410341215,0.06176825765256432,0.2636532005585882,0.11354855135619724,-0.0225911952520622
dim 49,49,0.5437813757927482,NormVanDerWaalsVolume_group2_D75,-0.05685682928968483,0.08194728961353896,-0.06454500623127549,0.04824834225400572,0.09674936278162606,0.09192781695857336,-0.0076881769415906576
dim 49,49,0.5437813757927482,NormVanDerWaalsVolume_group2_D100,0.12197360333714793,0.00018207801510930241,0.020961929999466826,0.5216083675358476,0.00029139461929327746,0.6438181624426205,0.1010116733376811
dim 49,49,0.5437813757927482,NormVanDerWaalsVolume_group3_D0,-0.13821922880745802,2.1791216186689347e-05,0.001981522936546369,0.951698151588239,3.672182747908296e-05,0.9726657975228636,0.13623770587091164
dim 49,49,0.5437813757927482,NormVanDerWaalsVolume_group3_D25,-0.08979901189592815,0.005947201906902768,0.06117354199208014,0.06123377490378644,0.008009538052038407,0.11293252798379168,0.02862546990384801
dim 49,49,0.5437813757927482,NormVanDerWaalsVolume_group3_D50,-0.0961376086302938,0.0032221101265458452,-0.01269093773632567,0.6980364218431266,0.004569786761215763,0.7919299079334385,0.08344667089396814
dim 49,49,0.5437813757927482,NormVanDerWaalsVolume_group3_D75,-0.09835826282032749,0.0025775693641231297,-0.024027332924423845,0.46257589642941493,0.00369805913924882,0.5926365531546781,0.07433092989590365
dim 49,49,0.5437813757927482,NormVanDerWaalsVolume_group3_D100,0.08116025473414935,0.012950167412832166,-0.020550013785017408,0.5298258092011712,0.016550265195755493,0.6516662851586769,0.06061024094913195
dim 49,49,0.5437813757927482,Polarity_C1,0.33122377789910235,1.9896279129619796e-25,-0.10445169265148062,0.001365681220666265,9.19136546236931e-25,0.004360779423542376,0.2267720852476217
dim 49,49,0.5437813757927482,Polarity_C2,-0.4004091672203534,2.152343442882062e-37,0.12590670062075737,0.0001114062473946939,1.723939352332395e-36,0.000484501127992549,0.27450246659959604
dim 49,49,0.5437813757927482,Polarity_C3,0.3893103414663629,2.840125932492033e-35,-0.11485973136171077,0.000426883537896701,2.195838105213748e-34,0.0015249101781550601,0.2744506101046521
dim 49,49,0.5437813757927482,Polarity_T12,-0.22175857899682472,6.662303195493681e-12,0.12014987272883788,0.00022754309983038387,1.6693242815415526e-11,0.0008994011283236474,0.10160870626798683
dim 49,49,0.5437813757927482,Polarity_T13,0.4168253205074633,1.1105422242695098e-40,-0.07040957289343411,0.03115657804817074,1.127419765671782e-39,0.06467555666929165,0.34641574761402916
dim 49,49,0.5437813757927482,Polarity_T23,-0.03929621693206757,0.22946675439011685,0.012376230482740096,0.7051699806150526,0.2534454231689783,0.7970479946593951,0.026919986449327474
dim 49,49,0.5437813757927482,Polarity_group1_D0,-0.18925606086447677,5.272925491870447e-09,-0.0028447535845985234,0.9307008105375197,1.1246214012035308e-08,0.9626291664753838,0.18641130727987826
dim 49,49,0.5437813757927482,Polarity_group1_D25,-0.18972941460872406,4.8221879214919775e-09,0.0818674857439044,0.01218072501995434,1.0317814002423577e-08,0.029101302980434545,0.10786192886481966
dim 49,49,0.5437813757927482,Polarity_group1_D50,-0.09085908137903763,0.005381168322913145,0.061615986994808636,0.0593802559831396,0.0073150599098615815,0.11024461088587341,0.029243094384228993
dim 49,49,0.5437813757927482,Polarity_group1_D75,-0.11443678833285247,0.0004484059905586711,-0.023015729056192105,0.4816353639078912,0.0006911287533299315,0.6095726091141935,0.09142105927666036
dim 49,49,0.5437813757927482,Polarity_group1_D100,0.02364485261565995,0.46973233249896884,0.019821325930021318,0.5445217670626122,0.5008837659539666,0.6630341604043474,0.0038235266856386334
dim 49,49,0.5437813757927482,Polarity_group2_D0,0.1455395590128624,7.715807376756618e-06,-0.029156139113771497,0.37267124250684214,1.345031139789515e-05,0.5095055055148804,0.1163834198990909
dim 49,49,0.5437813757927482,Polarity_group2_D25,0.3523283849443383,9.027551663439182e-29,0.0285024585652229,0.3834890285224798,5.154191889895191e-28,0.5204605263165716,0.32382592637911545
dim 49,49,0.5437813757927482,Polarity_group2_D50,0.23234145809134651,5.961665666784016e-13,0.04989708341668321,0.12693904995709,1.5891431226702806e-12,0.2111736057664243,0.1824443746746633
dim 49,49,0.5437813757927482,Polarity_group2_D75,0.27069723866927864,3.367881114840992e-17,0.11949401357716861,0.00024634858586545453,1.1815885423916926e-16,0.0009600983393122732,0.15120322509211004
dim 49,49,0.5437813757927482,Polarity_group2_D100,-0.06342851335659881,0.05226572356512283,0.026677708504192783,0.4146878066912211,0.06385059133412957,0.5523033668979471,0.03675080485240603
dim 49,49,0.5437813757927482,Polarity_group3_D0,-0.049649226124172385,0.12883968860765563,-0.04443265484090819,0.17415944126747043,0.14884972672070904,0.2713518387824516,0.005216571283264193
dim 49,49,0.5437813757927482,Polarity_group3_D25,-0.4567867545860995,1.742712858203491e-49,-0.07574614077244442,0.020402583934981285,2.3661223359348212e-48,0.045369261213606855,0.3810406138136551
dim 49,49,0.5437813757927482,Polarity_group3_D50,-0.27965637237593705,2.694375121336138e-18,-0.06755768598399763,0.038680138974279236,1.0525395210833568e-17,0.07747587402058165,0.2120986863919394
dim 49,49,0.5437813757927482,Polarity_group3_D75,-0.2465500205161214,1.9268953441949785e-14,-0.0705206172085691,0.030890962592084844,5.798045450100205e-14,0.06428399692060024,0.1760294033075523
dim 49,49,0.5437813757927482,Polarity_group3_D100,0.16914276129190212,1.9068605791525114e-07,-0.0024843118094296877,0.9394632349899812,3.746420196687875e-07,0.9669667811607202,0.16665844948247244
dim 49,49,0.5437813757927482,Polarizability_C1,-0.30922150156356115,3.28399026918592e-22,0.15688108545264468,1.3951094627203948e-06,1.3831686631880167e-21,8.380693535046976e-06,0.15234041611091648
dim 49,49,0.5437813757927482,Polarizability_C2,0.21603794099959062,2.3366952331366182e-11,-0.1409607334777651,1.4860002035074029e-05,5.7344320930759036e-11,7.953911345696676e-05,0.0750772075218255
dim 49,49,0.5437813757927482,Polarizability_C3,0.29087474891968756,9.980054548964157e-20,-0.10286984611355564,0.0016156984506800701,3.9872466738684547e-19,0.005062319723519169,0.1880049028061319
dim 49,49,0.5437813757927482,Polarizability_T12,-0.3435079055239306,2.4220359849546095e-27,0.0860733820927996,0.008385958374930384,1.240736225421533e-26,0.02128351137710295,0.25743452343113105
dim 49,49,0.5437813757927482,Polarizability_T13,0.10170227492256068,0.0018265027013886872,0.09793956640177351,0.0026892606352967047,0.0026850875979921723,0.007906805036875875,0.003762708520787167
dim 49,49,0.5437813757927482,Polarizability_T23,0.24390332230706752,3.713711841532365e-14,-0.20117801140215133,5.17959821705461e-10,1.0874044265866831e-13,5.3893638769353264e-09,0.042725310904916186
dim 49,49,0.5437813757927482,Polarizability_group1_D0,0.1087056375754075,0.0008592461056590327,-0.043218662924935196,0.18623654372012424,0.001305085035425725,0.285334888084961,0.06548697465047229
dim 49,49,0.5437813757927482,Polarizability_group1_D25,0.2574016561630353,1.2053006041313724e-15,-0.0473256700814508,0.14774638951667665,3.874594819825586e-15,0.23781828481238554,0.21007598608158448
dim 49,49,0.5437813757927482,Polarizability_group1_D50,0.23225605021753437,6.081874201984301e-13,0.004476013622096141,0.8911646889388569,1.6186023772611606e-12,0.936887019532824,0.22778003659543822
dim 49,49,0.5437813757927482,Polarizability_group1_D75,0.24756839880436993,1.4938899369768963e-14,0.08905863827625933,0.006373726421278841,4.527760789022535e-14,0.016868657881989962,0.1585097605281106
dim 49,49,0.5437813757927482,Polarizability_group1_D100,-0.03766288766646013,0.24942469841516912,0.011923496694856274,0.7154776398535851,0.2742193853543992,0.8013093957509637,0.025739390971603854
dim 49,49,0.5437813757927482,Polarizability_group2_D0,0.029205183640180918,0.3718672869411207,-0.045229806960526246,0.1665530188032172,0.4020837612118301,0.26185286958223547,-0.01602462332034533
dim 49,49,0.5437813757927482,Polarizability_group2_D25,-0.20555884249778464,2.128088991264172e-10,0.02278841633243911,0.4859760793818093,4.956636841577639e-10,0.6134391931728055,0.18277042616534553
dim 49,49,0.5437813757927482,Polarizability_group2_D50,-0.24758247341147024,1.4886320794546478e-14,0.012701041194114259,0.697807840549599,4.5159229294991134e-14,0.7919299079334385,0.234881432217356
dim 49,49,0.5437813757927482,Polarizability_group2_D75,-0.1512396092534279,3.317635992585184e-06,-0.08309035856589937,0.010945324572447037,6.065081672268482e-06,0.026723233970740574,0.06814925068752851
dim 49,49,0.5437813757927482,Polarizability_group2_D100,-0.0476926159108553,0.14462729316788656,0.01333689009620275,0.683478179754595,0.16486524204120856,0.7809888868160384,0.03435572581465255
dim 49,49,0.5437813757927482,Polarizability_group3_D0,-0.13821922880745802,2.1791216186689347e-05,0.001981522936546369,0.951698151588239,3.672182747908296e-05,0.9726657975228636,0.13623770587091164
dim 49,49,0.5437813757927482,Polarizability_group3_D25,-0.08979901189592815,0.005947201906902768,0.06117354199208014,0.06123377490378644,0.008009538052038407,0.11293252798379168,0.02862546990384801
dim 49,49,0.5437813757927482,Polarizability_group3_D50,-0.0961376086302938,0.0032221101265458452,-0.01269093773632567,0.6980364218431266,0.004569786761215763,0.7919299079334385,0.08344667089396814
dim 49,49,0.5437813757927482,Polarizability_group3_D75,-0.09835826282032749,0.0025775693641231297,-0.024027332924423845,0.46257589642941493,0.00369805913924882,0.5926365531546781,0.07433092989590365
dim 49,49,0.5437813757927482,Polarizability_group3_D100,0.08116025473414935,0.012950167412832166,-0.020550013785017408,0.5298258092011712,0.016550265195755493,0.6516662851586769,0.06061024094913195
dim 49,49,0.5437813757927482,Charge_C1,0.2381059304583797,1.5214112679005897e-13,-0.09385013766345597,0.00403632370757152,4.2845814795851347e-13,0.011290888763223515,0.14425579279492373
dim 49,49,0.5437813757927482,Charge_C2,-0.3538379772204482,5.087217830294092e-29,0.0964485782152357,0.0031237924184012154,2.9345954323285437e-28,0.008986620738553022,0.2573893990052125
dim 49,49,0.5437813757927482,Charge_C3,0.3535180319727245,5.746264416463238e-29,-0.06496181537260261,0.04681650461407535,3.3090557156874507e-28,0.08960417479745499,0.28855621660012193
dim 49,49,0.5437813757927482,Charge_T12,0.17285660506700817,1.0135154274374582e-07,-0.08348797149885942,0.010568303707943863,2.0380141647447984e-07,0.02599273518743189,0.08936863356814875
dim 49,49,0.5437813757927482,Charge_T13,0.2778318400445457,4.5408886827413224e-18,-0.11816980866536016,0.0002888366868453767,1.7533604855902907e-17,0.001102530896072638,0.15966203137918555
dim 49,49,0.5437813757927482,Charge_T23,0.3555485518118476,2.64601406708335e-29,-0.014817326974029446,0.6505598661879604,1.5396667219613917e-28,0.7544687337040928,0.34073122483781815
dim 49,49,0.5437813757927482,Charge_group1_D0,0.01245292122659288,0.7034291945589893,0.08295558239375452,0.011075802382715737,0.7280612054003793,0.026943321164071787,-0.07050266116716164
dim 49,49,0.5437813757927482,Charge_group1_D25,-0.12589242732503733,0.00011160794691971162,0.009987824257864625,0.7601137957748153,0.00018069342836249969,0.8356748116813308,0.1159046030671727
dim 49,49,0.5437813757927482,Charge_group1_D50,-0.017600268825535902,0.5905254328308626,0.02686772070336607,0.4113708419959886,0.6204325088565842,0.5493716962281495,-0.009267451877830169
dim 49,49,0.5437813757927482,Charge_group1_D75,-0.11632778730005966,0.0003594231515433091,-0.033584091388179874,0.30444788866646927,0.0005596612243145233,0.434257256535203,0.08274369591187979
dim 49,49,0.5437813757927482,Charge_group1_D100,0.040792555979960995,0.21220278981586144,-0.032342720426917895,0.3226814450784593,0.2360164229054203,0.4562895963429526,0.0084498355530431
dim 49,49,0.5437813757927482,Charge_group2_D0,0.00019038349482154715,0.9953563808617115,-0.01807944927937846,0.5804506249329643,0.9956544810057252,0.691160458921961,-0.01788906578455691
dim 49,49,0.5437813757927482,Charge_group2_D25,0.21668028122738192,2.0331111350476442e-11,0.10127288703231292,0.0019101742583591953,5.037530557165528e-11,0.005863954065183559,0.115407394195069
dim 49,49,0.5437813757927482,Charge_group2_D50,0.048310903975045456,0.13948604562367944,0.07636091724807213,0.019400934179522523,0.15960376580441568,0.04343104568338152,-0.028050013273026676
dim 49,49,0.5437813757927482,Charge_group2_D75,0.0948421353585617,0.003662710304525132,0.1093018288999182,0.0008041620823682631,0.005135790267470169,0.0026859013551099992,-0.014459693541356497
dim 49,49,0.5437813757927482,Charge_group2_D100,-0.1512843849110041,3.2953039079337826e-06,0.032697624912088864,0.3173973873045438,6.027554793263326e-06,0.449769738479922,0.11858675999891524
dim 49,49,0.5437813757927482,Charge_group3_D0,-0.02634847864695978,0.42047226785239067,-0.0726019031592818,0.026260062628395992,0.45361026312241115,0.056513279110079,-0.046253424512322026
dim 49,49,0.5437813757927482,Charge_group3_D25,-0.26146132903561586,4.1301513796214267e-16,-0.11557366163351199,0.00039272457389814055,1.3685223817396394e-15,0.0014211268437917546,0.14588766740210388
dim 49,49,0.5437813757927482,Charge_group3_D50,-0.06116547856463486,0.06126799360263132,-0.07251754463535569,0.02643540158691793,0.07384882664481725,0.056780862572543986,-0.011352066070720826
dim 49,49,0.5437813757927482,Charge_group3_D75,-0.0496419735207076,0.12889563421737282,-0.11750320495990824,0.00031273172788749524,0.14886286939350804,0.0011856117720138867,-0.06786123143920064
dim 49,49,0.5437813757927482,Charge_group3_D100,0.1389240832358285,1.9762014645691928e-05,-0.0177612984187733,0.587130814681033,3.345419610573291e-05,0.6976225261596052,0.1211627848170552
dim 49,49,0.5437813757927482,SecondaryStructure_C1,0.42613183523947945,1.2564053114725846e-42,0.01293612787996051,0.6924969900495035,1.4724188562520816e-41,0.7885918672912859,0.41319570735951894
dim 49,49,0.5437813757927482,SecondaryStructure_C2,-0.21345176151430836,4.074105442107629e-11,-0.06560699934740556,0.04467063246957495,9.81782985327524e-11,0.08664338701996535,0.1478447621669028
dim 49,49,0.5437813757927482,SecondaryStructure_C3,-0.4251577329821323,2.0217517124365144e-42,0.036684391328450264,0.26194553827996625,2.3446703887284576e-41,0.38145437072577126,0.388473341653682
dim 49,49,0.5437813757927482,SecondaryStructure_T12,0.2756337737069444,8.471977676981792e-18,-0.09672789918665364,0.003037817219100813,3.1829477436579515e-17,0.008807560340101316,0.17890587452029078
dim 49,49,0.5437813757927482,SecondaryStructure_T13,0.27192435677633064,2.3961405156420562e-17,0.02220977405621406,0.4971204044521365,8.559475210956649e-17,0.6230327020150603,0.2497145827201166
dim 49,49,0.5437813757927482,SecondaryStructure_T23,-0.36759498810470964,2.3635597394972594e-31,0.05409047661861441,0.0979781728514697,1.5210577128941901e-30,0.17041241055989442,0.31350451148609526
dim 49,49,0.5437813757927482,SecondaryStructure_group1_D0,-0.08753864358561442,0.007336538389528875,-0.051810230906741,0.11299308435341023,0.00970456959248572,0.19235316092782373,0.03572841267887342
dim 49,49,0.5437813757927482,SecondaryStructure_group1_D25,0.044909290837055055,0.16958085109230694,0.017388551210438224,0.5950022626562304,0.19109313179767382,0.7045680423638159,0.02752073962661683
dim 49,49,0.5437813757927482,SecondaryStructure_group1_D50,0.14955934179556418,4.268695237281414e-06,0.039512671206459356,0.22690949240180205,7.68181147226289e-06,0.3369843061903152,0.11004667058910483
dim 49,49,0.5437813757927482,SecondaryStructure_group1_D75,0.19390171081195232,2.1721379097239838e-09,0.07141442080374423,0.028822822990626797,4.80778039660577e-09,0.06081378950643936,0.12248729000820809
dim 49,49,0.5437813757927482,SecondaryStructure_group1_D100,0.15017952577296909,3.890712621211618e-06,-0.0015963541686899122,0.9610787368592367,7.0395342117263306e-06,0.9783611646174492,0.14858317160427917
dim 49,49,0.5437813757927482,SecondaryStructure_group2_D0,-0.07828415178971902,0.016539225710714443,-0.004445763903159266,0.891895692380677,0.020932555465625707,0.9370656220671473,0.07383838788655976
dim 49,49,0.5437813757927482,SecondaryStructure_group2_D25,0.06890149223266535,0.03496208701838056,0.021031570568087476,0.5202255843893361,0.04334572035686379,0.6431360691010665,0.047869921664577875
dim 49,49,0.5437813757927482,SecondaryStructure_group2_D50,-0.0031968359048726927,0.922149688025322,0.04394588072026649,0.17892991663741328,0.9375890283118952,0.2764227204296764,-0.0407490448153938
dim 49,49,0.5437813757927482,SecondaryStructure_group2_D75,-0.17705131327532564,4.8823601617348445e-08,-0.036837016819253214,0.2599645104295726,1.0028956297782523e-07,0.3789967109710923,0.14021429645607242
dim 49,49,0.5437813757927482,SecondaryStructure_group2_D100,-0.10251465104909824,0.001677333693575336,-0.05175467956083667,0.11338029107091253,0.002482186325450431,0.19291399499584708,0.05075997148826157
dim 49,49,0.5437813757927482,SecondaryStructure_group3_D0,0.03458973839243335,0.2901873079738023,-0.11719247834914623,0.0003244903545850539,0.31663691886066636,0.0012191201173386728,-0.08260273995671288
dim 49,49,0.5437813757927482,SecondaryStructure_group3_D25,0.0017106678656074897,0.95829406599562,-0.04413975905953594,0.17701837549407765,0.9666874601103504,0.27423069301958225,-0.04242909119392845
dim 49,49,0.5437813757927482,SecondaryStructure_group3_D50,-0.1721208499749452,1.1499589247099406e-07,-0.07894691072475493,0.015642630653960765,2.2985414772777989e-07,0.036031990609813075,0.09317393925019027
dim 49,49,0.5437813757927482,SecondaryStructure_group3_D75,-0.09228380227460092,0.004696972863461472,-0.06976256066480077,0.03274344618797373,0.006447961103148918,0.06738330885263848,0.022521241609800152
dim 49,49,0.5437813757927482,SecondaryStructure_group3_D100,-0.09280268776951986,0.00446801405858521,0.025103895656252886,0.44276237415479663,0.006190649904886965,0.57744097215034,0.06769879211326697
dim 49,49,0.5437813757927482,SolventAccessibility_C1,0.19715410677526177,1.1521914269072402e-09,0.19761971149664034,1.051279048259891e-09,2.598460071485606e-09,1.0266877254935777e-08,-0.00046560472137857634
dim 49,49,0.5437813757927482,SolventAccessibility_C2,0.33650762672093953,3.060658019868613e-26,-0.14068098698218373,1.5457061983049388e-05,1.4836861808942187e-25,8.171534419557444e-05,0.1958266397387558
dim 49,49,0.5437813757927482,SolventAccessibility_C3,-0.5023178498123031,4.735014293572566e-61,-0.05671163099548311,0.08273228735183245,8.73754018813943e-60,0.14628154566178952,0.44560621881682
dim 49,49,0.5437813757927482,SolventAccessibility_T12,0.4634977456223567,4.4073737579928637e-51,0.010743365317264705,0.7425867114003754,6.400273196389637e-50,0.8212713960520708,0.45275438030509196
dim 49,49,0.5437813757927482,SolventAccessibility_T13,-0.3282246110743416,5.664844910729232e-25,0.03853908090602663,0.23857265496985294,2.5672431481459475e-24,0.3512069930331039,0.28968553016831494
dim 49,49,0.5437813757927482,SolventAccessibility_T23,-0.0853765040927179,0.008930573364622657,-0.12632808688453992,0.00010560391931799071,0.011624362836258643,0.00046227665861348484,-0.040951582791822025
dim 49,49,0.5437813757927482,SolventAccessibility_group1_D0,-0.004205400758910452,0.8977074283815886,-0.04899783092795724,0.13394003239903804,0.917485560218637,0.21969670023632887,-0.044792430169046785
dim 49,49,0.5437813757927482,SolventAccessibility_group1_D25,0.1978202985419795,1.0105063408700586e-09,0.034200060933100206,0.2956589501178568,2.2881974091566073e-09,0.4241842325574063,0.16362023760887928
dim 49,49,0.5437813757927482,SolventAccessibility_group1_D50,0.22944401236173734,1.1683517763968356e-12,0.03203689201482969,0.32728051025032556,3.0462880040323427e-12,0.4606476629734882,0.19740712034690766
dim 49,49,0.5437813757927482,SolventAccessibility_group1_D75,0.20106405728493607,5.299431661807306e-10,0.014178107835825706,0.6646945660474297,1.2190152720686228e-09,0.7671319456110626,0.18688594944911036
dim 49,49,0.5437813757927482,SolventAccessibility_group1_D100,-0.019102249194258923,0.5592194338206741,0.0026795795261277183,0.9347152543596208,0.5910737053674213,0.9647555468359498,0.016422669668131204
dim 49,49,0.5437813757927482,SolventAccessibility_group2_D0,-0.004404134667592397,0.892901838837208,-0.03185841732217247,0.32998395934654684,0.9131329276534828,0.46309084165699244,-0.027454282654580074
dim 49,49,0.5437813757927482,SolventAccessibility_group2_D25,-0.4156552070611018,1.93179517838553e-40,-0.08301612808849562,0.011017017937520041,1.886606987078266e-39,0.02685900723453791,0.3326390789726062
dim 49,49,0.5437813757927482,SolventAccessibility_group2_D50,-0.23533824520310567,2.9443062473369686e-13,-0.07754992728825959,0.01758482376180351,8.080511804523808e-13,0.03968466984082684,0.1577883179148461
dim 49,49,0.5437813757927482,SolventAccessibility_group2_D75,-0.2596087595941779,6.748809877415117e-16,-0.08329547152610989,0.0107493696462223,2.207739959898775e-15,0.026302486899913907,0.176313288068068
dim 49,49,0.5437813757927482,SolventAccessibility_group2_D100,0.19393548128041505,2.1580050270657357e-09,-0.00025021776110842006,0.9938969960493258,4.7796663066310065e-09,0.9941946591209189,0.19368526351930662
dim 49,49,0.5437813757927482,SolventAccessibility_group3_D0,-0.17704424717738945,4.888443113017721e-08,-0.01988321149369251,0.5432658621770636,1.0035279654258874e-07,0.6627129217207424,0.15716103568369694
dim 49,49,0.5437813757927482,SolventAccessibility_group3_D25,0.05548221884853411,0.08962550337939451,0.06679241852432691,0.04094365394241989,0.10540464129830199,0.0807427683314619,-0.011310199675792797
dim 49,49,0.5437813757927482,SolventAccessibility_group3_D50,-0.07664925475989218,0.018946114431869835,0.004994398919298034,0.8786524442003638,0.023879253661300094,0.9287022669712706,0.07165485584059414
dim 49,49,0.5437813757927482,SolventAccessibility_group3_D75,0.10509066158402179,0.0012752004712773797,0.09024688815865745,0.005701822972605805,0.0019150942329435468,0.015247468957969088,0.014843773425364346
dim 49,49,0.5437813757927482,SolventAccessibility_group3_D100,-0.1776761515156341,4.372466797717999e-08,-0.015459628808832828,0.6364822887339988,9.003723245609197e-08,0.7433044910390056,0.16221652270680126
dim 47,47,0.5072600506326119,AAC_A,-0.0236911839531566,0.46886220638404924,0.1899609352807387,4.615587773487537e-09,0.5004793126630631,4.078323588213855e-08,-0.1662697513275821
dim 47,47,0.5072600506326119,AAC_C,-0.05872907727890756,0.07235543374652742,0.02107830006330881,0.5192987824093969,0.08603316080932773,0.6423918271286613,0.03765077721559875
dim 47,47,0.5072600506326119,AAC_D,0.2248865075970309,3.3054997371643955e-12,0.052346998909306094,0.1093050611751196,8.370257105480728e-12,0.18683669617446236,0.17253950868772483
dim 47,47,0.5072600506326119,AAC_E,0.33014596926492734,2.90173797769005e-25,-0.1388455926415758,1.9978758989793714e-05,1.3312918743797757e-24,0.00010329575081410373,0.19130037662335153
dim 47,47,0.5072600506326119,AAC_F,0.11570846087069846,0.00038656822429625437,-0.034390682170465814,0.29297378990585937,0.0005994140525299394,0.42069323228098465,0.08131777870023264
dim 47,47,0.5072600506326119,AAC_G,-0.10277719528731463,0.0016315718323924883,0.11480845572244067,0.00042944054193692124,0.0024176796451601205,0.001530769914695109,-0.012031260435126034
dim 47,47,0.5072600506326119,AAC_H,0.38084212650076454,1.0410466352848874e-33,0.06543494165837152,0.04523463197167009,7.526181302708927e-33,0.08743267985264935,0.31540718484239305
dim 47,47,0.5072600506326119,AAC_I,0.17158199101083288,1.260976501879326e-07,-0.09488285394360683,0.0036480680218551483,2.514424785836984e-07,0.010308415560910486,0.07669913706722604
dim 47,47,0.5072600506326119,AAC_K,0.2721958731919585,2.221761328439031e-17,-0.09808521745609736,0.0026499155192669208,7.979228856974584e-17,0.00781175448751237,0.17411065573586113
dim 47,47,0.5072600506326119,AAC_L,0.27521553703643403,9.533276971599102e-18,-0.006489284254398376,0.8427502053274569,3.569635099231054e-17,0.8998675466092411,0.26872625278203566
dim 47,47,0.5072600506326119,AAC_M,0.15523045970660934,1.803328390186385e-06,-0.1114662640690344,0.000630516910706003,3.4067402846281253e-06,0.0021532990611023007,0.04376419563757494
dim 47,47,0.5072600506326119,AAC_N,-0.0387900462963964,0.2355265613390978,-0.06058988238124891,0.0637518041151718,0.2594520827416183,0.11667453465461579,-0.02179983608485251
dim 47,47,0.5072600506326119,AAC_P,-0.40813584225413546,6.433644176421184e-39,-0.021990922969458954,0.5013705093061388,5.29270235203122e-38,0.6273284153502164,0.38614491928467654
dim 47,47,0.5072600506326119,AAC_Q,0.05182251678342773,0.1129075893875234,-0.04632816840339309,0.15648462049083778,0.13171894815030674,0.2488850630663801,0.005494348380034639
dim 47,47,0.5072600506326119,AAC_R,-0.0876320014311636,0.007273845356596823,0.024942210634618014,0.44570680933945994,0.009639260257522807,0.5806009138821359,0.06268979079654559
dim 47,47,0.5072600506326119,AAC_S,-0.4231893285100947,5.2619645026179483e-42,-0.035912992758235895,0.2721172077612634,5.8976380666926e-41,0.39447546611224815,0.3872763357518588
dim 47,47,0.5072600506326119,AAC_T,-0.4237599770866684,3.9902398500557097e-42,0.008073662637978525,0.8050532441051045,4.5331296255734935e-41,0.8704687068018935,0.41568631444868986
dim 47,47,0.5072600506326119,AAC_V,0.05486887185262349,0.09323318724611267,0.05675750358007629,0.08248362769586377,0.10953177819275987,0.14603010429978505,-0.0018886317274528011
dim 47,47,0.5072600506326119,AAC_W,-0.11633932396007765,0.0003589348108611237,-0.004523685713570673,0.8900128506023833,0.0005591615057258177,0.9359706930138414,0.11181563824650698
dim 47,47,0.5072600506326119,AAC_Y,0.02198678190718088,0.5014511138550167,-0.05982460361708902,0.06718214669110391,0.5333906752470561,0.12221588777139818,-0.03783782170990814
dim 47,47,0.5072600506326119,Hydrophobicity_C1,0.33566933001700866,4.1290708769006863e-26,-0.13620187388661859,2.8750489900039526e-05,1.9871897303815983e-25,0.00014353757289406878,0.19946745613039008
dim 47,47,0.5072600506326119,Hydrophobicity_C2,-0.38091896273664877,1.008053657745908e-33,0.12491839504441819,0.00012621432603446444,7.303469017074474e-33,0.0005376987869325398,0.25600056769223056
dim 47,47,0.5072600506326119,Hydrophobicity_C3,0.3434305874525338,2.4917392026626733e-27,-0.06825302161286305,0.0367164080175916,1.274488351744767e-26,0.07409837025906704,0.27517756583967073
dim 47,47,0.5072600506326119,Hydrophobicity_T12,0.08340247111231333,0.010648388557180616,0.000745618350602854,0.9818151890659473,0.013726598911996625,0.9885647610172646,0.08265685276171048
dim 47,47,0.5072600506326119,Hydrophobicity_T13,0.3782474733751398,3.0731657029253502e-33,-0.07453647351897195,0.02250561823129991,2.158557065425879e-32,0.04942062123112538,0.30371099985616784
dim 47,47,0.5072600506326119,Hydrophobicity_T23,-0.09276398074513702,0.004484738469389731,0.12792528331074346,8.609489471121779e-05,0.0062050648250876975,0.0003834092644472899,-0.03516130256560644
dim 47,47,0.5072600506326119,Hydrophobicity_group1_D0,-0.0008243421549095336,0.9798955884792167,-0.025466598173147954,0.43619777830771245,0.9822482789677621,0.5717820170909574,-0.02464225601823842
dim 47,47,0.5072600506326119,Hydrophobicity_group1_D25,-0.41346671488818193,5.4086575005904405e-40,-0.08215967106709592,0.011874832033489045,4.949292069033444e-39,0.028636779055489826,0.331307043821086
dim 47,47,0.5072600506326119,Hydrophobicity_group1_D50,-0.23395437899116694,4.083130043223162e-13,-0.07629973637839761,0.019498655839162556,1.1006984942990606e-12,0.043533095255884315,0.15765464261276935
dim 47,47,0.5072600506326119,Hydrophobicity_group1_D75,-0.25616445375512126,1.664314566295032e-15,-0.07866591419654564,0.016017419465538894,5.249112985293113e-15,0.03656745113800403,0.1774985395585756
dim 47,47,0.5072600506326119,Hydrophobicity_group1_D100,0.19069037871867411,4.019345827012185e-09,-0.00382793992968605,0.9068449957090757,8.649880839059728e-09,0.9466998125545403,0.18686243878898806
dim 47,47,0.5072600506326119,Hydrophobicity_group2_D0,0.14183188297264587,1.3138187182216579e-05,-0.024613567213173537,0.45172591125770367,2.261935319000174e-05,0.5850295471582753,0.11721831575947234
dim 47,47,0.5072600506326119,Hydrophobicity_group2_D25,0.356694047125113,1.704159616687029e-29,0.039805555047973465,0.22348166394912483,1.0056348268082468e-28,0.3326331361809612,0.31688849207713954
dim 47,47,0.5072600506326119,Hydrophobicity_group2_D50,0.14705282757409008,6.185748590812641e-06,-0.026545316675375723,0.4170082201760958,1.0891091351246296e-05,0.5532592432228469,0.12050751089871435
dim 47,47,0.5072600506326119,Hydrophobicity_group2_D75,0.2343068377629705,3.757598202647314e-13,0.08996543861434014,0.005854933318886794,1.0186995127306842e-12,0.01556964751996966,0.14434139914863037
dim 47,47,0.5072600506326119,Hydrophobicity_group2_D100,-0.10197472850451136,0.001775169575499712,0.0320770078074755,0.326674837203653,0.0026165341492361154,0.46037719673426203,0.06989772069703587
dim 47,47,0.5072600506326119,Hydrophobicity_group3_D0,-0.26379385574457787,2.2133082225252227e-16,-0.014506384623751653,0.657420291782922,7.39984931254679e-16,0.7597867732024082,0.24928747112082622
dim 47,47,0.5072600506326119,Hydrophobicity_group3_D25,-0.24390218173109515,3.714755840525166e-14,0.09000824193969119,0.005831411979054819,1.0874044265866831e-13,0.015544226664040778,0.15389393979140398
dim 47,47,0.5072600506326119,Hydrophobicity_group3_D50,-0.08621350929633996,0.008280099363804281,0.09883408356991105,0.0024557914124486366,0.010843481127378788,0.007303956649669142,-0.012620574273571092
dim 47,47,0.5072600506326119,Hydrophobicity_group3_D75,-0.035980815019279556,0.27121222732962236,0.0012766321829904524,0.9688695441093896,0.2968182175042515,0.9815056952761181,0.03470418283628911
dim 47,47,0.5072600506326119,Hydrophobicity_group3_D100,-0.0649493689081668,0.04685873824470973,-0.04643204672598021,0.15555678033587989,0.05762451610358266,0.24776330296701898,0.018517322182186588
dim 47,47,0.5072600506326119,NormVanDerWaalsVolume_C1,-0.3740320814770811,1.7471831446426604e-32,0.12945861174629766,7.060656157197799e-05,1.183690000630119e-31,0.00032349233971249174,0.24457346973078345
dim 47,47,0.5072600506326119,NormVanDerWaalsVolume_C2,0.3472719537721331,6.027096139058841e-28,-0.1199352241637715,0.00023354435860189048,3.215735000711905e-27,0.0009176919502709578,0.2273367296083616
dim 47,47,0.5072600506326119,NormVanDerWaalsVolume_C3,0.2947779170931313,3.0608126680153446e-20,-0.09090479013989858,0.005357892023571943,1.2467212574599087e-19,0.01444338931293809,0.2038731269532327
dim 47,47,0.5072600506326119,NormVanDerWaalsVolume_T12,-0.143300501206502,1.065757173434641e-05,0.04921058896178986,0.13225729317469737,1.8462805805351143e-05,0.2182841792021231,0.09408991224471214
dim 47,47,0.5072600506326119,NormVanDerWaalsVolume_T13,0.06102051060786633,0.06188589492897094,0.06481651738375535,0.0473115304618035,0.07451293765780928,0.09029743528138498,-0.0037960067758890242
dim 47,47,0.5072600506326119,NormVanDerWaalsVolume_T23,0.2740401642085991,1.3268366524638546e-17,-0.1742940542536113,7.906611015322593e-08,4.9152718409306923e-17,5.947765943958888e-07,0.09974610995498781
dim 47,47,0.5072600506326119,NormVanDerWaalsVolume_group1_D0,0.13237173760135765,4.81461785783044e-05,-0.04020979034005706,0.2188115899706739,7.906009658384302e-05,0.3268473660563733,0.09216194726130059
dim 47,47,0.5072600506326119,NormVanDerWaalsVolume_group1_D25,0.27447295563191676,1.1749839653590177e-17,-0.009708352453712191,0.7666288287692933,4.379962549440981e-17,0.8400722729952229,0.26476460317820455
dim 47,47,0.5072600506326119,NormVanDerWaalsVolume_group1_D50,0.09873968406404726,0.00247952500063638,-0.013312346478788834,0.6840292344351919,0.0035681230082402022,0.7813466631373259,0.08542733758525843
dim 47,47,0.5072600506326119,NormVanDerWaalsVolume_group1_D75,0.20528720445440277,2.2500648964903565e-10,0.06465453176209572,0.047868583966229464,5.237084846186614e-10,0.09130843543529778,0.14063267269230706
dim 47,47,0.5072600506326119,NormVanDerWaalsVolume_group1_D100,-0.12081944690645312,0.00020973816848891109,-0.003516113716826779,0.9144030313236058,0.00033437970537134276,0.952363720921935,0.11730333318962634
dim 47,47,0.5072600506326119,NormVanDerWaalsVolume_group2_D0,-0.04486311251365854,0.1700204603485208,-0.02133324094096524,0.514257480543642,0.1915238912526339,0.6375723775114195,0.023529871572693303
dim 47,47,0.5072600506326119,NormVanDerWaalsVolume_group2_D25,-0.2730773357893906,1.737440330731329e-17,0.0044252721506834744,0.8923909405929832,6.356024868173756e-17,0.9372911137045798,0.2686520636387071
dim 47,47,0.5072600506326119,NormVanDerWaalsVolume_group2_D50,-0.03926526172602313,0.22983413607649636,0.058340906791058744,0.07426482058968176,0.25376727751917283,0.13393331575029,-0.01907564506503561
dim 47,47,0.5072600506326119,NormVanDerWaalsVolume_group2_D75,-0.05597612644598228,0.08680266402528761,-0.062597777538859,0.05543291639141568,0.10219277329730724,0.10365804045482802,-0.006621651092876726
dim 47,47,0.5072600506326119,NormVanDerWaalsVolume_group2_D100,0.1182275785918007,0.00028684836856160195,0.015570776688220645,0.6340592792973077,0.0004520148522794621,0.7407671617348394,0.10265680190358006
dim 47,47,0.5072600506326119,NormVanDerWaalsVolume_group3_D0,-0.13407497929126466,3.8346946497172476e-05,0.007539055895333786,0.8177272252683706,6.346818696756991e-05,0.8795489983806603,0.12653592339593087
dim 47,47,0.5072600506326119,NormVanDerWaalsVolume_group3_D25,-0.08866762681328207,0.006609902541040765,0.06119103010933503,0.06115961502748282,0.0088379001149224,0.11292046113421371,0.02747659670394704
dim 47,47,0.5072600506326119,NormVanDerWaalsVolume_group3_D50,-0.09529709710752705,0.0035020995423921185,-0.012029881438269479,0.7130507731915132,0.004923485141996238,0.8001518658802241,0.08326721566925757
dim 47,47,0.5072600506326119,NormVanDerWaalsVolume_group3_D75,-0.09879338825144192,0.002465997317882943,-0.02532529291302281,0.4387485943611089,0.00355018579384872,0.5741656038768692,0.07346809533841911
dim 47,47,0.5072600506326119,NormVanDerWaalsVolume_group3_D100,0.0800833272159906,0.014204331720775518,-0.021213629291801105,0.5166195605514501,0.018038961196726322,0.6400257167069151,0.05886969792418949
dim 47,47,0.5072600506326119,Polarity_C1,0.3354963587543789,4.3917129045949926e-26,-0.09101644022011501,0.005301417583934635,2.1075173996188614e-25,0.014325837160470615,0.24447991853426387
dim 47,47,0.5072600506326119,Polarity_C2,-0.4019684142157819,1.0678319338362714e-37,0.11593717811166847,0.00037632816556133487,8.656695774303754e-37,0.001370704550681416,0.2860312361041134
dim 47,47,0.5072600506326119,Polarity_C3,0.3886791220592922,3.7283401148791273e-35,-0.10968841221206253,0.0007702126724985308,2.8692755722802504e-34,0.0025828416929167598,0.2789907098472297
dim 47,47,0.5072600506326119,Polarity_T12,-0.220870555262215,8.11359215041688e-12,0.11746193299851236,0.00031427028759973863,2.02839803760422e-11,0.0011889985531684953,0.10340862226370263
dim 47,47,0.5072600506326119,Polarity_T13,0.41924632901631553,3.507977786525401e-41,-0.05950609846431738,0.06865385735768806,3.76741022732953e-40,0.12468944185681247,0.35974023055199816
dim 47,47,0.5072600506326119,Polarity_T23,-0.04549781195932483,0.1640525467416049,0.0015226959797832226,0.9628732967071975,0.1854440768813048,0.9786965340846133,0.0439751159795416
dim 47,47,0.5072600506326119,Polarity_group1_D0,-0.1859338468921438,9.809276567056616e-09,0.0009537882706623989,0.9767394333249384,2.067065219808776e-08,0.9854173048550636,0.1849800586214814
dim 47,47,0.5072600506326119,Polarity_group1_D25,-0.18608842549369914,9.532381285265655e-09,0.08490715510494616,0.00931493145497997,2.011254168843164e-08,0.023304772329313186,0.10118127038875298
dim 47,47,0.5072600506326119,Polarity_group1_D50,-0.08981232324798777,0.005939774116619844,0.06147441649670809,0.059968207838741586,0.008009538052038407,0.1111400400600224,0.02833790675127968
dim 47,47,0.5072600506326119,Polarity_group1_D75,-0.11598607662117241,0.00037417199969061893,-0.02634872974980159,0.4204678381064621,0.0005815423354893752,0.5564235329342947,0.08963734687137082
dim 47,47,0.5072600506326119,Polarity_group1_D100,0.02402520039583054,0.4626156282622086,0.020359646644856434,0.5336455724225578,0.4944435834866485,0.6552853720188762,0.0036655537509741043
dim 47,47,0.5072600506326119,Polarity_group2_D0,0.14666522818428754,6.547407307894197e-06,-0.02533538351810461,0.43856615739530064,1.149755016212756e-05,0.5741656038768692,0.12132984466618293
dim 47,47,0.5072600506326119,Polarity_group2_D25,0.34971014596560296,2.423241164543299e-28,0.027054002251026922,0.4081343129718039,1.3268238507499375e-27,0.5459225491893572,0.322656143714576
dim 47,47,0.5072600506326119,Polarity_group2_D50,0.23091503418357484,8.312177847080004e-13,0.0489917114135195,0.13398867616209637,2.19467778729227e-12,0.21969670023632887,0.18192332277005535
dim 47,47,0.5072600506326119,Polarity_group2_D75,0.26810587105596995,6.872040556700663e-17,0.11585821182126468,0.00037983465990834266,2.371137960679774e-16,0.0013804654669138895,0.15224765923470526
dim 47,47,0.5072600506326119,Polarity_group2_D100,-0.0672293530855589,0.039637939868425176,0.01931032257974875,0.5549467846385566,0.04890680427060956,0.6708368659763949,0.047919030505810145
dim 47,47,0.5072600506326119,Polarity_group3_D0,-0.046397600198556814,0.15586399323644923,-0.038819552839938716,0.23517023903723763,0.17658946316476948,0.3477063295194217,0.007578047358618098
dim 47,47,0.5072600506326119,Polarity_group3_D25,-0.45486535602262196,4.919885192096225e-49,-0.07601370783332194,0.019961233948579984,6.46945533133913e-48,0.04450635606692733,0.3788516481893
dim 47,47,0.5072600506326119,Polarity_group3_D50,-0.27856407257854293,3.6844338714575604e-18,-0.06742762340120242,0.03905717833652371,1.427611268058962e-17,0.07792770349103297,0.2111364491773405
dim 47,47,0.5072600506326119,Polarity_group3_D75,-0.24305931540872955,4.5705520352304826e-14,-0.06589346548853149,0.04374474762481024,1.3274472867538967e-13,0.08514420574992203,0.17716584992019807
dim 47,47,0.5072600506326119,Polarity_group3_D100,0.16617148098004847,3.1307752383160393e-07,-0.00578467287894315,0.859636750302477,6.051382694430307e-07,0.9138086397231933,0.1603868081011053
dim 47,47,0.5072600506326119,Polarizability_C1,-0.3119626999313502,1.3490105162531933e-22,0.1456955475157997,7.54277099321075e-06,5.739739011828874e-22,4.157236818040249e-05,0.16626715241555048
dim 47,47,0.5072600506326119,Polarizability_C2,0.21664999795441595,2.0465147616181005e-11,-0.13532693544200913,3.238371542613073e-05,5.066982434250894e-11,0.00015929544848788902,0.08132306251240681
dim 47,47,0.5072600506326119,Polarizability_C3,0.2947779170931313,3.0608126680153446e-20,-0.09090479013989858,0.005357892023571943,1.2467212574599087e-19,0.01444338931293809,0.2038731269532327
dim 47,47,0.5072600506326119,Polarizability_T12,-0.3457787000512342,1.0489155640213794e-27,0.07655949467739569,0.01908669251982102,5.552104570255796e-27,0.04278493491020282,0.2692192053738385
dim 47,47,0.5072600506326119,Polarizability_T13,0.10334168731761187,0.0015370396766267393,0.10006033966928099,0.0021657879143528445,0.0022867316347141686,0.006552293146683424,0.003281347648330879
dim 47,47,0.5072600506326119,Polarizability_T23,0.24615911087020578,2.1240098004090207e-14,-0.19112334126561614,3.7015897842640367e-09,6.339761155823171e-14,3.3234703976994305e-08,0.05503576960458964
dim 47,47,0.5072600506326119,Polarizability_group1_D0,0.10961936889003697,0.0007761768480619722,-0.039912370961888724,0.22224077099647452,0.0011816001242146703,0.331376863896529,0.06970699792814825
dim 47,47,0.5072600506326119,Polarizability_group1_D25,0.25517745158678207,2.1502917251638537e-15,-0.04780954992618012,0.14364399442257852,6.730997527691913e-15,0.23289851522884092,0.20736790166060196
dim 47,47,0.5072600506326119,Polarizability_group1_D50,0.2300228619672234,1.022144123555638e-12,0.0029120805607958772,0.9290649729346528,2.6776167628830046e-12,0.9615980816863156,0.22711078140642754
dim 47,47,0.5072600506326119,Polarizability_group1_D75,0.24478209708820947,2.989307038464578e-14,0.08535399313692009,0.008948680010627708,8.812255523805551e-14,0.02252342971778187,0.15942810395128937
dim 47,47,0.5072600506326119,Polarizability_group1_D100,-0.04140332485683038,0.2054322382457853,0.005169716853928231,0.8744274808541666,0.2294027668809505,0.9257013584953776,0.03623360800290215
dim 47,47,0.5072600506326119,Polarizability_group2_D0,0.03133418210929653,0.33800804074944235,-0.04068398504413292,0.21342298835375803,0.3666602325765305,0.320086565380131,-0.009349802934836386
dim 47,47,0.5072600506326119,Polarizability_group2_D25,-0.2030606204076046,3.5427949170789997e-10,0.024630538251793295,0.45141396730605915,8.171916452378356e-10,0.5850295471582753,0.1784300821558113
dim 47,47,0.5072600506326119,Polarizability_group2_D50,-0.24633825401742598,2.0313345888339e-14,0.012120516296888026,0.7109854796951135,6.084894642784956e-14,0.7995594283439997,0.23421773772053794
dim 47,47,0.5072600506326119,Polarizability_group2_D75,-0.14982538394175604,4.102436556962342e-06,-0.0808736339986446,0.013274027159632473,7.39856268912215e-06,0.03133233265948584,0.06895174994311144
dim 47,47,0.5072600506326119,Polarizability_group2_D100,-0.05074264213824507,0.12061868137314076,0.0076007774000189,0.8162614876544498,0.14017619895138836,0.8794559254083427,0.04314186473822617
dim 47,47,0.5072600506326119,Polarizability_group3_D0,-0.13407497929126466,3.8346946497172476e-05,0.007539055895333786,0.8177272252683706,6.346818696756991e-05,0.8795489983806603,0.12653592339593087
dim 47,47,0.5072600506326119,Polarizability_group3_D25,-0.08866762681328207,0.006609902541040765,0.06119103010933503,0.06115961502748282,0.0088379001149224,0.11292046113421371,0.02747659670394704
dim 47,47,0.5072600506326119,Polarizability_group3_D50,-0.09529709710752705,0.0035020995423921185,-0.012029881438269479,0.7130507731915132,0.004923485141996238,0.8001518658802241,0.08326721566925757
dim 47,47,0.5072600506326119,Polarizability_group3_D75,-0.09879338825144192,0.002465997317882943,-0.02532529291302281,0.4387485943611089,0.00355018579384872,0.5741656038768692,0.07346809533841911
dim 47,47,0.5072600506326119,Polarizability_group3_D100,0.0800833272159906,0.014204331720775518,-0.021213629291801105,0.5166195605514501,0.018038961196726322,0.6400257167069151,0.05886969792418949
dim 47,47,0.5072600506326119,Charge_C1,0.2391942969591972,1.1708296736960316e-13,-0.08791059099502502,0.007089606028453467,3.328145625655102e-13,0.018509672841818575,0.15128370596417218
dim 47,47,0.5072600506326119,Charge_C2,-0.3521677544245873,9.593902482896214e-29,0.09409221366033926,0.003942095447104465,5.4495976688560135e-28,0.011058809924978421,0.25807554076424805
dim 47,47,0.5072600506326119,Charge_C3,0.34999133480278055,2.1803990746034123e-28,-0.06663601559770832,0.04141980099859746,1.1977850179564797e-27,0.08137737912289592,0.28335531920507223
dim 47,47,0.5072600506326119,Charge_T12,0.1743402516810731,7.843496858398572e-08,-0.07783244236364957,0.017175841409274393,1.5896407467870892e-07,0.03889309173354337,0.09650780931742352
dim 47,47,0.5072600506326119,Charge_T13,0.2761089358131323,7.407017061730162e-18,-0.11641265518196299,0.00035584519334660796,2.804924828364937e-17,0.001313285022958752,0.1596962806311693
dim 47,47,0.5072600506326119,Charge_T23,0.3514724971825334,1.247946918756963e-28,-0.018251474752847083,0.5768534885533343,7.017075267084607e-28,0.6893850595635856,0.3332210224296863
dim 47,47,0.5072600506326119,Charge_group1_D0,0.015857901750301204,0.6278181402020304,0.0873689271918841,0.007451749674587755,0.6546714293708341,0.01923932066214242,-0.0715110254415829
dim 47,47,0.5072600506326119,Charge_group1_D25,-0.12321666469239136,0.00015613669850285928,0.013067093972690822,0.689544843820749,0.00025132364963833734,0.785497878022272,0.11014957071970054
dim 47,47,0.5072600506326119,Charge_group1_D50,-0.015636464860326767,0.6326291225822063,0.02951040260020862,0.3668881948360471,0.6594112667197014,0.5039535059173478,-0.013873937739881853
dim 47,47,0.5072600506326119,Charge_group1_D75,-0.1150757142119659,0.0004162679619193605,-0.03209704794643738,0.32637254126014614,0.000643375748639826,0.46014533043853445,0.08297866626552852
dim 47,47,0.5072600506326119,Charge_group1_D100,0.0392418862053774,0.2301118374242094,-0.033991215803014854,0.2986196473561225,0.2539899329137011,0.4276970935546523,0.005250670402362545
dim 47,47,0.5072600506326119,Charge_group2_D0,0.00621618553576504,0.8492871034951928,-0.00782238291398174,0.8110042095537837,0.8725373502534431,0.8760524126486537,-0.0016061973782167003
dim 47,47,0.5072600506326119,Charge_group2_D25,0.21431792753932832,3.384649548842548e-11,0.09780347199124956,0.002726505113980135,8.179977925567375e-11,0.007995194978659921,0.11651445554807877
dim 47,47,0.5072600506326119,Charge_group2_D50,0.04612453470082606,0.1583156247855855,0.071980868405446,0.02757470215477743,0.1791847464533567,0.058736929334793755,-0.02585633370461994
dim 47,47,0.5072600506326119,Charge_group2_D75,0.09278947715513884,0.0044737157068979174,0.10506119948706903,0.0012792478558794225,0.006194946293963119,0.0041123078331446305,-0.01227172233193019
dim 47,47,0.5072600506326119,Charge_group2_D100,-0.15075195475942232,3.5704302339130194e-06,0.03156047229869986,0.33452915819345597,6.505857600256129e-06,0.46789254119185214,0.11919148246072246
dim 47,47,0.5072600506326119,Charge_group3_D0,-0.024921956244225968,0.4460764441214956,-0.0693244047791222,0.03385688698829137,0.47860434415862363,0.06933292614401788,-0.044402448534896236
dim 47,47,0.5072600506326119,Charge_group3_D25,-0.2607321968151673,5.013062460041962e-16,-0.11508591441416358,0.00041577275995317495,1.6512454256942954e-15,0.0014964235110383668,0.14564628240100372
dim 47,47,0.5072600506326119,Charge_group3_D50,-0.06037125971243168,0.06471670717229434,-0.07062624250597424,0.030640112746013914,0.07761357341309268,0.06400123612988523,-0.01025498279354256
dim 47,47,0.5072600506326119,Charge_group3_D75,-0.04836801353137184,0.13901834027786503,-0.11397781938570072,0.0004729031403067038,0.15925844685194016,0.001664379861564163,-0.06560980585432888
dim 47,47,0.5072600506326119,Charge_group3_D100,0.13553932839461053,3.146370418178674e-05,-0.021791372109308753,0.5052624842718795,5.251812692012379e-05,0.6303984674890091,0.11374795628530177
dim 47,47,0.5072600506326119,SecondaryStructure_C1,0.42302318995306615,5.702754767947892e-42,0.011567955705106079,0.7236090288891617,6.370301312690956e-41,0.8064244766399066,0.41145523424796004
dim 47,47,0.5072600506326119,SecondaryStructure_C2,-0.20825241282276105,1.2194413996498995e-10,-0.057867677350184006,0.07664800855051113,2.880434423501177e-10,0.1374889090003798,0.15038473547257705
dim 47,47,0.5072600506326119,SecondaryStructure_C3,-0.4246427765109284,2.5981976604874576e-42,0.03213840181590006,0.32574931171910354,2.9821237752673914e-41,0.4594606001443437,0.39250437469502836
dim 47,47,0.5072600506326119,SecondaryStructure_T12,0.27631106790485027,6.995043639216961e-18,-0.09098965147205117,0.005314918606703855,2.660984710134926e-17,0.014350709900073463,0.1853214164327991
dim 47,47,0.5072600506326119,SecondaryStructure_T13,0.266527999329757,1.0568991325249059e-16,0.015221622199501543,0.641683852877008,3.5947485770195373e-16,0.7480712281358488,0.2513063771302555
dim 47,47,0.5072600506326119,SecondaryStructure_T23,-0.3637640462705457,1.0832172925327278e-30,0.05637941526330637,0.08455126997414043,6.820348539770642e-30,0.1493396307316917,0.30738463100723934
dim 47,47,0.5072600506326119,SecondaryStructure_group1_D0,-0.08433515598515595,0.009803227769148585,-0.046517325884341064,0.15479818878376092,0.012695921189979167,0.24690828583465207,0.03781783010081489
dim 47,47,0.5072600506326119,SecondaryStructure_group1_D25,0.046956667588588,0.15093446209185787,0.020932754525167883,0.5221882363844326,0.17141145983910414,0.6440578691004449,0.026023913063420116
dim 47,47,0.5072600506326119,SecondaryStructure_group1_D50,0.15054483344799915,3.6832886178417268e-06,0.04199833941813414,0.19898840890585545,6.696888396075866e-06,0.30225893347268545,0.10854649402986502
dim 47,47,0.5072600506326119,SecondaryStructure_group1_D75,0.19396370840562563,2.146260677297794e-09,0.0722867314066611,0.026920316780691848,4.763130008089456e-09,0.05763708849199408,0.12167697699896453
dim 47,47,0.5072600506326119,SecondaryStructure_group1_D100,0.14870772323425765,4.845344612571187e-06,-0.002558092493750993,0.9376689785220083,8.63577961899027e-06,0.9657484174247516,0.14614963074050666
dim 47,47,0.5072600506326119,SecondaryStructure_group2_D0,-0.0766142924300455,0.019000762976590292,-0.0023670444482126562,0.9423156623413742,0.02393909782791836,0.9681690175931967,0.07424724798183284
dim 47,47,0.5072600506326119,SecondaryStructure_group2_D25,0.069740192824225,0.03279951941289489,0.02275399153437145,0.486635285174518,0.04080089193261413,0.6140392340320703,0.04698620128985355
dim 47,47,0.5072600506326119,SecondaryStructure_group2_D50,-0.0027434484722362066,0.9331627606261731,0.04395321422064649,0.17885733426380107,0.945907016841098,0.2764227204296764,-0.04120976574841029
dim 47,47,0.5072600506326119,SecondaryStructure_group2_D75,-0.1782862621077796,3.9245368758572615e-08,-0.04008019382368363,0.22030111619287643,8.116379668955574e-08,0.32877825204835,0.13820606828409596
dim 47,47,0.5072600506326119,SecondaryStructure_group2_D100,-0.1034927222918459,0.00151261511576618,-0.05354299283544324,0.10142948771084254,0.002251396830061961,0.17543992177846404,0.049949729456402664
dim 47,47,0.5072600506326119,SecondaryStructure_group3_D0,0.0337567917023561,0.30196642966502774,-0.11634389593490192,0.00035874145304498666,0.3288450847998672,0.0013225126414682731,-0.08258710423254582
dim 47,47,0.5072600506326119,SecondaryStructure_group3_D25,-0.002010765188731051,0.9509862281750989,-0.0495642959121226,0.12949601120417437,0.9610571867185569,0.21475505333760794,-0.04755353072339155
dim 47,47,0.5072600506326119,SecondaryStructure_group3_D50,-0.17300599140447434,9.877902898992834e-08,-0.08084823322618599,0.013303070024473847,1.9922823479852696e-07,0.03137871036846232,0.09215775817828835
dim 47,47,0.5072600506326119,SecondaryStructure_group3_D75,-0.09174683593251066,0.004945025628855721,-0.06864453821116558,0.03564849227220818,0.006763466666821503,0.07233655175527055,0.02310229772134509
dim 47,47,0.5072600506326119,SecondaryStructure_group3_D100,-0.09669571630870552,0.0030476121067700194,0.01729022123583498,0.5970867262792935,0.004338885096594997,0.7059361648753417,0.07940549507287054
dim 47,47,0.5072600506326119,SolventAccessibility_C1,0.19351682523236985,2.339708207768739e-09,0.19030778608274682,4.322074897550992e-09,5.161575570639094e-09,3.839289935590508e-08,0.003209039149623033
dim 47,47,0.5072600506326119,SolventAccessibility_C2,0.33566933001700866,4.1290708769006863e-26,-0.13620187388661859,2.8750489900039526e-05,1.9871897303815983e-25,0.00014353757289406878,0.19946745613039008
dim 47,47,0.5072600506326119,SolventAccessibility_C3,-0.49840582071690825,5.482776204984675e-60,-0.05384006589825371,0.09954494721260435,9.740676874813198e-59,0.17271694737147975,0.44456575481865457
dim 47,47,0.5072600506326119,SolventAccessibility_T12,0.46092344486140113,1.8239272242673618e-50,0.010886821636945723,0.7392734891968853,2.614556621911154e-49,0.8189630029577435,0.4500366232244554
dim 47,47,0.5072600506326119,SolventAccessibility_T13,-0.32732899349681277,7.7251429019736445e-25,0.03600705250159201,0.2708626826333831,3.4773554302684594e-24,0.39282733825249655,0.29132194099522074
dim 47,47,0.5072600506326119,SolventAccessibility_T23,-0.08278929715560998,0.011238684166870287,-0.12083728677378647,0.00020928214868892048,0.014470780692886183,0.0008361272447619549,-0.038047989618176487
dim 47,47,0.5072600506326119,SolventAccessibility_group1_D0,-0.003365277568605235,0.918061811750563,-0.046855976160784026,0.1518134315110472,0.9342859388320781,0.24295968435404774,-0.04349069859217879
dim 47,47,0.5072600506326119,SolventAccessibility_group1_D25,0.19727530236307278,1.1250515394369948e-09,0.03469909214218519,0.28866412653323414,2.5411818109381673e-09,0.41539775209866525,0.16257621022088758
dim 47,47,0.5072600506326119,SolventAccessibility_group1_D50,0.2280869997082692,1.5961477619339297e-12,0.0315101209025677,0.33530123766266257,4.107190697118124e-12,0.46857997229844894,0.19657687880570152
dim 47,47,0.5072600506326119,SolventAccessibility_group1_D75,0.19972123285701154,6.931736671535613e-10,0.01367980611953339,0.6757967286771296,1.5814207980142724e-09,0.7759233667176394,0.18604142673747814
dim 47,47,0.5072600506326119,SolventAccessibility_group1_D100,-0.021143479890612375,0.518007471469653,-0.0009255741841696936,0.977427319895273,0.5503005581134354,0.9856098163282809,0.020217905706442683
dim 47,47,0.5072600506326119,SolventAccessibility_group2_D0,-0.0008243421549095336,0.9798955884792167,-0.025466598173147954,0.43619777830771245,0.9822482789677621,0.5717820170909574,-0.02464225601823842
dim 47,47,0.5072600506326119,SolventAccessibility_group2_D25,-0.41346671488818193,5.4086575005904405e-40,-0.08215967106709592,0.011874832033489045,4.949292069033444e-39,0.028636779055489826,0.331307043821086
dim 47,47,0.5072600506326119,SolventAccessibility_group2_D50,-0.23395437899116694,4.083130043223162e-13,-0.07629973637839761,0.019498655839162556,1.1006984942990606e-12,0.043533095255884315,0.15765464261276935
dim 47,47,0.5072600506326119,SolventAccessibility_group2_D75,-0.25616445375512126,1.664314566295032e-15,-0.07866591419654564,0.016017419465538894,5.249112985293113e-15,0.03656745113800403,0.1774985395585756
dim 47,47,0.5072600506326119,SolventAccessibility_group2_D100,0.19069037871867411,4.019345827012185e-09,-0.00382793992968605,0.9068449957090757,8.649880839059728e-09,0.9466998125545403,0.18686243878898806
dim 47,47,0.5072600506326119,SolventAccessibility_group3_D0,-0.172406136172466,1.09506891524184e-07,-0.01348792681589429,0.6800908090910245,2.1927638950286246e-07,0.7784452715435304,0.15891820935657172
dim 47,47,0.5072600506326119,SolventAccessibility_group3_D25,0.05628742925686086,0.08506059233402825,0.06758305870816106,0.03860694688527778,0.10024783994200931,0.0773992812706049,-0.0112956294513002
dim 47,47,0.5072600506326119,SolventAccessibility_group3_D50,-0.07741237820020828,0.017787013327420054,0.0028951581632103845,0.9294761070541744,0.02248623183708667,0.9617255878441582,0.0745172200369979
dim 47,47,0.5072600506326119,SolventAccessibility_group3_D75,0.1015632604306405,0.0018532159503239734,0.08396849064820927,0.010128092135662885,0.0027207653952009106,0.025039102689203584,0.017594769782431227
dim 47,47,0.5072600506326119,SolventAccessibility_group3_D100,-0.1784088536384434,3.840054899847496e-08,-0.018219209523854335,0.5775273703248691,7.946582010836826e-08,0.6894000775143183,0.16018964411458905
dim 57,57,0.5052815737478642,AAC_A,-0.01429193897523592,0.6621685692918661,0.20650479231562527,1.7516082770725815e-10,0.6883420546015663,2.031379043549452e-09,-0.19221285334038934
dim 57,57,0.5052815737478642,AAC_C,-0.05335308722614552,0.10264897968993598,0.030225673497637183,0.3553833642978846,0.12008672229925961,0.4906905484724822,0.023127413728508336
dim 57,57,0.5052815737478642,AAC_D,0.22321000651283252,4.818891245348332e-12,0.04916737894305712,0.13259771869184467,1.2128935010899342e-11,0.21870438539790676,0.1740426275697754
dim 57,57,0.5052815737478642,AAC_E,0.3247135087599628,1.9000197623473955e-24,-0.15060806378548688,3.648477877770522e-06,8.495402953467605e-24,2.0795078688999222e-05,0.17410544497447591
dim 57,57,0.5052815737478642,AAC_F,0.1063549295924749,0.0011122433432031043,-0.05049904719853568,0.12241374922154583,0.0016801866876066795,0.20535505896532547,0.055855882393939224
dim 57,57,0.5052815737478642,AAC_G,-0.09092823374733634,0.005345989073097362,0.13554890899437474,3.1422794512584004e-05,0.007275622857833617,0.00015525463560951268,-0.0446206752470384
dim 57,57,0.5052815737478642,AAC_H,0.37430280821941075,1.5638655139556866e-32,0.0527291652939946,0.10673767778311041,1.0616485399617872e-31,0.18301018675338235,0.3215736429254161
dim 57,57,0.5052815737478642,AAC_I,0.1621993656323177,5.992553056832233e-07,-0.11182905148390444,0.0006050717642803927,1.148974007452334e-06,0.0020727586591759092,0.05037031414841327
dim 57,57,0.5052815737478642,AAC_K,0.267411932773437,8.307249997010951e-17,-0.10777519432453547,0.0009522312680121533,2.8516151068876235e-16,0.0031520836820223904,0.15963673844890153
dim 57,57,0.5052815737478642,AAC_L,0.26457616388309085,1.792968547588265e-16,-0.025971120771555035,0.4271601659314683,6.030730059360329e-16,0.5625847611242525,0.23860504311153583
dim 57,57,0.5052815737478642,AAC_M,0.15398028057880953,2.1864199369240437e-06,-0.11437276928757086,0.0004517505127940709,4.088825637920664e-06,0.0016017481026881068,0.03960751129123867
dim 57,57,0.5052815737478642,AAC_N,-0.038675720249788284,0.2369107693848525,-0.060533939604108356,0.06399757399083389,0.26089085715311816,0.11706018462726461,-0.02185821935432007
dim 57,57,0.5052815737478642,AAC_P,-0.4093724062511604,3.636989409645863e-39,-0.023410939979905197,0.47413890769000827,3.014279064073743e-38,0.6023674217134377,0.3859614662712552
dim 57,57,0.5052815737478642,AAC_Q,0.05116144097663981,0.11758068156886695,-0.04770857306736343,0.1444928067386325,0.13697923838158899,0.233934064230263,0.0034528679092763817
dim 57,57,0.5052815737478642,AAC_R,-0.09128475944174096,0.005167886183095438,0.01912048480922644,0.5588443410216181,0.007048076705405784,0.6737593364053313,0.07216427463251451
dim 57,57,0.5052815737478642,AAC_S,-0.41940160584728653,3.256999835588242e-41,-0.02768962166119043,0.3972053744715634,3.5091546615692672e-40,0.5347303308081506,0.3917119841860961
dim 57,57,0.5052815737478642,AAC_T,-0.4173862967451061,8.510054265968259e-41,0.021715492584700107,0.5067465722784954,8.745717307179687e-40,0.6317781080291804,0.39567080416040595
dim 57,57,0.5052815737478642,AAC_V,0.05970086595340558,0.06775078978840157,0.06485115776694943,0.04719311450023154,0.08084588706440202,0.09012292877688584,-0.005150291813543845
dim 57,57,0.5052815737478642,AAC_W,-0.11586554332254187,0.0003795078255161916,-0.003491629270912208,0.9149968210466789,0.0005892869071241655,0.9526463161770286,0.11237391405162966
dim 57,57,0.5052815737478642,AAC_Y,0.023830434391142807,0.46625237969643346,-0.05702447363167365,0.08104845388659386,0.497852604918826,0.14399033828788485,-0.03319403924053084
dim 57,57,0.5052815737478642,Hydrophobicity_C1,0.32831761378368596,5.484951653538691e-25,-0.1517049552060832,3.0924503914927104e-06,2.489094907991743e-24,1.76862744992905e-05,0.17661265857760275
dim 57,57,0.5052815737478642,Hydrophobicity_C2,-0.37032926896871815,7.873759663763182e-32,0.14749287557063298,5.798289585959132e-06,5.166671370720831e-31,3.2493770498495805e-05,0.22283639339808517
dim 57,57,0.5052815737478642,Hydrophobicity_C3,0.3313004075340609,1.936845473879775e-25,-0.09221241462940499,0.004729289174946533,8.997307208287134e-25,0.012958019560559,0.23908799290465593
dim 57,57,0.5052815737478642,Hydrophobicity_T12,0.09162248737598463,0.005004129556056022,0.014260645082934642,0.6628626229103864,0.00683590704181068,0.7658115394398792,0.07736184229304999
dim 57,57,0.5052815737478642,Hydrophobicity_T13,0.3688689131158236,1.4181469521447496e-31,-0.09400302291184943,0.00397657845351491,9.179478333650123e-31,0.011142426203640771,0.2748658902039742
dim 57,57,0.5052815737478642,Hydrophobicity_T23,-0.09275633464493103,0.0044880488630485394,0.1286039235190664,7.88812867427221e-05,0.006207073789889077,0.00035507209935403206,-0.035847588874135375
dim 57,57,0.5052815737478642,Hydrophobicity_group1_D0,-0.005668273777830765,0.86243273850523,-0.03358364997271621,0.3044542484510869,0.8851275187032795,0.434257256535203,-0.027915376194885447
dim 57,57,0.5052815737478642,Hydrophobicity_group1_D25,-0.4133607591332313,5.683989022664216e-40,-0.08124342442996588,0.012857507683970943,5.172894641879695e-39,0.030435205998910666,0.33211733470326543
dim 57,57,0.5052815737478642,Hydrophobicity_group1_D50,-0.23687719781508035,2.0417079638957042e-13,-0.08103653561393867,0.01308909466694039,5.711310384766878e-13,0.030917663498996398,0.15584066220114168
dim 57,57,0.5052815737478642,Hydrophobicity_group1_D75,-0.259434445581226,7.066535220364456e-16,-0.08398946404467386,0.010109254877112218,2.304905042579813e-15,0.025011045399670227,0.17544498153655216
dim 57,57,0.5052815737478642,Hydrophobicity_group1_D100,0.19228727076180926,2.963629364354224e-09,-0.0015412060834283498,0.9624223106484858,6.456961563563671e-09,0.9786965340846133,0.19074606467838093
dim 57,57,0.5052815737478642,Hydrophobicity_group2_D0,0.13428914449570428,3.725800443594816e-05,-0.03776209326022124,0.24817898258542742,6.172705100003316e-05,0.3638796320611622,0.09652705123548305
dim 57,57,0.5052815737478642,Hydrophobicity_group2_D25,0.3579579005579872,1.0465858235680028e-29,0.04140316957405224,0.20543393944445565,6.298372343634467e-29,0.3103473528370025,0.31655473098393494
dim 57,57,0.5052815737478642,Hydrophobicity_group2_D50,0.152514507791679,2.7351454806477973e-06,-0.0177220688957631,0.5879569693552154,5.069581523509236e-06,0.6981074573929681,0.13479243889591588
dim 57,57,0.5052815737478642,Hydrophobicity_group2_D75,0.24076771757123447,7.999209190004418e-14,0.10076023112651321,0.002014667939321787,2.3012367523354653e-13,0.006133993543605076,0.14000748644472127
dim 57,57,0.5052815737478642,Hydrophobicity_group2_D100,-0.09358673666499574,0.004141167826376487,0.04647816587101536,0.15514618340918854,0.00576312522504061,0.24734522796500702,0.047108570793980384
dim 57,57,0.5052815737478642,Hydrophobicity_group3_D0,-0.2652283588958967,1.5034335886439635e-16,-0.01646338087968,0.6147442313317127,5.07731869167931e-16,0.7226308441683147,0.2487649780162167
dim 57,57,0.5052815737478642,Hydrophobicity_group3_D25,-0.248390548470204,1.2153840365699834e-14,0.08289719941522376,0.01113275032525076,3.7038163158245846e-14,0.02706214416764013,0.16549334905498025
dim 57,57,0.5052815737478642,Hydrophobicity_group3_D50,-0.0913660023217522,0.005128057716742945,0.09069712582164621,0.005464376563606592,0.006996614695229344,0.01471856267939195,0.0006688765001059832
dim 57,57,0.5052815737478642,Hydrophobicity_group3_D75,-0.040214038890107114,0.2187628815386722,-0.005662170934871402,0.862579380882351,0.24266623192931425,0.9157708620937864,0.03455186795523571
dim 57,57,0.5052815737478642,Hydrophobicity_group3_D100,-0.06601537827298216,0.04335565112875503,-0.0482259113586753,0.14018434030021332,0.05347410442025177,0.22839541842314956,0.017789466914306863
dim 57,57,0.5052815737478642,NormVanDerWaalsVolume_C1,-0.3634852932140061,1.2091332031273644e-30,0.15185028660197927,3.025175516294006e-06,7.562743255515725e-30,1.7360972894195842e-05,0.2116350066120268
dim 57,57,0.5052815737478642,NormVanDerWaalsVolume_C2,0.33791387594331196,1.8483063083526438e-26,-0.13932449445433912,1.869066826756442e-05,9.091816008686054e-26,9.769457279133828e-05,0.19858938148897284
dim 57,57,0.5052815737478642,NormVanDerWaalsVolume_C3,0.2859466520715858,4.32402979051762e-19,-0.1081697953790002,0.0009117144778560945,1.707122872379297e-18,0.00302095868654698,0.1777768566925856
dim 57,57,0.5052815737478642,NormVanDerWaalsVolume_T12,-0.1395571614457761,1.809375824696357e-05,0.05605907266195785,0.08633570469605109,3.079252942949438e-05,0.15200909524765982,0.08349808878381824
dim 57,57,0.5052815737478642,NormVanDerWaalsVolume_T13,0.06306340959391298,0.05363857364383164,0.06830306736547971,0.0365784023029166,0.0654081182805395,0.07393963448869895,-0.005239657771566736
dim 57,57,0.5052815737478642,NormVanDerWaalsVolume_T23,0.2644155663653809,1.8722975767597035e-16,-0.19356787529747427,2.3167796103681815e-09,6.291221233780091e-16,2.1675192993360578e-08,0.07084769106790662
dim 57,57,0.5052815737478642,NormVanDerWaalsVolume_group1_D0,0.1261439026871391,0.00010810413763395873,-0.051170845768721905,0.1175131532213077,0.00017519059665085986,0.19842969249705142,0.07497305691841719
dim 57,57,0.5052815737478642,NormVanDerWaalsVolume_group1_D25,0.2728298958706673,1.8617711168147398e-17,-0.013287823070380796,0.6845800032146359,6.781151068878115e-17,0.7817084481151739,0.2595420728002865
dim 57,57,0.5052815737478642,NormVanDerWaalsVolume_group1_D50,0.10226275834188817,0.00172234422648815,-0.007685902234653461,0.8142410305351033,0.002546538165768225,0.8778453976718028,0.09457685610723471
dim 57,57,0.5052815737478642,NormVanDerWaalsVolume_group1_D75,0.2098841801096065,8.670792819277243e-11,0.0722211768624848,0.02705943061668657,2.0627099726770651e-10,0.05786075432761405,0.1376630032471217
dim 57,57,0.5052815737478642,NormVanDerWaalsVolume_group1_D100,-0.11254801720722113,0.0005574403456102841,0.01059648175202761,0.7459840281512774,0.0008544519294806557,0.8239373855903659,0.10195153545519352
dim 57,57,0.5052815737478642,NormVanDerWaalsVolume_group2_D0,-0.05107398563141573,0.11821008584965523,-0.03161162514820458,0.3337459618723434,0.13756853196440713,0.46718839591518313,0.01946236048321115
dim 57,57,0.5052815737478642,NormVanDerWaalsVolume_group2_D25,-0.275901572820169,7.854488374595107e-18,8.529537704398543e-05,0.9979195621452026,2.967646060084576e-17,0.9979195621452026,0.27581627744312504
dim 57,57,0.5052815737478642,NormVanDerWaalsVolume_group2_D50,-0.0434133235297189,0.18425947888722052,0.0517329464548083,0.11353205994041277,0.20693566223379845,0.1930738697560991,-0.0083196229250894
dim 57,57,0.5052815737478642,NormVanDerWaalsVolume_group2_D75,-0.06064971390283191,0.06348981197811182,-0.07044689233721639,0.031067093309145935,0.07625169795285634,0.06457006325609671,-0.009797178434384483
dim 57,57,0.5052815737478642,NormVanDerWaalsVolume_group2_D100,0.11739521633328151,0.0003167723597032462,0.013975386642987852,0.6692025100350645,0.0004969561678763937,0.7707366839714191,0.10341982969029366
dim 57,57,0.5052815737478642,NormVanDerWaalsVolume_group3_D0,-0.13295679332300972,4.45397612399538e-05,0.009743168861784147,0.7658162809693522,7.335443912300084e-05,0.8394572951879344,0.12321362446122558
dim 57,57,0.5052815737478642,NormVanDerWaalsVolume_group3_D25,-0.08604764178635536,0.008405534746096212,0.06600159753815821,0.043399486822172484,0.010983758236291608,0.0847190449947727,0.020046044248197156
dim 57,57,0.5052815737478642,NormVanDerWaalsVolume_group3_D50,-0.09525965750908831,0.003515070749953106,-0.01180252573746843,0.7182407408716656,0.004937063206410165,0.8020475006724718,0.08345713177161988
dim 57,57,0.5052815737478642,NormVanDerWaalsVolume_group3_D75,-0.1005018885509431,0.002069286711576533,-0.02804718002365132,0.3911356723408847,0.0030088888187486374,0.5289041075378764,0.07245470852729177
dim 57,57,0.5052815737478642,NormVanDerWaalsVolume_group3_D100,0.08207677013365305,0.011960923523404306,-0.0181392541791873,0.5791988861286808,0.015371098333270636,0.6901351227297178,0.06393751595446576
dim 57,57,0.5052815737478642,Polarity_C1,0.324638848883987,1.949211955030698e-24,-0.11270596094671674,0.0005474548320974497,8.703700440912474e-24,0.0018928562517655095,0.21193288793727022
dim 57,57,0.5052815737478642,Polarity_C2,-0.3918199123816279,9.570581646328595e-36,0.13800554187096956,2.244452262679913e-05,7.433893650869188e-35,0.00011480046795330643,0.25381437051065836
dim 57,57,0.5052815737478642,Polarity_C3,0.380584672114675,1.1595980561810786e-33,-0.12725146825597403,9.386964461466208e-05,8.34710669751035e-33,0.00041581513662197793,0.25333320385870095
dim 57,57,0.5052815737478642,Polarity_T12,-0.2160974455447836,2.3068054386720005e-11,0.12687717128577175,9.84697403651477e-05,5.677767255095417e-11,0.00043389041269075633,0.08922027425901186
dim 57,57,0.5052815737478642,Polarity_T13,0.41005816822999963,2.647996820092624e-39,-0.07925537209567043,0.015240099234563022,2.2390656655973072e-38,0.03527507376537803,0.33080279613432917
dim 57,57,0.5052815737478642,Polarity_T23,-0.03674796350989081,0.2611191307419502,0.01614958013459014,0.6215051253542574,0.2864606474661926,0.7288718815601193,0.02059838337530067
dim 57,57,0.5052815737478642,Polarity_group1_D0,-0.18829731790908627,6.314659551803785e-09,-0.0026556923344983707,0.9352959560326386,1.3416643068081834e-08,0.9650566861751662,0.1856416255745879
dim 57,57,0.5052815737478642,Polarity_group1_D25,-0.1886279730739217,5.934607135630439e-09,0.08123081989641405,0.01287151268806294,1.2641318771049532e-08,0.0304467793046248,0.10739715317750766
dim 57,57,0.5052815737478642,Polarity_group1_D50,-0.09272424325241539,0.004501967013409724,0.05700588343354174,0.08114773079863498,0.006220266850759617,0.14401350736845953,0.035718359818873655
dim 57,57,0.5052815737478642,Polarity_group1_D75,-0.11808384796278242,0.00029181914573528616,-0.029693253153387084,0.3639252908665765,0.0004593194848048331,0.5012414315440682,0.08839059480939533
dim 57,57,0.5052815737478642,Polarity_group1_D100,0.025345337764041888,0.43838622844616243,0.02256823078679776,0.4902007581055011,0.47141339440121777,0.6166744000272595,0.0027771069772441273
dim 57,57,0.5052815737478642,Polarity_group2_D0,0.13905446096514357,1.9406921925744666e-05,-0.038630229377558896,0.23746314573510224,3.291981677602193e-05,0.3498574798214563,0.10042423158758468
dim 57,57,0.5052815737478642,Polarity_group2_D25,0.34825773001177984,4.173874229575129e-28,0.023661952212306617,0.4694110896630736,2.2557831596732896e-27,0.5977251389533609,0.32459577779947324
dim 57,57,0.5052815737478642,Polarity_group2_D50,0.2340210150117967,4.019535465374119e-13,0.05397027873340821,0.0987277568112463,1.0870646521740533e-12,0.17147722711885735,0.1800507362783885
dim 57,57,0.5052815737478642,Polarity_group2_D75,0.2736124399174917,1.4958637258149926e-17,0.12510007314492255,0.00012336019808524817,5.514552808192136e-17,0.0005268837104919807,0.14851236677256913
dim 57,57,0.5052815737478642,Polarity_group2_D100,-0.05957364599219322,0.06833955124300232,0.032273906044255785,0.3237125926790609,0.08151932183986707,0.45699410587574946,0.027299739947937433
dim 57,57,0.5052815737478642,Polarity_group3_D0,-0.04988118039701429,0.1270603409414283,-0.04463266107065096,0.1722270707553719,0.14715032550082197,0.2691803539180825,0.005248519326363325
dim 57,57,0.5052815737478642,Polarity_group3_D25,-0.4536659496225785,9.37261776419792e-49,-0.0727992070228747,0.02585388069424181,1.2133543927294981e-47,0.05583689883775986,0.38086674259970377
dim 57,57,0.5052815737478642,Polarity_group3_D50,-0.28128439608033573,1.685606935089155e-18,-0.07176225284369171,0.028050777232224027,6.6234437214091505e-18,0.059636916585377626,0.20952214323664403
dim 57,57,0.5052815737478642,Polarity_group3_D75,-0.2463839220814802,2.008351875693113e-14,-0.07128406995041976,0.029116818032005665,6.032279914401976e-14,0.061317889172067416,0.17509985213106044
dim 57,57,0.5052815737478642,Polarity_group3_D100,0.16741264111652715,2.5477925041130913e-07,-0.004069888431642956,0.9009864154919108,4.944582779626801e-07,0.9433525478818126,0.16334275268488418
dim 57,57,0.5052815737478642,Polarizability_C1,-0.30007279095099987,5.980430833736736e-21,0.1695707679695292,1.774141094857937e-07,2.453886853154877e-20,1.2580958082432078e-06,0.13050202298147068
dim 57,57,0.5052815737478642,Polarizability_C2,0.206028151146263,1.9323764109558413e-10,-0.15524405029467825,1.7995410139842632e-06,4.519703930386912e-10,1.0619199623158018e-05,0.050784100851584746
dim 57,57,0.5052815737478642,Polarizability_C3,0.2859466520715858,4.32402979051762e-19,-0.1081697953790002,0.0009117144778560945,1.707122872379297e-18,0.00302095868654698,0.1777768566925856
dim 57,57,0.5052815737478642,Polarizability_T12,-0.3390592997744038,1.2232710637729287e-26,0.09042479575467523,0.005606909510227757,6.043972415682814e-26,0.015029757435120954,0.24863450401972859
dim 57,57,0.5052815737478642,Polarizability_T13,0.10614847972553425,0.0011374679004033136,0.1048525671421349,0.0013082494257801451,0.0017175148224896329,0.0041853956725150234,0.0012959125833993529
dim 57,57,0.5052815737478642,Polarizability_T23,0.2362712872216382,2.3589799644032733e-13,-0.2106446816923007,7.389590176106297e-11,6.538583469798284e-13,8.942475068186605e-10,0.025626605529337515
dim 57,57,0.5052815737478642,Polarizability_group1_D0,0.10302898886497058,0.0015887642001825846,-0.05137346521948458,0.1160656713911918,0.002357384464064786,0.19658181665648106,0.051655523645486
dim 57,57,0.5052815737478642,Polarizability_group1_D25,0.2557545847537211,1.8513846107796396e-15,-0.04755111642863199,0.14582403937281646,5.828109896327989e-15,0.23551851620174416,0.2082034683250891
dim 57,57,0.5052815737478642,Polarizability_group1_D50,0.23544357245365,2.871688775624502e-13,0.01177666284585175,0.7188319549830231,7.89418972064678e-13,0.8024324306606895,0.22366690960779825
dim 57,57,0.5052815737478642,Polarizability_group1_D75,0.2503476833240641,7.414683345991325e-15,0.09462306007803802,0.003742408805374533,2.282492384848943e-14,0.0105571329475937,0.1557246232460261
dim 57,57,0.5052815737478642,Polarizability_group1_D100,-0.03358532061756931,0.3044301787537988,0.01825240354376139,0.5768340955890616,0.3314200772613064,0.6893850595635856,0.01533291707380792
dim 57,57,0.5052815737478642,Polarizability_group2_D0,0.024187876418814987,0.4595902210090097,-0.052768461095297405,0.10647641776771204,0.4916820429756862,0.18265600171759536,-0.028580584676482418
dim 57,57,0.5052815737478642,Polarizability_group2_D25,-0.20762708444199884,1.3886608028946104e-10,0.017312247260020168,0.5966195159316087,3.2708935695825097e-10,0.7056335634601887,0.19031483718197867
dim 57,57,0.5052815737478642,Polarizability_group2_D50,-0.25138991342326106,5.689097945311174e-15,0.0038994238417282548,0.90511353136195,1.7594062164203074e-14,0.9464869113177562,0.2474904895815328
dim 57,57,0.5052815737478642,Polarizability_group2_D75,-0.15607150881886805,1.5827881016135075e-06,-0.09127037529173139,0.005174966871226037,3.003700147380179e-06,0.014052349064955255,0.06480113352713666
dim 57,57,0.5052815737478642,Polarizability_group2_D100,-0.04889039846713786,0.13479599249716462,0.010814963675388641,0.7409324985884989,0.1549272590985994,0.820181227981998,0.03807543479174921
dim 57,57,0.5052815737478642,Polarizability_group3_D0,-0.13295679332300972,4.45397612399538e-05,0.009743168861784147,0.7658162809693522,7.335443912300084e-05,0.8394572951879344,0.12321362446122558
dim 57,57,0.5052815737478642,Polarizability_group3_D25,-0.08604764178635536,0.008405534746096212,0.06600159753815821,0.043399486822172484,0.010983758236291608,0.0847190449947727,0.020046044248197156
dim 57,57,0.5052815737478642,Polarizability_group3_D50,-0.09525965750908831,0.003515070749953106,-0.01180252573746843,0.7182407408716656,0.004937063206410165,0.8020475006724718,0.08345713177161988
dim 57,57,0.5052815737478642,Polarizability_group3_D75,-0.1005018885509431,0.002069286711576533,-0.02804718002365132,0.3911356723408847,0.0030088888187486374,0.5289041075378764,0.07245470852729177
dim 57,57,0.5052815737478642,Polarizability_group3_D100,0.08207677013365305,0.011960923523404306,-0.0181392541791873,0.5791988861286808,0.015371098333270636,0.6901351227297178,0.06393751595446576
dim 57,57,0.5052815737478642,Charge_C1,0.23077570211305012,8.585453928448727e-13,-0.10375130979234787,0.001471624957591277,2.2650407678529816e-12,0.00466340356580158,0.12702439232070226
dim 57,57,0.5052815737478642,Charge_C2,-0.34463745903956583,1.598713654524925e-27,0.10976140715758467,0.000763953359246242,8.278610242036047e-27,0.0025670062574270104,0.23487605188198116
dim 57,57,0.5052815737478642,Charge_C3,0.34528239988752657,1.260170881941336e-27,-0.07665888262241476,0.018931089533130357,6.617878530949782e-27,0.04255036274606689,0.2686235172651118
dim 57,57,0.5052815737478642,Charge_T12,0.16659237862603507,2.9199748533175173e-07,-0.0918613129924345,0.0048911717498201085,5.653748411640874e-07,0.013357738057562683,0.07473106563360057
dim 57,57,0.5052815737478642,Charge_T13,0.2703869159615185,3.669652475025599e-17,-0.12797699268734206,8.55240593604702e-05,1.2847630258475366e-16,0.00038188550570049525,0.14240992327417643
dim 57,57,0.5052815737478642,Charge_T23,0.3484939552155257,3.821349281117335e-28,-0.024711401396715467,0.44992929737379694,2.0686072283520095e-27,0.5845055827415332,0.3237825538188102
dim 57,57,0.5052815737478642,Charge_group1_D0,0.011114023029496994,0.7340360114404986,0.07977969287684075,0.014576745137276467,0.7585644425158617,0.03380995052673847,-0.06866566984734376
dim 57,57,0.5052815737478642,Charge_group1_D25,-0.12454680140403337,0.00013224662057574247,0.011150859789517012,0.7331880007570064,0.0002134865697066118,0.8143824152073168,0.11339594161451637
dim 57,57,0.5052815737478642,Charge_group1_D50,-0.020548053259241878,0.5298650768122909,0.021505112500039718,0.5108732196451539,0.5620036063998258,0.6350266295551968,-0.0009570592407978397
dim 57,57,0.5052815737478642,Charge_group1_D75,-0.11780095757587951,0.0003018388055040165,-0.036509262698213606,0.26423145037793644,0.00047419643009567964,0.38404397052319744,0.08129169487766591
dim 57,57,0.5052815737478642,Charge_group1_D100,0.04101705642414761,0.20969566896897357,-0.031249153492044233,0.33932120703097673,0.23369487299178235,0.472418854307404,0.009767902932103376
dim 57,57,0.5052815737478642,Charge_group2_D0,-0.003441522077253528,0.9162121535540207,-0.02386752286893776,0.4655586291851662,0.9332566614426439,0.5944058950605715,-0.020426000791684232
dim 57,57,0.5052815737478642,Charge_group2_D25,0.21602450628010406,2.3434958405215383e-11,0.10056413686276873,0.0020560035582465543,5.7468987572260925e-11,0.006248454853997718,0.11546036941733533
dim 57,57,0.5052815737478642,Charge_group2_D50,0.0507617916493855,0.12047844397887258,0.0798229527191038,0.014523166479955139,0.1400619571491244,0.033709086895795805,-0.02906116106971831
dim 57,57,0.5052815737478642,Charge_group2_D75,0.09647734243915633,0.003114837574030454,0.11135172884537496,0.000638754330233136,0.004428930394747431,0.0021769790438557904,-0.014874386406218632
dim 57,57,0.5052815737478642,Charge_group2_D100,-0.14718241042001115,6.069154415513605e-06,0.038061813975671245,0.24444184044024048,1.0697084827343242e-05,0.35871517885342846,0.10912059644433991
dim 57,57,0.5052815737478642,Charge_group3_D0,-0.025133701499372323,0.44222079674367176,-0.06987029372397824,0.032474520209640305,0.4750779868523203,0.06687108353896339,-0.044736592224605916
dim 57,57,0.5052815737478642,Charge_group3_D25,-0.2610781849509526,4.573103637561421e-16,-0.11550687722285198,0.00039580842160168243,1.513792482602096e-15,0.0014291893277293183,0.14557130772810062
dim 57,57,0.5052815737478642,Charge_group3_D50,-0.06136601886363131,0.060421641687263924,-0.0723975455135744,0.026686558945946737,0.07293396575188345,0.05717325649740994,-0.011031526649943092
dim 57,57,0.5052815737478642,Charge_group3_D75,-0.04893288976681416,0.1344569430074314,-0.11521856518887844,0.00040938261894452597,0.1545907709620726,0.001475013966855142,-0.06628567542206427
dim 57,57,0.5052815737478642,Charge_group3_D100,0.1376797590113857,2.3476470794367958e-05,-0.018559334647086412,0.5704423061855679,3.940271982572311e-05,0.6836301767706483,0.1191204243642993
dim 57,57,0.5052815737478642,SecondaryStructure_C1,0.4167771844596772,1.1361730155221421e-40,-0.001617226379452866,0.9605702553957213,1.1395849464996861e-39,0.9782346934450584,0.4151599580802243
dim 57,57,0.5052815737478642,SecondaryStructure_C2,-0.20741191593634487,1.4520242602123467e-10,-0.05618512132168607,0.08562997334644033,3.415324668386787e-10,0.1509758642444292,0.1512267946146588
dim 57,57,0.5052815737478642,SecondaryStructure_C3,-0.41678606940712587,1.1313982861157822e-40,0.04899273119155583,0.1339805690422022,1.1382139384417809e-39,0.21969670023632887,0.36779333821557003
dim 57,57,0.5052815737478642,SecondaryStructure_T12,0.2680053368216783,7.063731533778854e-17,-0.10706294206923869,0.0010296067541613104,2.4347640168030313e-16,0.003378081099114712,0.16094239475243963
dim 57,57,0.5052815737478642,SecondaryStructure_T13,0.26664845439789164,1.0228352589768405e-16,0.014875701355043873,0.6492751992777391,3.482436049931343e-16,0.7533221683624176,0.2517727530428478
dim 57,57,0.5052815737478642,SecondaryStructure_T23,-0.35869440426918064,7.869476025675486e-30,0.06715177300490609,0.03986716622126626,4.770244995600022e-29,0.07911844039158009,0.29154263126427454
dim 57,57,0.5052815737478642,SecondaryStructure_group1_D0,-0.08950346375852805,0.006114286219811561,-0.05508583468314836,0.09194394730240299,0.00822792746743377,0.16086578522264328,0.034417629075379694
dim 57,57,0.5052815737478642,SecondaryStructure_group1_D25,0.04454928856626044,0.17303062309308154,0.016913394851558603,0.605105469702091,0.1945866266433981,0.7141527451607718,0.027635893714701838
dim 57,57,0.5052815737478642,SecondaryStructure_group1_D50,0.1461532652089609,7.056155392923599e-06,0.03444978829726304,0.29214452936301083,1.2351970132266677e-05,0.41968289379460477,0.11170347691169787
dim 57,57,0.5052815737478642,SecondaryStructure_group1_D75,0.1926766832970622,2.7503147313868224e-09,0.06994566914628586,0.03228749129937943,6.023640133004581e-09,0.06656803761723908,0.12273101415077634
dim 57,57,0.5052815737478642,SecondaryStructure_group1_D100,0.14887451741673424,4.726838350107017e-06,-0.0026146053672965112,0.9362948673936689,8.44710545176963e-06,0.9653233566462641,0.14625991204943772
dim 57,57,0.5052815737478642,SecondaryStructure_group2_D0,-0.08094860491862285,0.013188632611845013,-0.009422306244140076,0.7733142224403136,0.01683869760075013,0.84517981117495,0.07152629867448278
dim 57,57,0.5052815737478642,SecondaryStructure_group2_D25,0.06995631680145604,0.03226114571139088,0.0230429568865038,0.4811168432135117,0.04014613512520326,0.6091471782915577,0.04691335991495224
dim 57,57,0.5052815737478642,SecondaryStructure_group2_D50,-0.0021564422120686636,0.9474402105980365,0.045090377696691906,0.16786514639029304,0.9583435201082501,0.26322515912844074,-0.042933935484623244
dim 57,57,0.5052815737478642,SecondaryStructure_group2_D75,-0.17661086401811318,5.2758799993668454e-08,-0.036999881273747,0.25786203014157305,1.0797450488900285e-07,0.3764244670772963,0.13961098274436617
dim 57,57,0.5052815737478642,SecondaryStructure_group2_D100,-0.10146240124783684,0.001872821020867563,-0.050132173773191686,0.125156513042374,0.0027471331619225562,0.2090113767807646,0.051330227474645156
dim 57,57,0.5052815737478642,SecondaryStructure_group3_D0,0.030834841097735436,0.3457664356371996,-0.12171871037433704,0.0001878746573223132,0.37471119241669265,0.0007569377026013583,-0.09088386927660161
dim 57,57,0.5052815737478642,SecondaryStructure_group3_D25,-0.0009499012624266248,0.9768342013107065,-0.04797916327044609,0.14222682338549825,0.9806511068162789,0.2313648272237222,-0.04702926200801946
dim 57,57,0.5052815737478642,SecondaryStructure_group3_D50,-0.16882303573025115,2.012203763962936e-07,-0.07374104267748244,0.02398885938170438,3.9464242933859106e-07,0.05240208654996248,0.09508199305276871
dim 57,57,0.5052815737478642,SecondaryStructure_group3_D75,-0.08985621015867697,0.0059153441234255835,-0.06555271938586058,0.044847917439636543,0.007982727019087454,0.0868641418965822,0.02430349077281639
dim 57,57,0.5052815737478642,SecondaryStructure_group3_D100,-0.09107924457951704,0.005269886538558365,0.02695548536719342,0.409844093399526,0.0071813223332455895,0.5477708171086102,0.06412375921232362
dim 57,57,0.5052815737478642,SolventAccessibility_C1,0.19776315096614366,1.0219630459217678e-09,0.19764002640820702,1.0470778900535837e-09,2.311006481637579e-09,1.0255836225158268e-08,0.00012312455793664356
dim 57,57,0.5052815737478642,SolventAccessibility_C2,0.32831761378368596,5.484951653538691e-25,-0.1517049552060832,3.0924503914927104e-06,2.489094907991743e-24,1.76862744992905e-05,0.17661265857760275
dim 57,57,0.5052815737478642,SolventAccessibility_C3,-0.4946653402429043,5.536222799907669e-59,-0.0449929430372593,0.1687866651345538,9.681143534917075e-58,0.26429791915115314,0.449672397205645
dim 57,57,0.5052815737478642,SolventAccessibility_T12,0.4577121889168833,1.054642287056609e-49,0.00321893532032374,0.9216132424491432,1.4555806771773034e-48,0.9574457946439,0.45449325359655957
dim 57,57,0.5052815737478642,SolventAccessibility_T13,-0.3207152364062274,7.394213216187533e-24,0.04910061696452368,0.13312502732753612,3.228323155825668e-23,0.21892545114424944,0.27161461944170373
dim 57,57,0.5052815737478642,SolventAccessibility_T23,-0.08460072096787576,0.009573760633139302,-0.12409331077427009,0.00013997595161212534,0.012413183429613847,0.0005888157158494945,-0.039492589806394335
dim 57,57,0.5052815737478642,SolventAccessibility_group1_D0,-0.009472535324682813,0.7721390503707327,-0.057141218471769256,0.0804272515489514,0.7974472567217833,0.1431913753590073,-0.047668683147086444
dim 57,57,0.5052815737478642,SolventAccessibility_group1_D25,0.19346706014709786,2.362272006840072e-09,0.027913039777402955,0.39340613884450115,5.204477904251874e-09,0.5311141890625035,0.1655540203696949
dim 57,57,0.5052815737478642,SolventAccessibility_group1_D50,0.22847779225573694,1.4592858422839752e-12,0.03178125721549847,0.33115720072499893,3.766626517178112e-12,0.4643430102525174,0.19669653504023848
dim 57,57,0.5052815737478642,SolventAccessibility_group1_D75,0.2007824925867145,5.607223615717036e-10,0.015093933421340012,0.6444817276220156,1.2853896277621758e-09,0.7498419594047734,0.18568855916537447
dim 57,57,0.5052815737478642,SolventAccessibility_group1_D100,-0.01731449847204982,0.5965717731634812,0.0054634442119413556,0.8673570481400757,0.6261941302218816,0.919090273092593,0.011851054260108466
dim 57,57,0.5052815737478642,SolventAccessibility_group2_D0,-0.005668273777830765,0.86243273850523,-0.03358364997271621,0.3044542484510869,0.8851275187032795,0.434257256535203,-0.027915376194885447
dim 57,57,0.5052815737478642,SolventAccessibility_group2_D25,-0.4133607591332313,5.683989022664216e-40,-0.08124342442996588,0.012857507683970943,5.172894641879695e-39,0.030435205998910666,0.33211733470326543
dim 57,57,0.5052815737478642,SolventAccessibility_group2_D50,-0.23687719781508035,2.0417079638957042e-13,-0.08103653561393867,0.01308909466694039,5.711310384766878e-13,0.030917663498996398,0.15584066220114168
dim 57,57,0.5052815737478642,SolventAccessibility_group2_D75,-0.259434445581226,7.066535220364456e-16,-0.08398946404467386,0.010109254877112218,2.304905042579813e-15,0.025011045399670227,0.17544498153655216
dim 57,57,0.5052815737478642,SolventAccessibility_group2_D100,0.19228727076180926,2.963629364354224e-09,-0.0015412060834283498,0.9624223106484858,6.456961563563671e-09,0.9786965340846133,0.19074606467838093
dim 57,57,0.5052815737478642,SolventAccessibility_group3_D0,-0.17585249772476214,6.026457017166864e-08,-0.018989967057616935,0.5615316770729435,1.2318461711956748e-07,0.6753747934546745,0.1568625306671452
dim 57,57,0.5052815737478642,SolventAccessibility_group3_D25,0.05855969934274935,0.07318360023800914,0.07146933312894925,0.0286997389976327,0.08695596755423356,0.06066906851398305,-0.0129096337861999
dim 57,57,0.5052815737478642,SolventAccessibility_group3_D50,-0.07419437275008992,0.02313348825888048,0.00843296447631713,0.7965636633822957,0.028971072660165284,0.8632455015239674,0.06576140827377279
dim 57,57,0.5052815737478642,SolventAccessibility_group3_D75,0.10486413336694407,0.0013066258983469444,0.08952971866710177,0.006099274328785872,0.00195964548741751,0.016180759537843377,0.0153344146998423
dim 57,57,0.5052815737478642,SolventAccessibility_group3_D100,-0.1726980735235092,1.0415232435124956e-07,-0.00820927288406615,0.8018462911858086,2.0905574719541677e-07,0.8675628806480727,0.16448880063944304
dim 42,42,0.4754520403415485,AAC_A,0.15174889694177612,3.071959804829911e-06,0.014555736887068321,0.6563294713288468,5.656199420138865e-06,0.7587886584417959,0.1371931600547078
dim 42,42,0.4754520403415485,AAC_C,0.15106266255360765,3.407315144140139e-06,0.13944440196278868,1.8380743337383332e-05,6.222215736155311e-06,9.62252080671792e-05,0.011618260590818968
dim 42,42,0.4754520403415485,AAC_D,-0.30925924999416254,3.244207376601516e-22,-0.1981626139321369,9.444530958229322e-10,1.3681379593243769e-21,9.36045501498099e-09,0.11109663606202563
dim 42,42,0.4754520403415485,AAC_E,-0.6071528616571689,1.8348240119937806e-95,-0.38966788040172357,2.4337965158890395e-35,2.3570431538689336e-93,6.774066969224493e-33,0.2174849812554453
dim 42,42,0.4754520403415485,AAC_F,-0.2575888986782511,1.1476797160868705e-15,-0.21226041821358196,5.2507142328047584e-11,3.692919317659101e-15,6.495327976876997e-10,0.04532848046466911
dim 42,42,0.4754520403415485,AAC_G,0.2718932553521409,2.4169561137678572e-17,0.17318080986922535,9.584865237367227e-08,8.624608354684447e-17,7.129944296838873e-07,0.09871244548291552
dim 42,42,0.4754520403415485,AAC_H,-0.46885837159381866,2.2013797970559885e-52,-0.21501342145113905,2.9148213571529885e-11,3.3727562028288996e-51,3.7881335925645845e-10,0.2538449501426796
dim 42,42,0.4754520403415485,AAC_I,-0.34866894685020344,3.579372358031846e-28,-0.2106154828838101,7.435175905219967e-11,1.9407635837380463e-27,8.965157950698443e-10,0.13805346396639334
dim 42,42,0.4754520403415485,AAC_K,-0.4364200418142986,7.50517985888284e-45,-0.1871323165969377,7.851394237462322e-09,9.082355336474161e-44,6.811339416395884e-08,0.24928772521736092
dim 42,42,0.4754520403415485,AAC_L,-0.3798160010305134,1.5991831824444646e-33,-0.16907087730425127,1.930070782829274e-07,1.1388639295020282e-32,1.3628829629280708e-06,0.2107451237262621
dim 42,42,0.4754520403415485,AAC_M,-0.31856948370735605,1.520382640930775e-23,-0.16597701581173768,3.233054543287357e-07,6.560824316161225e-23,2.1553696955249046e-06,0.15259246789561837
dim 42,42,0.4754520403415485,AAC_N,0.0725074437212087,0.026456463855792305,0.12843564812939867,8.061480062145067e-05,0.033070579819740376,0.00036092953629443064,-0.05592820440818998
dim 42,42,0.4754520403415485,AAC_P,0.47147453097647596,5.001280896689868e-53,0.11499144494084224,0.0004203801773321916,7.916719523670217e-52,0.001508130818785736,0.3564830860356337
dim 42,42,0.4754520403415485,AAC_Q,0.008127378815311143,0.8037825524617483,0.1688776545548786,1.993818707348441e-07,0.8288464727453657,1.4019693647460617e-06,-0.16075027573956746
dim 42,42,0.4754520403415485,AAC_R,0.10122545606957377,0.0019196291625278561,-0.012215435415200883,0.7088248295704733,0.0028083930805269555,0.7984387529291185,0.08901002065437288
dim 42,42,0.4754520403415485,AAC_S,0.5067323337253824,2.87294164079091e-62,0.17301297415578473,9.866033904187474e-08,5.997265675151024e-61,7.306552824830636e-07,0.33371935956959764
dim 42,42,0.4754520403415485,AAC_T,0.6544786957191193,1.1507758752297752e-115,0.44362985679179723,1.865187061181941e-46,7.687182846534898e-113,1.2459449568695366e-43,0.2108488389273221
dim 42,42,0.4754520403415485,AAC_V,0.04811671736539299,0.1410854088978164,0.12748739607316115,9.107502648558338e-05,0.16132326796258364,0.00040397156502237517,-0.07937067870776815
dim 42,42,0.4754520403415485,AAC_W,0.190680010578953,4.027271138863018e-09,0.13154818930466183,5.369356432120565e-05,8.661355829879253e-09,0.0002504699788167973,0.059131821274291174
dim 42,42,0.4754520403415485,AAC_Y,-0.08864921895527413,0.006621212318913281,-0.050577184662310606,0.12183569243246921,0.008848826821061856,0.20469376897608008,0.03807203429296352
dim 42,42,0.4754520403415485,Hydrophobicity_C1,-0.5408327793796803,2.6873639116394436e-72,-0.24125942676101617,7.097430589521079e-14,7.671620055449352e-71,1.221928771597959e-12,0.29957335261866413
dim 42,42,0.4754520403415485,Hydrophobicity_C2,0.5932838106333485,3.6150012497898375e-90,0.27930547135997186,2.9797942559204075e-18,2.7441145850677406e-88,6.911467232482056e-17,0.3139783392733766
dim 42,42,0.4754520403415485,Hydrophobicity_C3,-0.5113834179658399,1.4343554760193748e-63,-0.233346916216261,4.710254750440225e-13,3.1938315266031413e-62,7.674268715351391e-12,0.27803650174957883
dim 42,42,0.4754520403415485,Hydrophobicity_T12,-0.17275344576518822,1.0316566644626863e-07,-0.15723980430754866,1.3189600681418896e-06,2.0719983519575298e-07,7.99514814445356e-06,0.01551364145763956
dim 42,42,0.4754520403415485,Hydrophobicity_T13,-0.5117298693141709,1.1452228939570984e-63,-0.15810723890890713,1.150959932778341e-06,2.6198934697374714e-62,7.118900324962331e-06,0.35362263040526376
dim 42,42,0.4754520403415485,Hydrophobicity_T23,0.15240914279593226,2.7793039402908378e-06,-0.04604397852715822,0.15904441255405077,5.145717938232483e-06,0.2519963652421867,0.10636516426877404
dim 42,42,0.4754520403415485,Hydrophobicity_group1_D0,-0.0009142712064207658,0.977702902096899,0.026347874077566256,0.4204829332713053,0.9809335214790156,0.5564235329342947,-0.02543360287114549
dim 42,42,0.4754520403415485,Hydrophobicity_group1_D25,0.41118819967989567,1.5671209225257194e-39,0.04707687275606735,0.1498902273111251,1.342098431086129e-38,0.24045790548470597,0.3641113269238283
dim 42,42,0.4754520403415485,Hydrophobicity_group1_D50,0.22897068505649187,1.3029685573090323e-12,0.05675196160171582,0.08251363670943544,3.3788159793572737e-12,0.14603010429978505,0.17221872345477607
dim 42,42,0.4754520403415485,Hydrophobicity_group1_D75,0.21470046411770335,3.117767959357966e-11,-0.012023807597641843,0.7131892529118046,7.545902162504063e-11,0.8001518658802241,0.2026766565200615
dim 42,42,0.4754520403415485,Hydrophobicity_group1_D100,-0.2386398665918876,1.3381709174265007e-13,-0.06748084506216813,0.038902518629391515,3.778098786309816e-13,0.07774265276022256,0.17115902152971946
dim 42,42,0.4754520403415485,Hydrophobicity_group2_D0,-0.23641305139415145,2.2806720517169364e-13,-0.13416857904922533,3.786737073081815e-05,6.337308363339906e-13,0.00018410046323279859,0.10224447234492612
dim 42,42,0.4754520403415485,Hydrophobicity_group2_D25,-0.41319232995793187,6.15057093470172e-40,-0.12327312271133928,0.000155045214944576,5.5455538844922444e-39,0.0006432931899563774,0.2899192072465926
dim 42,42,0.4754520403415485,Hydrophobicity_group2_D50,-0.16716151999873954,2.656582043602415e-07,0.007380164083912575,0.8215034410145846,5.152720107800271e-07,0.882541490186141,0.15978135591482698
dim 42,42,0.4754520403415485,Hydrophobicity_group2_D75,-0.21661002165183307,2.0643409466760703e-11,-0.04881387577709362,0.1354082510460773,5.1035520073264806e-11,0.22158920063395304,0.16779614587473946
dim 42,42,0.4754520403415485,Hydrophobicity_group2_D100,0.14874511481620903,4.818533594172503e-06,0.03954997153428911,0.22647087168379482,8.592579927675472e-06,0.3364825228753891,0.10919514328191993
dim 42,42,0.4754520403415485,Hydrophobicity_group3_D0,0.2585438776313115,8.934028580525913e-16,-0.019363924071899578,0.5538486996293409,2.897053928054034e-15,0.6699950595124706,0.2391799535594119
dim 42,42,0.4754520403415485,Hydrophobicity_group3_D25,0.3349407948599654,5.352270684343649e-26,0.04989472050627617,0.12695706598173054,2.553797726529684e-25,0.2111736057664243,0.2850460743536892
dim 42,42,0.4754520403415485,Hydrophobicity_group3_D50,0.13825756574137446,2.1675937020245786e-05,-0.026349598338550502,0.4204525154025934,3.658293564811568e-05,0.5564235329342947,0.11190796740282397
dim 42,42,0.4754520403415485,Hydrophobicity_group3_D75,-0.017337307152081642,0.5960881541333776,-0.10242970155882797,0.0016923910820746148,0.6258831923311792,0.0052729349012399385,-0.08509239440674632
dim 42,42,0.4754520403415485,Hydrophobicity_group3_D100,0.07588978206315955,0.020164603455132584,0.06790464650920987,0.03768940771170035,0.025348052517931062,0.07574164967333284,0.007985135553949682
dim 42,42,0.4754520403415485,NormVanDerWaalsVolume_C1,0.5865840828127675,1.058565515867647e-87,0.27337047371689904,1.6007003499318198e-17,5.0508697471399164e-86,3.494339325994953e-16,0.3132136090958685
dim 42,42,0.4754520403415485,NormVanDerWaalsVolume_C2,-0.5116054807121393,1.2416660282219044e-63,-0.1729141436995273,1.0035312136834942e-07,2.8021381988251086e-62,7.404049171994189e-07,0.338691337012612
dim 42,42,0.4754520403415485,NormVanDerWaalsVolume_C3,-0.5017750449767511,6.664011124255907e-61,-0.2833649539151359,9.214209924198445e-19,1.21627306858004e-59,2.3139444471295345e-17,0.21841009106161519
dim 42,42,0.4754520403415485,NormVanDerWaalsVolume_T12,0.19913070667579633,7.795930966380189e-10,0.03358046438019892,0.30450014814534293,1.7725261693471632e-09,0.434257256535203,0.1655502422955974
dim 42,42,0.4754520403415485,NormVanDerWaalsVolume_T13,-0.08653667874101481,0.008040499221136487,-0.11628926948915685,0.0003610580864489056,0.01056462132124149,0.0013295854561624527,-0.029752590748142044
dim 42,42,0.4754520403415485,NormVanDerWaalsVolume_T23,-0.48743082049266634,4.4721012390335916e-57,-0.2081822860354042,1.2373673270459697e-10,7.468409069186098e-56,1.4450373679487899e-09,0.27924853445726217
dim 42,42,0.4754520403415485,NormVanDerWaalsVolume_group1_D0,-0.23020353206809385,9.802973659336405e-13,-0.12299378758998128,0.00016051641351656472,2.572029224052128e-12,0.0006617481954055805,0.10720974447811257
dim 42,42,0.4754520403415485,NormVanDerWaalsVolume_group1_D25,-0.31196997449142544,1.3458124210325783e-22,-0.03446589435645261,0.29191883413066794,5.733435569194912e-22,0.419539116177466,0.27750408013497285
dim 42,42,0.4754520403415485,NormVanDerWaalsVolume_group1_D50,-0.06279933234394784,0.05465017385855282,0.09110825337416378,0.0052553798024271405,0.06654450626597391,0.014224447763457576,-0.02830892103021594
dim 42,42,0.4754520403415485,NormVanDerWaalsVolume_group1_D75,-0.15229969615428446,2.8258958943809828e-06,0.04357978203711656,0.18258118881396307,5.223294016177356e-06,0.2815425533881055,0.1087199141171679
dim 42,42,0.4754520403415485,NormVanDerWaalsVolume_group1_D100,0.21438560900748937,3.335858196402924e-11,0.16561465714719367,3.4322938573255483e-07,8.067897448215616e-11,2.283637745710624e-06,0.0487709518602957
dim 42,42,0.4754520403415485,NormVanDerWaalsVolume_group2_D0,0.03509089082175229,0.28325101818160137,0.0027141156210604453,0.9338757374383555,0.30957408400737846,0.9641870055777766,0.03237677520069185
dim 42,42,0.4754520403415485,NormVanDerWaalsVolume_group2_D25,0.35984338270502736,5.036356306079048e-30,0.136644413973211,2.7063567665220448e-05,3.092174643805886e-29,0.00013633833484439864,0.22319896873181636
dim 42,42,0.4754520403415485,NormVanDerWaalsVolume_group2_D50,0.14019820499475485,1.6541526526173948e-05,0.11380518923046413,0.0004824354931338317,2.8260203886148843e-05,0.0016878702093099632,0.02639301576429072
dim 42,42,0.4754520403415485,NormVanDerWaalsVolume_group2_D75,0.14174298504437363,1.3304779005338675e-05,0.2243465512762805,3.733416660876e-12,2.289436469749159e-05,5.591754101939839e-11,-0.08260356623190687
dim 42,42,0.4754520403415485,NormVanDerWaalsVolume_group2_D100,-0.06089743123822089,0.06241453317954289,0.09887645643714592,0.002445205818790043,0.07506825380614808,0.007284405013824957,-0.03797902519892503
dim 42,42,0.4754520403415485,NormVanDerWaalsVolume_group3_D0,0.1324375064735635,4.772738415405654e-05,-0.02455960174402608,0.4527186567033614,7.841095084827783e-05,0.5850295471582753,0.10787790472953743
dim 42,42,0.4754520403415485,NormVanDerWaalsVolume_group3_D25,0.04149064622195456,0.2044772084694375,-0.16687139256744415,2.787849800352421e-07,0.2284890854091406,1.888629093627273e-06,-0.1253807463454896
dim 42,42,0.4754520403415485,NormVanDerWaalsVolume_group3_D50,-0.062651465762449,0.05522351108319684,-0.28551582798185987,4.908601347951959e-19,0.06709586286572479,1.3777082774923986e-17,-0.22286436221941086
dim 42,42,0.4754520403415485,NormVanDerWaalsVolume_group3_D75,-0.12154597546411484,0.00019190086942075276,-0.38489044417024737,1.8855806822898319e-34,0.0003065274528289403,2.5634777956434506e-32,-0.26334446870613254
dim 42,42,0.4754520403415485,NormVanDerWaalsVolume_group3_D100,-0.1546522922216729,1.9717245577352247e-06,-0.10503554954121386,0.0012827811794929196,3.7059988873582725e-06,0.004115743649862009,0.04961674268045904
dim 42,42,0.4754520403415485,Polarity_C1,-0.5207451511225583,2.983924880014084e-66,-0.24480097891887564,2.9753743396997205e-14,7.49346548815567e-65,5.258068938940246e-13,0.2759441722036826
dim 42,42,0.4754520403415485,Polarity_C2,0.6171240339836509,1.9609535560382824e-99,0.3005808432798398,5.1040361008825164e-21,3.2747924385839313e-97,2.0294619734461435e-19,0.3165431907038111
dim 42,42,0.4754520403415485,Polarity_C3,-0.5926378914569443,6.286939959653039e-90,-0.27767203178620836,4.7524219107201666e-18,4.19967589304823e-88,1.079801985156827e-16,0.314965859670736
dim 42,42,0.4754520403415485,Polarity_T12,0.307741375065991,5.288666489151411e-22,0.011526463675902888,0.724560024518545,2.2163294948263125e-21,0.8072149706110541,0.2962149113900881
dim 42,42,0.4754520403415485,Polarity_T13,-0.5648420006329063,4.4250950712928666e-80,-0.20552854096256948,2.1413692576868025e-10,1.7595020878712114e-78,2.4244655324318375e-09,0.3593134596703369
dim 42,42,0.4754520403415485,Polarity_T23,0.01205956698364641,0.7123740974682646,-0.06727019494832068,0.03951771354983236,0.7368626464986077,0.07861177084957718,-0.05521062796467427
dim 42,42,0.4754520403415485,Polarity_group1_D0,0.14682525793940845,6.395705057412858e-06,-0.09256399175205925,0.004572054646740601,1.1248896730784068e-05,0.012568446518612022,0.05426126618734921
dim 42,42,0.4754520403415485,Polarity_group1_D25,0.24003412875494426,9.557217566039245e-14,-0.013731700527155118,0.6746371798042954,2.7353133393805553e-13,0.775658581943665,0.22630242822778915
dim 42,42,0.4754520403415485,Polarity_group1_D50,0.0821946592896851,0.011838662174534905,-0.09408875924181571,0.003943425934326138,0.01522569567306376,0.011058809924978421,-0.011894099952130616
dim 42,42,0.4754520403415485,Polarity_group1_D75,-0.006437778401403503,0.8439822376709311,-0.20591086355441468,1.9795754187187874e-10,0.8676210137952939,2.2565808527374574e-09,-0.19947308515301118
dim 42,42,0.4754520403415485,Polarity_group1_D100,0.017006491867894078,0.6031199157777333,0.053599122424359845,0.10107126165222889,0.632074213585701,0.17500156242532114,-0.03659263055646576
dim 42,42,0.4754520403415485,Polarity_group2_D0,-0.23450710303045166,3.5841162685484853e-13,-0.12050840389987912,0.00021784027748532764,9.740397344956826e-13,0.0008661744366678505,0.11399869913057255
dim 42,42,0.4754520403415485,Polarity_group2_D25,-0.38389650294199706,2.8747076841042795e-34,-0.0642168421201422,0.04940134466399542,2.138423978821446e-33,0.09396383324472933,0.31967966082185484
dim 42,42,0.4754520403415485,Polarity_group2_D50,-0.17667696578768677,5.214922916007261e-08,0.06792734912355734,0.03762533959072012,1.0679241287225168e-07,0.075658419164964,0.10874961666412943
dim 42,42,0.4754520403415485,Polarity_group2_D75,-0.1651450490541197,3.7081662138023654e-07,0.08573895309783486,0.008643502136287548,7.134375088767224e-07,0.021865815021301273,0.07940609595628484
dim 42,42,0.4754520403415485,Polarity_group2_D100,0.1400609927485847,1.6862719903901813e-05,0.10501868993572243,0.0012851085151685262,2.8750119693227187e-05,0.004119253781826178,0.03504230281286226
dim 42,42,0.4754520403415485,Polarity_group3_D0,0.049827742270524916,0.12746856873746523,0.047050384347674216,0.1501198609492313,0.1474696985047225,0.24056492391331183,0.0027773579228506998
dim 42,42,0.4754520403415485,Polarity_group3_D25,0.46282645703273484,6.390506893187327e-51,0.055462232500933774,0.0897412671919392,9.239953689716741e-50,0.15742428173375891,0.40736422453180104
dim 42,42,0.4754520403415485,Polarity_group3_D50,0.24948823908234904,9.216547725982911e-15,-0.004721536460265407,0.8852349455519284,2.829344614410195e-14,0.9332969438584093,0.24476670262208364
dim 42,42,0.4754520403415485,Polarity_group3_D75,0.18292633703633945,1.7041041755543833e-08,-0.06070520008594633,0.06324764168668881,3.568468931881906e-08,0.11590665902878113,0.12222113695039313
dim 42,42,0.4754520403415485,Polarity_group3_D100,-0.24441482861402766,3.273411495281557e-14,-0.1237310564886156,0.00014645338503042134,9.641264897919226e-14,0.0006122081426803595,0.12068377212541206
dim 42,42,0.4754520403415485,Polarizability_C1,0.5291124249583125,1.0137229546023346e-68,0.25202843259237084,4.833907150782855e-15,2.7305118293320946e-67,9.553402297996885e-14,0.2770839923659416
dim 42,42,0.4754520403415485,Polarizability_C2,-0.3656749328233814,5.082202534122391e-31,-0.11380206588089775,0.00048260959577575295,3.2209784561610596e-30,0.0016878702093099632,0.2518728669424837
dim 42,42,0.4754520403415485,Polarizability_C3,-0.5017750449767511,6.664011124255907e-61,-0.2833649539151359,9.214209924198445e-19,1.21627306858004e-59,2.3139444471295345e-17,0.21841009106161519
dim 42,42,0.4754520403415485,Polarizability_T12,0.5040427121676703,1.5919481258886863e-61,0.2048003031212268,2.485985482864165e-10,3.1462170061942086e-60,2.7677305042554374e-09,0.2992424090464435
dim 42,42,0.4754520403415485,Polarizability_T13,-0.10860641349392766,0.0008687458890752086,-0.1162580431012069,0.0003623886212695196,0.0013183149793326654,0.0013330154130398628,-0.007651629607279234
dim 42,42,0.4754520403415485,Polarizability_T23,-0.4687603763622894,2.3264567726837278e-52,-0.20518066311951327,2.2997449378494933e-10,3.5481121555998405e-51,2.5689458503067916e-09,0.2635797132427761
dim 42,42,0.4754520403415485,Polarizability_group1_D0,-0.2092719977399252,9.857425601955047e-11,-0.12796612263428508,8.564375992867151e-05,2.3400001073581987e-10,0.0003819094234469464,0.08130587510564011
dim 42,42,0.4754520403415485,Polarizability_group1_D25,-0.3421025991472413,4.051353814761859e-27,-0.08878864777437409,0.0065359781603302695,2.044036516813385e-26,0.0172434178953421,0.25331395137286716
dim 42,42,0.4754520403415485,Polarizability_group1_D50,-0.22549394697323974,2.881363079977315e-12,0.02775210232795212,0.3961406687609968,7.312881981097441e-12,0.5337272423000118,0.19774184464528763
dim 42,42,0.4754520403415485,Polarizability_group1_D75,-0.11956894635291869,0.00024412862947802667,0.160490595617431,7.885664862987982e-07,0.0003879113332334011,4.997745852443996e-06,-0.04092164926451232
dim 42,42,0.4754520403415485,Polarizability_group1_D100,0.1448782958622144,8.492325375837226e-06,0.1795569197671052,3.129762998790443e-08,1.4773107685050175e-05,2.524977878251227e-07,-0.03467862390489079
dim 42,42,0.4754520403415485,Polarizability_group2_D0,-0.08427271446971851,0.009857887141444959,-0.04677594029462385,0.15251486330558395,0.012756816370564184,0.24373188681370833,0.037496774175094665
dim 42,42,0.4754520403415485,Polarizability_group2_D25,0.35170514926780877,1.1429130716144867e-28,0.23404847086456126,3.993616173871771e-13,6.448191991879029e-28,6.538567657221429e-12,0.1176566784032475
dim 42,42,0.4754520403415485,Polarizability_group2_D50,0.35717118140137194,1.4180368288918496e-29,0.17527183453156783,6.669975968841828e-08,8.427478662809213e-29,5.086237382632809e-07,0.1818993468698041
dim 42,42,0.4754520403415485,Polarizability_group2_D75,0.1573932713304269,1.2876155243194654e-06,0.09380791050000499,0.004052968216717319,2.4575062007011512e-06,0.011313554145591546,0.06358536083042192
dim 42,42,0.4754520403415485,Polarizability_group2_D100,0.11757492700168093,0.00031007476902938046,0.10886617352012395,0.0008440797380999103,0.000486677504021678,0.0028024118541289263,0.008708753481556974
dim 42,42,0.4754520403415485,Polarizability_group3_D0,0.1324375064735635,4.772738415405654e-05,-0.02455960174402608,0.4527186567033614,7.841095084827783e-05,0.5850295471582753,0.10787790472953743
dim 42,42,0.4754520403415485,Polarizability_group3_D25,0.04149064622195456,0.2044772084694375,-0.16687139256744415,2.787849800352421e-07,0.2284890854091406,1.888629093627273e-06,-0.1253807463454896
dim 42,42,0.4754520403415485,Polarizability_group3_D50,-0.062651465762449,0.05522351108319684,-0.28551582798185987,4.908601347951959e-19,0.06709586286572479,1.3777082774923986e-17,-0.22286436221941086
dim 42,42,0.4754520403415485,Polarizability_group3_D75,-0.12154597546411484,0.00019190086942075276,-0.38489044417024737,1.8855806822898319e-34,0.0003065274528289403,2.5634777956434506e-32,-0.26334446870613254
dim 42,42,0.4754520403415485,Polarizability_group3_D100,-0.1546522922216729,1.9717245577352247e-06,-0.10503554954121386,0.0012827811794929196,3.7059988873582725e-06,0.004115743649862009,0.04961674268045904
dim 42,42,0.4754520403415485,Charge_C1,-0.4153860329493657,2.1934840390863305e-40,-0.21936730859291886,1.1304890685927732e-11,2.1297199681826583e-39,1.5864846592856566e-10,0.19601872435644685
dim 42,42,0.4754520403415485,Charge_C2,0.599896748801318,1.1640135168116428e-92,0.37673645496179664,5.746567731975783e-33,1.1781227715608748e-90,4.7983840561997785e-31,0.2231602938395214
dim 42,42,0.4754520403415485,Charge_C3,-0.5895270166357659,8.878476957691202e-89,-0.3854083707750652,1.5127217112490465e-34,4.8613300063423955e-87,2.296586597987189e-32,0.20411864586070072
dim 42,42,0.4754520403415485,Charge_T12,-0.33491786631215115,5.396095427429469e-26,-0.1979124306108029,9.92298882087373e-10,2.5710354818280208e-25,9.776632053604206e-09,0.13700543570134824
dim 42,42,0.4754520403415485,Charge_T13,-0.4555618233239675,3.379927137668845e-49,-0.19879900839759618,8.326464891579847e-10,4.5155826559255773e-48,8.35146929065366e-09,0.2567628149263713
dim 42,42,0.4754520403415485,Charge_T23,-0.560239774949194,1.5397332727292459e-78,-0.3700860893352974,8.686122371961227e-32,5.529794764425463e-77,6.3068801570327175e-30,0.19015368561389656
dim 42,42,0.4754520403415485,Charge_group1_D0,0.017177789668348643,0.5994741801205132,-0.039620246560661786,0.22564613743242087,0.6288454025133524,0.3354063636067137,-0.022442456892313143
dim 42,42,0.4754520403415485,Charge_group1_D25,0.09058683580744782,0.005521702323286169,-0.08736593306435253,0.007453796687668352,0.007484775064844077,0.01923932066214242,0.0032209027430952913
dim 42,42,0.4754520403415485,Charge_group1_D50,-0.06340645893256662,0.0523478110594797,-0.18039148608310474,2.695132664529916e-08,0.06392749138525125,2.2117304912849925e-07,-0.11698502715053812
dim 42,42,0.4754520403415485,Charge_group1_D75,-0.01714670310404053,0.6001350558414459,-0.21702361484735816,1.88702375276989e-11,0.629341000474232,2.583057104201407e-10,-0.19987691174331762
dim 42,42,0.4754520403415485,Charge_group1_D100,-0.0631928571227918,0.05314842927002723,-0.0007064714061786808,0.9827697876610784,0.06485778361778989,0.9888922110624905,0.062486385716613115
dim 42,42,0.4754520403415485,Charge_group2_D0,-0.0876293469383936,0.007275621290184131,-0.13916403210240727,1.911319745324222e-05,0.009639260257522807,9.959138766587991e-05,-0.051534685164013674
dim 42,42,0.4754520403415485,Charge_group2_D25,-0.15133570071467534,3.2698868994398213e-06,0.024202800386639214,0.45931322385226026,5.984340955687126e-06,0.5904950606876633,0.12713290032803612
dim 42,42,0.4754520403415485,Charge_group2_D50,0.10168084894947811,0.0018305967893500834,0.19084050663731114,3.906273942999815e-09,0.002689922250958767,3.497843155393937e-08,-0.08915965768783303
dim 42,42,0.4754520403415485,Charge_group2_D75,0.13176456148296395,5.218023553539958e-05,0.2973389682979074,1.3954030004353265e-20,8.539048833328496e-05,5.296188660743171e-19,-0.16557440681494345
dim 42,42,0.4754520403415485,Charge_group2_D100,0.19394081528131057,2.155780951058781e-09,0.029657598949245276,0.36450185482567343,4.7796663066310065e-09,0.5018286047476296,0.1642832163320653
dim 42,42,0.4754520403415485,Charge_group3_D0,-0.05394355586705082,0.09889502677592485,-0.0659499650015564,0.04356405940674084,0.11577616173557273,0.08496355075507707,-0.012006409134505576
dim 42,42,0.4754520403415485,Charge_group3_D25,0.18853792375005854,6.035849254493143e-09,-0.027435272500482007,0.4015573815078079,1.2840596503189234e-08,0.5392849434001119,0.16110265124957654
dim 42,42,0.4754520403415485,Charge_group3_D50,-0.08771271480055061,0.007220030842155751,-0.1943257851458807,2.0010162834170307e-09,0.009584619639427746,1.893312857397417e-08,-0.10661307034533009
dim 42,42,0.4754520403415485,Charge_group3_D75,-0.20502206225700692,2.3756873562928084e-10,-0.3353972808971173,4.549532266839095e-26,5.521778545593584e-10,2.4508770598778348e-24,-0.13037521864011037
dim 42,42,0.4754520403415485,Charge_group3_D100,-0.27653414483622246,6.566564503181619e-18,-0.2240873116945543,3.9576872347737265e-12,2.5065514789287555e-17,5.874966828508554e-11,0.052446833141668175
dim 42,42,0.4754520403415485,SecondaryStructure_C1,-0.5913162741898191,1.9430748236858708e-89,-0.3280628866228125,5.991669372798847e-25,1.2245037568133602e-87,3.032147834113356e-23,0.2632533875670066
dim 42,42,0.4754520403415485,SecondaryStructure_C2,0.3052128093841775,1.1861868497522815e-21,0.22891475695752134,1.319845416678072e-12,4.9154641168394796e-21,2.0696167566689015e-11,0.07629805242665616
dim 42,42,0.4754520403415485,SecondaryStructure_C3,0.5835593813798944,1.3169419506370885e-86,0.2637036717083775,2.2676023396429985e-16,5.944035290713346e-85,4.793539123042794e-15,0.3198557096715169
dim 42,42,0.4754520403415485,SecondaryStructure_T12,-0.3810194705446768,9.664569711638534e-34,-0.07570857457951578,0.020465224497115162,7.032606282543073e-33,0.04547827666025592,0.305310895965161
dim 42,42,0.4754520403415485,SecondaryStructure_T13,-0.40172617590639925,1.1909706447312286e-37,-0.25251834661217676,4.264652111797208e-15,9.608313897107012e-37,8.529304223594416e-14,0.1492078292942225
dim 42,42,0.4754520403415485,SecondaryStructure_T23,0.5617113760578272,4.979201492812899e-79,0.311458308375026,1.5900744790599e-22,1.8925386454661625e-77,7.275135287753515e-21,0.25025306768280114
dim 42,42,0.4754520403415485,SecondaryStructure_group1_D0,0.019023748345785844,0.5608355285653097,-0.07353693300849544,0.02438284131064149,0.5925943262917224,0.05315841382346121,-0.054513184662709595
dim 42,42,0.4754520403415485,SecondaryStructure_group1_D25,-0.09254734339281012,0.0045793922651803706,-0.1033485683730849,0.0015359190713154476,0.0063072866662690465,0.004848742625891867,-0.010801224980274776
dim 42,42,0.4754520403415485,SecondaryStructure_group1_D50,-0.3236574168396775,2.7258172390490015e-24,-0.35499554474458195,3.2700926431778667e-29,1.2074575037697169e-23,2.0607753638139766e-27,-0.03133812790490442
dim 42,42,0.4754520403415485,SecondaryStructure_group1_D75,-0.25270692592902,4.063563037561299e-15,-0.17489159032624577,7.126871616939718e-08,1.259026024624744e-14,5.39767600920151e-07,0.07781533560277423
dim 42,42,0.4754520403415485,SecondaryStructure_group1_D100,-0.11096637804377701,0.0006672084233170935,0.087414612193141,0.007420578311990297,0.0010189648531683092,0.01918322876319473,0.02355176585063601
dim 42,42,0.4754520403415485,SecondaryStructure_group2_D0,0.04073306913824847,0.2128707211883438,-0.07034485964759798,0.031312271289253256,0.236680495595562,0.0649583764634198,-0.029611790509349513
dim 42,42,0.4754520403415485,SecondaryStructure_group2_D25,-0.07157371408945118,0.028467018416174907,-0.023260497197113265,0.47698497228003334,0.03553058352392533,0.6050625930175888,0.04831321689233792
dim 42,42,0.4754520403415485,SecondaryStructure_group2_D50,0.103762106848818,0.001469935891977292,0.1334392417472996,4.175983103538226e-05,0.0021947187658489745,0.0001995391068071198,-0.029677134898481602
dim 42,42,0.4754520403415485,SecondaryStructure_group2_D75,0.171799094891796,1.2150560455276732e-07,0.017476018686176938,0.5931508621780679,2.427205258410543e-07,0.7035241049981346,0.15432307620561908
dim 42,42,0.4754520403415485,SecondaryStructure_group2_D100,0.13860205507462064,2.0665741600169067e-05,0.1169455766022406,0.00033412689087650036,3.491329132249099e-05,0.0012483040442142182,0.021656478472380045
dim 42,42,0.4754520403415485,SecondaryStructure_group3_D0,-0.19303334125140684,2.56809182868916e-09,-0.15522017145235528,1.806200568365625e-06,5.64675885965885e-09,1.0639699997074407e-05,0.037813169799051555
dim 42,42,0.4754520403415485,SecondaryStructure_group3_D25,0.02514074641055015,0.44209284478554006,0.09973632972812799,0.002239202147921093,0.4750779868523203,0.006740999308961689,-0.07459558331757783
dim 42,42,0.4754520403415485,SecondaryStructure_group3_D50,0.22422668583434624,3.835522867249078e-12,0.17237410083973792,1.1011041057814046e-07,9.675714785960665e-12,8.082830139142619e-07,0.05185258499460832
dim 42,42,0.4754520403415485,SecondaryStructure_group3_D75,0.10494987437350539,0.0012946483744075367,0.09536741646774986,0.0034778543946487835,0.001942554164654615,0.009877579658271206,0.009582457905755529
dim 42,42,0.4754520403415485,SecondaryStructure_group3_D100,0.16565109761673835,3.4117342695069905e-07,0.09796581565245292,0.0026821307173442587,6.575413998934419e-07,0.007892789952361078,0.06768528196428543
dim 42,42,0.4754520403415485,SolventAccessibility_C1,-0.10141614482716288,0.0018818758403748785,-0.033808075458896525,0.3012321498798236,0.0027592033831659764,0.43088453130561494,0.06760806936826635
dim 42,42,0.4754520403415485,SolventAccessibility_C2,-0.5408327793796803,2.6873639116394436e-72,-0.24125942676101617,7.097430589521079e-14,7.671620055449352e-71,1.221928771597959e-12,0.29957335261866413
dim 42,42,0.4754520403415485,SolventAccessibility_C3,0.6251181469260826,1.00945327475277e-102,0.292260263272105,6.574136147416493e-20,2.8096449480618764e-100,2.2872515346219884e-18,0.33285788365397756
dim 42,42,0.4754520403415485,SolventAccessibility_T12,-0.5508574537151117,1.8042140251924456e-75,-0.16044329461315207,7.94549556995654e-07,5.850558101109484e-74,5.0212907724087405e-06,0.39041415910195965
dim 42,42,0.4754520403415485,SolventAccessibility_T13,0.4408215084658416,7.949762969337948e-46,0.1545663251750081,1.9980165352818372e-06,9.870709411743027e-45,1.1626089247110343e-05,0.28625518329083355
dim 42,42,0.4754520403415485,SolventAccessibility_T23,-0.07444754685012117,0.022667389382518964,-0.15474344436045823,1.9442093450384547e-06,0.028408660614489056,1.1332738590625547e-05,-0.08029589751033706
dim 42,42,0.4754520403415485,SolventAccessibility_group1_D0,-0.08764255137081738,0.007266790975656472,-0.11229403509696116,0.0005738534093504694,0.009635205184078054,0.0019739138900417793,-0.024651483726143786
dim 42,42,0.4754520403415485,SolventAccessibility_group1_D25,-0.2937580788208213,4.175632126811278e-20,-0.20226920343883026,4.157982190190719e-10,1.686410072980613e-19,4.4087811159482545e-09,0.09148887538199102
dim 42,42,0.4754520403415485,SolventAccessibility_group1_D50,-0.37123540309927977,5.457096598184068e-32,-0.28573206588835737,4.606060350352908e-19,3.6164092535584896e-31,1.344628170785132e-17,0.0855033372109224
dim 42,42,0.4754520403415485,SolventAccessibility_group1_D75,-0.12396275841830995,0.00014227865176866594,0.14606109522029348,7.151668216297072e-06,0.00022934879194369897,3.9612888627582454e-05,-0.02209833680198353
dim 42,42,0.4754520403415485,SolventAccessibility_group1_D100,0.09360473336233255,0.004133926658095986,0.13159990304538988,5.332814277430975e-05,0.00575544603503151,0.0002491132823303421,-0.03799516968305733
dim 42,42,0.4754520403415485,SolventAccessibility_group2_D0,-0.0009142712064207658,0.977702902096899,0.026347874077566256,0.4204829332713053,0.9809335214790156,0.5564235329342947,-0.02543360287114549
dim 42,42,0.4754520403415485,SolventAccessibility_group2_D25,0.41118819967989567,1.5671209225257194e-39,0.04707687275606735,0.1498902273111251,1.342098431086129e-38,0.24045790548470597,0.3641113269238283
dim 42,42,0.4754520403415485,SolventAccessibility_group2_D50,0.22897068505649187,1.3029685573090323e-12,0.05675196160171582,0.08251363670943544,3.3788159793572737e-12,0.14603010429978505,0.17221872345477607
dim 42,42,0.4754520403415485,SolventAccessibility_group2_D75,0.21470046411770335,3.117767959357966e-11,-0.012023807597641843,0.7131892529118046,7.545902162504063e-11,0.8001518658802241,0.2026766565200615
dim 42,42,0.4754520403415485,SolventAccessibility_group2_D100,-0.2386398665918876,1.3381709174265007e-13,-0.06748084506216813,0.038902518629391515,3.778098786309816e-13,0.07774265276022256,0.17115902152971946
dim 42,42,0.4754520403415485,SolventAccessibility_group3_D0,0.14588501347050922,7.337578678977027e-06,-0.050378407360082506,0.12331043566105392,1.2824444158965605e-05,0.20665170853382847,0.09550660611042672
dim 42,42,0.4754520403415485,SolventAccessibility_group3_D25,0.0695611031380638,0.03325144057571085,0.15680983383927735,1.4107292962741412e-06,0.041301529015572415,8.444150268020845e-06,-0.08724873070121356
dim 42,42,0.4754520403415485,SolventAccessibility_group3_D50,0.16951745865765466,1.790172087031091e-07,0.15855448384042864,1.0725736765669724e-06,3.52961910902234e-07,6.671128640099977e-06,0.010962974817226023
dim 42,42,0.4754520403415485,SolventAccessibility_group3_D75,-0.1527565789024946,2.6362254574414238e-06,-0.18184951727084553,2.072104520205092e-08,4.897104019941243e-06,1.7258925430137176e-07,-0.029092938368350918
dim 42,42,0.4754520403415485,SolventAccessibility_group3_D100,0.1801128895561665,2.8332796599637114e-08,0.0072673193593477976,0.8241878192095234,5.8960461459680973e-08,0.8837198446740957,0.1728455701968187
dim 43,43,0.4661423567951871,AAC_A,0.1547717991598774,1.9357255217252496e-06,0.019828350636110752,0.5443791353212725,3.6486022813557185e-06,0.6630341604043474,0.13494344852376666
dim 43,43,0.4661423567951871,AAC_C,0.15030852410995896,3.816221399502037e-06,0.13834588067622852,2.1412575461195773e-05,6.919749986067753e-06,0.00011002769544675981,0.011962643433730435
dim 43,43,0.4661423567951871,AAC_D,-0.3101310097926223,2.447104174783079e-22,-0.19993509092710046,6.642392276659663e-10,1.035909752062799e-21,6.763899452452218e-09,0.11019591886552185
dim 43,43,0.4661423567951871,AAC_E,-0.6087766494675557,4.231756686247391e-96,-0.3931484211308329,5.3604722847172037e-36,6.145246666115776e-94,1.9893308256617178e-33,0.2156282283367228
dim 43,43,0.4661423567951871,AAC_F,-0.2595647597383458,6.827657590714985e-16,-0.21629629228282113,2.2096084780308848e-11,2.231347979744428e-15,2.9638924966358054e-10,0.04326846745552468
dim 43,43,0.4661423567951871,AAC_G,0.27300486384274963,1.7729827322164733e-17,0.17537738435565434,6.548257610719137e-08,6.471871394101661e-17,5.00484677798671e-07,0.0976274794870953
dim 43,43,0.4661423567951871,AAC_H,-0.4690772692297934,1.9456136155627493e-52,-0.21510443845600835,2.858262080384649e-11,2.994631094921467e-51,3.758502105702649e-10,0.2539728307737851
dim 43,43,0.4661423567951871,AAC_I,-0.35195087003653536,1.0414794953951261e-28,-0.21695785833928705,1.9141846066709193e-11,5.895833075626646e-28,2.6095414637881105e-10,0.1349930116972483
dim 43,43,0.4661423567951871,AAC_K,-0.43871699756957133,2.3352410977366553e-45,-0.19137159359802547,3.5305523792791665e-09,2.846607761474609e-44,3.195676137342118e-08,0.24734540397154586
dim 43,43,0.4661423567951871,AAC_L,-0.3791661410009026,2.097112323629429e-33,-0.16752928818892296,2.498732808547991e-07,1.4871242379877478e-32,1.7172361276852451e-06,0.21163685281197966
dim 43,43,0.4661423567951871,AAC_M,-0.32030935736983907,8.478198997081058e-24,-0.1692211831014335,1.8818466643931906e-07,3.6967603982050564e-23,1.3316457328545035e-06,0.15108817426840557
dim 43,43,0.4661423567951871,AAC_N,0.0700090037473395,0.03213105241773418,0.12430798082222504,0.00013626560611868982,0.039999148369449185,0.0005753819525112819,-0.05429897707488554
dim 43,43,0.4661423567951871,AAC_P,0.47448180827645436,8.960270728209884e-54,0.12042022993168837,0.0002201898763392778,1.4598684991327324e-52,0.0008713675201104122,0.354061578344766
dim 43,43,0.4661423567951871,AAC_Q,0.006575167528761945,0.8406967126070727,0.16685950060738897,2.7933615935684815e-07,0.865308788939175,1.888629093627273e-06,-0.16028433307862702
dim 43,43,0.4661423567951871,AAC_R,0.10469564973448812,0.0013304600428146803,-0.0061442786430627215,0.8510100101009574,0.001993600961418139,0.9075266391242649,0.09855137109142541
dim 43,43,0.4661423567951871,AAC_S,0.505508674101506,6.272727886966036e-62,0.16964601531974852,1.7517486044195725e-07,1.277494581857717e-60,1.2448596465449728e-06,0.3358626587817575
dim 43,43,0.4661423567951871,AAC_T,0.6556798507044727,3.1659462733489777e-116,0.44634477854616816,4.533203424368741e-47,3.524753517661862e-113,5.046966479130532e-44,0.2093350721583045
dim 43,43,0.4661423567951871,AAC_V,0.05037102418843404,0.12336547880416333,0.13214400606693447,4.962333134659634e-05,0.14306968722427274,0.00023278360491240418,-0.08177298187850043
dim 43,43,0.4661423567951871,AAC_W,0.1913153522850942,3.568614567834796e-09,0.1328610913384753,4.511164648294139e-05,7.719671409694443e-09,0.0002137204244723748,0.0584542609466189
dim 43,43,0.4661423567951871,AAC_Y,-0.08993840370789175,0.005869833538473949,-0.05295912364869266,0.10521596646898054,0.007924512537794255,0.18086109980215145,0.036979280059199086
dim 43,43,0.4661423567951871,Hydrophobicity_C1,-0.543230041131237,4.789262476647623e-73,-0.24584963735919663,2.2939868231211307e-14,1.4410933938741496e-71,4.141576210391663e-13,0.29738040377204034
dim 43,43,0.4661423567951871,Hydrophobicity_C2,0.5954694065526148,5.50617644911886e-91,0.2835652577353795,8.69137309752432e-19,4.485519351233413e-89,2.2230291792566734e-17,0.3119041488172353
dim 43,43,0.4661423567951871,Hydrophobicity_C3,-0.512739175350542,5.9350753230392795e-64,-0.23574373181840352,2.674243665502054e-13,1.367113901996634e-62,4.443768080983512e-12,0.2769954435321385
dim 43,43,0.4661423567951871,Hydrophobicity_T12,-0.17297111678368296,9.937388212747556e-08,-0.15796156816968382,1.1776583122979832e-06,2.0018622816994472e-07,7.270570726571652e-06,0.01500954861399914
dim 43,43,0.4661423567951871,Hydrophobicity_T13,-0.5135313473914581,3.5375506603457226e-64,-0.16111401847358048,7.136480205727763e-07,8.205152226079662e-63,4.5575227317649575e-06,0.35241732891787764
dim 43,43,0.4661423567951871,Hydrophobicity_T23,0.15378881418288387,2.251582258054559e-06,-0.04412764206863967,0.17713739603935316,4.205975806433012e-06,0.2742878547850902,0.1096611721142442
dim 43,43,0.4661423567951871,Hydrophobicity_group1_D0,-0.0012941471835131294,0.9684426647500077,0.025788634676527557,0.4304164323199418,0.973983288246018,0.565535359539184,-0.024494487493014427
dim 43,43,0.4661423567951871,Hydrophobicity_group1_D25,0.41077896254928153,1.8954216543895208e-39,0.045170016053021955,0.16711474746357594,1.6149766136890305e-38,0.2624180801731752,0.3656089464962596
dim 43,43,0.4661423567951871,Hydrophobicity_group1_D50,0.22721937848925422,1.946500515662294e-12,0.05307499363847306,0.10445575570728374,4.985668498705569e-12,0.17974354665756193,0.17414438485078115
dim 43,43,0.4661423567951871,Hydrophobicity_group1_D75,0.21284570854179355,4.6362471699651044e-11,-0.016237400023223752,0.6196097799433877,1.1132326058722824e-10,0.7271597558014459,0.1966083085185698
dim 43,43,0.4661423567951871,Hydrophobicity_group1_D100,-0.24100076177486723,7.558608156845496e-14,-0.07160215142074917,0.02840389851139334,2.176357865850341e-13,0.06019607933252143,0.16939861035411807
dim 43,43,0.4661423567951871,Hydrophobicity_group2_D0,-0.23790293228715886,1.5973536516018665e-13,-0.13696912111305617,2.5886046161510076e-05,4.487099408200365e-13,0.00013139725559185966,0.10093381117410269
dim 43,43,0.4661423567951871,Hydrophobicity_group2_D25,-0.413306023445369,5.831628072929066e-40,-0.12285932110301984,0.00016321433981659014,5.2928363487997505e-39,0.0006705238560730764,0.29044670234234915
dim 43,43,0.4661423567951871,Hydrophobicity_group2_D50,-0.16587605310563713,3.287418609916157e-07,0.010305870263254125,0.7527201635197495,6.350478980404838e-07,0.8294573890319904,0.155570182842383
dim 43,43,0.4661423567951871,Hydrophobicity_group2_D75,-0.21529192894202176,2.7451122589474526e-11,-0.04595751442495173,0.15982946630882666,6.692463463419337e-11,0.25300019785378247,0.16933441451707004
dim 43,43,0.4661423567951871,Hydrophobicity_group2_D100,0.14922030392029195,4.4899276444621385e-06,0.04021321485370165,0.21877232827653803,8.049575057704531e-06,0.3268473660563733,0.1090070890665903
dim 43,43,0.4661423567951871,Hydrophobicity_group3_D0,0.2602694835120865,5.667103860259138e-16,-0.01688589184373615,0.6056926074252702,1.86300461547889e-15,0.7143408576272607,0.24338359166835036
dim 43,43,0.4661423567951871,Hydrophobicity_group3_D25,0.3354444563132246,4.4736995001619657e-26,0.050134943828270634,0.12513562625089533,2.1437813960603967e-25,0.2090113767807646,0.28530951248495395
dim 43,43,0.4661423567951871,Hydrophobicity_group3_D50,0.1370939988451528,2.544627519154586e-05,-0.02904992881076779,0.3744159616843422,4.2580440450783155e-05,0.5108453072000421,0.10804407003438501
dim 43,43,0.4661423567951871,Hydrophobicity_group3_D75,-0.017751426058004834,0.5873386712585609,-0.10366736464448337,0.001484818171360873,0.6176672424444564,0.004700751367151958,-0.08591593858647853
dim 43,43,0.4661423567951871,Hydrophobicity_group3_D100,0.07484684927638524,0.02194882353044095,0.06612482409746419,0.04300883491517013,0.027549444040463274,0.08405471539886965,0.008722025178921053
dim 43,43,0.4661423567951871,NormVanDerWaalsVolume_C1,0.5886147522911587,1.9194736681750466e-88,0.27726926101731453,5.329603550076325e-18,9.863141618007161e-87,1.1946896548493238e-16,0.31134549127384414
dim 43,43,0.4661423567951871,NormVanDerWaalsVolume_C2,-0.5138458074480904,2.879600458188957e-64,-0.17692208823570224,4.9947721326826894e-08,6.773144739683884e-63,3.89778946802808e-07,0.3369237192123882
dim 43,43,0.4661423567951871,NormVanDerWaalsVolume_C3,-0.5029509083009719,3.176081333189017e-61,-0.28565217981714974,4.715625009226916e-19,5.893395362695176e-60,1.3461698744288803e-17,0.21729872848382215
dim 43,43,0.4661423567951871,NormVanDerWaalsVolume_T12,0.19889855909921725,8.163651925359779e-10,0.032744907110181486,0.3166977178517394,1.8548705735171197e-09,0.4491593960190274,0.16615365198903576
dim 43,43,0.4661423567951871,NormVanDerWaalsVolume_T13,-0.0864137763776753,0.008130879758570702,-0.11641796020385158,0.00035562264618254697,0.010679173572011855,0.001313285022958752,-0.03000418382617627
dim 43,43,0.4661423567951871,NormVanDerWaalsVolume_T23,-0.48841126750957775,2.4814059997592468e-57,-0.20973846655173617,8.939912793205375e-11,4.164771878992907e-56,1.0702261193299624e-09,0.2786728009578416
dim 43,43,0.4661423567951871,NormVanDerWaalsVolume_group1_D0,-0.23167028561471012,6.972785039239671e-13,-0.1257113372488072,0.00011419702082526984,1.846875656705829e-12,0.0004948056189923129,0.10595894836590292
dim 43,43,0.4661423567951871,NormVanDerWaalsVolume_group1_D25,-0.3123995606288356,1.1696646662515342e-22,-0.03455065011679894,0.2907330739815488,4.995754456879954e-22,0.4181948609381451,0.2778489105120367
dim 43,43,0.4661423567951871,NormVanDerWaalsVolume_group1_D50,-0.06237663028640733,0.05630245554005534,0.09253606295008202,0.0045843700716486965,0.06823301941356488,0.012591937532324545,-0.030159432663674685
dim 43,43,0.4661423567951871,NormVanDerWaalsVolume_group1_D75,-0.1508052028351075,3.5419552356089477e-06,0.04704425751581112,0.15017301388001653,6.457494807278322e-06,0.24056492391331183,0.10376094531929639
dim 43,43,0.4661423567951871,NormVanDerWaalsVolume_group1_D100,0.21545952853876169,2.647680284434944e-11,0.1678495425357015,2.3686786982968892e-07,6.459643645005633e-11,1.6312137839817752e-06,0.047609986003060184
dim 43,43,0.4661423567951871,NormVanDerWaalsVolume_group2_D0,0.035079880585964264,0.2834021922568177,0.002609398698529918,0.9364214597406874,0.30963798565187145,0.9653233566462641,0.032470481887434344
dim 43,43,0.4661423567951871,NormVanDerWaalsVolume_group2_D25,0.3597117997297318,5.3009581608473256e-30,0.13601347568505984,2.9498523595916757e-05,3.2367824967513834e-29,0.00014683318749681367,0.22369832404467194
dim 43,43,0.4661423567951871,NormVanDerWaalsVolume_group2_D50,0.1392404156674634,1.8910943997396572e-05,0.11222976462426837,0.0005780773988256135,3.214379285053667e-05,0.001986397646170318,0.027010651043195028
dim 43,43,0.4661423567951871,NormVanDerWaalsVolume_group2_D75,0.14126609968808518,1.4233345539528072e-05,0.22422557211391506,3.836484279445199e-12,2.4429277544719303e-05,5.7204720952441805e-11,-0.08295947242582988
dim 43,43,0.4661423567951871,NormVanDerWaalsVolume_group2_D100,-0.06265527248418276,0.055208688389410114,0.09630073437142021,0.0031701898225959453,0.06709586286572479,0.009096592789923074,-0.03364546188723745
dim 43,43,0.4661423567951871,NormVanDerWaalsVolume_group3_D0,0.13302579394400568,4.4131701651065884e-05,-0.02396660950601884,0.46370799726718054,7.275413796375125e-05,0.5931768329652942,0.10905918443798684
dim 43,43,0.4661423567951871,NormVanDerWaalsVolume_group3_D25,0.042268139614897685,0.1961156540438497,-0.1664012979475337,3.013921030670232e-07,0.21943929129194573,2.017333916320356e-06,-0.12413315833263601
dim 43,43,0.4661423567951871,NormVanDerWaalsVolume_group3_D50,-0.062261699198463076,0.056758817123824266,-0.2860851574645785,4.1511096529871625e-19,0.06873620347845288,1.2719913982547818e-17,-0.22382345826611544
dim 43,43,0.4661423567951871,NormVanDerWaalsVolume_group3_D75,-0.12269142313622107,0.00016664284441724676,-0.3886365641318451,3.7972922633163334e-35,0.0002676416481914148,7.926847599672846e-33,-0.26594514099562405
dim 43,43,0.4661423567951871,NormVanDerWaalsVolume_group3_D100,-0.1558198309803835,1.6459127933789904e-06,-0.10729492226850776,0.0010037897381097198,3.1181785195041563e-06,0.0032966152657684013,0.04852490871187573
dim 43,43,0.4661423567951871,Polarity_C1,-0.522524996789343,9.023639207799705e-67,-0.24811835336658936,1.3014152334871618e-14,2.318381150311616e-65,2.4419813931725395e-13,0.27440664342275367
dim 43,43,0.4661423567951871,Polarity_C2,0.6193415258286278,2.453693961676757e-100,0.30498629803031696,1.2747100588134698e-21,4.552965462222427e-98,5.3892805018189736e-20,0.3143552277983108
dim 43,43,0.4661423567951871,Polarity_C3,-0.5948331461485732,9.537048299487521e-91,-0.28194725432352086,1.391329037959034e-18,7.584224123878172e-89,3.367419555639981e-17,0.31288589182505233
dim 43,43,0.4661423567951871,Polarity_T12,0.30907076957405405,3.447708274895267e-22,0.013275715308425355,0.6848519920131193,1.4502954204219385e-21,0.7817517612179831,0.2957950542656287
dim 43,43,0.4661423567951871,Polarity_T13,-0.5665820728618263,1.1395706098542573e-80,-0.20853193175067683,1.1504750706293128e-10,4.6989701690286657e-79,1.3530234985570087e-09,0.3580501411111494
dim 43,43,0.4661423567951871,Polarity_T23,0.012474116752815213,0.7029483552032589,-0.06688750537948356,0.04065644479991022,0.7277890596338763,0.08030309026120647,-0.05441338862666834
dim 43,43,0.4661423567951871,Polarity_group1_D0,0.14810717631076026,5.296000662623193e-06,-0.0910432995404628,0.005287912050298079,9.39386203566727e-06,0.014300911941696828,0.057063876770297464
dim 43,43,0.4661423567951871,Polarity_group1_D25,0.2406378873492548,8.255502549604736e-14,-0.013346987890739816,0.6832515123528887,2.3688469515188846e-13,0.7809888868160384,0.22729089945851497
dim 43,43,0.4661423567951871,Polarity_group1_D50,0.08144263697537069,0.01263794174520477,-0.09620245781818841,0.003201377729503115,0.016178890543880386,0.009178198812481034,-0.014759820842817725
dim 43,43,0.4661423567951871,Polarity_group1_D75,-0.007738922531164486,0.8129832042136509,-0.20935578113923214,9.686119529194034e-11,0.837816693018696,1.1513038870999313e-09,-0.20161685860806766
dim 43,43,0.4661423567951871,Polarity_group1_D100,0.016034244716038256,0.6239981277714487,0.05204267868547632,0.111384139207304,0.6508912388371764,0.19009863308758065,-0.036008433969438064
dim 43,43,0.4661423567951871,Polarity_group2_D0,-0.23599562899642804,2.518870699393099e-13,-0.12324464165940346,0.00015559493004334152,6.958666779133954e-13,0.0006447730351671969,0.11275098733702457
dim 43,43,0.4661423567951871,Polarity_group2_D25,-0.38425554377048027,2.468924693584346e-34,-0.06408652395904219,0.04986557546940169,1.847593195164916e-33,0.0945775253082349,0.3201690198114381
dim 43,43,0.4661423567951871,Polarity_group2_D50,-0.17549334527712562,6.41701013422203e-08,0.07103309155912456,0.029690139628054342,1.307676256760316e-07,0.06232876578108203,0.10446025371800106
dim 43,43,0.4661423567951871,Polarity_group2_D75,-0.16336500390497122,4.960984017873372e-07,0.09003142438370454,0.005818708268952389,9.517338667258509e-07,0.015535160366347703,0.07333357952126668
dim 43,43,0.4661423567951871,Polarity_group2_D100,0.14062014873220297,1.5589897543345953e-05,0.10619412722314003,0.0011318455368963217,2.6689009633406196e-05,0.0036809776954563915,0.03442602150906293
dim 43,43,0.4661423567951871,Polarity_group3_D0,0.049291242723693465,0.1316236799620559,0.046167494301162806,0.15792800498646742,0.1516464612187881,0.2506443660569974,0.003123748422530659
dim 43,43,0.4661423567951871,Polarity_group3_D25,0.4624757665262201,7.756875904672333e-51,0.05347178981695373,0.10188536600479907,1.1167226517933445e-49,0.17604610577135482,0.40900397670926636
dim 43,43,0.4661423567951871,Polarity_group3_D50,0.24754837515550726,1.5014016310261525e-14,-0.009210976063386863,0.778264212360276,4.546402037740117e-14,0.8497556290563326,0.2383373990921204
dim 43,43,0.4661423567951871,Polarity_group3_D75,0.1806914272481982,2.5536989970665203e-08,-0.06578982235504706,0.0440778462811851,5.32419141710498e-08,0.08569266972011538,0.11490160489315114
dim 43,43,0.4661423567951871,Polarity_group3_D100,-0.24706161885972103,1.6958575615566335e-14,-0.12863485555263726,7.856648860933315e-05,5.112061602526314e-14,0.0003546109080475307,0.11842676330708377
dim 43,43,0.4661423567951871,Polarizability_C1,0.530704611515199,3.3748551859175604e-69,0.2549699508149987,2.2689648128600637e-15,9.164240911353375e-68,4.592934833304614e-14,0.2757346607002003
dim 43,43,0.4661423567951871,Polarizability_C2,-0.3671039406765416,2.876161533938712e-31,-0.11610321388083734,0.0003690536674946522,1.8367838476778772e-30,0.001353061744711458,0.2510007267957043
dim 43,43,0.4661423567951871,Polarizability_C3,-0.5029509083009719,3.176081333189017e-61,-0.28565217981714974,4.715625009226916e-19,5.893395362695176e-60,1.3461698744288803e-17,0.21729872848382215
dim 43,43,0.4661423567951871,Polarizability_T12,0.5049532574828327,8.931670120354038e-62,0.20614626904800187,1.8859532158480334e-10,1.7970950724085834e-60,2.157220459223435e-09,0.29880698843483083
dim 43,43,0.4661423567951871,Polarizability_T13,-0.10875812350379185,0.0008542600457364082,-0.11682866079514272,0.00033878277647328447,0.0012981021623110116,0.001262873296228538,-0.008070537291350863
dim 43,43,0.4661423567951871,Polarizability_T23,-0.4695616074272418,1.479914491716104e-52,-0.2064076058562246,1.7870741824641492e-10,2.2883862973758274e-51,2.065338328522581e-09,0.2631540015710172
dim 43,43,0.4661423567951871,Polarizability_group1_D0,-0.2107854801898067,7.17357554986432e-11,-0.13084445284763335,5.8907790409244895e-05,1.7150853497886062e-10,0.00027402788296222556,0.07994102734217334
dim 43,43,0.4661423567951871,Polarizability_group1_D25,-0.34202794744738946,4.1632887717502405e-27,-0.08807251102384507,0.00698445622048926,2.097343061485038e-26,0.01825358667952592,0.2539554364235444
dim 43,43,0.4661423567951871,Polarizability_group1_D50,-0.22495190844686372,3.257048662810859e-12,0.029592285820698682,0.36555951042985346,8.253825898170159e-12,0.5026631390842777,0.19535962262616505
dim 43,43,0.4661423567951871,Polarizability_group1_D75,-0.11882141120570244,0.000267138934968177,0.16307435481650925,5.200912534524815e-07,0.00042226409976039335,3.3927827861939227e-06,-0.04425294361080681
dim 43,43,0.4661423567951871,Polarizability_group1_D100,0.14546450425257446,7.800408843002306e-06,0.18114899655566885,2.3516931243565792e-08,1.3590696680035317e-05,1.94904591447915e-07,-0.035684492303094395
dim 43,43,0.4661423567951871,Polarizability_group2_D0,-0.08430411894410883,0.009830362839960985,-0.04683700567546854,0.151979466063336,0.01272612863777895,0.24310891602085358,0.03746711326864029
dim 43,43,0.4661423567951871,Polarizability_group2_D25,0.35071489476804685,1.660781737374487e-28,0.23233664134479606,5.968382658351587e-13,9.229635612031258e-28,9.630143999465846e-12,0.11837825342325078
dim 43,43,0.4661423567951871,Polarizability_group2_D50,0.35669560988460247,1.7031348986007942e-29,0.17419526290631526,8.043230114726391e-08,1.0056348268082468e-28,6.036941254648573e-07,0.1825003469782872
dim 43,43,0.4661423567951871,Polarizability_group2_D75,0.15718418094617795,1.3305006305048585e-06,0.09345791062424756,0.004193338815859926,2.5379052575021285e-06,0.011632684090508433,0.06372627032193039
dim 43,43,0.4661423567951871,Polarizability_group2_D100,0.1166529261510635,0.0003458951034816469,0.10739901506459047,0.000992400877099838,0.0005398549745928507,0.0032777023616120593,0.009253911086473027
dim 43,43,0.4661423567951871,Polarizability_group3_D0,0.13302579394400568,4.4131701651065884e-05,-0.02396660950601884,0.46370799726718054,7.275413796375125e-05,0.5931768329652942,0.10905918443798684
dim 43,43,0.4661423567951871,Polarizability_group3_D25,0.042268139614897685,0.1961156540438497,-0.1664012979475337,3.013921030670232e-07,0.21943929129194573,2.017333916320356e-06,-0.12413315833263601
dim 43,43,0.4661423567951871,Polarizability_group3_D50,-0.062261699198463076,0.056758817123824266,-0.2860851574645785,4.1511096529871625e-19,0.06873620347845288,1.2719913982547818e-17,-0.22382345826611544
dim 43,43,0.4661423567951871,Polarizability_group3_D75,-0.12269142313622107,0.00016664284441724676,-0.3886365641318451,3.7972922633163334e-35,0.0002676416481914148,7.926847599672846e-33,-0.26594514099562405
dim 43,43,0.4661423567951871,Polarizability_group3_D100,-0.1558198309803835,1.6459127933789904e-06,-0.10729492226850776,0.0010037897381097198,3.1181785195041563e-06,0.0032966152657684013,0.04852490871187573
dim 43,43,0.4661423567951871,Charge_C1,-0.41518821497827724,2.407962910115865e-40,-0.2188545798234423,1.2652065009113554e-11,2.3311872810976784e-39,1.7681128506459944e-10,0.19633363515483493
dim 43,43,0.4661423567951871,Charge_C2,0.6008132843727396,5.199326994542988e-93,0.37867027543799486,2.5779209808404234e-33,5.426797550554243e-91,2.3270962367586524e-31,0.22214300893474476
dim 43,43,0.4661423567951871,Charge_C3,-0.5911268400822525,2.283207121400873e-89,-0.38885228805336636,3.4603556243940934e-35,1.4122058861997993e-87,7.926847599672846e-33,0.2022745520288861
dim 43,43,0.4661423567951871,Charge_T12,-0.33413972768346256,7.11367268933034e-26,-0.1964665284700374,1.3186562210009878e-09,3.3558851387518837e-25,1.2729224792321674e-08,0.13767319921342516
dim 43,43,0.4661423567951871,Charge_T13,-0.45641066201853747,2.1363760998209913e-49,-0.20012949084346238,6.389605092305188e-10,2.877216198952464e-48,6.526385629449335e-09,0.2562811711750751
dim 43,43,0.4661423567951871,Charge_T23,-0.5617095159962617,4.9863293653000684e-79,-0.3732494038048485,2.4057635544080104e-32,1.8925386454661625e-77,1.913154826600656e-30,0.18846011219141323
dim 43,43,0.4661423567951871,Charge_group1_D0,0.016597450448162267,0.61186556572638,-0.04093764992294894,0.21057998640992326,0.6396341125277336,0.31624872059763653,-0.02434019947478667
dim 43,43,0.4661423567951871,Charge_group1_D25,0.09183210359377403,0.004904862268952883,-0.08575562658211322,0.008630496593385419,0.006711282252479569,0.021854327992348217,0.006076477011660808
dim 43,43,0.4661423567951871,Charge_group1_D50,-0.06276203643781583,0.05479431535456559,-0.17995621739799525,2.9139563773080368e-08,0.06667140738952607,2.36803267644984e-07,-0.11719418096017942
dim 43,43,0.4661423567951871,Charge_group1_D75,-0.018314891159147858,0.5755300722594926,-0.22024799219930793,9.311055288954864e-12,0.6063944609926515,1.3121909141396307e-10,-0.20193310104016007
dim 43,43,0.4661423567951871,Charge_group1_D100,-0.06418231263326844,0.04952399473165155,-0.002352874994795863,0.9426603728182862,0.060700969689437126,0.9681690175931967,0.06182943763847258
dim 43,43,0.4661423567951871,Charge_group2_D0,-0.08829208613172394,0.006844099929905968,-0.14084868460202107,1.509646213693958e-05,0.00912182512605185,8.059124240897858e-05,-0.05255659847029713
dim 43,43,0.4661423567951871,Charge_group2_D25,-0.1514894362264828,3.1948595484868444e-06,0.02447196761969684,0.45433338667941625,5.859874185582679e-06,0.5859475742404809,0.12701746860678598
dim 43,43,0.4661423567951871,Charge_group2_D50,0.1020868194193555,0.0017544375620784341,0.192279861065215,2.967840311268514e-09,0.0025871176412105828,2.730740121112076e-08,-0.09019304164585949
dim 43,43,0.4661423567951871,Charge_group2_D75,0.13264900928876103,4.640385689177368e-05,0.30011930392229,5.894374191038116e-21,7.63116110381704e-05,2.316142329184389e-19,-0.167470294633529
dim 43,43,0.4661423567951871,Charge_group2_D100,0.19465830358154332,1.8760814102578594e-09,0.030600661956469925,0.3494436569359184,4.199806910362768e-09,0.4840903418357393,0.16405764162507339
dim 43,43,0.4661423567951871,Charge_group3_D0,-0.05407496759700837,0.09807463513872297,-0.06637838955068974,0.042214313126376926,0.11485598925783125,0.08284124902591006,-0.012303421953681372
dim 43,43,0.4661423567951871,Charge_group3_D25,0.18783970818924414,6.879846637073938e-09,-0.029441205305676756,0.36801337016738217,1.4598912177780783e-08,0.5049978045846575,0.15839850288356738
dim 43,43,0.4661423567951871,Charge_group3_D50,-0.08914709325150011,0.006321361528077722,-0.19770948975860908,1.0328358749013565e-09,0.00848607214782138,1.0146093594619209e-08,-0.10856239650710897
dim 43,43,0.4661423567951871,Charge_group3_D75,-0.20571349344614298,2.0615513584916467e-10,-0.33781290910816913,1.916630989196872e-26,4.805011540378297e-10,1.1037150868823366e-24,-0.13209941566202615
dim 43,43,0.4661423567951871,Charge_group3_D100,-0.2787154959993124,3.528301938282583e-18,-0.22852197413968425,1.4445555560265024e-12,1.3702940085888173e-17,2.25458670893856e-11,0.05019352185962814
dim 43,43,0.4661423567951871,SecondaryStructure_C1,-0.5905549757138431,3.7132019772878496e-89,-0.3261616844750921,1.1556291333049317e-24,2.175806070902003e-87,5.676178390056576e-23,0.264393291238751
dim 43,43,0.4661423567951871,SecondaryStructure_C2,0.30404470823767693,1.7181281676689216e-21,0.2270169328044983,2.0385105613408177e-12,7.102163465364106e-21,3.1521413309621904e-11,0.07702777543317862
dim 43,43,0.4661423567951871,SecondaryStructure_C3,0.5833585569522194,1.5554362127044481e-86,0.26265077069220466,3.007102791212991e-16,6.926875933910475e-85,6.316807121164396e-15,0.3207077862600147
dim 43,43,0.4661423567951871,SecondaryStructure_T12,-0.38057851267061416,1.1625925065216908e-33,-0.07403931415619945,0.023423038691859886,8.350664455446123e-33,0.05133395618819686,0.3065391985144147
dim 43,43,0.4661423567951871,SecondaryStructure_T13,-0.4013624085495286,1.4028294344638183e-37,-0.2519190482353545,4.9708616156541094e-15,1.1263101709397002e-36,9.766281056638074e-14,0.1494433603141741
dim 43,43,0.4661423567951871,SecondaryStructure_T23,0.5604725645723954,1.2884031137615006e-78,0.3086321081506696,3.971454056703086e-22,4.6774634782211e-77,1.7686208732517742e-20,0.25184045642172576
dim 43,43,0.4661423567951871,SecondaryStructure_group1_D0,0.01966634160968076,0.5476733240331625,-0.07278597519975613,0.02588094985274222,0.5796035812011289,0.05584132590966345,-0.05311963359007537
dim 43,43,0.4661423567951871,SecondaryStructure_group1_D25,-0.09263446928949731,0.004541109916122587,-0.10377939351478753,0.0014672353209477797,0.00626374433910678,0.0046539088052854555,-0.011144924225290218
dim 43,43,0.4661423567951871,SecondaryStructure_group1_D50,-0.32376960905116065,2.6234652459092876e-24,-0.3561074776199787,2.1352793199467287e-29,1.1652092980501356e-23,1.3983986134553087e-27,-0.03233786856881804
dim 43,43,0.4661423567951871,SecondaryStructure_group1_D75,-0.25431897562808775,2.6846257575787882e-15,-0.17808004825062246,4.0707211212278176e-08,8.380046757302011e-15,3.206652958703045e-07,0.0762389273774653
dim 43,43,0.4661423567951871,SecondaryStructure_group1_D100,-0.11206765465820578,0.0005888603340103937,0.08612264162831576,0.008348608320099383,0.0009021988603645482,0.02120483025789501,0.025945013029890024
dim 43,43,0.4661423567951871,SecondaryStructure_group2_D0,0.0404617917090897,0.21593589999863538,-0.07132052641517223,0.02903433522427822,0.23992877777626154,0.06118276318554527,-0.030858734706082525
dim 43,43,0.4661423567951871,SecondaryStructure_group2_D25,-0.07074283867293818,0.030365238188768216,-0.021650667254874204,0.5080162666925565,0.03785737049290251,0.6324168210037789,0.049092171418063976
dim 43,43,0.4661423567951871,SecondaryStructure_group2_D50,0.10473729546638524,0.001324531749357233,0.1356234401311458,3.1106261393770375e-05,0.001985608636828168,0.00015391838971139712,-0.030886144664760556
dim 43,43,0.4661423567951871,SecondaryStructure_group2_D75,0.17286607709764046,1.0118652478327246e-07,0.01907028826470867,0.5598771401298626,2.035921643229699e-07,0.6741130670633529,0.1537957888329318
dim 43,43,0.4661423567951871,SecondaryStructure_group2_D100,0.13887348005750633,1.990149296697825e-05,0.1176557602589953,0.00030710558169829615,3.367324544564709e-05,0.0011669313343257214,0.02121771979851103
dim 43,43,0.4661423567951871,SecondaryStructure_group3_D0,-0.19422482733859447,2.0405244235879614e-09,-0.15767584539774304,1.2317632642971838e-06,4.546598782377446e-09,7.56266415947168e-06,0.03654898194085143
dim 43,43,0.4661423567951871,SecondaryStructure_group3_D25,0.02426798727410691,0.4581044140657992,0.09857558916550344,0.002521280365629633,0.4902495171354596,0.007481755779118896,-0.07430760189139653
dim 43,43,0.4661423567951871,SecondaryStructure_group3_D50,0.22407485959608922,3.96878528789852e-12,0.1723405269302062,1.1074636372748094e-07,1.0004334235155514e-11,8.111685413372508e-07,0.05173433266588301
dim 43,43,0.4661423567951871,SecondaryStructure_group3_D75,0.10552292518725298,0.0012171588881039965,0.09661560439573397,0.0030721192551071263,0.0018312210298501567,0.008883877326456973,0.008907320791519013
dim 43,43,0.4661423567951871,SecondaryStructure_group3_D100,0.16672827958638423,2.854882979311717e-07,0.09999442805136403,0.002180541231244682,5.53092178126516e-07,0.006579049423990279,0.06673385153502019
dim 43,43,0.4661423567951871,SolventAccessibility_C1,-0.099141146076867,0.00238001920190648,-0.029501540095575325,0.36703218299378587,0.003433807401454705,0.5039535059173478,0.06963960598129168
dim 43,43,0.4661423567951871,SolventAccessibility_C2,-0.543230041131237,4.789262476647623e-73,-0.24584963735919663,2.2939868231211307e-14,1.4410933938741496e-71,4.141576210391663e-13,0.29738040377204034
dim 43,43,0.4661423567951871,SolventAccessibility_C3,0.6255848869719229,6.44358361078312e-103,0.2926478949162648,5.84706394213463e-20,1.9565062963650568e-100,2.055704585971544e-18,0.33293699205565813
dim 43,43,0.4661423567951871,SolventAccessibility_T12,-0.551838121700492,8.711142168002959e-76,-0.16157795245448145,6.623899243422663e-07,2.852472043248028e-74,4.271008392477161e-06,0.3902601692460105
dim 43,43,0.4661423567951871,SolventAccessibility_T13,0.4430760985266,2.4850915138178998e-46,0.158582389083717,1.0678567919681443e-06,3.108691256985687e-45,6.654182248458213e-06,0.284493709442883
dim 43,43,0.4661423567951871,SolventAccessibility_T23,-0.0759769028457158,0.020021445674993768,-0.15813501283656897,1.14593599057616e-06,0.025177570991897283,7.100976268134276e-06,-0.08215810999085317
dim 43,43,0.4661423567951871,SolventAccessibility_group1_D0,-0.08920709661002253,0.006286060245992167,-0.11549639287073107,0.0003962945952833947,0.008445471126956492,0.0014293995121452898,-0.026289296260708542
dim 43,43,0.4661423567951871,SolventAccessibility_group1_D25,-0.29397226999297654,3.912354263295194e-20,-0.20286600370309338,3.6852917180738353e-10,1.5896913916552247e-19,3.970604625279552e-09,0.09110626628988316
dim 43,43,0.4661423567951871,SolventAccessibility_group1_D50,-0.37145571381723763,4.990835350247066e-32,-0.2865390740402255,3.630841514164446e-19,3.3139940496670374e-31,1.1549533959342143e-17,0.08491663977701214
dim 43,43,0.4661423567951871,SolventAccessibility_group1_D75,-0.1232255253842723,0.00015596492144348225,0.14856228080589565,4.950994571098149e-06,0.0002511681955743639,2.783892570280777e-05,-0.02533675542162335
dim 43,43,0.4661423567951871,SolventAccessibility_group1_D100,0.09465295131351006,0.003731442593214562,0.133936648782993,3.906625982327699e-05,0.005227776116332482,0.00018965306367695514,-0.03928369746948293
dim 43,43,0.4661423567951871,SolventAccessibility_group2_D0,-0.0012941471835131294,0.9684426647500077,0.025788634676527557,0.4304164323199418,0.973983288246018,0.565535359539184,-0.024494487493014427
dim 43,43,0.4661423567951871,SolventAccessibility_group2_D25,0.41077896254928153,1.8954216543895208e-39,0.045170016053021955,0.16711474746357594,1.6149766136890305e-38,0.2624180801731752,0.3656089464962596
dim 43,43,0.4661423567951871,SolventAccessibility_group2_D50,0.22721937848925422,1.946500515662294e-12,0.05307499363847306,0.10445575570728374,4.985668498705569e-12,0.17974354665756193,0.17414438485078115
dim 43,43,0.4661423567951871,SolventAccessibility_group2_D75,0.21284570854179355,4.6362471699651044e-11,-0.016237400023223752,0.6196097799433877,1.1132326058722824e-10,0.7271597558014459,0.1966083085185698
dim 43,43,0.4661423567951871,SolventAccessibility_group2_D100,-0.24100076177486723,7.558608156845496e-14,-0.07160215142074917,0.02840389851139334,2.176357865850341e-13,0.06019607933252143,0.16939861035411807
dim 43,43,0.4661423567951871,SolventAccessibility_group3_D0,0.1464822369777932,6.725088041494015e-06,-0.04993507844283701,0.12664962937055968,1.179716074505778e-05,0.21099654489143582,0.09654715853495618
dim 43,43,0.4661423567951871,SolventAccessibility_group3_D25,0.0702921881780014,0.03143948480487623,0.15876121141868116,1.0380998188859419e-06,0.03916742978302373,6.492983885915816e-06,-0.08846902324067976
dim 43,43,0.4661423567951871,SolventAccessibility_group3_D50,0.1709042696793613,1.415363576668412e-07,0.16144774361947523,6.764070200359643e-07,2.8105317158576077e-07,4.3503668042035125e-06,0.009456526059886061
dim 43,43,0.4661423567951871,SolventAccessibility_group3_D75,-0.1516731692226201,3.107354118534053e-06,-0.18036218952116367,2.7093470642596385e-08,5.71821639443732e-06,2.2179458810360766e-07,-0.02868902029854356
dim 43,43,0.4661423567951871,SolventAccessibility_group3_D100,0.181551003753193,2.1870659900207904e-08,0.009487086858922716,0.7717986963871042,4.571214272008411e-08,0.8442481050081804,0.17206391689427028
dim 20,20,0.4340743717384308,AAC_A,0.15264522680711487,2.6812949885904337e-06,0.015090830525812874,0.6445497800751809,4.975291812162249e-06,0.7498419594047734,0.137554396281302
dim 20,20,0.4340743717384308,AAC_C,0.14881447711765614,4.769173714550917e-06,0.13621399700517772,2.8702976867592836e-05,8.51365056472478e-06,0.00014353757289406878,0.012600480112478413
dim 20,20,0.4340743717384308,AAC_D,-0.3075098699497593,5.69649129822802e-22,-0.19523656289720617,1.676653761737168e-09,2.3812616941278583e-21,1.595448308889499e-08,0.11227330705255315
dim 20,20,0.4340743717384308,AAC_E,-0.6056905443393231,6.826105833022608e-95,-0.38664804214755066,8.91319936215452e-35,8.142569100819825e-93,1.4176231366474332e-32,0.21904250219177246
dim 20,20,0.4340743717384308,AAC_F,-0.2567770713733055,1.4188514448054092e-15,-0.21189804476058974,5.670289926804789e-11,4.5132988815714926e-15,6.937277785907692e-10,0.04487902661271578
dim 20,20,0.4340743717384308,AAC_G,0.27103563354259264,3.066635375714272e-17,0.17191817899644535,1.1905585716172465e-07,1.0815799529974307e-16,8.663323810896739e-07,0.09911745454614729
dim 20,20,0.4340743717384308,AAC_H,-0.46839206278225265,2.8630503450036146e-52,-0.21292987169528244,4.5538760018443116e-11,4.3269629648470917e-51,5.739602206098113e-10,0.2554621910869702
dim 20,20,0.4340743717384308,AAC_I,-0.34883361404343405,3.365555720655288e-28,-0.21114526403571118,6.649213433030892e-11,1.8277977409737664e-27,8.075771951390247e-10,0.13768835000772287
dim 20,20,0.4340743717384308,AAC_K,-0.4361136202004539,8.764085864405508e-45,-0.18529953651193215,1.1029505679681334e-08,1.0567525915925776e-43,9.49447138405558e-08,0.25081408368852176
dim 20,20,0.4340743717384308,AAC_L,-0.3782450447645401,3.076266955517121e-33,-0.16511588006566819,3.7259886097962636e-07,2.158557065425879e-32,2.4692067374443494e-06,0.2131291646988719
dim 20,20,0.4340743717384308,AAC_M,-0.31936662317097175,1.1639869490168403e-23,-0.1672736674500394,2.607455599521001e-07,5.0359020851246716e-23,1.7773268780408458e-06,0.15209295572093234
dim 20,20,0.4340743717384308,AAC_N,0.07061709583195795,0.0306617659200659,0.12641508608269195,0.00010444198209473049,0.03821279782575377,0.0004577903152183725,-0.055797990250733995
dim 20,20,0.4340743717384308,AAC_P,0.4738104762984432,1.3172565538979007e-53,0.11697730551973613,0.0003328737158159806,2.1254284492845353e-52,0.001245014793757419,0.3568331707787071
dim 20,20,0.4340743717384308,AAC_Q,0.0058526553567247955,0.8580045735044795,0.16737551145506427,2.563602556091632e-07,0.88122240944187,1.751008698843773e-06,-0.16152285609833947
dim 20,20,0.4340743717384308,AAC_R,0.10291455703346379,0.001608089238454668,-0.01018830700241287,0.7554505658101001,0.002384999136962074,0.8321191114992675,0.09272625003105092
dim 20,20,0.4340743717384308,AAC_S,0.5052916329881957,7.202185562948923e-62,0.16748404621451105,2.517651645882268e-07,1.4578969563787517e-60,1.7231468232063065e-06,0.3378075867736846
dim 20,20,0.4340743717384308,AAC_T,0.6529689868592357,5.778680576872955e-115,0.4406766339582535,8.563972510867186e-46,2.757256160965096e-112,4.086238312328057e-43,0.21229235290098214
dim 20,20,0.4340743717384308,AAC_V,0.048513291611058815,0.13783400358712394,0.12990037624676745,6.665792674734733e-05,0.15809257279567102,0.0003060629055151007,-0.08138708463570864
dim 20,20,0.4340743717384308,AAC_W,0.18955738028163485,4.981494794619412e-09,0.1298943088614933,6.671071713023751e-05,1.0645036861182876e-08,0.0003060629055151007,0.059663071420141545
dim 20,20,0.4340743717384308,AAC_Y,-0.09062777386565676,0.00550036089207716,-0.05428293397801468,0.09678742127430309,0.007458873479308856,0.1685453530011326,0.03634483988764208
dim 20,20,0.4340743717384308,Hydrophobicity_C1,-0.5402333857814962,4.127364279958967e-72,-0.23829884319112246,1.4525297325719e-13,1.1584366970641136e-70,2.462664622736115e-12,0.30193454259037367
dim 20,20,0.4340743717384308,Hydrophobicity_C2,0.5926506285081021,6.21878327403896e-90,0.27608382582285584,7.459835804532263e-18,4.19967589304823e-88,1.6610567724758506e-16,0.3165668026852463
dim 20,20,0.4340743717384308,Hydrophobicity_C3,-0.5108665877665023,2.005831560521534e-63,-0.23088222897974403,8.375742137152729e-13,4.378743406628707e-62,1.3385157290952208e-11,0.27998435878675826
dim 20,20,0.4340743717384308,Hydrophobicity_T12,-0.17238440888529724,1.0991586574619115e-07,-0.15759404808626115,1.2476870169691821e-06,2.1996344613078398e-07,7.646375480141409e-06,0.01479036079903609
dim 20,20,0.4340743717384308,Hydrophobicity_T13,-0.5116167093342843,1.232638041023978e-63,-0.1550684691036984,1.8490642422150063e-06,2.800687793891216e-62,1.0815892415058005e-05,0.35654824023058584
dim 20,20,0.4340743717384308,Hydrophobicity_T23,0.15187599136054342,3.0134234392334328e-06,-0.04922192273444138,0.1321681132546221,5.557611422992637e-06,0.2182841792021231,0.10265406862610205
dim 20,20,0.4340743717384308,Hydrophobicity_group1_D0,-0.001055974271872818,0.9742481885973069,0.02653077910346235,0.417263483137231,0.978937710564081,0.5532592432228469,-0.025474804831589534
dim 20,20,0.4340743717384308,Hydrophobicity_group1_D25,0.4118754585885214,1.1379497631210238e-39,0.04510704955293691,0.16770784575537187,9.949613112105287e-39,0.2631020219929272,0.3667684090355845
dim 20,20,0.4340743717384308,Hydrophobicity_group1_D50,0.2297471419087418,1.089401149618919e-12,0.05704572799327743,0.08093507022539065,2.8426561247868666e-12,0.1439420311782773,0.17270141391546437
dim 20,20,0.4340743717384308,Hydrophobicity_group1_D75,0.21503530631343762,2.9011227332079456e-11,-0.013588068922285193,0.6778484187028156,7.036855431310485e-11,0.7766770903833291,0.20144723739115242
dim 20,20,0.4340743717384308,Hydrophobicity_group1_D100,-0.23913280327972716,1.1883267828093745e-13,-0.06732139479037796,0.0393674330922716,3.3721422723732464e-13,0.07835949137555849,0.1718114084893492
dim 20,20,0.4340743717384308,Hydrophobicity_group2_D0,-0.23572806313567712,2.6842128327120837e-13,-0.13292685553819186,4.471791806193988e-05,7.40319641722408e-13,0.00021245781838816384,0.10280120759748526
dim 20,20,0.4340743717384308,Hydrophobicity_group2_D25,-0.413547432087233,5.2078324311415465e-40,-0.12193437920784,0.00018295896485747483,4.791779702482856e-39,0.0007380228775651763,0.291613052879393
dim 20,20,0.4340743717384308,Hydrophobicity_group2_D50,-0.16850052321161832,2.1241442718939117e-07,0.006512479892176953,0.8421954853977699,4.163522223078441e-07,0.8995628145917977,0.16198804331944136
dim 20,20,0.4340743717384308,Hydrophobicity_group2_D75,-0.21784479868694512,1.577981848432959e-11,-0.04996250662576352,0.12644101885193304,3.92147274833786e-11,0.2109455559268014,0.1678822920611816
dim 20,20,0.4340743717384308,Hydrophobicity_group2_D100,0.14748079305229064,5.808611382216355e-06,0.03648302911580563,0.2645750500828545,1.0264953447937898e-05,0.38437610581850107,0.11099776393648501
dim 20,20,0.4340743717384308,Hydrophobicity_group3_D0,0.2590539379448264,7.81208894757663e-16,-0.021150130732043172,0.517875801529193,2.538168977130929e-15,0.6408689059309021,0.23790380721278323
dim 20,20,0.4340743717384308,Hydrophobicity_group3_D25,0.3357854507960393,3.961534808313038e-26,0.049152789188705415,0.13271281538134674,1.9120702687522468e-25,0.2187177840183064,0.28663266160733386
dim 20,20,0.4340743717384308,Hydrophobicity_group3_D50,0.13943752874750856,1.8398375673836988e-05,-0.02583487781338507,0.42958991583245965,3.128848001558836e-05,0.5653327962066929,0.11360265093412349
dim 20,20,0.4340743717384308,Hydrophobicity_group3_D75,-0.01551113591181161,0.6353589557474055,-0.10059038923349099,0.00205042502154448,0.6612960150191133,0.006237176295044228,-0.08507925332167939
dim 20,20,0.4340743717384308,Hydrophobicity_group3_D100,0.07628816051624088,0.019517193704445455,0.06908283962192627,0.03448446020261661,0.02457121257928678,0.07035925294852748,0.00720532089431461
dim 20,20,0.4340743717384308,NormVanDerWaalsVolume_C1,0.5863980586066642,1.2370459046168497e-87,0.2711484286308975,2.9722468535068743e-17,5.819342706225744e-86,6.446301617346079e-16,0.31524962997576667
dim 20,20,0.4340743717384308,NormVanDerWaalsVolume_C2,-0.511559282214383,1.2795076609776852e-63,-0.17030260490301316,1.567594866796171e-07,2.86815811252716e-62,1.1211492195073256e-06,0.34125667731136977
dim 20,20,0.4340743717384308,NormVanDerWaalsVolume_C3,-0.5014771185593644,8.036771454810594e-61,-0.2824337233032981,1.2081857457750219e-18,1.450963062652291e-59,2.989141030287832e-17,0.2190433952560663
dim 20,20,0.4340743717384308,NormVanDerWaalsVolume_T12,0.19966451492224005,7.010511468004711e-10,0.033309315227090394,0.3084238196544814,1.5983009080638728e-09,0.4391029657484944,0.16635519969514967
dim 20,20,0.4340743717384308,NormVanDerWaalsVolume_T13,-0.08724053593188898,0.007539981112634949,-0.11873858937634539,0.00026980962099978174,0.009953967160553648,0.0010394049990072331,-0.031498053444456414
dim 20,20,0.4340743717384308,NormVanDerWaalsVolume_T23,-0.4867380890879708,6.772605846901899e-57,-0.2052350928107324,2.2742322796806284e-10,1.1253981855050916e-55,2.5489717497091607e-09,0.2815029962772384
dim 20,20,0.4340743717384308,NormVanDerWaalsVolume_group1_D0,-0.22979437054718738,1.0775805307966239e-12,-0.1221443033979003,0.0001782903610407707,2.816212028842507e-12,0.0007218058253044534,0.10765006714928707
dim 20,20,0.4340743717384308,NormVanDerWaalsVolume_group1_D25,-0.3123905114476461,1.1731289251817643e-22,-0.03286343086629915,0.31494827840980094,5.004151481618254e-22,0.44705790475509355,0.27952708058134695
dim 20,20,0.4340743717384308,NormVanDerWaalsVolume_group1_D50,-0.06530305630881038,0.0456709949431913,0.08851754272687183,0.006702621998774136,0.05618457573121877,0.017627368091264264,-0.023214486418061453
dim 20,20,0.4340743717384308,NormVanDerWaalsVolume_group1_D75,-0.15426094712342156,2.0941581790228083e-06,0.04199704977681588,0.19900221398396267,3.92287622991373e-06,0.30225893347268545,0.11226389734660569
dim 20,20,0.4340743717384308,NormVanDerWaalsVolume_group1_D100,0.2130638806223327,4.425661874805394e-11,0.16393333010700997,4.5222613372775914e-07,1.0649647450900589e-10,2.955842048240148e-06,0.049130550515322724
dim 20,20,0.4340743717384308,NormVanDerWaalsVolume_group2_D0,0.03629388480543532,0.26706150668776385,0.004668983627254532,0.886503646918368,0.292550158195189,0.9340448519581543,0.031624901178180786
dim 20,20,0.4340743717384308,NormVanDerWaalsVolume_group2_D25,0.3600002254859747,4.7380093743439296e-30,0.13576063907077124,3.053147235809236e-05,2.9143556740900047e-29,0.0001512983941780838,0.22423958641520347
dim 20,20,0.4340743717384308,NormVanDerWaalsVolume_group2_D50,0.14106920628000735,1.4634450590844365e-05,0.11603995110968493,0.00037180977160054064,2.509192247095492e-05,0.001359460004631443,0.025029255170322423
dim 20,20,0.4340743717384308,NormVanDerWaalsVolume_group2_D75,0.14132966332069802,1.4106106417219856e-05,0.2260226147206978,2.5559525694657385e-12,2.4223339554506076e-05,3.9160007256952136e-11,-0.08469295139999977
dim 20,20,0.4340743717384308,NormVanDerWaalsVolume_group2_D100,-0.061871479490404446,0.05833126618874788,0.09925134145679906,0.0023533521395561014,0.07056371933010427,0.007055831369943788,-0.03737986196639462
dim 20,20,0.4340743717384308,NormVanDerWaalsVolume_group3_D0,0.1318201888338476,5.179774419698078e-05,-0.02733856890007591,0.40321948379035377,8.480611059701755e-05,0.5410819911047736,0.1044816199337717
dim 20,20,0.4340743717384308,NormVanDerWaalsVolume_group3_D25,0.042550957257871995,0.19313698838099966,-0.16803079006243649,2.2979940462986091e-07,0.2163237898029976,1.5858058088093707e-06,-0.12547983280456448
dim 20,20,0.4340743717384308,NormVanDerWaalsVolume_group3_D50,-0.060167940584451976,0.06562483394060518,-0.28505919199824964,5.613344732389109e-19,0.07856162916187144,1.5119815650144857e-17,-0.22489125141379768
dim 20,20,0.4340743717384308,NormVanDerWaalsVolume_group3_D75,-0.11858807592548615,0.00027472717637367223,-0.38466822645510934,2.0722724695321306e-34,0.00043343824708930807,2.5634777956434506e-32,-0.2660801505296232
dim 20,20,0.4340743717384308,NormVanDerWaalsVolume_group3_D100,-0.1545906553013097,1.990541541939945e-06,-0.10525800292760341,0.0012524348221275138,3.737160623990678e-06,0.0040338787906517804,0.04933265237370628
dim 20,20,0.4340743717384308,Polarity_C1,-0.5210021806205679,2.511714132249286e-66,-0.2440431855962917,3.587851062901173e-14,6.403912367719553e-65,6.307064500047325e-13,0.27695899502427623
dim 20,20,0.4340743717384308,Polarity_C2,0.6168310095590237,2.5775426341389455e-99,0.29808924726219865,1.106895930850217e-20,4.099520189535276e-97,4.298874894232238e-19,0.31874176229682505
dim 20,20,0.4340743717384308,Polarity_C3,-0.5919934606290059,1.0906236780459165e-89,-0.27440444004587833,1.197828842955223e-17,7.142515852300709e-88,2.649502208920824e-16,0.3175890205831276
dim 20,20,0.4340743717384308,Polarity_T12,0.3071327156489115,6.428413790103185e-22,0.00753601889532329,0.8177993632010788,2.6805121172215527e-21,0.8795489983806603,0.2995966967535882
dim 20,20,0.4340743717384308,Polarity_T13,-0.5652552023631495,3.2087170524055205e-80,-0.2036945640756031,3.114884130608261e-10,1.3069652384188339e-78,3.4110534413874074e-09,0.3615606382875464
dim 20,20,0.4340743717384308,Polarity_T23,0.012879643758032201,0.693771659688422,-0.06697505605457833,0.040393508119948296,0.7191798086155585,0.08000989233552289,-0.05409541229654613
dim 20,20,0.4340743717384308,Polarity_group1_D0,0.1482002285786953,5.223641673914874e-06,-0.09284453146051289,0.004449997850072428,9.27043740216561e-06,0.01227332189863081,0.05535569711818242
dim 20,20,0.4340743717384308,Polarity_group1_D25,0.24107245032595048,7.427926733890715e-14,-0.014214667066033514,0.6638828736067307,2.142424463833764e-13,0.7664600061688491,0.22685778325991696
dim 20,20,0.4340743717384308,Polarity_group1_D50,0.08390523856223733,0.010185091097803982,-0.09319492402472193,0.004301693286126194,0.013149673083365019,0.01190360859623984,-0.009289685462484598
dim 20,20,0.4340743717384308,Polarity_group1_D75,-0.0036001920821424776,0.9123643521629112,-0.2039760433054254,2.9414510174410133e-10,0.9299044663485272,3.2639356804827194e-09,-0.2003758512232829
dim 20,20,0.4340743717384308,Polarity_group1_D100,0.01554224721233684,0.634680846028889,0.051626124137670315,0.1142803562769636,0.6610021907503864,0.1942475266997753,-0.03608387692533348
dim 20,20,0.4340743717384308,Polarity_group2_D0,-0.23425780507423116,3.8013123943694774e-13,-0.11987590877281944,0.00023522869538741682,1.0288803401291778e-12,0.0009232242568671823,0.11438189630141173
dim 20,20,0.4340743717384308,Polarity_group2_D25,-0.38460109968461265,2.1321920175946796e-34,-0.06290261350264144,0.05425265909567149,1.6112039227977895e-33,0.1017999333592937,0.3216984861819712
dim 20,20,0.4340743717384308,Polarity_group2_D50,-0.1791633084872103,3.357607419100009e-08,0.06594634498446914,0.043575617498038025,6.965471291797534e-08,0.08496355075507707,0.11321696350274116
dim 20,20,0.4340743717384308,Polarity_group2_D75,-0.1677599880279337,2.404373625364364e-07,0.08370214802497575,0.010370036299556651,4.679841438646256e-07,0.025523891850051005,0.08405784000295796
dim 20,20,0.4340743717384308,Polarity_group2_D100,0.1376637653844719,2.3528275459411614e-05,0.10103539508093319,0.001957947999617499,3.946983427143887e-05,0.005988595529965611,0.0366283703035387
dim 20,20,0.4340743717384308,Polarity_group3_D0,0.049828368729702914,0.12746377715829016,0.047382047727905566,0.14726386157956184,0.1474696985047225,0.23727028349046625,0.0024463210017973483
dim 20,20,0.4340743717384308,Polarity_group3_D25,0.46371723839191265,3.902501975724685e-51,0.053420763909431394,0.10221306057256556,5.691858776821157e-50,0.17652100429801912,0.41029647448248124
dim 20,20,0.4340743717384308,Polarity_group3_D50,0.2512154370411571,5.947578302325818e-15,-0.003809107342912628,0.9073012275410429,1.835943764303903e-14,0.9466998125545403,0.2474063296982445
dim 20,20,0.4340743717384308,Polarity_group3_D75,0.18373440188638415,1.4704163515076458e-08,-0.061871752426040615,0.05833015385398093,3.0829821808132686e-08,0.10871803229480821,0.12186264946034353
dim 20,20,0.4340743717384308,Polarity_group3_D100,-0.24402214219052698,3.6065164568972805e-14,-0.12278346726814078,0.0001647549995942107,1.0594340339522354e-13,0.0006760217428067123,0.1212386749223862
dim 20,20,0.4340743717384308,Polarizability_C1,0.5285000666690275,1.5450887592988278e-68,0.24944185620702194,9.325171042657835e-15,4.095711473061972e-67,1.7797755018558382e-13,0.2790582104620055
dim 20,20,0.4340743717384308,Polarizability_C2,-0.3649735280931512,6.713495238012232e-31,-0.1107484652310772,0.000683815360316378,4.246794336166828e-30,0.0023210805929438035,0.254225062862074
dim 20,20,0.4340743717384308,Polarizability_C3,-0.5014771185593644,8.036771454810594e-61,-0.2824337233032981,1.2081857457750219e-18,1.450963062652291e-59,2.989141030287832e-17,0.2190433952560663
dim 20,20,0.4340743717384308,Polarizability_T12,0.5039189765092921,1.7217842814578083e-61,0.20273670353670917,3.7830368749084866e-10,3.382799705922988e-60,4.04978947506229e-09,0.30118227297258293
dim 20,20,0.4340743717384308,Polarizability_T13,-0.10971698019778299,0.0007677573289468144,-0.11926136682962628,0.0002533620331666068,0.001169849214727354,0.0009828445885905538,-0.009544386631843288
dim 20,20,0.4340743717384308,Polarizability_T23,-0.4678525434862019,3.878484767236253e-52,-0.20200755543673607,4.38338753395627e-10,5.809030996667751e-51,4.613186071480923e-09,0.2658449880494659
dim 20,20,0.4340743717384308,Polarizability_group1_D0,-0.2087692383558464,1.0949238556705832e-10,-0.1272304299869594,9.412273551467222e-05,2.5954901901630573e-10,0.0004163840220119274,0.081538808368887
dim 20,20,0.4340743717384308,Polarizability_group1_D25,-0.34240049764112407,3.633581734231675e-27,-0.08755111810610541,0.007328133395297263,1.8388125745960293e-26,0.018973616697901444,0.2548493795350186
dim 20,20,0.4340743717384308,Polarizability_group1_D50,-0.22770540768956446,1.7418881329451929e-12,0.026065341663724415,0.425484521673504,4.4753125877207265e-12,0.5612631526024894,0.20164006602584006
dim 20,20,0.4340743717384308,Polarizability_group1_D75,-0.12237318764824304,0.00017332765447326795,0.15891447289649888,1.0132318959668384e-06,0.000277790002850631,6.349333081668369e-06,-0.03654128524825584
dim 20,20,0.4340743717384308,Polarizability_group1_D100,0.14341223950007237,1.0488353163614315e-05,0.17850965084757087,3.7719136727792737e-08,1.819797380076458e-05,2.9853534756120314e-07,-0.0350974113474985
dim 20,20,0.4340743717384308,Polarizability_group2_D0,-0.08305105247142595,0.010983235502479715,-0.04452482661869096,0.17326691986672504,0.014147322243841976,0.2705523666923149,0.03852622585273499
dim 20,20,0.4340743717384308,Polarizability_group2_D25,0.35092511962702017,1.5342841487485784e-28,0.2331325437618491,4.953367795923434e-13,8.583767264355531e-28,8.031188562322461e-12,0.11779257586517106
dim 20,20,0.4340743717384308,Polarizability_group2_D50,0.3582931942438362,9.192676339022404e-30,0.176969219632013,4.953485704360556e-08,5.552177029355303e-29,3.8746234783522853e-07,0.1813239746118232
dim 20,20,0.4340743717384308,Polarizability_group2_D75,0.15847197099144442,1.0866384100625192e-06,0.09594344854428856,0.0032849158799988826,2.077488431373105e-06,0.009385473942853951,0.06252852244715586
dim 20,20,0.4340743717384308,Polarizability_group2_D100,0.11593759820678085,0.00037630959230593224,0.10657291255423322,0.0010861708808298852,0.000584592575954332,0.003542783927706852,0.009364685652547625
dim 20,20,0.4340743717384308,Polarizability_group3_D0,0.1318201888338476,5.179774419698078e-05,-0.02733856890007591,0.40321948379035377,8.480611059701755e-05,0.5410819911047736,0.1044816199337717
dim 20,20,0.4340743717384308,Polarizability_group3_D25,0.042550957257871995,0.19313698838099966,-0.16803079006243649,2.2979940462986091e-07,0.2163237898029976,1.5858058088093707e-06,-0.12547983280456448
dim 20,20,0.4340743717384308,Polarizability_group3_D50,-0.060167940584451976,0.06562483394060518,-0.28505919199824964,5.613344732389109e-19,0.07856162916187144,1.5119815650144857e-17,-0.22489125141379768
dim 20,20,0.4340743717384308,Polarizability_group3_D75,-0.11858807592548615,0.00027472717637367223,-0.38466822645510934,2.0722724695321306e-34,0.00043343824708930807,2.5634777956434506e-32,-0.2660801505296232
dim 20,20,0.4340743717384308,Polarizability_group3_D100,-0.1545906553013097,1.990541541939945e-06,-0.10525800292760341,0.0012524348221275138,3.737160623990678e-06,0.0040338787906517804,0.04933265237370628
dim 20,20,0.4340743717384308,Charge_C1,-0.4136657909809643,4.926667690135099e-40,-0.21557144299792205,2.584510676373632e-11,4.5581911592939697e-39,3.439149664975271e-10,0.19809434798304223
dim 20,20,0.4340743717384308,Charge_C2,0.5977322695218832,7.727847944208783e-92,0.3720849040637378,3.8657267693820895e-32,7.374574895330667e-90,2.9344380476673137e-30,0.2256473654581454
dim 20,20,0.4340743717384308,Charge_C3,-0.5875859719222949,4.565790332514786e-88,-0.38162218787958846,7.5041490401815584e-34,2.2760805538208036e-86,7.595108422486789e-32,0.20596378404270643
dim 20,20,0.4340743717384308,Charge_T12,-0.3328509630933663,1.1222938907884773e-25,-0.19407517273710925,2.1004885819157407e-09,5.257309390229332e-25,1.9706831077524083e-08,0.13877579035625706
dim 20,20,0.4340743717384308,Charge_T13,-0.4544682156910758,6.091992463107358e-49,-0.1953166045052302,1.6507286545573863e-09,7.948146416710381e-48,1.5797804315821403e-08,0.2591516111858456
dim 20,20,0.4340743717384308,Charge_T23,-0.5585468746768555,5.603112789920377e-78,-0.3670395241025189,2.951108268076839e-31,1.9293192493127897e-76,2.011571758240131e-29,0.1915073505743366
dim 20,20,0.4340743717384308,Charge_group1_D0,0.01772648149480899,0.5878640153843868,-0.039416259098112694,0.2280460195126812,0.618025121619091,0.33852164674326896,-0.021689777603303702
dim 20,20,0.4340743717384308,Charge_group1_D25,0.0913699766603268,0.0051261164643212715,-0.08817389048385854,0.006919335057999869,0.006996614695229344,0.0181117391016611,0.0031960861764682574
dim 20,20,0.4340743717384308,Charge_group1_D50,-0.06132085517427737,0.06061139965582849,-0.17894923703084822,3.488184797862727e-08,0.07313658773499536,2.773937434490836e-07,-0.11762838185657085
dim 20,20,0.4340743717384308,Charge_group1_D75,-0.015628653082562147,0.6327991281756894,-0.21763751024800387,1.6509678177745308e-11,0.6594112667197014,2.2880632827248682e-10,-0.20200885716544173
dim 20,20,0.4340743717384308,Charge_group1_D100,-0.06434943688463524,0.04893272482455448,-0.0022917544084534993,0.9441474193179918,0.060086507688974986,0.9688025746611652,0.062057682476181736
dim 20,20,0.4340743717384308,Charge_group2_D0,-0.0865442640712907,0.008034950621049914,-0.13867391146981062,2.0460744676676847e-05,0.010561485664819643,0.0001054612457100319,-0.05212964739851991
dim 20,20,0.4340743717384308,Charge_group2_D25,-0.15260263022277165,2.698730338170594e-06,0.023606070126315517,0.47046137197191107,5.004863592165344e-06,0.5988342158483929,0.12899656009645613
dim 20,20,0.4340743717384308,Charge_group2_D50,0.09931826441791464,0.0023372905211300997,0.18871805151346552,5.834983139787303e-09,0.003376535614435352,5.115182070049762e-08,-0.08939978709555088
dim 20,20,0.4340743717384308,Charge_group2_D75,0.12928265045892567,7.224005674453512e-05,0.2964861077675301,1.8142018305457124e-20,0.00011752644399744146,6.586341428285521e-19,-0.16720345730860442
dim 20,20,0.4340743717384308,Charge_group2_D100,0.19419882287037005,2.0508230909981217e-09,0.028848009529090304,0.3777467734483864,4.562586729148538e-09,0.514339267557118,0.16535081334127974
dim 20,20,0.4340743717384308,Charge_group3_D0,-0.05445697685859928,0.0957205782713542,-0.06750642149836779,0.038828379656668584,0.11217780050046422,0.07770328822844402,-0.01304944463976851
dim 20,20,0.4340743717384308,Charge_group3_D25,0.18936337926931213,5.167279005817428e-09,-0.028068716345555585,0.3907718886670438,1.1034982020096042e-08,0.5288404003840869,0.16129466292375655
dim 20,20,0.4340743717384308,Charge_group3_D50,-0.08663268959404338,0.00797052022107121,-0.19475823894608058,1.8400398587115835e-09,0.01048917948714651,1.7459469113911047e-08,-0.10812554935203719
dim 20,20,0.4340743717384308,Charge_group3_D75,-0.20338351385294748,3.318137717085443e-10,-0.3360767386990859,3.5703002196997913e-26,7.664301504194592e-10,2.0211530057283565e-24,-0.1326932248461384
dim 20,20,0.4340743717384308,Charge_group3_D100,-0.2757241614646597,8.258394078020381e-18,-0.22373952697409724,4.279378960860749e-12,3.1096996866502896e-17,6.296531158270881e-11,0.05198463449056248
dim 20,20,0.4340743717384308,SecondaryStructure_C1,-0.5895381365316431,8.79529409821349e-89,-0.32338259327734686,2.993523267833517e-24,4.8613300063423955e-87,1.4490387992121662e-22,0.26615554325429625
dim 20,20,0.4340743717384308,SecondaryStructure_C2,0.30262395452001756,2.6901588529079514e-21,0.2249830735157843,3.2342058335573933e-12,1.1079075917031514e-20,4.9101124927644056e-11,0.07764088100423325
dim 20,20,0.4340743717384308,SecondaryStructure_C3,0.582991299025988,2.108211824255138e-86,0.26049566133207763,5.337543374835095e-16,9.265036175016001e-85,1.1072916069533677e-14,0.3224956376939104
dim 20,20,0.4340743717384308,SecondaryStructure_T12,-0.38094741327089104,9.96102058391236e-34,-0.0730510179585071,0.025343374840257445,7.232567119623322e-33,0.05492983255448402,0.30789639531238394
dim 20,20,0.4340743717384308,SecondaryStructure_T13,-0.39935914823591334,3.443438804954692e-37,-0.24824951088408972,1.2592392155464503e-14,2.7383537163211125e-36,2.3761915140820024e-13,0.15110963735182362
dim 20,20,0.4340743717384308,SecondaryStructure_T23,0.5591686689450734,3.4894593558552554e-78,0.3053878531162917,1.121962790925877e-21,1.2268204472164794e-76,4.804302207297986e-20,0.25378081582878176
dim 20,20,0.4340743717384308,SecondaryStructure_group1_D0,0.02086759659339998,0.5234844577501611,-0.0715094708380353,0.02861005789141302,0.5555888429887315,0.06055614281198954,-0.050641874244635315
dim 20,20,0.4340743717384308,SecondaryStructure_group1_D25,-0.09246963583516886,0.004613782234432174,-0.10408271873809279,0.001420585711746948,0.006347345909577831,0.00452312323854605,-0.011613082902923927
dim 20,20,0.4340743717384308,SecondaryStructure_group1_D50,-0.3219264923316672,4.9096415172690914e-24,-0.3546836688676064,3.6842263744229746e-29,2.157658245747206e-23,2.2373301982859515e-27,-0.03275717653593918
dim 20,20,0.4340743717384308,SecondaryStructure_group1_D75,-0.2530701122842952,3.702194360966391e-15,-0.17615424588648834,5.7161927902478486e-08,1.1502631781979299e-14,4.399097677287515e-07,0.07691586639780687
dim 20,20,0.4340743717384308,SecondaryStructure_group1_D100,-0.11151818921876926,0.0006268150330031548,0.08884327879395512,0.006502851250193099,0.0009585907556000627,0.01716958353805925,0.022674910424814135
dim 20,20,0.4340743717384308,SecondaryStructure_group2_D0,0.042406435373824276,0.19465493616718987,-0.06877136389211792,0.03530827971193723,0.2179508839418083,0.07173336632473865,-0.026364928518293647
dim 20,20,0.4340743717384308,SecondaryStructure_group2_D25,-0.07138715299464479,0.02888411121975581,-0.02265330239113224,0.48856616352691523,0.03603770320283317,0.6155454493322885,0.048733850603512555
dim 20,20,0.4340743717384308,SecondaryStructure_group2_D50,0.10329101943156194,0.0015453143061893906,0.13384328152572433,3.955897332468239e-05,0.0022980186031489602,0.000191488363629622,-0.030552262094162397
dim 20,20,0.4340743717384308,SecondaryStructure_group2_D75,0.17339122547581903,9.243290525619551e-08,0.019188161776481995,0.5574533446052882,1.8699327895559842e-07,0.6728927253276699,0.15420306369933703
dim 20,20,0.4340743717384308,SecondaryStructure_group2_D100,0.13670582022003222,2.6837054424265405e-05,0.11410862371475176,0.00046579747484879716,4.486274363215538e-05,0.0016463106518465425,0.022597196505280456
dim 20,20,0.4340743717384308,SecondaryStructure_group3_D0,-0.19166833882312875,3.336167542112029e-09,-0.1534919810516369,2.356298806012067e-06,7.244993231894783e-09,1.354567644075784e-05,0.038176357771491864
dim 20,20,0.4340743717384308,SecondaryStructure_group3_D25,0.02544818423428853,0.4365296988793173,0.10173171159370084,0.001820891622351244,0.46962589946648126,0.005620866930363359,-0.07628352735941231
dim 20,20,0.4340743717384308,SecondaryStructure_group3_D50,0.2231639105261358,4.868889690233965e-12,0.17119464350347904,1.3471019864161861e-07,1.2245550877546268e-11,9.738789252446022e-07,0.05196926702265675
dim 20,20,0.4340743717384308,SecondaryStructure_group3_D75,0.1044557550849688,0.0013650877449290133,0.09508455518562761,0.0035763174737004273,0.002043654445568312,0.010114225539508406,0.009371199899341182
dim 20,20,0.4340743717384308,SecondaryStructure_group3_D100,0.16514021290736117,3.711115432100182e-07,0.0971291250972976,0.0029180872496294393,7.135938712270931e-07,0.008497307248267067,0.06801108781006357
dim 20,20,0.4340743717384308,SolventAccessibility_C1,-0.1005900806670096,0.002050490510237812,-0.03191438490409219,0.3291346398353796,0.002986758963887611,0.4628611469597578,0.0686756957629174
dim 20,20,0.4340743717384308,SolventAccessibility_C2,-0.5402333857814962,4.127364279958967e-72,-0.23829884319112246,1.4525297325719e-13,1.1584366970641136e-70,2.462664622736115e-12,0.30193454259037367
dim 20,20,0.4340743717384308,SolventAccessibility_C3,0.6238217975449566,3.4981639044561882e-102,0.2871283398488104,3.0503544227685505e-19,8.987590339141283e-100,9.988415462791136e-18,0.33669345769614617
dim 20,20,0.4340743717384308,SolventAccessibility_T12,-0.5505174882389289,2.320940189761464e-75,-0.15628128859840332,1.5319538896839923e-06,7.453788686349317e-74,9.088323253187449e-06,0.3942361996405256
dim 20,20,0.4340743717384308,SolventAccessibility_T13,0.44029718537868245,1.0405311590358752e-45,0.1516357096319514,3.1250063784959664e-06,1.28242585652392e-44,1.7841916759276116e-05,0.28866147574673107
dim 20,20,0.4340743717384308,SolventAccessibility_T23,-0.07447547148261681,0.022616481902869717,-0.15668894436203143,1.4376156231806518e-06,0.02835549908242675,8.574350323970318e-06,-0.08221347287941462
dim 20,20,0.4340743717384308,SolventAccessibility_group1_D0,-0.08720123878038431,0.007567172712871989,-0.11254839089657839,0.0005574165216273952,0.009985917369021116,0.0019233173370201446,-0.02534715211619408
dim 20,20,0.4340743717384308,SolventAccessibility_group1_D25,-0.2918169562170624,7.515437111998745e-20,-0.1992241724307243,7.652480869599422e-10,3.013392551509701e-19,7.698580151946407e-09,0.09259278378633809
dim 20,20,0.4340743717384308,SolventAccessibility_group1_D50,-0.3702755228027574,8.046558644550004e-32,-0.285158952340691,5.451325071527929e-19,5.269707033881767e-31,1.4987521778308663e-17,0.08511657046206639
dim 20,20,0.4340743717384308,SolventAccessibility_group1_D75,-0.12528968405630192,0.00012044629709602152,0.14710554468351938,6.138059658506996e-06,0.00019490825208367824,3.4340233265349026e-05,-0.021815860627217465
dim 20,20,0.4340743717384308,SolventAccessibility_group1_D100,0.09206323142520006,0.004797472137348835,0.13008548752932406,6.506617475575028e-05,0.006571530781003306,0.00030016715978481483,-0.03802225610412399
dim 20,20,0.4340743717384308,SolventAccessibility_group2_D0,-0.001055974271872818,0.9742481885973069,0.02653077910346235,0.417263483137231,0.978937710564081,0.5532592432228469,-0.025474804831589534
dim 20,20,0.4340743717384308,SolventAccessibility_group2_D25,0.4118754585885214,1.1379497631210238e-39,0.04510704955293691,0.16770784575537187,9.949613112105287e-39,0.2631020219929272,0.3667684090355845
dim 20,20,0.4340743717384308,SolventAccessibility_group2_D50,0.2297471419087418,1.089401149618919e-12,0.05704572799327743,0.08093507022539065,2.8426561247868666e-12,0.1439420311782773,0.17270141391546437
dim 20,20,0.4340743717384308,SolventAccessibility_group2_D75,0.21503530631343762,2.9011227332079456e-11,-0.013588068922285193,0.6778484187028156,7.036855431310485e-11,0.7766770903833291,0.20144723739115242
dim 20,20,0.4340743717384308,SolventAccessibility_group2_D100,-0.23913280327972716,1.1883267828093745e-13,-0.06732139479037796,0.0393674330922716,3.3721422723732464e-13,0.07835949137555849,0.1718114084893492
dim 20,20,0.4340743717384308,SolventAccessibility_group3_D0,0.14617362290557342,7.035224208080154e-06,-0.05201228709584069,0.11159347061009635,1.2328252284883376e-05,0.19035862708770268,0.09416133580973274
dim 20,20,0.4340743717384308,SolventAccessibility_group3_D25,0.0674936438641904,0.038865403468974685,0.1549578295881735,1.8809391400928676e-06,0.04797134057146173,1.0983106167675135e-05,-0.0874641857239831
dim 20,20,0.4340743717384308,SolventAccessibility_group3_D50,0.1683346453719952,2.1840348062400348e-07,0.15744852610471308,1.2765062656710446e-06,4.2784024943353174e-07,7.765994403171747e-06,0.010886119267282113
dim 20,20,0.4340743717384308,SolventAccessibility_group3_D75,-0.1515255669324139,3.177467494355214e-06,-0.1812027082404097,2.3290218153567267e-08,5.831176610520009e-06,1.9350579261919072e-07,-0.029677141307995814
dim 20,20,0.4340743717384308,SolventAccessibility_group3_D100,0.18084888347300956,2.4823584800687256e-08,0.007118957124527939,0.8277202185609005,5.1819233271434647e-08,0.8866534733782577,0.1737299263484816
dim 44,44,0.4339633667979318,AAC_A,-0.026200023936295547,0.42309596853550585,0.18310373236868274,1.6499030452006166e-08,0.45599888186788945,1.398648774357883e-07,-0.15690370843238718
dim 44,44,0.4339633667979318,AAC_C,-0.05764915281213106,0.07776932091014807,0.02211000063235783,0.49905563189183905,0.0921097630637924,0.6251754867044379,0.03553915217977323
dim 44,44,0.4339633667979318,AAC_D,0.22225582958600953,5.964021818951349e-12,0.04906031178808112,0.13344415483667374,1.4954829485959087e-11,0.2193422623791783,0.1731955177979284
dim 44,44,0.4339633667979318,AAC_E,0.32455033852190757,2.009163959265772e-24,-0.14461077974352587,8.827192626319996e-06,8.947476831930239e-24,4.833249733099801e-05,0.1799395587783817
dim 44,44,0.4339633667979318,AAC_F,0.11696642482343378,0.00033330296758829226,-0.03091135636807596,0.34457030261299093,0.0005211759886446143,0.47856019945250594,0.08605506845535782
dim 44,44,0.4339633667979318,AAC_G,-0.1003448274168883,0.0021031520403870852,0.116547868632798,0.0003502133376036033,0.003055470993863795,0.001296798833255028,-0.016203041215909694
dim 44,44,0.4339633667979318,AAC_H,0.3756245460769792,9.089069720129623e-33,0.05845058466175094,0.07372120073966591,6.233571430232637e-32,0.1330966543083698,0.31717396141522824
dim 44,44,0.4339633667979318,AAC_I,0.17308251922616544,9.74857376147847e-08,-0.08964743227165418,0.006032375294626581,1.9673858829811535e-07,0.016016004359342435,0.08343508695451125
dim 44,44,0.4339633667979318,AAC_K,0.2739814342717106,1.3488795848760343e-17,-0.09121375544831042,0.005202923454911179,4.9836922715552593e-17,0.01411678662827241,0.1827676788234002
dim 44,44,0.4339633667979318,AAC_L,0.26976346867015794,4.3586478486131946e-17,-0.013607024265681528,0.6774242888354759,1.518027509318881e-16,0.7766770903833291,0.2561564444044764
dim 44,44,0.4339633667979318,AAC_M,0.1541055091434526,2.144782775718738e-06,-0.11063762566830491,0.0006924087600563351,4.0132069864989275e-06,0.0023435238621009827,0.0434678834751477
dim 44,44,0.4339633667979318,AAC_N,-0.03196121644566425,0.3284250494808291,-0.048908955235906125,0.13464784199680147,0.3566123749239172,0.22066918168268737,-0.016947738790241876
dim 44,44,0.4339633667979318,AAC_P,-0.409320228960596,3.725765409712866e-39,-0.027690090024331676,0.3971973868955686,3.0802119971388547e-38,0.5347303308081506,0.3816301389362643
dim 44,44,0.4339633667979318,AAC_Q,0.05288772932630478,0.10568655550771035,-0.04355084593651926,0.18287211682261648,0.12351053022944457,0.28186103838834287,0.00933688338978552
dim 44,44,0.4339633667979318,AAC_R,-0.09306144310328074,0.004357653599020292,0.014935420303877497,0.6479620188339226,0.0060543107407353474,0.7525652911049467,0.07812602279940324
dim 44,44,0.4339633667979318,AAC_S,-0.41726257448376725,9.024998431046623e-41,-0.028074527242757698,0.39067376828070477,9.246470785182736e-40,0.5288404003840869,0.3891880472410095
dim 44,44,0.4339633667979318,AAC_T,-0.419521147919613,3.076001196606624e-41,0.01220629742358842,0.7090327368825645,3.3248686073353154e-40,0.7984387529291185,0.40731485049602456
dim 44,44,0.4339633667979318,AAC_V,0.051614255811321175,0.11436373325340407,0.05111298121758452,0.11792911471882303,0.1333245616287503,0.1990314518245927,0.0005012745937366531
dim 44,44,0.4339633667979318,AAC_W,-0.11787964617493109,0.0002990199210360026,-0.00795182665685152,0.8079372557888267,0.0004702102336441848,0.8730218163489748,0.10992781951807956
dim 44,44,0.4339633667979318,AAC_Y,0.026230740779491824,0.4225523134240834,-0.05188843078069205,0.1124497757869498,0.4555599505605031,0.19164274594162417,-0.025657690001200228
dim 44,44,0.4339633667979318,Hydrophobicity_C1,0.33442118828117673,6.437589271345059e-26,-0.133687149988391,4.039608399562243e-05,3.0541971827120026e-25,0.00019441343018066127,0.20073403829278572
dim 44,44,0.4339633667979318,Hydrophobicity_C2,-0.3779797237743026,3.434448349876301e-33,0.12543045500502378,0.00011832499968919422,2.4048338550496533e-32,0.0005099425793056886,0.25254926876927886
dim 44,44,0.4339633667979318,Hydrophobicity_C3,0.33903022653638953,1.2361802069895255e-26,-0.0724540488507542,0.02656804266621817,6.098732483522918e-26,0.05699246146767418,0.26657617768563535
dim 44,44,0.4339633667979318,Hydrophobicity_T12,0.08486382239016653,0.009351149835332705,0.003812573328183983,0.9072172594652639,0.012148129307666759,0.9466998125545403,0.08105124906198255
dim 44,44,0.4339633667979318,Hydrophobicity_T13,0.3750446322327855,1.1536087013203662e-32,-0.07618622481250505,0.019681100754716234,7.86337359675515e-32,0.04391107316015512,0.29885840742028047
dim 44,44,0.4339633667979318,Hydrophobicity_T23,-0.09426440387061942,0.0038762890429376727,0.12297553792530108,0.00016088010020039862,0.005417073390548881,0.0006617481954055805,-0.02871113405468166
dim 44,44,0.4339633667979318,Hydrophobicity_group1_D0,-0.00210518770534992,0.9486877144211922,-0.027239511227403652,0.4049263059765573,0.9590245054984206,0.5429361147979532,-0.025134323522053734
dim 44,44,0.4339633667979318,Hydrophobicity_group1_D25,-0.4100360389115121,2.6752848243706505e-39,-0.07845046243027673,0.016310101566928515,2.2507434038785825e-38,0.03713410990698108,0.3315855764812353
dim 44,44,0.4339633667979318,Hydrophobicity_group1_D50,-0.23443629928728799,3.644534064530674e-13,-0.07803080338937055,0.01689368548100398,9.888500223828149e-13,0.03830611643350529,0.15640549589791744
dim 44,44,0.4339633667979318,Hydrophobicity_group1_D75,-0.25559035887763154,1.9320105150852277e-15,-0.07877384596693562,0.0158725394995998,6.064769849985584e-15,0.03638591759002288,0.17681651291069592
dim 44,44,0.4339633667979318,Hydrophobicity_group1_D100,0.19075992461139513,3.966575996184037e-09,-0.0020949947412552752,0.9489358200970454,8.547331501454634e-09,0.9716861223343639,0.18866492987013986
dim 44,44,0.4339633667979318,Hydrophobicity_group2_D0,0.14158207329106617,1.3611451818847405e-05,-0.023556609428389944,0.4713920464600285,2.3397966585152e-05,0.5995618565028542,0.11802546386267623
dim 44,44,0.4339633667979318,Hydrophobicity_group2_D25,0.3554249138536447,2.774403273133777e-29,0.040121288858707076,0.21982800347221307,1.6115664230029245e-28,0.32821883397281704,0.31530362499493764
dim 44,44,0.4339633667979318,Hydrophobicity_group2_D50,0.14777204785768439,5.564623512805104e-06,-0.023796402761898372,0.4668894547867353,9.85463548927309e-06,0.5954222141991966,0.12397564509578601
dim 44,44,0.4339633667979318,Hydrophobicity_group2_D75,0.23459163482455214,3.513269334052182e-13,0.09118176209526888,0.005218780649029511,9.555634833659844e-13,0.01413684295844166,0.14340987272928327
dim 44,44,0.4339633667979318,Hydrophobicity_group2_D100,-0.10037706809809267,0.002096159226587816,0.0334849269735811,0.3058788328813042,0.0030466369959979574,0.43603726070147497,0.06689214112451157
dim 44,44,0.4339633667979318,Hydrophobicity_group3_D0,-0.26102070389793136,4.643469976377182e-16,-0.011734057809937512,0.7198062533057977,1.5355633387227514e-15,0.8028238580996664,0.24928664608799384
dim 44,44,0.4339633667979318,Hydrophobicity_group3_D25,-0.24376088157205159,3.846345518228359e-14,0.08698695795337838,0.0077169940165125175,1.1249381813382416e-13,0.01979628265372643,0.1567739236186732
dim 44,44,0.4339633667979318,Hydrophobicity_group3_D50,-0.08545240683806174,0.008869761679898799,0.09810908821407485,0.0026435175785469384,0.011554213732785487,0.007799778014440613,-0.012656681376013112
dim 44,44,0.4339633667979318,Hydrophobicity_group3_D75,-0.03720309709462842,0.2552551892627889,-0.0010329462290305626,0.9748095799918242,0.28026046421358153,0.984908839764814,0.036170150865597855
dim 44,44,0.4339633667979318,Hydrophobicity_group3_D100,-0.06416011691434746,0.04960296935222751,-0.045045783335130415,0.16828644228752054,0.0607754650170359,0.26363823510333895,0.019114333579217047
dim 44,44,0.4339633667979318,NormVanDerWaalsVolume_C1,-0.3716916432959207,4.5352544935930276e-32,0.12879051782129947,7.700021739481936e-05,3.017480081394564e-31,0.0003489562090891407,0.24290112547462123
dim 44,44,0.4339633667979318,NormVanDerWaalsVolume_C2,0.34487760858594607,1.4632513173259715e-27,-0.11971516878863213,0.00023985049814029602,7.612553582350069e-27,0.0009369598406884079,0.22516243979731393
dim 44,44,0.4339633667979318,NormVanDerWaalsVolume_C3,0.29319814574212594,4.949350598419312e-20,-0.0899818590717849,0.005845899851022175,1.9892696749362818e-19,0.015558012352521168,0.20321628667034103
dim 44,44,0.4339633667979318,NormVanDerWaalsVolume_T12,-0.14324946460673393,1.073572550333116e-05,0.04748221359389176,0.14640952515142772,1.8588555303849702e-05,0.23619101700049902,0.09576725101284217
dim 44,44,0.4339633667979318,NormVanDerWaalsVolume_T13,0.061389664116708126,0.06032249096581027,0.06505832135644231,0.04649012229150616,0.0728406073122944,0.0893937872502191,-0.0036686572397341827
dim 44,44,0.4339633667979318,NormVanDerWaalsVolume_T23,0.27222133374781177,2.206065452824378e-17,-0.17291026138816107,1.004201878716577e-07,7.941886036733477e-17,7.404049171994189e-07,0.0993110723596507
dim 44,44,0.4339633667979318,NormVanDerWaalsVolume_group1_D0,0.1322099545827044,4.9191210375808236e-05,-0.038878057927356144,0.23446485609917936,8.073643373719878e-05,0.34681692620516347,0.09333189665534826
dim 44,44,0.4339633667979318,NormVanDerWaalsVolume_group1_D25,0.27327189252471273,1.6454586592543944e-17,-0.009349538067816132,0.7750176448480741,6.026131493322015e-17,0.8467644533178172,0.2639223544568966
dim 44,44,0.4339633667979318,NormVanDerWaalsVolume_group1_D50,0.10056973044206545,0.002054813778123142,-0.00931676295252854,0.7757852277812765,0.002990447938532154,0.8473259191594059,0.09125296748953692
dim 44,44,0.4339633667979318,NormVanDerWaalsVolume_group1_D75,0.20573609925631323,2.0519969100096347e-10,0.06623163234120477,0.042672636904429906,4.786082178374427e-10,0.08347976732285678,0.13950446691510845
dim 44,44,0.4339633667979318,NormVanDerWaalsVolume_group1_D100,-0.11981693304055645,0.00023691466465518626,-0.00278092586096626,0.932251897168935,0.00037680713330872484,0.9634038788812632,0.11703600717959019
dim 44,44,0.4339633667979318,NormVanDerWaalsVolume_group2_D0,-0.04563603634807396,0.1627740095661606,-0.022679306098637195,0.48806710549452686,0.18410605890652773,0.6151487291893282,0.022956730249436768
dim 44,44,0.4339633667979318,NormVanDerWaalsVolume_group2_D25,-0.2714732954598484,2.716092696666035e-17,0.004852245309626037,0.8820807254397834,9.620095023186167e-17,0.9317361236460711,0.26662105015022236
dim 44,44,0.4339633667979318,NormVanDerWaalsVolume_group2_D50,-0.03943544097245869,0.2278195773248169,0.05698174758061256,0.08127677008522573,0.2517093576794206,0.14416591188776098,-0.017546306608153865
dim 44,44,0.4339633667979318,NormVanDerWaalsVolume_group2_D75,-0.058022623512206085,0.07586093675511646,-0.06557897501152464,0.04476208952649716,0.08991324654438927,0.08677038828699972,-0.007556351499318555
dim 44,44,0.4339633667979318,NormVanDerWaalsVolume_group2_D100,0.1186860411949896,0.00027151703217937465,0.01707584975910017,0.6016425700213777,0.00042898149833448977,0.710567957521712,0.10161019143588942
dim 44,44,0.4339633667979318,NormVanDerWaalsVolume_group3_D0,-0.13212165874175308,4.9770573080959416e-05,0.009607904898486633,0.7689745144377199,8.160712522847544e-05,0.842090124007208,0.12251375384326645
dim 44,44,0.4339633667979318,NormVanDerWaalsVolume_group3_D25,-0.08794115372020919,0.007069650815368135,0.06087979484937455,0.062490587816674686,0.00939619328425371,0.11468052928994146,0.02706135887083464
dim 44,44,0.4339633667979318,NormVanDerWaalsVolume_group3_D50,-0.0965882656943246,0.0030805234511848897,-0.014765626766182333,0.6516985184109243,0.004382005249981912,0.7550027927480011,0.08182263892814227
dim 44,44,0.4339633667979318,NormVanDerWaalsVolume_group3_D75,-0.09806387553796138,0.00265564763079894,-0.024581770254900156,0.45231069732901336,0.003805175069441639,0.5850295471582753,0.07348210528306122
dim 44,44,0.4339633667979318,NormVanDerWaalsVolume_group3_D100,0.08025559411456192,0.013996791154459964,-0.02000901493588625,0.540717255481692,0.017788920264800716,0.660568995358029,0.060246579178675666
dim 44,44,0.4339633667979318,Polarity_C1,0.33291177978448977,1.0984583083113283e-25,-0.09160979495458185,0.005010198099149499,5.152880266516624e-25,0.013649316191810219,0.24130198482990792
dim 44,44,0.4339633667979318,Polarity_C2,-0.399296901000926,3.5405251890400757e-37,0.11585997129113236,0.00037975619974068024,2.802216618813709e-36,0.0013804654669138895,0.2834369297097937
dim 44,44,0.4339633667979318,Polarity_C3,0.38635137850840795,1.0118090832283969e-34,-0.10911855442557829,0.0008207368900421815,7.733277661287978e-34,0.0027385226900508357,0.2772328240828297
dim 44,44,0.4339633667979318,Polarity_T12,-0.2200194874388942,9.792591092825716e-12,0.1155320705163597,0.00039464244813101527,2.4463166978337993e-11,0.0014265214034173063,0.1044874169225345
dim 44,44,0.4339633667979318,Polarity_T13,0.41633547986915875,1.4005529753519207e-40,-0.06046154258787472,0.06431679027021643,1.3963722202016164e-39,0.11757968226739075,0.355873937281284
dim 44,44,0.4339633667979318,Polarity_T23,-0.04526419118784177,0.16623062547118117,0.0015234439948713808,0.9628550715985069,0.18738113029826026,0.9786965340846133,0.04374074719297039
dim 44,44,0.4339633667979318,Polarity_group1_D0,-0.18385025576718356,1.4395708370939959e-08,0.002931843758774047,0.9285848447558128,3.0202051481745894e-08,0.9613990643163096,0.18091841200840952
dim 44,44,0.4339633667979318,Polarity_group1_D25,-0.18607820700562272,9.550448987063243e-09,0.08226040090557005,0.011770964053271453,2.0137941677267192e-08,0.028447916018760244,0.10381780610005267
dim 44,44,0.4339633667979318,Polarity_group1_D50,-0.08940729225150464,0.006169558799668076,0.06061659713912285,0.06363471473674205,0.008298963508212394,0.11652409387100793,0.028790695112381783
dim 44,44,0.4339633667979318,Polarity_group1_D75,-0.11610437455024561,0.0003690032804069211,-0.027129863002966825,0.40682063003271524,0.0005737760505396259,0.5452571847147949,0.08897451154727878
dim 44,44,0.4339633667979318,Polarity_group1_D100,0.025673557918317262,0.4324772265663888,0.022986751477904535,0.48218753969948625,0.4655088420018494,0.6098093080637198,0.002686806440412727
dim 44,44,0.4339633667979318,Polarity_group2_D0,0.14646662234510718,6.740460941995021e-06,-0.024142915238496303,0.46042528977538894,1.1817921021660562e-05,0.5912420099384079,0.12232370710661088
dim 44,44,0.4339633667979318,Polarity_group2_D25,0.34806064958607313,4.492483830853288e-28,0.02678830963007034,0.4127551720074984,2.420144515330642e-27,0.5503402293433312,0.3212723399560028
dim 44,44,0.4339633667979318,Polarity_group2_D50,0.2320835578043262,6.331939983322261e-13,0.05223138379469816,0.11009129146659567,1.6797998049480818e-12,0.18798819708508666,0.17985217400962805
dim 44,44,0.4339633667979318,Polarity_group2_D75,0.26871788588577855,5.810839693726827e-17,0.11758199718084653,0.0003098139984182879,2.011212909538612e-16,0.0011758849485421382,0.15113588870493203
dim 44,44,0.4339633667979318,Polarity_group2_D100,-0.0654901300329389,0.04505307695918766,0.021384554243670327,0.5132458714785623,0.05544483310379026,0.6367909400959874,0.04410557578926857
dim 44,44,0.4339633667979318,Polarity_group3_D0,-0.047745881322946715,0.14417874730424957,-0.04089161084139397,0.21109393672162363,0.16446619398777104,0.3168780892809991,0.006854270481552745
dim 44,44,0.4339633667979318,Polarity_group3_D25,-0.4509394695333487,4.0179385169172995e-48,-0.07171824911403407,0.028147453794860906,5.122104826909839e-47,0.05980438656160014,0.3792212204193146
dim 44,44,0.4339633667979318,Polarity_group3_D50,-0.2786529643197302,3.591971348030323e-18,-0.0690227193667241,0.034642182523690036,1.3934011965646085e-17,0.0706379057564864,0.20963024495300608
dim 44,44,0.4339633667979318,Polarity_group3_D75,-0.24265493472806945,5.047140396554995e-14,-0.06634646539709739,0.04231365702041251,1.4633202191400767e-13,0.08293874087334376,0.17630846933097205
dim 44,44,0.4339633667979318,Polarity_group3_D100,0.16575627298143383,3.3530581493255015e-07,-0.005051111755013075,0.8772853456436897,6.473534230489696e-07,0.9275508244539169,0.16070516122642076
dim 44,44,0.4339633667979318,Polarizability_C1,-0.30906260674700653,3.456800963702178e-22,0.14638688811434578,6.819485480565433e-06,1.4522912224861981e-21,3.783568356327001e-05,0.16267571863266075
dim 44,44,0.4339633667979318,Polarizability_C2,0.2134942518578553,4.037294094306515e-11,-0.13726081086915592,2.4869887187468576e-05,9.736146046919682e-11,0.00012662412074107476,0.07623344098869939
dim 44,44,0.4339633667979318,Polarizability_C3,0.29319814574212594,4.949350598419312e-20,-0.0899818590717849,0.005845899851022175,1.9892696749362818e-19,0.015558012352521168,0.20321628667034103
dim 44,44,0.4339633667979318,Polarizability_T12,-0.3441257978331163,1.9301183937758496e-27,0.07550563774100585,0.020806519907365303,9.948449745696508e-27,0.04620596841130326,0.2686201600921104
dim 44,44,0.4339633667979318,Polarizability_T13,0.10441036918194632,0.0013717316292136306,0.10132729162446373,0.0018993818161175333,0.0020526808429988915,0.005836186997086073,0.0030830775574825914
dim 44,44,0.4339633667979318,Polarizability_T23,0.24396295205817936,3.6595305358712866e-14,-0.19044363818370422,4.212127335610251e-09,1.0731195776830638e-13,3.7516014135835307e-08,0.053519313874475144
dim 44,44,0.4339633667979318,Polarizability_group1_D0,0.10932321995236467,0.0008022478810041773,-0.038996095328400704,0.23304626303985188,0.0012196212665243297,0.3450241660253126,0.07032712462396397
dim 44,44,0.4339633667979318,Polarizability_group1_D25,0.253261816378772,3.5243852468967294e-15,-0.04836810733268187,0.13901757307416884,1.0970593405997276e-14,0.22693973317093058,0.2048937090460901
dim 44,44,0.4339633667979318,Polarizability_group1_D50,0.23091711403610554,8.308163840021492e-13,0.006316371056280216,0.8468878335837804,2.19467778729227e-12,0.9037077840798168,0.22460074297982532
dim 44,44,0.4339633667979318,Polarizability_group1_D75,0.2450427248823021,2.8025290283977138e-14,0.08668604824619201,0.007931864798378218,8.276257254507837e-14,0.020269646845128726,0.15835667663611008
dim 44,44,0.4339633667979318,Polarizability_group1_D100,-0.041413548965299064,0.20532025063692247,0.0047549117951653855,0.8844293689954267,0.22935439368806723,0.9328062533521551,0.03665863717013368
dim 44,44,0.4339633667979318,Polarizability_group2_D0,0.030017444469340956,0.35870895098365957,-0.042064501968953366,0.19828110339159152,0.388611059450348,0.3014378176276357,-0.01204705749961241
dim 44,44,0.4339633667979318,Polarizability_group2_D25,-0.2009471874883526,5.42513578339659e-10,0.02622831764871872,0.42259518538382645,1.2470718180691406e-09,0.5589971957156358,0.1747188698396339
dim 44,44,0.4339633667979318,Polarizability_group2_D50,-0.24496752413302264,2.8552122118187455e-14,0.012262713892924482,0.7077494972206719,8.424389388228453e-14,0.7981461924629761,0.23270481024009815
dim 44,44,0.4339633667979318,Polarizability_group2_D75,-0.15155523475217506,3.1632542727434925e-06,-0.08387551692911666,0.010211972771199274,5.808284371062817e-06,0.025209156730085423,0.0676797178230584
dim 44,44,0.4339633667979318,Polarizability_group2_D100,-0.04846232965906059,0.13824856848461342,0.010843541822816107,0.7402725605667412,0.15845923772773124,0.8197978621660861,0.037618787836244484
dim 44,44,0.4339633667979318,Polarizability_group3_D0,-0.13212165874175308,4.9770573080959416e-05,0.009607904898486633,0.7689745144377199,8.160712522847544e-05,0.842090124007208,0.12251375384326645
dim 44,44,0.4339633667979318,Polarizability_group3_D25,-0.08794115372020919,0.007069650815368135,0.06087979484937455,0.062490587816674686,0.00939619328425371,0.11468052928994146,0.02706135887083464
dim 44,44,0.4339633667979318,Polarizability_group3_D50,-0.0965882656943246,0.0030805234511848897,-0.014765626766182333,0.6516985184109243,0.004382005249981912,0.7550027927480011,0.08182263892814227
dim 44,44,0.4339633667979318,Polarizability_group3_D75,-0.09806387553796138,0.00265564763079894,-0.024581770254900156,0.45231069732901336,0.003805175069441639,0.5850295471582753,0.07348210528306122
dim 44,44,0.4339633667979318,Polarizability_group3_D100,0.08025559411456192,0.013996791154459964,-0.02000901493588625,0.540717255481692,0.017788920264800716,0.660568995358029,0.060246579178675666
dim 44,44,0.4339633667979318,Charge_C1,0.23682330044426667,2.068143811692465e-13,-0.0888850616395169,0.006477617002685826,5.7804186870735e-13,0.0171164879659578,0.14793823880474977
dim 44,44,0.4339633667979318,Charge_C2,-0.34749421575173434,5.5485562196691095e-28,0.09848255658215387,0.0025452375757823204,2.965148443791172e-27,0.007543117571528794,0.24901165916958046
dim 44,44,0.4339633667979318,Charge_C3,0.3446720352656258,1.5784707840856407e-27,-0.07254219635074394,0.026384058929574038,8.186478911251615e-27,0.05674356524454429,0.27212983891488185
dim 44,44,0.4339633667979318,Charge_T12,0.17245442158501167,1.0860326959769279e-07,-0.07858406196360322,0.016128064760028742,2.1759743278721891e-07,0.03676978586928055,0.09387035962140845
dim 44,44,0.4339633667979318,Charge_T13,0.27241862946085965,2.0880834917590034e-17,-0.11914480233415663,0.0002569459156865166,7.56420700919205e-17,0.0009932862944363025,0.153273827126703
dim 44,44,0.4339633667979318,Charge_T23,0.3465351109724407,7.925203210961026e-28,-0.023954640887121372,0.46393131659491776,4.2016156705729886e-27,0.5932352976366866,0.32258047008531937
dim 44,44,0.4339633667979318,Charge_group1_D0,0.014857747890127266,0.6496701972602075,0.08470846444806114,0.00948203442960812,0.6759808283018981,0.023653778311877285,-0.06985071655793387
dim 44,44,0.4339633667979318,Charge_group1_D25,-0.12229586238305643,0.0001749895413441484,0.013431418386553089,0.6813573998801931,0.00028031897750093794,0.7796278573483538,0.10886444399650333
dim 44,44,0.4339633667979318,Charge_group1_D50,-0.017103663185701858,0.6010505931293572,0.026591369044184365,0.4162002009247739,0.6301032583339777,0.5532592432228469,-0.009487705858482506
dim 44,44,0.4339633667979318,Charge_group1_D75,-0.11424535117733814,0.00045847644510577513,-0.03122809231982629,0.3396469760756005,0.0007056734224208705,0.47267537503854407,0.08301725885751185
dim 44,44,0.4339633667979318,Charge_group1_D100,0.039689130085620354,0.22483981339975137,-0.032496886449394254,0.320379119786106,0.24874626590101676,0.4534179068159297,0.0071922436362261005
dim 44,44,0.4339633667979318,Charge_group2_D0,0.00511223457685555,0.8758123507782879,-0.00948035263800455,0.7719562014056834,0.8973046784047489,0.8442481050081804,-0.004368118061149
dim 44,44,0.4339633667979318,Charge_group2_D25,0.21349548156139797,4.03623359775656e-11,0.0968867708832691,0.0029898832233261983,9.736146046919682e-11,0.008683660839921307,0.11660871067812888
dim 44,44,0.4339633667979318,Charge_group2_D50,0.0483140928735485,0.13945989793294702,0.07499417238391656,0.021688749432900882,0.15960376580441568,0.04800558191245126,-0.026680079510368063
dim 44,44,0.4339633667979318,Charge_group2_D75,0.09246874370650253,0.004614178403729035,0.10389709080021266,0.0014489693312651503,0.006347345909577831,0.004604716999453475,-0.011428347093710128
dim 44,44,0.4339633667979318,Charge_group2_D100,-0.14984265439210917,4.091860607781385e-06,0.03144370344248087,0.33632142242847946,7.383476191242477e-06,0.4694323996816525,0.1183989509496283
dim 44,44,0.4339633667979318,Charge_group3_D0,-0.02427534280264419,0.45796812689503014,-0.0675537358995875,0.03869154427135634,0.4902495171354596,0.07747587402058165,-0.04327839309694331
dim 44,44,0.4339633667979318,Charge_group3_D25,-0.2577600918278132,1.0973736429075021e-15,-0.11069480131693311,0.0006879634921338499,3.5412830602039202e-15,0.0023327899124132574,0.14706529051088008
dim 44,44,0.4339633667979318,Charge_group3_D50,-0.06028977276008048,0.06507941847512973,-0.07004758665608662,0.032036069410134864,0.07802055194075136,0.06621316326104607,-0.009757813896006141
dim 44,44,0.4339633667979318,Charge_group3_D75,-0.04905223156638565,0.13350820331672833,-0.11399096701742577,0.00047218438601235766,0.15365864888968733,0.001663603216541429,-0.06493873545104012
dim 44,44,0.4339633667979318,Charge_group3_D100,0.13468085723815706,3.534171530566272e-05,-0.02183955359570586,0.5043213155666562,5.872702941338978e-05,0.6296946519598623,0.11284130364245121
dim 44,44,0.4339633667979318,SecondaryStructure_C1,0.4155714566205722,2.0097083280680716e-40,0.0010299419250271854,0.9748828216354716,1.9569754564861107e-39,0.984908839764814,0.414541514695545
dim 44,44,0.4339633667979318,SecondaryStructure_C2,-0.20324839466122321,3.410406064794112e-10,-0.0504014233870517,0.1231389690583751,7.871980826822621e-10,0.2064679501279984,0.15284697127417152
dim 44,44,0.4339633667979318,SecondaryStructure_C3,-0.4181109881330345,6.029307757925199e-41,0.040514983768220034,0.21533239259806256,6.293089972334427e-40,0.3222267882067782,0.37759600436481444
dim 44,44,0.4339633667979318,SecondaryStructure_T12,0.27195791989345885,2.373875438937662e-17,-0.0952089139507879,0.003532720871706215,8.48901923560149e-17,0.009999396365676913,0.17674900594267096
dim 44,44,0.4339633667979318,SecondaryStructure_T13,0.26354269869903535,2.3677909367340056e-16,0.012092603204749872,0.7116213095386322,7.90842172869158e-16,0.7997359266012892,0.2514500954942855
dim 44,44,0.4339633667979318,SecondaryStructure_T23,-0.3573084581916387,1.3449198297783226e-29,0.06448127092350923,0.048470492683844756,8.007187578359353e-29,0.09229842962602137,0.29282718726812945
dim 44,44,0.4339633667979318,SecondaryStructure_group1_D0,-0.08479835554706679,0.00940610630503816,-0.04734206638702124,0.14760593172859157,0.012210025285203053,0.23770675601422173,0.03745628916004555
dim 44,44,0.4339633667979318,SecondaryStructure_group1_D25,0.046869365308197186,0.15169632929897672,0.02088935791131295,0.5230513650562336,0.17215961259211085,0.6446463318405241,0.025980007396884237
dim 44,44,0.4339633667979318,SecondaryStructure_group1_D50,0.14757589528027737,5.72784040696012e-06,0.037732836489106865,0.2485459045530389,1.0127573827023187e-05,0.3642577100514041,0.10984305879117051
dim 44,44,0.4339633667979318,SecondaryStructure_group1_D75,0.1929022959310193,2.6336378813914097e-09,0.07113997046276484,0.029444816994284837,5.78707271305744e-09,0.06189155995022741,0.12176232546825445
dim 44,44,0.4339633667979318,SecondaryStructure_group1_D100,0.14760609648672363,5.7024156511391285e-06,-0.003157709951902848,0.9230995257066671,1.0087959891316043e-05,0.958123139806952,0.14444838653482078
dim 44,44,0.4339633667979318,SecondaryStructure_group2_D0,-0.07683413863013326,0.018659403721289672,-0.0033109261545267842,0.9193806240625828,0.02352676799890808,0.9563161894640382,0.07352321247560648
dim 44,44,0.4339633667979318,SecondaryStructure_group2_D25,0.06823496788803653,0.03676630137572034,0.020538598507858073,0.5300544679160137,0.045464437835951846,0.6516662851586769,0.047696369380178454
dim 44,44,0.4339633667979318,SecondaryStructure_group2_D50,-0.003043912069888201,0.9258627472695007,0.04286218792596921,0.18989757341663313,0.9407914742562009,0.290012755012142,-0.039818275856081005
dim 44,44,0.4339633667979318,SecondaryStructure_group2_D75,-0.17787933470402442,4.218061094385003e-08,-0.04032200064341376,0.21752773878147097,8.69649633039871e-08,0.32536616548594405,0.13755733406061066
dim 44,44,0.4339633667979318,SecondaryStructure_group2_D100,-0.10271509554634461,0.001642291126078929,-0.05238853085875373,0.10902371139894229,0.0024324844173408524,0.18645120126598427,0.050326564687590884
dim 44,44,0.4339633667979318,SecondaryStructure_group3_D0,0.03245907501156743,0.320942803496853,-0.11669321065196107,0.00034425249799503884,0.34871469215337964,0.0012818320438165325,-0.08423413564039364
dim 44,44,0.4339633667979318,SecondaryStructure_group3_D25,-0.0009960597288939629,0.9757088469891168,-0.04726594483352077,0.14825888397645712,0.9798158595741582,0.23841341958659934,-0.04626988510462681
dim 44,44,0.4339633667979318,SecondaryStructure_group3_D50,-0.16946488438298504,1.8061189269367563e-07,-0.07530531844451623,0.021148260374623046,3.5589600094211007e-07,0.046902516368685906,0.09415956593846882
dim 44,44,0.4339633667979318,SecondaryStructure_group3_D75,-0.09005451481965378,0.005806079745867232,-0.06569668790331175,0.04437899216984018,0.007844784122652328,0.08612773611113667,0.02435782691634203
dim 44,44,0.4339633667979318,SecondaryStructure_group3_D100,-0.09440643332568262,0.003822760831287436,0.020073958316237546,0.5394039300929495,0.005351224298616948,0.6594469716363293,0.07433247500944506
dim 44,44,0.4339633667979318,SolventAccessibility_C1,0.189285636815418,5.243602686748909e-09,0.1823904113019101,1.8785444439543847e-08,1.1190819791528022e-08,1.5725159004530438e-07,0.00689522551350788
dim 44,44,0.4339633667979318,SolventAccessibility_C2,0.33442118828117673,6.437589271345059e-26,-0.133687149988391,4.039608399562243e-05,3.0541971827120026e-25,0.00019441343018066127,0.20073403829278572
dim 44,44,0.4339633667979318,SolventAccessibility_C3,-0.49358280564775703,1.0752960803345771e-58,-0.048243789305175595,0.14003723353258388,1.8608750820297863e-57,0.22826957540206452,0.44533901634258144
dim 44,44,0.4339633667979318,SolventAccessibility_T12,0.45695064234397403,1.5945827965021748e-49,0.007278542450683694,0.8239207490228144,2.182748582097239e-48,0.8837171810328196,0.4496720998932903
dim 44,44,0.4339633667979318,SolventAccessibility_T13,-0.32510991093948904,1.6586939943378906e-24,0.03668075124835608,0.2619929121092573,7.426324317813077e-24,0.38145437072577126,0.288429159691133
dim 44,44,0.4339633667979318,SolventAccessibility_T23,-0.07978113456265659,0.014574956765920603,-0.1149803729252093,0.00042092328163495914,0.018495575835172803,0.0015084589706660554,-0.035199238362552704
dim 44,44,0.4339633667979318,SolventAccessibility_group1_D0,-0.005177701048845065,0.874235154943156,-0.04924131558633816,0.13201562826422056,0.8959636138417125,0.21817525898193801,-0.04406361453749309
dim 44,44,0.4339633667979318,SolventAccessibility_group1_D25,0.19434124048467127,1.995034144314941e-09,0.030922077655026192,0.34440291175442717,4.4571331384695e-09,0.47856019945250594,0.16341916282964508
dim 44,44,0.4339633667979318,SolventAccessibility_group1_D50,0.22711478504135335,1.993517704388516e-12,0.03132768934509974,0.3381081987294,5.0943757709698875e-12,0.47131944230225215,0.1957870956962536
dim 44,44,0.4339633667979318,SolventAccessibility_group1_D75,0.1977735015043126,1.0198786784247513e-09,0.011849237542899342,0.717173356835461,2.3078555460289087e-09,0.8013914392206222,0.18592426396141326
dim 44,44,0.4339633667979318,SolventAccessibility_group1_D100,-0.02116804736983699,0.5175211831630099,-0.0011221668480819146,0.9726345782924698,0.5499588774306245,0.9835299701776715,0.020045880521755075
dim 44,44,0.4339633667979318,SolventAccessibility_group2_D0,-0.00210518770534992,0.9486877144211922,-0.027239511227403652,0.4049263059765573,0.9590245054984206,0.5429361147979532,-0.025134323522053734
dim 44,44,0.4339633667979318,SolventAccessibility_group2_D25,-0.4100360389115121,2.6752848243706505e-39,-0.07845046243027673,0.016310101566928515,2.2507434038785825e-38,0.03713410990698108,0.3315855764812353
dim 44,44,0.4339633667979318,SolventAccessibility_group2_D50,-0.23443629928728799,3.644534064530674e-13,-0.07803080338937055,0.01689368548100398,9.888500223828149e-13,0.03830611643350529,0.15640549589791744
dim 44,44,0.4339633667979318,SolventAccessibility_group2_D75,-0.25559035887763154,1.9320105150852277e-15,-0.07877384596693562,0.0158725394995998,6.064769849985584e-15,0.03638591759002288,0.17681651291069592
dim 44,44,0.4339633667979318,SolventAccessibility_group2_D100,0.19075992461139513,3.966575996184037e-09,-0.0020949947412552752,0.9489358200970454,8.547331501454634e-09,0.9716861223343639,0.18866492987013986
dim 44,44,0.4339633667979318,SolventAccessibility_group3_D0,-0.17097972746576126,1.397310314636002e-07,-0.012324313290264583,0.7063493134141854,2.7779859826691947e-07,0.7975619537397314,0.15865541417549667
dim 44,44,0.4339633667979318,SolventAccessibility_group3_D25,0.057637048478764254,0.07783181956122548,0.06935840226908253,0.033769350815953336,0.09215110859074552,0.0691960930829964,-0.01172135379031828
dim 44,44,0.4339633667979318,SolventAccessibility_group3_D50,-0.07566819678670159,0.020532739994692968,0.005111356271470036,0.8758335139733442,0.025791407138877214,0.926602450640155,0.07055684051523155
dim 44,44,0.4339633667979318,SolventAccessibility_group3_D75,0.1017553375241603,0.0018163996043452295,0.08399366238503207,0.010105487880851579,0.002671411131005313,0.025011045399670227,0.017761675139128227
dim 44,44,0.4339633667979318,SolventAccessibility_group3_D100,-0.1777695142348524,4.3008497771947116e-08,-0.01836153158352038,0.5745576633084385,8.8617139147627e-08,0.6879729012344062,0.15940798265133202
dim 17,17,0.417066386484924,AAC_A,0.15666650428234682,1.4426602281394825e-06,0.021896249624635773,0.5032150087117276,2.7424502913977643e-06,0.6287834377467902,0.13477025465771106
dim 17,17,0.417066386484924,AAC_C,0.14672651780751808,6.488905330901417e-06,0.13296267293288785,4.45048513123028e-05,1.140681252905828e-05,0.00021174672846594207,0.013763844874630227
dim 17,17,0.417066386484924,AAC_D,-0.30772023088901307,5.324684885307366e-22,-0.1959300720134001,1.4645721504384069e-09,2.228627508386792e-21,1.4097034531597346e-08,0.11179015887561297
dim 17,17,0.417066386484924,AAC_E,-0.6074330935621539,1.4253181440072504e-95,-0.39051592593866935,1.6862018527707796e-35,1.9042250403936865e-93,5.119921989322186e-33,0.21691716762348456
dim 17,17,0.417066386484924,AAC_F,-0.25730522755712043,1.236075423430873e-15,-0.21374221679137437,3.828863719485191e-11,3.969703763710688e-15,4.862511339574349e-10,0.04356301076574606
dim 17,17,0.417066386484924,AAC_G,0.27239878669489725,2.0996625151270682e-17,0.17478610735687045,7.258889187676589e-08,7.597912026570323e-17,5.485223956298599e-07,0.09761267933802681
dim 17,17,0.417066386484924,AAC_H,-0.47051293906332725,8.635665598488011e-53,-0.21652826724787136,2.1012706490491716e-11,1.3478094906051383e-51,2.829937083800094e-10,0.2539846718154559
dim 17,17,0.417066386484924,AAC_I,-0.35159090530783266,1.1933475338664052e-28,-0.2166881384280933,2.0296475176564708e-11,6.721384086195267e-28,2.744543606871503e-10,0.13490276687973934
dim 17,17,0.417066386484924,AAC_K,-0.4434709877895468,2.025342430498e-46,-0.19948870441979205,7.260272774400828e-10,2.5526957425899322e-45,7.370611266412999e-09,0.24398228336975475
dim 17,17,0.417066386484924,AAC_L,-0.379564617288958,1.7761044661761668e-33,-0.16712520936701075,2.6726784012343375e-07,1.262167854686893e-32,1.8180745132632765e-06,0.21243940792194727
dim 17,17,0.417066386484924,AAC_M,-0.3218846821667959,4.979687298153753e-24,-0.17202176639789635,1.1696376375590749e-07,2.1855657786903463e-23,8.548336344523654e-07,0.14986291576889954
dim 17,17,0.417066386484924,AAC_N,0.06831382695086181,0.03654878946737521,0.12316317693523725,0.00015717741595038616,0.04522895769582557,0.0006497185263295665,-0.054849349984375434
dim 17,17,0.417066386484924,AAC_P,0.4787026485660177,7.790843584803296e-55,0.12540571439859724,0.00011869525357282994,1.2818432302090152e-53,0.0005108790553263557,0.3532969341674205
dim 17,17,0.417066386484924,AAC_Q,0.005489765099707649,0.8667239754151533,0.1686334791645065,2.0772873227225513e-07,0.889084176255102,1.4514936522789375e-06,-0.16314371406479886
dim 17,17,0.417066386484924,AAC_R,0.10666562220740562,0.001075254097634687,-0.003914429719711791,0.9047501198741545,0.0016257803015390924,0.9464031946068513,0.10275119248769383
dim 17,17,0.417066386484924,AAC_S,0.5088931391618767,7.179547189373099e-63,0.17352927019716616,9.025621636781577e-08,1.5273686377392451e-61,6.743976793478851e-07,0.3353638689647106
dim 17,17,0.417066386484924,AAC_T,0.6544984266276361,1.1266903198726947e-115,0.444338692102485,1.2908240320881992e-46,7.687182846534898e-113,1.0778380667936463e-43,0.21015973452515113
dim 17,17,0.417066386484924,AAC_V,0.048087150128046194,0.14133016077637414,0.13033018134206495,6.301714510882622e-05,0.16149255456486133,0.0002915197571516338,-0.08224303121401876
dim 17,17,0.417066386484924,AAC_W,0.1913038888523265,3.5764214079975353e-09,0.13350071306378417,4.141766705160265e-05,7.731551781690465e-09,0.00019818769047615022,0.05780317578854233
dim 17,17,0.417066386484924,AAC_Y,-0.09206036364411405,0.004798791489481157,-0.05702468006804384,0.08104735201092182,0.006571530781003306,0.14399033828788485,0.0350356835760702
dim 17,17,0.417066386484924,Hydrophobicity_C1,-0.5448880160614529,1.4409918076666682e-73,-0.24721264493479864,1.6330167065945553e-14,4.498049194024927e-72,2.980478579249079e-13,0.2976753711266542
dim 17,17,0.417066386484924,Hydrophobicity_C2,0.5972850856320242,1.140578023379148e-91,0.28521363527815824,5.364481177738618e-19,1.0582029439128762e-89,1.4931139278039154e-17,0.31207145035386596
dim 17,17,0.417066386484924,Hydrophobicity_C3,-0.514300533773689,2.1376286221366065e-64,-0.23719850035775558,1.8908546415299591e-13,5.099771141383047e-63,3.157727251355032e-12,0.2771020334159334
dim 17,17,0.417066386484924,Hydrophobicity_T12,-0.16996816953400617,1.6589264602657447e-07,-0.15382203283589893,2.240144927146946e-06,3.278588388927566e-07,1.294478210496678e-05,0.016146136698107244
dim 17,17,0.417066386484924,Hydrophobicity_T13,-0.517579820985086,2.4599979927474976e-65,-0.16613180980988781,3.1513837995252126e-07,6.131636787893017e-64,2.105124378082842e-06,0.3514480111751982
dim 17,17,0.417066386484924,Hydrophobicity_T23,0.15934705449574463,9.460919485365596e-07,-0.03653617717373923,0.2638792519161602,1.810857941611524e-06,0.3836990428384741,0.12281087732200541
dim 17,17,0.417066386484924,Hydrophobicity_group1_D0,-0.002530394437096511,0.9383425250051524,0.024100686598120494,0.4612103778324295,0.9497163737930936,0.5917951064004282,-0.021570292161023984
dim 17,17,0.417066386484924,Hydrophobicity_group1_D25,0.4159795503252203,1.6573443130957005e-40,0.05132369285678798,0.11641993471641748,1.6377307709288874e-39,0.19698205772686647,0.3646558574684323
dim 17,17,0.417066386484924,Hydrophobicity_group1_D50,0.2302886230158803,9.611746799671082e-13,0.05725527991768116,0.07982406237235531,2.527813725267828e-12,0.14249725725476578,0.17303334309819912
dim 17,17,0.417066386484924,Hydrophobicity_group1_D75,0.21604705483420533,2.3320928271236807e-11,-0.01320932917048755,0.6863440147105404,5.7273456195537456e-11,0.7825685729044762,0.20283772566371777
dim 17,17,0.417066386484924,Hydrophobicity_group1_D100,-0.24045312103667743,8.634189974027255e-14,-0.06908714516501539,0.03447318837792301,2.473258534584136e-13,0.07035925294852748,0.17136597587166202
dim 17,17,0.417066386484924,Hydrophobicity_group2_D0,-0.23885869917797842,1.269490699653952e-13,-0.13892172957358986,1.9768481419719208e-05,3.5963519396473276e-13,0.00010252597506500335,0.09993696960438855
dim 17,17,0.417066386484924,Hydrophobicity_group2_D25,-0.41679897308266683,1.1244993670113037e-40,-0.12715955607356078,9.498009309915725e-05,1.1381296623690164e-39,0.00041962104623172647,0.28963941700910606
dim 17,17,0.417066386484924,Hydrophobicity_group2_D50,-0.17022700474856087,1.5878060004795398e-07,0.004394430186259646,0.8931364134507842,3.141748839811411e-07,0.9374242091452298,0.16583257456230122
dim 17,17,0.417066386484924,Hydrophobicity_group2_D75,-0.21810824103415408,1.489763494258851e-11,-0.049634793086867864,0.12895104168232488,3.7049963297278937e-11,0.21417030294329445,0.16847344794728622
dim 17,17,0.417066386484924,Hydrophobicity_group2_D100,0.15287667197043747,2.5884319093054427e-06,0.04614591681638414,0.1581226064768576,4.813676267862015e-06,0.2507737443650068,0.10673075515405334
dim 17,17,0.417066386484924,Hydrophobicity_group3_D0,0.2649906444492679,1.603199298132208e-16,-0.011449524516155878,0.7263245893226925,5.403315495218542e-16,0.8081026410185853,0.253541119933112
dim 17,17,0.417066386484924,Hydrophobicity_group3_D25,0.33945281079733364,1.0611261015099078e-26,0.05479659679733543,0.09366586311057387,5.250609154137914e-26,0.163706950700846,0.2846562139999982
dim 17,17,0.417066386484924,Hydrophobicity_group3_D50,0.14379851096353513,9.922893617355388e-06,-0.018770526847642938,0.5660639240272981,1.7234771025463857e-05,0.6796022668048798,0.1250279841158922
dim 17,17,0.417066386484924,Hydrophobicity_group3_D75,-0.012441267906370382,0.703693610961938,-0.0959481808065489,0.003283371971267051,0.7281092504996509,0.009385473942853951,-0.08350691290017852
dim 17,17,0.417066386484924,Hydrophobicity_group3_D100,0.07820426424650934,0.01665028582149508,0.07298977795328639,0.025466720768412967,0.02106513433477029,0.05508992705084152,0.00521448629322295
dim 17,17,0.417066386484924,NormVanDerWaalsVolume_C1,0.5909803943788504,2.5862558028002e-89,0.28012563524574485,2.3544082591053274e-18,1.570562614791394e-87,5.537833510853376e-17,0.31085475913310556
dim 17,17,0.417066386484924,NormVanDerWaalsVolume_C2,-0.5151051855528802,1.2603025313024292e-64,-0.17623152140325496,5.6392565248472534e-08,3.072562375584024e-63,4.349911499535756e-07,0.3388736641496253
dim 17,17,0.417066386484924,NormVanDerWaalsVolume_C3,-0.5059359991994286,4.777299836371951e-62,-0.29145405002816555,8.384038732540558e-20,9.789068376369519e-61,2.857417282314843e-18,0.214481949171263
dim 17,17,0.417066386484924,NormVanDerWaalsVolume_T12,0.20596134806594382,1.9591231316737755e-10,0.044430006903676045,0.1741851324399929,4.5790561650037864e-10,0.2713518387824516,0.16153134116226778
dim 17,17,0.417066386484924,NormVanDerWaalsVolume_T13,-0.0867337055855993,0.007897481477591216,-0.11863985012979016,0.0002730262310630175,0.010397157325642357,0.001048169668678711,-0.031906144544190856
dim 17,17,0.417066386484924,NormVanDerWaalsVolume_T23,-0.49192684791267904,2.9550700556004195e-58,-0.21507756080477217,2.8748516975857866e-11,5.035680604951735e-57,3.765492027426089e-10,0.2768492871079069
dim 17,17,0.417066386484924,NormVanDerWaalsVolume_group1_D0,-0.23297411983874053,5.140893891583728e-13,-0.12814353908441745,8.370967802634558e-05,1.379163501838526e-12,0.00037428423642301773,0.10483058075432308
dim 17,17,0.417066386484924,NormVanDerWaalsVolume_group1_D25,-0.3152581656802954,4.571957322645476e-23,-0.036842685815573435,0.2598911287263704,1.967826991963388e-22,0.3789967109710923,0.278415479864722
dim 17,17,0.417066386484924,NormVanDerWaalsVolume_group1_D50,-0.06597755583054418,0.043476051557217794,0.08871186972385492,0.006582790623824994,0.053583030332511966,0.01733952735297751,-0.022734313893310737
dim 17,17,0.417066386484924,NormVanDerWaalsVolume_group1_D75,-0.15466686433719223,1.967300872442728e-06,0.042721312179763264,0.19135888015690244,3.7018506557513867e-06,0.29197745990134955,0.11194555215742896
dim 17,17,0.417066386484924,NormVanDerWaalsVolume_group1_D100,0.21693954619612038,1.9218162611379367e-11,0.1718076680451239,1.2132762684022831e-07,4.768845700000527e-11,8.809440731442664e-07,0.04513187815099648
dim 17,17,0.417066386484924,NormVanDerWaalsVolume_group2_D0,0.03351218557825467,0.30548504777843366,-0.0006982323289853274,0.9829707008166072,0.3324601041316287,0.9888922110624905,0.03281395324926935
dim 17,17,0.417066386484924,NormVanDerWaalsVolume_group2_D25,0.3623240248579239,1.9095282235433177e-30,0.13954301462372437,1.8129528210227614e-05,1.1898925870587092e-29,9.520852865119533e-05,0.22278101023419955
dim 17,17,0.417066386484924,NormVanDerWaalsVolume_group2_D50,0.14238024995508572,1.2153673677432184e-05,0.11896455155947665,0.0002625814549282327,2.0989281325038e-05,0.001012727551339835,0.023415698395609072
dim 17,17,0.417066386484924,NormVanDerWaalsVolume_group2_D75,0.1387647302242039,2.0204415394226827e-05,0.22300750798853508,5.0423460262461096e-12,3.416847970466714e-05,7.386594617395617e-11,-0.08424277776433117
dim 17,17,0.417066386484924,NormVanDerWaalsVolume_group2_D100,-0.06242549524850412,0.05610935159005399,0.09977682565741425,0.0022299037038983464,0.06802367851570973,0.006721911887202597,-0.03735133040891013
dim 17,17,0.417066386484924,NormVanDerWaalsVolume_group3_D0,0.13498976598246482,3.389680706009423e-05,-0.022509878789760154,0.4913236488216128,5.6382139233423676e-05,0.6176103622383821,0.11247988719270466
dim 17,17,0.417066386484924,NormVanDerWaalsVolume_group3_D25,0.04538898059724595,0.16506451066441696,-0.16492887299465442,3.8422271005944474e-07,0.1861443403410596,2.5261886842491053e-06,-0.11953989239740848
dim 17,17,0.417066386484924,NormVanDerWaalsVolume_group3_D50,-0.05708192282660859,0.08074228095981577,-0.28224860171639854,1.2748929587284195e-18,0.09542789044790681,3.108133198651767e-17,-0.22516667888978995
dim 17,17,0.417066386484924,NormVanDerWaalsVolume_group3_D75,-0.11318413163499173,0.0005182290108332306,-0.3783172998916697,2.9853135254907536e-33,0.0007950780414253516,2.556653121830543e-31,-0.26513316825667793
dim 17,17,0.417066386484924,NormVanDerWaalsVolume_group3_D100,-0.15535640321751673,1.768521884510521e-06,-0.10694880308074761,0.0010425331986488448,3.3428766803990604e-06,0.003413785179889354,0.04840760013676912
dim 17,17,0.417066386484924,Polarity_C1,-0.5248161256632394,1.9151916076876614e-67,-0.25126128371784706,5.8785612099185544e-15,5.036803125729755e-66,1.1482102012355539e-13,0.27355484194539237
dim 17,17,0.417066386484924,Polarity_C2,0.6215521384218141,3.0390806401592806e-101,0.3075853704883945,5.5601854099349645e-22,6.767019558754665e-99,2.4435551669977342e-20,0.3139667679334196
dim 17,17,0.417066386484924,Polarity_C3,-0.5966495491298031,1.981272370292821e-91,-0.2835686602602183,8.682749361156774e-19,1.7414341359942165e-89,2.2230291792566734e-17,0.31308088886958474
dim 17,17,0.417066386484924,Polarity_T12,0.3142205232565929,6.43726885614412e-23,0.019702728462974238,0.5469326007214435,2.763557580915342e-22,0.6647012172425814,0.29451779479361867
dim 17,17,0.417066386484924,Polarity_T13,-0.5706165336275951,4.7545248856989434e-82,-0.21385409274470368,3.738302097081295e-11,2.0359119382351885e-80,4.783880844540815e-10,0.35676244088289144
dim 17,17,0.417066386484924,Polarity_T23,0.016509385137785285,0.6137557832575848,-0.06106731947295914,0.06168581964868604,0.6411507801840861,0.11351550282457927,-0.044557934335173854
dim 17,17,0.417066386484924,Polarity_group1_D0,0.15188928368398355,3.007363425790453e-06,-0.08783311732826692,0.007140417041454839,5.549499360298405e-06,0.01858845901672577,0.06405616635571663
dim 17,17,0.417066386484924,Polarity_group1_D25,0.24366016058880835,3.942927681947243e-14,-0.010935371653816379,0.7381532831532394,1.1511694456034783e-13,0.8179933529302653,0.23272478893499196
dim 17,17,0.417066386484924,Polarity_group1_D50,0.08769918009593872,0.00722902994756146,-0.08766909060354017,0.007249072201794937,0.009592753287586523,0.018856620836444776,3.0089492398549522e-05
dim 17,17,0.417066386484924,Polarity_group1_D75,0.0007699092332838523,0.9812228686545664,-0.19814587907789866,9.475821629385284e-10,0.9832836427561512,9.363681728445813e-09,-0.1973759698446148
dim 17,17,0.417066386484924,Polarity_group1_D100,0.01686542004053128,0.6061298073541088,0.05460435984953222,0.09482452258784914,0.6348302152909137,0.16564534803525946,-0.03773893980900094
dim 17,17,0.417066386484924,Polarity_group2_D0,-0.23693519046263437,2.01363358855641e-13,-0.12486916043441548,0.00012699842773009333,5.642228343773833e-13,0.000539424577111302,0.11206603002821888
dim 17,17,0.417066386484924,Polarity_group2_D25,-0.3874342155589098,6.365538684629835e-35,-0.06677385633362558,0.04099992068567646,4.887563036014632e-34,0.0807427683314619,0.3206603592252842
dim 17,17,0.417066386484924,Polarity_group2_D50,-0.18046973479035144,2.6575204531646804e-08,0.06538321228976322,0.04540536648573768,5.537191711522166e-08,0.0876612277817132,0.11508652250058822
dim 17,17,0.417066386484924,Polarity_group2_D75,-0.16806418067025333,2.2851959436193807e-07,0.08520562073125232,0.00906884416371192,4.46870869536811e-07,0.022740194824923284,0.08285855993900101
dim 17,17,0.417066386484924,Polarity_group2_D100,0.14333466014248425,1.0605566524204792e-05,0.11197584621327486,0.0005950496977441205,1.838224815300675e-05,0.0020426166397382963,0.03135881392920939
dim 17,17,0.417066386484924,Polarity_group3_D0,0.04809154980450529,0.14129372048724978,0.04438431501037512,0.17462889566179646,0.16149255456486133,0.2717896139377447,0.003707234794130175
dim 17,17,0.417066386484924,Polarity_group3_D25,0.46854499845362046,2.6267322260309763e-52,0.061150607144341444,0.061331144791656765,3.9878571067924817e-51,0.11304968190073597,0.407394391309279
dim 17,17,0.417066386484924,Polarity_group3_D50,0.2526312587636007,4.143104739519914e-15,-0.002759785880883493,0.9327656797654731,1.282480985171132e-14,0.9635410610060166,0.24987147288271722
dim 17,17,0.417066386484924,Polarity_group3_D75,0.18430604317655458,1.3241981193433338e-08,-0.06270732350347316,0.05500634296739605,2.783399445315755e-08,0.10309830836762222,0.12159871967308142
dim 17,17,0.417066386484924,Polarity_group3_D100,-0.24617293599556975,2.11671225220804e-14,-0.1267502253965734,0.00010007757251214942,6.32363052090774e-14,0.00043981459498760407,0.11942271059899634
dim 17,17,0.417066386484924,Polarizability_C1,0.5326536459003464,8.710799449066198e-70,0.2574126139588134,1.201851509383321e-15,2.4044686082546365e-68,2.4626895959142895e-14,0.275241031941533
dim 17,17,0.417066386484924,Polarizability_C2,-0.36733265536195425,2.624982355913774e-31,-0.1142918127670124,0.0004560131751755542,1.682810185940884e-30,0.0016151474073025991,0.25304084259494186
dim 17,17,0.417066386484924,Polarizability_C3,-0.5059359991994286,4.777299836371951e-62,-0.29145405002816555,8.384038732540558e-20,9.789068376369519e-61,2.857417282314843e-18,0.214481949171263
dim 17,17,0.417066386484924,Polarizability_T12,0.5100083888471737,3.496024533890464e-63,0.21445258598708905,3.288251501393085e-11,7.491932423890494e-62,4.2404478821053687e-10,0.29555580286008465
dim 17,17,0.417066386484924,Polarizability_T13,-0.10958624157308428,0.0007790536583473376,-0.11972646828989911,0.00023952284084893487,0.001185439279672031,0.0009367755133904479,-0.010140226716814832
dim 17,17,0.417066386484924,Polarizability_T23,-0.47273069950092766,2.4437511203575223e-53,-0.2112087576482846,6.560644514745838e-11,3.9053247569349875e-52,7.997281999726678e-10,0.2615219418526431
dim 17,17,0.417066386484924,Polarizability_group1_D0,-0.21166732589863466,5.954304663539564e-11,-0.1328679865686551,4.5070211406743145e-05,1.4276652962112092e-10,0.0002137204244723748,0.07879933932997957
dim 17,17,0.417066386484924,Polarizability_group1_D25,-0.3453881376737096,1.2118910613216125e-27,-0.09221523232127904,0.0047280098410610325,6.374356133565647e-27,0.012958019560559,0.2531729053524306
dim 17,17,0.417066386484924,Polarizability_group1_D50,-0.2294149427438521,1.1762111874666405e-12,0.024556006181716047,0.45278484413297654,3.0643879611065364e-12,0.5850295471582753,0.20485893656213605
dim 17,17,0.417066386484924,Polarizability_group1_D75,-0.12469216745488435,0.00012985520920555865,0.15713242463058677,1.3413259098930728e-06,0.0002098289302112075,8.101317430457258e-06,-0.032440257175702425
dim 17,17,0.417066386484924,Polarizability_group1_D100,0.1450958302117399,8.228994658380596e-06,0.18284807983648052,1.7285599083487612e-08,1.4329948988003749e-05,1.4579267913850663e-07,-0.03775224962474061
dim 17,17,0.417066386484924,Polarizability_group2_D0,-0.08568463099058317,0.008685995511356777,-0.04944438240374988,0.1304270870945416,0.011328084735623441,0.215977427315701,0.036240248586833286
dim 17,17,0.417066386484924,Polarizability_group2_D25,0.3529618426636329,7.099226256935639e-29,0.23751369489693833,1.753512101847901e-13,4.074126408619422e-28,2.9579446566525198e-12,0.11544814776669457
dim 17,17,0.417066386484924,Polarizability_group2_D50,0.36144517939665427,2.6950766103122726e-30,0.18285573318596915,1.726153269491804e-08,1.6762673889093093e-29,1.4579267913850663e-07,0.17858944621068512
dim 17,17,0.417066386484924,Polarizability_group2_D75,0.15829274694908194,1.1178010835132079e-06,0.09572342596166233,0.003357431776131107,2.135844175591599e-06,0.0095617527666243,0.0625693209874196
dim 17,17,0.417066386484924,Polarizability_group2_D100,0.11971288219079529,0.0002399168548189047,0.11414925796581364,0.0004636104330066455,0.00038140042603290893,0.001640316574409106,0.0055636242249816475
dim 17,17,0.417066386484924,Polarizability_group3_D0,0.13498976598246482,3.389680706009423e-05,-0.022509878789760154,0.4913236488216128,5.6382139233423676e-05,0.6176103622383821,0.11247988719270466
dim 17,17,0.417066386484924,Polarizability_group3_D25,0.04538898059724595,0.16506451066441696,-0.16492887299465442,3.8422271005944474e-07,0.1861443403410596,2.5261886842491053e-06,-0.11953989239740848
dim 17,17,0.417066386484924,Polarizability_group3_D50,-0.05708192282660859,0.08074228095981577,-0.28224860171639854,1.2748929587284195e-18,0.09542789044790681,3.108133198651767e-17,-0.22516667888978995
dim 17,17,0.417066386484924,Polarizability_group3_D75,-0.11318413163499173,0.0005182290108332306,-0.3783172998916697,2.9853135254907536e-33,0.0007950780414253516,2.556653121830543e-31,-0.26513316825667793
dim 17,17,0.417066386484924,Polarizability_group3_D100,-0.15535640321751673,1.768521884510521e-06,-0.10694880308074761,0.0010425331986488448,3.3428766803990604e-06,0.003413785179889354,0.04840760013676912
dim 17,17,0.417066386484924,Charge_C1,-0.4190091556421941,3.9288638129373074e-41,-0.22598654448032315,2.5769613316592554e-12,4.19246170454013e-40,3.9301602044483625e-11,0.19302261116187094
dim 17,17,0.417066386484924,Charge_C2,0.6014581474694046,2.9444442474090956e-93,0.3801223240449625,1.407066734077214e-33,3.1724012214020575e-91,1.305445247727193e-31,0.22133582342444214
dim 17,17,0.417066386484924,Charge_C3,-0.5889265729355878,1.4751946930460942e-88,-0.3847156246497559,2.0309722609101107e-34,7.947016572216055e-87,2.5634777956434506e-32,0.20421094828583192
dim 17,17,0.417066386484924,Charge_T12,-0.337629952637323,2.0468674674826078e-26,-0.20343622438829317,3.282807212820897e-10,1.003896819587652e-25,3.5715231566194776e-09,0.1341937282490298
dim 17,17,0.417066386484924,Charge_T13,-0.4590762167302149,5.01632190453575e-50,-0.2039294104660158,2.969518414107026e-10,7.039712252583784e-49,3.2841693718932007e-09,0.25514680626419917
dim 17,17,0.417066386484924,Charge_T23,-0.5586630970427513,5.128843984902957e-78,-0.3676311077102884,2.329648084964196e-31,1.7844103030808203e-76,1.6210467924542533e-29,0.1910319893324629
dim 17,17,0.417066386484924,Charge_group1_D0,0.018967721237509127,0.5619903359294638,-0.0376771227694862,0.24924568187574478,0.593626730551679,0.36483299240362144,-0.01870940153197707
dim 17,17,0.417066386484924,Charge_group1_D25,0.09550119931638258,0.003432148559751424,-0.08199304521638263,0.012048430984619845,0.004838909324427925,0.02895090610692826,0.013508154099999947
dim 17,17,0.417066386484924,Charge_group1_D50,-0.06023011861184744,0.06534600854457691,-0.17863544432478837,3.68851528948285e-08,0.07831204468564294,2.926280538449577e-07,-0.11840532571294093
dim 17,17,0.417066386484924,Charge_group1_D75,-0.012811859356021768,0.6953024836692437,-0.21481500962340883,3.0419344664328905e-11,0.7205430640568644,3.9380081852270755e-10,-0.20200315026738705
dim 17,17,0.417066386484924,Charge_group1_D100,-0.0638410994206084,0.0507497653489687,-0.0009580368154842923,0.976635851198755,0.06211220823215664,0.9854173048550636,0.06288306260512411
dim 17,17,0.417066386484924,Charge_group2_D0,-0.08712562784880402,0.007619738614673021,-0.1408447521253571,1.5104825673060059e-05,0.010051313970382262,8.059124240897858e-05,-0.05371912427655308
dim 17,17,0.417066386484924,Charge_group2_D25,-0.15239612838476502,2.784805437648219e-06,0.025266557795719003,0.4398113823582366,5.153047181022189e-06,0.5747075509130516,0.127129570589046
dim 17,17,0.417066386484924,Charge_group2_D50,0.09952448794573407,0.0022884247413241555,0.19069875105478937,4.01295715162231e-09,0.003308754236823511,3.583763873373935e-08,-0.0911742631090553
dim 17,17,0.417066386484924,Charge_group2_D75,0.1284180457368266,8.079819697487467e-05,0.29754980217685373,1.3075621017348254e-20,0.0001311939610578908,5.019836114706111e-19,-0.16913175644002712
dim 17,17,0.417066386484924,Charge_group2_D100,0.19550034162910007,1.5926835686120775e-09,0.0304092103213842,0.3524682908930176,3.584611266283247e-09,0.4872699054564068,0.16509113130771588
dim 17,17,0.417066386484924,Charge_group3_D0,-0.057461663071488533,0.07874198300934235,-0.07356136090145908,0.02433539640994533,0.09312968245439215,0.05308963031300941,-0.016099697829970547
dim 17,17,0.417066386484924,Charge_group3_D25,0.1920046493966016,3.1284309687619667e-09,-0.024563520289594326,0.45264652998270516,6.798282001083259e-09,0.5850295471582753,0.16744112910700729
dim 17,17,0.417066386484924,Charge_group3_D50,-0.08500736628779644,0.009231651110318949,-0.19347453174745533,2.3588708868894226e-09,0.01199755436127054,2.2007342911202992e-08,-0.10846716545965888
dim 17,17,0.417066386484924,Charge_group3_D75,-0.20175636569794006,4.610963681074804e-10,-0.33571496551023644,4.062408836002447e-26,1.0621116341234376e-09,2.2614075853746955e-24,-0.13395859981229638
dim 17,17,0.417066386484924,Charge_group3_D100,-0.27463627027005805,1.122247459145315e-17,-0.22253162651072228,5.608150436534092e-12,4.1927365923326084e-17,8.073802783630977e-11,0.05210464375933577
dim 17,17,0.417066386484924,SecondaryStructure_C1,-0.5915674888494181,1.5686087613768954e-89,-0.32724321482050794,7.957666462070589e-25,1.0075294736536214e-87,3.966956116912801e-23,0.2643242740289102
dim 17,17,0.417066386484924,SecondaryStructure_C2,0.30101544110241585,4.455907634667001e-21,0.22259348873250678,5.531227438364327e-12,1.8305942804167015e-20,7.997532313479157e-11,0.07842195236990906
dim 17,17,0.417066386484924,SecondaryStructure_C3,0.5868802232033224,8.25854164743853e-88,0.267829026350978,7.412700465528876e-17,4.056401338594808e-86,1.5870781765940028e-15,0.31905119685234445
dim 17,17,0.417066386484924,SecondaryStructure_T12,-0.38483529266006555,1.930297097204385e-34,-0.07920761260326044,0.015301821701011985,1.461948368404228e-33,0.035344456764439855,0.30562768005680513
dim 17,17,0.417066386484924,SecondaryStructure_T13,-0.39993591125369066,2.660626595278715e-37,-0.24963355879663668,8.88421233544534e-15,2.1208813432531998e-36,1.705360298872841e-13,0.15030235245705398
dim 17,17,0.417066386484924,SecondaryStructure_T23,0.561527210603444,5.736564240378832e-79,0.30996326975384436,2.583728124943941e-22,2.1528229845916067e-77,1.166169180717941e-20,0.25156394084959965
dim 17,17,0.417066386484924,SecondaryStructure_group1_D0,0.020593336803711355,0.5289584641442437,-0.07299915486494336,0.025447800800218055,0.5612202256168278,0.0550846757438291,-0.05240581806123201
dim 17,17,0.417066386484924,SecondaryStructure_group1_D25,-0.09054405344327358,0.0055440849114476096,-0.10112877643254013,0.0019390343082874666,0.007512066370886416,0.005936182025371346,-0.010584722989266548
dim 17,17,0.417066386484924,SecondaryStructure_group1_D50,-0.3202522704904105,8.6427620399897e-24,-0.3536363740525212,5.493181684044637e-29,3.76360172275953e-23,3.276290504412337e-27,-0.03338410356211069
dim 17,17,0.417066386484924,SecondaryStructure_group1_D75,-0.25470206619048097,2.4317352756833953e-15,-0.1796946568849335,3.053627860393165e-08,7.597751001667483e-15,2.475513847988634e-07,0.07500740930554747
dim 17,17,0.417066386484924,SecondaryStructure_group1_D100,-0.11371458349969386,0.00048750989784354735,0.08644291285507841,0.008109371514965958,0.000748635889102275,0.020691597295635064,0.027271670644615456
dim 17,17,0.417066386484924,SecondaryStructure_group2_D0,0.042620917051699174,0.19240531033865005,-0.06945202884609847,0.03352928082475819,0.21564890487620508,0.06887242548395314,-0.026831111794399294
dim 17,17,0.417066386484924,SecondaryStructure_group2_D25,-0.0728876804018458,0.02567351258130264,-0.025270936908273783,0.43973209325061424,0.03210390566138181,0.5747075509130516,0.04761674349357202
dim 17,17,0.417066386484924,SecondaryStructure_group2_D50,0.10369331631484527,0.0014807279113321114,0.13551676077441252,3.156026889228916e-05,0.0022088571790304834,0.00015570354224556248,-0.03182344445956725
dim 17,17,0.417066386484924,SecondaryStructure_group2_D75,0.17582312509749756,6.057514276014138e-08,0.022914075452381114,0.48357391189219306,1.2374371670879034e-07,0.6113311376684045,0.15290904964511645
dim 17,17,0.417066386484924,SecondaryStructure_group2_D100,0.13919896359521558,1.9020449606510294e-05,0.11925094049385658,0.0002536806843236582,3.2313480002921864e-05,0.0009829390784698588,0.019948023101359
dim 17,17,0.417066386484924,SecondaryStructure_group3_D0,-0.19513927084557764,1.7086999362403482e-09,-0.16060293429863198,7.745299859736449e-07,3.840550327754215e-09,4.918118161885882e-06,0.034536336546945656
dim 17,17,0.417066386484924,SecondaryStructure_group3_D25,0.022768010223027456,0.4863667809134397,0.09776954273774954,0.0027358633927272286,0.5176752862494866,0.008015599764656968,-0.07500153251472208
dim 17,17,0.417066386484924,SecondaryStructure_group3_D50,0.2223416281158465,5.8510085105113274e-12,0.17022656699838895,1.5879237590705655e-07,1.4682470642455173e-11,1.1332618280546343e-06,0.05211506111745756
dim 17,17,0.417066386484924,SecondaryStructure_group3_D75,0.10497386745125759,0.0012913148435641925,0.09650968681884442,0.0031047960746593433,0.0019384231809008552,0.008947384719035554,0.008464180632413165
dim 17,17,0.417066386484924,SecondaryStructure_group3_D100,0.16807812683438283,2.2798709753103327e-07,0.10274508064643255,0.00163710722128661,4.46090747365935e-07,0.005124590552106165,0.06533304618795029
dim 17,17,0.417066386484924,SolventAccessibility_C1,-0.09906543472533338,0.0023985009641025947,-0.028791343599449116,0.3786847866198834,0.003458978074310305,0.5154063517972334,0.07027409112588427
dim 17,17,0.417066386484924,SolventAccessibility_C2,-0.5448880160614529,1.4409918076666682e-73,-0.24721264493479864,1.6330167065945553e-14,4.498049194024927e-72,2.980478579249079e-13,0.2976753711266542
dim 17,17,0.417066386484924,SolventAccessibility_C3,0.6271742909024001,1.3891001088541853e-103,0.2933572081320324,4.7162070775935704e-20,4.6395943635729785e-101,1.6757586850172899e-18,0.33381708277036765
dim 17,17,0.417066386484924,SolventAccessibility_T12,-0.5553501765852539,6.2945768986730515e-77,-0.16484717470964358,3.894098000734315e-07,2.1236249334917164e-75,2.555262735255916e-06,0.39050300187561027
dim 17,17,0.417066386484924,SolventAccessibility_T13,0.4434055602906419,2.0952059400948757e-46,0.1567561952944547,1.4225986113681212e-06,2.6308224962093554e-45,8.499963080446377e-06,0.2866493649961872
dim 17,17,0.417066386484924,SolventAccessibility_T23,-0.07362502279601835,0.024212124770395176,-0.15647888941000163,1.4855068484619875e-06,0.03031053100941525,8.844194071057109e-06,-0.08285386661398328
dim 17,17,0.417066386484924,SolventAccessibility_group1_D0,-0.08757650751738112,0.007311053334652811,-0.11402240223949024,0.0004704700087418836,0.009682362465400631,0.0016610674727250436,-0.02644589472210912
dim 17,17,0.417066386484924,SolventAccessibility_group1_D25,-0.29104552140270173,9.480722828441063e-20,-0.19819795989778993,9.378771686000136e-10,3.796836240646661e-19,9.32294566405966e-09,0.0928475615049118
dim 17,17,0.417066386484924,SolventAccessibility_group1_D50,-0.36896630075936043,1.363706194958434e-31,-0.28355435365943576,8.719066541395935e-19,8.844230468274116e-31,2.2230291792566734e-17,0.08541194709992467
dim 17,17,0.417066386484924,SolventAccessibility_group1_D75,-0.12889024262062473,7.601232919048903e-05,0.1427445232557971,1.1538973057312689e-05,0.00012348306395731194,6.22619870943851e-05,-0.013854280635172356
dim 17,17,0.417066386484924,SolventAccessibility_group1_D100,0.09429179467705277,0.0038659133601997714,0.13519270296764033,3.297826099561497e-05,0.005404834919659789,0.00016198145841963822,-0.040900908290587554
dim 17,17,0.417066386484924,SolventAccessibility_group2_D0,-0.002530394437096511,0.9383425250051524,0.024100686598120494,0.4612103778324295,0.9497163737930936,0.5917951064004282,-0.021570292161023984
dim 17,17,0.417066386484924,SolventAccessibility_group2_D25,0.4159795503252203,1.6573443130957005e-40,0.05132369285678798,0.11641993471641748,1.6377307709288874e-39,0.19698205772686647,0.3646558574684323
dim 17,17,0.417066386484924,SolventAccessibility_group2_D50,0.2302886230158803,9.611746799671082e-13,0.05725527991768116,0.07982406237235531,2.527813725267828e-12,0.14249725725476578,0.17303334309819912
dim 17,17,0.417066386484924,SolventAccessibility_group2_D75,0.21604705483420533,2.3320928271236807e-11,-0.01320932917048755,0.6863440147105404,5.7273456195537456e-11,0.7825685729044762,0.20283772566371777
dim 17,17,0.417066386484924,SolventAccessibility_group2_D100,-0.24045312103667743,8.634189974027255e-14,-0.06908714516501539,0.03447318837792301,2.473258534584136e-13,0.07035925294852748,0.17136597587166202
dim 17,17,0.417066386484924,SolventAccessibility_group3_D0,0.1500426335657089,3.971283299474081e-06,-0.04620189428464179,0.15761813547227851,7.17365398607e-06,0.2504493684478641,0.10384073928106712
dim 17,17,0.417066386484924,SolventAccessibility_group3_D25,0.0660015414786823,0.0433996652203326,0.15357472143388554,2.3266496053688563e-06,0.05350863116866405,1.3398292555055137e-05,-0.08757317995520324
dim 17,17,0.417066386484924,SolventAccessibility_group3_D50,0.1679816071619194,2.316971092929436e-07,0.15757000412259453,1.2524052108570026e-06,4.528193944051677e-07,7.661233341139906e-06,0.010411603039324868
dim 17,17,0.417066386484924,SolventAccessibility_group3_D75,-0.14877390261976767,4.797988489334552e-06,-0.17723458481026613,4.727122724324915e-08,8.56051365084263e-06,3.7062417603862007e-07,-0.028460682190498465
dim 17,17,0.417066386484924,SolventAccessibility_group3_D100,0.18194822398313307,2.035396435262169e-08,0.008124227294481997,0.8038570895087717,4.2595389058744634e-08,0.8694568260878554,0.17382399668865106
dim 62,62,0.4069684116720491,AAC_A,0.15319841050886662,2.4644465794271225e-06,0.01667856722330505,0.6101267697890066,4.590770538363965e-06,0.7188089633493059,0.13651984328556158
dim 62,62,0.4069684116720491,AAC_C,0.15042326934171077,3.7511094820391717e-06,0.13873976768046886,2.027456445528219e-05,6.809079168484148e-06,0.00010466313026374422,0.011683501661241907
dim 62,62,0.4069684116720491,AAC_D,-0.309296670176953,3.205240507124754e-22,-0.1984368506268706,8.945871722836216e-10,1.3534138171677217e-21,8.919167628141183e-09,0.1108598195500824
dim 62,62,0.4069684116720491,AAC_E,-0.6087789050286109,4.223117635444224e-96,-0.3931823118475741,5.2816076640140106e-36,6.145246666115776e-94,1.9893308256617178e-33,0.2155965931810368
dim 62,62,0.4069684116720491,AAC_F,-0.25719011153293087,1.2738273745569729e-15,-0.21210060009005435,5.431883464230224e-11,4.0870157838811616e-15,6.69464604078559e-10,0.04508951144287651
dim 62,62,0.4069684116720491,AAC_G,0.2727795588919834,1.8881164636871993e-17,0.17502843794934725,6.959055899602833e-08,6.869617634766063e-17,5.294589226577099e-07,0.09775112094263616
dim 62,62,0.4069684116720491,AAC_H,-0.4699982368797167,1.155998241191464e-52,-0.2167623204334642,1.99722956168751e-11,1.7958298258509256e-51,2.7116856650553993e-10,0.25323591644625254
dim 62,62,0.4069684116720491,AAC_I,-0.34958300454259217,2.5416606691918227e-28,-0.21247138864758486,5.020572271934173e-11,1.3871154632517462e-27,6.256981861291096e-10,0.1371116158950073
dim 62,62,0.4069684116720491,AAC_K,-0.43825864210481885,2.9499870886434736e-45,-0.19021922195549837,4.39524760303261e-09,3.58289340947971e-44,3.8939328896893675e-08,0.24803942014932048
dim 62,62,0.4069684116720491,AAC_L,-0.38133988272918923,8.448838804743733e-34,-0.1716253104560208,1.2516819831587884e-07,6.174862496245966e-33,9.068585300976904e-07,0.20971457227316842
dim 62,62,0.4069684116720491,AAC_M,-0.319850979659227,9.892146708936477e-24,-0.16830452114545622,2.1950846094842518e-07,4.285313879098292e-23,1.5242375458788775e-06,0.15154645851377077
dim 62,62,0.4069684116720491,AAC_N,0.07219635645484743,0.027112263665223294,0.12860937114951176,7.882575947663625e-05,0.03386498154145318,0.00035507209935403206,-0.05641301469466434
dim 62,62,0.4069684116720491,AAC_P,0.473219538427035,1.847869638515193e-53,0.11716842064751452,0.00032541777599253763,2.967252208000358e-52,0.0012212307548483997,0.3560511177795205
dim 62,62,0.4069684116720491,AAC_Q,0.006983721873023185,0.8309431097335296,0.1681435723979872,2.2550418154323428e-07,0.8560610692504592,1.5626223368348598e-06,-0.161159850524964
dim 62,62,0.4069684116720491,AAC_R,0.10166673072800093,0.0018332991073431951,-0.011966805636003308,0.7144893208629369,0.002692708451418765,0.8013093957509637,0.08969992509199763
dim 62,62,0.4069684116720491,AAC_S,0.5088600781895846,7.334051463558461e-63,0.17631455584386888,5.557703390323783e-08,1.5503627777395734e-61,4.296928084185517e-07,0.33254552234571566
dim 62,62,0.4069684116720491,AAC_T,0.6557958711680745,2.7940198895509717e-116,0.4466724463215071,3.8184384337075044e-47,3.524753517661862e-113,5.046966479130532e-44,0.20912342484656737
dim 62,62,0.4069684116720491,AAC_V,0.04738915709538317,0.1472030990606319,0.1269984569496162,9.695636709818205e-05,0.16754859409292275,0.00042778634888761963,-0.07960929985423304
dim 62,62,0.4069684116720491,AAC_W,0.19066160145114855,4.041380342787032e-09,0.13173605592420148,5.237727260314274e-05,8.686107043055783e-09,0.00024501413234523356,0.058925545526947065
dim 62,62,0.4069684116720491,AAC_Y,-0.08868161889673293,0.006601317417358615,-0.050654500100526974,0.1212658163461722,0.008833493659446225,0.20394150382488177,0.038027118796205954
dim 62,62,0.4069684116720491,Hydrophobicity_C1,-0.5429082238040399,6.041943617815306e-73,-0.24484352366920356,2.944214312783348e-14,1.785848821548949e-71,5.230678619519353e-13,0.2980647001348363
dim 62,62,0.4069684116720491,Hydrophobicity_C2,0.5956732379129815,4.616483769178081e-91,0.28367035157880216,8.428870242454832e-19,3.8547639472636975e-89,2.1994083288905577e-17,0.3120028863341794
dim 62,62,0.4069684116720491,Hydrophobicity_C3,-0.5135770034033624,3.43346719138541e-64,-0.23723118594335288,1.876135643946569e-13,8.019426866592496e-63,3.1488909802922314e-12,0.2763458174600095
dim 62,62,0.4069684116720491,Hydrophobicity_T12,-0.17175899559069757,1.2234141559212833e-07,-0.15592556352817613,1.6191045868325203e-06,2.442440693829699e-07,9.571343929240031e-06,0.01583343206252144
dim 62,62,0.4069684116720491,Hydrophobicity_T13,-0.5143193763837086,2.111378284833031e-64,-0.16227330766263792,5.921403385855848e-07,5.073383792332606e-63,3.840288797817191e-06,0.3520460687210707
dim 62,62,0.4069684116720491,Hydrophobicity_T23,0.15441403454552838,2.0454203328504363e-06,-0.043371984158871155,0.18467803820184586,3.835880916182177e-06,0.2838004919971522,0.11104205038665722
dim 62,62,0.4069684116720491,Hydrophobicity_group1_D0,-0.0013258419999856081,0.9676702148997157,0.025816194152505908,0.4299237432230538,0.9737928646474994,0.5653327962066929,-0.0244903521525203
dim 62,62,0.4069684116720491,Hydrophobicity_group1_D25,0.41299667276518276,6.74049632667202e-40,0.049101602607780015,0.13311723061579916,6.035725933266634e-39,0.21892545114424944,0.36389507015740274
dim 62,62,0.4069684116720491,Hydrophobicity_group1_D50,0.2288532785184805,1.3386442593730241e-12,0.055927190428041396,0.08707911079629051,3.4605819089054956e-12,0.15307591055768963,0.1729260880904391
dim 62,62,0.4069684116720491,Hydrophobicity_group1_D75,0.21505523308539815,2.888704490411919e-11,-0.012466989608522888,0.7031100275792721,7.018148847218895e-11,0.7959398178411926,0.20258824347687526
dim 62,62,0.4069684116720491,Hydrophobicity_group1_D100,-0.23993950337398506,9.778712451188555e-14,-0.06938456209690402,0.03370212653509069,2.786766176362609e-13,0.06910073826102081,0.17055494127708104
dim 62,62,0.4069684116720491,Hydrophobicity_group2_D0,-0.23749589065002408,1.7610022999994578e-13,-0.13622155524351817,2.8673392277947397e-05,4.938495115027867e-13,0.00014353757289406878,0.1012743354065059
dim 62,62,0.4069684116720491,Hydrophobicity_group2_D25,-0.4144945714265552,3.3381177023523588e-40,-0.12486255737692611,0.0001271039347864056,3.176442485999111e-39,0.000539424577111302,0.2896320140496291
dim 62,62,0.4069684116720491,Hydrophobicity_group2_D50,-0.1674874596164099,2.5162194586232135e-07,0.007611275773757269,0.8160122401689606,4.888989524026489e-07,0.8794559254083427,0.15987618384265262
dim 62,62,0.4069684116720491,Hydrophobicity_group2_D75,-0.21663225921315477,2.0544061514762863e-11,-0.04824743046009861,0.1400072872191485,5.082752996985775e-11,0.22826957540206452,0.16838482875305616
dim 62,62,0.4069684116720491,Hydrophobicity_group2_D100,0.14995284649860374,4.024993684613649e-06,0.041440015545553995,0.20503056033692574,7.266745354924102e-06,0.3100054647013726,0.10851283095304975
dim 62,62,0.4069684116720491,Hydrophobicity_group3_D0,0.26154598293743553,4.038131401977385e-16,-0.01494719412711929,0.6477032490249047,1.3420257594631309e-15,0.7525652911049467,0.24659878881031624
dim 62,62,0.4069684116720491,Hydrophobicity_group3_D25,0.3364055934845144,3.1744154161171585e-26,0.05156262035401887,0.11472703748377526,1.5366010854827986e-25,0.19470950467266734,0.2848429731304955
dim 62,62,0.4069684116720491,Hydrophobicity_group3_D50,0.13917101352450692,1.9094626512802274e-05,-0.025505914432358404,0.4354895691445664,3.242300587328907e-05,0.5715265858321618,0.11366509909214852
dim 62,62,0.4069684116720491,Hydrophobicity_group3_D75,-0.016887696862343243,0.6056540658499221,-0.10238202724025423,0.001700895689772077,0.6345309221890651,0.005294493573009074,-0.08549433037791099
dim 62,62,0.4069684116720491,Hydrophobicity_group3_D100,0.07610975462782801,0.019804847318075504,0.06853161797586951,0.0359537487485193,0.02491457252066749,0.07283016177871458,0.0075781366519585
dim 62,62,0.4069684116720491,NormVanDerWaalsVolume_C1,0.588882362826666,1.531323986964813e-88,0.27751259846699283,4.973129795699151e-18,8.118447803908693e-87,1.122314426867241e-16,0.3113697643596731
dim 62,62,0.4069684116720491,NormVanDerWaalsVolume_C2,-0.514018068965368,2.572381471884667e-64,-0.1768076827558786,5.096379682197428e-08,6.093442635528218e-63,3.964268645373599e-07,0.33721038620948934
dim 62,62,0.4069684116720491,NormVanDerWaalsVolume_C3,-0.5032529562268168,2.624312466443404e-61,-0.286209672714278,4.0014886889768704e-19,4.980229339727824e-60,1.2490628244096026e-17,0.21704328351253876
dim 62,62,0.4069684116720491,NormVanDerWaalsVolume_T12,0.20051746831104117,5.912805268767601e-10,0.035540704405708626,0.27712154226595853,1.3545109463431954e-09,0.40103377433635246,0.16497676390533256
dim 62,62,0.4069684116720491,NormVanDerWaalsVolume_T13,-0.08584529260499209,0.00856085492263017,-0.11559697339909643,0.00039165341412221753,0.011173605096359816,0.0014203283422021785,-0.02975168079410434
dim 62,62,0.4069684116720491,NormVanDerWaalsVolume_T23,-0.48960440614529754,1.2085559730673937e-57,-0.21191992124307402,5.6440571215564316e-11,2.0386752272955027e-56,6.930570141911207e-10,0.2776844849022235
dim 62,62,0.4069684116720491,NormVanDerWaalsVolume_group1_D0,-0.23137784248320414,7.464242812261024e-13,-0.12515346789518658,0.0001225329967436454,1.973916943226589e-12,0.0005246925757997123,0.10622437458801756
dim 62,62,0.4069684116720491,NormVanDerWaalsVolume_group1_D25,-0.3133867817747709,8.465944138444857e-23,-0.03601296119402115,0.2707840075588668,3.6251606951802337e-22,0.39282733825249655,0.2773738205807498
dim 62,62,0.4069684116720491,NormVanDerWaalsVolume_group1_D50,-0.06311853253169548,0.053429395605779154,0.09157034697556718,0.005029101533905777,0.0651768375906875,0.013687347696321827,-0.028451814443871695
dim 62,62,0.4069684116720491,NormVanDerWaalsVolume_group1_D75,-0.15246075610711923,2.757588138847594e-06,0.044355320663549455,0.17491092769988645,5.108344084165815e-06,0.2721017692210623,0.10810543544356978
dim 62,62,0.4069684116720491,NormVanDerWaalsVolume_group1_D100,0.21517781775227504,2.813445282825876e-11,0.16748515956734888,2.517184421504779e-07,6.854053424243928e-11,1.7231468232063065e-06,0.04769265818492616
dim 62,62,0.4069684116720491,NormVanDerWaalsVolume_group2_D0,0.034474550146674665,0.2917975883275081,0.0014419407809812732,0.9648409789336991,0.31818607411487987,0.9790496168632113,0.03303260936569339
dim 62,62,0.4069684116720491,NormVanDerWaalsVolume_group2_D25,0.3605640290380038,3.803120047773431e-30,0.13744807903268383,2.423759524620122e-05,2.356664370976486e-29,0.00012359323377452225,0.22311595000531995
dim 62,62,0.4069684116720491,NormVanDerWaalsVolume_group2_D50,0.13993706564763292,1.7157907102328817e-05,0.1136333205678383,0.000492103285986522,2.9238474347846047e-05,0.0017156836901826554,0.02630374507979462
dim 62,62,0.4069684116720491,NormVanDerWaalsVolume_group2_D75,0.1399022148286684,1.7241801336568912e-05,0.2221943132171259,6.046362741296376e-12,2.936645408676194e-05,8.667318264347595e-11,-0.0822920983884575
dim 62,62,0.4069684116720491,NormVanDerWaalsVolume_group2_D100,-0.062253132265673715,0.05679295691728304,0.09747084117259852,0.0028195235832017486,0.06875261910247385,0.008246242353672365,-0.035217708906924806
dim 62,62,0.4069684116720491,NormVanDerWaalsVolume_group3_D0,0.1344284849571576,3.6565324105966565e-05,-0.021663385308979443,0.5077670345474593,6.066973796022272e-05,0.6323422428741663,0.11276509964817814
dim 62,62,0.4069684116720491,NormVanDerWaalsVolume_group3_D25,0.043357156639239544,0.18482833723499126,-0.16498831593725224,3.8049053554339654e-07,0.2074350290204539,2.511538317618467e-06,-0.1216311592980127
dim 62,62,0.4069684116720491,NormVanDerWaalsVolume_group3_D50,-0.06105096809441933,0.06175564955798797,-0.2846616462470372,6.307520009804171e-19,0.07438293167099885,1.6719933994242802e-17,-0.22361067815261787
dim 62,62,0.4069684116720491,NormVanDerWaalsVolume_group3_D75,-0.11903786506802322,0.00026027549143329,-0.38292282450311343,4.339076521225611e-34,0.00041160991542953996,4.8308385269645137e-32,-0.2638849594350902
dim 62,62,0.4069684116720491,NormVanDerWaalsVolume_group3_D100,-0.15508421993556154,1.84456882974976e-06,-0.1060038881823275,0.0011554476958556877,3.480711803030621e-06,0.003750432754283768,0.049080331753234036
dim 62,62,0.4069684116720491,Polarity_C1,-0.5228471394329886,7.261760222115037e-67,-0.24854629321174537,1.1686980306371391e-14,1.8801766776638933e-65,2.2178701263227526e-13,0.2743008462212432
dim 62,62,0.4069684116720491,Polarity_C2,0.6194421948729808,2.2318782029521122e-100,0.30486361810850043,1.3253471180665048e-21,4.384984234035326e-98,5.533324217927657e-20,0.31457857676448037
dim 62,62,0.4069684116720491,Polarity_C3,-0.5947590667086247,1.0166119213831995e-90,-0.281432918648725,1.6147504490932082e-18,7.896473993999736e-89,3.825011702107316e-17,0.31332614805989967
dim 62,62,0.4069684116720491,Polarity_T12,0.31015950203635506,2.42461741774829e-22,0.014880475049626144,0.6491701887747274,1.0276931694516864e-21,0.7533221683624176,0.2952790269867289
dim 62,62,0.4069684116720491,Polarity_T13,-0.567258102064548,6.712630747285893e-81,-0.20950246586359506,9.393174531849268e-11,2.80252333699186e-79,1.1204715334420199e-09,0.3577556362009529
dim 62,62,0.4069684116720491,Polarity_T23,0.013376881848091023,0.6825806433348216,-0.06546347081647769,0.0451407019249524,0.7080184312851876,0.08735222736346525,-0.052086588968386666
dim 62,62,0.4069684116720491,Polarity_group1_D0,0.14941948447988315,4.358662433007614e-06,-0.0891250009337837,0.006334403721329504,7.835270466224667e-06,0.016777881387185205,0.06029448354609945
dim 62,62,0.4069684116720491,Polarity_group1_D25,0.2412194706564048,7.166821181499424e-14,-0.012715272596561819,0.6974859147971221,2.0689008423688915e-13,0.7919299079334385,0.22850419805984298
dim 62,62,0.4069684116720491,Polarity_group1_D50,0.08314122602762078,0.010896435013061942,-0.09349618985337048,0.004177774964210652,0.014040930919609139,0.01160097705800057,-0.0103549638257497
dim 62,62,0.4069684116720491,Polarity_group1_D75,-0.0054218181749779715,0.8683584151445086,-0.20572562991272958,2.056416444323772e-10,0.890487290937261,2.3362009945719045e-09,-0.2003038117377516
dim 62,62,0.4069684116720491,Polarity_group1_D100,0.017287441779078486,0.5971456952044132,0.05448764170738047,0.09553358737370651,0.6265996299034684,0.1666225492575351,-0.03720019992830198
dim 62,62,0.4069684116720491,Polarity_group2_D0,-0.23563074023208394,2.7469555799322063e-13,-0.12253356590571648,0.0001699279117089189,7.569993099813176e-13,0.0006929905068471173,0.11309717432636746
dim 62,62,0.4069684116720491,Polarity_group2_D25,-0.38535213282933783,1.549377405019032e-34,-0.06576944419708794,0.04414359049259519,1.17879738787325e-33,0.08577055977037111,0.3195826886322499
dim 62,62,0.4069684116720491,Polarity_group2_D50,-0.17724397005838688,4.7193030280923626e-08,0.06825520930145552,0.036710366024698876,9.705955735116066e-08,0.07409837025906704,0.10898876075693135
dim 62,62,0.4069684116720491,Polarity_group2_D75,-0.16558956461121938,3.446520341530844e-07,0.08639459902029248,0.008145064089261002,6.638626263386978e-07,0.02076680462452805,0.0791949655909269
dim 62,62,0.4069684116720491,Polarity_group2_D100,0.14086120530567445,1.506986263228102e-05,0.10673436546770974,0.001067224935626791,2.582521354121016e-05,0.0034877996917744443,0.034126839837964704
dim 62,62,0.4069684116720491,Polarity_group3_D0,0.04950848540629144,0.12992871227982422,0.04662972651104507,0.15380263068589303,0.14984872203543262,0.24555486925950418,0.002878758895246372
dim 62,62,0.4069684116720491,Polarity_group3_D25,0.4649889432819532,1.9251187030128865e-51,0.05810630825164687,0.07543859365865516,2.820130029852211e-50,0.13583013629105564,0.40688263503030636
dim 62,62,0.4069684116720491,Polarity_group3_D50,0.2499470696633264,8.20682517713102e-15,-0.005073640518666218,0.8767423768014359,2.5216923727339105e-14,0.9272702781877123,0.24487342914466018
dim 62,62,0.4069684116720491,Polarity_group3_D75,0.18318669584668057,1.625131813224676e-08,-0.061585300021754254,0.059507294011944364,3.405232281160864e-08,0.1104190899999412,0.12160139582492632
dim 62,62,0.4069684116720491,Polarity_group3_D100,-0.24564145414137786,2.4157742568110198e-14,-0.1259328677528108,0.00011103736439828047,7.178546279135949e-14,0.00048415769855124905,0.11970858638856707
dim 62,62,0.4069684116720491,Polarizability_C1,0.5313460375424522,2.1632341339016223e-69,0.25607478850700227,1.7035810810900805e-15,5.922296727238868e-68,3.469488299293213e-14,0.27527124903544997
dim 62,62,0.4069684116720491,Polarizability_C2,-0.36784849781588774,2.135497168743349e-31,-0.11725519030780251,0.000322084413455738,1.3796055210063416e-30,0.0012155502157538587,0.25059330750808523
dim 62,62,0.4069684116720491,Polarizability_C3,-0.5032529562268168,2.624312466443404e-61,-0.286209672714278,4.0014886889768704e-19,4.980229339727824e-60,1.2490628244096026e-17,0.21704328351253876
dim 62,62,0.4069684116720491,Polarizability_T12,0.5061313316306869,4.217576594746391e-62,0.20827271732391253,1.2142986120985007e-10,8.749506724504937e-61,1.4230727594417515e-09,0.2978586143067744
dim 62,62,0.4069684116720491,Polarizability_T13,-0.10798238620075717,0.0009307541318859102,-0.11558658426242951,0.00039213045076558456,0.0014111297324098683,0.0014205159496280394,-0.00760419806167234
dim 62,62,0.4069684116720491,Polarizability_T23,-0.4708473993964499,7.142885699714114e-53,-0.20878635160359887,1.0910205992122597e-10,1.1253414262757143e-51,1.2922017026131019e-09,0.262061047792851
dim 62,62,0.4069684116720491,Polarizability_group1_D0,-0.2103137439871865,7.922629989439435e-11,-0.13001136736609217,6.569916565365714e-05,1.8887640374537981e-10,0.000302669259700986,0.08030237662109432
dim 62,62,0.4069684116720491,Polarizability_group1_D25,-0.3434145162476207,2.50647500874123e-27,-0.09043918476338197,0.005599295554141743,1.2800652185314537e-26,0.015021403334002746,0.25297533148423873
dim 62,62,0.4069684116720491,Polarizability_group1_D50,-0.22603622723118516,2.5480677600179093e-12,0.028021214959931547,0.3915745375785056,6.476823682237304e-12,0.5290691567606022,0.19801501227125362
dim 62,62,0.4069684116720491,Polarizability_group1_D75,-0.12060456411100617,0.00021530466906177808,0.1604374782708126,7.952882690431807e-07,0.0003429268453344486,5.0212907724087405e-06,-0.039832914159806415
dim 62,62,0.4069684116720491,Polarizability_group1_D100,0.14493128881872736,8.427445078194917e-06,0.18049694677398145,2.6445598984318934e-08,1.4667882522757176e-05,2.180945694015438e-07,-0.0355656579552541
dim 62,62,0.4069684116720491,Polarizability_group2_D0,-0.08482259857281821,0.00938572192838807,-0.04779540616664294,0.14376265651297035,0.012188301415558378,0.23297781307778795,0.03702719240617527
dim 62,62,0.4069684116720491,Polarizability_group2_D25,0.35186100634346107,1.0774968596765187e-28,0.23463699863325263,3.475817529309681e-13,6.089406956547499e-28,5.718832782213957e-12,0.11722400771020844
dim 62,62,0.4069684116720491,Polarizability_group2_D50,0.3578989676333253,1.070703535254122e-29,0.176429888787591,5.4463187238112786e-08,6.431924114656056e-29,4.2205810991948193e-07,0.1814690788457343
dim 62,62,0.4069684116720491,Polarizability_group2_D75,0.15674786466218202,1.4244506213684185e-06,0.09267230120529218,0.0045245772164137395,2.710920270866392e-06,0.012448177844169597,0.06407556345688983
dim 62,62,0.4069684116720491,Polarizability_group2_D100,0.11783474826367463,0.00030062528158736714,0.10971911434375205,0.0007675741962505438,0.00047251220729496767,0.0025765807190721774,0.00811563391992258
dim 62,62,0.4069684116720491,Polarizability_group3_D0,0.1344284849571576,3.6565324105966565e-05,-0.021663385308979443,0.5077670345474593,6.066973796022272e-05,0.6323422428741663,0.11276509964817814
dim 62,62,0.4069684116720491,Polarizability_group3_D25,0.043357156639239544,0.18482833723499126,-0.16498831593725224,3.8049053554339654e-07,0.2074350290204539,2.511538317618467e-06,-0.1216311592980127
dim 62,62,0.4069684116720491,Polarizability_group3_D50,-0.06105096809441933,0.06175564955798797,-0.2846616462470372,6.307520009804171e-19,0.07438293167099885,1.6719933994242802e-17,-0.22361067815261787
dim 62,62,0.4069684116720491,Polarizability_group3_D75,-0.11903786506802322,0.00026027549143329,-0.38292282450311343,4.339076521225611e-34,0.00041160991542953996,4.8308385269645137e-32,-0.2638849594350902
dim 62,62,0.4069684116720491,Polarizability_group3_D100,-0.15508421993556154,1.84456882974976e-06,-0.1060038881823275,0.0011554476958556877,3.480711803030621e-06,0.003750432754283768,0.049080331753234036
dim 62,62,0.4069684116720491,Charge_C1,-0.4171239901967149,9.638605902583796e-41,-0.22259720617185302,5.526637995569895e-12,9.814921864216426e-40,7.997532313479157e-11,0.1945267840248619
dim 62,62,0.4069684116720491,Charge_C2,0.601576888356921,2.651375742280625e-93,0.38029573939154165,1.3086439648820492e-33,2.9518649930724294e-91,1.2488202407731555e-31,0.22128114896537937
dim 62,62,0.4069684116720491,Charge_C3,-0.59069555669382,3.29509385037946e-89,-0.3880145060020223,4.962127701583122e-35,1.9652881179048925e-87,9.699813310341315e-33,0.2026810506917977
dim 62,62,0.4069684116720491,Charge_T12,-0.33621040383591805,3.4038173797560083e-26,-0.2004510076881281,5.991945309024154e-10,1.6452604990427016e-25,6.176881892636011e-09,0.13575939614778995
dim 62,62,0.4069684116720491,Charge_T13,-0.45772025440286995,1.0500288560018373e-49,-0.2025502891719193,3.9284187850309996e-10,1.455226713297152e-48,4.1919868185314815e-09,0.25516996523095065
dim 62,62,0.4069684116720491,Charge_T23,-0.5611485998906419,7.672684997988241e-79,-0.3721894087397546,3.704935033539624e-32,2.8474186548089694e-77,2.8777867469819405e-30,0.18895919115088733
dim 62,62,0.4069684116720491,Charge_group1_D0,0.01786388949043853,0.5849728374849152,-0.038768394340590526,0.23578827383960088,0.6153730006927928,0.34803734403794595,-0.020904504850151995
dim 62,62,0.4069684116720491,Charge_group1_D25,0.0926627043752218,0.004528765908569049,-0.08464936294534046,0.00953225246941042,0.0062530294066228285,0.023741777216876064,0.008013341429881332
dim 62,62,0.4069684116720491,Charge_group1_D50,-0.0625088775171062,0.055781114121165695,-0.17996260500193353,2.9106240671839842e-08,0.06769946263251941,2.36803267644984e-07,-0.11745372748482734
dim 62,62,0.4069684116720491,Charge_group1_D75,-0.015621452730149057,0.6329558446417254,-0.215940234148846,2.3865974731106764e-11,0.6594112667197014,3.188494224075864e-10,-0.20031878141869694
dim 62,62,0.4069684116720491,Charge_group1_D100,-0.06410631698414482,0.049794832677505944,-0.0021068098827222576,0.9486482296603429,0.06096581420193176,0.9716861223343639,0.06199950710142256
dim 62,62,0.4069684116720491,Charge_group2_D0,-0.08724459462342882,0.007537177697078608,-0.1392230085231957,1.895685593103697e-05,0.009953967160553648,9.893109189009919e-05,-0.05197841389976687
dim 62,62,0.4069684116720491,Charge_group2_D25,-0.15200939761923662,2.9531298438498973e-06,0.02384876717143435,0.46590938823726225,5.452434316450335e-06,0.594626425950499,0.12816063044780227
dim 62,62,0.4069684116720491,Charge_group2_D50,0.10130458108564734,0.0019038801738582886,0.19128443864060599,3.58970540376014e-09,0.0027865730853140597,3.240436769880775e-08,-0.08997985755495864
dim 62,62,0.4069684116720491,Charge_group2_D75,0.13039062873274265,6.2520444269481e-05,0.2967021307088242,1.697657514096482e-20,0.00010201186314609992,6.300195663424721e-19,-0.16631150197608152
dim 62,62,0.4069684116720491,Charge_group2_D100,0.19487861519252136,1.797519988677626e-09,0.030762944427396997,0.3468927722526693,4.034755888564026e-09,0.480840788713375,0.16411567076512437
dim 62,62,0.4069684116720491,Charge_group3_D0,-0.05428138135255911,0.09679698106623393,-0.06687769670481088,0.04068599274342575,0.11339947974788542,0.08031395730676243,-0.012596315352251766
dim 62,62,0.4069684116720491,Charge_group3_D25,0.18977152182657941,4.783956332069981e-09,-0.026216610833868188,0.4228023475107101,1.0242573172508805e-08,0.5590498181653887,0.16355491099271122
dim 62,62,0.4069684116720491,Charge_group3_D50,-0.0869949442967744,0.0077113628395438115,-0.1942345094243471,2.0367028489282836e-09,0.010168161028060138,1.916221835329709e-08,-0.10723956512757271
dim 62,62,0.4069684116720491,Charge_group3_D75,-0.20404761574306343,2.898875391793899e-10,-0.3354802885514938,4.416937645475411e-26,6.705154992099462e-10,2.418454382932438e-24,-0.13143267280843038
dim 62,62,0.4069684116720491,Charge_group3_D100,-0.27667297911301036,6.313065532903131e-18,-0.22493916066639158,3.2664377575452854e-12,2.418077853199135e-17,4.936607289683825e-11,0.051733818446618784
dim 62,62,0.4069684116720491,SecondaryStructure_C1,-0.5931079742385001,4.203265516771203e-90,-0.3315062454548482,1.8018257304751176e-25,3.051936266525178e-88,9.40327803091702e-24,0.26160172878365195
dim 62,62,0.4069684116720491,SecondaryStructure_C2,0.30531797234634667,1.1471795588379447e-21,0.22960215754105323,1.1264877702347843e-12,4.759726368346255e-21,1.7747496002755564e-11,0.07571581480529344
dim 62,62,0.4069684116720491,SecondaryStructure_C3,0.5859096586817044,1.8613904157194476e-87,0.26789887606850077,7.272462931330159e-17,8.51649861438761e-86,1.5670984639124344e-15,0.31801078261320365
dim 62,62,0.4069684116720491,SecondaryStructure_T12,-0.3829552813245155,4.280029464477264e-34,-0.07833477964785208,0.01646917932815441,3.169689226464315e-33,0.037470748607653766,0.30462050167666344
dim 62,62,0.4069684116720491,SecondaryStructure_T13,-0.4023618375127978,8.942092955618833e-38,-0.2539293114454208,2.968349449354709e-15,7.266810333763236e-37,5.972462145087185e-14,0.148432526067377
dim 62,62,0.4069684116720491,SecondaryStructure_T23,0.5631644177473505,1.6241925405011494e-79,0.31418798330719994,6.506570735362759e-23,6.307910564271906e-78,3.060837500860791e-21,0.24897643444015055
dim 62,62,0.4069684116720491,SecondaryStructure_group1_D0,0.02023671658711233,0.5361195551574154,-0.07200518734496703,0.027522175813913755,0.5682765199066224,0.058666737382912976,-0.05176847075785469
dim 62,62,0.4069684116720491,SecondaryStructure_group1_D25,-0.09171203413167943,0.004961503373665849,-0.10225435757253008,0.001723864288035399,0.006783226061417903,0.005360993223499286,-0.010542323440850654
dim 62,62,0.4069684116720491,SecondaryStructure_group1_D50,-0.3229264009144474,3.4964429171174454e-24,-0.3551128823620422,3.126521605925535e-29,1.5426841932856365e-23,2.0081888776521704e-27,-0.032186481447594784
dim 62,62,0.4069684116720491,SecondaryStructure_group1_D75,-0.2535711079598079,3.2550545329397315e-15,-0.17679952680622268,5.103699154223495e-08,1.0141681100763715e-14,3.964268645373599e-07,0.07677158115358523
dim 62,62,0.4069684116720491,SecondaryStructure_group1_D100,-0.11276328640894927,0.000543871938387138,0.08530053644673873,0.008991809028637122,0.0008340368568471262,0.022597924872571847,0.027462749962210542
dim 62,62,0.4069684116720491,SecondaryStructure_group2_D0,0.04102520245931738,0.2096051019898918,-0.0705826963722982,0.03074331820453247,0.2336719094279835,0.06409655605689041,-0.029557493912980827
dim 62,62,0.4069684116720491,SecondaryStructure_group2_D25,-0.07205657778945716,0.027411461262966983,-0.02401739358639125,0.46276109567633955,0.03422589929656438,0.592646495229668,0.04803918420306591
dim 62,62,0.4069684116720491,SecondaryStructure_group2_D50,0.10355518016236012,0.0015026194987071086,0.13370287082948554,4.0311041716846646e-05,0.0022385143290284313,0.00019441343018066127,-0.030147690667125415
dim 62,62,0.4069684116720491,SecondaryStructure_group2_D75,0.17280781821670746,1.0220561569984157e-07,0.018711993988015374,0.5672757976707808,2.053951603113543e-07,0.680393262773035,0.15409582422869209
dim 62,62,0.4069684116720491,SecondaryStructure_group2_D100,0.13912276395301534,1.922332415564606e-05,0.11825124374101917,0.00028603756683797613,3.262495054870825e-05,0.0010943476211212374,0.020871520211996175
dim 62,62,0.4069684116720491,SecondaryStructure_group3_D0,-0.1941963678180378,2.051797984185959e-09,-0.15778840373980557,1.2101699575328553e-06,4.562586729148538e-09,7.4575049043537576e-06,0.03640796407823224
dim 62,62,0.4069684116720491,SecondaryStructure_group3_D25,0.024277195705054214,0.45793379890895974,0.09886911584954161,0.0024470366543447907,0.4902495171354596,0.007284405013824957,-0.0745919201444874
dim 62,62,0.4069684116720491,SecondaryStructure_group3_D50,0.22437227125744127,3.711856601890476e-12,0.17305242527664155,9.799234971206122e-08,9.37635609466241e-12,7.273209956406321e-07,0.05131984598079972
dim 62,62,0.4069684116720491,SecondaryStructure_group3_D75,0.10529512326911042,0.0012474358944775522,0.09632241779651048,0.0031633459629137116,0.0018750836577655374,0.0090925778968432,0.008972705472599943
dim 62,62,0.4069684116720491,SecondaryStructure_group3_D100,0.16657203975491117,2.929838735909042e-07,0.0997316792772653,0.0022402722254333757,5.669560473891194e-07,0.006740999308961689,0.06684036047764587
dim 62,62,0.4069684116720491,SolventAccessibility_C1,-0.10140285185596822,0.0018844853921072767,-0.03360076200816804,0.3042077677240002,0.0027618171169979397,0.434257256535203,0.06780208984780017
dim 62,62,0.4069684116720491,SolventAccessibility_C2,-0.5429082238040399,6.041943617815306e-73,-0.24484352366920356,2.944214312783348e-14,1.785848821548949e-71,5.230678619519353e-13,0.2980647001348363
dim 62,62,0.4069684116720491,SolventAccessibility_C3,0.6271766634988699,1.3859127391966522e-103,0.2958604690973101,2.1981612429446275e-20,4.6395943635729785e-101,7.894471560682856e-19,0.3313161944015598
dim 62,62,0.4069684116720491,SolventAccessibility_T12,-0.5533836190891558,2.7516810546171306e-76,-0.1643792884787447,4.20441021208668e-07,9.09961853705071e-75,2.753476491837159e-06,0.38900433061041106
dim 62,62,0.4069684116720491,SolventAccessibility_T13,0.4426954782948672,3.0259748714501198e-46,0.1574502407027698,1.2761630136399467e-06,3.771177638299776e-45,7.765994403171747e-06,0.2852452375920974
dim 62,62,0.4069684116720491,SolventAccessibility_T23,-0.07339261238252434,0.024664783488667137,-0.15376106297127248,2.26118002474218e-06,0.030865633889901926,1.3043767327528293e-05,-0.08036845058874814
dim 62,62,0.4069684116720491,SolventAccessibility_group1_D0,-0.08796540062078867,0.007053855206666532,-0.11342884597983892,0.0005038400707778333,0.009382666822089294,0.0017543366775554295,-0.02546344535905025
dim 62,62,0.4069684116720491,SolventAccessibility_group1_D25,-0.2939151735881641,3.980889590436073e-20,-0.2028837749186133,3.6720513862419456e-10,1.6155736612462315e-19,3.969142922345663e-09,0.09103139866955079
dim 62,62,0.4069684116720491,SolventAccessibility_group1_D50,-0.3709089577559118,6.228466689906364e-32,-0.2857460998577436,4.587073593466041e-19,4.1112803842464935e-31,1.344628170785132e-17,0.08516285789816824
dim 62,62,0.4069684116720491,SolventAccessibility_group1_D75,-0.1260121161345698,0.00010992719035056216,0.1439884727559836,9.655591142764032e-06,0.00017805859154746732,5.26955464327318e-05,-0.01797635662141378
dim 62,62,0.4069684116720491,SolventAccessibility_group1_D100,0.09376103495945363,0.004071517787366006,0.13256301538682522,4.693773602951819e-05,0.005673287196413208,0.00022174417636320823,-0.03880198042737158
dim 62,62,0.4069684116720491,SolventAccessibility_group2_D0,-0.0013258419999856081,0.9676702148997157,0.025816194152505908,0.4299237432230538,0.9737928646474994,0.5653327962066929,-0.0244903521525203
dim 62,62,0.4069684116720491,SolventAccessibility_group2_D25,0.41299667276518276,6.74049632667202e-40,0.049101602607780015,0.13311723061579916,6.035725933266634e-39,0.21892545114424944,0.36389507015740274
dim 62,62,0.4069684116720491,SolventAccessibility_group2_D50,0.2288532785184805,1.3386442593730241e-12,0.055927190428041396,0.08707911079629051,3.4605819089054956e-12,0.15307591055768963,0.1729260880904391
dim 62,62,0.4069684116720491,SolventAccessibility_group2_D75,0.21505523308539815,2.888704490411919e-11,-0.012466989608522888,0.7031100275792721,7.018148847218895e-11,0.7959398178411926,0.20258824347687526
dim 62,62,0.4069684116720491,SolventAccessibility_group2_D100,-0.23993950337398506,9.778712451188555e-14,-0.06938456209690402,0.03370212653509069,2.786766176362609e-13,0.06910073826102081,0.17055494127708104
dim 62,62,0.4069684116720491,SolventAccessibility_group3_D0,0.14791488817546786,5.4485745483765614e-06,-0.0476686482149816,0.14482947209353303,9.654238191818418e-06,0.23436552170174435,0.10024623996048626
dim 62,62,0.4069684116720491,SolventAccessibility_group3_D25,0.06924157725495837,0.03407096110212621,0.15721941135157147,1.3231799301741916e-06,0.0422880007733562,8.006197403590216e-06,-0.0879778340966131
dim 62,62,0.4069684116720491,SolventAccessibility_group3_D50,0.16960738810320403,1.763209194359783e-07,0.15927131784496892,9.575295720548817e-07,3.47851075555917e-07,6.0115578395926785e-06,0.010336070258235103
dim 62,62,0.4069684116720491,SolventAccessibility_group3_D75,-0.15159935389010956,3.1422302720824213e-06,-0.18054248947875623,2.6230056579880852e-08,5.776031430245067e-06,2.168524479623813e-07,-0.028943135588646668
dim 62,62,0.4069684116720491,SolventAccessibility_group3_D100,0.18130337240243513,2.2871013182475528e-08,0.00872440297216051,0.7896951177100099,4.7773098204795664e-08,0.8585877907393987,0.17257896943027462
dim 3,3,0.4015859561434591,AAC_A,-0.002388050696666034,0.9418046481063399,0.22288164868585067,5.186307124200034e-12,0.9529316948425252,7.564308207348522e-11,-0.22049359798918464
dim 3,3,0.4015859561434591,AAC_C,-0.058248593144243924,0.07472490540480631,0.021161191650438532,0.5176568614349911,0.0886926737924851,0.6408354029625167,0.03708740149380539
dim 3,3,0.4015859561434591,AAC_D,0.22932623642362945,1.2005158395159216e-12,0.06095707875399567,0.06215787724729708,3.1252711644451895e-12,0.11419544004728947,0.16836915766963378
dim 3,3,0.4015859561434591,AAC_E,0.32815201658541016,5.809308181289521e-25,-0.13801367218161442,2.2419328807167898e-05,2.629144895055149e-24,0.00011480046795330643,0.19013834440379573
dim 3,3,0.4015859561434591,AAC_F,0.09954434336362415,0.0022837695477387608,-0.059982159969754915,0.06646377031515309,0.003303503806603491,0.12104089032312504,0.03956218339386924
dim 3,3,0.4015859561434591,AAC_G,-0.08883958983546353,0.006505083387961032,0.13598618999802645,2.9608380331255505e-05,0.008711699485080132,0.00014716069986070446,-0.04714660016256292
dim 3,3,0.4015859561434591,AAC_H,0.37475972368563715,1.2967307000704378e-32,0.05674592052041989,0.08254635835868088,8.820937959745952e-32,0.14603010429978505,0.31801380316521727
dim 3,3,0.4015859561434591,AAC_I,0.1538179498554415,2.2415477073616543e-06,-0.12273983758784836,0.00016564733535131832,4.189574338325644e-06,0.0006780172795017197,0.031078112267593147
dim 3,3,0.4015859561434591,AAC_K,0.2554877573647214,1.9841241462978628e-15,-0.12464919364907437,0.00013055789970527795,6.216674154441709e-15,0.0005526785614900232,0.13083856371564703
dim 3,3,0.4015859561434591,AAC_L,0.26641746895538304,1.0891375984396824e-16,-0.019592333746903234,0.5491814205731865,3.6968694906387593e-16,0.6662789483161798,0.24682513520847982
dim 3,3,0.4015859561434591,AAC_M,0.1516222888220614,3.1313540658375643e-06,-0.11501456819103108,0.0004192480424660416,5.759208469106533e-06,0.0015073072786184916,0.036607720631030335
dim 3,3,0.4015859561434591,AAC_N,-0.05109048913604681,0.11809111082461042,-0.08030314028157565,0.013939981977571889,0.13747797495789432,0.03265044867117118,-0.029212651145528838
dim 3,3,0.4015859561434591,AAC_P,-0.4000153950742129,2.5676196546610377e-37,-0.00991712480360827,0.7617603536967477,2.051638671427719e-36,0.8372094706637503,0.3900982702706046
dim 3,3,0.4015859561434591,AAC_Q,0.050654125361190724,0.12126857344302276,-0.0472834489584056,0.14810854314838645,0.14088244706076383,0.23828638444875277,0.0033706764027851277
dim 3,3,0.4015859561434591,AAC_R,-0.08166747861242737,0.012394114756930865,0.03382820555806135,0.300944252268705,0.015903320510237837,0.43065715620285977,0.04783927305436603
dim 3,3,0.4015859561434591,AAC_S,-0.4242404705506036,3.159751782557533e-42,-0.04118230922241638,0.20786393016420945,3.61423662799389e-41,0.3128731531088146,0.3830581613281872
dim 3,3,0.4015859561434591,AAC_T,-0.4177273954491817,7.236582155084816e-41,0.015905349174286498,0.6267893298488306,7.483029225381823e-40,0.734295461836231,0.4018220462748952
dim 3,3,0.4015859561434591,AAC_V,0.06945941479217285,0.03351040453785819,0.0804041553198263,0.013819961149788574,0.04160771418455255,0.03247523837086284,-0.010944740527653443
dim 3,3,0.4015859561434591,AAC_W,-0.1118533363560687,0.0006034030166886889,0.002077464155213791,0.949362541467651,0.0009236324820074339,0.9716861223343639,0.10977587220085491
dim 3,3,0.4015859561434591,AAC_Y,0.010224176596187774,0.7546171707065226,-0.0782566834416468,0.016577338866416286,0.7795921281038619,0.037691158484568,-0.06803250684545903
dim 3,3,0.4015859561434591,Hydrophobicity_C1,0.3233271740091325,3.0505772633742423e-24,-0.15509550378996179,1.8413547760650495e-06,1.347741806834652e-23,1.0789692898346079e-05,0.16823167021917074
dim 3,3,0.4015859561434591,Hydrophobicity_C2,-0.3663873276290852,3.8278383536645043e-31,0.1485956383499989,4.926570606696543e-06,2.4352343049979896e-30,2.774830662119132e-05,0.21779168927908632
dim 3,3,0.4015859561434591,Hydrophobicity_C3,0.3297248355041442,3.361366057528473e-25,-0.0900227919799581,0.005823435812160302,1.5379400865952192e-24,0.015535363907839782,0.23970204352418611
dim 3,3,0.4015859561434591,Hydrophobicity_T12,0.09252895386876532,0.004587509662664247,0.01642094128622623,0.6156567087878221,0.006315862437468502,0.7232829431415145,0.07610801258253909
dim 3,3,0.4015859561434591,Hydrophobicity_T13,0.3641598971919641,9.264320963079372e-31,-0.09736547318982709,0.0028495870705292268,5.849306619411173e-30,0.008319598615006658,0.26679442400213704
dim 3,3,0.4015859561434591,Hydrophobicity_T23,-0.08372898714826388,0.010345425263407215,0.1407761716088969,1.5251392859584013e-05,0.013351514829899573,8.11361952832688e-05,-0.05704718446063303
dim 3,3,0.4015859561434591,Hydrophobicity_group1_D0,-0.00912156724737433,0.7803611563263431,-0.03876652067031001,0.23581093100535078,0.8049432557535472,0.34803734403794595,-0.029644953422935678
dim 3,3,0.4015859561434591,Hydrophobicity_group1_D25,-0.41297912195798503,6.7960819590498365e-40,-0.08376334273505312,0.010313997493344315,6.053043664860388e-39,0.02540468409127582,0.3292157792229319
dim 3,3,0.4015859561434591,Hydrophobicity_group1_D50,-0.2325456544361172,5.683626996604044e-13,-0.07479240207118157,0.022045624182647244,1.5186651334926006e-12,0.04860223417164475,0.15775325236493562
dim 3,3,0.4015859561434591,Hydrophobicity_group1_D75,-0.25941155789774367,7.109330960968742e-16,-0.08521642486174538,0.009060045783599516,2.314343607176959e-15,0.022735201290174593,0.1741951330359983
dim 3,3,0.4015859561434591,Hydrophobicity_group1_D100,0.1928898742949721,2.639934653552356e-09,0.0014242290847741811,0.9652725713564536,5.793286296231845e-09,0.9790496168632113,0.1914656452101979
dim 3,3,0.4015859561434591,Hydrophobicity_group2_D0,0.12936429795193854,7.147771275924113e-05,-0.04406805534940398,0.1777235595738146,0.00011634286579720535,0.2750679745025676,0.08529624260253457
dim 3,3,0.4015859561434591,Hydrophobicity_group2_D25,0.3530416560417199,6.887241416042911e-29,0.03568031068721197,0.2752376543658982,3.959274755522087e-28,0.39848017580498485,0.31736134535450794
dim 3,3,0.4015859561434591,Hydrophobicity_group2_D50,0.14615948820469446,7.049750789501232e-06,-0.026575604532004693,0.41647669580183033,1.2347230014123813e-05,0.5532592432228469,0.11958388367268977
dim 3,3,0.4015859561434591,Hydrophobicity_group2_D75,0.23857058946367596,1.3606635460993216e-13,0.09784658915088978,0.0027146547832699397,3.838358314165316e-13,0.007967440225062915,0.14072400031278617
dim 3,3,0.4015859561434591,Hydrophobicity_group2_D100,-0.08571792042918439,0.008659932846557956,0.057874691617799685,0.07661223546652009,0.011298506135743583,0.1374889090003798,0.0278432288113847
dim 3,3,0.4015859561434591,Hydrophobicity_group3_D0,-0.2643587764604461,1.9011683536029397e-16,-0.017410137146343464,0.5945451141800051,6.381811357822934e-16,0.7045680423638159,0.24694863931410263
dim 3,3,0.4015859561434591,Hydrophobicity_group3_D25,-0.242444123720171,5.3146053191599815e-14,0.08947630255849892,0.006129851261191173,1.538195993587031e-13,0.016248970803475017,0.15296782116167207
dim 3,3,0.4015859561434591,Hydrophobicity_group3_D50,-0.0834065019167956,0.010644600993358299,0.10162257034741333,0.001841775330271705,0.013726598911996625,0.005680082736018,-0.018216068430617724
dim 3,3,0.4015859561434591,Hydrophobicity_group3_D75,-0.03304300526771653,0.3123098208703978,0.005811884225100282,0.8589833666240874,0.3397768083736576,0.9136956829695707,0.027231121042616248
dim 3,3,0.4015859561434591,Hydrophobicity_group3_D100,-0.06095539354502222,0.06216511650854432,-0.0397879040893939,0.22368719265553785,0.0748221582481218,0.3327907454207111,0.021167489455628317
dim 3,3,0.4015859561434591,NormVanDerWaalsVolume_C1,-0.3568598828599417,1.5987553586889887e-29,0.1582250907848125,1.129786613930748e-06,9.467806556775217e-29,7.01391689689349e-06,0.19863479207512919
dim 3,3,0.4015859561434591,NormVanDerWaalsVolume_C2,0.3352392012395144,4.813032642335592e-26,-0.13839100000248705,2.1279202901976248e-05,2.303084387593249e-25,0.00010951084390231228,0.19684820123702734
dim 3,3,0.4015859561434591,NormVanDerWaalsVolume_C3,0.27656680614052787,6.5060402043502525e-18,-0.12042695090168339,0.0002200099476307967,2.4862899636761838e-17,0.0008713675201104122,0.1561398552388445
dim 3,3,0.4015859561434591,NormVanDerWaalsVolume_T12,-0.12710493867508732,9.564581413316126e-05,0.07469571861434258,0.02221842982881179,0.00015507622291493136,0.04888640028210236,0.052409220060744735
dim 3,3,0.4015859561434591,NormVanDerWaalsVolume_T13,0.05879707484229111,0.07202512480449665,0.06082297928793265,0.06273611807764015,0.08567091055805513,0.11506789367343113,-0.0020259044456415395
dim 3,3,0.4015859561434591,NormVanDerWaalsVolume_T23,0.2570411333735843,1.3243716335064388e-15,-0.20121707268243538,5.139132454576253e-10,4.236974383056998e-15,5.363969499463963e-09,0.055824060691148925
dim 3,3,0.4015859561434591,NormVanDerWaalsVolume_group1_D0,0.12131857102405481,0.00019732487749057006,-0.05717618147188182,0.08024196570011008,0.00031489015328165507,0.14293768823379607,0.064142389552173
dim 3,3,0.4015859561434591,NormVanDerWaalsVolume_group1_D25,0.2692533242937795,5.015949236038306e-17,-0.01651510009528656,0.6136330404850505,1.743316383805197e-16,0.7220673673581309,0.25273822419849296
dim 3,3,0.4015859561434591,NormVanDerWaalsVolume_group1_D50,0.09604680091247952,0.003251346810704161,-0.01685001215139168,0.6064589542574074,0.004605385219572476,0.7149922016306886,0.07919678876108785
dim 3,3,0.4015859561434591,NormVanDerWaalsVolume_group1_D75,0.20680549276966723,1.646168495753718e-10,0.06798403600742058,0.037465769646907995,3.8638108052125217e-10,0.07538293410883898,0.13882145676224666
dim 3,3,0.4015859561434591,NormVanDerWaalsVolume_group1_D100,-0.10596466970666599,0.0011603694827986794,0.0202427951997427,0.535997086982182,0.0017489323432073958,0.6574477673597091,0.08572187450692328
dim 3,3,0.4015859561434591,NormVanDerWaalsVolume_group2_D0,-0.05460898948351704,0.09479648452278916,-0.03740450664134909,0.2526896238171154,0.11125096918696971,0.3693581372206413,0.017204482842167954
dim 3,3,0.4015859561434591,NormVanDerWaalsVolume_group2_D25,-0.2734701366344122,1.556670514423249e-17,0.0014824994351880028,0.9638526987660729,5.719779447935811e-17,0.9790496168632113,0.2719876371992242
dim 3,3,0.4015859561434591,NormVanDerWaalsVolume_group2_D50,-0.035519506268808995,0.27740836134300934,0.06348676655502226,0.05204941940162067,0.30348638286460894,0.09810669345452201,-0.02796726028621327
dim 3,3,0.4015859561434591,NormVanDerWaalsVolume_group2_D75,-0.05660917954757566,0.0832898321501845,-0.06328030039227726,0.0528194498302833,0.09826493796595416,0.09950195286697475,-0.006671120844701603
dim 3,3,0.4015859561434591,NormVanDerWaalsVolume_group2_D100,0.12160020846747663,0.00019062813586088193,0.02186340283429437,0.5038557905283997,0.0003047860094664172,0.6293486687976272,0.09973680563318225
dim 3,3,0.4015859561434591,NormVanDerWaalsVolume_group3_D0,-0.13817882349793717,2.1913345493751757e-05,-0.0004194865953524743,0.989768579137734,3.689041025661838e-05,0.9930390670832177,0.13775933690258468
dim 3,3,0.4015859561434591,NormVanDerWaalsVolume_group3_D25,-0.08416275361360481,0.00995480286635618,0.06723182746093603,0.03963064723227203,0.012867276150785464,0.07874263043176001,0.01693092615266878
dim 3,3,0.4015859561434591,NormVanDerWaalsVolume_group3_D50,-0.09280095959680788,0.004468759557090561,-0.008485915323686971,0.7953145446336053,0.006190649904886965,0.8627315943735764,0.0843150442731209
dim 3,3,0.4015859561434591,NormVanDerWaalsVolume_group3_D75,-0.0978586945566202,0.002711336188359798,-0.024219642516057887,0.45900073671228014,0.0038783138625788976,0.5903205470231097,0.07363905204056231
dim 3,3,0.4015859561434591,NormVanDerWaalsVolume_group3_D100,0.08043904390008938,0.01377872051573236,-0.01975232786358786,0.5459237091278807,0.01753178153239851,0.6639335166541971,0.06068671603650152
dim 3,3,0.4015859561434591,Polarity_C1,0.31798444631369815,1.8487102725395106e-23,-0.11976680369181295,0.00023835663154380394,7.967344916492859e-23,0.000934402757460452,0.1982176426218852
dim 3,3,0.4015859561434591,Polarity_C2,-0.38598460865586454,1.1833088781831567e-34,0.1428632268965921,1.1345147430742797e-05,9.023405600757405e-34,6.131519808848049e-05,0.24312138175927245
dim 3,3,0.4015859561434591,Polarity_C3,0.3762266110021704,7.092559745029363e-33,-0.12938037443247805,7.132850446258472e-05,4.9045858278256885e-32,0.0003256480940257152,0.24684623656969237
dim 3,3,0.4015859561434591,Polarity_T12,-0.2098308849873833,8.768294021503112e-11,0.13362121415382872,4.075462053611066e-05,2.084420073439174e-10,0.00019557533418191033,0.0762096708335546
dim 3,3,0.4015859561434591,Polarity_T13,0.4038942707386885,4.469695556990971e-38,-0.08541397324904618,0.008900507553105312,3.6411666244755716e-37,0.022435996398016408,0.31848029748964235
dim 3,3,0.4015859561434591,Polarity_T23,-0.030892375809426276,0.3448667720872972,0.02515466968813184,0.4418400279334955,0.37385751988691096,0.5769138754096462,0.005737706121294435
dim 3,3,0.4015859561434591,Polarity_group1_D0,-0.18990819403642387,4.661881907315307e-09,-0.0072092302215041055,0.8255704610141845,9.994021547132943e-09,0.8846343727261393,0.18269896381491976
dim 3,3,0.4015859561434591,Polarity_group1_D25,-0.1839005832220617,1.4263677775244978e-08,0.08613292808340155,0.008340827599683562,2.994386157719562e-08,0.021201190397978003,0.09776765513866016
dim 3,3,0.4015859561434591,Polarity_group1_D50,-0.08633054732683756,0.008192599651730385,0.06580512319739668,0.04402853681431245,0.01075236107589361,0.08564665868363634,0.02052542412944089
dim 3,3,0.4015859561434591,Polarity_group1_D75,-0.11038437401400558,0.0007124207983242577,-0.017643672300780688,0.5896095692207711,0.001087019399910014,0.6998208817332536,0.09274070171322489
dim 3,3,0.4015859561434591,Polarity_group1_D100,0.023639071372705628,0.4698409696807716,0.019654467530709006,0.5479151505288379,0.5008837659539666,0.6654678555513885,0.0039846038419966215
dim 3,3,0.4015859561434591,Polarity_group2_D0,0.13446165745146232,3.6402227551025746e-05,-0.04432840624250559,0.17517303165044698,6.0459194440788664e-05,0.2723826469797453,0.09013325120895674
dim 3,3,0.4015859561434591,Polarity_group2_D25,0.3452480217110272,1.2762744967853623e-27,0.021565504085447388,0.5096868353232451,6.691925932909122e-27,0.6342600707822796,0.3236825176255798
dim 3,3,0.4015859561434591,Polarity_group2_D50,0.2280180267711873,1.6215752419277257e-12,0.0452744941735942,0.1661341139244563,4.1694082432937676e-12,0.26146040459882447,0.1827435325975931
dim 3,3,0.4015859561434591,Polarity_group2_D75,0.2715100287615201,2.6885343149448107e-17,0.12227902075347707,0.0001753534829956524,9.532595129422152e-17,0.0007107774674823775,0.149231008008043
dim 3,3,0.4015859561434591,Polarity_group2_D100,-0.05185304146634769,0.11269539453346154,0.04390265562969547,0.17935817584028466,0.13151733673716337,0.27682823812687185,0.007950385836652224
dim 3,3,0.4015859561434591,Polarity_group3_D0,-0.052766499856180996,0.10648944514921525,-0.049137329159131986,0.13283486182836626,0.12440529793577437,0.21877141938202335,0.00362917069704901
dim 3,3,0.4015859561434591,Polarity_group3_D25,-0.4527700226613002,1.5143168776003173e-48,-0.07507077747685456,0.021554577398258078,1.9453147581480998e-47,0.04777192336442069,0.37769924518444564
dim 3,3,0.4015859561434591,Polarity_group3_D50,-0.27573337829774885,8.236915401373541e-18,-0.06392850639765438,0.050433372970207,3.108035340247828e-17,0.0955459249690819,0.21180487190009448
dim 3,3,0.4015859561434591,Polarity_group3_D75,-0.2460229374958404,2.197221687897941e-14,-0.07200425644422563,0.02752418487395947,6.552428962124217e-14,0.058666737382912976,0.17401868105161478
dim 3,3,0.4015859561434591,Polarity_group3_D100,0.1681223825448281,2.2630522628354562e-07,-0.0011517147479224866,0.9719143097240961,4.430594699806814e-07,0.9833970901176858,0.1669706677969056
dim 3,3,0.4015859561434591,Polarizability_C1,-0.2944913590982167,3.340353732258877e-20,0.17401522229680305,8.298101567071662e-08,1.358925878897034e-19,6.214273370856356e-07,0.12047613680141367
dim 3,3,0.4015859561434591,Polarizability_C2,0.20619113921782806,1.8686047959565153e-10,-0.15032614326851468,3.8061536311716513e-06,4.3766760297999727e-10,2.165681963903461e-05,0.05586499594931338
dim 3,3,0.4015859561434591,Polarizability_C3,0.27656680614052787,6.5060402043502525e-18,-0.12042695090168339,0.0002200099476307967,2.4862899636761838e-17,0.0008713675201104122,0.1561398552388445
dim 3,3,0.4015859561434591,Polarizability_T12,-0.32952815097737603,3.6000239565851534e-25,0.10309532842355339,0.0015776588719534988,1.6403929079119253e-24,0.0049664284941797225,0.22643282255382263
dim 3,3,0.4015859561434591,Polarizability_T13,0.10150926224961465,0.001863688612881242,0.09658726504276707,0.0030808314584035382,0.002734938474087587,0.00888599056223473,0.004921997206847578
dim 3,3,0.4015859561434591,Polarizability_T23,0.2291429781538052,1.2522952714697346e-12,-0.21774217196711473,1.6137133450275803e-11,3.254993156971917e-12,2.2457510718300494e-10,0.011400806186690454
dim 3,3,0.4015859561434591,Polarizability_group1_D0,0.09853986205363761,0.0025304561403423132,-0.05700696331144269,0.0811419612506131,0.003636714074330175,0.14401350736845953,0.04153289874219492
dim 3,3,0.4015859561434591,Polarizability_group1_D25,0.2506900495946426,6.797633973720437e-15,-0.0530215054617322,0.10480614304832861,2.094473936552238e-14,0.18025361368765064,0.19766854413291038
dim 3,3,0.4015859561434591,Polarizability_group1_D50,0.22856769123804507,1.4294667721710105e-12,0.002200188707412362,0.9463755488858475,3.692512775754969e-12,0.9707906428988731,0.2263675025306327
dim 3,3,0.4015859561434591,Polarizability_group1_D75,0.2477346715362189,1.4329237253074605e-14,0.09119439601817851,0.005212513566959148,4.350877493206289e-14,0.01413132736497042,0.1565402755180404
dim 3,3,0.4015859561434591,Polarizability_group1_D100,-0.027502226102876507,0.4004090190782383,0.02762705925046675,0.39827319782871273,0.43238477973531064,0.5359518455873894,-0.0001248331475902434
dim 3,3,0.4015859561434591,Polarizability_group2_D0,0.019979165905028604,0.5413214159589498,-0.0586095808687644,0.07293890613508987,0.5732446193097313,0.13211276924685475,-0.0386304149637358
dim 3,3,0.4015859561434591,Polarizability_group2_D25,-0.2046101322312523,2.584536787491536e-10,0.020085951716919702,0.5391615667030998,5.998855364990778e-10,0.6594469716363293,0.1845241805143326
dim 3,3,0.4015859561434591,Polarizability_group2_D50,-0.2442219731531613,3.433046612363252e-14,0.013665890182317213,0.6761078025594328,1.0102533643430186e-13,0.7760137665115139,0.2305560829708441
dim 3,3,0.4015859561434591,Polarizability_group2_D75,-0.15070365867649313,3.596446504347415e-06,-0.08246117041021764,0.011566336778209948,6.546120612817638e-06,0.028034517299870262,0.06824248826627549
dim 3,3,0.4015859561434591,Polarizability_group2_D100,-0.04398624531269806,0.17853068430716915,0.018229692441726397,0.577308386706392,0.20056928543085936,0.6893850595635856,0.025756552870971665
dim 3,3,0.4015859561434591,Polarizability_group3_D0,-0.13817882349793717,2.1913345493751757e-05,-0.0004194865953524743,0.989768579137734,3.689041025661838e-05,0.9930390670832177,0.13775933690258468
dim 3,3,0.4015859561434591,Polarizability_group3_D25,-0.08416275361360481,0.00995480286635618,0.06723182746093603,0.03963064723227203,0.012867276150785464,0.07874263043176001,0.01693092615266878
dim 3,3,0.4015859561434591,Polarizability_group3_D50,-0.09280095959680788,0.004468759557090561,-0.008485915323686971,0.7953145446336053,0.006190649904886965,0.8627315943735764,0.0843150442731209
dim 3,3,0.4015859561434591,Polarizability_group3_D75,-0.0978586945566202,0.002711336188359798,-0.024219642516057887,0.45900073671228014,0.0038783138625788976,0.5903205470231097,0.07363905204056231
dim 3,3,0.4015859561434591,Polarizability_group3_D100,0.08043904390008938,0.01377872051573236,-0.01975232786358786,0.5459237091278807,0.01753178153239851,0.6639335166541971,0.06068671603650152
dim 3,3,0.4015859561434591,Charge_C1,0.22498705598763888,3.2312981558693286e-12,-0.10987860560483705,0.0007540021511686318,8.194788033867546e-12,0.0025361200250787817,0.11510845038280183
dim 3,3,0.4015859561434591,Charge_C2,-0.34511161705230414,1.3422028842264474e-27,0.10323651915099476,0.0015542605164086361,7.004621302056772e-27,0.004902011449296359,0.2418750979013094
dim 3,3,0.4015859561434591,Charge_C3,0.3508856560635439,1.5572797905985947e-28,-0.061106174611791575,0.06152014731888866,8.697850335450345e-28,0.11333551684781475,0.2897794814517523
dim 3,3,0.4015859561434591,Charge_T12,0.16063831485449537,7.701592315288421e-07,-0.09887129430036834,0.00244649319045756,1.4758071332795944e-06,0.007284405013824957,0.06176702055412703
dim 3,3,0.4015859561434591,Charge_T13,0.26914339773367507,5.169882965896553e-17,-0.12528671527960603,0.0001204914171073472,1.7930850577460525e-16,0.000517546569198769,0.14385668245406905
dim 3,3,0.4015859561434591,Charge_T23,0.3557861109441055,2.4156215076918224e-29,-0.007102563815400868,0.8281107465329163,1.4129905141314688e-28,0.886787397697961,0.34868354712870464
dim 3,3,0.4015859561434591,Charge_group1_D0,0.011941728324366668,0.7150615321562446,0.0799711686054087,0.01434090876908438,0.7391846231513021,0.03339932408628843,-0.06802944028104203
dim 3,3,0.4015859561434591,Charge_group1_D25,-0.12351251980776848,0.00015049620356623168,0.01146782501300392,0.7259047438646831,0.00024247820545644658,0.8080976026989273,0.11204469479476456
dim 3,3,0.4015859561434591,Charge_group1_D50,-0.01832637144593005,0.5752906470772051,0.024608921967323734,0.4518113165386593,0.6063334683615856,0.5850295471582753,-0.006282550521393683
dim 3,3,0.4015859561434591,Charge_group1_D75,-0.11729709759825097,0.0003204859455102713,-0.03624395799723593,0.26772050331722497,0.0005023102102319596,0.38860777100370764,0.08105313960101504
dim 3,3,0.4015859561434591,Charge_group1_D100,0.04136585856911373,0.20584299608449788,-0.02977696730572984,0.36257378918684735,0.22970785396666318,0.49958599665184417,0.011588891263383888
dim 3,3,0.4015859561434591,Charge_group2_D0,-0.009412484753818482,0.7735440692232536,-0.03331339575388392,0.3083645259483743,0.7986513728611027,0.4391029657484944,-0.02390091100006544
dim 3,3,0.4015859561434591,Charge_group2_D25,0.2185209428287332,1.3611710190879851e-11,0.1052687338987824,0.0012509878077707507,3.3902395255435273e-11,0.0040338787906517804,0.11325220892995079
dim 3,3,0.4015859561434591,Charge_group2_D50,0.05049983905099847,0.12240788042594519,0.07860948982978841,0.016093620562670077,0.1420577903483867,0.036716320136146216,-0.028109650778789942
dim 3,3,0.4015859561434591,Charge_group2_D75,0.10011708686337867,0.002153159166423853,0.11648152341173251,0.00035296623903481144,0.0031267615721111606,0.0013055451144809195,-0.016364436548353845
dim 3,3,0.4015859561434591,Charge_group2_D100,-0.14581856100260612,7.408932532171935e-06,0.03828178282627196,0.24172432105596522,1.2942382143020011e-05,0.3550392402493069,0.10753677817633417
dim 3,3,0.4015859561434591,Charge_group3_D0,-0.03456553815999223,0.2905251199920818,-0.08447002477968767,0.009686087047143578,0.3169019924146157,0.024089002782918503,-0.04990448661969544
dim 3,3,0.4015859561434591,Charge_group3_D25,-0.2639271322358485,2.13540558163857e-16,-0.12108677042861302,0.00020300152075776727,7.153715790042953e-16,0.0008129797114279889,0.1428403618072355
dim 3,3,0.4015859561434591,Charge_group3_D50,-0.06266619166687062,0.05516618941286086,-0.07396838710986625,0.023556528594810874,0.06709586286572479,0.05152508546605653,-0.011302195442995627
dim 3,3,0.4015859561434591,Charge_group3_D75,-0.051132507202820386,0.1177886227070289,-0.11746014656806567,0.0003143370426490363,0.13717364011209085,0.0011889985531684953,-0.06632763936524527
dim 3,3,0.4015859561434591,Charge_group3_D100,0.14123015995053978,1.4305771115394893e-05,-0.010976485422205572,0.737205089198287,2.454097356210526e-05,0.8172137397684296,0.1302536745283342
dim 3,3,0.4015859561434591,SecondaryStructure_C1,0.42240261863144013,7.698570397779921e-42,0.013984205331160383,0.6690061581346128,8.514312956485078e-41,0.7707366839714191,0.4084184133002797
dim 3,3,0.4015859561434591,SecondaryStructure_C2,-0.21655645997863857,2.0884631980404665e-11,-0.07271831646414735,0.026019746254061782,5.159369143088135e-11,0.056068356444236356,0.1438381435144912
dim 3,3,0.4015859561434591,SecondaryStructure_C3,-0.41790559934340454,6.648474455971573e-41,0.04115095507920833,0.20821058053429803,6.896243690355607e-40,0.31325375629934926,0.3767546442641962
dim 3,3,0.4015859561434591,SecondaryStructure_T12,0.2672358765072399,8.715999570529454e-17,-0.10388529314795651,0.0014507907822214564,2.9857885708275256e-16,0.004606122825684092,0.16335058335928337
dim 3,3,0.4015859561434591,SecondaryStructure_T13,0.2705801341753793,3.478772969859768e-17,0.024186658874163304,0.4596128234354254,1.2192131919550498e-16,0.5906528781355602,0.246393475301216
dim 3,3,0.4015859561434591,SecondaryStructure_T23,-0.3624946474684763,1.7857440211354028e-30,0.054908217450513136,0.09299831813634575,1.1148383234751859e-29,0.16262533119130618,0.30758643001796315
dim 3,3,0.4015859561434591,SecondaryStructure_group1_D0,-0.09259544395768682,0.004558221372083782,-0.06015932002608311,0.06566356835466283,0.006283309691605378,0.11979437295991464,0.03243612393160371
dim 3,3,0.4015859561434591,SecondaryStructure_group1_D25,0.04459585112641929,0.1725815042875058,0.017151887134522557,0.6000248246032952,0.19421233973054897,0.7089079993544415,0.027443963991896733
dim 3,3,0.4015859561434591,SecondaryStructure_group1_D50,0.1483800438260577,5.086483388664304e-06,0.0390327685534994,0.23260675817272933,9.055892600287194e-06,0.3445261961405392,0.1093472752725583
dim 3,3,0.4015859561434591,SecondaryStructure_group1_D75,0.19160702812540778,3.3754571589253133e-09,0.06894379679143911,0.03485016525524347,7.325553548284955e-09,0.07097533655641047,0.12266323133396867
dim 3,3,0.4015859561434591,SecondaryStructure_group1_D100,0.15050079848745232,3.707719110186899e-06,0.001613476185870081,0.960661615119698,6.737639732330926e-06,0.9782346934450584,0.14888732230158225
dim 3,3,0.4015859561434591,SecondaryStructure_group2_D0,-0.08081714231460886,0.01333869523198428,-0.009843661696143459,0.763472417316136,0.016997803157126096,0.8382636008665004,0.0709734806184654
dim 3,3,0.4015859561434591,SecondaryStructure_group2_D25,0.06828769216761639,0.03662075377624614,0.02061114915732105,0.5286020627247929,0.04530122874543041,0.6510069651551653,0.047676543010295336
dim 3,3,0.4015859561434591,SecondaryStructure_group2_D50,-0.0014658828234644082,0.9642575839804217,0.04548196795738017,0.16419958059736356,0.9718226706380835,0.25870052314671055,-0.044016085133915764
dim 3,3,0.4015859561434591,SecondaryStructure_group2_D75,-0.17326149171187796,9.452473777612726e-08,-0.03255452809016314,0.3195210563017271,1.9099372303222327e-07,0.4523952217243614,0.1407069636217148
dim 3,3,0.4015859561434591,SecondaryStructure_group2_D100,-0.10058563894678806,0.0020514334122789884,-0.04887488078448353,0.13491997658627394,0.002986829815611081,0.2210067296705027,0.051710758162304526
dim 3,3,0.4015859561434591,SecondaryStructure_group3_D0,0.02732167130510585,0.40351033453745505,-0.1252825820798383,0.0001205542607295336,0.4355929273933742,0.000517546569198769,-0.09796091077473246
dim 3,3,0.4015859561434591,SecondaryStructure_group3_D25,-0.0014417308279125818,0.9648460949367158,-0.048028503533751835,0.1418165897182323,0.9721224606602205,0.23083207098386738,-0.046586772705839254
dim 3,3,0.4015859561434591,SecondaryStructure_group3_D50,-0.1724937200302272,1.0787315343894457e-07,-0.08031546980034111,0.013925283627651656,2.162643052137304e-07,0.03263891039744318,0.09217825022988609
dim 3,3,0.4015859561434591,SecondaryStructure_group3_D75,-0.09243515713943586,0.004629115648845239,-0.06961618068823222,0.03311189288183439,0.006365272238428613,0.06809958265106333,0.022818976451203635
dim 3,3,0.4015859561434591,SecondaryStructure_group3_D100,-0.08539579008598892,0.008915086703186593,0.0350401546756744,0.28394809530648557,0.011608728884461295,0.40949336715184015,0.05035563541031452
dim 3,3,0.4015859561434591,SolventAccessibility_C1,0.2077172659530784,1.3629136528678862e-10,0.2128146872884642,4.6669735182285314e-11,3.212513479589795e-10,5.860034417625299e-10,-0.005097421335385793
dim 3,3,0.4015859561434591,SolventAccessibility_C2,0.3233271740091325,3.0505772633742423e-24,-0.15509550378996179,1.8413547760650495e-06,1.347741806834652e-23,1.0789692898346079e-05,0.16823167021917074
dim 3,3,0.4015859561434591,SolventAccessibility_C3,-0.4981067131565375,6.603303793532638e-60,-0.05724098568919828,0.07989945250502266,1.1669330513438629e-58,0.14253933085563697,0.4408657274673392
dim 3,3,0.4015859561434591,SolventAccessibility_T12,0.45799024950705464,9.066433548647285e-50,0.00913539550217315,0.7800367315175857,1.2617453355200806e-48,0.8511344930639452,0.4488548540048815
dim 3,3,0.4015859561434591,SolventAccessibility_T13,-0.3200292977684521,9.3163342553879e-24,0.04610999878247908,0.15844694351668454,4.0516349496088e-23,0.25116886157841783,0.27391929898597306
dim 3,3,0.4015859561434591,SolventAccessibility_T23,-0.09203445493465211,0.004810725924335681,-0.13512314230765352,3.3290418672018225e-05,0.006585174011180809,0.00016324236772980325,-0.04308868737300141
dim 3,3,0.4015859561434591,SolventAccessibility_group1_D0,-0.009280966556461885,0.7766238180471728,-0.056005267016350536,0.08663838097895538,0.8015832979844121,0.1524616398681301,-0.04672430045988865
dim 3,3,0.4015859561434591,SolventAccessibility_group1_D25,0.19726619669592427,1.1270688048655754e-09,0.03578168713234666,0.2738751328570279,2.54352014071015e-09,0.396679507260396,0.1614845095635776
dim 3,3,0.4015859561434591,SolventAccessibility_group1_D50,0.2282359253053735,1.5425697254058708e-12,0.03315884425071577,0.31061555493707316,3.9723846436820425e-12,0.44184665821542773,0.19507708105465774
dim 3,3,0.4015859561434591,SolventAccessibility_group1_D75,0.20080574374081622,5.581160619523865e-10,0.01689812615033615,0.6054313964382134,1.2811736404955125e-09,0.7142850102803365,0.18390761759048008
dim 3,3,0.4015859561434591,SolventAccessibility_group1_D100,-0.014152511327724064,0.6652630965902754,0.01039591974066336,0.7506308526778802,0.6912990393190852,0.8274280686284224,0.003756591587060704
dim 3,3,0.4015859561434591,SolventAccessibility_group2_D0,-0.00912156724737433,0.7803611563263431,-0.03876652067031001,0.23581093100535078,0.8049432557535472,0.34803734403794595,-0.029644953422935678
dim 3,3,0.4015859561434591,SolventAccessibility_group2_D25,-0.41297912195798503,6.7960819590498365e-40,-0.08376334273505312,0.010313997493344315,6.053043664860388e-39,0.02540468409127582,0.3292157792229319
dim 3,3,0.4015859561434591,SolventAccessibility_group2_D50,-0.2325456544361172,5.683626996604044e-13,-0.07479240207118157,0.022045624182647244,1.5186651334926006e-12,0.04860223417164475,0.15775325236493562
dim 3,3,0.4015859561434591,SolventAccessibility_group2_D75,-0.25941155789774367,7.109330960968742e-16,-0.08521642486174538,0.009060045783599516,2.314343607176959e-15,0.022735201290174593,0.1741951330359983
dim 3,3,0.4015859561434591,SolventAccessibility_group2_D100,0.1928898742949721,2.639934653552356e-09,0.0014242290847741811,0.9652725713564536,5.793286296231845e-09,0.9790496168632113,0.1914656452101979
dim 3,3,0.4015859561434591,SolventAccessibility_group3_D0,-0.1792315587365884,3.3169811748479765e-08,-0.026093527208397114,0.42498400948253334,6.88546744809959e-08,0.5610460836646882,0.15313803152819128
dim 3,3,0.4015859561434591,SolventAccessibility_group3_D25,0.05446890968595599,0.09564777845288291,0.06418411448711346,0.04951758817667671,0.11214984195669214,0.09411466278590777,-0.009715204801157472
dim 3,3,0.4015859561434591,SolventAccessibility_group3_D50,-0.07624513016893467,0.019586238380146323,0.004194776820682933,0.8979644331980539,0.024648845587674724,0.9410734881962661,0.07205035334825173
dim 3,3,0.4015859561434591,SolventAccessibility_group3_D75,0.10777084859352543,0.0009526866068117769,0.09389462304169573,0.0040188561174967965,0.0014430717763044604,0.011251449649991032,0.013876225551829699
dim 3,3,0.4015859561434591,SolventAccessibility_group3_D100,-0.17150484122560222,1.277694922794168e-07,-0.007789355969572575,0.8117871939452932,2.544723340567991e-07,0.8763313599797282,0.16371548525602964
dim 21,21,0.3839227294995513,AAC_A,0.15356665812023823,2.329523211521197e-06,0.017791017441964086,0.5865053040068088,4.344281142647012e-06,0.6971273008479506,0.13577564067827413
dim 21,21,0.3839227294995513,AAC_C,0.14830072295146887,5.146557374686101e-06,0.13448360356309114,3.629470614567408e-05,9.153089260623842e-06,0.00017671183458680968,0.013817119388377735
dim 21,21,0.3839227294995513,AAC_D,-0.3084778902488234,4.1736657235237994e-22,-0.19673654471961546,1.250666345355964e-09,1.75126174831275e-21,1.2107900270982378e-08,0.11174134552920792
dim 21,21,0.3839227294995513,AAC_E,-0.6067510476061644,2.6343492348342982e-95,-0.3888254957307505,3.500532688303007e-35,3.258787571980206e-93,7.926847599672846e-33,0.2179255518754139
dim 21,21,0.3839227294995513,AAC_F,-0.25913892010816386,7.639141775910249e-16,-0.21528248674342196,2.750704409301203e-11,2.4843946963525056e-15,3.6366818878244194e-10,0.043856433364741904
dim 21,21,0.3839227294995513,AAC_G,0.2715909918110905,2.6287623150063446e-17,0.1726573755797638,1.0488331366919274e-07,9.330569747206367e-17,7.716085190641051e-07,0.09893361623132668
dim 21,21,0.3839227294995513,AAC_H,-0.4680086031294016,3.5526522268106655e-52,-0.21314500537545633,4.3497657964806163e-11,5.344981278174605e-51,5.503112787971688e-10,0.2548635977539453
dim 21,21,0.3839227294995513,AAC_I,-0.3506171554631911,1.7230597396333163e-28,-0.21435996700514354,3.3542620296974676e-11,9.543979320688684e-28,4.3089366073805926e-10,0.13625718845804757
dim 21,21,0.3839227294995513,AAC_K,-0.43917562070970095,1.8476869258566017e-45,-0.1925100638381273,2.839693752556339e-09,2.26885085748568e-44,2.620048931916622e-08,0.24666555687157365
dim 21,21,0.3839227294995513,AAC_L,-0.3761128735876342,7.433088917567471e-33,-0.16172556005535452,6.468377961887406e-07,5.129445657990776e-32,4.178797368027841e-06,0.21438731353227966
dim 21,21,0.3839227294995513,AAC_M,-0.3199409383466434,9.597391287724727e-24,-0.16855819792811674,2.1036943814572098e-07,4.163024272857219e-23,1.46687666681985e-06,0.15138274041852665
dim 21,21,0.3839227294995513,AAC_N,0.06915288387740748,0.034301475683124784,0.12247651814638874,0.00017112998510415475,0.04254249119258699,0.0006970416466437523,-0.05332363426898126
dim 21,21,0.3839227294995513,AAC_P,0.4755811169749846,4.7586216495538467e-54,0.12328763928532259,0.00015476573204993083,7.791076622308749e-53,0.0006429322699586679,0.352293477689662
dim 21,21,0.3839227294995513,AAC_Q,0.007824418285604297,0.8109559622635593,0.16865708461686846,2.069073104594495e-07,0.8359854672716939,1.4487849411626023e-06,-0.16083266633126417
dim 21,21,0.3839227294995513,AAC_R,0.10639904115713063,0.0011069210824212901,-0.002804138460872155,0.9316877744294662,0.0016729033553335333,0.9631189002149233,0.10359490269625847
dim 21,21,0.3839227294995513,AAC_S,0.5038750420404787,1.7703753355389346e-61,0.1666361767484131,2.898842365551398e-07,3.457926093976633e-60,1.954403482415215e-06,0.3372388652920656
dim 21,21,0.3839227294995513,AAC_T,0.6532551325369779,4.258953986700198e-115,0.4410137154215311,7.20193551533095e-46,2.37081771926311e-112,4.009077436867562e-43,0.21224141711544675
dim 21,21,0.3839227294995513,AAC_V,0.050775143173262656,0.12038074233488479,0.13256296289594371,4.6938063679277905e-05,0.1399971028546362,0.00022174417636320823,-0.08178781972268107
dim 21,21,0.3839227294995513,AAC_W,0.19104933730496462,3.754115667061235e-09,0.13228504175961034,4.8703545530821476e-05,8.11044393789426e-09,0.0002291774396828898,0.058764295545354284
dim 21,21,0.3839227294995513,AAC_Y,-0.09273478139636492,0.004497392283788682,-0.058080483197251426,0.07556872353707539,0.006217421451926406,0.13599112964107316,0.03465429819911349
dim 21,21,0.3839227294995513,Hydrophobicity_C1,-0.5413872542668704,1.805552293383907e-72,-0.24222976364302348,5.600829881669951e-14,5.243951878175869e-71,9.743110314988353e-13,0.2991574906238469
dim 21,21,0.3839227294995513,Hydrophobicity_C2,0.5929653303784352,4.74979905333187e-90,0.27837544902761485,3.888474759159169e-18,3.375389114495414e-88,8.956900479718362e-17,0.3145898813508204
dim 21,21,0.3839227294995513,Hydrophobicity_C3,-0.5100069729338909,3.4992259225356796e-63,-0.23030668578775368,9.571626722377324e-13,7.491932423890494e-62,1.5223444406066793e-11,0.27970028714613715
dim 21,21,0.3839227294995513,Hydrophobicity_T12,-0.17401261891138453,8.30184366677015e-08,-0.15968514091577016,8.966167394657205e-07,1.6815135140698788e-07,5.650377188331144e-06,0.014327477995614374
dim 21,21,0.3839227294995513,Hydrophobicity_T13,-0.5113218265264778,1.4928830731126182e-63,-0.1568820672413893,1.3948953984113923e-06,3.302138718010692e-62,8.380693535046976e-06,0.35443975928508853
dim 21,21,0.3839227294995513,Hydrophobicity_T23,0.15351224716799874,2.34900333039294e-06,-0.044246822826024365,0.17596931295049287,4.378164689460056e-06,0.27322414320777577,0.10926542434197438
dim 21,21,0.3839227294995513,Hydrophobicity_group1_D0,-0.0019752131341757018,0.9518517732795534,0.0244603359216638,0.4545479535500258,0.9613501429554606,0.5859475742404809,-0.0224851227874881
dim 21,21,0.3839227294995513,Hydrophobicity_group1_D25,0.4094196600998942,3.558403888400189e-39,0.04299874946120327,0.18848886875483326,2.9564848227006546e-38,0.28838883263451354,0.366420910638691
dim 21,21,0.3839227294995513,Hydrophobicity_group1_D50,0.22713691668814734,1.9834771435652113e-12,0.0531483658984962,0.10397662447789173,5.072598514171367e-12,0.17919604012185675,0.17398855078965114
dim 21,21,0.3839227294995513,Hydrophobicity_group1_D75,0.21150886206719197,6.157372245861754e-11,-0.01835547226897007,0.5746839504323333,1.474238229475144e-10,0.6879729012344062,0.1931533897982219
dim 21,21,0.3839227294995513,Hydrophobicity_group1_D100,-0.24070000967375807,8.131879121972982e-14,-0.07123086079023835,0.02923756517803177,2.3353805904892314e-13,0.06149462701172929,0.16946914888351972
dim 21,21,0.3839227294995513,Hydrophobicity_group2_D0,-0.23763046989669354,1.7051540605378582e-13,-0.13644638958463995,2.7806461423589626e-05,4.785894590081048e-13,0.00013986985113673093,0.10118408031205359
dim 21,21,0.3839227294995513,Hydrophobicity_group2_D25,-0.4124187933122256,8.831185143113753e-40,-0.121454859913146,0.00019405712447966974,7.782627540369375e-39,0.0007809045732073458,0.29096393339907956
dim 21,21,0.3839227294995513,Hydrophobicity_group2_D50,-0.16641266563686752,3.008251442225385e-07,0.008987000229612086,0.7835202200334787,5.81792693516664e-07,0.8535412703561052,0.15742566540725544
dim 21,21,0.3839227294995513,Hydrophobicity_group2_D75,-0.21574992630347137,2.4868021186747926e-11,-0.047047732875252296,0.15014286186710377,6.076019807149823e-11,0.24056492391331183,0.16870219342821907
dim 21,21,0.3839227294995513,Hydrophobicity_group2_D100,0.14979247381531446,4.122662261321679e-06,0.041402386906204014,0.20544251410856662,7.42701831327638e-06,0.3103473528370025,0.10839008690911045
dim 21,21,0.3839227294995513,Hydrophobicity_group3_D0,0.2607802494960089,4.949555794259168e-16,-0.01538677748562294,0.638072549186823,1.6335490467218992e-15,0.7446409204346571,0.24539347201038597
dim 21,21,0.3839227294995513,Hydrophobicity_group3_D25,0.33474530099807487,5.737524111442501e-26,0.0492080092185259,0.13227759841469974,2.7298191641336115e-25,0.2182841792021231,0.28553729177954895
dim 21,21,0.3839227294995513,Hydrophobicity_group3_D50,0.1389250952452106,1.9759234730867178e-05,-0.02531826496065847,0.43887568464001414,3.345419610573291e-05,0.5741656038768692,0.11360683028455212
dim 21,21,0.3839227294995513,Hydrophobicity_group3_D75,-0.016722051766337634,0.609195550429907,-0.1014925986560858,0.0018669313722444543,0.6370423100926392,0.005741759468965449,-0.08477054688974817
dim 21,21,0.3839227294995513,Hydrophobicity_group3_D100,0.07716540852026058,0.018155153127565497,0.07029642497112751,0.03142923564572236,0.02291693554273196,0.06511809781061535,0.0068689835491330675
dim 21,21,0.3839227294995513,NormVanDerWaalsVolume_C1,0.5867750897412161,9.019688124688775e-88,0.2735621161193867,1.5170950131368455e-17,4.366051932820363e-86,3.3336166736033317e-16,0.31321297362182937
dim 21,21,0.3839227294995513,NormVanDerWaalsVolume_C2,-0.510923478247036,1.9331944342126902e-63,-0.1711445755635325,1.3586407248958827e-07,4.247940401493674e-62,9.80099356620356e-07,0.3397789026835035
dim 21,21,0.3839227294995513,NormVanDerWaalsVolume_C3,-0.5029533901866607,3.171107557135264e-61,-0.2857146665791944,4.629707773661383e-19,5.893395362695176e-60,1.344628170785132e-17,0.21723872360746632
dim 21,21,0.3839227294995513,NormVanDerWaalsVolume_T12,0.20080011216445537,5.587462389645754e-10,0.03655114596004318,0.26368351276350854,1.2817393119104958e-09,0.3835814166507485,0.1642489662044122
dim 21,21,0.3839227294995513,NormVanDerWaalsVolume_T13,-0.08914846209046735,0.006320554228817105,-0.1212136366233337,0.00019987595092789675,0.00848607214782138,0.0008014233806712787,-0.03206517453286635
dim 21,21,0.3839227294995513,NormVanDerWaalsVolume_T23,-0.4865691681178843,7.492819166453468e-57,-0.2062152625096068,1.859342306213319e-10,1.2389116839581477e-55,2.1414494147422363e-09,0.2803539056082775
dim 21,21,0.3839227294995513,NormVanDerWaalsVolume_group1_D0,-0.23142356200195613,7.385230602018301e-13,-0.12526056393754445,0.00012088955793368906,1.954569747285351e-12,0.000518319799099514,0.10616299806441168
dim 21,21,0.3839227294995513,NormVanDerWaalsVolume_group1_D25,-0.310815412196262,1.959866708538802e-22,-0.03190553216087682,0.32926888777736063,8.317604582617024e-22,0.4628611469597578,0.2789098800353852
dim 21,21,0.3839227294995513,NormVanDerWaalsVolume_group1_D50,-0.06323375700419383,0.05299434343359088,0.09056336613255273,0.00553397092716204,0.06469338708632805,0.014870042555688828,-0.027329609128358898
dim 21,21,0.3839227294995513,NormVanDerWaalsVolume_group1_D75,-0.15180303371988252,3.0468938938729214e-06,0.044773427613096495,0.17087667994193434,5.6162392966531775e-06,0.26719480852343663,0.10702960610678602
dim 21,21,0.3839227294995513,NormVanDerWaalsVolume_group1_D100,0.21604753109369756,2.3318525640377702e-11,0.16878793920981058,2.0241036981634697e-07,5.7273456195537456e-11,1.4202744436693254e-06,0.04725959188388698
dim 21,21,0.3839227294995513,NormVanDerWaalsVolume_group2_D0,0.03476044749557804,0.28781187205132824,0.002074928675208743,0.9494242601455956,0.31425029508056107,0.9716861223343639,0.0326855188203693
dim 21,21,0.3839227294995513,NormVanDerWaalsVolume_group2_D25,0.35953054146470625,5.688143173231688e-30,0.13588438654098378,3.002169424734187e-05,3.466860985144861e-29,0.00014899325228249902,0.22364615492372247
dim 21,21,0.3839227294995513,NormVanDerWaalsVolume_group2_D50,0.14171270942207717,1.336197238735971e-05,0.1166653613496401,0.0003453872773461634,2.298094118114389e-05,0.0012846252854523228,0.025047348072437067
dim 21,21,0.3839227294995513,NormVanDerWaalsVolume_group2_D75,0.1428198673625852,1.1415584676793658e-05,0.22661931129098062,2.2317925651170044e-12,1.975546778263773e-05,3.43510929377456e-11,-0.08379944392839542
dim 21,21,0.3839227294995513,NormVanDerWaalsVolume_group2_D100,-0.05991426059961133,0.06677257837500117,0.1009647977294541,0.0019723590418986693,0.07981488930527258,0.006027153888327133,-0.041050537129842773
dim 21,21,0.3839227294995513,NormVanDerWaalsVolume_group3_D0,0.13078391144063484,5.9378055059779245e-05,-0.027834601879129832,0.3947374687839076,9.693191783952233e-05,0.5322661064748694,0.102949309561505
dim 21,21,0.3839227294995513,NormVanDerWaalsVolume_group3_D25,0.03955492544529587,0.22641266328554938,-0.17084860999087859,1.4288242828597668e-07,0.2503205214742585,1.0240929409338243e-06,-0.1312936845455827
dim 21,21,0.3839227294995513,NormVanDerWaalsVolume_group3_D50,-0.06351963574226473,0.051927700705590246,-0.28762931645129347,2.6295879873154194e-19,0.06348408505002615,8.695865225379704e-18,-0.22410968070902876
dim 21,21,0.3839227294995513,NormVanDerWaalsVolume_group3_D75,-0.12268986198991226,0.00016667503839465353,-0.3876478050744757,5.808271443318153e-35,0.0002676416481914148,9.699813310341315e-33,-0.26495794308456344
dim 21,21,0.3839227294995513,NormVanDerWaalsVolume_group3_D100,-0.15679107835204273,1.4148687213589905e-06,-0.10901860805969298,0.000829908536588122,2.6942198000792634e-06,0.0027636037011010244,0.04777247029234975
dim 21,21,0.3839227294995513,Polarity_C1,-0.5209813087754191,2.5471123560331687e-66,-0.2451303189506654,2.742366198118075e-14,6.444966112993017e-65,4.924464033179769e-13,0.27585098982475376
dim 21,21,0.3839227294995513,Polarity_C2,0.6174230141412128,1.4831533210708485e-99,0.3010206134967218,4.448705438838951e-21,2.6072274170403334e-97,1.7902019476773607e-19,0.316402400644491
dim 21,21,0.3839227294995513,Polarity_C3,-0.5929366201630423,4.868074755331959e-90,-0.27810017949999966,4.2063773370621995e-18,3.3873686839184883e-88,9.622808428621743e-17,0.3148364406630426
dim 21,21,0.3839227294995513,Polarity_T12,0.30740466389419335,5.891947093424755e-22,0.01051969685850485,0.7477619795468923,2.459887911504835e-21,0.8250825938839181,0.2968849670356885
dim 21,21,0.3839227294995513,Polarity_T13,-0.564920569551861,4.162890520279214e-80,-0.2053578198977157,2.2177154303533125e-10,1.675187269606334e-78,2.4959074239666536e-09,0.35956274965414525
dim 21,21,0.3839227294995513,Polarity_T23,0.011965778589500365,0.7145127527507814,-0.06759353278366065,0.0385767668552061,0.7388460043924489,0.0773992812706049,-0.05562775419416029
dim 21,21,0.3839227294995513,Polarity_group1_D0,0.14809535054520093,5.305264904927884e-06,-0.09053116114734924,0.005550845825703478,9.405299778375337e-06,0.014903396348753711,0.057564189397851684
dim 21,21,0.3839227294995513,Polarity_group1_D25,0.23930897854307104,1.138871450039533e-13,-0.015430681174389347,0.6371139825655424,3.2400601730255876e-13,0.7437821397304829,0.2238782973686817
dim 21,21,0.3839227294995513,Polarity_group1_D50,0.08277286469260002,0.011254895033744073,-0.0933026512545759,0.004257005193870155,0.014486069137844008,0.011789715876887492,-0.010529786561975882
dim 21,21,0.3839227294995513,Polarity_group1_D75,-0.006538333783648182,0.8415772859053168,-0.20651101881431808,1.749359617250858e-10,0.8659482855587671,2.031379043549452e-09,-0.1999726850306699
dim 21,21,0.3839227294995513,Polarity_group1_D100,0.015522388484196096,0.6351136565691846,0.05097271284245468,0.11894222563240911,0.6612467621387397,0.200639915965781,-0.03545032435825858
dim 21,21,0.3839227294995513,Polarity_group2_D0,-0.2355570228790025,2.795435260525324e-13,-0.12244999776257949,0.0001716915202692988,7.697241360391247e-13,0.0006984770739335664,0.113107025116423
dim 21,21,0.3839227294995513,Polarity_group2_D25,-0.3823240445156296,5.585420300233866e-34,-0.06070171586317301,0.0632628261704994,4.118168609885455e-33,0.11590665902878113,0.3216223286524566
dim 21,21,0.3839227294995513,Polarity_group2_D50,-0.17553426064920977,6.371311240939747e-08,0.07043392092349987,0.031098171224062655,1.2992025081514895e-07,0.06459446012958288,0.1051003397257099
dim 21,21,0.3839227294995513,Polarity_group2_D75,-0.16375520185416892,4.6555826156062415e-07,0.08873454512265734,0.006568933945440641,8.936578124209681e-07,0.01731668459176933,0.07502065673151158
dim 21,21,0.3839227294995513,Polarity_group2_D100,0.1413653307804739,1.4035183887224099e-05,0.10747579921651403,0.000984076551929674,2.411394762516898e-05,0.003254272953906051,0.033889531563959865
dim 21,21,0.3839227294995513,Polarity_group3_D0,0.04823299662622691,0.14012602574356844,0.04417031383625136,0.17671851179377832,0.16028113903545158,0.27402034790678714,0.004062682789975548
dim 21,21,0.3839227294995513,Polarity_group3_D25,0.46091293494486385,1.8344885294484134e-50,0.050861300388606256,0.11975176325148157,2.6184579864776496e-49,0.20169989372665076,0.4100516345562576
dim 21,21,0.3839227294995513,Polarity_group3_D50,0.24749482092866465,1.5216748150923182e-14,-0.008850911826987742,0.7867186266923724,4.603617647109006e-14,0.8561877527378702,0.2386439091016769
dim 21,21,0.3839227294995513,Polarity_group3_D75,0.179145886812444,3.368054697666978e-08,-0.06820251233616595,0.036856140692499845,6.982807380637932e-08,0.07433545284598399,0.11094337447627806
dim 21,21,0.3839227294995513,Polarity_group3_D100,-0.24708180425475323,1.6873230306594212e-14,-0.12870134363754904,7.789384257844465e-05,5.090929469198254e-14,0.0003525276886341533,0.1183804606172042
dim 21,21,0.3839227294995513,Polarizability_C1,0.5285035937860774,1.5413463890068862e-68,0.25058850580957404,6.975183403498633e-15,4.095711473061972e-67,1.3544832888189206e-13,0.2779150879765033
dim 21,21,0.3839227294995513,Polarizability_C2,-0.3635269757830309,1.1894212770997463e-30,-0.10936649569320607,0.0007983882077251838,7.4534091285425e-30,0.002669285899701815,0.25416048008982484
dim 21,21,0.3839227294995513,Polarizability_C3,-0.5029533901866607,3.171107557135264e-61,-0.2857146665791944,4.629707773661383e-19,5.893395362695176e-60,1.344628170785132e-17,0.21723872360746632
dim 21,21,0.3839227294995513,Polarizability_T12,0.5048092303957381,9.78779726817532e-62,0.20617902339301847,1.873273807440511e-10,1.9494332009716376e-60,2.150080589983267e-09,0.29863020700271964
dim 21,21,0.3839227294995513,Polarizability_T13,-0.11171141951281445,0.0006132157685090475,-0.1220668794998615,0.00017999905589187557,0.0009382229348695459,0.0007269611205306704,-0.010355459987047053
dim 21,21,0.3839227294995513,Polarizability_T23,-0.4676734672891459,4.289115963282861e-52,-0.20280134351554396,3.733860196321823e-10,6.395378266680696e-51,4.009997767110896e-09,0.2648721237736019
dim 21,21,0.3839227294995513,Polarizability_group1_D0,-0.21068465510789522,7.327625173935314e-11,-0.1306137313142929,6.0719039176884785e-05,1.750662952857221e-10,0.000281278211998329,0.08007092379360231
dim 21,21,0.3839227294995513,Polarizability_group1_D25,-0.34160366649565227,4.860120136065601e-27,-0.08758404113229895,0.007305992157950797,2.4410227450314447e-26,0.018930964939919057,0.2540196253633533
dim 21,21,0.3839227294995513,Polarizability_group1_D50,-0.2261756124386486,2.4686894884391906e-12,0.026769979841963384,0.4130750962836382,6.289414867572004e-12,0.5505470157970278,0.1994056325966852
dim 21,21,0.3839227294995513,Polarizability_group1_D75,-0.11936074725329977,0.00025034350833635856,0.16135058444818579,6.870517513053869e-07,0.0003972196284291865,4.4008069848658585e-06,-0.04198983719488601
dim 21,21,0.3839227294995513,Polarizability_group1_D100,0.14613363950158134,7.076390255199833e-06,0.18206398238546348,1.9931497189813097e-08,1.2380902803754555e-05,1.6642800153493936e-07,-0.03593034288388214
dim 21,21,0.3839227294995513,Polarizability_group2_D0,-0.08451197718592236,0.009649904029355623,-0.047216248838789956,0.14868635118146836,0.012502203048117836,0.2388708094978857,0.037295728347132406
dim 21,21,0.3839227294995513,Polarizability_group2_D25,0.3521714760402831,9.580390903370921e-29,0.2350059297120963,3.185424358431401e-13,5.4495976688560135e-28,5.266988790673702e-12,0.11716554632818679
dim 21,21,0.3839227294995513,Polarizability_group2_D50,0.3593748109837168,6.043089199318718e-30,0.17946407992252933,3.1821147311934284e-08,3.676487782463482e-29,2.5501297564926764e-07,0.1799107310611875
dim 21,21,0.3839227294995513,Polarizability_group2_D75,0.1587424820307369,1.0411787302313812e-06,0.09631255573576168,0.003166457020177225,1.991716471347545e-06,0.0090936942797867,0.06242992629497522
dim 21,21,0.3839227294995513,Polarizability_group2_D100,0.11867250917588544,0.00027195835284635916,0.11097138020139727,0.000666831646574566,0.0004294756021308934,0.0022657351979237543,0.007701128974488172
dim 21,21,0.3839227294995513,Polarizability_group3_D0,0.13078391144063484,5.9378055059779245e-05,-0.027834601879129832,0.3947374687839076,9.693191783952233e-05,0.5322661064748694,0.102949309561505
dim 21,21,0.3839227294995513,Polarizability_group3_D25,0.03955492544529587,0.22641266328554938,-0.17084860999087859,1.4288242828597668e-07,0.2503205214742585,1.0240929409338243e-06,-0.1312936845455827
dim 21,21,0.3839227294995513,Polarizability_group3_D50,-0.06351963574226473,0.051927700705590246,-0.28762931645129347,2.6295879873154194e-19,0.06348408505002615,8.695865225379704e-18,-0.22410968070902876
dim 21,21,0.3839227294995513,Polarizability_group3_D75,-0.12268986198991226,0.00016667503839465353,-0.3876478050744757,5.808271443318153e-35,0.0002676416481914148,9.699813310341315e-33,-0.26495794308456344
dim 21,21,0.3839227294995513,Polarizability_group3_D100,-0.15679107835204273,1.4148687213589905e-06,-0.10901860805969298,0.000829908536588122,2.6942198000792634e-06,0.0027636037011010244,0.04777247029234975
dim 21,21,0.3839227294995513,Charge_C1,-0.4143285669866982,3.609114188066293e-40,-0.217240316991006,1.8001544632664945e-11,3.386079041612758e-39,2.484510705500038e-10,0.1970882499956922
dim 21,21,0.3839227294995513,Charge_C2,0.5988883027167493,2.8168351959864747e-92,0.37459299873653157,1.3885090830333368e-32,2.7671263395867135e-90,1.1311269115442304e-30,0.22429530398021774
dim 21,21,0.3839227294995513,Charge_C3,-0.5888376644497912,1.5902353313588424e-88,-0.38400159091969005,2.749536457010805e-34,8.299040635528959e-87,3.2798042022914606e-32,0.2048360735301012
dim 21,21,0.3839227294995513,Charge_T12,-0.3335190116274314,8.863019416064428e-26,-0.19526355943436974,1.667865744833378e-09,4.169364063331717e-25,1.5916204536409952e-08,0.13825545219306168
dim 21,21,0.3839227294995513,Charge_T13,-0.4549572961609694,4.682230432691389e-49,-0.19741846966472026,1.0937925678089812e-09,6.181284444738829e-48,1.0650924712775503e-08,0.25753882649624915
dim 21,21,0.3839227294995513,Charge_T23,-0.5594648867387368,2.7837156550902665e-78,-0.36854836918573197,1.6130046875403957e-31,9.89107477446967e-77,1.1462629056138131e-29,0.19091651755300487
dim 21,21,0.3839227294995513,Charge_group1_D0,0.016438256975487585,0.6152843390205698,-0.0410759663323664,0.20904135039510421,0.6424037800339802,0.3141094438100335,-0.024637709356878812
dim 21,21,0.3839227294995513,Charge_group1_D25,0.09094111805824907,0.005339457518685649,-0.08699025317343478,0.00771467010857433,0.007270194909258078,0.01979628265372643,0.00395086488481429
dim 21,21,0.3839227294995513,Charge_group1_D50,-0.06303237732220116,0.05375663356009885,-0.18000457394462074,2.8888211716964885e-08,0.06552815915720078,2.3590862380113134e-07,-0.11697219662241959
dim 21,21,0.3839227294995513,Charge_group1_D75,-0.019130709033563252,0.5586340898572063,-0.22110750790387662,7.69858862354908e-12,0.5906419310297781,1.0941823830916566e-10,-0.20197679887031336
dim 21,21,0.3839227294995513,Charge_group1_D100,-0.06425642293012104,0.049261065180078084,-0.0025894701629266183,0.9369060070114806,0.06042304726458348,0.9655248575804829,0.06166695276719442
dim 21,21,0.3839227294995513,Charge_group2_D0,-0.08910950263837072,0.006343567560609418,-0.1420609080192462,1.2718105712498331e-05,0.008509042430696969,6.840333829266413e-05,-0.05295140538087548
dim 21,21,0.3839227294995513,Charge_group2_D25,-0.15015844978545134,3.903014617813805e-06,0.026623137602625174,0.41564333869937925,7.0579690435831666e-06,0.5530871518947915,0.12353531218282617
dim 21,21,0.3839227294995513,Charge_group2_D50,0.102646053201681,0.0016542847425690163,0.19288458320002624,2.6426212572734017e-09,0.0024491626951154764,2.4517652775814337e-08,-0.09023852999834524
dim 21,21,0.3839227294995513,Charge_group2_D75,0.13376802822832232,3.9960376227688716e-05,0.30147061769775996,3.8641895611257896e-21,6.597511448367786e-05,1.5739503822146508e-19,-0.16770258946943764
dim 21,21,0.3839227294995513,Charge_group2_D100,0.19371753016410598,2.250815788500985e-09,0.029077732565059165,0.37395874217971714,4.96875395478737e-09,0.510604393408276,0.16463979759904682
dim 21,21,0.3839227294995513,Charge_group3_D0,-0.05749503688435567,0.07856812650192707,-0.0725276702905634,0.026414302246980246,0.09295697574085598,0.056772052448464616,-0.015032633406207724
dim 21,21,0.3839227294995513,Charge_group3_D25,0.18676121019860167,8.413070778827508e-09,-0.031061860289885355,0.34222523585522163,1.778459265904043e-08,0.4760650927765266,0.1556993499087163
dim 21,21,0.3839227294995513,Charge_group3_D50,-0.09104963201092751,0.00528473245012216,-0.2007359022187623,5.659805644270562e-10,0.007198615980182715,5.852554443301448e-09,-0.1096862702078348
dim 21,21,0.3839227294995513,Charge_group3_D75,-0.2080832963002446,1.2631096153444083e-10,-0.3414606737174818,5.12006057841609e-27,2.979368725459268e-10,3.0001758477034633e-25,-0.13337737741723718
dim 21,21,0.3839227294995513,Charge_group3_D100,-0.2783710594178223,3.8933534046032996e-18,-0.22765397474447757,1.7625026047104399e-12,1.5050694874276643e-17,2.7380273022013347e-11,0.05071708467334474
dim 21,21,0.3839227294995513,SecondaryStructure_C1,-0.5883502908499096,2.399123959245274e-88,-0.3215837674074741,5.51381990108275e-24,1.214102124830184e-86,2.6308797813737694e-22,0.26676652344243557
dim 21,21,0.3839227294995513,SecondaryStructure_C2,0.3013892046840982,3.9640030467505645e-21,0.22186021884177148,6.5133576705399325e-12,1.6305135684909956e-20,9.296843854531356e-11,0.0795289858423267
dim 21,21,0.3839227294995513,SecondaryStructure_C3,0.5822604998097927,3.856573969599415e-86,0.260603890460353,5.186587278464822e-16,1.672851566034032e-84,1.0827000943795314e-14,0.3216566093494397
dim 21,21,0.3839227294995513,SecondaryStructure_T12,-0.3790673418821484,2.1852243077240415e-33,-0.07147761374159081,0.028681217569506087,1.5430547965746933e-32,0.060668313288252264,0.30758972814055763
dim 21,21,0.3839227294995513,SecondaryStructure_T13,-0.39933233010677677,3.4849385461796556e-37,-0.247928381723206,1.3649749568635936e-14,2.764773098394311e-36,2.5469365116896103e-13,0.15140394838357077
dim 21,21,0.3839227294995513,SecondaryStructure_T23,0.5578932313787167,9.208031076178588e-78,0.3033334412958678,2.1511630383075843e-21,3.138247325962906e-76,8.870227836972014e-20,0.2545597900828489
dim 21,21,0.3839227294995513,SecondaryStructure_group1_D0,0.019200382131899046,0.5572023533914771,-0.07338478777546423,0.02468014975504561,0.589314711946654,0.05370143334322628,-0.05418440564356518
dim 21,21,0.3839227294995513,SecondaryStructure_group1_D25,-0.09223966933474158,0.0047169276658085195,-0.10289279354111455,0.0016117889762152292,0.0064726944962204,0.005059563139622994,-0.010653124206372974
dim 21,21,0.3839227294995513,SecondaryStructure_group1_D50,-0.32459395109672157,1.9793987238245504e-24,-0.3570919401956258,1.4620212756102848e-29,8.826691238416552e-24,9.766302121076703e-28,-0.03249798909890422
dim 21,21,0.3839227294995513,SecondaryStructure_group1_D75,-0.2556654884950474,1.8947063899335426e-15,-0.1804778844718393,2.6536324720885853e-08,5.95886943726745e-15,2.1830375509300184e-07,0.0751876040232081
dim 21,21,0.3839227294995513,SecondaryStructure_group1_D100,-0.11134695152581771,0.0006391000786085015,0.08701081804779986,0.0077001811603492325,0.0009769310126097918,0.019783542365820334,0.024336133478017843
dim 21,21,0.3839227294995513,SecondaryStructure_group2_D0,0.0406260002773686,0.21407673021791987,-0.07073169079359985,0.03039142746247226,0.23794218932707234,0.06356128223209603,-0.03010569051623125
dim 21,21,0.3839227294995513,SecondaryStructure_group2_D25,-0.072255219321039,0.0269871117027904,-0.024478492530932202,0.45421304831973547,0.03372126939293675,0.5859475742404809,0.04777672679010679
dim 21,21,0.3839227294995513,SecondaryStructure_group2_D50,0.1055700378228581,0.0012109823657447472,0.13690828309770636,2.610289938363436e-05,0.0018227494824639278,0.00013212678336707134,-0.031338245274848256
dim 21,21,0.3839227294995513,SecondaryStructure_group2_D75,0.1735292386463122,9.025670815447502e-08,0.02054433925665459,0.529939469073449,1.827014577187555e-07,0.6516662851586769,0.15298489938965762
dim 21,21,0.3839227294995513,SecondaryStructure_group2_D100,0.13802727896848183,2.237722485277649e-05,0.11597286756171296,0.00037475331000228087,3.763339929923136e-05,0.001366458575772509,0.022054411406768865
dim 21,21,0.3839227294995513,SecondaryStructure_group3_D0,-0.19419986498918104,2.0504094052801478e-09,-0.15747392887194117,1.27142984970171e-06,4.562586729148538e-09,7.763392500920862e-06,0.03672593611723987
dim 21,21,0.3839227294995513,SecondaryStructure_group3_D25,0.025207295603104935,0.4408852009581791,0.1000343976272221,0.0021715837099770216,0.4739480435147468,0.006557947189261531,-0.07482710202411717
dim 21,21,0.3839227294995513,SecondaryStructure_group3_D50,0.22345144670212463,4.5651081738708915e-12,0.17103607195206488,1.3839751355011804e-07,1.1498839593309787e-11,9.962234811581773e-07,0.05241537475005975
dim 21,21,0.3839227294995513,SecondaryStructure_group3_D75,0.10563873164946255,0.0012020283102834033,0.0967086125335483,0.003043683681400667,0.0018109041751675989,0.008816915434413033,0.00893011911591425
dim 21,21,0.3839227294995513,SecondaryStructure_group3_D100,0.16769974662492312,2.428676131857394e-07,0.10176403468348416,0.0018147485680555624,4.724390378802386e-07,0.0056070862324750954,0.06593571194143896
dim 21,21,0.3839227294995513,SolventAccessibility_C1,-0.09860125018771682,0.002514708620630364,-0.0285845715895293,0.38211968927174944,0.003615637878995013,0.5192350537703999,0.07001667859818751
dim 21,21,0.3839227294995513,SolventAccessibility_C2,-0.5413872542668704,1.805552293383907e-72,-0.24222976364302348,5.600829881669951e-14,5.243951878175869e-71,9.743110314988353e-13,0.2991574906238469
dim 21,21,0.3839227294995513,SolventAccessibility_C3,0.6232905617651321,5.811572142137168e-102,0.28783462006379146,2.4741895791762644e-19,1.3864750681955815e-99,8.34726585297851e-18,0.33545594170134063
dim 21,21,0.3839227294995513,SolventAccessibility_T12,-0.549423532011296,5.209141482523795e-75,-0.15681946135421457,1.408608976576478e-06,1.6570031001551884e-73,8.444150268020845e-06,0.39260407065708147
dim 21,21,0.3839227294995513,SolventAccessibility_T13,0.4408122013174507,7.987871094494477e-46,0.15431557246966468,2.076640897674993e-06,9.881292390967242e-45,1.2062574953451264e-05,0.28649662884778604
dim 21,21,0.3839227294995513,SolventAccessibility_T23,-0.0775206785844995,0.01762764855807695,-0.1606033548424319,7.74477894074788e-07,0.022293201887155247,4.918118161885882e-06,-0.0830826762579324
dim 21,21,0.3839227294995513,SolventAccessibility_group1_D0,-0.08962060223100435,0.0060475650122979955,-0.11604880501119527,0.0003714228899805089,0.008141421661054133,0.001359460004631443,-0.026428202780190924
dim 21,21,0.3839227294995513,SolventAccessibility_group1_D25,-0.292171870036214,6.752037346828272e-20,-0.1993680485197631,7.436672382168557e-10,2.710553454135388e-19,7.526813865588782e-09,0.09280382151645086
dim 21,21,0.3839227294995513,SolventAccessibility_group1_D50,-0.37121474258132153,5.502976252173893e-32,-0.2858472823323034,4.452448227752473e-19,3.63959221430907e-31,1.3397456829453388e-17,0.08536746024901815
dim 21,21,0.3839227294995513,SolventAccessibility_group1_D75,-0.1224274566541616,0.00017217015922327207,0.14939914437952825,4.371896906889808e-06,0.0002761999672457871,2.4749382489850776e-05,-0.02697168772536665
dim 21,21,0.3839227294995513,SolventAccessibility_group1_D100,0.09464790510076426,0.0037332918512786744,0.1336749794510811,4.0462037521910105e-05,0.0052281739133210785,0.00019445065514126582,-0.039027074350316826
dim 21,21,0.3839227294995513,SolventAccessibility_group2_D0,-0.0019752131341757018,0.9518517732795534,0.0244603359216638,0.4545479535500258,0.9613501429554606,0.5859475742404809,-0.0224851227874881
dim 21,21,0.3839227294995513,SolventAccessibility_group2_D25,0.4094196600998942,3.558403888400189e-39,0.04299874946120327,0.18848886875483326,2.9564848227006546e-38,0.28838883263451354,0.366420910638691
dim 21,21,0.3839227294995513,SolventAccessibility_group2_D50,0.22713691668814734,1.9834771435652113e-12,0.0531483658984962,0.10397662447789173,5.072598514171367e-12,0.17919604012185675,0.17398855078965114
dim 21,21,0.3839227294995513,SolventAccessibility_group2_D75,0.21150886206719197,6.157372245861754e-11,-0.01835547226897007,0.5746839504323333,1.474238229475144e-10,0.6879729012344062,0.1931533897982219
dim 21,21,0.3839227294995513,SolventAccessibility_group2_D100,-0.24070000967375807,8.131879121972982e-14,-0.07123086079023835,0.02923756517803177,2.3353805904892314e-13,0.06149462701172929,0.16946914888351972
dim 21,21,0.3839227294995513,SolventAccessibility_group3_D0,0.14572400581968378,7.51160472338048e-06,-0.05094984648375922,0.11910802536736034,1.3114877039252904e-05,0.20081817502624108,0.09477415933592456
dim 21,21,0.3839227294995513,SolventAccessibility_group3_D25,0.0696987479263998,0.03290363328348199,0.15730521038053627,1.3055127742789718e-06,0.04091516573597537,7.928023029257757e-06,-0.08760646245413647
dim 21,21,0.3839227294995513,SolventAccessibility_group3_D50,0.17069840733550704,1.4657690238576632e-07,0.16086119983489322,7.431655644024753e-07,2.90544126984249e-07,4.736971345618831e-06,0.009837207500613815
dim 21,21,0.3839227294995513,SolventAccessibility_group3_D75,-0.15138315799028543,3.246548203640325e-06,-0.17953125067598336,3.144153584939101e-08,5.951411086804986e-06,2.530475415348578e-07,-0.02814809268569793
dim 21,21,0.3839227294995513,SolventAccessibility_group3_D100,0.18045789419069588,2.6631791020565734e-08,0.007721928051609779,0.8133863202503765,5.5455225691202964e-08,0.8772070744708613,0.1727359661390861
