row_label,embedding_dim,mean_abs_shap,aac_ctd_feature,pearson_r_raw,p_value_raw,pearson_r_partial,p_value_partial,p_adj_fdr_raw,p_adj_fdr_partial,shrinkage
dim 44,44,0.3412208221800177,AAC_A,-0.02241322296764679,0.49318666530710376,0.2156815363544773,2.5238071106214675e-11,0.5303423896090556,3.849093949532284e-10,-0.1932683133868305
dim 44,44,0.3412208221800177,AAC_C,-0.11279609193654547,0.000541831387330409,-0.06894887551969074,0.03483674943191534,0.000815922828531815,0.06296252332391625,0.043847216416854726
dim 44,44,0.3412208221800177,AAC_D,0.2560221662734055,1.7270483003304129e-15,0.09981338125865116,0.002221540367116694,5.136546147020106e-15,0.006062046426609279,0.15620878501475435
dim 44,44,0.3412208221800177,AAC_E,0.32913759681889976,4.1247125615790637e-25,-0.18252563609590974,1.8329634818563745e-08,2.0500803505467373e-24,1.577860316855745e-07,0.14661196072299001
dim 44,44,0.3412208221800177,AAC_F,0.07860239362527247,0.01610322647214013,-0.11309488013009472,0.0005235713974188767,0.021175108825570093,0.0016977946285233478,-0.034492486504822256
dim 44,44,0.3412208221800177,AAC_G,-0.09807676235547305,0.002652185077638364,0.14358968732647834,1.022487600389106e-05,0.0037566998131094726,4.9928488089175644e-05,-0.045512924971005286
dim 44,44,0.3412208221800177,AAC_H,0.42381512914675523,3.884853195758599e-42,0.12927958733852504,7.226880604915058e-05,4.5849504147822336e-41,0.0002809986172341827,0.29453554180823016
dim 44,44,0.3412208221800177,AAC_I,0.14342110263726204,1.0475040881975912e-05,-0.16994464721776292,1.665540036558268e-07,1.7859436725778228e-05,1.204091714741259e-06,-0.02652354458050088
dim 44,44,0.3412208221800177,AAC_K,0.26670593512556157,1.0069633453054838e-16,-0.14004726390804015,1.6895181639340816e-05,3.3102928871262955e-16,7.848387576550532e-05,0.12665867121752142
dim 44,44,0.3412208221800177,AAC_L,0.25362027643078927,3.2141450677634698e-15,-0.067885783924364,0.037742709502142154,9.408627981007879e-15,0.06719650838867526,0.18573449250642526
dim 44,44,0.3412208221800177,AAC_M,0.13508579871741916,3.3459154233633344e-05,-0.17231716393291846,1.1119099538048162e-07,5.537838213098879e-05,8.308230974738447e-07,-0.0372313652154993
dim 44,44,0.3412208221800177,AAC_N,-0.04183387508737707,0.20075457457915663,-0.07034775178610073,0.031305298909048415,0.22652712131567,0.05760864923207808,-0.028513876698723656
dim 44,44,0.3412208221800177,AAC_P,-0.4103167020305145,2.3489509381020277e-39,0.00258991312481637,0.9368952364739683,2.3631012449580637e-38,0.9554329952639561,0.40772678890569813
dim 44,44,0.3412208221800177,AAC_Q,0.06736542483140602,0.039238584937921844,-0.027398664015374753,0.40218610983324243,0.04964275518661324,0.4947703892607844,0.03996676081603127
dim 44,44,0.3412208221800177,AAC_R,-0.08023473168547228,0.01402178236581717,0.046979236551287044,0.15073798226140198,0.018503655907479,0.21617211711167134,0.033255495134185235
dim 44,44,0.3412208221800177,AAC_S,-0.44553267651750933,6.930205948882919e-47,-0.053143319614086984,0.10400952150319351,9.808003334435996e-46,0.15776194451438072,0.39238935690342236
dim 44,44,0.3412208221800177,AAC_T,-0.40721621273702463,9.817664823492352e-39,0.07753921485752722,0.01760049790080791,9.504637829120133e-38,0.035670912007705356,0.3296769978794974
dim 44,44,0.3412208221800177,AAC_V,0.11548759097677333,0.0003967031811704445,0.16727421126878317,2.6072195265942527e-07,0.0006044656136447467,1.8332869934368007e-06,-0.05178662029200984
dim 44,44,0.3412208221800177,AAC_W,-0.09652131771019888,0.003101192406889727,0.03839861885572619,0.2402895791619272,0.004377845578618634,0.322057461637575,0.058122698854472694
dim 44,44,0.3412208221800177,AAC_Y,0.00757414715162312,0.8168938137593341,-0.09383261911663786,0.004043221388062128,0.8321459409362946,0.010199667247830444,-0.08625847196501474
dim 44,44,0.3412208221800177,Hydrophobicity_C1,0.34823678125685653,4.206649020827947e-28,-0.15206577500378027,2.9279986914798854e-06,2.452043233781037e-27,1.6218102204880294e-05,0.19617100625307626
dim 44,44,0.3412208221800177,Hydrophobicity_C2,-0.37687886817043303,5.4181431610552945e-33,0.17866579890205964,3.668659857065504e-08,4.010211867110843e-32,2.9597400779224114e-07,0.1982130692683734
dim 44,44,0.3412208221800177,Hydrophobicity_C3,0.3187517313343675,1.4304145168109256e-23,-0.15215442277251282,2.8888963288311305e-06,6.71952810991349e-23,1.608152289715996e-05,0.1665973085618547
dim 44,44,0.3412208221800177,Hydrophobicity_T12,0.12781615454092626,8.731141816895449e-05,0.07450834303152723,0.02255668318694895,0.00014040449527410112,0.043878463508683456,0.05330781150939903
dim 44,44,0.3412208221800177,Hydrophobicity_T13,0.35929867425544965,6.224524101218345e-30,-0.1523517926923166,2.8036255944464105e-06,3.9827414747259146e-29,1.5685275520018445e-05,0.20694688156313304
dim 44,44,0.3412208221800177,Hydrophobicity_T23,-0.11928563287156693,0.00025262186146611835,0.10078740052881907,0.0020090012199995583,0.00039062824874853486,0.005545507499833491,0.01849823234274786
dim 44,44,0.3412208221800177,Hydrophobicity_group1_D0,-0.020182965283746655,0.537203115252296,-0.06271753780613128,0.05496670798078579,0.5756363185571604,0.09159728685996038,-0.04253457252238462
dim 44,44,0.3412208221800177,Hydrophobicity_group1_D25,-0.410424865450238,2.2340187870512465e-39,-0.054184502309670285,0.09739497538603771,2.2542666914656083e-38,0.14901475849260923,0.35624036314056773
dim 44,44,0.3412208221800177,Hydrophobicity_group1_D50,-0.22862023617993124,1.412315119637812e-12,-0.05915061116466963,0.07032758238135065,3.4915858620209418e-12,0.11265905283151614,0.1694696250152616
dim 44,44,0.3412208221800177,Hydrophobicity_group1_D75,-0.26449308232711394,1.8335855281561723e-16,-0.08521441176634023,0.009061684577606387,5.911366471082641e-16,0.02038116261899349,0.1792786705607737
dim 44,44,0.3412208221800177,Hydrophobicity_group1_D100,0.21150361959502864,6.164204636523961e-11,0.02064451350040767,0.5279348153817319,1.418914092762924e-10,0.6208810856954171,0.19085910609462098
dim 44,44,0.3412208221800177,Hydrophobicity_group2_D0,0.11288487056847274,0.0005363448855288893,-0.08956774327354396,0.006077591581634648,0.0008080252222221426,0.01447871318306685,0.023317127294928783
dim 44,44,0.3412208221800177,Hydrophobicity_group2_D25,0.349526158340518,2.5964444090348118e-28,0.003973864093764205,0.9033109380178046,1.532177442787327e-27,0.9297560964497589,0.34555229424675377
dim 44,44,0.3412208221800177,Hydrophobicity_group2_D50,0.16682682468297128,2.808560680748155e-07,-0.003796398906946878,0.9076091150467847,5.369543602575179e-07,0.9336046948741179,0.1630304257760244
dim 44,44,0.3412208221800177,Hydrophobicity_group2_D75,0.27109518924194265,3.016436272435839e-17,0.15124284139515706,3.31601910506476e-06,1.0343836909584912e-16,1.8067706053697064e-05,0.11985234784678558
dim 44,44,0.3412208221800177,Hydrophobicity_group2_D100,-0.05500444531424473,0.09242589428931448,0.1270728307259443,9.60392223435194e-05,0.1096634056576591,0.00036368594402194426,-0.07206838541169958
dim 44,44,0.3412208221800177,Hydrophobicity_group3_D0,-0.31178370188194504,1.4301126874005872e-22,-0.08746724702389469,0.007384809809714127,6.3857972940079695e-22,0.017069387380238884,0.22431645485805035
dim 44,44,0.3412208221800177,Hydrophobicity_group3_D25,-0.2749707898644096,1.0214012399869886e-17,0.05856584163364592,0.07315343304523692,3.6062157944572326e-17,0.11651524385841264,0.21640494823076367
dim 44,44,0.3412208221800177,Hydrophobicity_group3_D50,-0.12632458126322096,0.00010565099373201088,0.043618431241974585,0.1821931383489524,0.00016851686679317878,0.25482624877952303,0.08270615002124637
dim 44,44,0.3412208221800177,Hydrophobicity_group3_D75,-0.057747906083580776,0.0772609484464299,-0.034856424807927944,0.2864821042589644,0.09275757290117752,0.37362626500417306,0.022891481275652832
dim 44,44,0.3412208221800177,Hydrophobicity_group3_D100,-0.06571710000463256,0.04431284269165174,-0.04876501084677348,0.1358003403675015,0.05566186332836285,0.19805160030046667,0.016952089157859077
dim 44,44,0.3412208221800177,NormVanDerWaalsVolume_C1,-0.3735736073115188,2.107451153038091e-32,0.1753762514515278,6.54955257868929e-08,1.5335265470908986e-31,5.087326886702844e-07,0.198197355859991
dim 44,44,0.3412208221800177,NormVanDerWaalsVolume_C2,0.34945888995929136,2.6627845586200135e-28,-0.1563338286552988,1.5194698320079666e-06,1.5685538669825125e-27,8.919207801241843e-06,0.19312506130399257
dim 44,44,0.3412208221800177,NormVanDerWaalsVolume_C3,0.29129180062059,8.803737777345138e-20,-0.13013433927794188,6.465213327744021e-05,3.455286037171887e-19,0.0002552460108116434,0.16115746134264813
dim 44,44,0.3412208221800177,NormVanDerWaalsVolume_T12,-0.14513047502356058,8.187782368751371e-06,0.06137601783215992,0.06037969695581284,1.4081973795895765e-05,0.09895396851443321,0.08375445719140065
dim 44,44,0.3412208221800177,NormVanDerWaalsVolume_T13,0.04264596634926975,0.192143826211669,0.035519372434025254,0.2774101728210228,0.21732488301624603,0.363068172892718,0.007126593915244499
dim 44,44,0.3412208221800177,NormVanDerWaalsVolume_T23,0.2802627777800497,2.263297112259846e-18,-0.2025643993309039,3.917226610448466e-10,8.270691854428759e-18,4.7404119126441575e-09,0.07769837844914582
dim 44,44,0.3412208221800177,NormVanDerWaalsVolume_group1_D0,0.11106641999721907,0.0006597103983886343,-0.09246442749202019,0.004616095547812598,0.0009867589478808952,0.011361650058728133,0.01860199250519888
dim 44,44,0.3412208221800177,NormVanDerWaalsVolume_group1_D25,0.26013295108464496,5.875648548961502e-16,-0.057691282421500754,0.07755211000233739,1.82725010740516e-15,0.12203292037112905,0.2024416686631442
dim 44,44,0.3412208221800177,NormVanDerWaalsVolume_group1_D50,0.11013022833843483,0.000733041764227138,-0.0011121475501986004,0.97287881682474,0.0010896125912410507,0.979456629283813,0.10901808078823623
dim 44,44,0.3412208221800177,NormVanDerWaalsVolume_group1_D75,0.239627053831489,1.0546456580350151e-13,0.12036123875624077,0.0002217750720421055,2.815760589797722e-13,0.0007813594310344223,0.11926581507524822
dim 44,44,0.3412208221800177,NormVanDerWaalsVolume_group1_D100,-0.07446294443249002,0.022639306825240908,0.08752734846595463,0.0073441561832429765,0.029399410885032905,0.017019990310630204,-0.013064404033464608
dim 44,44,0.3412208221800177,NormVanDerWaalsVolume_group2_D0,-0.06254246133258609,0.05564936205690387,-0.05219080566352415,0.11036829470566757,0.06866214102515059,0.16619932566137496,0.010351655669061939
dim 44,44,0.3412208221800177,NormVanDerWaalsVolume_group2_D25,-0.29739821371263286,1.3701470651055286e-20,-0.021577238488385223,0.5094564817774135,5.574045307493868e-20,0.6038270578909017,0.27582097522424764
dim 44,44,0.3412208221800177,NormVanDerWaalsVolume_group2_D50,-0.06572259800284873,0.044295039542356265,0.020492768297055628,0.530972993667237,0.05566186332836285,0.6235758786387383,0.045229829705793104
dim 44,44,0.3412208221800177,NormVanDerWaalsVolume_group2_D75,-0.054955827830310326,0.09271474758148514,-0.06421470440950057,0.049408930499495574,0.10996706566838081,0.0841110233783462,-0.009258876579190244
dim 44,44,0.3412208221800177,NormVanDerWaalsVolume_group2_D100,0.13002629162939572,6.557124550476521e-05,0.03050347072592044,0.3509770635753519,0.00010667703847341248,0.4438710307995742,0.09952282090347528
dim 44,44,0.3412208221800177,NormVanDerWaalsVolume_group3_D0,-0.17742741642092208,4.5689474952165345e-08,-0.06064172084889116,0.06352476072996413,9.008432487617016e-08,0.10324705636889547,0.11678569557203092
dim 44,44,0.3412208221800177,NormVanDerWaalsVolume_group3_D25,-0.06520179833751887,0.04600842077241511,0.1164331578142368,0.0003549858213353887,0.05770489124290892,0.001201269142107597,-0.05123135947671793
dim 44,44,0.3412208221800177,NormVanDerWaalsVolume_group3_D50,-0.09073624079698342,0.005444174863318443,0.001170320648783268,0.9714607783382644,0.007482939935589959,0.9790823776855169,0.08956592014820015
dim 44,44,0.3412208221800177,NormVanDerWaalsVolume_group3_D75,-0.11885675742335673,0.000266006704920107,-0.057395248213655554,0.07908889225245888,0.0004092410844924723,0.12407557544537935,0.06146150920970118
dim 44,44,0.3412208221800177,NormVanDerWaalsVolume_group3_D100,0.0875383493787209,0.007336736722354632,-0.01572753718837873,0.6306485721247279,0.009916301446941831,0.7137804916626876,0.07181081219034217
dim 44,44,0.3412208221800177,Polarity_C1,0.3065272196705286,7.802313464375562e-22,-0.1858574764490361,9.948943514319159e-09,3.393193616017497e-21,8.98093819941243e-08,0.12066974322149249
dim 44,44,0.3412208221800177,Polarity_C2,-0.40220025915261054,9.618374066577302e-38,0.16174601908948522,6.447101281947899e-07,8.810936630331667e-37,4.1172692699246616e-06,0.24045424006312532
dim 44,44,0.3412208221800177,Polarity_C3,0.4098971341828082,2.8530602837654796e-39,-0.10829852334764187,0.0008988459535467552,2.8543257633557516e-38,0.002731706537621622,0.30159861083516637
dim 44,44,0.3412208221800177,Polarity_T12,-0.25249945277430413,4.285330387434875e-15,0.08660965395733566,0.007987260267687942,1.2445109320376456e-14,0.018260830497714545,0.16588979881696847
dim 44,44,0.3412208221800177,Polarity_T13,0.41325971419809043,5.9595070753098165e-40,-0.11325898766467106,0.0005137874638524625,6.31896940683644e-39,0.001667899468525621,0.30000072653341936
dim 44,44,0.3412208221800177,Polarity_T23,-0.004354815644970752,0.8940940641335751,0.07794154026431574,0.017020150017520233,0.9013639642213179,0.034800290790427645,-0.07358672461934498
dim 44,44,0.3412208221800177,Polarity_group1_D0,-0.23348954456223725,4.555025600469965e-13,-0.07297425125080331,0.025498076002597986,1.1578223368013458e-12,0.048443443599930185,0.16051529331143394
dim 44,44,0.3412208221800177,Polarity_group1_D25,-0.20340985292591754,3.3004372346157546e-10,0.07552218310001002,0.020778509948208963,7.223761706170786e-10,0.040992453176029495,0.12788766982590752
dim 44,44,0.3412208221800177,Polarity_group1_D50,-0.12835087659679872,8.150164516752097e-05,0.005314198525212886,0.8709483155826458,0.00013156862970493962,0.9056560940367488,0.12303667807158583
dim 44,44,0.3412208221800177,Polarity_group1_D75,-0.14016342299321397,1.6622390693215628e-05,-0.06480910861049746,0.04733688924269186,2.8068142019888877e-05,0.08145554357062897,0.0753543143827165
dim 44,44,0.3412208221800177,Polarity_group1_D100,0.011174698727283055,0.7326393831289174,-0.001737840256840431,0.9576322225754719,0.7559516650140822,0.969239885879417,0.009436858470442625
dim 44,44,0.3412208221800177,Polarity_group2_D0,0.11896008035280836,0.00026272270673099275,-0.08853640657158685,0.006690904443204002,0.00040474808140291313,0.015748851895913577,0.030423673781221516
dim 44,44,0.3412208221800177,Polarity_group2_D25,0.33830338510550184,1.6065816045864918e-26,-0.018022090724102192,0.5816523481861382,8.696892316562209e-26,0.6676009769559111,0.32028129438139963
dim 44,44,0.3412208221800177,Polarity_group2_D50,0.2424815923028971,5.266071400813261e-14,0.059837152572718794,0.06712469698089564,1.4346393538920305e-13,0.10809859590944622,0.1826444397301783
dim 44,44,0.3412208221800177,Polarity_group2_D75,0.3104915982601943,2.1771105841500653e-22,0.18834455576002856,6.25895234218398e-09,9.6057455099884e-22,5.955812200254841e-08,0.12214704250016573
dim 44,44,0.3412208221800177,Polarity_group2_D100,-0.01763826162845617,0.5897237049974742,0.1145584280709785,0.0004421146915513322,0.6250958980296933,0.0014591532310093375,-0.09692016644252233
dim 44,44,0.3412208221800177,Polarity_group3_D0,-0.06363590172063112,0.051499059485028455,-0.07078654645778233,0.030262743857868528,0.06403829437080977,0.05602969206501158,-0.007150644737151213
dim 44,44,0.3412208221800177,Polarity_group3_D25,-0.4559482024451684,2.7434089585716606e-49,-0.05122208409931454,0.11714578508744346,4.184011836360432e-48,0.1754560189202068,0.40472611834585387
dim 44,44,0.3412208221800177,Polarity_group3_D50,-0.28216275641878674,1.3070466335424575e-18,-0.06227438467638713,0.05670829597248835,4.8668180111837325e-18,0.09404454247671853,0.2198883717423996
dim 44,44,0.3412208221800177,Polarity_group3_D75,-0.24914289755843377,1.0056102719380755e-14,-0.06776529758337595,0.0380846920065489,2.8658176691750614e-14,0.06769711085783571,0.1813775999750578
dim 44,44,0.3412208221800177,Polarity_group3_D100,0.18728894270430477,7.625419547402075e-09,0.020524624646484257,0.5303344455991524,1.561551274575287e-08,0.62304503985268,0.16676431805782052
dim 44,44,0.3412208221800177,Polarizability_C1,-0.30502027054390873,1.2610287712325187e-21,0.2005256843563547,5.903092764164783e-10,5.427623834944088e-21,6.845947858441102e-09,0.10449458618755403
dim 44,44,0.3412208221800177,Polarizability_C2,0.20880473304564368,1.0868432151167155e-10,-0.1814678046776451,2.220193278945339e-08,2.4510846309857056e-10,1.872587260524604e-07,0.027336928367998586
dim 44,44,0.3412208221800177,Polarizability_C3,0.29129180062059,8.803737777345138e-20,-0.13013433927794188,6.465213327744021e-05,3.455286037171887e-19,0.0002552460108116434,0.16115746134264813
dim 44,44,0.3412208221800177,Polarizability_T12,-0.3513121448818168,1.3258505105307216e-28,0.10063358297532879,0.002041276667495517,8.02235634995038e-28,0.0056206628766982914,0.25067856190648796
dim 44,44,0.3412208221800177,Polarizability_T13,0.08862903297713921,0.006633634540302298,0.07843825661427149,0.016326822185346836,0.009013970449393683,0.03370308164342301,0.01019077636286772
dim 44,44,0.3412208221800177,Polarizability_T23,0.24976015581877611,8.604311584048347e-15,-0.22432375044967315,3.7526321763532796e-12,2.464699887711962e-14,7.505264352706559e-11,0.025436405369102966
dim 44,44,0.3412208221800177,Polarizability_group1_D0,0.08702126929813711,0.007692827084531653,-0.09265754232785943,0.004531020418183133,0.010352152482810524,0.011210080145727159,-0.005636273029722319
dim 44,44,0.3412208221800177,Polarizability_group1_D25,0.2560683615685634,1.706430318762379e-15,-0.06991008233712939,0.032375677652292496,5.079748007724016e-15,0.059200720036019394,0.186158279231434
dim 44,44,0.3412208221800177,Polarizability_group1_D50,0.2491497158703608,1.00388215808795e-14,0.022595350123739564,0.4896793593445131,2.863335959021138e-14,0.5839089825814615,0.22655436574662124
dim 44,44,0.3412208221800177,Polarizability_group1_D75,0.275582271295823,8.59610106646317e-18,0.13462549168744609,3.560678012919013e-05,3.0446423713665945e-17,0.00015266578386584727,0.14095677960837694
dim 44,44,0.3412208221800177,Polarizability_group1_D100,-0.0016142420081789904,0.9606429586235674,0.079313637981807,0.015165095178620702,0.9629494243105388,0.03155851582342252,-0.07769939597362802
dim 44,44,0.3412208221800177,Polarizability_group2_D0,0.011157766226785201,0.7330290453806623,-0.08337894426407007,0.010670519550629854,0.756120139459979,0.023571121229565947,-0.07222117803728487
dim 44,44,0.3412208221800177,Polarizability_group2_D25,-0.23802935721856194,1.5496321935042702e-13,-0.022934005274774242,0.4831935146290908,4.056247277667917e-13,0.578239462150184,0.2150953519437877
dim 44,44,0.3412208221800177,Polarizability_group2_D50,-0.2816291492940793,1.5256194232782227e-18,-0.035162839109383004,0.2822644879237888,5.636691232023522e-18,0.36855488259009167,0.24646631018469628
dim 44,44,0.3412208221800177,Polarizability_group2_D75,-0.15160548670551977,3.139318429333747e-06,-0.08321111095896659,0.010829583452392913,5.541925768485579e-06,0.023843644516145242,0.06839437574655317
dim 44,44,0.3412208221800177,Polarizability_group2_D100,-0.04445392163265158,0.17395320620841345,0.02307982042214756,0.48041530611613525,0.19775483619336315,0.5754287418556664,0.021374101210504017
dim 44,44,0.3412208221800177,Polarizability_group3_D0,-0.17742741642092208,4.5689474952165345e-08,-0.06064172084889116,0.06352476072996413,9.008432487617016e-08,0.10324705636889547,0.11678569557203092
dim 44,44,0.3412208221800177,Polarizability_group3_D25,-0.06520179833751887,0.04600842077241511,0.1164331578142368,0.0003549858213353887,0.05770489124290892,0.001201269142107597,-0.05123135947671793
dim 44,44,0.3412208221800177,Polarizability_group3_D50,-0.09073624079698342,0.005444174863318443,0.001170320648783268,0.9714607783382644,0.007482939935589959,0.9790823776855169,0.08956592014820015
dim 44,44,0.3412208221800177,Polarizability_group3_D75,-0.11885675742335673,0.000266006704920107,-0.057395248213655554,0.07908889225245888,0.0004092410844924723,0.12407557544537935,0.06146150920970118
dim 44,44,0.3412208221800177,Polarizability_group3_D100,0.0875383493787209,0.007336736722354632,-0.01572753718837873,0.6306485721247279,0.009916301446941831,0.7137804916626876,0.07181081219034217
dim 44,44,0.3412208221800177,Charge_C1,0.23893922819514632,1.2450974172321963e-13,-0.1157033499312266,0.00038679999176235416,3.2796730075359115e-13,0.0013010191062298722,0.12323587826391971
dim 44,44,0.3412208221800177,Charge_C2,-0.36190226124376845,2.2532013836548332e-30,0.1122276992724802,0.000578213616158704,1.496161554951718e-29,0.0018516140728380359,0.24967456197128823
dim 44,44,0.3412208221800177,Charge_C3,0.3654327183791372,5.595448002103938e-31,-0.06977726509205454,0.032706628793363765,3.798535838826657e-30,0.059694065666576486,0.29565545328708265
dim 44,44,0.3412208221800177,Charge_T12,0.16554062557723861,3.474430528393579e-07,-0.11518905998746376,0.00041079599162320194,6.604779718175614e-07,0.0013693199720773398,0.050351565589774855
dim 44,44,0.3412208221800177,Charge_T13,0.27788802657866324,4.468743615065311e-18,-0.146759920959159,6.457232019711413e-06,1.608362464904972e-17,3.287676058816481e-05,0.13112810561950425
dim 44,44,0.3412208221800177,Charge_T23,0.37055042282755124,7.200606856051234e-32,-0.008784642552185171,0.7882774202826515,5.1170269998321535e-31,0.8402550884411195,0.36176578027536604
dim 44,44,0.3412208221800177,Charge_group1_D0,-0.01735200524091443,0.5957766008493895,0.03729392719877067,0.25409596099594184,0.630711203434853,0.3371793840788422,-0.01994192195785624
dim 44,44,0.3412208221800177,Charge_group1_D25,-0.14397425906036773,9.675351676410647e-06,-0.01442483482182774,0.6592243628277851,1.6538216273905607e-05,0.7371289473515262,0.12954942423854
dim 44,44,0.3412208221800177,Charge_group1_D50,-0.01563591326901527,0.6326411260780405,0.03394836990210654,0.29922948788139403,0.6663580451279265,0.38737460834257986,-0.01831245663309127
dim 44,44,0.3412208221800177,Charge_group1_D75,-0.12650465884359718,0.00010325826546151898,-0.04844992086218778,0.13834965655016165,0.00016501560126386288,0.20108261656986073,0.07805473798140941
dim 44,44,0.3412208221800177,Charge_group1_D100,0.05007702479328134,0.12557291280438837,-0.021236774772723302,0.5161620480652874,0.14568028091929738,0.6109075976392842,0.02884025002055804
dim 44,44,0.3412208221800177,Charge_group2_D0,-0.04978449382355951,0.12779970014546405,-0.10859375300207531,0.0008699649832702169,0.14805792524656605,0.0026535918211164607,-0.0588092591785158
dim 44,44,0.3412208221800177,Charge_group2_D25,0.20476624868622195,2.5033598233583104e-10,0.07706962254103229,0.018299717175161268,5.529908604508437e-10,0.03697583506656905,0.12769662614518967
dim 44,44,0.3412208221800177,Charge_group2_D50,0.04881670770002981,0.1353855546578895,0.08192973763212744,0.012114974381579373,0.15619611487300553,0.026055385984851968,-0.03311302993209762
dim 44,44,0.3412208221800177,Charge_group2_D75,0.10309401775539072,0.0015778775868080215,0.12920321712979094,7.298909092032447e-05,0.0022735595944515926,0.00028314002749579994,-0.02610919937440022
dim 44,44,0.3412208221800177,Charge_group2_D100,-0.1586330441146095,1.0593453430205687e-06,0.03120867413832088,0.3399475090901659,1.930285567751609e-06,0.4313923557603169,0.12742436997628862
dim 44,44,0.3412208221800177,Charge_group3_D0,-0.003566043437614884,0.9131922982778978,-0.03767647666578573,0.24925380514602793,0.9198016514620563,0.33207327849530643,-0.034110433228170846
dim 44,44,0.3412208221800177,Charge_group3_D25,-0.25168365366777606,5.27865033185529e-15,-0.093704107395468,0.004094148569417676,1.5264668492118328e-14,0.010303806777776914,0.15797954627230806
dim 44,44,0.3412208221800177,Charge_group3_D50,-0.06294356029073758,0.05409572882835951,-0.07925123999800567,0.01524543073099767,0.0669527712452752,0.03170593937828905,-0.016307679707268083
dim 44,44,0.3412208221800177,Charge_group3_D75,-0.03420903246191348,0.29553220616100245,-0.09866252859534597,0.0024990785587122918,0.3274975343655435,0.006709744683359368,-0.06445349613343249
dim 44,44,0.3412208221800177,Charge_group3_D100,0.16137222492052627,6.846669672706299e-07,0.013147049182579156,0.6877448625819471,1.270437594824391e-06,0.7618798809365517,0.1482251757379471
dim 44,44,0.3412208221800177,SecondaryStructure_C1,0.4239136100677649,3.703500772636365e-42,-0.01855753556152186,0.5704796734686021,4.3864158087253404e-41,0.6586249946025341,0.40535607450624306
dim 44,44,0.3412208221800177,SecondaryStructure_C2,-0.2070068380970424,1.5790558294099927e-10,-0.04792760436309549,0.14265647513830826,3.537254507196093e-10,0.2067126364260085,0.15907923373394692
dim 44,44,0.3412208221800177,SecondaryStructure_C3,-0.42673247537707615,9.362719142516895e-43,0.06557463919585166,0.0447762534803593,1.1330247078263198e-41,0.07775459991141327,0.3611578361812245
dim 44,44,0.3412208221800177,SecondaryStructure_T12,0.28952075674538025,1.497395470188602e-19,-0.09603497753255617,0.003255171199589854,5.808711812346029e-19,0.008480711237620992,0.19348577921282406
dim 44,44,0.3412208221800177,SecondaryStructure_T13,0.2808693860403758,1.9002549030118476e-18,0.02499053139015405,0.4448256782679089,6.966906011042339e-18,0.5392804956133633,0.25587885465022175
dim 44,44,0.3412208221800177,SecondaryStructure_T23,-0.3769082895908726,5.352649465391065e-33,0.06406819399627305,0.04993116410951743,3.972855380979146e-32,0.08487027385536297,0.3128400955945995
dim 44,44,0.3412208221800177,SecondaryStructure_group1_D0,-0.11449069004889481,0.0004456079301825751,-0.09987040149779729,0.0022085523298175386,0.0006749798126121547,0.006031532936705298,0.014620288551097524
dim 44,44,0.3412208221800177,SecondaryStructure_group1_D25,0.0238100305063977,0.4666342843551995,-0.020959700648558226,0.5216526646926197,0.5038986452461579,0.6157977996489216,0.002850329857839475
dim 44,44,0.3412208221800177,SecondaryStructure_group1_D50,0.12914933658717542,7.3501337490806e-05,-0.0018820372089835497,0.9541204871582485,0.00011917207146567575,0.9674445741070279,0.12726729937819187
dim 44,44,0.3412208221800177,SecondaryStructure_group1_D75,0.18996619576361878,4.610994905974977e-09,0.06010257872326029,0.06591899158831176,9.5775640459928e-09,0.10656797284848077,0.12986361704035848
dim 44,44,0.3412208221800177,SecondaryStructure_group1_D100,0.1616647422271044,6.532026057450243e-07,0.01042101747439531,0.7500488642995607,1.2147531754946442e-06,0.8102080228850365,0.15124372475270909
dim 44,44,0.3412208221800177,SecondaryStructure_group2_D0,-0.09852187202442161,0.002535088044277501,-0.03655508448228896,0.2636320273472496,0.003595411493794842,0.3468022730759408,0.061966787542132654
dim 44,44,0.3412208221800177,SecondaryStructure_group2_D25,0.08273242073229592,0.01129488192890978,0.04380522357268763,0.18032628846545445,0.014999962482130683,0.25274435731205114,0.03892719715960829
dim 44,44,0.3412208221800177,SecondaryStructure_group2_D50,-0.005314646773367527,0.8709375254652174,0.04461323138631194,0.1724140864045329,0.8801607670359535,0.24287770923287214,-0.03929858461294441
dim 44,44,0.3412208221800177,SecondaryStructure_group2_D75,-0.19012637117797831,4.473254154585278e-09,-0.05392314428056416,0.09902294379299711,9.30303167890089e-09,0.15115933833117476,0.13620322689741415
dim 44,44,0.3412208221800177,SecondaryStructure_group2_D100,-0.08242984875005512,0.011598051341546697,-0.015164247699282327,0.6429403988825382,0.01537812285858117,0.7225507847468633,0.06726560105077278
dim 44,44,0.3412208221800177,SecondaryStructure_group3_D0,0.04172562669345528,0.20192325889041784,-0.11770918431178687,0.0003051578075882716,0.22762264269917723,0.0010485875281325383,-0.07598355761833159
dim 44,44,0.3412208221800177,SecondaryStructure_group3_D25,0.017085873196117946,0.6014292023936968,-0.021185225343543775,0.5171813028017767,0.6358890585612369,0.6117219054751837,-0.004099352147425829
dim 44,44,0.3412208221800177,SecondaryStructure_group3_D50,-0.1460217556436849,7.192809356193732e-06,-0.029860427466616483,0.3612295160881764,1.2402675916203959e-05,0.4552267172742676,0.1161613281770684
dim 44,44,0.3412208221800177,SecondaryStructure_group3_D75,-0.0692333874521323,0.034092190898616176,-0.030297245257017505,0.3542448047205234,0.0434278861942708,0.4469881555597084,0.03893614219511479
dim 44,44,0.3412208221800177,SecondaryStructure_group3_D100,-0.04934785964896837,0.1311803043449639,0.11067197246084101,0.0006897351946591044,0.15160630329141156,0.0021651461937607225,-0.06132411281187264
dim 44,44,0.3412208221800177,SolventAccessibility_C1,0.17955433136572574,3.131211209349419e-08,0.17418869632077238,8.052391528708362e-08,6.225146094778013e-08,6.154459429264515e-07,0.005365635044953354
dim 44,44,0.3412208221800177,SolventAccessibility_C2,0.34823678125685653,4.206649020827947e-28,-0.15206577500378027,2.9279986914798854e-06,2.452043233781037e-27,1.6218102204880294e-05,0.19617100625307626
dim 44,44,0.3412208221800177,SolventAccessibility_C3,-0.49913083662171354,3.49067460674678e-60,-0.020100088041772844,0.5388759689320451,8.268690203215777e-59,0.6306397113640612,0.4790307485799407
dim 44,44,0.3412208221800177,SolventAccessibility_T12,0.45956655465247376,3.8372240559819526e-50,-0.028495669521098766,0.38360237859297763,6.132214520085991e-49,0.476648788876691,0.431070885131375
dim 44,44,0.3412208221800177,SolventAccessibility_T13,-0.312717773250464,1.0540674245069338e-22,0.09335994609897909,0.00423340940595517,4.744723986325011e-22,0.010575607640905213,0.21935782715148494
dim 44,44,0.3412208221800177,SolventAccessibility_T23,-0.06729885472253146,0.039433532325678144,-0.10164300645174444,0.0018378483287298409,0.0498705028276278,0.005132452690600057,-0.034344151729212985
dim 44,44,0.3412208221800177,SolventAccessibility_group1_D0,-0.00892989089057349,0.7848619863866247,-0.06189486993181431,0.058236003510154045,0.8039284299363831,0.0961959701898687,-0.052964979041240826
dim 44,44,0.3412208221800177,SolventAccessibility_group1_D25,0.1866955312662971,8.516458565070431e-09,0.0058415832035840776,0.8582703613475864,1.7386901960473863e-08,0.8958196896565432,0.18085394806271302
dim 44,44,0.3412208221800177,SolventAccessibility_group1_D50,0.22407744211272645,3.96648109411883e-12,0.011886775306173755,0.7163160027717447,9.620949059082711e-12,0.7846820102517637,0.21219066680655269
dim 44,44,0.3412208221800177,SolventAccessibility_group1_D75,0.212511107675585,4.9783597557393107e-11,0.02484793370044533,0.44742880836791976,1.1571135409999511e-10,0.5418463451591197,0.18766317397513968
dim 44,44,0.3412208221800177,SolventAccessibility_group1_D100,-0.0127518811297869,0.6966580502504036,0.015293862002614499,0.6401032014710225,0.7237442885960648,0.7198466979505775,-0.0025419808728275994
dim 44,44,0.3412208221800177,SolventAccessibility_group2_D0,-0.020182965283746655,0.537203115252296,-0.06271753780613128,0.05496670798078579,0.5756363185571604,0.09159728685996038,-0.04253457252238462
dim 44,44,0.3412208221800177,SolventAccessibility_group2_D25,-0.410424865450238,2.2340187870512465e-39,-0.054184502309670285,0.09739497538603771,2.2542666914656083e-38,0.14901475849260923,0.35624036314056773
dim 44,44,0.3412208221800177,SolventAccessibility_group2_D50,-0.22862023617993124,1.412315119637812e-12,-0.05915061116466963,0.07032758238135065,3.4915858620209418e-12,0.11265905283151614,0.1694696250152616
dim 44,44,0.3412208221800177,SolventAccessibility_group2_D75,-0.26449308232711394,1.8335855281561723e-16,-0.08521441176634023,0.009061684577606387,5.911366471082641e-16,0.02038116261899349,0.1792786705607737
dim 44,44,0.3412208221800177,SolventAccessibility_group2_D100,0.21150361959502864,6.164204636523961e-11,0.02064451350040767,0.5279348153817319,1.418914092762924e-10,0.6208810856954171,0.19085910609462098
dim 44,44,0.3412208221800177,SolventAccessibility_group3_D0,-0.22509807372153962,3.1512641781482608e-12,-0.09884906554456029,0.00245204383892066,7.688255920390935e-12,0.006597775467581968,0.12624900817697932
dim 44,44,0.3412208221800177,SolventAccessibility_group3_D25,0.03304837423782054,0.31223115998161227,0.030287809411977572,0.35439477782600676,0.34497256842162916,0.4470085188590871,0.002760564825842967
dim 44,44,0.3412208221800177,SolventAccessibility_group3_D50,-0.07307140820140962,0.025302420745325044,0.016193089515649715,0.620565783276441,0.03267984736635176,0.7057166210906751,0.056878318685759904
dim 44,44,0.3412208221800177,SolventAccessibility_group3_D75,0.11254967998206783,0.0005573343452564626,0.10632967923406278,0.0011153005354617646,0.0008377572966501282,0.0033289578091530775,0.00622000074800505
dim 44,44,0.3412208221800177,SolventAccessibility_group3_D100,-0.17221990918643298,1.1306049835227869e-07,0.0031735343544353287,0.9227153527577021,2.1967543019000049e-07,0.9450687759002531,0.16904637483199766
dim 46,46,0.3135589680113602,AAC_A,0.1894608997312561,5.073063003129956e-09,0.08084884796224966,0.013302366482750653,1.0517709764403509e-08,0.02831733846551127,0.10861205176900644
dim 46,46,0.3135589680113602,AAC_C,0.10044014902128433,0.0020825388895235144,0.045497364244940906,0.16405670021373972,0.0029699743343332783,0.2325761369753356,0.05494278477634342
dim 46,46,0.3135589680113602,AAC_D,-0.3037223972846405,1.9024995264072455e-21,-0.20218410961276143,4.230020409354579e-10,8.084412745801781e-21,5.063895400445983e-09,0.10153828767187908
dim 46,46,0.3135589680113602,AAC_E,-0.5794112939872093,4.003816916114466e-85,-0.33260291303241246,1.2249270915229723e-25,2.431408818149512e-83,1.7788071676898816e-23,0.2468083809547968
dim 46,46,0.3135589680113602,AAC_F,-0.21161655176747238,6.018647849131099e-11,-0.1361522487249467,2.894576055108358e-05,1.3882792690675325e-10,0.00012658384916819636,0.07546430304252569
dim 46,46,0.3135589680113602,AAC_G,0.22495879047526074,3.2519908447584944e-12,0.07443461203833779,0.02269100362113675,7.916654097298376e-12,0.04411405826227983,0.15052417843692295
dim 46,46,0.3135589680113602,AAC_H,-0.4787358205302449,7.641686076449239e-55,-0.22549546691805403,2.88037174087476e-12,1.4501836076897988e-53,5.97542957423708e-11,0.2532403536121909
dim 46,46,0.3135589680113602,AAC_I,-0.33609407702251254,3.5482583001268916e-26,-0.19321172616702126,2.4814112685080616e-09,1.8781589100513184e-25,2.5501272728667463e-08,0.14288235085549128
dim 46,46,0.3135589680113602,AAC_K,-0.46180930490311933,1.1203173942440667e-50,-0.23463358321208436,3.4786235792625384e-13,1.825297608183016e-49,9.148506106092031e-12,0.22717572169103498
dim 46,46,0.3135589680113602,AAC_L,-0.3363215443269741,3.271257687900568e-26,-0.04720495727644257,0.1487836080391243,1.7370430330028452e-25,0.21359051590593847,0.2891165870505315
dim 46,46,0.3135589680113602,AAC_M,-0.30650698274380805,7.852924902292563e-22,-0.13808326775695057,2.220476615274074e-05,3.4107632215418934e-21,9.928235468561455e-05,0.1684237149868575
dim 46,46,0.3135589680113602,AAC_N,-0.0021829555003264438,0.9467949434211168,-0.010977824712767405,0.7371742082664229,0.9502088674959526,0.8004427358939702,-0.008794869212440961
dim 46,46,0.3135589680113602,AAC_P,0.5277347351532783,2.6132740737327872e-68,0.20806626905761463,1.2675899172307846e-10,7.460115731852571e-67,1.6602942445297334e-09,0.3196684660956637
dim 46,46,0.3135589680113602,AAC_Q,-0.06056341854811438,0.06386796882239247,0.07221699197146582,0.027068332407517562,0.07765526605998939,0.05077953179143516,-0.011653573423351438
dim 46,46,0.3135589680113602,AAC_R,0.15264070490327308,2.6831407309116437e-06,0.08570373154856926,0.008671032930842254,4.751691432261341e-06,0.019608158421809838,0.06693697335470382
dim 46,46,0.3135589680113602,AAC_S,0.5378374519067649,2.2740938382587845e-71,0.21257550356208943,4.910656751191483e-11,7.520270712657763e-70,7.069652391801532e-10,0.3252619483446755
dim 46,46,0.3135589680113602,AAC_T,0.6003142043840654,8.066380103639285e-93,0.31803619365348074,1.8170442679380546e-23,1.0776683818462085e-90,1.784978780856795e-21,0.2822780107305846
dim 46,46,0.3135589680113602,AAC_V,0.02302454009743169,0.4814675351988476,0.11037358190625048,0.0007132853978674302,0.5185751588404227,0.0022348716968829427,-0.08734904180881878
dim 46,46,0.3135589680113602,AAC_W,0.21232710640263025,5.176874108492632e-11,0.1989807188081765,8.03162036306244e-10,1.2015816207342175e-10,9.218423372037303e-09,0.013346387594453751
dim 46,46,0.3135589680113602,AAC_Y,-0.10232950921324281,0.0017103097828668275,-0.08617120442966618,0.008311932057737236,0.002454849451987625,0.018898470437605425,0.016158304783576632
dim 46,46,0.3135589680113602,Hydrophobicity_C1,-0.5724766762233303,1.0827958244351755e-82,-0.3022629516760354,3.0135886994385567e-21,5.671590950832486e-81,2.5163465640311948e-19,0.2702137245472949
dim 46,46,0.3135589680113602,Hydrophobicity_C2,0.5956617988557807,4.662385067531141e-91,0.2582178854333263,9.732594731245464e-16,4.718898825925457e-89,4.851771104829828e-14,0.33744391342245444
dim 46,46,0.3135589680113602,Hydrophobicity_C3,-0.4749853650169214,6.707339788743932e-54,-0.1146448709208658,0.00043769390846335956,1.23090741178048e-52,0.0014486736903802078,0.3603404940960556
dim 46,46,0.3135589680113602,Hydrophobicity_T12,-0.18717499731689446,7.78917962970032e-09,-0.22142561754607,7.1739510169638975e-12,1.5921578924846433e-08,1.2415024039719907e-10,-0.03425062022917555
dim 46,46,0.3135589680113602,Hydrophobicity_T13,-0.5393769785547916,7.608017047829039e-72,-0.18043262156718726,2.675296019954969e-08,2.6196677257473184e-70,2.2394708537968914e-07,0.35894435698760435
dim 46,46,0.3135589680113602,Hydrophobicity_T23,0.2664543889663585,1.0782628775496578e-16,0.1814143477749694,2.2417342106564816e-08,3.527324202757941e-16,1.8859930134994077e-07,0.08504004119138908
dim 46,46,0.3135589680113602,Hydrophobicity_group1_D0,-0.016185957674078943,0.6207197132875678,0.0010013454966743764,0.9755799817597214,0.6546270421157172,0.9811614390477174,0.015184612177404567
dim 46,46,0.3135589680113602,Hydrophobicity_group1_D25,0.4702851203647313,9.826200390400857e-53,0.1325616860973869,4.694603416358831e-05,1.7273425949441508e-51,0.00019454063784911285,0.3377234342673444
dim 46,46,0.3135589680113602,Hydrophobicity_group1_D50,0.23931458749571197,1.1373305585426292e-13,0.058387450357657474,0.07403372860788544,3.012437799787773e-13,0.11769283843423958,0.1809271371380545
dim 46,46,0.3135589680113602,Hydrophobicity_group1_D75,0.23936096274053334,1.1246684823377272e-13,-0.00043562446923383453,0.9893749936992824,2.9860037607376856e-13,0.9914528889755785,0.2389253382712995
dim 46,46,0.3135589680113602,Hydrophobicity_group1_D100,-0.27139287514894694,2.777401393653076e-17,-0.12637965091185632,0.00010491378289595049,9.55357430978504e-17,0.0003932795004180411,0.14501322423709062
dim 46,46,0.3135589680113602,Hydrophobicity_group2_D0,-0.23179266910982707,6.776660383881079e-13,-0.12986820483380399,6.69382908229795e-05,1.7018079460272785e-12,0.0002629911342839987,0.10192446427602309
dim 46,46,0.3135589680113602,Hydrophobicity_group2_D25,-0.4341445574565684,2.364966163974858e-44,-0.13798871486156505,2.2496750845377866e-05,2.992040525634858e-43,0.0001003192894840615,0.2961558425950033
dim 46,46,0.3135589680113602,Hydrophobicity_group2_D50,-0.18759091581275264,7.2074306887051345e-09,-0.00524719148643746,0.8725615608990464,1.476860030691727e-08,0.907043786621954,0.18234372432631518
dim 46,46,0.3135589680113602,Hydrophobicity_group2_D75,-0.24181422755880264,6.199424093526246e-14,-0.08604603644255433,0.008406757015037743,1.676605382378758e-13,0.019088081869630225,0.1557681911162483
dim 46,46,0.3135589680113602,Hydrophobicity_group2_D100,0.15321093528454832,2.4597370170106246e-06,0.036530284161981785,0.26395633925632267,4.372284000433999e-06,0.34695559744829507,0.11668065112256654
dim 46,46,0.3135589680113602,Hydrophobicity_group3_D0,0.33176872595881535,1.6430852419395849e-25,0.10216930256903811,0.001739323922576675,8.417031760856155e-25,0.004898264672349152,0.22959942338977724
dim 46,46,0.3135589680113602,Hydrophobicity_group3_D25,0.3779659993867377,3.454061487623562e-33,0.10865796211621553,0.0008637985194242938,2.5866738494759407e-32,0.002637191092209453,0.26930803727052216
dim 46,46,0.3135589680113602,Hydrophobicity_group3_D50,0.1771694039657382,4.781777775065337e-08,0.028966070342033124,0.3757970633009228,9.422500158535827e-08,0.4696659855391651,0.14820333362370505
dim 46,46,0.3135589680113602,Hydrophobicity_group3_D75,0.04995200798552453,0.1265208367786215,0.019229964236502126,0.5565950005954367,0.14667809609184165,0.6459441633039467,0.030722043749022404
dim 46,46,0.3135589680113602,Hydrophobicity_group3_D100,0.073989398864029,0.02351691439316116,0.07603156222154117,0.01993208165740713,0.030479819197965958,0.039509289457412354,-0.0020421633575121723
dim 46,46,0.3135589680113602,NormVanDerWaalsVolume_C1,0.5889671576535913,1.4254740250947223e-88,0.2520553737046406,4.800748899433162e-15,1.2529166431095717e-86,1.955426990744727e-13,0.3369117839489507
dim 46,46,0.3135589680113602,NormVanDerWaalsVolume_C2,-0.5315164428358317,1.9218516625565852e-69,-0.18015448253434702,2.8122279058709334e-08,5.731236207981245e-68,2.3307298276945206e-07,0.35136196030148464
dim 46,46,0.3135589680113602,NormVanDerWaalsVolume_C3,-0.48248516158700777,8.478576106647436e-56,-0.2376952702393166,1.6788863262800951e-13,1.71626934522439e-54,4.712168344349175e-12,0.24478989134769116
dim 46,46,0.3135589680113602,NormVanDerWaalsVolume_T12,0.22828609548367734,1.524920138419119e-12,0.07771830129679615,0.017340063588785256,3.767184365621196e-12,0.035353698180165864,0.1505677941868812
dim 46,46,0.3135589680113602,NormVanDerWaalsVolume_T13,-0.05086341712125636,0.11973634273964501,-0.06180157217750827,0.05861674963731276,0.1391992289420168,0.09650988399108394,-0.010938155056251911
dim 46,46,0.3135589680113602,NormVanDerWaalsVolume_T23,-0.48990896202567136,1.0053535733204865e-57,-0.19066115141047324,4.04172586569793e-09,2.2237622085367053e-56,3.98211338980268e-08,0.2992478106151981
dim 46,46,0.3135589680113602,NormVanDerWaalsVolume_group1_D0,-0.23211071928815824,6.291905429818179e-13,-0.13120750550773977,5.616077168901256e-05,1.581261409751145e-12,0.00022626897158178763,0.10090321378041847
dim 46,46,0.3135589680113602,NormVanDerWaalsVolume_group1_D25,-0.3371745953386607,2.410278167213566e-26,-0.046277658207222155,0.15693728847551314,1.2880526525589297e-25,0.22352688422525113,0.2908969371314385
dim 46,46,0.3135589680113602,NormVanDerWaalsVolume_group1_D50,-0.10589959644290835,0.001168578655219392,0.03758968626984211,0.2503466748103984,0.0017029025778502482,0.3333542383241656,0.06830991017306623
dim 46,46,0.3135589680113602,NormVanDerWaalsVolume_group1_D75,-0.19661175559556923,1.281653098108162e-09,-0.015337539072757388,0.6391483100217983,2.716193748528719e-09,0.7197824464187272,0.18127421652281184
dim 46,46,0.3135589680113602,NormVanDerWaalsVolume_group1_D100,0.20523627205330802,2.2736826031895057e-10,0.1682076519528446,2.230983761134981e-07,5.042563011057735e-10,1.6024700563851263e-06,0.03702862010046343
dim 46,46,0.3135589680113602,NormVanDerWaalsVolume_group2_D0,0.013836730169534616,0.6722927177961988,-0.053705789973011335,0.10039326972928726,0.7023639904408208,0.15290174231455517,-0.03986905980347672
dim 46,46,0.3135589680113602,NormVanDerWaalsVolume_group2_D25,0.37040461983048373,7.637676877014635e-32,0.14298599992994201,1.1147943520787594e-05,5.416102074146259e-31,5.396250921656604e-05,0.2274186199005417
dim 46,46,0.3135589680113602,NormVanDerWaalsVolume_group2_D50,0.12354352111444589,0.00014991637838272526,0.09256977518503402,0.004569508138593433,0.00023618901122561434,0.011280234429343729,0.030973745929411864
dim 46,46,0.3135589680113602,NormVanDerWaalsVolume_group2_D75,0.07997970112735804,0.014330478107419727,0.1410396911252736,1.469549762718096e-05,0.018903553269661092,6.942427450464555e-05,-0.06105998999791555
dim 46,46,0.3135589680113602,NormVanDerWaalsVolume_group2_D100,-0.11627451461060692,0.0003616862122477162,0.018666549686396368,0.5682175385738293,0.0005523694325136589,0.6568436137151378,0.09760796492421056
dim 46,46,0.3135589680113602,NormVanDerWaalsVolume_group3_D0,0.18798866535240855,6.690683709197924e-09,0.0727171854171155,0.026022071954432055,1.3794372585630289e-08,0.049242901035582466,0.11527147993529305
dim 46,46,0.3135589680113602,NormVanDerWaalsVolume_group3_D25,0.10301624753903009,0.0015909053222311943,-0.09537601635025408,0.003474899763627503,0.0022883823325806152,0.008948469707413925,0.007640231188776006
dim 46,46,0.3135589680113602,NormVanDerWaalsVolume_group3_D50,0.0417250121983874,0.20192990728073715,-0.14010760909784312,1.675293819131763e-05,0.22762264269917723,7.814918094832525e-05,-0.09838259689945572
dim 46,46,0.3135589680113602,NormVanDerWaalsVolume_group3_D75,0.014507513519516001,0.6573953319338283,-0.19279073607906186,2.6907171215441286e-09,0.6887391495166205,2.7229967369709072e-08,-0.17828322255954585
dim 46,46,0.3135589680113602,NormVanDerWaalsVolume_group3_D100,-0.1637676688370851,4.6461297442280805e-07,-0.13881400967824992,2.0066608428893433e-05,8.752438435263277e-07,9.079948081724073e-05,0.024953659158835184
dim 46,46,0.3135589680113602,Polarity_C1,-0.4912520631219599,4.4543267206430936e-58,-0.14670877317665507,6.505791326298141e-06,9.984866608689887e-57,3.3073581476157975e-05,0.3445432899453048
dim 46,46,0.3135589680113602,Polarity_C2,0.6230992995001341,6.975252615896895e-102,0.29061894058369175,1.0776952286679246e-19,1.941445311424636e-99,7.317284035884189e-18,0.33248035891644234
dim 46,46,0.3135589680113602,Polarity_C3,-0.6232375196055536,6.113386149040714e-102,-0.3368256206538215,2.7313807768770366e-26,1.941445311424636e-99,4.6113762868875145e-24,0.28641189895173214
dim 46,46,0.3135589680113602,Polarity_T12,0.40273560985332213,7.553161145140437e-38,0.19266001231012203,2.7591328690730874e-09,6.988243275559297e-37,2.7757541514169012e-08,0.2100755975432001
dim 46,46,0.3135589680113602,Polarity_T13,-0.5910189035854394,2.502886787159282e-89,-0.22887308819070887,1.3325584059319507e-12,2.388469105460572e-87,3.007260186359943e-11,0.36214581539473056
dim 46,46,0.3135589680113602,Polarity_T23,0.011365389309249546,0.7282558529020933,-0.09881639714472129,0.0024602222085649693,0.751660861771629,0.0066107338508503595,-0.08745100783547174
dim 46,46,0.3135589680113602,Polarity_group1_D0,0.2117148125313034,5.894735733024994e-11,-0.0018100527849336755,0.955873470381941,1.360636997118416e-10,0.9683213007468765,0.2099047597463697
dim 46,46,0.3135589680113602,Polarity_group1_D25,0.2796846501774363,2.6725844160037847e-18,0.029327821653288545,0.36986166430433615,9.713201250764571e-18,0.4638895827174175,0.25035682852414776
dim 46,46,0.3135589680113602,Polarity_group1_D50,0.1387377265298773,2.0280310669986314e-05,-0.013000099245021171,0.6910544061787913,3.4072554143739584e-05,0.7643894193210404,0.1257376272848561
dim 46,46,0.3135589680113602,Polarity_group1_D75,0.09012330090046311,0.0057686056410269915,-0.057477004452857944,0.07866202532150884,0.007909336141637994,0.12358003978073355,0.032646296447605166
dim 46,46,0.3135589680113602,Polarity_group1_D100,0.0048381801320581536,0.8824200526516881,0.043204019984252114,0.18638589490927077,0.8909561595697214,0.259530552356077,-0.03836583985219396
dim 46,46,0.3135589680113602,Polarity_group2_D0,-0.23070363764991242,8.730230833127166e-13,-0.11291384084217937,0.000534565741897328,2.17118175596759e-12,0.00172841198251411,0.11778979680773305
dim 46,46,0.3135589680113602,Polarity_group2_D25,-0.41272672591098936,7.64764807383817e-40,-0.08184993594858947,0.012199318124166442,8.057774311236433e-39,0.02621989867098836,0.3308767899623999
dim 46,46,0.3135589680113602,Polarity_group2_D50,-0.21657674029036242,2.0792974364847998e-11,0.03397536655619508,0.29884513854674494,4.918451443243082e-11,0.38702705030869644,0.18260137373416735
dim 46,46,0.3135589680113602,Polarity_group2_D75,-0.22239304272146176,5.784292479877678e-12,0.014144994978947518,0.6654300806455905,1.3969296372228087e-11,0.7420822936081043,0.20824804774251424
dim 46,46,0.3135589680113602,Polarity_group2_D100,0.13150899063039004,5.397212829642405e-05,0.09953254235351322,0.0022865353034014903,8.823637225161838e-05,0.0062190781053428155,0.03197644827687682
dim 46,46,0.3135589680113602,Polarity_group3_D0,0.035519692143915475,0.27740584550315633,0.02235437382447197,0.4943228152688759,0.30843392942095277,0.5888153363045812,0.013165318319443505
dim 46,46,0.3135589680113602,Polarity_group3_D25,0.5302114150580545,4.747760522062603e-69,0.15798329643602635,1.1736385665527976e-06,1.40332036669815e-67,7.081270932772553e-06,0.3722281186220281
dim 46,46,0.3135589680113602,Polarity_group3_D50,0.2839088867190161,7.861721449967827e-19,0.027107555559904555,0.4072066670344799,2.9636737745928377e-18,0.5005779418090404,0.2568013311591115
dim 46,46,0.3135589680113602,Polarity_group3_D75,0.20900320903534028,1.0427200036546881e-10,-0.059026546817063354,0.07091951929477704,2.3547564653189035e-10,0.1134166752807847,0.14997666221827693
dim 46,46,0.3135589680113602,Polarity_group3_D100,-0.2707586316457649,3.311143783421242e-17,-0.18863571520953598,5.925980086842009e-09,1.132920230432361e-16,5.6712818023072524e-08,0.08212291643622893
dim 46,46,0.3135589680113602,Polarizability_C1,0.5218781453960523,1.3947838344783898e-66,0.21478457486814884,3.061905766646061e-11,3.7730773953371003e-65,4.58599339040262e-10,0.3070935705279034
dim 46,46,0.3135589680113602,Polarizability_C2,-0.37290263082437236,2.7712685265327346e-32,-0.10060455527665887,0.002047420549573073,2.0034711858483406e-31,0.005632936273125259,0.27229807554771346
dim 46,46,0.3135589680113602,Polarizability_C3,-0.48248516158700777,8.478576106647436e-56,-0.2376952702393166,1.6788863262800951e-13,1.71626934522439e-54,4.712168344349175e-12,0.24478989134769116
dim 46,46,0.3135589680113602,Polarizability_T12,0.5199992028432682,4.915415528523983e-66,0.21726544528424546,1.79033786512635e-11,1.3133990292216083e-64,2.9027808104475774e-10,0.3027337575590227
dim 46,46,0.3135589680113602,Polarizability_T13,-0.08489341663178167,0.009326400803248648,-0.08571610124314263,0.008661355302557561,0.012470047511149114,0.019599543841830797,-0.0008226846113609659
dim 46,46,0.3135589680113602,Polarizability_T23,-0.46343524829894656,4.56265184052732e-51,-0.17119291175538912,1.3474995029396037e-07,7.544186706614479e-50,9.858718063804973e-07,0.29224233654355747
dim 46,46,0.3135589680113602,Polarizability_group1_D0,-0.20230664587401878,4.126664502313463e-10,-0.1212727430125166,0.0001984352280523139,8.985045265793329e-10,0.0007065817288856381,0.08103390286150218
dim 46,46,0.3135589680113602,Polarizability_group1_D25,-0.3601450078248024,4.4781798624076385e-30,-0.09819103079225196,0.002621662091732032,2.9156180780587745e-29,0.007005081109107989,0.26195397703255047
dim 46,46,0.3135589680113602,Polarizability_group1_D50,-0.26957517614830456,4.590736326645345e-17,-0.02345275273212616,0.4733495551503515,1.5379196921760733e-16,0.5689051868305772,0.2461224234161784
dim 46,46,0.3135589680113602,Polarizability_group1_D75,-0.21323667876736369,4.265530618912777e-11,0.021044239993393887,0.5199742232743347,9.94199041672622e-11,0.6141925090698246,0.1921924387739698
dim 46,46,0.3135589680113602,Polarizability_group1_D100,0.10884983637527451,0.0008456117556954769,0.13834176056893693,2.1424793991241692e-05,0.0012486044491701559,9.602938666200172e-05,-0.029491924193662422
dim 46,46,0.3135589680113602,Polarizability_group2_D0,-0.09040693597757617,0.005616372997429538,-0.06370966383724726,0.05122865444437513,0.0077101051423816925,0.08685467301736698,0.02669727214032891
dim 46,46,0.3135589680113602,Polarizability_group2_D25,0.33754948485729425,2.1068859616496378e-26,0.22205031574161802,6.24348019444865e-12,1.1331721597278245e-25,1.111885663076755e-10,0.11549916911567623
dim 46,46,0.3135589680113602,Polarizability_group2_D50,0.3656360877478501,5.161254794049895e-31,0.1932205903542938,2.477179023546709e-09,3.5180797983931936e-30,2.5501272728667463e-08,0.17241549739355633
dim 46,46,0.3135589680113602,Polarizability_group2_D75,0.15443226312711358,2.0396899727674468e-06,0.09350414343420987,0.004174547711109953,3.656771073023764e-06,0.010452016008326268,0.06092811969290371
dim 46,46,0.3135589680113602,Polarizability_group2_D100,0.12162877134636149,0.00018996101413364282,0.13958280631700995,1.8029086764024628e-05,0.0002962337285093711,8.316612039733548e-05,-0.017954034970648458
dim 46,46,0.3135589680113602,Polarizability_group3_D0,0.18798866535240855,6.690683709197924e-09,0.0727171854171155,0.026022071954432055,1.3794372585630289e-08,0.049242901035582466,0.11527147993529305
dim 46,46,0.3135589680113602,Polarizability_group3_D25,0.10301624753903009,0.0015909053222311943,-0.09537601635025408,0.003474899763627503,0.0022883823325806152,0.008948469707413925,0.007640231188776006
dim 46,46,0.3135589680113602,Polarizability_group3_D50,0.0417250121983874,0.20192990728073715,-0.14010760909784312,1.675293819131763e-05,0.22762264269917723,7.814918094832525e-05,-0.09838259689945572
dim 46,46,0.3135589680113602,Polarizability_group3_D75,0.014507513519516001,0.6573953319338283,-0.19279073607906186,2.6907171215441286e-09,0.6887391495166205,2.7229967369709072e-08,-0.17828322255954585
dim 46,46,0.3135589680113602,Polarizability_group3_D100,-0.1637676688370851,4.6461297442280805e-07,-0.13881400967824992,2.0066608428893433e-05,8.752438435263277e-07,9.079948081724073e-05,0.024953659158835184
dim 46,46,0.3135589680113602,Charge_C1,-0.40260162312652176,8.024522581244558e-38,-0.18780672099600249,6.9224345437090485e-09,7.4038412766179065e-37,6.440370856821232e-08,0.21479490213051927
dim 46,46,0.3135589680113602,Charge_C2,0.5786631711712195,7.373301467599457e-85,0.3341977959366014,6.968667708851915e-26,4.3204959476810854e-83,1.1083500070269238e-23,0.24446537523461803
dim 46,46,0.3135589680113602,Charge_C3,-0.5670493748241641,7.905263391664278e-81,-0.3479639289661332,4.6575424085405615e-28,3.568051314616039e-79,1.037079442968365e-25,0.21908544585803086
dim 46,46,0.3135589680113602,Charge_T12,-0.314882016383578,5.176520501047517e-23,-0.15999302784453676,8.53732354804016e-07,2.3749420980080643e-22,5.349842523537361e-06,0.15488898853904123
dim 46,46,0.3135589680113602,Charge_T13,-0.45660309048596687,1.925018682100754e-49,-0.1826353761906416,1.7967626447505534e-08,2.9629319807449396e-48,1.550694375572829e-07,0.2739677142953253
dim 46,46,0.3135589680113602,Charge_T23,-0.5352695787955796,1.3948757868454471e-70,-0.32976060004036145,3.3196830480968922e-25,4.437033455298851e-69,4.1097146638497003e-23,0.20550897875521812
dim 46,46,0.3135589680113602,Charge_group1_D0,0.04717539634267205,0.14903845290697815,0.012129086422062795,0.7107903018273665,0.1706508168355526,0.7801641827484075,0.03504630992060925
dim 46,46,0.3135589680113602,Charge_group1_D25,0.17134750416884634,1.3124560571092527e-07,0.05323410891638742,0.10341892128367923,2.544169025388801e-07,0.15693739077123517,0.11811339525245892
dim 46,46,0.3135589680113602,Charge_group1_D50,-0.006835540337263747,0.834477793758586,-0.10694885024031314,0.0010425278269201332,0.8481910624326467,0.0031313335808572343,-0.1001133099030494
dim 46,46,0.3135589680113602,Charge_group1_D75,0.06264301521261827,0.05525642784976287,-0.11129172310366155,0.0006431097569145047,0.06825313203336095,0.002045701512470901,-0.04864870789104328
dim 46,46,0.3135589680113602,Charge_group1_D100,-0.07277414259689192,0.02590517725962489,-0.01122875979829451,0.7313957537774873,0.033406676466079976,0.7967585836975889,0.06154538279859741
dim 46,46,0.3135589680113602,Charge_group2_D0,-0.03633784164505176,0.2664822318921781,-0.05671909893385107,0.08269176491448141,0.29688147248828384,0.12924215948262419,-0.02038125728879931
dim 46,46,0.3135589680113602,Charge_group2_D25,-0.1971994686074556,1.1419595351468245e-09,-0.0463706470364704,0.15610469659354093,2.4263007935053398e-09,0.2224358731324346,0.1508288215709852
dim 46,46,0.3135589680113602,Charge_group2_D50,0.0329220789432256,0.31408496810815445,0.08522596884339899,0.009052279940348993,0.3469060163628425,0.02038116261899349,-0.052303889900173386
dim 46,46,0.3135589680113602,Charge_group2_D75,0.04953885348482136,0.12969312859137017,0.19711708479273435,1.1606082531667963e-09,0.15009530474538335,1.2777438570841968e-08,-0.14757823130791298
dim 46,46,0.3135589680113602,Charge_group2_D100,0.21849835297699155,1.3679198440866628e-11,0.06204094403136485,0.05764400009464938,3.256487725765826e-11,0.09535956429724067,0.1564574089456267
dim 46,46,0.3135589680113602,Charge_group3_D0,-0.06228633336076555,0.05666074334885382,-0.1020051592720454,0.001769519065396882,0.06975557787879534,0.00497491050372524,-0.03971882591127985
dim 46,46,0.3135589680113602,Charge_group3_D25,0.25644356322611916,1.5476962167401133e-15,0.0890490866784393,0.006379404168067406,4.631994053684569e-15,0.015100786620372173,0.16739447654767986
dim 46,46,0.3135589680113602,Charge_group3_D50,-0.017904093295821738,0.5841281656038991,-0.09037371714301055,0.005634013172290551,0.6198563016896076,0.013576914859632354,-0.07246962384718882
dim 46,46,0.3135589680113602,Charge_group3_D75,-0.11829713307078629,0.00028447143835348037,-0.22554106821850275,2.8507844455416757e-12,0.00043624178333362,5.97542957423708e-11,-0.10724393514771646
dim 46,46,0.3135589680113602,Charge_group3_D100,-0.2561987312824809,1.6495399590916675e-15,-0.21052301129140102,7.581363362655484e-11,4.91477561406438e-15,1.0377767881667751e-09,0.04567571999107986
dim 46,46,0.3135589680113602,SecondaryStructure_C1,-0.5546780833981868,1.0432550278559402e-76,-0.22193271009029997,6.40912281735777e-12,4.35558974129855e-75,1.126656326840787e-10,0.33274537330788684
dim 46,46,0.3135589680113602,SecondaryStructure_C2,0.25802512613969586,1.0237393369000938e-15,0.1453725498611591,7.905266754103108e-06,3.1112733259748076e-15,3.952633377051554e-05,0.11265257627853675
dim 46,46,0.3135589680113602,SecondaryStructure_C3,0.567482936704212,5.627707278035997e-81,0.18628855092913946,9.185145651068969e-09,2.574868809402771e-79,8.38207280725966e-08,0.3811943857750726
dim 46,46,0.3135589680113602,SecondaryStructure_T12,-0.39579145382518066,1.6786112205678823e-36,-0.06208312874383242,0.05747396804519728,1.4412754438809068e-35,0.09512539805300244,0.33370832508134823
dim 46,46,0.3135589680113602,SecondaryStructure_T13,-0.38137728305214763,8.317210578388051e-34,-0.22019651362411852,9.417474486605349e-12,6.31351893904911e-33,1.5886042820839326e-10,0.1611807694280291
dim 46,46,0.3135589680113602,SecondaryStructure_T23,0.5278623827821068,2.3941943281489782e-68,0.21778637942933227,1.598225701858028e-11,6.893628496566885e-67,2.6039384605882017e-10,0.3100760033527746
dim 46,46,0.3135589680113602,SecondaryStructure_group1_D0,0.046677023174573756,0.15338516886119014,-0.04150454513055798,0.2043254946719574,0.17532733196316735,0.2813055037940386,0.005172478044015778
dim 46,46,0.3135589680113602,SecondaryStructure_group1_D25,-0.0637716071406967,0.05100249380181326,-0.058725553925435506,0.07237258268287404,0.06349173660009552,0.11538158766625264,0.0050460532152611925
dim 46,46,0.3135589680113602,SecondaryStructure_group1_D50,-0.23075231176029878,8.63218515273465e-13,-0.21135342028161172,6.363131202848753e-11,2.1483977950919323e-12,9.005448397252049e-10,0.019398891478687064
dim 46,46,0.3135589680113602,SecondaryStructure_group1_D75,-0.24810278967508756,1.3065112047281913e-14,-0.18405443334445984,1.3867304434774346e-08,3.685597486310945e-14,1.2156639583240503e-07,0.06404835633062772
dim 46,46,0.3135589680113602,SecondaryStructure_group1_D100,-0.17310347733196096,9.713441774997514e-08,-0.004752580006315535,0.8844856472444036,1.890611627534481e-07,0.9166095025704242,0.16835089732564543
dim 46,46,0.3135589680113602,SecondaryStructure_group2_D0,0.07050309054452814,0.030932756535541894,-0.036167953390223426,0.2687258482196067,0.03964520599720258,0.3522544478231894,0.03433513715430471
dim 46,46,0.3135589680113602,SecondaryStructure_group2_D25,-0.09153284377786916,0.005047132704567397,-0.06604853744965715,0.04325032680155502,0.006963000096346594,0.07559188462438189,0.02548430632821201
dim 46,46,0.3135589680113602,SecondaryStructure_group2_D50,0.06261708818672224,0.055357521276021865,0.06949134005028372,0.033428917416009056,0.06835272497667765,0.06081295434067007,-0.006874251863561484
dim 46,46,0.3135589680113602,SecondaryStructure_group2_D75,0.20900403869173734,1.0425392837438022e-10,0.07992418340883664,0.01439846612734646,2.3547564653189035e-10,0.030283927497063712,0.1290798552829007
dim 46,46,0.3135589680113602,SecondaryStructure_group2_D100,0.14082020448365953,1.515713303682415e-05,0.14236515536556205,1.217980687934966e-05,2.5632822452148183e-05,5.8702099533950744e-05,-0.0015449508819025126
dim 46,46,0.3135589680113602,SecondaryStructure_group3_D0,-0.19317058974213996,2.501144238810929e-09,-0.18027955434662735,2.7498332881032677e-08,5.237505804155801e-09,2.2961107955662286e-07,0.012891035395512618
dim 46,46,0.3135589680113602,SecondaryStructure_group3_D25,-0.017019398504797206,0.6028448768208301,0.03524846951717227,0.2810933881782517,0.6371841419561938,0.36716930641977347,-0.018229071012375062
dim 46,46,0.3135589680113602,SecondaryStructure_group3_D50,0.1857247956747797,1.019619314498907e-08,0.10505001862897034,0.0012807869338646706,2.071489361573205e-08,0.0037590758867381367,0.08067477704580936
dim 46,46,0.3135589680113602,SecondaryStructure_group3_D75,0.0879286752225539,0.007077792266857142,0.07290718119618812,0.025633903354107403,0.009590193172942334,0.04867381307715675,0.015021494026365781
dim 46,46,0.3135589680113602,SecondaryStructure_group3_D100,0.15970872085742546,8.93260475165351e-07,0.09051777872740613,0.005557871624631595,1.6383800038727468e-06,0.013403098358317348,0.06919094213001933
dim 46,46,0.3135589680113602,SolventAccessibility_C1,-0.07011948392531442,0.03185971441349293,0.04737625945334655,0.14731334708605992,0.040801934870040794,0.21235501910549856,0.022743224471967867
dim 46,46,0.3135589680113602,SolventAccessibility_C2,-0.5724766762233303,1.0827958244351755e-82,-0.3022629516760354,3.0135886994385567e-21,5.671590950832486e-81,2.5163465640311948e-19,0.2702137245472949
dim 46,46,0.3135589680113602,SolventAccessibility_C3,0.6302079350095009,7.244520498214201e-105,0.2723812344646406,2.1099576267880238e-17,3.456671209147919e-102,1.236361135696842e-15,0.3578267005448603
dim 46,46,0.3135589680113602,SolventAccessibility_T12,-0.5977114572882543,7.869242734958803e-92,-0.22823726623310936,1.5420954024612885e-12,9.063196805090483e-90,3.433732429480469e-11,0.3694741910551449
dim 46,46,0.3135589680113602,SolventAccessibility_T13,0.47446758791754773,9.033786739047837e-54,0.20919578639222933,1.001581560624242e-10,1.6487894922633758e-52,1.3327818376434135e-09,0.2652718015253184
dim 46,46,0.3135589680113602,SolventAccessibility_T23,-0.05398080152369368,0.09866195203611831,-0.15454367023317164,2.005001057713008e-06,0.11673075444585022,1.152616787050163e-05,-0.10056286870947796
dim 46,46,0.3135589680113602,SolventAccessibility_group1_D0,-0.056876687702711606,0.08184039783275146,-0.06760897335475059,0.03853231285828982,0.09783089470534298,0.06841994946660714,-0.010732285652038986
dim 46,46,0.3135589680113602,SolventAccessibility_group1_D25,-0.26620193472436143,1.1548117705644374e-16,-0.15787796998125442,1.1932477190203634e-06,3.770353190308134e-16,7.180986273023448e-06,0.10832396474310702
dim 46,46,0.3135589680113602,SolventAccessibility_group1_D50,-0.33069235793924284,2.396949557599839e-25,-0.22613267524021904,2.4928800820533947e-12,1.2185405665728253e-24,5.3033245057696425e-11,0.1045596826990238
dim 46,46,0.3135589680113602,SolventAccessibility_group1_D75,-0.20857074261809883,1.1412053303116979e-10,0.023999593927536814,0.463092859077011,2.568480999488592e-10,0.5575811641374249,0.18457114869056201
dim 46,46,0.3135589680113602,SolventAccessibility_group1_D100,0.09125076400974488,0.00518463474911416,0.16117120886917158,7.071289789140588e-07,0.00714974403882795,4.4816144014667105e-06,-0.0699204448594267
dim 46,46,0.3135589680113602,SolventAccessibility_group2_D0,-0.016185957674078943,0.6207197132875678,0.0010013454966743764,0.9755799817597214,0.6546270421157172,0.9811614390477174,0.015184612177404567
dim 46,46,0.3135589680113602,SolventAccessibility_group2_D25,0.4702851203647313,9.826200390400857e-53,0.1325616860973869,4.694603416358831e-05,1.7273425949441508e-51,0.00019454063784911285,0.3377234342673444
dim 46,46,0.3135589680113602,SolventAccessibility_group2_D50,0.23931458749571197,1.1373305585426292e-13,0.058387450357657474,0.07403372860788544,3.012437799787773e-13,0.11769283843423958,0.1809271371380545
dim 46,46,0.3135589680113602,SolventAccessibility_group2_D75,0.23936096274053334,1.1246684823377272e-13,-0.00043562446923383453,0.9893749936992824,2.9860037607376856e-13,0.9914528889755785,0.2389253382712995
dim 46,46,0.3135589680113602,SolventAccessibility_group2_D100,-0.27139287514894694,2.777401393653076e-17,-0.12637965091185632,0.00010491378289595049,9.55357430978504e-17,0.0003932795004180411,0.14501322423709062
dim 46,46,0.3135589680113602,SolventAccessibility_group3_D0,0.22162468587175532,6.863609305085082e-12,0.0833352241928766,0.01071175417028545,1.6516178010795514e-11,0.023630950415292867,0.13828946167887873
dim 46,46,0.3135589680113602,SolventAccessibility_group3_D25,0.03389673422361421,0.299965538075751,0.12229809020293017,0.00017494145209238747,0.3321899526435704,0.0006282843548264239,-0.08840135597931596
dim 46,46,0.3135589680113602,SolventAccessibility_group3_D50,0.15889294057435824,1.0166907992050691e-06,0.16411085066456738,4.393057018698921e-07,1.8565367583881241e-06,2.9055070183078014e-06,-0.005217910090209138
dim 46,46,0.3135589680113602,SolventAccessibility_group3_D75,-0.08220014660328899,0.011832998398579295,-0.05772996515533817,0.07735310515249809,0.01567098122571564,0.12186762792893567,0.024470181447950823
dim 46,46,0.3135589680113602,SolventAccessibility_group3_D100,0.21080443002552762,7.144977398320253e-11,0.0482126943692922,0.14029317116652187,1.6356562378608392e-10,0.20364154354462538,0.16259173565623541
dim 42,42,0.3007782335938279,AAC_A,-0.032489346277804455,0.3204914752198531,0.18285327298678303,1.7269265384589158e-08,0.3538649676807634,1.4981648411565658e-07,-0.15036392670897858
dim 42,42,0.3007782335938279,AAC_C,-0.11400950999484434,0.00047117240839984666,-0.07076776662821259,0.03030674595539886,0.0007127336250251303,0.05608007284821728,0.04324174336663175
dim 42,42,0.3007782335938279,AAC_D,0.2369410237278752,2.010830738850763e-13,0.0700235688987593,0.03209516780348247,5.230665629097779e-13,0.05880299531740617,0.1669174548291159
dim 42,42,0.3007782335938279,AAC_E,0.28137233207365286,1.6432930074465431e-18,-0.24908255558602138,1.021031999139333e-14,6.064749883835861e-18,3.875280542187923e-13,0.03228977648763148
dim 42,42,0.3007782335938279,AAC_F,0.07157898645022905,0.02845530670789547,-0.1143997741100319,0.0004503368859086694,0.03661044853789325,0.0014804381879281062,-0.04282078765980285
dim 42,42,0.3007782335938279,AAC_G,-0.07063933312396048,0.03060914577464032,0.17754497046212858,4.4750471291419556e-08,0.03924550744234114,3.5757553615631893e-07,-0.1069056373381681
dim 42,42,0.3007782335938279,AAC_H,0.3834780931087318,3.4316528797131685e-34,0.06304165136880611,0.05372132848442014,2.6288350041839408e-33,0.0902561555019936,0.3204364417399257
dim 42,42,0.3007782335938279,AAC_I,0.14232973593465156,1.2241338772491664e-05,-0.1545212673860722,2.011930882717612e-06,2.078600482975199e-05,1.1546132557176674e-05,-0.012191531451420629
dim 42,42,0.3007782335938279,AAC_K,0.2947266636806422,3.1090565765715244e-20,-0.06708643702816706,0.040061084995311955,1.2461335536190975e-19,0.07087077536246925,0.22764022665247513
dim 42,42,0.3007782335938279,AAC_L,0.18785329302462292,6.862382076258101e-09,-0.171698507326308,1.2361272112970764e-07,1.4122215733026528e-08,9.076305523227428e-07,0.01615478569831491
dim 42,42,0.3007782335938279,AAC_M,0.11448232793857573,0.0004460409418820899,-0.19148678705789265,3.4538211461157298e-09,0.0006753294405649049,3.4332626869126604e-08,-0.07700445911931693
dim 42,42,0.3007782335938279,AAC_N,0.014970458179376306,0.6471920673171082,0.029044277951337242,0.374508929561339,0.6797551902009878,0.46862638466964,-0.014073819771960936
dim 42,42,0.3007782335938279,AAC_P,-0.43637313834453234,7.685534040420766e-45,-0.06698870068338955,0.0403526598120792,1.0066542625492296e-43,0.07131104961499711,0.3693844376611428
dim 42,42,0.3007782335938279,AAC_Q,0.04877608529726739,0.13571140300737133,-0.054559438640695734,0.0950969197525235,0.15651798551264512,0.1465730096785549,-0.005783353343428346
dim 42,42,0.3007782335938279,AAC_R,-0.1416763280824437,1.3431009796482885e-05,-0.06435768418623641,0.04890370048048785,2.277135671078824e-05,0.08346364823956537,0.0773186438962073
dim 42,42,0.3007782335938279,AAC_S,-0.39429686000051956,3.2408560940995895e-36,0.03104956943694973,0.3424163619440164,2.7613416720134253e-35,0.4341953868234681,0.3632472905635698
dim 42,42,0.3007782335938279,AAC_T,-0.3505049813581498,1.7973901305122278e-28,0.16738065455926818,2.561406957082644e-07,1.075857174894416e-27,1.816369264682809e-06,0.1831243267988816
dim 42,42,0.3007782335938279,AAC_V,0.1121220990900504,0.0005852182223629354,0.15475339999549012,1.94122654078109e-06,0.0008773020030036824,1.1198094380326149e-05,-0.04263130090543972
dim 42,42,0.3007782335938279,AAC_W,-0.10805552810030888,0.0009232800090932564,0.012240918268441982,0.7082451588940981,0.0013590811945224663,0.7778818910576415,0.0958146098318669
dim 42,42,0.3007782335938279,AAC_Y,0.0551723900301199,0.09143362393433757,-0.0063052294881632606,0.847154585273473,0.1087866508759849,0.8867114744009401,0.04886716054195664
dim 42,42,0.3007782335938279,Hydrophobicity_C1,0.33110746835586635,2.0724729949058516e-25,-0.15970689134387483,8.935204472225192e-07,1.0551920431380404e-24,5.5163739255512274e-06,0.17140057701199152
dim 42,42,0.3007782335938279,Hydrophobicity_C2,-0.3383576721669211,1.5754770737172506e-26,0.22744974064990234,1.8467444569642497e-12,8.556249473521328e-26,4.057977951487233e-11,0.11090793151701875
dim 42,42,0.3007782335938279,Hydrophobicity_C3,0.26208745164736297,3.4954724532195655e-16,-0.23693075343868447,2.01576811809876e-13,1.1090947787758926e-15,5.518578290532671e-12,0.025156698208678496
dim 42,42,0.3007782335938279,Hydrophobicity_T12,0.13736813106571483,2.4505640580399543e-05,0.09075779985496457,0.005433069060817349,4.1088774868742206e-05,0.013121077847527075,0.046610331210750255
dim 42,42,0.3007782335938279,Hydrophobicity_T13,0.3239131201093864,2.498065198217337e-24,-0.1959326885366076,1.46382370056831e-09,1.2039737030369273e-23,1.5873932337331674e-08,0.12798043157277877
dim 42,42,0.3007782335938279,Hydrophobicity_T23,-0.13930199614754085,1.8749370659092608e-05,0.05448979566277671,0.09552046377338613,3.156396068617405e-05,0.1470900640862654,0.08481220048476415
dim 42,42,0.3007782335938279,Hydrophobicity_group1_D0,-0.01953940422039248,0.5502612459012839,-0.05816789163809803,0.07512901798908854,0.5884958569677515,0.11892460667467095,-0.038628487417705554
dim 42,42,0.3007782335938279,Hydrophobicity_group1_D25,-0.3858911239356151,1.2314491814281035e-34,-0.021679665930250974,0.5074480813056783,9.700566665023268e-34,0.6016601318995263,0.36421145800536414
dim 42,42,0.3007782335938279,Hydrophobicity_group1_D50,-0.23856894727831124,1.361201199936442e-13,-0.08169359437590357,0.012366065215989633,3.5714155599275064e-13,0.026510049949554155,0.15687535290240767
dim 42,42,0.3007782335938279,Hydrophobicity_group1_D75,-0.2604985813363931,5.333414431290367e-16,-0.08313652705286088,0.010900943138321075,1.663268366060675e-15,0.023930916850558814,0.1773620542835322
dim 42,42,0.3007782335938279,Hydrophobicity_group1_D100,0.20512012247517883,2.3284498754946585e-10,0.01661164216340536,0.611561198184258,5.157176779941751e-10,0.6959503924822562,0.18850848031177347
dim 42,42,0.3007782335938279,Hydrophobicity_group2_D0,0.11665046952071034,0.0003459955093089574,-0.07249708470578298,0.02647807934629924,0.0005288901606827998,0.04987974338219936,0.044153384814927366
dim 42,42,0.3007782335938279,Hydrophobicity_group2_D25,0.34318634231789924,2.725238823495711e-27,0.006910879796045932,0.8326802437953619,1.5349574486468254e-26,0.8754019560203049,0.3362754625218533
dim 42,42,0.3007782335938279,Hydrophobicity_group2_D50,0.18940680804927473,5.125113735864837e-09,0.0422073057702321,0.19676073117568782,1.0612448777302267e-08,0.2716745936861502,0.14719950227904263
dim 42,42,0.3007782335938279,Hydrophobicity_group2_D75,0.28177688627884556,1.4617325673615792e-18,0.17046471446345107,1.5250900255807794e-07,5.418631270796531e-18,1.1097604979171684e-06,0.11131217181539449
dim 42,42,0.3007782335938279,Hydrophobicity_group2_D100,-0.055697703097332504,0.08838499692907488,0.11510479910197202,0.0004148573910101198,0.10531783437142707,0.001378730035794826,-0.05940709600463952
dim 42,42,0.3007782335938279,Hydrophobicity_group3_D0,-0.30857601670490814,4.043856037820174e-22,-0.08866258192479408,0.0066130003912857884,1.7725038276009686e-21,0.015576460724185143,0.21991343478011405
dim 42,42,0.3007782335938279,Hydrophobicity_group3_D25,-0.28295466860296,1.0383862615542207e-18,0.028477714182791346,0.3839022601176324,3.888127930034862e-18,0.47666674676315696,0.25447695442016866
dim 42,42,0.3007782335938279,Hydrophobicity_group3_D50,-0.14848816989814542,5.005672635963854e-06,-0.002551027673278212,0.9378407728253677,8.730520419905625e-06,0.9558706686715679,0.1459371422248672
dim 42,42,0.3007782335938279,Hydrophobicity_group3_D75,-0.08463279279615478,0.009546374418014522,-0.08036212531002263,0.013869787913994434,0.012743761213496603,0.02932668331081593,0.004270667486132154
dim 42,42,0.3007782335938279,Hydrophobicity_group3_D100,-0.0727334840032432,0.02598857553456239,-0.05993508536764309,0.06667774164394424,0.0335012899596443,0.10753435880771307,0.01279839863560011
dim 42,42,0.3007782335938279,NormVanDerWaalsVolume_C1,-0.34430593333090764,1.8063342497012773e-27,0.2054717955079955,2.1664568628312485e-10,1.0225688803393671e-26,2.720287940547508e-09,0.13883413782291215
dim 42,42,0.3007782335938279,NormVanDerWaalsVolume_C2,0.31476392063674924,5.382148386316956e-23,-0.19838498937532392,9.03816530833108e-10,2.465895145445629e-22,1.016413203024438e-08,0.11637893126142532
dim 42,42,0.3007782335938279,NormVanDerWaalsVolume_C3,0.2772214236736407,5.4025876521679876e-18,-0.13514713515104723,3.318243409582804e-05,1.9402841675528044e-17,0.00014263749019313468,0.1420742885225935
dim 42,42,0.3007782335938279,NormVanDerWaalsVolume_T12,-0.16586191858058152,3.295099397328192e-07,0.015428095546020244,0.6371704188374694,6.267444183984147e-07,0.7186357492055265,0.1504338230345613
dim 42,42,0.3007782335938279,NormVanDerWaalsVolume_T13,0.05508956496541235,0.09192190684695332,0.055875376661621776,0.08737258721145336,0.10922062215184067,0.13592195681707228,-0.0007858116962094278
dim 42,42,0.3007782335938279,NormVanDerWaalsVolume_T23,0.25806955695660827,1.0118801567365345e-15,-0.2189019132910261,1.2521393519590748e-11,3.078032535063775e-15,2.091072717771655e-10,0.039167643665582175
dim 42,42,0.3007782335938279,NormVanDerWaalsVolume_group1_D0,0.11643490054983677,0.0003549128636475454,-0.07250052051133603,0.026470908384398077,0.0005422730853535232,0.04987974338219936,0.04393438003850074
dim 42,42,0.3007782335938279,NormVanDerWaalsVolume_group1_D25,0.25121029273362877,5.955372000534357e-15,-0.05908230493367052,0.07065298297952613,1.7176979690660408e-14,0.11307185584648648,0.19212798779995827
dim 42,42,0.3007782335938279,NormVanDerWaalsVolume_group1_D50,0.13936054068956477,1.85969809459494e-05,0.053289147138181246,0.10306218588960486,3.132320542585527e-05,0.15646713675967283,0.08607139355138352
dim 42,42,0.3007782335938279,NormVanDerWaalsVolume_group1_D75,0.25746096367425186,1.1867484176102077e-15,0.152692408305233,2.6621089614260047e-06,3.583851460052526e-15,1.4994003256598408e-05,0.10476855536901886
dim 42,42,0.3007782335938279,NormVanDerWaalsVolume_group1_D100,-0.06850074223381053,0.03603760131949234,0.08887628935652445,0.006482907612043068,0.04578379171057604,0.015302410900511553,-0.020375547122713916
dim 42,42,0.3007782335938279,NormVanDerWaalsVolume_group2_D0,-0.06452738137271426,0.0483096883915455,-0.054467613888734556,0.09565568171260358,0.06038711048943187,0.1472304041106433,0.0100597674839797
dim 42,42,0.3007782335938279,NormVanDerWaalsVolume_group2_D25,-0.2911343554285594,9.230806778716332e-20,-0.02118345295712669,0.5172163655874008,3.614407343600533e-19,0.6117219054751837,0.2699509024714327
dim 42,42,0.3007782335938279,NormVanDerWaalsVolume_group2_D50,-0.08939171329011465,0.006178554641655689,-0.02375977732837181,0.4675756244056426,0.008440234152609407,0.5625729774909389,0.06563193596174284
dim 42,42,0.3007782335938279,NormVanDerWaalsVolume_group2_D75,-0.07409668247545292,0.023315547329385542,-0.09445792218105893,0.0038035218693333902,0.030230562142914485,0.009675371701122256,-0.020361239705606007
dim 42,42,0.3007782335938279,NormVanDerWaalsVolume_group2_D100,0.11576730641412493,0.00038390905381848264,0.0091719999705511,0.779178138480266,0.0005852379003896541,0.8338529261531843,0.10659530644357383
dim 42,42,0.3007782335938279,NormVanDerWaalsVolume_group3_D0,-0.1576505805155802,1.2366607102991118e-06,-0.02953920481134832,0.36642049124487874,2.241153973086833e-06,0.46061138154230147,0.12811137570423187
dim 42,42,0.3007782335938279,NormVanDerWaalsVolume_group3_D25,-0.05234616878130936,0.10931069054600705,0.128029070123402,8.495277099907362e-05,0.12792491465440206,0.000325019765334371,-0.07568290134209264
dim 42,42,0.3007782335938279,NormVanDerWaalsVolume_group3_D50,-0.10139994100332542,0.0018850572661736097,-0.02065738958465899,0.5276774236113646,0.0026975540998371277,0.6208810856954171,0.08074255141866643
dim 42,42,0.3007782335938279,NormVanDerWaalsVolume_group3_D75,-0.1306595869201217,6.035491572819186e-05,-0.07828896016599012,0.016532561852962667,9.833435050349308e-05,0.0340178694957317,0.05237062675413158
dim 42,42,0.3007782335938279,NormVanDerWaalsVolume_group3_D100,0.08747252080421747,0.007381234486403493,-0.011332046998111954,0.7290216794438097,0.009956915664211497,0.7944314549240863,0.07614047380610552
dim 42,42,0.3007782335938279,Polarity_C1,0.2705741216741223,3.4845625407500874e-17,-0.2291399252241041,1.253176139454418e-12,1.1851770759781357e-16,2.866855003957367e-11,0.041434196450018224
dim 42,42,0.3007782335938279,Polarity_C2,-0.369945115124215,9.194547627115647e-32,0.1984714096029249,8.884879883390999e-10,6.506311244611497e-31,1.0025506354907412e-08,0.17147370552129013
dim 42,42,0.3007782335938279,Polarity_C3,0.38521029551885544,1.6457861065135345e-34,-0.13206604684313974,5.013878471811405e-05,1.287336205094896e-33,0.00020598221520110816,0.2531442486757157
dim 42,42,0.3007782335938279,Polarity_T12,-0.2470151440548694,1.715668966692072e-14,0.08013446024863691,0.014142447510393218,4.803297861484929e-14,0.02985826465531817,0.1668806838062325
dim 42,42,0.3007782335938279,Polarity_T13,0.3838065319043397,2.986352478514397e-34,-0.1464780093137747,6.7292469474912885e-06,2.3088928884810384e-33,3.410574325435646e-05,0.23732852259056503
dim 42,42,0.3007782335938279,Polarity_T23,-0.004391336096020242,0.8932112050908839,0.07243080999562225,0.026616731316129176,0.901054633665688,0.05002807124134578,-0.06803947389960201
dim 42,42,0.3007782335938279,Polarity_group1_D0,-0.23269153789482216,5.492813460856228e-13,-0.07602227771614715,0.019947236579560858,1.3877456096263088e-12,0.03951587792154998,0.156669260178675
dim 42,42,0.3007782335938279,Polarity_group1_D25,-0.20247069924032238,3.992135613764098e-10,0.06375741375281543,0.05105424129343826,8.697803620334043e-10,0.0866029283494585,0.13871328548750694
dim 42,42,0.3007782335938279,Polarity_group1_D50,-0.14308564787208486,1.0990290685934314e-05,-0.025414681171565073,0.4371339810539131,1.870926141234486e-05,0.5314989067055222,0.11767096670051978
dim 42,42,0.3007782335938279,Polarity_group1_D75,-0.15884221574875454,1.02488402918126e-06,-0.09784561938786542,0.0027149207958671517,1.868511275909066e-06,0.007196694808092292,0.060996596360889124
dim 42,42,0.3007782335938279,Polarity_group1_D100,0.023884414536577265,0.4652428556510368,0.020356819240077394,0.5337024095186745,0.5025585827537072,0.6250231584124729,0.0035275952964998712
dim 42,42,0.3007782335938279,Polarity_group2_D0,0.1222093631987002,0.00017686631978943413,-0.07217173795024105,0.027164754726699332,0.0002765606311314185,0.05091486014993028,0.050037625248459144
dim 42,42,0.3007782335938279,Polarity_group2_D25,0.3221936628213007,4.484492197214243e-24,-0.03232680586359611,0.3229197261696988,2.1428045691982218e-23,0.4132382702708023,0.2898668569577046
dim 42,42,0.3007782335938279,Polarity_group2_D50,0.2611727606196143,4.459603872686855e-16,0.0983256062861203,0.0025861260853883585,1.399913245749445e-15,0.0069267531076159725,0.162847154333494
dim 42,42,0.3007782335938279,Polarity_group2_D75,0.3245945360234379,1.979002494638826e-24,0.2128129085175703,4.668741396007048e-11,9.5934228332274e-24,6.75047457258162e-10,0.11178162750586762
dim 42,42,0.3007782335938279,Polarity_group2_D100,-0.015289539538236753,0.6401977338988049,0.11010780885566626,0.0007348871634023264,0.6734678523533885,0.0022960927275619924,-0.09481826931742951
dim 42,42,0.3007782335938279,Polarity_group3_D0,-0.05958156149419265,0.06830279696964067,-0.06160598441248427,0.05942163999998373,0.08262634620738857,0.09762335346775487,-0.0020244229182916212
dim 42,42,0.3007782335938279,Polarity_group3_D25,-0.4289180955897358,3.1947935606969428e-43,-0.014930660307684591,0.6480666479959901,3.894383391506492e-42,0.7270885469622462,0.41398743528205123
dim 42,42,0.3007782335938279,Polarity_group3_D50,-0.29613849383129476,2.0185280912762838e-20,-0.09444929917233806,0.0038067377455537335,8.162086955039694e-20,0.009676182701788029,0.20168919465895668
dim 42,42,0.3007782335938279,Polarity_group3_D75,-0.24958953442437545,8.98362961592434e-15,-0.07402859680716165,0.023443167390039855,2.571150207128303e-14,0.045417737286968164,0.1755609376172138
dim 42,42,0.3007782335938279,Polarity_group3_D100,0.17791019357006388,4.195077015684086e-08,0.010355334356449851,0.7515722820763225,8.28106219408088e-08,0.8115911484432322,0.16755485921361402
dim 42,42,0.3007782335938279,Polarizability_C1,-0.26408786840366955,2.0450357382291704e-16,0.25278061819827025,3.987540829826103e-15,6.58036547753895e-16,1.685871692610023e-13,0.0113072502053993
dim 42,42,0.3007782335938279,Polarizability_C2,0.15617091658420307,1.5585008394799839e-06,-0.2563206064911159,1.5980452801370731e-15,2.8091704284204786e-06,7.517565120644823e-14,-0.10014968990691281
dim 42,42,0.3007782335938279,Polarizability_C3,0.2772214236736407,5.4025876521679876e-18,-0.13514713515104723,3.318243409582804e-05,1.9402841675528044e-17,0.00014263749019313468,0.1420742885225935
dim 42,42,0.3007782335938279,Polarizability_T12,-0.34278505847014656,3.1567756390560673e-27,0.09465092298909358,0.0037321858022592034,1.769065542692494e-26,0.009522918700951673,0.24813413548105298
dim 42,42,0.3007782335938279,Polarizability_T13,0.11443724369359667,0.00044838228417836865,0.12039181411879106,0.00022095212831687298,0.0006785667553945407,0.0007792820576328994,-0.005954570425194386
dim 42,42,0.3007782335938279,Polarizability_T23,0.22027560679280805,9.254454634277888e-12,-0.2538976563619019,2.992652154387859e-15,2.2157618980995086e-11,1.2814689994430063e-13,-0.03362204956909387
dim 42,42,0.3007782335938279,Polarizability_group1_D0,0.09101072504757814,0.005304295325012874,-0.07607726963110072,0.019857620534907184,0.007302698427676422,0.03938506685664489,0.01493345541647742
dim 42,42,0.3007782335938279,Polarizability_group1_D25,0.25138888380323526,5.690590416940545e-15,-0.06295972126117148,0.05403389542271078,1.644167127385936e-14,0.09055354275557151,0.18842916254206377
dim 42,42,0.3007782335938279,Polarizability_group1_D50,0.2750487068258973,9.99225597686143e-18,0.07703622508576968,0.01835035798807182,3.531654493409225e-17,0.03703335086414494,0.19801248174012764
dim 42,42,0.3007782335938279,Polarizability_group1_D75,0.2934637646227112,4.5661207385609486e-20,0.16786065155941854,2.3642866267426295e-07,1.8134177487269405e-19,1.690945895785949e-06,0.12560311306329264
dim 42,42,0.3007782335938279,Polarizability_group1_D100,-3.591002514735944e-05,0.9991241184714766,0.07655807829051182,0.019088918076435406,0.9991241184714766,0.03813216888474537,-0.07652216826536447
dim 42,42,0.3007782335938279,Polarizability_group2_D0,0.008713886576181109,0.7899426853370609,-0.08144714457567775,0.012633012182783223,0.8085836864927317,0.02701297099263506,-0.07273325799949665
dim 42,42,0.3007782335938279,Polarizability_group2_D25,-0.23965355748920034,1.0479100127834689e-13,-0.03390649162786251,0.29982635709386557,2.8000155541574287e-13,0.3879109127619959,0.20574706586133784
dim 42,42,0.3007782335938279,Polarizability_group2_D50,-0.2976302369885412,1.2755085661067365e-20,-0.07298578511661481,0.02547478087690446,5.2017077054902313e-20,0.04842673200276659,0.2246444518719264
dim 42,42,0.3007782335938279,Polarizability_group2_D75,-0.1727758772995537,1.0276854300867633e-07,-0.11971569835281831,0.00023983513273003092,1.9991085244553228e-07,0.0008361684168249513,0.0530601789467354
dim 42,42,0.3007782335938279,Polarizability_group2_D100,-0.043133973020428124,0.18710156389890573,0.022018466542122812,0.5008345562110674,0.21190885840025267,0.5948746151297885,0.02111550647830531
dim 42,42,0.3007782335938279,Polarizability_group3_D0,-0.1576505805155802,1.2366607102991118e-06,-0.02953920481134832,0.36642049124487874,2.241153973086833e-06,0.46061138154230147,0.12811137570423187
dim 42,42,0.3007782335938279,Polarizability_group3_D25,-0.05234616878130936,0.10931069054600705,0.128029070123402,8.495277099907362e-05,0.12792491465440206,0.000325019765334371,-0.07568290134209264
dim 42,42,0.3007782335938279,Polarizability_group3_D50,-0.10139994100332542,0.0018850572661736097,-0.02065738958465899,0.5276774236113646,0.0026975540998371277,0.6208810856954171,0.08074255141866643
dim 42,42,0.3007782335938279,Polarizability_group3_D75,-0.1306595869201217,6.035491572819186e-05,-0.07828896016599012,0.016532561852962667,9.833435050349308e-05,0.0340178694957317,0.05237062675413158
dim 42,42,0.3007782335938279,Polarizability_group3_D100,0.08747252080421747,0.007381234486403493,-0.011332046998111954,0.7290216794438097,0.009956915664211497,0.7944314549240863,0.07614047380610552
dim 42,42,0.3007782335938279,Charge_C1,0.22101726695874216,7.854130344594277e-12,-0.1304421060880014,6.210037055333494e-05,1.887251464096754e-11,0.0002472172081622631,0.09057516087074075
dim 42,42,0.3007782335938279,Charge_C2,-0.32437161533133096,2.1358353227362724e-24,0.1618970430143385,6.292111802887468e-07,1.0323719215541461e-23,4.025987245525698e-06,0.16247457231699247
dim 42,42,0.3007782335938279,Charge_C3,0.32177718735583677,5.1643455380550165e-24,-0.13327400975679018,4.269287262483963e-05,2.4641305853005367e-23,0.0001793637667508986,0.18850317759904658
dim 42,42,0.3007782335938279,Charge_T12,0.14825245537914855,5.183444339610876e-06,-0.13114010022719128,5.666145446458385e-05,9.002966247686078e-06,0.00022801115411049406,0.017112355151957276
dim 42,42,0.3007782335938279,Charge_T13,0.25573606115918907,1.8603104912554934e-15,-0.16632713639452823,3.051162410706133e-07,5.508366170916089e-15,2.0925836656588265e-06,0.08940892476466084
dim 42,42,0.3007782335938279,Charge_T23,0.3260121536471957,1.2166605763514483e-24,-0.07664368123171604,0.01895481703804627,5.949701793578093e-24,0.03795508927282647,0.24936847241547966
dim 42,42,0.3007782335938279,Charge_group1_D0,-0.02686523072777223,0.41141420656177335,0.017951163100271412,0.5831399617145221,0.4480350342081262,0.6679573236094555,0.00891406762750082
dim 42,42,0.3007782335938279,Charge_group1_D25,-0.14415346204369175,9.42901388389013e-06,-0.0194571493754677,0.551941411532623,1.61336610513284e-05,0.642105299379645,0.12469631266822406
dim 42,42,0.3007782335938279,Charge_group1_D50,-0.031862890017611424,0.3299160332349121,0.0035151960709308796,0.9144252849491029,0.36342993107012084,0.9383042862457768,0.028347693946680543
dim 42,42,0.3007782335938279,Charge_group1_D75,-0.12990486131947265,6.661892893538518e-05,-0.05595041477351306,0.08694782472289826,0.00010832873546455037,0.1353872888459115,0.07395444654595959
dim 42,42,0.3007782335938279,Charge_group1_D100,0.04736678567380098,0.14739436834542516,-0.022442849428097947,0.49261522156949167,0.1689420694144544,0.5869906671573679,0.024923936245703035
dim 42,42,0.3007782335938279,Charge_group2_D0,-0.05730604186302544,0.07955680180603547,-0.11593169383861789,0.00037657071487566177,0.09537678321326579,0.0012704506946310205,-0.05862565197559245
dim 42,42,0.3007782335938279,Charge_group2_D25,0.19320398829437507,2.485111496801188e-09,0.06002479852227981,0.06627045011918534,5.207197239219553e-09,0.10708432675282005,0.13317918977209525
dim 42,42,0.3007782335938279,Charge_group2_D50,0.06373483841823806,0.05113663884585315,0.10356874926967805,0.0015004559783433204,0.06363501257270847,0.004305432102806435,-0.03983391085143999
dim 42,42,0.3007782335938279,Charge_group2_D75,0.10391368334582783,0.0014464111529791349,0.12587285815225557,0.00011188504287473641,0.0020913477276841173,0.00041707147678752193,-0.021959174806427742
dim 42,42,0.3007782335938279,Charge_group2_D100,-0.15021533470529932,3.8698960800749685e-06,0.037352804315409834,0.2533464928364262,6.795716565431334e-06,0.33658603264664416,0.1128625303898895
dim 42,42,0.3007782335938279,Charge_group3_D0,0.0331782487632291,0.31033233704816776,0.02701745519295885,0.40876809899434113,0.34323557672417904,0.5023125278296907,0.006160793570270249
dim 42,42,0.3007782335938279,Charge_group3_D25,-0.23291618412760814,5.211195705607137e-13,-0.06470860895730768,0.04768200870448457,1.3195901180233387e-12,0.08192279273301363,0.16820757517030047
dim 42,42,0.3007782335938279,Charge_group3_D50,-0.0620591293043617,0.05757065039231873,-0.0748442291394539,0.021953473352076515,0.07071937194201712,0.042980422623643356,-0.012785099835092205
dim 42,42,0.3007782335938279,Charge_group3_D75,-0.0363842623655002,0.26587142518087914,-0.09700497457030692,0.002954667473631553,0.29639871832581316,0.007776666163852945,-0.06062071220480672
dim 42,42,0.3007782335938279,Charge_group3_D100,0.14314582614248733,1.0896114421977754e-05,-0.012765794856257373,0.6963435000649204,1.855839988240984e-05,0.7686012195032499,0.13038003128622996
dim 42,42,0.3007782335938279,SecondaryStructure_C1,0.35233819139937966,8.994069284174626e-29,-0.1402478019721529,1.6426866424229903e-05,5.501866558451145e-28,7.684276450550123e-05,0.21209038942722677
dim 42,42,0.3007782335938279,SecondaryStructure_C2,-0.14577123204385217,7.46015577710034e-06,0.053375658173673214,0.10250343187680028,1.2850397264319306e-05,0.15568961458322553,0.09239557387017897
dim 42,42,0.3007782335938279,SecondaryStructure_C3,-0.37334693476389885,2.3118695273647358e-32,0.1497525513439951,4.1473256478091135e-06,1.6749770545332359e-31,2.1987408989972126e-05,0.22359438341990376
dim 42,42,0.3007782335938279,SecondaryStructure_T12,0.25875367027718243,8.45457233738381e-16,-0.13429745472436785,3.721634679852683e-05,2.5882925395840443e-15,0.00015850809017464395,0.12445621555281458
dim 42,42,0.3007782335938279,SecondaryStructure_T13,0.2486651794237562,1.1342507554003058e-14,-0.022787306179150944,0.48599733035108356,3.218689484313527e-14,0.5807264946685334,0.22587787324460526
dim 42,42,0.3007782335938279,SecondaryStructure_T23,-0.31412360992427096,6.645849423334683e-23,0.16517091276963503,3.6924320868513184e-07,3.0200186495153523e-22,2.471487609235151e-06,0.14895269715463594
dim 42,42,0.3007782335938279,SecondaryStructure_group1_D0,-0.11256506739204962,0.0005563543010795981,-0.09431881882480266,0.0038557012607318975,0.0008366606778954785,0.009785746360824117,0.018246248567246964
dim 42,42,0.3007782335938279,SecondaryStructure_group1_D25,0.005932963948050456,0.8560772427311368,-0.048932336866909766,0.13446135051316413,0.8675054583501205,0.19645709130094846,-0.04299937291885931
dim 42,42,0.3007782335938279,SecondaryStructure_group1_D50,0.10015571417812083,0.0021446014844792812,-0.04640071960256443,0.15583615377817148,0.0030545709842903198,0.2222428495384683,0.0537549945755564
dim 42,42,0.3007782335938279,SecondaryStructure_group1_D75,0.17919113887338733,3.3409834132669877e-08,0.044992385820806356,0.16879194605992717,6.63429524394277e-08,0.2383784777336815,0.13419875305258097
dim 42,42,0.3007782335938279,SecondaryStructure_group1_D100,0.1453573791780229,7.922695044477875e-06,-0.011994699632151022,0.7138530270068523,1.3633076480451368e-05,0.7830112020370728,0.1333626795458719
dim 42,42,0.3007782335938279,SecondaryStructure_group2_D0,-0.10813025105992534,0.0009157016914174576,-0.05430063429358024,0.09667849055343643,0.0013485201275724465,0.14819006812688282,0.0538296167663451
dim 42,42,0.3007782335938279,SecondaryStructure_group2_D25,0.0871494455192149,0.007603145047266349,0.05158194896934121,0.11459093638771259,0.010239719539463552,0.17193788298964963,0.03556749654987369
dim 42,42,0.3007782335938279,SecondaryStructure_group2_D50,-0.004185453073388973,0.8981899937633653,0.04329905832137115,0.18541812113151232,0.9049636739576592,0.2584710035806557,-0.03911360524798218
dim 42,42,0.3007782335938279,SecondaryStructure_group2_D75,-0.1881585086044852,6.48115683431144e-09,-0.05444216936759386,0.09581097741482474,1.3387176145083617e-08,0.14740150371511498,0.13371633923689133
dim 42,42,0.3007782335938279,SecondaryStructure_group2_D100,-0.05564717018682358,0.0886746589155846,0.028199144342072435,0.38857313423941087,0.10562530698218708,0.4812140409194039,0.027448025844751145
dim 42,42,0.3007782335938279,SecondaryStructure_group3_D0,0.045982207906983034,0.1596049631333918,-0.10081890794362362,0.0020024480116923185,0.18218748354939457,0.005531990371424602,-0.05483670003664059
dim 42,42,0.3007782335938279,SecondaryStructure_group3_D25,0.03623692822762796,0.2678133805736038,0.013390994087858514,0.6822640286654537,0.2981655637052789,0.7585758507798319,0.022845934139769444
dim 42,42,0.3007782335938279,SecondaryStructure_group3_D50,-0.11042032411161848,0.0007095476984100406,0.027471446718975986,0.4009366903305386,0.0010579863003078284,0.49377896228023554,0.08294887739264249
dim 42,42,0.3007782335938279,SecondaryStructure_group3_D75,-0.05373177142267752,0.10022867787570339,-0.004633226997825665,0.8873670299006966,0.1184585223300953,0.9176439633533757,0.049098544424851856
dim 42,42,0.3007782335938279,SecondaryStructure_group3_D100,-0.03421121959848772,0.2955013132179372,0.12711771679891823,9.548967098704595e-05,0.3274975343655435,0.00036201532474090066,-0.09290649720043051
dim 42,42,0.3007782335938279,SolventAccessibility_C1,0.14183594643202835,1.3130620075594755e-05,0.10520555612211828,0.0012595292194039801,2.2273372804716346e-05,0.003706456028906867,0.03663039030991007
dim 42,42,0.3007782335938279,SolventAccessibility_C2,0.33110746835586635,2.0724729949058516e-25,-0.15970689134387483,8.935204472225192e-07,1.0551920431380404e-24,5.5163739255512274e-06,0.17140057701199152
dim 42,42,0.3007782335938279,SolventAccessibility_C3,-0.4501502212638823,6.108370878024753e-48,0.06013043221601199,0.06579350600975327,8.987647018767698e-47,0.10646817348477515,0.3900197890478703
dim 42,42,0.3007782335938279,SolventAccessibility_T12,0.41787450999275677,6.747543796174462e-41,-0.09081884185006411,0.005401734929556529,7.413419828691678e-40,0.013064297367645769,0.32705566814269266
dim 42,42,0.3007782335938279,SolventAccessibility_T13,-0.2762230100259148,7.171665562070387e-18,0.14217572378030313,1.2512354747461578e-05,2.5482301039696907e-17,6.0044920770864465e-05,0.13404728624561169
dim 42,42,0.3007782335938279,SolventAccessibility_T23,-0.044526240942331645,0.17325325127091998,-0.05879469240741099,0.0720366769792462,0.19702616930366795,0.11501075578904509,-0.014268451465079345
dim 42,42,0.3007782335938279,SolventAccessibility_group1_D0,-0.014764554650418342,0.6517221394264388,-0.06794459212066767,0.037576740673764444,0.6839937414974177,0.06693670072019907,-0.053180037470249325
dim 42,42,0.3007782335938279,SolventAccessibility_group1_D25,0.1466810806074908,6.532227786857274e-06,-0.05662023184794156,0.08322953925388636,1.1275266567495243e-05,0.1299610383861526,0.09006084875954924
dim 42,42,0.3007782335938279,SolventAccessibility_group1_D50,0.20962318199010363,9.158594535901355e-11,-0.0052362113309225985,0.8728259671266347,2.0766942124854395e-10,0.907043786621954,0.20438697065918104
dim 42,42,0.3007782335938279,SolventAccessibility_group1_D75,0.20468165399228375,2.547033447985722e-10,0.018047417740101244,0.5811215768709144,5.622664716637351e-10,0.6673168977549575,0.1866342362521825
dim 42,42,0.3007782335938279,SolventAccessibility_group1_D100,-0.008163210279264537,0.8029352230617716,0.021538521530848388,0.5102167258702957,0.8201234388459685,0.6045136092255365,-0.01337531125158385
dim 42,42,0.3007782335938279,SolventAccessibility_group2_D0,-0.01953940422039248,0.5502612459012839,-0.05816789163809803,0.07512901798908854,0.5884958569677515,0.11892460667467095,-0.038628487417705554
dim 42,42,0.3007782335938279,SolventAccessibility_group2_D25,-0.3858911239356151,1.2314491814281035e-34,-0.021679665930250974,0.5074480813056783,9.700566665023268e-34,0.6016601318995263,0.36421145800536414
dim 42,42,0.3007782335938279,SolventAccessibility_group2_D50,-0.23856894727831124,1.361201199936442e-13,-0.08169359437590357,0.012366065215989633,3.5714155599275064e-13,0.026510049949554155,0.15687535290240767
dim 42,42,0.3007782335938279,SolventAccessibility_group2_D75,-0.2604985813363931,5.333414431290367e-16,-0.08313652705286088,0.010900943138321075,1.663268366060675e-15,0.023930916850558814,0.1773620542835322
dim 42,42,0.3007782335938279,SolventAccessibility_group2_D100,0.20512012247517883,2.3284498754946585e-10,0.01661164216340536,0.611561198184258,5.157176779941751e-10,0.6959503924822562,0.18850848031177347
dim 42,42,0.3007782335938279,SolventAccessibility_group3_D0,-0.22053904642345948,8.731137250052238e-12,-0.0932448089348264,0.004280947180960684,2.0934672229127406e-11,0.010662463523048981,0.12729423748863308
dim 42,42,0.3007782335938279,SolventAccessibility_group3_D25,0.05326669037216597,0.10320762336207019,0.06379650821752017,0.05091181324168134,0.12163495484450051,0.08640821777307622,-0.0105298178453542
dim 42,42,0.3007782335938279,SolventAccessibility_group3_D50,-0.0524523121813391,0.10859275149379598,0.047343501887081176,0.14759363947168275,0.12721844615548178,0.2126672803431494,0.005108810294257922
dim 42,42,0.3007782335938279,SolventAccessibility_group3_D75,0.10936888405992605,0.0007981756960653392,0.09813274347234664,0.002637191306671327,0.001181172718147201,0.007029703882108725,0.011236140587579407
dim 42,42,0.3007782335938279,SolventAccessibility_group3_D100,-0.16138095608299213,6.837070479417949e-07,0.014866462399041602,0.6494784552169014,1.2693616120764843e-06,0.7284278174695938,0.14651449368395053
dim 22,22,0.2922024283694447,AAC_A,-0.0515271322582292,0.11497725500823099,0.15992117594697636,8.635603021216214e-07,0.13413343755762888,5.374052981139396e-06,-0.10839404368874717
dim 22,22,0.2922024283694447,AAC_C,-0.11051779599235324,0.000701811823798358,-0.06485209654781897,0.04718990880411138,0.0010469189332230977,0.08128638236499845,0.045665699444534275
dim 22,22,0.2922024283694447,AAC_D,0.24177981377309354,6.251724388590662e-14,0.0748814078324814,0.02188757425290681,1.6893818331628487e-13,0.04287653841918401,0.16689840594061214
dim 22,22,0.2922024283694447,AAC_E,0.3043934262568426,1.5384985161844504e-21,-0.22609019158110957,2.5170435402894933e-12,6.579494294566024e-21,5.320838876308169e-11,0.07830323467573305
dim 22,22,0.2922024283694447,AAC_F,0.08336780263168905,0.010681014387689699,-0.10191445046250633,0.0017864111690459395,0.014207323000750137,0.0050181777162434296,-0.018546647830817276
dim 22,22,0.2922024283694447,AAC_G,-0.09196875504049914,0.004841109838316491,0.1511578855354962,3.3587702462151364e-06,0.006698138715814862,1.8241126215217162e-05,-0.05918913049499705
dim 22,22,0.2922024283694447,AAC_H,0.40333184835619124,5.767543085521764e-38,0.09171382213327198,0.004960655594966427,5.3808921524141595e-37,0.012076231550428475,0.31161802622291923
dim 22,22,0.2922024283694447,AAC_I,0.1539673995604673,2.1907464305766652e-06,-0.1463051708890644,6.9013930428509366e-06,3.9170733822944654e-06,3.492523145927595e-05,0.007662228671402899
dim 22,22,0.2922024283694447,AAC_K,0.3039722385640418,1.7579803241845195e-21,-0.06314134226375762,0.05334303744982942,7.479814372963434e-21,0.08975604286268526,0.2408308963002842
dim 22,22,0.2922024283694447,AAC_L,0.21432449686193392,3.379883355160919e-11,-0.1377629494005327,2.320875339822339e-05,7.916416834668633e-11,0.00010321869021313732,0.0765615474614012
dim 22,22,0.2922024283694447,AAC_M,0.12580670506731054,0.00011282656345349624,-0.1849813977546881,1.169574574468297e-08,0.00017936255208694785,1.0501019028828257e-07,-0.05917469268737757
dim 22,22,0.2922024283694447,AAC_N,0.008344858546311982,0.7986432481899941,0.018522377412278634,0.5712101472428109,0.8164886590004837,0.6589857323617894,-0.010177518865966653
dim 22,22,0.2922024283694447,AAC_P,-0.4405456068659067,9.159959869353429e-46,-0.06319931019997016,0.05312409320699857,1.2436693481154656e-44,0.08947779692958913,0.37734629666593655
dim 22,22,0.2922024283694447,AAC_Q,0.062247602291273144,0.05681500328963265,-0.03530940155702782,0.2802620766161964,0.06991971664973214,0.3662266572371267,0.026938200734245327
dim 22,22,0.2922024283694447,AAC_R,-0.13339160017147644,4.2026855383157576e-05,-0.04868680210773243,0.1364297035663701,6.911358787776775e-05,0.19881117360893374,0.08470479806374401
dim 22,22,0.2922024283694447,AAC_S,-0.41383241340423466,4.556216120844037e-40,0.007375633890522711,0.821611166403305,4.846420969305441e-39,0.8651265119126856,0.40645677951371195
dim 22,22,0.2922024283694447,AAC_T,-0.3727412190900142,2.9596804226360674e-32,0.1433227676977803,1.0623644642418727e-05,2.130459614569928e-31,5.164916027027445e-05,0.22941845139223388
dim 22,22,0.2922024283694447,AAC_V,0.1050547941748322,0.0012801293572730714,0.14722462948769133,6.031622793365354e-06,0.0018630205025237728,3.089819038319062e-05,-0.04216983531285913
dim 22,22,0.2922024283694447,AAC_W,-0.10642843693925229,0.0011033874131661943,0.019237447602543985,0.5564414100271702,0.0016121233420713426,0.6459441633039467,0.0871909893367083
dim 22,22,0.2922024283694447,AAC_Y,0.056871656185285044,0.0818674702698903,-0.005403318935664156,0.8688035055392175,0.09783089470534298,0.9037071655250658,0.05146833724962089
dim 22,22,0.2922024283694447,Hydrophobicity_C1,0.35258556419104053,8.188976932515742e-29,-0.13670386711352342,2.6844231178756042e-05,5.018565679743593e-28,0.00011812876434393304,0.21588169707751712
dim 22,22,0.2922024283694447,Hydrophobicity_C2,-0.365918494478647,4.613181759563683e-31,0.19442577336536432,1.962621371836675e-09,3.150925782605869e-30,2.0495637162921358e-08,0.17149272111328268
dim 22,22,0.2922024283694447,Hydrophobicity_C3,0.2905995144323887,1.0839972151779095e-19,-0.2022938994671137,4.137299984815148e-10,4.2395207244662974e-19,4.970712931396616e-09,0.08830561496527498
dim 22,22,0.2922024283694447,Hydrophobicity_T12,0.13129191799936613,5.5539660124439437e-05,0.08061345618479618,0.013574176411026546,9.071025174358323e-05,0.028767607368546107,0.05067846181456995
dim 22,22,0.2922024283694447,Hydrophobicity_T13,0.34911732746223617,3.026428058524531e-28,-0.16667293533698457,2.88122031453161e-07,1.776497313791201e-27,1.9882801344081774e-06,0.1824443921252516
dim 22,22,0.2922024283694447,Hydrophobicity_T23,-0.14684408892025827,6.378076394195603e-06,0.04840724767745556,0.13869772700821736,1.1014878571154765e-05,0.20141322095975914,0.09843684124280272
dim 22,22,0.2922024283694447,Hydrophobicity_group1_D0,-0.01813096628728927,0.5793722792477225,-0.058243334693649375,0.07475118297995487,0.6154909073433185,0.11855125885709841,-0.04011236840636011
dim 22,22,0.2922024283694447,Hydrophobicity_group1_D25,-0.4004089680611496,2.152535633143651e-37,-0.037878967061196055,0.24671699281121526,1.937862268113152e-36,0.3293504220581371,0.3625300009999536
dim 22,22,0.2922024283694447,Hydrophobicity_group1_D50,-0.23900095594487933,1.2267112006715256e-13,-0.07916889031736167,0.015352026021826958,3.2345465288520836e-13,0.03188791474682963,0.15983206562751767
dim 22,22,0.2922024283694447,Hydrophobicity_group1_D75,-0.26087546438147974,4.826048490118275e-16,-0.07982281646655398,0.014523334960440512,1.5121014969038497e-15,0.03044590470261465,0.18105264791492576
dim 22,22,0.2922024283694447,Hydrophobicity_group1_D100,0.2083222661543988,1.201837411935906e-10,0.01663710398649408,0.6110152902249673,2.7013034696271375e-10,0.6958032967444223,0.1916851621679047
dim 22,22,0.2922024283694447,Hydrophobicity_group2_D0,0.12531300847068677,0.0001200923613242438,-0.06468838863417625,0.04775170059931831,0.00019045987028631258,0.08200034961528183,0.06062461983651052
dim 22,22,0.2922024283694447,Hydrophobicity_group2_D25,0.35120864256047396,1.3786731317920118e-28,0.010870824353698383,0.7396427194555389,8.296879748081656e-28,0.8023405920693407,0.34033781820677556
dim 22,22,0.2922024283694447,Hydrophobicity_group2_D50,0.18779619286852284,6.936080620710935e-09,0.03550981306468792,0.277539581422834,1.425631339887663e-08,0.36309526124256386,0.15228637980383491
dim 22,22,0.2922024283694447,Hydrophobicity_group2_D75,0.27831317395768923,3.958254870017408e-18,0.16436380631003142,4.215075005929299e-07,1.4307977560452536e-17,2.7988768429033514e-06,0.11394936764765781
dim 22,22,0.2922024283694447,Hydrophobicity_group2_D100,-0.06490380124265387,0.047013632678912544,0.10679612073948716,0.001060059219756586,0.05887721527842816,0.0031725786684471302,-0.041892319496833294
dim 22,22,0.2922024283694447,Hydrophobicity_group3_D0,-0.31435708669598506,6.154292520467155e-23,-0.0939191881952827,0.004009239776299463,2.8118967340404835e-22,0.010126784723158621,0.22043789850070236
dim 22,22,0.2922024283694447,Hydrophobicity_group3_D25,-0.2867452693588527,3.416283358526318e-19,0.03247611358066348,0.3206887166286651,1.3040441619974746e-18,0.4111709456966378,0.2542691557781892
dim 22,22,0.2922024283694447,Hydrophobicity_group3_D50,-0.14845759747375092,5.028396375082902e-06,0.0021300991065984595,0.9480813700433935,8.765576144455581e-06,0.9630753576474861,0.14632749836715248
dim 22,22,0.2922024283694447,Hydrophobicity_group3_D75,-0.0817752659005212,0.012278708168325873,-0.07703979218770195,0.018344943328747698,0.016241934765231055,0.03703335086414494,0.004735473712819252
dim 22,22,0.2922024283694447,Hydrophobicity_group3_D100,-0.07544543933676023,0.020908708410743715,-0.06566361983331874,0.04448633238573508,0.027258035164669795,0.0773473972766034,0.009781819503441494
dim 22,22,0.2922024283694447,NormVanDerWaalsVolume_C1,-0.37161259663632285,4.683103889544511e-32,0.17220892028178544,1.132736349529122e-07,3.342215169033903e-31,8.444954034435866e-07,0.1994036763545374
dim 22,22,0.2922024283694447,NormVanDerWaalsVolume_C2,0.33971151274189554,9.663157876647364e-27,-0.16970175595334183,1.7353371684139692e-07,5.282315435024909e-26,1.251841499460617e-06,0.1700097567885537
dim 22,22,0.2922024283694447,NormVanDerWaalsVolume_C3,0.29922693529069166,7.780459523094933e-21,-0.10936391451860404,0.000798617933952884,3.2321809461613275e-20,0.0024743820959208097,0.1898630207720876
dim 22,22,0.2922024283694447,NormVanDerWaalsVolume_T12,-0.1754984365383706,6.411306416563232e-08,0.0043031640031952634,0.8953429336682373,1.2581529630623498e-07,0.9238323751782244,0.17119527253517533
dim 22,22,0.2922024283694447,NormVanDerWaalsVolume_T13,0.053829394938640994,0.09961215421501285,0.05496355663362655,0.09266877977540482,0.11777153808075856,0.1433597612088245,-0.0011341616949855568
dim 22,22,0.2922024283694447,NormVanDerWaalsVolume_T23,0.283353152983543,9.245962337002162e-19,-0.18996383208440423,4.613058057702185e-09,3.477647996124687e-18,4.4920157179957134e-08,0.09338932089913879
dim 22,22,0.2922024283694447,NormVanDerWaalsVolume_group1_D0,0.1251386851522442,0.0001227614895811577,-0.06461187063141174,0.04801620381301013,0.0001946005577603544,0.08237136576166017,0.060526814520832445
dim 22,22,0.2922024283694447,NormVanDerWaalsVolume_group1_D25,0.2622997646756743,3.302868315001362e-16,-0.049972145004534056,0.1263677756983791,1.0506266830575762e-15,0.18609716527009973,0.21232761967114022
dim 22,22,0.2922024283694447,NormVanDerWaalsVolume_group1_D50,0.13716214453016587,2.5209294253741892e-05,0.047856865664023335,0.1432475740058615,4.2205033988720767e-05,0.2072993488646349,0.08930527886614253
dim 22,22,0.2922024283694447,NormVanDerWaalsVolume_group1_D75,0.25551445144634616,1.9704340892191977e-15,0.14919619495888034,4.506070257330404e-06,5.829273567752099e-15,2.3552855492149527e-05,0.10631825648746582
dim 22,22,0.2922024283694447,NormVanDerWaalsVolume_group1_D100,-0.07817870673114123,0.016685953797044906,0.07871844255921082,0.015946764754273215,0.021863901797618667,0.0329592786381637,-0.0005397358280695846
dim 22,22,0.2922024283694447,NormVanDerWaalsVolume_group2_D0,-0.061518119864455274,0.059786192671284766,-0.05010685276238187,0.12534756451014298,0.07306472137654267,0.18508437907333225,0.011411267102073401
dim 22,22,0.2922024283694447,NormVanDerWaalsVolume_group2_D25,-0.29763055767357305,1.2753823375849308e-20,-0.024697431516436236,0.4501855906618788,5.2017077054902313e-20,0.5443953196273263,0.27293312615713683
dim 22,22,0.2922024283694447,NormVanDerWaalsVolume_group2_D50,-0.08857698186316236,0.006665762784405029,-0.020782889129772594,0.5251720489535489,0.009053943757589588,0.6187212146401598,0.06779409273338977
dim 22,22,0.2922024283694447,NormVanDerWaalsVolume_group2_D75,-0.06572084764182061,0.04430070675824385,-0.0825526894266636,0.011474109516718437,0.05566186332836285,0.02483702254429007,-0.016831841784842996
dim 22,22,0.2922024283694447,NormVanDerWaalsVolume_group2_D100,0.12012702788174018,0.0002281748682051015,0.013708254364308338,0.6751609746931452,0.0003538087557126457,0.7514287422442868,0.10641877351743184
dim 22,22,0.2922024283694447,NormVanDerWaalsVolume_group3_D0,-0.16210131528116747,6.088170426599439e-07,-0.03402768835739819,0.29810117411871084,1.1347371219219937e-06,0.386213313249222,0.12807362692376928
dim 22,22,0.2922024283694447,NormVanDerWaalsVolume_group3_D25,-0.06305522733975165,0.0536696814054349,0.11763333401010723,0.0003079266729914357,0.06649800983656745,0.0010559292482457858,-0.05457810667035558
dim 22,22,0.2922024283694447,NormVanDerWaalsVolume_group3_D50,-0.10412664360700107,0.0014139446437524779,-0.023377387816153762,0.47477283648374063,0.002048550215922689,0.5695909748044876,0.0807492557908473
dim 22,22,0.2922024283694447,NormVanDerWaalsVolume_group3_D75,-0.13466025088689784,3.5440149731395874e-05,-0.08546362162667351,0.008860808010460052,5.8570064375488484e-05,0.019996688347930117,0.049196629260224334
dim 22,22,0.2922024283694447,NormVanDerWaalsVolume_group3_D100,0.09033878644854816,0.005652616206499132,-0.009662227062372727,0.7677057009983747,0.00775348588488998,0.8234222997220846,0.08067655938617543
dim 22,22,0.2922024283694447,Polarity_C1,0.29837971115473083,1.0117736470628e-20,-0.19565056795706862,1.5467050581835954e-09,4.166860642650742e-20,1.671843007874825e-08,0.10272914319766221
dim 22,22,0.2922024283694447,Polarity_C2,-0.39790742010650737,6.575729625632109e-37,0.16347929801981007,4.869585262095787e-07,5.68988003875939e-36,3.1828600343248394e-06,0.2344281220866973
dim 22,22,0.2922024283694447,Polarity_C3,0.4090321902354467,4.255981184227862e-39,-0.1035323750301681,0.0015062621176893795,4.2180941113712345e-38,0.0043183823803283495,0.3054998152052786
dim 22,22,0.2922024283694447,Polarity_T12,-0.2629074386002955,2.8074819491111343e-16,0.06294409709941995,0.054093674001185976,8.98179090999156e-16,0.09060826036306979,0.19996334150087552
dim 22,22,0.2922024283694447,Polarity_T13,0.4095613559090767,3.332720712046948e-39,-0.11437547123605837,0.0004516088874308373,3.3128830887609543e-38,0.001483159964620449,0.2951858846730183
dim 22,22,0.2922024283694447,Polarity_T23,-0.01561028179005862,0.6331990139458266,0.05678462311018942,0.08233690670377926,0.6666114671322582,0.12880808823916756,-0.0411743413201308
dim 22,22,0.2922024283694447,Polarity_group1_D0,-0.23647703110336674,2.2461712623836497e-13,-0.07944015765379764,0.015003346489647096,5.820179997177184e-13,0.031280385315493944,0.1570368734495691
dim 22,22,0.2922024283694447,Polarity_group1_D25,-0.208260479020856,1.2173958281061135e-10,0.06327665870783805,0.05283311660451326,2.734433131052064e-10,0.0891225300298355,0.14498382031301796
dim 22,22,0.2922024283694447,Polarity_group1_D50,-0.14478110850708487,8.612554275895104e-06,-0.025238383239571026,0.4403217124860624,1.4782081850714107e-05,0.5344020783806135,0.11954272526751383
dim 22,22,0.2922024283694447,Polarity_group1_D75,-0.16263839809377406,5.581852733864716e-07,-0.10483317255890237,0.0013109759759292045,1.0438627173072873e-06,0.003840929613687318,0.05780522553487169
dim 22,22,0.2922024283694447,Polarity_group1_D100,0.020231682237546907,0.5362209948042298,0.014298400363000218,0.6620253010402916,0.5751374831875811,0.7397673153143438,0.005933281874546689
dim 22,22,0.2922024283694447,Polarity_group2_D0,0.13096875847680478,5.795324270222598e-05,-0.0643347598608778,0.04898441269540748,9.455976093084257e-05,0.08355870194211491,0.06663399861592698
dim 22,22,0.2922024283694447,Polarity_group2_D25,0.33399977272468934,7.47554657525979e-26,-0.022451176736209905,0.49245466586770487,3.8952145961572075e-25,0.5869906671573679,0.31154859598847945
dim 22,22,0.2922024283694447,Polarity_group2_D50,0.2615688599248071,4.013611995328139e-16,0.09587303531267598,0.0033079664531548403,1.2670570949334579e-15,0.008611541662928423,0.16569582461213112
dim 22,22,0.2922024283694447,Polarity_group2_D75,0.32083514788972495,7.101043808422321e-24,0.20699041998498563,1.584426848252145e-10,3.3594173257975283e-23,2.0511572376597537e-09,0.11384472790473932
dim 22,22,0.2922024283694447,Polarity_group2_D100,-0.024368713197639,0.4562400856455354,0.1005682346905581,0.002055131869582882,0.49373231872599616,0.005649498308153766,-0.0761995214929191
dim 22,22,0.2922024283694447,Polarity_group3_D0,-0.058222493113660456,0.07485540683942114,-0.06069032220543122,0.06331250152007059,0.0901287162378034,0.10300231616027072,-0.0024678290917707624
dim 22,22,0.2922024283694447,Polarity_group3_D25,-0.44464159853834895,1.1026578881476187e-46,-0.03223135306444452,0.3243512982365737,1.54742745647607e-45,0.4144350941507866,0.4124102454739044
dim 22,22,0.2922024283694447,Polarity_group3_D50,-0.2976154615017715,1.2813379105286465e-20,-0.09250719067893724,0.00459713305283919,5.219108074592292e-20,0.01133167852138959,0.20510827082283423
dim 22,22,0.2922024283694447,Polarity_group3_D75,-0.24831099974374554,1.2399315548975304e-14,-0.06758472896741927,0.03860213285350564,3.509636774031993e-14,0.06847112253356816,0.18072627077632628
dim 22,22,0.2922024283694447,Polarity_group3_D100,0.18202669353635906,2.0066648405885576e-08,0.01256798668900144,0.7008202605588153,4.021759844761756e-08,0.771616774611608,0.16945870684735762
dim 22,22,0.2922024283694447,Polarizability_C1,-0.2947239803223724,3.111602945264453e-20,0.2144612269356416,3.282158140278663e-11,1.2461335536190975e-19,4.872181417124771e-10,0.0802627533867308
dim 22,22,0.2922024283694447,Polarizability_C2,0.18427704838440523,1.3312622888456579e-08,-0.2225160442550865,5.62769075600498e-12,2.6882805590958268e-08,1.0500830796121023e-10,-0.038238995870681275
dim 22,22,0.2922024283694447,Polarizability_C3,0.29922693529069166,7.780459523094933e-21,-0.10936391451860404,0.000798617933952884,3.2321809461613275e-20,0.0024743820959208097,0.1898630207720876
dim 22,22,0.2922024283694447,Polarizability_T12,-0.36206876080242484,2.1107617285887672e-30,0.07346323928856369,0.024526457667793163,1.404371349300096e-29,0.047100634075668765,0.28860552151386115
dim 22,22,0.2922024283694447,Polarizability_T13,0.1092889853541193,0.0008053134331013598,0.11427582878667149,0.0004568592086543298,0.0011906803304818688,0.0014974580538817091,-0.004986843432552193
dim 22,22,0.2922024283694447,Polarizability_T23,0.24744204264772324,1.541917261262122e-14,-0.22236275241553535,5.8235067998403564e-12,4.3241004639928526e-14,1.0687094896410326e-10,0.025079290232187884
dim 22,22,0.2922024283694447,Polarizability_group1_D0,0.09989384189617087,0.0022032332705683357,-0.06731371637054165,0.03938993966844894,0.003134071177043544,0.06972040195687305,0.03258012552562922
dim 22,22,0.2922024283694447,Polarizability_group1_D25,0.26173009493645427,3.8449074726103103e-16,-0.055457061472569395,0.08977123809760644,1.216097628647579e-15,0.13926425232048562,0.20627303346388487
dim 22,22,0.2922024283694447,Polarizability_group1_D50,0.2722517823035262,2.1874379577697516e-17,0.06704311946582008,0.04019009248439796,7.586752626117311e-17,0.0710613599247693,0.2052086628377061
dim 22,22,0.2922024283694447,Polarizability_group1_D75,0.2912487851678762,8.91844198111501e-20,0.16343335222487868,4.906130620247007e-07,3.4961967390756026e-19,3.194244887256336e-06,0.12781543294299755
dim 22,22,0.2922024283694447,Polarizability_group1_D100,-0.005733758349564115,0.8608595390344924,0.07070760179574004,0.030448084964237492,0.8720870064832286,0.05631041183862305,-0.06497384344617592
dim 22,22,0.2922024283694447,Polarizability_group2_D0,0.013150745895778523,0.6876616834217256,-0.07834697116828875,0.016452350618105887,0.7164605584791719,0.033899352908373634,-0.06519622527251022
dim 22,22,0.2922024283694447,Polarizability_group2_D25,-0.24244895529588079,5.308322294710048e-14,-0.03299052867180013,0.31307934288555067,1.444971186987087e-13,0.4024961529013623,0.20945842662408065
dim 22,22,0.2922024283694447,Polarizability_group2_D50,-0.29879756347175657,8.889294297403559e-21,-0.06921140242616901,0.03414923682786507,3.674535018976223e-20,0.06196970422668144,0.22958616104558754
dim 22,22,0.2922024283694447,Polarizability_group2_D75,-0.16620007058055192,3.116003992495607e-07,-0.10909546848178824,0.0008228470099535618,5.940327245967653e-07,0.002528343158458966,0.05710460209876368
dim 22,22,0.2922024283694447,Polarizability_group2_D100,-0.047009452237389254,0.15047523674632635,0.01776188981795481,0.5871183642090618,0.1721779002167626,0.6713369861205979,0.029247562419434443
dim 22,22,0.2922024283694447,Polarizability_group3_D0,-0.16210131528116747,6.088170426599439e-07,-0.03402768835739819,0.29810117411871084,1.1347371219219937e-06,0.386213313249222,0.12807362692376928
dim 22,22,0.2922024283694447,Polarizability_group3_D25,-0.06305522733975165,0.0536696814054349,0.11763333401010723,0.0003079266729914357,0.06649800983656745,0.0010559292482457858,-0.05457810667035558
dim 22,22,0.2922024283694447,Polarizability_group3_D50,-0.10412664360700107,0.0014139446437524779,-0.023377387816153762,0.47477283648374063,0.002048550215922689,0.5695909748044876,0.0807492557908473
dim 22,22,0.2922024283694447,Polarizability_group3_D75,-0.13466025088689784,3.5440149731395874e-05,-0.08546362162667351,0.008860808010460052,5.8570064375488484e-05,0.019996688347930117,0.049196629260224334
dim 22,22,0.2922024283694447,Polarizability_group3_D100,0.09033878644854816,0.005652616206499132,-0.009662227062372727,0.7677057009983747,0.00775348588488998,0.8234222997220846,0.08067655938617543
dim 22,22,0.2922024283694447,Charge_C1,0.23828175645044392,1.458505136476087e-13,-0.11250592440487034,0.0005601299751358583,3.823710483383148e-13,0.001802345006699197,0.12577583204557358
dim 22,22,0.2922024283694447,Charge_C2,-0.345646383159736,1.1015396922179756e-27,0.13932096047475648,1.869987751142591e-05,6.289132601723143e-27,8.520817310799802e-05,0.20632542268497953
dim 22,22,0.2922024283694447,Charge_C3,0.3405566954075795,7.113008283823426e-27,-0.11446252780285425,0.0004470678079864868,3.901058730372782e-26,0.0014725902156556864,0.22609416760472523
dim 22,22,0.2922024283694447,Charge_T12,0.1627919121443574,5.444745697472368e-07,-0.11659189629189873,0.00034839755359990693,1.019935537271885e-06,0.0011813683543387707,0.04620001585245867
dim 22,22,0.2922024283694447,Charge_T13,0.2745681041174788,1.1439694825729573e-17,-0.1477497335394918,5.5829645206976305e-06,4.026193963955403e-17,2.8865482196795797e-05,0.12681837057798698
dim 22,22,0.2922024283694447,Charge_T23,0.34197677928833453,4.241774876570622e-27,-0.06091260056652077,0.06234917858419317,2.3691518541381065e-26,0.10168274241758066,0.2810641787218138
dim 22,22,0.2922024283694447,Charge_group1_D0,-0.027116623553959787,0.40704971637147885,0.019334759622157586,0.5544460334291461,0.4440058957154603,0.6447944817734499,0.007781863931802201
dim 22,22,0.2922024283694447,Charge_group1_D25,-0.14836796167126054,5.095590376623956e-06,-0.023403758573052505,0.4742745528790788,8.85498015500729e-06,0.5694022309906985,0.12496420309820803
dim 22,22,0.2922024283694447,Charge_group1_D50,-0.029411741680777505,0.3684931107663759,0.009019006495223332,0.7827685233293546,0.40419277174374235,0.8358206099488633,0.02039273518555417
dim 22,22,0.2922024283694447,Charge_group1_D75,-0.13145100493486092,5.4386709616293675e-05,-0.057598974425387174,0.07802867470017942,8.887065074286736e-05,0.12270045833267385,0.07385203050947375
dim 22,22,0.2922024283694447,Charge_group1_D100,0.05146679199732842,0.11540368249733171,-0.017945894449072696,0.5832505353719291,0.13453692828659264,0.6679573236094555,0.033520897548255726
dim 22,22,0.2922024283694447,Charge_group2_D0,-0.051146282987367564,0.11768958304894514,-0.10961763103996265,0.0007763275197080433,0.13705830104026387,0.002412031549604525,-0.05847134805259509
dim 22,22,0.2922024283694447,Charge_group2_D25,0.19631368128063492,1.3587235347737938e-09,0.06263947805476588,0.055270210710951624,2.8758787111181696e-09,0.0919793242524058,0.13367420322586904
dim 22,22,0.2922024283694447,Charge_group2_D50,0.05851428209525521,0.07340697757672819,0.09802887297971592,0.0026650732813079466,0.08848044211702351,0.0070927049877040176,-0.039514590884460715
dim 22,22,0.2922024283694447,Charge_group2_D75,0.10100170176794245,0.00196481373617162,0.12432512498337807,0.00013597331129553054,0.002806876765959457,0.0004952572079902639,-0.023323423215435624
dim 22,22,0.2922024283694447,Charge_group2_D100,-0.15704425911788983,1.359961508785207e-06,0.03196891416542153,0.32830850867891564,2.460602079817222e-06,0.4183710106782061,0.1250753449524683
dim 22,22,0.2922024283694447,Charge_group3_D0,0.027107568146770646,0.4072064491535014,0.01678212137719254,0.6079102020032322,0.4440318446531814,0.6932127260808452,0.010325446769578105
dim 22,22,0.2922024283694447,Charge_group3_D25,-0.24132380189847832,6.987016805013864e-14,-0.07586501320216711,0.020205466370348736,1.885027150948813e-13,0.03990908200884966,0.1654587886963112
dim 22,22,0.2922024283694447,Charge_group3_D50,-0.06205092101108277,0.057603748675810564,-0.07694302815506653,0.018492321489660853,0.07073401491809092,0.03725232435191028,-0.014892107143983757
dim 22,22,0.2922024283694447,Charge_group3_D75,-0.03311251558004092,0.31129243195881384,-0.09538948690848344,0.0034702763158710828,0.3441630992196088,0.008948469707413925,-0.06227697132844252
dim 22,22,0.2922024283694447,Charge_group3_D100,0.14776124261620072,5.573497559073188e-06,-0.00981218397277369,0.7642063623123738,9.660343459940036e-06,0.8207232315509095,0.13794905864342702
dim 22,22,0.2922024283694447,SecondaryStructure_C1,0.376656835782856,5.938705246575598e-33,-0.1108218705006394,0.0006781788377624137,4.3690034192868934e-32,0.00213488908400232,0.2658349652822166
dim 22,22,0.2922024283694447,SecondaryStructure_C2,-0.1545766851790448,1.9948303252898654e-06,0.045154584528292886,0.1672599553458271,3.582114670144167e-06,0.2366150998962569,0.10942210065075192
dim 22,22,0.2922024283694447,SecondaryStructure_C3,-0.4000074374715882,2.576783892315118e-37,0.11585438781869759,0.00038000523610133986,2.3011920321744638e-36,0.001280744186254768,0.28415304965289057
dim 22,22,0.2922024283694447,SecondaryStructure_T12,0.2798198621933878,2.57076872329577e-18,-0.11001500220518762,0.0007425722155868479,9.363541478525488e-18,0.002313611194085888,0.16980485998820016
dim 22,22,0.2922024283694447,SecondaryStructure_T13,0.2522477045799648,4.5704422064749425e-15,-0.025674402270517607,0.43246208516842854,1.3251108480578392e-14,0.5270849242442294,0.22657330230944722
dim 22,22,0.2922024283694447,SecondaryStructure_T23,-0.3355129387322226,4.365837414073885e-26,0.1423762614450046,1.2160573770689266e-05,2.3036172137451462e-25,5.8694098835407724e-05,0.193136677287218
dim 22,22,0.2922024283694447,SecondaryStructure_group1_D0,-0.11251729437652973,0.0005594022740152071,-0.09580533306294282,0.0033302681611983463,0.0008401095302206797,0.008645971552138632,0.016711961313586904
dim 22,22,0.2922024283694447,SecondaryStructure_group1_D25,0.013041763894379709,0.6901154505554751,-0.03929258396454911,0.22950984945133393,0.7184964856198048,0.3092226289501635,-0.026250820070169406
dim 22,22,0.2922024283694447,SecondaryStructure_group1_D50,0.1087665094132977,0.0008534658873266144,-0.036820362290275625,0.26018017598347926,0.0012596447475346408,0.3434789675038817,0.07194614712302208
dim 22,22,0.2922024283694447,SecondaryStructure_group1_D75,0.1857978156543014,1.0059392479078654e-08,0.053492021199997804,0.10175566899529373,2.047432716643675e-08,0.15476499747007333,0.1323057944543036
dim 22,22,0.2922024283694447,SecondaryStructure_group1_D100,0.1538243766064586,2.2393400635521097e-06,-0.0021845055536172187,0.9467572200717403,3.993270588501893e-06,0.9623156162628158,0.15163987105284138
dim 22,22,0.2922024283694447,SecondaryStructure_group2_D0,-0.10643946200364762,0.0011020647770408748,-0.05084639618906001,0.11986038512182833,0.0016116008560930482,0.17860986956158195,0.05559306581458761
dim 22,22,0.2922024283694447,SecondaryStructure_group2_D25,0.08753185372001027,0.007341116845341198,0.0523043358065728,0.10959467018501998,0.009916301446941831,0.16540722928963703,0.035227517913437464
dim 22,22,0.2922024283694447,SecondaryStructure_group2_D50,-0.005562667274056762,0.8649709715231106,0.043367970542141296,0.1847187132788055,0.8749252104443336,0.2579266314177301,-0.03780530326808453
dim 22,22,0.2922024283694447,SecondaryStructure_group2_D75,-0.19457874262004612,1.9052650790869973e-09,-0.0628391428340487,0.05449666251490032,4.0177623952453116e-09,0.09119181001992338,0.13173959978599742
dim 22,22,0.2922024283694447,SecondaryStructure_group2_D100,-0.0635920190933627,0.05166049420807569,0.01749501510637192,0.5927491186020168,0.06421512863973682,0.6770800465563394,0.046097003986990785
dim 22,22,0.2922024283694447,SecondaryStructure_group3_D0,0.05271588129355476,0.1068261117244148,-0.0958470146087067,0.0033165217807040953,0.12550095432977326,0.008620375679028543,-0.04313113331515194
dim 22,22,0.2922024283694447,SecondaryStructure_group3_D25,0.031736174370580274,0.33184394329044137,0.005070493056693732,0.8768182307428906,0.36543315878340726,0.9103428320426654,0.026665681313886542
dim 22,22,0.2922024283694447,SecondaryStructure_group3_D50,-0.12147909526173577,0.00019348138511531395,0.012840496228361314,0.6946556048265708,0.00030127171388585016,0.7669916430151229,0.10863859903337446
dim 22,22,0.2922024283694447,SecondaryStructure_group3_D75,-0.05707160519252564,0.08079719914392766,-0.009060369528660489,0.7817973742502112,0.09665567519366705,0.8355850335986258,0.04801123566386515
dim 22,22,0.2922024283694447,SecondaryStructure_group3_D100,-0.04535936666149822,0.1653406849354108,0.11537603103969765,0.0004019159868192132,0.18828431220057007,0.0013464387121125095,-0.07001666437819942
dim 22,22,0.2922024283694447,SolventAccessibility_C1,0.1365489543854584,2.7419303104943566e-05,0.09710549033028028,0.0029250191305967106,4.5744491693562196e-05,0.007710784448455418,0.03944346405517811
dim 22,22,0.2922024283694447,SolventAccessibility_C2,0.35258556419104053,8.188976932515742e-29,-0.13670386711352342,2.6844231178756042e-05,5.018565679743593e-28,0.00011812876434393304,0.21588169707751712
dim 22,22,0.2922024283694447,SolventAccessibility_C3,-0.46709829375017653,5.9233914610809894e-52,0.044098725245866964,0.1774216753590135,1.0093942591842093e-50,0.24909940216075266,0.4229995685043096
dim 22,22,0.2922024283694447,SolventAccessibility_T12,0.4367334124467697,6.40349252124705e-45,-0.0714787929990314,0.028678580734647015,8.420340559435098e-44,0.05345226543176397,0.3652546194477383
dim 22,22,0.2922024283694447,SolventAccessibility_T13,-0.2981333028876967,1.0919200594769924e-20,0.11686822858335644,0.000337200344228578,4.4803599492053497e-20,0.0011480623340707956,0.18126507430434025
dim 22,22,0.2922024283694447,SolventAccessibility_T23,-0.0412330623701369,0.2073036910531297,-0.054807530047842286,0.09360030797944761,0.23344380583865584,0.1445999207453076,-0.013574467677705385
dim 22,22,0.2922024283694447,SolventAccessibility_group1_D0,-0.010341946911409097,0.7518829018777582,-0.06340844535145705,0.052340413116954046,0.7727042745451423,0.08838067735623181,-0.05306649844004795
dim 22,22,0.2922024283694447,SolventAccessibility_group1_D25,0.1595752743420684,9.124151450025911e-07,-0.04123580274093761,0.2072734725988347,1.672594173605189e-06,0.28454311487057454,0.11833947160113079
dim 22,22,0.2922024283694447,SolventAccessibility_group1_D50,0.21549736936484382,2.6261541829484985e-11,-0.0016899825990937753,0.9587979204760957,6.185722828665716e-11,0.9701257359558194,0.21380738676575003
dim 22,22,0.2922024283694447,SolventAccessibility_group1_D75,0.21245947672866072,5.033300001821072e-11,0.02644044961548338,0.41885162426441863,1.1690696805342407e-10,0.5135699064035089,0.18601902711317733
dim 22,22,0.2922024283694447,SolventAccessibility_group1_D100,-0.012066097762511569,0.712225260060093,0.01611516987867287,0.6222484590658933,0.7378512309555555,0.7071486401089091,-0.0040490721161613
dim 22,22,0.2922024283694447,SolventAccessibility_group2_D0,-0.01813096628728927,0.5793722792477225,-0.058243334693649375,0.07475118297995487,0.6154909073433185,0.11855125885709841,-0.04011236840636011
dim 22,22,0.2922024283694447,SolventAccessibility_group2_D25,-0.4004089680611496,2.152535633143651e-37,-0.037878967061196055,0.24671699281121526,1.937862268113152e-36,0.3293504220581371,0.3625300009999536
dim 22,22,0.2922024283694447,SolventAccessibility_group2_D50,-0.23900095594487933,1.2267112006715256e-13,-0.07916889031736167,0.015352026021826958,3.2345465288520836e-13,0.03188791474682963,0.15983206562751767
dim 22,22,0.2922024283694447,SolventAccessibility_group2_D75,-0.26087546438147974,4.826048490118275e-16,-0.07982281646655398,0.014523334960440512,1.5121014969038497e-15,0.03044590470261465,0.18105264791492576
dim 22,22,0.2922024283694447,SolventAccessibility_group2_D100,0.2083222661543988,1.201837411935906e-10,0.01663710398649408,0.6110152902249673,2.7013034696271375e-10,0.6958032967444223,0.1916851621679047
dim 22,22,0.2922024283694447,SolventAccessibility_group3_D0,-0.223129036967454,4.907052614952788e-12,-0.09585159855643309,0.003315013169484979,1.1885102055070567e-11,0.008620375679028543,0.1272774384110209
dim 22,22,0.2922024283694447,SolventAccessibility_group3_D25,0.0491270754356373,0.13291585586238128,0.05831880555823905,0.07437476062634873,0.15350586396277782,0.11812253946362566,-0.009191730122601743
dim 22,22,0.2922024283694447,SolventAccessibility_group3_D50,-0.05921222757735722,0.07003510518553586,0.0396582487208754,0.22520104425011767,0.08462997515184145,0.30456227242049216,0.019553978856481816
dim 22,22,0.2922024283694447,SolventAccessibility_group3_D75,0.10161339726976279,0.0018435405304805426,0.08637275342343195,0.008161248893381191,0.002642671833392709,0.01863196944900422,0.015240643846330837
dim 22,22,0.2922024283694447,SolventAccessibility_group3_D100,-0.16860921929900344,2.0857620451456018e-07,0.007906225896527735,0.8090173562359818,4.010619015996724e-07,0.8561844010862418,0.1607029934024757
dim 63,63,0.2893224839932033,AAC_A,-0.04723091200661368,0.14856012624435902,0.17435570578333592,7.822492660983181e-08,0.1702198359026275,6.006235744295132e-07,-0.12712479377672226
dim 63,63,0.2893224839932033,AAC_C,-0.1107074643464661,0.0006869825612878947,-0.06527650761922454,0.04575926218174388,0.001025255475737966,0.0791485943485368,0.04543095672724155
dim 63,63,0.2893224839932033,AAC_D,0.25213999240787893,4.69804997927225e-15,0.09179309721351228,0.004923198621290757,1.3609268803789516e-14,0.011993788034362601,0.16034689519436665
dim 63,63,0.2893224839932033,AAC_E,0.324701283070938,1.9079901615568197e-24,-0.19859765442018307,8.665497292046536e-10,9.262626656395026e-24,9.81110540862218e-09,0.12610362865075492
dim 63,63,0.2893224839932033,AAC_F,0.09335000196681138,0.004237496193962006,-0.08892149963463263,0.006455682541097819,0.005899640386758273,0.015270523857837618,0.0044285023321787576
dim 63,63,0.2893224839932033,AAC_G,-0.09877534449541757,0.0024705348654556905,0.14575135154173643,7.4817727543401804e-06,0.0035053468354384054,3.7577625563152185e-05,-0.046976007046318866
dim 63,63,0.2893224839932033,AAC_H,0.41672240242484526,1.1660577560835686e-40,0.11282593869879197,0.0005399810647870656,1.2686100668791918e-39,0.0017425475907138156,0.3038964637260533
dim 63,63,0.2893224839932033,AAC_I,0.1578023856126946,1.2075131866574554e-06,-0.14736645142200527,5.907163816198395e-06,2.1907083342943516e-06,3.044741843534358e-05,0.010435934190689333
dim 63,63,0.2893224839932033,AAC_K,0.29376457736542994,4.167392900579196e-20,-0.09198714679428228,0.004832586868959395,1.6570347961826804e-19,0.011807490960003204,0.20177743057114766
dim 63,63,0.2893224839932033,AAC_L,0.23991023719475008,9.848231674003678e-14,-0.0979718041383082,0.0026805065209239186,2.6335543467712e-13,0.0071224278280715096,0.14193843305644188
dim 63,63,0.2893224839932033,AAC_M,0.13550192597119698,3.162389868597776e-05,-0.1758692118549817,6.008853092527229e-08,5.2444797225007806e-05,4.7001333323280905e-07,-0.040367285883784715
dim 63,63,0.2893224839932033,AAC_N,-0.015606520726615357,0.6332808937756452,-0.024031898467994008,0.46249084069427465,0.6666114671322582,0.5570571251059782,-0.00842537774137865
dim 63,63,0.2893224839932033,AAC_P,-0.43150611607896106,8.852442365092637e-44,-0.03670184145715324,0.2617185156167605,1.1073841760078429e-42,0.34455650065430826,0.39480427462180784
dim 63,63,0.2893224839932033,AAC_Q,0.06467103391284507,0.04781158398475334,-0.033390888495324324,0.30723991600821876,0.05980924738167646,0.39575060527090267,0.03128014541752074
dim 63,63,0.2893224839932033,AAC_R,-0.10733703705508921,0.0009991674594142731,-0.0005355476115793574,0.9869380365735487,0.0014662650766448472,0.9901593890694091,0.10680148944350985
dim 63,63,0.2893224839932033,AAC_S,-0.43470408264414157,1.7848756233912957e-44,-0.0264772084860208,0.4182049147422644,2.275375794704934e-43,0.5129652645020798,0.40822687415812076
dim 63,63,0.2893224839932033,AAC_T,-0.40035795575654193,2.202327980176369e-37,0.09815146087314269,0.002632195391505324,1.9773589929540518e-36,0.007021990900661168,0.30220649488339923
dim 63,63,0.2893224839932033,AAC_V,0.10470024184609437,0.0013298051562100318,0.14965496419749147,4.2082089167527425e-06,0.0019302691098398547,2.2169428678161135e-05,-0.044954722351397094
dim 63,63,0.2893224839932033,AAC_W,-0.1029913788631874,0.001595092032239664,0.028257238719762656,0.38759620556661306,0.0022934168694276704,0.4801822428013678,0.07473414014342475
dim 63,63,0.2893224839932033,AAC_Y,0.03473957149638322,0.28810165901770374,-0.046583555619424934,0.15421098716326995,0.31990011340396624,0.22011311842962464,-0.01184398412304171
dim 63,63,0.2893224839932033,Hydrophobicity_C1,0.36003375442311664,4.676539304258642e-30,-0.13394920982419412,3.900041878075007e-05,3.031439444276082e-29,0.0001648878464907661,0.22608454459892252
dim 63,63,0.2893224839932033,Hydrophobicity_C2,-0.3831081159744681,4.012522048115373e-34,0.17265238283649745,1.0497333065749743e-07,3.052807207449965e-33,7.878897177439133e-07,0.21045573313797064
dim 63,63,0.2893224839932033,Hydrophobicity_C3,0.31614035189711764,3.4143089962812617e-23,-0.163619535774174,4.7596537809377757e-07,1.5794725827672318e-22,3.1290596108240848e-06,0.15252081612294363
dim 63,63,0.2893224839932033,Hydrophobicity_T12,0.1328527106060917,4.516205685811433e-05,0.08365167760607699,0.010416457762131485,7.419639444471316e-05,0.023116922874099107,0.0492010330000147
dim 63,63,0.2893224839932033,Hydrophobicity_T13,0.3644007577005549,8.422696219685148e-31,-0.14829418336578595,5.151540308364396e-06,5.683193004797655e-30,2.6676193224708657e-05,0.21610657433476896
dim 63,63,0.2893224839932033,Hydrophobicity_T23,-0.1361282839701987,2.9040509816489006e-05,0.0727416291318081,0.025971849835055582,4.8304433658901036e-05,0.049242901035582466,0.0633866548383906
dim 63,63,0.2893224839932033,Hydrophobicity_group1_D0,-0.0150320097009432,0.6458403956120232,-0.05434773327358334,0.09638911232719533,0.6785488900107447,0.1480182230679689,-0.03931572357264014
dim 63,63,0.2893224839932033,Hydrophobicity_group1_D25,-0.4063988262215347,1.4278125921408506e-38,-0.0424787705333473,0.19389409397901342,1.370371855675414e-37,0.26827103309440964,0.3639200556881874
dim 63,63,0.2893224839932033,Hydrophobicity_group1_D50,-0.23438654927322392,3.687582609492751e-13,-0.06856410613418909,0.03586569656064443,9.401928179928083e-13,0.0645080379712183,0.16582244313903483
dim 63,63,0.2893224839932033,Hydrophobicity_group1_D75,-0.25963364864561184,6.704606083218182e-16,-0.07498332168609824,0.02170781273816268,2.0677178502261057e-15,0.04254935125907473,0.1846503269595136
dim 63,63,0.2893224839932033,Hydrophobicity_group1_D100,0.21180877900602835,5.778571115576138e-11,0.019460439389043654,0.551874160321288,1.3347460253128837e-10,0.642105299379645,0.1923483396169847
dim 63,63,0.2893224839932033,Hydrophobicity_group2_D0,0.12277804508764677,0.00016486565048695373,-0.07409542645320909,0.023317896160059717,0.0002587646957830947,0.04525379033968591,0.04868261863443768
dim 63,63,0.2893224839932033,Hydrophobicity_group2_D25,0.35009611873110497,2.096207622449863e-28,0.0014506451308575708,0.9646288781392273,1.2480095292303999e-27,0.9742547484079284,0.3486454736002474
dim 63,63,0.2893224839932033,Hydrophobicity_group2_D50,0.17540564864074412,6.516030114750026e-08,0.01023909694450024,0.7542705948535428,1.2779530583244326e-07,0.812927972510756,0.1651665516962439
dim 63,63,0.2893224839932033,Hydrophobicity_group2_D75,0.2716236452794186,2.6050276118570823e-17,0.15213825316313276,2.8959912110135825e-06,9.00703128737335e-17,1.609419408450144e-05,0.11948539211628587
dim 63,63,0.2893224839932033,Hydrophobicity_group2_D100,-0.0631745258495127,0.0532176115185578,0.1149495003094717,0.0004224411016795344,0.06600327607574565,0.0014025380513018337,-0.05177497445995899
dim 63,63,0.2893224839932033,Hydrophobicity_group3_D0,-0.3137844806544876,7.429704608375791e-23,-0.08959260647385899,0.006063451362205087,3.367057448029192e-22,0.014455337294621694,0.22419187418062864
dim 63,63,0.2893224839932033,Hydrophobicity_group3_D25,-0.2808950749879383,1.8862193776063787e-18,0.050977332644216944,0.11890875024705383,6.923046946379457e-18,0.17765350102616578,0.22991774234372137
dim 63,63,0.2893224839932033,Hydrophobicity_group3_D50,-0.13447958542551375,3.63143698158445e-05,0.030709593864219214,0.34773006995793926,5.9955509236243517e-05,0.4399312248710292,0.10376999156129453
dim 63,63,0.2893224839932033,Hydrophobicity_group3_D75,-0.06592646837372021,0.043639126185026356,-0.04961030292473267,0.12914015778253432,0.05498101903356772,0.1895114793469528,0.016316165448987542
dim 63,63,0.2893224839932033,Hydrophobicity_group3_D100,-0.07492516887601969,0.021810228193667805,-0.06553369181096266,0.04491020389511273,0.028388995388484203,0.07792190372082473,0.009391477065057025
dim 63,63,0.2893224839932033,NormVanDerWaalsVolume_C1,-0.38354577063528184,3.3348079654292724e-34,0.16124359487178755,6.989599194442638e-07,2.5605192194330506e-33,4.438262606357112e-06,0.2223021757634943
dim 63,63,0.2893224839932033,NormVanDerWaalsVolume_C2,0.35261737867805854,8.090757682324723e-29,-0.15634865301550066,1.515965112554613e-06,4.976635480472298e-28,8.914301894247197e-06,0.19626872566255787
dim 63,63,0.2893224839932033,NormVanDerWaalsVolume_C3,0.3064470614386079,8.004694436094899e-22,-0.10529830226462367,0.0012470086412760797,3.467662699942537e-21,0.0036825896214519064,0.20114875917398423
dim 63,63,0.2893224839932033,NormVanDerWaalsVolume_T12,-0.16471515820506308,3.979345199797912e-07,0.027826243040052785,0.39487950395523436,7.521795680432952e-07,0.4877579671636401,0.13688891516501028
dim 63,63,0.2893224839932033,NormVanDerWaalsVolume_T13,0.05274204228093694,0.10665200870325077,0.05386749882318511,0.09937233707136044,0.12538462128435676,0.15148498668112453,-0.0011254565422481669
dim 63,63,0.2893224839932033,NormVanDerWaalsVolume_T23,0.29054268667444355,1.1026420715681633e-19,-0.18828804019527118,6.325657112523405e-09,4.3023650923337214e-19,5.985182650376253e-08,0.10225464647917237
dim 63,63,0.2893224839932033,NormVanDerWaalsVolume_group1_D0,0.12035783252275795,0.0002218669293274032,-0.0781277520078077,0.01675726596728697,0.00034418743332723025,0.03435805299615622,0.04223008051495025
dim 63,63,0.2893224839932033,NormVanDerWaalsVolume_group1_D25,0.2594334790078959,7.068337397933762e-16,-0.0627126177651382,0.05498579645335946,2.1738717227531092e-15,0.09159728685996038,0.19672086124275767
dim 63,63,0.2893224839932033,NormVanDerWaalsVolume_group1_D50,0.12229781715162566,0.0001749473454532081,0.019857092588254837,0.543795743277029,0.00027368811888230213,0.6355065719192711,0.10244072456337082
dim 63,63,0.2893224839932033,NormVanDerWaalsVolume_group1_D75,0.2464099323886889,1.9953763919339623e-14,0.13253546093170204,4.711002989436965e-05,5.5723721982102286e-14,0.00019473700476137947,0.11387447145698687
dim 63,63,0.2893224839932033,NormVanDerWaalsVolume_group1_D100,-0.08115036570541118,0.01296122396215241,0.07761277410658729,0.017493113834407534,0.017117630697346405,0.03553953783875983,0.003537591598823886
dim 63,63,0.2893224839932033,NormVanDerWaalsVolume_group2_D0,-0.06154041522423603,0.059693513642603106,-0.05068470515545412,0.12104374746181436,0.07297816089542254,0.18000272329584147,0.010855710068781908
dim 63,63,0.2893224839932033,NormVanDerWaalsVolume_group2_D25,-0.29817657571694073,1.0774050747722733e-20,-0.02037879546072319,0.533260719216582,4.4316908248022076e-20,0.6250231584124729,0.27779778025621754
dim 63,63,0.2893224839932033,NormVanDerWaalsVolume_group2_D50,-0.07826014664043016,0.016572529335676073,-0.0011426059894476888,0.9721363451723452,0.021732331362841806,0.979456629283813,0.07711754065098246
dim 63,63,0.2893224839932033,NormVanDerWaalsVolume_group2_D75,-0.06169704608060734,0.05904576757215419,-0.07690729929676876,0.018546999886652874,0.07226561513044888,0.03733995154998228,-0.015210253216161422
dim 63,63,0.2893224839932033,NormVanDerWaalsVolume_group2_D100,0.12236449321802455,0.00017351377434389345,0.015864765896510147,0.627669259032657,0.00027157263650824935,0.712060997233898,0.1064997273215144
dim 63,63,0.2893224839932033,NormVanDerWaalsVolume_group3_D0,-0.16636747718669664,3.030849976318931e-07,-0.03976741489601193,0.22392593913910955,5.781290074760268e-07,0.3032897959142846,0.1266000622906847
dim 63,63,0.2893224839932033,NormVanDerWaalsVolume_group3_D25,-0.061492983891253426,0.059890822640345634,0.125827269241193,0.0001125330885881091,0.07313906677102537,0.00041855291301145256,-0.06433428534993957
dim 63,63,0.2893224839932033,NormVanDerWaalsVolume_group3_D50,-0.09445763497668587,0.0038036289400188708,-0.004655642975451424,0.8868257558959068,0.005322212257923347,0.9175954227671402,0.08980199200123444
dim 63,63,0.2893224839932033,NormVanDerWaalsVolume_group3_D75,-0.12288135355465853,0.00016276938360738674,-0.06450262923279618,0.048395952601866916,0.0002555946127168179,0.08276624766525116,0.05837872432186235
dim 63,63,0.2893224839932033,NormVanDerWaalsVolume_group3_D100,0.09104257342788072,0.005288276749308236,-0.010510462138625951,0.7479758996298048,0.007283647151624539,0.8087534816327446,0.08053211128925476
dim 63,63,0.2893224839932033,Polarity_C1,0.3143285273082012,6.21243575140804e-23,-0.17644467396066318,5.4321968552196016e-08,2.8269121811584268e-22,4.279136201989026e-07,0.13788385334753803
dim 63,63,0.2893224839932033,Polarity_C2,-0.4114632505395707,1.3788588967218449e-39,0.14891739203559812,4.69682698421968e-06,1.4214162700774575e-38,2.4473326251628287e-05,0.2625458585039726
dim 63,63,0.2893224839932033,Polarity_C3,0.4188034194594161,4.334334747244012e-41,-0.09566122203114821,0.0033781954531575844,4.809527593287376e-40,0.008739870498486702,0.3231421974282679
dim 63,63,0.2893224839932033,Polarity_T12,-0.2621357907471889,3.4506715611242727e-16,0.07215469740514108,0.02720113948442417,1.0965978129548117e-15,0.050954462074019484,0.18998109334204782
dim 63,63,0.2893224839932033,Polarity_T13,0.42147458106207575,1.2044769075796576e-41,-0.10217312840271432,0.0017386258125782763,1.392025214988255e-40,0.004898264672349152,0.31930145265936144
dim 63,63,0.2893224839932033,Polarity_T23,-0.010096073720226736,0.7575948192859665,0.06899476699363598,0.034715723349315206,0.7780955401030529,0.06277775635447362,-0.05889869327340924
dim 63,63,0.2893224839932033,Polarity_group1_D0,-0.23460322437630196,3.503663681602202e-13,-0.07397194140645341,0.02354982349405622,8.946664141094307e-13,0.045545113184798945,0.16063128296984855
dim 63,63,0.2893224839932033,Polarity_group1_D25,-0.2056199998437798,2.1015297484986091e-10,0.07472457895297571,0.02216672404218483,4.676288714180782e-10,0.04327110362413637,0.13089542089080408
dim 63,63,0.2893224839932033,Polarity_group1_D50,-0.13395059171553264,3.899318176323016e-05,-0.0035296298439452425,0.9140752625155242,6.425122204696041e-05,0.9382333671794255,0.1304209618715874
dim 63,63,0.2893224839932033,Polarity_group1_D75,-0.14954396285345567,4.278500555336148e-06,-0.0815525124095682,0.012518263881334472,7.501413047151041e-06,0.026801923951062265,0.06799145044388746
dim 63,63,0.2893224839932033,Polarity_group1_D100,0.015778571587456918,0.6295398826526858,0.006397363829587223,0.8449492309831642,0.6635100056989494,0.8852353925607805,0.009381207757869695
dim 63,63,0.2893224839932033,Polarity_group2_D0,0.1279437648491291,8.589045995659835e-05,-0.07475182911063351,0.022117998967492503,0.00013831925566781028,0.043201237749371325,0.05319193573849558
dim 63,63,0.2893224839932033,Polarity_group2_D25,0.33481308370223234,5.600935534962702e-26,-0.02884633250862671,0.3777745132788357,2.936754267939627e-25,0.4716885511593687,0.3059667511936056
dim 63,63,0.2893224839932033,Polarity_group2_D50,0.25074797103233926,6.6983553539022996e-15,0.07380477574351647,0.023866973480790414,1.930328462643113e-14,0.04594658288672566,0.1769431952888228
dim 63,63,0.2893224839932033,Polarity_group2_D75,0.313163327371955,9.109566775627657e-23,0.19345540504883216,2.3675870052994537e-09,4.111615274404916e-22,2.4634705911838552e-08,0.11970792232312286
dim 63,63,0.2893224839932033,Polarity_group2_D100,-0.024379827894214546,0.45603462584330234,0.1045327650409899,0.0013538822877282224,0.4937295462938832,0.003932145079141098,-0.08015293714677536
dim 63,63,0.2893224839932033,Polarity_group3_D0,-0.05757430223325778,0.07815645386513535,-0.060496856772038504,0.06416091777363031,0.09373161792084456,0.10412899191638739,-0.0029225545387807222
dim 63,63,0.2893224839932033,Polarity_group3_D25,-0.45196241854242947,2.3307793151827173e-48,-0.03854704904607498,0.2384755169403484,3.444603058721361e-47,0.3199781763364519,0.4134153694963545
dim 63,63,0.2893224839932033,Polarity_group3_D50,-0.29051493434549763,1.1118620938321686e-19,-0.07622799905918125,0.0196137854594499,4.333278171994683e-19,0.03894770715491241,0.21428693528631637
dim 63,63,0.2893224839932033,Polarity_group3_D75,-0.24518972017284524,2.7022907942658393e-14,-0.059094986370393864,0.07059247750084349,7.459215911444548e-14,0.11302918257565546,0.18609473380245137
dim 63,63,0.2893224839932033,Polarity_group3_D100,0.18668837958988047,8.527790473604936e-09,0.0179230237770465,0.5837306373155777,1.739940145500335e-08,0.668149530032224,0.16876535581283397
dim 63,63,0.2893224839932033,Polarizability_C1,-0.310905220808867,1.9035072024641635e-22,0.19524333626327087,1.6744446453489019e-09,8.431981506936746e-22,1.7810971705303607e-08,0.11566188454559614
dim 63,63,0.2893224839932033,Polarizability_C2,0.20345311106355002,3.2715662727393646e-10,-0.1971067152461355,1.162976444771245e-09,7.169968078050839e-10,1.2777438570841968e-08,0.00634639581741453
dim 63,63,0.2893224839932033,Polarizability_C3,0.3064470614386079,8.004694436094899e-22,-0.10529830226462367,0.0012470086412760797,3.467662699942537e-21,0.0036825896214519064,0.20114875917398423
dim 63,63,0.2893224839932033,Polarizability_T12,-0.3652596859393682,5.993240285663307e-31,0.07759090222245703,0.017524983019027756,4.060329118481835e-30,0.035569462496359706,0.2876687837169112
dim 63,63,0.2893224839932033,Polarizability_T13,0.10282512396004209,0.0016233426610927637,0.10447875713663433,0.0013617318816286433,0.002333031191071356,0.003948076809583046,-0.0016536331765922424
dim 63,63,0.2893224839932033,Polarizability_T23,0.25766983880669664,1.1236185167244434e-15,-0.21505642284356155,2.8879646859520525e-11,3.3993531212496745e-15,4.364616312705817e-10,0.04261341596313509
dim 63,63,0.2893224839932033,Polarizability_group1_D0,0.0952761952526932,0.003509335762346617,-0.08006330198660869,0.014228632360421793,0.004933157174342466,0.030002292982202517,0.015212893266084507
dim 63,63,0.2893224839932033,Polarizability_group1_D25,0.25776881848780525,1.0948681970719253e-15,-0.07049328236470503,0.030956166184564853,3.3153760455305805e-15,0.0570919906440898,0.18727553612310022
dim 63,63,0.2893224839932033,Polarizability_group1_D50,0.26031047257053974,5.6059292868604465e-16,0.04140610687287411,0.2054017616334428,1.7466234904956988e-15,0.2824740099543553,0.21890436569766564
dim 63,63,0.2893224839932033,Polarizability_group1_D75,0.28065977551964205,2.0186929327977243e-18,0.14361194541579445,1.0192275826776661e-05,7.39302017055307e-18,4.984216875759012e-05,0.1370478301038476
dim 63,63,0.2893224839932033,Polarizability_group1_D100,-0.00806758744591789,0.8051969892167081,0.06908394522885271,0.03448156544611653,0.8219309119754905,0.062388097827751475,-0.06101635778293482
dim 63,63,0.2893224839932033,Polarizability_group2_D0,0.014492061213688215,0.6577370150345934,-0.07891944926604474,0.015678915584606903,0.688881038010518,0.03246595043557784,-0.06442738805235652
dim 63,63,0.2893224839932033,Polarizability_group2_D25,-0.24255197118030966,5.176081304247142e-14,-0.02938716149579978,0.36889363405254383,1.411274412749833e-13,0.46312122989112575,0.21316480968450988
dim 63,63,0.2893224839932033,Polarizability_group2_D50,-0.29208416816896604,6.933240204732665e-20,-0.052715212059542015,0.10683056846696425,2.7307809296942336e-19,0.1615987919706288,0.23936895610942402
dim 63,63,0.2893224839932033,Polarizability_group2_D75,-0.15909357248735412,9.84896699742872e-07,-0.09673518922128285,0.00303560247659718,1.7995377336658599e-06,0.007945856012409547,0.062358383266071266
dim 63,63,0.2893224839932033,Polarizability_group2_D100,-0.0511838313432868,0.11741996406952745,0.011786748467371277,0.7186013821881392,0.1367920055780334,0.7861541488727104,0.03939708287591552
dim 63,63,0.2893224839932033,Polarizability_group3_D0,-0.16636747718669664,3.030849976318931e-07,-0.03976741489601193,0.22392593913910955,5.781290074760268e-07,0.3032897959142846,0.1266000622906847
dim 63,63,0.2893224839932033,Polarizability_group3_D25,-0.061492983891253426,0.059890822640345634,0.125827269241193,0.0001125330885881091,0.07313906677102537,0.00041855291301145256,-0.06433428534993957
dim 63,63,0.2893224839932033,Polarizability_group3_D50,-0.09445763497668587,0.0038036289400188708,-0.004655642975451424,0.8868257558959068,0.005322212257923347,0.9175954227671402,0.08980199200123444
dim 63,63,0.2893224839932033,Polarizability_group3_D75,-0.12288135355465853,0.00016276938360738674,-0.06450262923279618,0.048395952601866916,0.0002555946127168179,0.08276624766525116,0.05837872432186235
dim 63,63,0.2893224839932033,Polarizability_group3_D100,0.09104257342788072,0.005288276749308236,-0.010510462138625951,0.7479758996298048,0.007283647151624539,0.8087534816327446,0.08053211128925476
dim 63,63,0.2893224839932033,Charge_C1,0.24779082367555588,1.4128921068843595e-14,-0.1031093428976284,0.0015753219789943036,3.965596333608203e-14,0.004493232630094769,0.14468148077792747
dim 63,63,0.2893224839932033,Charge_C2,-0.3633627955372583,1.2689562887830492e-30,0.11517194156563133,0.00041161809123073763,8.47662800907077e-30,0.0013693271162456809,0.248190853971627
dim 63,63,0.2893224839932033,Charge_C3,0.36028339955994915,4.243033999742543e-30,-0.08558562263455685,0.008763924355385718,2.773333377522523e-29,0.019804808759802638,0.2746977769253923
dim 63,63,0.2893224839932033,Charge_T12,0.17314884460422597,9.637811422767676e-08,-0.1046174658837334,0.0013416556231912553,1.8769848485156876e-07,0.00390342315458083,0.06853137872049257
dim 63,63,0.2893224839932033,Charge_T13,0.2816794599827528,1.5035600307961307e-18,-0.14472641775129758,8.680923650634672e-06,5.56134053472766e-18,4.295449628610341e-05,0.1369530422314552
dim 63,63,0.2893224839932033,Charge_T23,0.36275903239419677,1.6094681062916633e-30,-0.02866179397380067,0.38083464300919634,1.0729787375277756e-29,0.4738285837244058,0.33409723842039607
dim 63,63,0.2893224839932033,Charge_group1_D0,-0.018829884328146432,0.5648362457536237,0.03544672115721265,0.2783947085915039,0.6021158991127126,0.36407138868270283,-0.01661683682906622
dim 63,63,0.2893224839932033,Charge_group1_D25,-0.1434597771862659,1.0417140643300942e-05,-0.012326822988855561,0.7062922877563752,1.7769790474272294e-05,0.7762475291563978,0.13113295419741033
dim 63,63,0.2893224839932033,Charge_group1_D50,-0.019121478201417966,0.5588239112007226,0.028416749510149445,0.38492153161332465,0.5965074667339129,0.47757723461682927,-0.009295271308731479
dim 63,63,0.2893224839932033,Charge_group1_D75,-0.1250167422959107,0.00012466168450825843,-0.04536199594932743,0.1653161506314572,0.00019742533250715182,0.2341628257459996,0.07965474634658326
dim 63,63,0.2893224839932033,Charge_group1_D100,0.05215653693861407,0.11060265516356457,-0.018341092855169775,0.574983696005939,0.1293009689346537,0.661082803669479,0.03381544408344429
dim 63,63,0.2893224839932033,Charge_group2_D0,-0.045937702741197156,0.1600097584553567,-0.10307366387925168,0.0015812776740493446,0.18252479277352848,0.004506371528434139,-0.057135961138054525
dim 63,63,0.2893224839932033,Charge_group2_D25,0.19815562330311876,9.457589716028585e-10,0.06426871978345532,0.049217551549225795,2.015848733346233e-09,0.0839135386291037,0.13388690351966342
dim 63,63,0.2893224839932033,Charge_group2_D50,0.04972633199804129,0.12824606833400806,0.08450603797276998,0.009655019147760834,0.14852353267530755,0.02157041067125163,-0.034779705974728695
dim 63,63,0.2893224839932033,Charge_group2_D75,0.09436786484035657,0.0038372298432506934,0.11474600718605103,0.0004325739960074622,0.005364733225808839,0.0014347538695778789,-0.02037814234569446
dim 63,63,0.2893224839932033,Charge_group2_D100,-0.15840030852932802,1.0989972743617075e-06,0.033742927178351215,0.3021651456893484,1.997089715107782e-06,0.3902674348810609,0.1246573813509768
dim 63,63,0.2893224839932033,Charge_group3_D0,0.013259369689433994,0.6852192447585514,-0.0080532404736102,0.8055364789951005,0.7147508674245977,0.853311715776605,0.005206129215823795
dim 63,63,0.2893224839932033,Charge_group3_D25,-0.2462840547278704,2.0589460433178297e-14,-0.08281425303993672,0.011214104411431332,5.740300321103132e-14,0.024432556251911708,0.16346980168793368
dim 63,63,0.2893224839932033,Charge_group3_D50,-0.05688898503339179,0.08177426168548596,-0.06912882448467819,0.03436423512892296,0.09778948586807129,0.062243245840890825,-0.0122398394512864
dim 63,63,0.2893224839932033,Charge_group3_D75,-0.025348619343498847,0.43832692122199,-0.08410836709286057,0.010003049756454125,0.4753285444420281,0.02228831633526136,-0.058759747749361727
dim 63,63,0.2893224839932033,Charge_group3_D100,0.15912973501891417,9.79268606592159e-07,0.007686314315787687,0.8142312526851201,1.7902337963972695e-06,0.8595235094716501,0.1514434207031265
dim 63,63,0.2893224839932033,SecondaryStructure_C1,0.40498631752089037,2.7208288511076253e-38,-0.06360567631909822,0.051610206965643536,2.57438197243611e-37,0.08732922026161352,0.3413806412017921
dim 63,63,0.2893224839932033,SecondaryStructure_C2,-0.18117547799458555,2.3404889043811225e-08,0.0008587493101361726,0.9790566405389051,4.67817650546556e-08,0.9840653564249,0.18031672868444937
dim 63,63,0.2893224839932033,SecondaryStructure_C3,-0.4194601084562477,3.1671369777604375e-41,0.08734535055889722,0.007467882085087586,3.5737288870675207e-40,0.01723754399736872,0.33211475789735045
dim 63,63,0.2893224839932033,SecondaryStructure_T12,0.288174634524546,2.2365151194121916e-19,-0.10340917728588192,0.0015260810875015714,8.6059452751575125e-19,0.004371450113426456,0.18476545723866408
dim 63,63,0.2893224839932033,SecondaryStructure_T13,0.27004189485762214,4.03648648271528e-17,0.001992316848319492,0.9514353616228652,1.3659437540292843e-16,0.9658948655988966,0.2680495780093026
dim 63,63,0.2893224839932033,SecondaryStructure_T23,-0.3606868550941248,3.625094262330495e-30,0.10288391628653183,0.001613300331465402,2.3834281173590265e-29,0.004585892006037823,0.257802938807593
dim 63,63,0.2893224839932033,SecondaryStructure_group1_D0,-0.11189074126193253,0.0006008410833772475,-0.09580146478971448,0.003331546523234258,0.0008999144477488818,0.008645971552138632,0.016089276472218056
dim 63,63,0.2893224839932033,SecondaryStructure_group1_D25,0.024292481779480596,0.45765065489317164,-0.020683757881319646,0.5271505231518403,0.4949977938287543,0.6208331267020968,0.0036087238981609496
dim 63,63,0.2893224839932033,SecondaryStructure_group1_D50,0.12403527931447514,0.00014099515756356228,-0.012482683197158421,0.7027540514462332,0.0002224486661607454,0.7731220460574502,0.11155259611731672
dim 63,63,0.2893224839932033,SecondaryStructure_group1_D75,0.1908951304150229,3.865904889362499e-09,0.06097081064169468,0.062098914240840415,8.05497338145399e-09,0.10143557304593896,0.12992431977332822
dim 63,63,0.2893224839932033,SecondaryStructure_group1_D100,0.16014281141414888,8.33589457180495e-07,0.006226338966084796,0.8490438825364274,1.5339883123872472e-06,0.888132341895292,0.15391647244806408
dim 63,63,0.2893224839932033,SecondaryStructure_group2_D0,-0.10272513356337926,0.0016405540498170012,-0.04381622376172762,0.1802167937754077,0.002355739693202401,0.25269693165821233,0.058908909801651636
dim 63,63,0.2893224839932033,SecondaryStructure_group2_D25,0.08480656307408452,0.009399200721314817,0.047495972954946765,0.1462924649292893,0.012562357106519205,0.21097445287729977,0.03731059011913775
dim 63,63,0.2893224839932033,SecondaryStructure_group2_D50,-0.0067248115025129234,0.8371212763600989,0.04289870140888172,0.18952016125486104,0.8506191247467997,0.2632005565867925,-0.03617388990636879
dim 63,63,0.2893224839932033,SecondaryStructure_group2_D75,-0.194395257483558,1.9742626742518732e-09,-0.06080051988122379,0.06283339650304882,4.155032975426123e-09,0.10232254720633012,0.1335947376023342
dim 63,63,0.2893224839932033,SecondaryStructure_group2_D100,-0.07454932574360672,0.022482321142207676,-0.00040986810093983415,0.9900031650905222,0.029206904945536228,0.9914874277068498,0.07413945764266688
dim 63,63,0.2893224839932033,SecondaryStructure_group3_D0,0.04906558536187202,0.13340236626484434,-0.10684483600950172,0.0010544379723418673,0.1540144843845766,0.0031614208506479686,-0.0577792506476297
dim 63,63,0.2893224839932033,SecondaryStructure_group3_D25,0.019128451407902265,0.5586805124176012,-0.018043434068829287,0.5812050465775962,0.5965074667339129,0.6673168977549575,0.0010850173390729786
dim 63,63,0.2893224839932033,SecondaryStructure_group3_D50,-0.13590148983528239,2.995187573288036e-05,-0.010536474948292789,0.7473733687284368,4.9746029312690405e-05,0.8087534816327446,0.1253650148869896
dim 63,63,0.2893224839932033,SecondaryStructure_group3_D75,-0.06320765722273732,0.05309262841982046,-0.01930124409456332,0.5551328724614925,0.06587272619695406,0.6453074693719494,0.04390641312817399
dim 63,63,0.2893224839932033,SecondaryStructure_group3_D100,-0.05188495168463396,0.11247390368290712,0.10846167545876267,0.0008827776671606659,0.13130473201709533,0.0026863145743537533,-0.056576723774128715
dim 63,63,0.2893224839932033,SolventAccessibility_C1,0.1567320145808027,1.4279806982680694e-06,0.13424072053629255,3.750162523711185e-05,2.5780840714677577e-06,0.00015935805126202746,0.02249129404451014
dim 63,63,0.2893224839932033,SolventAccessibility_C2,0.36003375442311664,4.676539304258642e-30,-0.13394920982419412,3.900041878075007e-05,3.031439444276082e-29,0.0001648878464907661,0.22608454459892252
dim 63,63,0.2893224839932033,SolventAccessibility_C3,-0.4915947816530608,3.616746363647721e-58,0.002355744853826446,0.9425905548270561,8.162116793637425e-57,0.9600161338566707,0.48923903679923436
dim 63,63,0.2893224839932033,SolventAccessibility_T12,0.45707570944912745,1.4900212576283737e-49,-0.03985490052946053,0.22290779815341283,2.3255471964854055e-48,0.30240131837221723,0.41722080891966695
dim 63,63,0.2893224839932033,SolventAccessibility_T13,-0.3158366428607035,3.77575576390838e-23,0.09209981860125008,0.004780668569384036,1.7442633819438435e-22,0.011714917844271958,0.22373682425945343
dim 63,63,0.2893224839932033,SolventAccessibility_T23,-0.049380389784388364,0.13092607948866475,-0.07054819893205952,0.03082528945035207,0.15136486863694712,0.05691346974249636,-0.021167809147671156
dim 63,63,0.2893224839932033,SolventAccessibility_group1_D0,-0.009771116116766461,0.7651642319643878,-0.06438856377195963,0.04879515550827064,0.7851454791892643,0.08332097106217992,-0.05461744765519317
dim 63,63,0.2893224839932033,SolventAccessibility_group1_D25,0.17593385450753996,5.941236186809274e-08,-0.015738422429811365,0.6304120274886504,1.1672781684672339e-07,0.7137804916626876,0.1601954320777286
dim 63,63,0.2893224839932033,SolventAccessibility_group1_D50,0.22540137311479766,2.942375556553593e-12,0.012314468398507934,0.7065730260574077,7.183870145386696e-12,0.7763006273130729,0.21308690471628972
dim 63,63,0.2893224839932033,SolventAccessibility_group1_D75,0.2123050366704711,5.201197705985186e-11,0.02278055726218186,0.48612653144118584,1.206388912360453e-10,0.5807264946685334,0.18952447940828923
dim 63,63,0.2893224839932033,SolventAccessibility_group1_D100,-0.014435867330167614,0.6589801820145753,0.01265409311836088,0.6988702285063632,0.68996671094943,0.7706294406703784,0.0017817742118067335
dim 63,63,0.2893224839932033,SolventAccessibility_group2_D0,-0.0150320097009432,0.6458403956120232,-0.05434773327358334,0.09638911232719533,0.6785488900107447,0.1480182230679689,-0.03931572357264014
dim 63,63,0.2893224839932033,SolventAccessibility_group2_D25,-0.4063988262215347,1.4278125921408506e-38,-0.0424787705333473,0.19389409397901342,1.370371855675414e-37,0.26827103309440964,0.3639200556881874
dim 63,63,0.2893224839932033,SolventAccessibility_group2_D50,-0.23438654927322392,3.687582609492751e-13,-0.06856410613418909,0.03586569656064443,9.401928179928083e-13,0.0645080379712183,0.16582244313903483
dim 63,63,0.2893224839932033,SolventAccessibility_group2_D75,-0.25963364864561184,6.704606083218182e-16,-0.07498332168609824,0.02170781273816268,2.0677178502261057e-15,0.04254935125907473,0.1846503269595136
dim 63,63,0.2893224839932033,SolventAccessibility_group2_D100,0.21180877900602835,5.778571115576138e-11,0.019460439389043654,0.551874160321288,1.3347460253128837e-10,0.642105299379645,0.1923483396169847
dim 63,63,0.2893224839932033,SolventAccessibility_group3_D0,-0.22183729965384164,6.546656847142841e-12,-0.09234449335749104,0.004669655870282301,1.5776214913028203e-11,0.011459699196725117,0.1294928062963506
dim 63,63,0.2893224839932033,SolventAccessibility_group3_D25,0.03751314314898397,0.2513132788077457,0.038514846923960656,0.23886825801002368,0.281201457694429,0.32028100431693257,-0.0010017037749766866
dim 63,63,0.2893224839932033,SolventAccessibility_group3_D50,-0.07070700692139338,0.03044948525847517,0.021451131368980518,0.5119348896151041,0.03907079552950713,0.6063342309625701,0.04925587555241286
dim 63,63,0.2893224839932033,SolventAccessibility_group3_D75,0.10350117832828716,0.0015112582607984919,0.09078314908988737,0.005420036932467899,0.0021814539113874324,0.013099076233316052,0.012718029238399792
dim 63,63,0.2893224839932033,SolventAccessibility_group3_D100,-0.1742349722240264,7.98804375696408e-08,0.0012259844278746865,0.9701039917662024,1.5584150787535062e-07,0.9785593671398808,0.1730089877961517
dim 50,50,0.2812172411561444,AAC_A,0.1872708918013373,7.651137283661146e-09,0.0754165280773573,0.020957941133867813,1.5658577529061413e-08,0.04127330388391421,0.11185436372398
dim 50,50,0.2812172411561444,AAC_C,0.10169472261161804,0.0018279448419345147,0.04885290627163822,0.13509570034079282,0.002621440863916393,0.1971252246126029,0.052841816339979815
dim 50,50,0.2812172411561444,AAC_D,-0.3005767059529053,5.110633249649007e-21,-0.19822390575712764,9.330784743090686e-10,2.136359831517858e-20,1.045799363822916e-08,0.10235280019577767
dim 50,50,0.2812172411561444,AAC_E,-0.582346478181267,3.5923456152157254e-86,-0.34420951020898854,1.8715824877009615e-27,2.3996868709641047e-84,3.67710912289483e-25,0.2381369679722784
dim 50,50,0.2812172411561444,AAC_F,-0.20351275104658675,3.2321652510157667e-10,-0.1183765658945018,0.0002817794688701705,7.088267851866487e-10,0.0009732610403581898,0.08513618515208496
dim 50,50,0.2812172411561444,AAC_G,0.22602307356844167,2.5556864012569094e-12,0.07600414992926577,0.019976855170077003,6.2718534755312836e-12,0.03953153468486932,0.1500189236391759
dim 50,50,0.2812172411561444,AAC_H,-0.4830830624676176,5.955976295765607e-56,-0.2378738029454226,1.6085517689469667e-13,1.2204270446538115e-54,4.591934109643477e-12,0.24520925952219502
dim 50,50,0.2812172411561444,AAC_I,-0.333022694576803,1.0562707813831879e-25,-0.18798568874349864,6.694413816251875e-09,5.452773430942577e-25,6.263121049378505e-08,0.14503700583330437
dim 50,50,0.2812172411561444,AAC_K,-0.4691955497565016,1.8199401163488368e-52,-0.256237732928017,1.6328859428164915e-15,3.133298963198513e-51,7.57477645695428e-14,0.21295781682848458
dim 50,50,0.2812172411561444,AAC_L,-0.34717555063304545,6.247157775077448e-28,-0.07038468360881937,0.03121638036917146,3.616205713822994e-27,0.057508389648666676,0.27679086702422606
dim 50,50,0.2812172411561444,AAC_M,-0.3033231974886578,2.1581283277871704e-21,-0.1302290649373776,6.385637329210271e-05,9.147396719300951e-21,0.0002527017616061884,0.17309413255128023
dim 50,50,0.2812172411561444,AAC_N,0.001690561137717052,0.9587838281308252,-0.0019113949521673715,0.9534056229678973,0.9616630588459327,0.9673070415287902,-0.0002208338144503194
dim 50,50,0.2812172411561444,AAC_P,0.5341394216729174,3.083756095939076e-70,0.22405576315846495,3.985864377097359e-12,9.449307670125242e-69,7.831051187944222e-11,0.3100836585144524
dim 50,50,0.2812172411561444,AAC_Q,-0.06905022459044817,0.034569947840347046,0.05645640890122625,0.08412685611175938,0.04398614315686063,0.1313007941183534,0.012593815689221917
dim 50,50,0.2812172411561444,AAC_R,0.1530391937558055,2.5250735511261495e-06,0.08795474365511861,0.007060793770562721,4.483650005721074e-06,0.01646875894191296,0.06508445010068688
dim 50,50,0.2812172411561444,AAC_S,0.5536682805061397,2.2239766959400525e-76,0.2557839988758365,1.8372974164738026e-15,9.17047180795034e-75,8.406264891811645e-14,0.29788428163030317
dim 50,50,0.2812172411561444,AAC_T,0.6042266024487934,2.525935623172822e-94,0.3309753286267402,2.17074086671988e-25,3.8466535055561516e-92,3.0209477061851664e-23,0.2732512738220533
dim 50,50,0.2812172411561444,AAC_V,0.0072937553556878774,0.8235587677740713,0.0768986647309834,0.018560235146111118,0.8378575340741389,0.037344087583139236,-0.06960490937529552
dim 50,50,0.2812172411561444,AAC_W,0.2071156856825178,1.5438940250296552e-10,0.19208815687252317,3.078830753361029e-09,3.4608094252342603e-10,3.078830753361029e-08,0.01502752880999464
dim 50,50,0.2812172411561444,AAC_Y,-0.09539605491328779,0.0034680240326795428,-0.07134718612864907,0.028974144759221027,0.004877136955431441,0.05394294509241819,0.024048868784638716
dim 50,50,0.2812172411561444,Hydrophobicity_C1,-0.5777397329754733,1.5633262924016176e-84,-0.3190638365589907,1.2884059986120717e-23,8.702516361035672e-83,1.3040230410194905e-21,0.25867589641648264
dim 50,50,0.2812172411561444,Hydrophobicity_C2,0.6042231490263641,2.5337238659351894e-94,0.28177985958746743,1.460474261376211e-18,3.8466535055561516e-92,8.869061878175535e-17,0.32244328943889666
dim 50,50,0.2812172411561444,Hydrophobicity_C3,-0.48567978182148247,1.2744511117710553e-56,-0.13886166784145584,1.9934185632496804e-05,2.7286325085354646e-55,9.058527892862492e-05,0.3468181139800266
dim 50,50,0.2812172411561444,Hydrophobicity_T12,-0.17336951282694282,9.277985567160459e-08,-0.19497514683037578,1.7641146554721363e-09,1.8079621816987126e-07,1.8646021991382704e-08,-0.02160563400343296
dim 50,50,0.2812172411561444,Hydrophobicity_T13,-0.5514993598459262,1.1205374780101077e-75,-0.21131813838723454,6.410760655127916e-11,4.509150815125012e-74,9.0345740878174e-10,0.3401812214586917
dim 50,50,0.2812172411561444,Hydrophobicity_T23,0.27458690841860633,1.1379362116451394e-17,0.205978411059515,1.9522572860943863e-10,4.009184543137938e-17,2.4792925230248097e-09,0.06860849735909133
dim 50,50,0.2812172411561444,Hydrophobicity_group1_D0,-0.01789070300279343,0.5844094293474773,-0.0028087527183542726,0.9315756408020588,0.6198563016896076,0.952391380556742,0.015081950284439156
dim 50,50,0.2812172411561444,Hydrophobicity_group1_D25,0.4838231260274666,3.8432197410427353e-56,0.16574685620898125,3.3582717602294187e-07,7.92367526856959e-55,2.262878427065431e-06,0.31807626981848536
dim 50,50,0.2812172411561444,Hydrophobicity_group1_D50,0.2426844023688484,5.0108221107005264e-14,0.06460450124491215,0.048041742665782636,1.369570036803581e-13,0.08237136576166017,0.17807990112393624
dim 50,50,0.2812172411561444,Hydrophobicity_group1_D75,0.24873756320592333,1.1137681867759467e-14,0.017991735982750542,0.5822887820975594,3.1632531835303253e-14,0.6676431624462232,0.23074582722317277
dim 50,50,0.2812172411561444,Hydrophobicity_group1_D100,-0.27627585828902484,7.06514493627667e-18,-0.13952357461410114,1.8178791625804006e-05,2.5130547483667816e-17,8.351741957384509e-05,0.1367522836749237
dim 50,50,0.2812172411561444,Hydrophobicity_group2_D0,-0.23429023436831847,3.772345176036243e-13,-0.1380256767294909,2.23821788110074e-05,9.610703957254807e-13,9.994181447695818e-05,0.09626455763882757
dim 50,50,0.2812172411561444,Hydrophobicity_group2_D25,-0.4435803227049345,1.9137231917684578e-46,-0.1605456689868961,7.816548801550337e-07,2.6744081424714012e-45,4.935212286801158e-06,0.28303465371803843
dim 50,50,0.2812172411561444,Hydrophobicity_group2_D50,-0.19591304148415312,1.4694527981432796e-09,-0.022262294095260683,0.4961033200332682,3.1063116112649074e-09,0.590094404882876,0.17365074738889244
dim 50,50,0.2812172411561444,Hydrophobicity_group2_D75,-0.24816168634534824,1.2873294922786578e-14,-0.10134880441287446,0.001895129691480104,3.6345566392313757e-14,0.005261623582330463,0.14681288193247377
dim 50,50,0.2812172411561444,Hydrophobicity_group2_D100,0.15496324085418586,1.8793679877835493e-06,0.03941148702762982,0.22810237870375177,3.3765944481963716e-06,0.30757446300788494,0.11555175382655605
dim 50,50,0.2812172411561444,Hydrophobicity_group3_D0,0.35032136832026795,1.9259704672996594e-28,0.14852043460760658,4.981797561950799e-06,1.150758740747918e-27,2.583727306974483e-05,0.20180093371266136
dim 50,50,0.2812172411561444,Hydrophobicity_group3_D25,0.38773685014303744,5.59049903092431e-35,0.13151449134729293,5.393295535515432e-05,4.456388248994557e-34,0.00021887736438179275,0.2562223587957445
dim 50,50,0.2812172411561444,Hydrophobicity_group3_D50,0.18881388087939247,5.730782161233367e-09,0.055879817675607395,0.08734740185021035,1.1851896234377366e-08,0.13592195681707228,0.13293406320378506
dim 50,50,0.2812172411561444,Hydrophobicity_group3_D75,0.05966913997822333,0.06789722317648257,0.04334012241750785,0.1850011160042159,0.08222506360023633,0.2581051493124817,0.016329017560715482
dim 50,50,0.2812172411561444,Hydrophobicity_group3_D100,0.07188000473231218,0.027793479575736506,0.07333193583807802,0.024784159439839082,0.03577272515720999,0.04741070591584337,-0.001451931105765844
dim 50,50,0.2812172411561444,NormVanDerWaalsVolume_C1,0.5969286205619712,1.5549014618876964e-91,0.2736294274100667,1.4887631093370442e-17,1.731123627568302e-89,8.879408544974515e-16,0.3232991931519045
dim 50,50,0.2812172411561444,NormVanDerWaalsVolume_C2,-0.5428472770248286,6.313564646282699e-73,-0.20880842674592315,1.0860056668657624e-10,2.292098469411328e-71,1.4393884632268439e-09,0.33403885027890545
dim 50,50,0.2812172411561444,NormVanDerWaalsVolume_C3,-0.48404848204764317,3.3625391034462498e-56,-0.24298439935911384,4.655378698540965e-14,7.019300378444047e-55,1.5096082381676528e-12,0.24106408268852933
dim 50,50,0.2812172411561444,NormVanDerWaalsVolume_T12,0.23544084096310794,2.873549615677281e-13,0.09490249135673691,0.003641025478651741,7.38060611950151e-13,0.009333096775669084,0.14053834960637102
dim 50,50,0.2812172411561444,NormVanDerWaalsVolume_T13,-0.039634055562514245,0.22548432961381787,-0.03615936056735799,0.2688396717352931,0.2530637301445402,0.35226539960607256,0.0034746949951562564
dim 50,50,0.2812172411561444,NormVanDerWaalsVolume_T23,-0.4994947082034729,2.7817439948125555e-60,-0.21547699645319102,2.637722158384882e-11,6.63644638762424e-59,4.0045418222752295e-10,0.2840177117502819
dim 50,50,0.2812172411561444,NormVanDerWaalsVolume_group1_D0,-0.2341749855106784,3.8762836385846917e-13,-0.13833378004234959,2.1448479775405174e-05,9.867978165299443e-13,9.602938666200172e-05,0.0958412054683288
dim 50,50,0.2812172411561444,NormVanDerWaalsVolume_group1_D25,-0.3475981708740291,5.337845090276411e-28,-0.06825240857728061,0.03671810126063605,3.100591756786646e-27,0.06558571144963844,0.2793457622967485
dim 50,50,0.2812172411561444,NormVanDerWaalsVolume_group1_D50,-0.11203586927412489,0.000590996375648405,0.0267618395771047,0.4132172217710488,0.0008855665745471837,0.5074064414394497,0.08527402969702019
dim 50,50,0.2812172411561444,NormVanDerWaalsVolume_group1_D75,-0.20360551034163207,3.1718016015862494e-10,-0.0293465720419318,0.3695556129072182,6.965034417684466e-10,0.46367984489485686,0.17425893829970027
dim 50,50,0.2812172411561444,NormVanDerWaalsVolume_group1_D100,0.20493996571456294,2.415952423366517e-10,0.17209862044070712,1.1543458437194089e-07,5.340358103272116e-10,8.548814008919792e-07,0.03284134527385582
dim 50,50,0.2812172411561444,NormVanDerWaalsVolume_group2_D0,0.012869133443286482,0.6940089401756522,-0.059440113396180674,0.06896203747098892,0.7214409773379017,0.11089706555276986,-0.04657097995289419
dim 50,50,0.2812172411561444,NormVanDerWaalsVolume_group2_D25,0.3773054981025366,4.5416074896503464e-33,0.16018222791558093,8.283651538408333e-07,3.385930583801821e-32,5.2104324177559e-06,0.21712327018695568
dim 50,50,0.2812172411561444,NormVanDerWaalsVolume_group2_D50,0.12338556642612888,0.00015289270575065576,0.09449937217253142,0.0037880978276232445,0.00024065110141714902,0.009643480750199418,0.028886194253597466
dim 50,50,0.2812172411561444,NormVanDerWaalsVolume_group2_D75,0.06938551079705066,0.03369969075917139,0.12074658626396305,0.00021161031116901397,0.042995346118519344,0.0007502955831258032,-0.05136107546691239
dim 50,50,0.2812172411561444,NormVanDerWaalsVolume_group2_D100,-0.12784651361300825,8.69713693885753e-05,-0.006627654522583927,0.8394422658051883,0.00013992503552882538,0.8805707185267994,0.12121885909042432
dim 50,50,0.2812172411561444,NormVanDerWaalsVolume_group3_D0,0.20337389335891426,3.324625962506838e-10,0.11123502592103768,0.0006472503608339405,7.267179787154999e-10,0.0020510590182024296,0.09213886743787658
dim 50,50,0.2812172411561444,NormVanDerWaalsVolume_group3_D25,0.11463299733495727,0.00043829868635725694,-0.07387412659672372,0.023734953514947938,0.0006651147716643517,0.045815628154865805,0.040758870738233546
dim 50,50,0.2812172411561444,NormVanDerWaalsVolume_group3_D50,0.055020449935184595,0.0923309633111785,-0.11566020759266402,0.0003887615542797508,0.10958970058967171,0.0013049885339641886,-0.06063975765747942
dim 50,50,0.2812172411561444,NormVanDerWaalsVolume_group3_D75,0.037223266527359446,0.25499745834395454,-0.14713068544144847,6.1154407305410805e-06,0.28494195746698164,3.123176152906301e-05,-0.10990741891408903
dim 50,50,0.2812172411561444,NormVanDerWaalsVolume_group3_D100,-0.16200420859004472,6.184313704683954e-07,-0.13837262244621681,2.1333431304213543e-05,1.1513716707717061e-06,9.577104913450704e-05,0.023631586143827904
dim 50,50,0.2812172411561444,Polarity_C1,-0.49881400794271674,4.252636965704959e-60,-0.16346070362956389,4.884343583616557e-07,1.0002681313700396e-58,3.1862710096248635e-06,0.33535330431315286
dim 50,50,0.2812172411561444,Polarity_C2,0.6302182353264685,7.171830267007005e-105,0.31098144611523487,1.8569306877024855e-22,3.456671209147919e-102,1.632144341296395e-20,0.3192367892112336
dim 50,50,0.2812172411561444,Polarity_C3,-0.6289547074682822,2.4640136375864338e-104,-0.35550843913285524,2.687009622366974e-29,1.0287256936923361e-101,8.158738307914267e-27,0.27344626833542696
dim 50,50,0.2812172411561444,Polarity_T12,0.41499146202761183,2.6419226328992484e-40,0.22616767126574325,2.473146111960988e-12,2.819176228077792e-39,5.2950692397113464e-11,0.1888237907618686
dim 50,50,0.2812172411561444,Polarity_T13,-0.6009682438890945,4.535846432274385e-93,-0.2551495684269758,2.1658763258854943e-15,6.312386284915186e-91,9.645369237943402e-14,0.34581867546211875
dim 50,50,0.2812172411561444,Polarity_T23,0.024168426114345498,0.45995136962035216,-0.07272563148980628,0.026004709162018236,0.49716426360258126,0.049242901035582466,-0.04855720537546078
dim 50,50,0.2812172411561444,Polarity_group1_D0,0.22801454641223148,1.622868768374501e-12,0.03475555162268334,0.2878798157299161,4.003236105148326e-12,0.3751535640023097,0.19325899478954814
dim 50,50,0.2812172411561444,Polarity_group1_D25,0.28933127689897037,1.5845965647639876e-19,0.04932780231300991,0.1313372439118937,6.12563949804597e-19,0.19231319362811264,0.24000347458596047
dim 50,50,0.2812172411561444,Polarity_group1_D50,0.15331036783372448,2.4226532775718234e-06,0.019731923841393693,0.5463386317450859,4.31325263704152e-06,0.6375859643705755,0.1335784439923308
dim 50,50,0.2812172411561444,Polarity_group1_D75,0.10610577703411204,0.0011427508787843887,-0.02273343325928045,0.487029188757298,0.0016667196223318157,0.5813715119547446,0.0833723437748316
dim 50,50,0.2812172411561444,Polarity_group1_D100,0.00697449290024277,0.8311631563622777,0.05082403655807316,0.12002348667958068,0.8450791300608851,0.1787242289388317,-0.04384954365783039
dim 50,50,0.2812172411561444,Polarity_group2_D0,-0.23333428462443356,4.724249671649071e-13,-0.12048665239363374,0.00021841770287890256,1.1999234907458476e-12,0.0007711576401855545,0.11284763223079983
dim 50,50,0.2812172411561444,Polarity_group2_D25,-0.423708099508085,4.091958873942871e-42,-0.10604297385934093,0.0011505617466261745,4.77872120243678e-41,0.003421973493972772,0.3176651256487441
dim 50,50,0.2812172411561444,Polarity_group2_D50,-0.22824162916970892,1.5405531004246536e-12,0.011052466147810079,0.7354538210951134,3.802991393509492e-12,0.7998748819464925,0.21718916302189883
dim 50,50,0.2812172411561444,Polarity_group2_D75,-0.2351485739096878,3.079642525582435e-13,-0.012535017191581115,0.7015674352511696,7.894095192206703e-13,0.7720709172121603,0.22261355671810668
dim 50,50,0.2812172411561444,Polarity_group2_D100,0.1315767132988882,5.349171510441608e-05,0.1022296759090229,0.0017283373940148283,8.74937945390547e-05,0.004883796020312628,0.0293470373898653
dim 50,50,0.2812172411561444,Polarity_group3_D0,0.033073700370624994,0.3118602820713476,0.016703189929163562,0.6095993982400153,0.3446768173786568,0.6949017031131915,0.01637051044146143
dim 50,50,0.2812172411561444,Polarity_group3_D25,0.5441661865784903,2.4328255549412968e-73,0.19318139758908512,2.495945031067362e-09,8.929271817037287e-72,2.557195215878831e-08,0.3509847889894051
dim 50,50,0.2812172411561444,Polarity_group3_D50,0.2905484240144187,1.1007454139230679e-19,0.03907501567340081,0.23210118197387986,4.2999879327521016e-19,0.3119589327133838,0.2514734083410179
dim 50,50,0.2812172411561444,Polarity_group3_D75,0.2190754518663689,1.2053506380010823e-11,-0.04140371581590557,0.2054279551434518,2.8756222363740108e-11,0.2824740099543553,0.17767173605046332
dim 50,50,0.2812172411561444,Polarity_group3_D100,-0.2745287872296839,1.1566861419345734e-17,-0.20240649423587756,4.044268786726189e-10,4.0666649621699734e-17,4.876482941395477e-09,0.07212229299380632
dim 50,50,0.2812172411561444,Polarizability_C1,0.5291436633780104,9.921379200960274e-69,0.23373026157805074,4.3043409147005466e-13,2.8815136114093317e-67,1.1058845119307558e-11,0.2954134017999597
dim 50,50,0.2812172411561444,Polarizability_C2,-0.38316415026128564,3.918656700510453e-34,-0.12443205053354009,0.00013416357935704267,2.988199401759113e-33,0.0004902695350684054,0.2587320997277456
dim 50,50,0.2812172411561444,Polarizability_C3,-0.48404848204764317,3.3625391034462498e-56,-0.24298439935911384,4.655378698540965e-14,7.019300378444047e-55,1.5096082381676528e-12,0.24106408268852933
dim 50,50,0.2812172411561444,Polarizability_T12,0.5295640855620449,7.424671824084903e-69,0.24292290713215323,4.7261590063252177e-14,2.175298587056454e-67,1.5178241424159833e-12,0.2866411784298917
dim 50,50,0.2812172411561444,Polarizability_T13,-0.07433869163474036,0.022866786157112937,-0.062276090560205895,0.05670150497487383,0.029671742721350897,0.09404454247671853,0.012062601074534461
dim 50,50,0.2812172411561444,Polarizability_T23,-0.4722525700272069,3.210652345184521e-53,-0.1932955347306489,2.441675946049197e-09,5.765364963933494e-52,2.524828996843442e-08,0.278957035296558
dim 50,50,0.2812172411561444,Polarizability_group1_D0,-0.20341947049223028,3.293996970466633e-10,-0.1261410837035354,0.00010814283381985972,7.214393364825282e-10,0.0004044759965938762,0.07727838678869486
dim 50,50,0.2812172411561444,Polarizability_group1_D25,-0.3663631747348336,3.8648458044301734e-31,-0.11134697254939133,0.0006390985566912545,2.6506334675147393e-30,0.0020348800565765392,0.2550162021854423
dim 50,50,0.2812172411561444,Polarizability_group1_D50,-0.2768071661079148,6.0772263885984085e-18,-0.037050246447733505,0.257214236788204,2.1755558561541998e-17,0.34077570443181326,0.23975691966018128
dim 50,50,0.2812172411561444,Polarizability_group1_D75,-0.22602995209225382,2.551699561467675e-12,-0.005513208789945388,0.8661601771918908,6.266673923016202e-12,0.901519162300067,0.22051674330230844
dim 50,50,0.2812172411561444,Polarizability_group1_D100,0.10411891081363416,0.001415111700003959,0.13179515209578746,5.196956630056433e-05,0.002048752959693638,0.00021193937905236243,-0.027676241282153305
dim 50,50,0.2812172411561444,Polarizability_group2_D0,-0.09111559766764184,0.005251712781698835,-0.0669549415157326,0.0404537894143709,0.007239257404405328,0.07133878386694763,0.024160656151909238
dim 50,50,0.2812172411561444,Polarizability_group2_D25,0.3374843316532693,2.156755244995861e-26,0.2262299726774919,2.4383927223322077e-12,1.1562700671406383e-25,5.2543430274771443e-11,0.1112543589757774
dim 50,50,0.2812172411561444,Polarizability_group2_D50,0.36932413599897135,1.180878947600881e-31,0.2048244907644777,2.4737165880063696e-10,8.30344354734093e-31,3.0600790384967683e-09,0.16449964523449365
dim 50,50,0.2812172411561444,Polarizability_group2_D75,0.15229504887607515,2.827890731691729e-06,0.08979464775355848,0.00594963893508127,5.000082077210362e-06,0.01425523245564666,0.06250040112251666
dim 50,50,0.2812172411561444,Polarizability_group2_D100,0.1191710397839127,0.0002561351062490276,0.1384638566569066,2.106550437797455e-05,0.00039514607615323425,9.482315986851077e-05,-0.019292816872993904
dim 50,50,0.2812172411561444,Polarizability_group3_D0,0.20337389335891426,3.324625962506838e-10,0.11123502592103768,0.0006472503608339405,7.267179787154999e-10,0.0020510590182024296,0.09213886743787658
dim 50,50,0.2812172411561444,Polarizability_group3_D25,0.11463299733495727,0.00043829868635725694,-0.07387412659672372,0.023734953514947938,0.0006651147716643517,0.045815628154865805,0.040758870738233546
dim 50,50,0.2812172411561444,Polarizability_group3_D50,0.055020449935184595,0.0923309633111785,-0.11566020759266402,0.0003887615542797508,0.10958970058967171,0.0013049885339641886,-0.06063975765747942
dim 50,50,0.2812172411561444,Polarizability_group3_D75,0.037223266527359446,0.25499745834395454,-0.14713068544144847,6.1154407305410805e-06,0.28494195746698164,3.123176152906301e-05,-0.10990741891408903
dim 50,50,0.2812172411561444,Polarizability_group3_D100,-0.16200420859004472,6.184313704683954e-07,-0.13837262244621681,2.1333431304213543e-05,1.1513716707717061e-06,9.577104913450704e-05,0.023631586143827904
dim 50,50,0.2812172411561444,Charge_C1,-0.4106989207589552,1.967200550341804e-39,-0.20997035583781407,8.515372890734292e-11,1.9970972152406156e-38,1.1468284457682474e-09,0.20072856492114113
dim 50,50,0.2812172411561444,Charge_C2,0.5832933182710026,1.6418128142638913e-86,0.35080054642563274,1.60804204976176e-28,1.1920988694872602e-84,3.8363288901459134e-26,0.23249277184536987
dim 50,50,0.2812172411561444,Charge_C3,-0.5674916030156624,5.589580890782147e-81,-0.3537732534647598,5.214201139015887e-29,2.574868809402771e-79,1.339648600331774e-26,0.21371834955090258
dim 50,50,0.2812172411561444,Charge_T12,-0.32054761185570413,7.824191856297816e-24,-0.17605756351767393,5.813881661321328e-08,3.696294314007738e-23,4.5583015842284585e-07,0.1444900483380302
dim 50,50,0.2812172411561444,Charge_T13,-0.46571787763214684,1.282235819124072e-51,-0.20628539174174085,1.8326687797704243e-10,2.152094289384121e-50,2.336302948256953e-09,0.259432485890406
dim 50,50,0.2812172411561444,Charge_T23,-0.5335744496106524,4.579635066007395e-70,-0.3296541567078722,3.445269778077593e-25,1.3905437382240635e-68,4.1097146638497003e-23,0.2039202929027802
dim 50,50,0.2812172411561444,Charge_group1_D0,0.047677814806672256,0.14475212201297916,0.012970422575590704,0.6917234899268204,0.16614161083276643,0.7647654605612646,0.03470739223108155
dim 50,50,0.2812172411561444,Charge_group1_D25,0.18144693087450148,2.228580583274069e-08,0.07766904261839284,0.017411358873527405,4.4625054844936397e-08,0.035438110077746214,0.10377788825610863
dim 50,50,0.2812172411561444,Charge_group1_D50,-0.0029064946612434614,0.9292006817551999,-0.10300266982590835,0.001593189914081595,0.9342354837635062,0.004532584593724469,-0.10009617516466489
dim 50,50,0.2812172411561444,Charge_group1_D75,0.07686442806511086,0.018612795143692008,-0.08336042088295087,0.010687972656205986,0.024340930219237004,0.023594070503455383,-0.00649599281784001
dim 50,50,0.2812172411561444,Charge_group1_D100,-0.07483518555073769,0.02196952911575572,-0.015314535604155199,0.6396511498453152,0.028574076030616864,0.7197824464187272,0.05952064994658249
dim 50,50,0.2812172411561444,Charge_group2_D0,-0.02874610129116283,0.3794347268797448,-0.04018043053447341,0.21914840447227826,0.41564840530611596,0.2981489494653399,-0.011434329243310584
dim 50,50,0.2812172411561444,Charge_group2_D25,-0.20168479208527573,4.677889654774576e-10,-0.055705657008202535,0.08833947339969357,1.013896914143224e-09,0.1373621234427265,0.1459791350770732
dim 50,50,0.2812172411561444,Charge_group2_D50,0.027701613187236,0.39700089860992943,0.07625993676888626,0.019562456336506495,0.4334694348993672,0.03889202628805458,-0.048558323581650256
dim 50,50,0.2812172411561444,Charge_group2_D75,0.03317698815436283,0.3103507310500062,0.16630448392881278,3.0626258707213667e-07,0.34323557672417904,2.096141477092083e-06,-0.13312749577444993
dim 50,50,0.2812172411561444,Charge_group2_D100,0.2220393705700296,6.258717514295426e-12,0.06937195172190601,0.033734517798834567,1.5104130417447053e-11,0.06130211613063517,0.15266741884812357
dim 50,50,0.2812172411561444,Charge_group3_D0,-0.05902773639566553,0.07091382426070306,-0.09817774594059571,0.0026251941502003335,0.08566082207260334,0.007008911640023272,-0.03915000954493018
dim 50,50,0.2812172411561444,Charge_group3_D25,0.26664571449112573,1.0235979367783412e-16,0.11409069535643498,0.00046676547827261374,3.3616687402553193e-16,0.0015269311434187366,0.15255501913469074
dim 50,50,0.2812172411561444,Charge_group3_D50,-0.0056513328918387585,0.8628398148320121,-0.06454995319136442,0.04823113531613129,0.8734534643463662,0.08261127792609155,-0.05889862029952566
dim 50,50,0.2812172411561444,Charge_group3_D75,-0.09917050773732533,0.0023728868767738647,-0.1878729805786368,6.837148283604119e-09,0.003371094074191709,6.37879197408876e-08,-0.08870247284131147
dim 50,50,0.2812172411561444,Charge_group3_D100,-0.24799681956399394,1.3417335738659613e-14,-0.19554544711246372,1.5787405932927746e-09,3.7817638284492076e-14,1.700965671483183e-08,0.052451372451530226
dim 50,50,0.2812172411561444,SecondaryStructure_C1,-0.566989647599457,8.283814792655092e-81,-0.25528778073821184,2.0896999946516154e-15,3.6890588543290674e-79,9.431889165049184e-14,0.3117018668612452
dim 50,50,0.2812172411561444,SecondaryStructure_C2,0.2597195984608442,6.554135308682954e-16,0.15173670511795626,3.0776319349600246e-06,2.026927030648247e-15,1.6934580993025507e-05,0.10798289334288794
dim 50,50,0.2812172411561444,SecondaryStructure_C3,0.5829425547581343,2.1949746662135153e-86,0.2271716882891079,1.9678021082110174e-12,1.559833060670881e-84,4.2957248636763384e-11,0.3557708664690264
dim 50,50,0.2812172411561444,SecondaryStructure_T12,-0.4088571503296833,4.6141031554348096e-39,-0.09117617113529519,0.005221556224433354,4.51938549535257e-38,0.012656021618002469,0.3176809791943881
dim 50,50,0.2812172411561444,SecondaryStructure_T13,-0.3836313995623311,3.216150843596416e-34,-0.2291610070373313,1.2471057157098387e-12,2.4808184336286443e-33,2.866855003957367e-11,0.1544703925249998
dim 50,50,0.2812172411561444,SecondaryStructure_T23,0.5397568218375741,5.801824332069325e-72,0.2500045696140229,8.08821720031597e-15,2.0185513821991194e-70,3.216029220125636e-13,0.2897522522235512
dim 50,50,0.2812172411561444,SecondaryStructure_group1_D0,0.05353911941804395,0.10145424553367005,-0.027803026942092843,0.3952741586558895,0.11965295906866454,0.487947058357665,0.025736092475951107
dim 50,50,0.2812172411561444,SecondaryStructure_group1_D25,-0.05430379337915336,0.09665905930932876,-0.03698107723697493,0.2581041757253582,0.11452332674464635,0.34154884256899154,0.01732271614217843
dim 50,50,0.2812172411561444,SecondaryStructure_group1_D50,-0.21923496660009223,1.1638538185294833e-11,-0.1888056373420995,5.739674329204812e-09,2.7786074009209965e-11,5.508767890673583e-08,0.030429329257992715
dim 50,50,0.2812172411561444,SecondaryStructure_group1_D75,-0.2456481015633385,2.4117891435563522e-14,-0.18232168254780856,1.902130474662714e-08,6.684959119898935e-14,1.633191718605004e-07,0.06332641901552993
dim 50,50,0.2812172411561444,SecondaryStructure_group1_D100,-0.18304022713596735,1.6691114249731257e-08,-0.026114102806520708,0.42461884984567677,3.352274299104173e-08,0.5191167490792681,0.15692612432944664
dim 50,50,0.2812172411561444,SecondaryStructure_group2_D0,0.07338585342858847,0.0246780564972578,-0.032625811887015535,0.3184619913611145,0.03192281514362551,0.40884170235090767,0.040760041541572936
dim 50,50,0.2812172411561444,SecondaryStructure_group2_D25,-0.09244543634954086,0.0046245394508268485,-0.06990707141333008,0.032383148355032164,0.006409112765876214,0.059200720036019394,0.02253836493621078
dim 50,50,0.2812172411561444,SecondaryStructure_group2_D50,0.06126396293412515,0.06085113734390277,0.06857210339581678,0.03584404987958693,0.07423038667955999,0.0645080379712183,-0.007308140461691627
dim 50,50,0.2812172411561444,SecondaryStructure_group2_D75,0.21413114547239903,3.5229459349139755e-11,0.09248433096321856,0.004607260964513244,8.239943573258178e-11,0.011348268157429375,0.12164681450918047
dim 50,50,0.2812172411561444,SecondaryStructure_group2_D100,0.1449914685028519,8.35433951263419e-06,0.157491854306827,1.2678593559946117e-06,1.4353649162653392e-05,7.588978940899647e-06,-0.012500385803975084
dim 50,50,0.2812172411561444,SecondaryStructure_group3_D0,-0.1942485957318918,2.031155331767362e-09,-0.18858821848540866,5.97909808071665e-09,4.266703652894962e-09,5.705767882741032e-08,0.005660377246483134
dim 50,50,0.2812172411561444,SecondaryStructure_group3_D25,-0.027841459916957564,0.39462095858748114,0.010691043879064993,0.7437963006005143,0.43129384871799314,0.8057994304267654,0.017150416037892573
dim 50,50,0.2812172411561444,SecondaryStructure_group3_D50,0.18112586873442144,2.3615209432955495e-08,0.0950216313203709,0.0035985624262085216,4.71739231495642e-08,0.009242975603864455,0.08610423741405053
dim 50,50,0.2812172411561444,SecondaryStructure_group3_D75,0.08472313711407518,0.009469603750145538,0.06697342850994631,0.040398382881914344,0.012646843884349071,0.07131985518135874,0.017749708604128875
dim 50,50,0.2812172411561444,SecondaryStructure_group3_D100,0.16059424327520266,7.75607279926639e-07,0.09409409148299037,0.003941372364737907,1.4312311132347923e-06,0.009980427367873093,0.06650015179221229
dim 50,50,0.2812172411561444,SolventAccessibility_C1,-0.0815770555161495,0.012491668480234497,0.023024911292056135,0.48146046554992084,0.01650402402056298,0.576372026859045,0.058552144224093355
dim 50,50,0.2812172411561444,SolventAccessibility_C2,-0.5777397329754733,1.5633262924016176e-84,-0.3190638365589907,1.2884059986120717e-23,8.702516361035672e-83,1.3040230410194905e-21,0.25867589641648264
dim 50,50,0.2812172411561444,SolventAccessibility_C3,0.6451461781318287,2.1372136203377375e-111,0.3157224471113634,3.921232654300826e-23,7.138293491928043e-108,3.7419763043899315e-21,0.32942373102046535
dim 50,50,0.2812172411561444,SolventAccessibility_T12,-0.6126442979366299,1.2420342469228402e-97,-0.26948967748262437,4.700099165005327e-17,2.3046635470679368e-95,2.660734103579287e-15,0.3431546204540055
dim 50,50,0.2812172411561444,SolventAccessibility_T13,0.4802194909349865,3.211820597484873e-55,0.22465041512460507,3.4863469326466505e-12,6.310282820940868e-54,7.014698045204706e-11,0.25556907581038146
dim 50,50,0.2812172411561444,SolventAccessibility_T23,-0.03443019708288419,0.29241922002070253,-0.11334097965353214,0.0005089631757821885,0.32437070570214094,0.0016552453818038065,-0.07891078257064796
dim 50,50,0.2812172411561444,SolventAccessibility_group1_D0,-0.055100589024422046,0.09185679571867661,-0.06566541626288014,0.044480495494132605,0.10918209882575795,0.0773473972766034,-0.010564827238458092
dim 50,50,0.2812172411561444,SolventAccessibility_group1_D25,-0.26274159387269685,2.934918544839903e-16,-0.15160306251549904,3.140469118657102e-06,9.371537227309059e-16,1.722359089706851e-05,0.11113853135719781
dim 50,50,0.2812172411561444,SolventAccessibility_group1_D50,-0.32143152595782903,5.805252179157446e-24,-0.20702774373972244,1.572242463965097e-10,2.758114122103253e-23,2.0494214870529192e-09,0.1144037822181066
dim 50,50,0.2812172411561444,SolventAccessibility_group1_D75,-0.2208356643026288,8.176520894677195e-12,-0.001122509206481433,0.9726262327315577,1.963305520361023e-11,0.979456629283813,0.21971315509614736
dim 50,50,0.2812172411561444,SolventAccessibility_group1_D100,0.0882634755064023,0.006862243833435289,0.16066305687593638,7.671168184059386e-07,0.009305681852892354,4.852595025522414e-06,-0.07239958136953407
dim 50,50,0.2812172411561444,SolventAccessibility_group2_D0,-0.01789070300279343,0.5844094293474773,-0.0028087527183542726,0.9315756408020588,0.6198563016896076,0.952391380556742,0.015081950284439156
dim 50,50,0.2812172411561444,SolventAccessibility_group2_D25,0.4838231260274666,3.8432197410427353e-56,0.16574685620898125,3.3582717602294187e-07,7.92367526856959e-55,2.262878427065431e-06,0.31807626981848536
dim 50,50,0.2812172411561444,SolventAccessibility_group2_D50,0.2426844023688484,5.0108221107005264e-14,0.06460450124491215,0.048041742665782636,1.369570036803581e-13,0.08237136576166017,0.17807990112393624
dim 50,50,0.2812172411561444,SolventAccessibility_group2_D75,0.24873756320592333,1.1137681867759467e-14,0.017991735982750542,0.5822887820975594,3.1632531835303253e-14,0.6676431624462232,0.23074582722317277
dim 50,50,0.2812172411561444,SolventAccessibility_group2_D100,-0.27627585828902484,7.06514493627667e-18,-0.13952357461410114,1.8178791625804006e-05,2.5130547483667816e-17,8.351741957384509e-05,0.1367522836749237
dim 50,50,0.2812172411561444,SolventAccessibility_group3_D0,0.23697037915200084,1.996783611031471e-13,0.12177649443545199,0.0001865455807114166,5.19817401468832e-13,0.0006678051871126811,0.11519388471654884
dim 50,50,0.2812172411561444,SolventAccessibility_group3_D25,0.024363696700655458,0.4563328347027396,0.10465861521596251,0.001335752450050355,0.49373231872599616,0.0038930307008448388,-0.08029491851530705
dim 50,50,0.2812172411561444,SolventAccessibility_group3_D50,0.15046301349121272,3.7288057045939617e-06,0.14855684139199513,4.954988202368092e-06,6.558299659475425e-06,2.5738196883218394e-05,0.0019061720992175901
dim 50,50,0.2812172411561444,SolventAccessibility_group3_D75,-0.07992496508131956,0.014397506908912963,-0.05339604777455672,0.1023720913586465,0.018984474171247254,0.15563167279830648,0.026528917306762843
dim 50,50,0.2812172411561444,SolventAccessibility_group3_D100,0.2149195361298896,2.974308676574475e-11,0.05640890998199375,0.08438848161380068,6.986069606018808e-11,0.13164760793558816,0.15851062614789585
dim 0,0,0.2726228881581413,AAC_A,-0.06187608662845089,0.058312492398762704,0.15199129230777844,2.9612443237319805e-06,0.07151662093175047,1.6348026514487295e-05,-0.09011520567932754
dim 0,0,0.2726228881581413,AAC_C,-0.08232833487085103,0.011701368702573338,-0.013326161236316478,0.6837190440315409,0.015508956931188473,0.7596878267017121,0.06900217363453455
dim 0,0,0.2726228881581413,AAC_D,0.24264857015340546,5.0550184756956626e-14,0.07268400408976446,0.026090380503412617,1.380520172430377e-13,0.04934420774711107,0.16996456606364102
dim 0,0,0.2726228881581413,AAC_E,0.3241960751817021,2.267931571428265e-24,-0.2093573602172016,9.682918961833217e-11,1.0946374925679774e-23,1.293637973300918e-09,0.11483871496450052
dim 0,0,0.2726228881581413,AAC_F,0.11513638893250733,0.0004133303845310231,-0.051901636733372204,0.11235822820262652,0.000629226747645222,0.16904346044899665,0.06323475219913513
dim 0,0,0.2726228881581413,AAC_G,-0.10397428164078311,0.0014371035954683174,0.14083670728034722,1.5121949079518553e-05,0.0020787899561992983,7.133800836948019e-05,-0.036862425639564114
dim 0,0,0.2726228881581413,AAC_H,0.40888944186236525,4.5458580919331955e-39,0.0935531912451773,0.004154695870657174,4.4656370667814335e-38,0.01041011568491745,0.31533625061718795
dim 0,0,0.2726228881581413,AAC_I,0.17016708831128832,1.604002688913026e-07,-0.12948967160115626,7.032187185947693e-05,3.091384293692733e-07,0.0002740728500478688,0.04067741671013206
dim 0,0,0.2726228881581413,AAC_K,0.3048663295240226,1.3242067771107146e-21,-0.07619087062671022,0.019673604516909346,5.684897989138544e-21,0.03904327931460321,0.2286754588973124
dim 0,0,0.2726228881581413,AAC_L,0.23325898542676352,4.808525625886922e-13,-0.11664974473642778,0.0003460251374289902,1.2194742285848383e-12,0.0011745162185089707,0.11660924069033574
dim 0,0,0.2726228881581413,AAC_M,0.15063926091482108,3.6314188865554857e-06,-0.15315102445409504,2.482342992648145e-06,6.393747538795636e-06,1.4076444134880822e-05,-0.002511763539273959
dim 0,0,0.2726228881581413,AAC_N,-0.0013869581846724754,0.9661808086496645,0.001572301722155378,0.9616647136997643,0.9682099912660904,0.9718487575664788,-0.0001853435374829025
dim 0,0,0.2726228881581413,AAC_P,-0.4484081346533444,1.5338745217817967e-47,-0.06662728017942239,0.04144653224730472,2.2274525664135656e-46,0.07274378229427103,0.381780854473922
dim 0,0,0.2726228881581413,AAC_Q,0.0765391457125272,0.01911868843034001,-0.0132565093714331,0.6852835179134512,0.024973179255899737,0.7599093458934021,0.0632826363410941
dim 0,0,0.2726228881581413,AAC_R,-0.12966730608096871,6.871442183505385e-05,-0.04025199076034449,0.21832811895965873,0.00011168183402874932,0.2975681514153077,0.08941531532062422
dim 0,0,0.2726228881581413,AAC_S,-0.42985769251658096,2.0074367366958603e-43,-0.010188976654030117,0.7554350044999735,2.455984872001529e-42,0.8139202951709392,0.41966871586255083
dim 0,0,0.2726228881581413,AAC_T,-0.4023082523000315,9.160971610855516e-38,0.10251749560396824,0.0016768316288705786,8.429103355442816e-37,0.0047548954223527685,0.29979075669606325
dim 0,0,0.2726228881581413,AAC_V,0.08385846490927469,0.01022742388861455,0.11376520148327106,0.00048466892677261726,0.013625686393287833,0.0015808537259966227,-0.029906736573996368
dim 0,0,0.2726228881581413,AAC_W,-0.0955778119094694,0.0034062209687899755,0.0439816242413409,0.17857635616934955,0.0047922401161577585,0.25050190239631565,0.0515961876681285
dim 0,0,0.2726228881581413,AAC_Y,0.0625249838529065,0.0557178953056338,0.0027320528042837893,0.933439742272657,0.06869611307523694,0.9534216327800228,0.05979293104862271
dim 0,0,0.2726228881581413,Hydrophobicity_C1,0.3635324566877305,1.186853130815709e-30,-0.13522366794825352,3.284019853270961e-05,7.960018989808168e-30,0.0001417135182160854,0.22830878873947696
dim 0,0,0.2726228881581413,Hydrophobicity_C2,-0.39053026748577374,1.6757542141141494e-35,0.16651776905406612,2.956316248610483e-07,1.3877313636979175e-34,2.0358961382183533e-06,0.22401249843170762
dim 0,0,0.2726228881581413,Hydrophobicity_C3,0.32679963428865894,9.275156529942782e-25,-0.1501065304835178,3.933478767888541e-06,4.555738648530719e-24,2.1020510535596365e-05,0.17669310380514114
dim 0,0,0.2726228881581413,Hydrophobicity_T12,0.1258808897427778,0.00011177123870324943,0.07108445735142684,0.0295720198923121,0.0001777694939375491,0.054903027482113634,0.05479643239135097
dim 0,0,0.2726228881581413,Hydrophobicity_T13,0.3758358292873129,8.331903495682758e-33,-0.13295066036485498,4.457620304190959e-05,6.116166522105585e-32,0.00018633857091361456,0.24288516892245793
dim 0,0,0.2726228881581413,Hydrophobicity_T23,-0.13732467357561615,2.4652521334952785e-05,0.07407400143214851,0.02335799372540604,4.1314310716880235e-05,0.045278989577978046,0.06325067214346763
dim 0,0,0.2726228881581413,Hydrophobicity_group1_D0,-0.010854118858127627,0.7400283597853128,-0.04781370732812802,0.14360912927740083,0.7623442185333577,0.20764263713702114,-0.036959588470000394
dim 0,0,0.2726228881581413,Hydrophobicity_group1_D25,-0.41249508185132927,8.522033837717652e-40,-0.05002183599734639,0.12599069137187227,8.922756431967699e-39,0.18578759787287125,0.3624732458539829
dim 0,0,0.2726228881581413,Hydrophobicity_group1_D50,-0.23959497994258436,1.0628537532838264e-13,-0.07681602201571139,0.018687329782766014,2.8308863923189636e-13,0.03753197923898887,0.16277895792687297
dim 0,0,0.2726228881581413,Hydrophobicity_group1_D75,-0.25961738596629225,6.733456782228859e-16,-0.07319696777588412,0.02505149064463862,2.0727876177552434e-15,0.04781255928748171,0.1864204181904081
dim 0,0,0.2726228881581413,Hydrophobicity_group1_D100,0.20979395098968157,8.836490232840436e-11,0.013257512117249078,0.6852609853217244,2.0104821101966658e-10,0.7599093458934021,0.1965364388724325
dim 0,0,0.2726228881581413,Hydrophobicity_group2_D0,0.12723512002969437,9.406625851956332e-05,-0.06920820023791022,0.03415755253931752,0.00015097611891174507,0.06196970422668144,0.05802691979178415
dim 0,0,0.2726228881581413,Hydrophobicity_group2_D25,0.3538722628803169,5.0211979903329344e-29,0.004007378996978265,0.9024995262923748,3.0999632694476893e-28,0.9297560964497589,0.34986488388333864
dim 0,0,0.2726228881581413,Hydrophobicity_group2_D50,0.18202503627227362,2.0072675632388763e-08,0.02047534072987485,0.5313224871654513,4.021759844761756e-08,0.6237669972346598,0.16154969554239879
dim 0,0,0.2726228881581413,Hydrophobicity_group2_D75,0.27059294910326603,3.4664647884783535e-17,0.15016071123033262,3.901692837978025e-06,1.1802234855777473e-16,2.0884061023792636e-05,0.12043223787293342
dim 0,0,0.2726228881581413,Hydrophobicity_group2_D100,-0.06814303473436484,0.037021263531734516,0.10935030717255563,0.0007998300094721556,0.04699772717445583,0.0024758408078192767,-0.04120727243819079
dim 0,0,0.2726228881581413,Hydrophobicity_group3_D0,-0.31503295028737466,4.9249850672649455e-23,-0.08977536983261777,0.005960414882294458,2.262647885098338e-22,0.014270814126783863,0.22525758045475688
dim 0,0,0.2726228881581413,Hydrophobicity_group3_D25,-0.28565646222433067,4.70968697957194e-19,0.04681269869689048,0.15219240867274494,1.7875402854284407e-18,0.2177790721857485,0.2388437635274402
dim 0,0,0.2726228881581413,Hydrophobicity_group3_D50,-0.1423559309989951,1.219580333526051e-05,0.01861174327057021,0.569354282401565,2.0719218280656207e-05,0.6575530094125959,0.1237441877284249
dim 0,0,0.2726228881581413,Hydrophobicity_group3_D75,-0.06901445164952819,0.0346639204863712,-0.05557069176841675,0.08911449656713123,0.04408891638403648,0.13830967404006425,0.013443759881111433
dim 0,0,0.2726228881581413,Hydrophobicity_group3_D100,-0.08214760039236522,0.011887333042781095,-0.07931484907125512,0.015163539625909299,0.015736699311489834,0.03155851582342252,0.002832751321110105
dim 0,0,0.2726228881581413,NormVanDerWaalsVolume_C1,-0.3931848350677241,5.275782317572228e-36,0.15003331395255057,3.976826206161803e-06,4.4385674913579956e-35,2.121821010955339e-05,0.24315152111517355
dim 0,0,0.2726228881581413,NormVanDerWaalsVolume_C2,0.35569135402469865,2.5050350352837238e-29,-0.1589429456453589,1.0086754586802957e-06,1.5727099657608342e-28,6.170285772879465e-06,0.19674840837933974
dim 0,0,0.2726228881581413,NormVanDerWaalsVolume_C3,0.32107098904199866,6.5575691879046865e-24,-0.08265987191318847,0.011366926536149504,3.1067065372484616e-23,0.02466896337280009,0.2384111171288102
dim 0,0,0.2726228881581413,NormVanDerWaalsVolume_T12,-0.17898415450000932,3.4665555565737105e-08,0.0040159065937128285,0.9022930853178053,6.871392023119403e-08,0.9297560964497589,0.1749682479062965
dim 0,0,0.2726228881581413,NormVanDerWaalsVolume_T13,0.06590516751656257,0.043707272169950205,0.07850869088997912,0.016230541616463104,0.05504611200891164,0.03352505194742533,-0.012603523373416553
dim 0,0,0.2726228881581413,NormVanDerWaalsVolume_T23,0.2988974312189588,8.618225136516041e-21,-0.1798875800873108,2.949997370814564e-08,3.5668986314700835e-20,2.432837337906332e-07,0.119009851131648
dim 0,0,0.2726228881581413,NormVanDerWaalsVolume_group1_D0,0.12319489596491072,0.00015655947131054635,-0.07632210481432393,0.019462877991433834,0.00024630646923091135,0.03880955969635165,0.04687279115058679
dim 0,0,0.2726228881581413,NormVanDerWaalsVolume_group1_D25,0.2620371214815156,3.5427268587146573e-16,-0.06277642101915433,0.05473868426371505,1.1215836690148773e-15,0.09145933238659744,0.19926070046236127
dim 0,0,0.2726228881581413,NormVanDerWaalsVolume_group1_D50,0.13209703752631127,4.993327566857091e-05,0.03676701131291118,0.2608718693703276,8.183372950590128e-05,0.3438484781755699,0.09533002621340009
dim 0,0,0.2726228881581413,NormVanDerWaalsVolume_group1_D75,0.25035841528253816,7.394530753865886e-15,0.13975429815335857,1.7602234858120848e-05,2.1236227616433415e-14,8.131599505687916e-05,0.11060411712917959
dim 0,0,0.2726228881581413,NormVanDerWaalsVolume_group1_D100,-0.08735360378749203,0.007462231224696853,0.06908578013177391,0.03447676166704831,0.010058348255546528,0.062388097827751475,0.01826782365571812
dim 0,0,0.2726228881581413,NormVanDerWaalsVolume_group2_D0,-0.06682902503854454,0.0408328816772073,-0.060749901237206354,0.0630530976182974,0.0515621265791578,0.10263028559703379,0.006079123801338189
dim 0,0,0.2726228881581413,NormVanDerWaalsVolume_group2_D25,-0.3049769960339226,1.2784816255652097e-21,-0.029919917168284148,0.360273236923611,5.4956610416831406e-21,0.4542516464042509,0.27505707886563846
dim 0,0,0.2726228881581413,NormVanDerWaalsVolume_group2_D50,-0.09060391823404766,0.005512788023860585,-0.02277979624357837,0.486141101524916,0.007574130810240376,0.5807264946685334,0.06782412199046929
dim 0,0,0.2726228881581413,NormVanDerWaalsVolume_group2_D75,-0.06566239548476971,0.04449031086286902,-0.08517336726788077,0.009095155203860672,0.05586377379021899,0.02042947638498524,-0.019510971783111064
dim 0,0,0.2726228881581413,NormVanDerWaalsVolume_group2_D100,0.11945279250584949,0.0002475778465776494,0.009248377436534396,0.7773874986436061,0.00038318350675132026,0.8324701011444836,0.1102044150693151
dim 0,0,0.2726228881581413,NormVanDerWaalsVolume_group3_D0,-0.15327572729113395,2.435511353474316e-06,-0.014209427850410546,0.6639991711658534,4.331527114272745e-06,0.7414768410879139,0.1390662994407234
dim 0,0,0.2726228881581413,NormVanDerWaalsVolume_group3_D25,-0.05989101023307407,0.06687859235539377,0.13261034425302237,4.6643187209875335e-05,0.0810796727647968,0.00019376647423007912,-0.0727193340199483
dim 0,0,0.2726228881581413,NormVanDerWaalsVolume_group3_D50,-0.0981541319265245,0.0026314831576724302,-0.010308775203203769,0.7526527353258782,0.0037289578899558406,0.8120687633213135,0.08784535672332074
dim 0,0,0.2726228881581413,NormVanDerWaalsVolume_group3_D75,-0.12944884657951408,7.069629223063817e-05,-0.07647615421731836,0.01921803070673232,0.00011467975524542568,0.0383442189728112,0.05297269236219572
dim 0,0,0.2726228881581413,NormVanDerWaalsVolume_group3_D100,0.09497455909527236,0.0036152855552122154,-0.004736838658641507,0.8848655834249273,0.0050671648151107,0.9166095025704242,0.09023772043663085
dim 0,0,0.2726228881581413,Polarity_C1,0.33500693931543407,5.227808788654893e-26,-0.14227075554535284,1.2344459338355308e-05,2.7454215965577583e-25,5.940993399150826e-05,0.19273618377008123
dim 0,0,0.2726228881581413,Polarity_C2,-0.4217947071555485,1.0323167027788084e-41,0.13599993607126898,2.9552987906964957e-05,1.1972006205837568e-40,0.00012886028669616573,0.28579477108427953
dim 0,0,0.2726228881581413,Polarity_C3,0.42011475499248196,2.314910602101684e-41,-0.1016977077265818,0.0018273746988463025,2.641165743353266e-40,0.0051117516701395735,0.31841704726590014
dim 0,0,0.2726228881581413,Polarity_T12,-0.25896505547907794,7.997094200203577e-16,0.08378407152891998,0.010295076288289495,2.4572488158859196e-15,0.022862735906174807,0.17518098395015796
dim 0,0,0.2726228881581413,Polarity_T13,0.43465744885633006,1.8272707957774545e-44,-0.08217341877384546,0.011860608381630191,2.3205644326603414e-43,0.025574197543347218,0.35248403008248463
dim 0,0,0.2726228881581413,Polarity_T23,-0.027988293338284863,0.3921314123606086,0.03803775241152846,0.2447403938085634,0.42871322988033805,0.32749716158677955,-0.010049459073243595
dim 0,0,0.2726228881581413,Polarity_group1_D0,-0.23687685982759485,2.0418727044301018e-13,-0.0768307436165636,0.018664634226398427,5.307280025522599e-13,0.03753153420600286,0.16004611621103126
dim 0,0,0.2726228881581413,Polarity_group1_D25,-0.21115258217096478,6.638945945813191e-11,0.06876280295943517,0.03533115720900232,1.525039852752136e-10,0.06371817768794154,0.14238977921152962
dim 0,0,0.2726228881581413,Polarity_group1_D50,-0.1435863230739262,1.0229812077329237e-05,-0.0196536828869447,0.5479311323737502,1.7459158067593076e-05,0.6389978987878232,0.12393264018698148
dim 0,0,0.2726228881581413,Polarity_group1_D75,-0.1601916004772808,8.271275459431697e-07,-0.10111628452193387,0.0019415547100159129,1.5229360548236972e-06,0.0053771084008732584,0.059075315955346916
dim 0,0,0.2726228881581413,Polarity_group1_D100,0.025851510065569003,0.42929286820594775,0.02474218529988765,0.44936482330864475,0.4662888389619075,0.5435996051614899,0.0011093247656813535
dim 0,0,0.2726228881581413,Polarity_group2_D0,0.13236498740470004,4.818935787118006e-05,-0.07000746392264304,0.03213484813722839,7.905326880635629e-05,0.0588434170933897,0.062357523482057
dim 0,0,0.2726228881581413,Polarity_group2_D25,0.3377805442978068,1.9390570303117077e-26,-0.02841829031296343,0.38489575052238256,1.0462763297643138e-25,0.47757723461682927,0.30936225398484335
dim 0,0,0.2726228881581413,Polarity_group2_D50,0.2597223187491001,6.54942758965268e-16,0.0890991562499975,0.00634969180647732,2.026927030648247e-15,0.015041113924563298,0.17062316249910264
dim 0,0,0.2726228881581413,Polarity_group2_D75,0.3134886306777867,8.18770143839917e-23,0.19442305975124574,1.9636538599206094e-09,3.700530826015322e-22,2.0495637162921358e-08,0.11906557092654096
dim 0,0,0.2726228881581413,Polarity_group2_D100,-0.030682532789461793,0.3481552636528176,0.09577940903959495,0.003338843894092326,0.3827645097433874,0.008658182147723889,-0.06509687625013316
dim 0,0,0.2726228881581413,Polarity_group3_D0,-0.05144011426260971,0.11559261069851637,-0.049972646352026695,0.12636396680354886,0.13471016040929681,0.18609716527009973,0.0014674679105830118
dim 0,0,0.2726228881581413,Polarity_group3_D25,-0.45629445409173586,2.2750235667000507e-49,-0.04176723866871774,0.20147341815257094,3.485586565494573e-48,0.2776077626359682,0.4145272154230181
dim 0,0,0.2726228881581413,Polarity_group3_D50,-0.29612375041277983,2.0276790306064817e-20,-0.0847779182666927,0.009423321299027449,8.189175286850846e-20,0.021095102639913994,0.21134583214608713
dim 0,0,0.2726228881581413,Polarity_group3_D75,-0.24417668492606043,3.471627992876427e-14,-0.05524988790708741,0.09097863374692668,9.519899422173453e-14,0.1408755849396083,0.18892679701897303
dim 0,0,0.2726228881581413,Polarity_group3_D100,0.18496553664145401,1.1729963989312812e-08,0.012614489886061831,0.699766868164643,2.3773106628825724e-08,0.7713601781088804,0.17235104675539217
dim 0,0,0.2726228881581413,Polarizability_C1,-0.32041105674002085,8.192673122474757e-24,0.18469330917937382,1.2332622438453283e-08,3.8649051170996737e-23,1.0955042272455841e-07,0.13571774756064703
dim 0,0,0.2726228881581413,Polarizability_C2,0.20450462188304802,2.6408473602658484e-10,-0.20262182099073275,3.871999480039941e-10,5.825911613796522e-10,4.706211832917541e-09,0.0018828008923152673
dim 0,0,0.2726228881581413,Polarizability_C3,0.32107098904199866,6.5575691879046865e-24,-0.08265987191318847,0.011366926536149504,3.1067065372484616e-23,0.02466896337280009,0.2384111171288102
dim 0,0,0.2726228881581413,Polarizability_T12,-0.3782947907072506,3.013357946948652e-33,0.057713575303770234,0.0774373726178175,2.261711357934494e-32,0.12194286871452638,0.32058121540348034
dim 0,0,0.2726228881581413,Polarizability_T13,0.11593700519050683,0.0003763358110045213,0.12959803809860312,6.933706871542649e-05,0.0005739550724909138,0.0002708605959175725,-0.013661032908096296
dim 0,0,0.2726228881581413,Polarizability_T23,0.2661920692097387,1.1579093710164118e-16,-0.20663171164777952,1.7063243821549873e-10,3.7754110384536043e-16,2.183572197853509e-09,0.05956035756195918
dim 0,0,0.2726228881581413,Polarizability_group1_D0,0.09803474716209874,0.0026634893257647713,-0.07813406235391303,0.0167484200411611,0.0037711124832786507,0.03435805299615622,0.019900684808185715
dim 0,0,0.2726228881581413,Polarizability_group1_D25,0.261499545244559,4.088357131082542e-16,-0.06851605951493446,0.035995981748620225,1.287004035609396e-15,0.06470752370311708,0.19298348572962454
dim 0,0,0.2726228881581413,Polarizability_group1_D50,0.2683426197726353,6.440628196092278e-17,0.054130127875850614,0.09773189586423005,2.1383397788218892e-16,0.1492935372142441,0.21421249189678468
dim 0,0,0.2726228881581413,Polarizability_group1_D75,0.28386588176498,7.961113688697082e-19,0.14926547144646973,4.459833637558532e-06,2.997758705777706e-18,2.334771841605877e-05,0.13460041031851028
dim 0,0,0.2726228881581413,Polarizability_group1_D100,-0.012444494235996714,0.7036204012495341,0.06283086687743043,0.05452854543580628,0.730511766823646,0.09119947008292087,-0.05038637264143372
dim 0,0,0.2726228881581413,Polarizability_group2_D0,0.01174633436394114,0.7195254645473996,-0.08602005514689778,0.008426560611050675,0.7449519688742451,0.01909410613358837,-0.07427372078295665
dim 0,0,0.2726228881581413,Polarizability_group2_D25,-0.2484251224601646,1.2048644680266185e-14,-0.03791963420576584,0.24620969773309567,3.413271690592795e-14,0.3289361561714158,0.21050548825439874
dim 0,0,0.2726228881581413,Polarizability_group2_D50,-0.3022298797583385,3.0450715219737303e-21,-0.06946269123316369,0.03350203383327945,1.2874099852395265e-20,0.060912788787780815,0.2327671885251748
dim 0,0,0.2726228881581413,Polarizability_group2_D75,-0.1654784727813654,3.5101906829895407e-07,-0.10868790140323806,0.0008609370886829518,6.66896295858081e-07,0.002630859905032991,0.05679057137812735
dim 0,0,0.2726228881581413,Polarizability_group2_D100,-0.05413361141635463,0.09771028294985391,0.00734248269054207,0.8223995849267329,0.11564576366141463,0.8656837736070874,0.04679112872581256
dim 0,0,0.2726228881581413,Polarizability_group3_D0,-0.15327572729113395,2.435511353474316e-06,-0.014209427850410546,0.6639991711658534,4.331527114272745e-06,0.7414768410879139,0.1390662994407234
dim 0,0,0.2726228881581413,Polarizability_group3_D25,-0.05989101023307407,0.06687859235539377,0.13261034425302237,4.6643187209875335e-05,0.0810796727647968,0.00019376647423007912,-0.0727193340199483
dim 0,0,0.2726228881581413,Polarizability_group3_D50,-0.0981541319265245,0.0026314831576724302,-0.010308775203203769,0.7526527353258782,0.0037289578899558406,0.8120687633213135,0.08784535672332074
dim 0,0,0.2726228881581413,Polarizability_group3_D75,-0.12944884657951408,7.069629223063817e-05,-0.07647615421731836,0.01921803070673232,0.00011467975524542568,0.0383442189728112,0.05297269236219572
dim 0,0,0.2726228881581413,Polarizability_group3_D100,0.09497455909527236,0.0036152855552122154,-0.004736838658641507,0.8848655834249273,0.0050671648151107,0.9166095025704242,0.09023772043663085
dim 0,0,0.2726228881581413,Charge_C1,0.24232377263671084,5.4734880575852345e-14,-0.11978306429637685,0.0002378879980562646,1.4875061116627082e-13,0.0008302465135923968,0.122540708340334
dim 0,0,0.2726228881581413,Charge_C2,-0.3570511949447453,1.485161233674703e-29,0.1368036850758527,2.6479770133025265e-05,9.41259681304271e-29,0.00011683280349313658,0.2202475098688926
dim 0,0,0.2726228881581413,Charge_C3,0.35500196879269946,3.2620660481994164e-29,-0.10406831273762504,0.001422770021326598,2.025148810592203e-28,0.004107218557675746,0.25093365605507445
dim 0,0,0.2726228881581413,Charge_T12,0.16842093829754282,2.1526781077190022e-07,-0.11846732491438025,0.00027873283315535733,4.1369072956164943e-07,0.0009647333292631021,0.049953613383162565
dim 0,0,0.2726228881581413,Charge_T13,0.27895287597469687,3.296570871657588e-18,-0.15778431240044602,1.2109484361815751e-06,1.1967985555800373e-17,7.274402476342555e-06,0.12116856357425085
dim 0,0,0.2726228881581413,Charge_T23,0.35681878351653756,1.6242597595913916e-29,-0.04687929944834168,0.1516094891612627,1.0274673479233423e-28,0.21704916150819437,0.3099394840681959
dim 0,0,0.2726228881581413,Charge_group1_D0,-0.01314831712074461,0.687716332480307,0.04692859250397608,0.1511791487555814,0.7164605584791719,0.21661877170469407,-0.03378027538323147
dim 0,0,0.2726228881581413,Charge_group1_D25,-0.13915510234444037,1.9136976101465627e-05,-0.0027351239282927793,0.9333650951322563,3.220025197929229e-05,0.9534216327800228,0.13641997841614759
dim 0,0,0.2726228881581413,Charge_group1_D50,-0.024245652817305695,0.45851837801466877,0.019978852898465835,0.5413277531632955,0.49577577940077494,0.6331897202651652,0.00426679991883986
dim 0,0,0.2726228881581413,Charge_group1_D75,-0.12633755837449617,0.00010547683243790679,-0.047216025965203606,0.14868827037461108,0.00016831945549097407,0.21359051590593847,0.07912153240929257
dim 0,0,0.2726228881581413,Charge_group1_D100,0.05370115551741303,0.10042265148768773,-0.016637814853999525,0.6110000521400223,0.11864579270211426,0.6958032967444223,0.037063340663413505
dim 0,0,0.2726228881581413,Charge_group2_D0,-0.03979382654612891,0.223618216212569,-0.09370409339359935,0.004094154149663163,0.25105372845377494,0.010303806777776914,-0.05391026684747044
dim 0,0,0.2726228881581413,Charge_group2_D25,0.19653430730545704,1.3012589297726437e-09,0.060120931621076526,0.06583628598926784,2.7559954505013506e-09,0.10648580881557124,0.1364133756843805
dim 0,0,0.2726228881581413,Charge_group2_D50,0.05065841332108679,0.12123702824987918,0.08756903302934353,0.007316077892825104,0.14089480666478651,0.01697907566450886,-0.036910619708256744
dim 0,0,0.2726228881581413,Charge_group2_D75,0.09200894282195642,0.004822503868346711,0.1119277375817929,0.0005983170807619327,0.006675160762651477,0.001910496223465445,-0.01991879475983649
dim 0,0,0.2726228881581413,Charge_group2_D100,-0.1518029041645222,3.046953644903176e-06,0.049013971507776824,0.1338117970315524,5.384563584114608e-06,0.19559361141592344,0.10278893265674537
dim 0,0,0.2726228881581413,Charge_group3_D0,0.014813097054909578,0.6506529959530227,-0.005581372814959378,0.8645212851173693,0.6831754185737491,0.9009332285501663,0.009231724239950199
dim 0,0,0.2726228881581413,Charge_group3_D25,-0.250466713811602,7.194154903861094e-15,-0.0893219191313547,0.0062190011727604145,2.0714204636979355e-14,0.014773445175689747,0.1611447946802473
dim 0,0,0.2726228881581413,Charge_group3_D50,-0.052696335669513455,0.10695633578647064,-0.06236854963980479,0.056334441705247894,0.12556165575686973,0.09351741316875146,-0.009672213970291332
dim 0,0,0.2726228881581413,Charge_group3_D75,-0.018886890485415704,0.563658404336038,-0.07397410159857234,0.0235457491480407,0.601283637969456,0.045545113184798945,-0.05508721111315664
dim 0,0,0.2726228881581413,Charge_group3_D100,0.15526235858858758,1.7944509873526915e-06,-0.0014524042674948945,0.964586013175631,3.2274993525891167e-06,0.9742547484079284,0.15380995432109268
dim 0,0,0.2726228881581413,SecondaryStructure_C1,0.39532789417901515,2.0593114915204413e-36,-0.09208925270921636,0.0047855157478673945,1.7636154824816085e-35,0.011718198385540394,0.3032386414697988
dim 0,0,0.2726228881581413,SecondaryStructure_C2,-0.15675372718033453,1.4231470647302045e-06,0.04903507555022567,0.13364427049897207,2.570746996321732e-06,0.1954342659660975,0.10771865163010887
dim 0,0,0.2726228881581413,SecondaryStructure_C3,-0.42373155144152724,4.0456604235651893e-42,0.0866905988867605,0.007928575878933851,4.741230110423765e-41,0.01816285557999936,0.33704095255476674
dim 0,0,0.2726228881581413,SecondaryStructure_T12,0.29530206757553884,2.607951473329145e-20,-0.09576127792210579,0.003344853640981111,1.0494648097493187e-19,0.008667037362976658,0.19954078965343305
dim 0,0,0.2726228881581413,SecondaryStructure_T13,0.25024382961343494,7.612510295757758e-15,-0.039936838648679314,0.22195722177753371,2.182470762903941e-14,0.301479105627069,0.21030699096475564
dim 0,0,0.2726228881581413,SecondaryStructure_T23,-0.349665941584594,2.463780110069392e-28,0.13395105002206853,3.899078187548776e-05,1.4642394248455103e-27,0.0001648878464907661,0.2157148915625255
dim 0,0,0.2726228881581413,SecondaryStructure_group1_D0,-0.10960647631189235,0.0007772952805242536,-0.0924267303152808,0.004632870237172554,0.001152826925821939,0.011394540936786695,0.017179745996611553
dim 0,0,0.2726228881581413,SecondaryStructure_group1_D25,0.03233425368120308,0.32280819932737237,-0.0067953021242896,0.8354382055818934,0.35606981035449925,0.8771969841696082,0.02553895155691348
dim 0,0,0.2726228881581413,SecondaryStructure_group1_D50,0.12903637740385096,7.45862884345821e-05,-0.005183902476931234,0.8740857780233134,0.00012081387166416305,0.9080704505747642,0.12385247492691973
dim 0,0,0.2726228881581413,SecondaryStructure_group1_D75,0.19562718127564563,1.553776971379733e-09,0.06866808408180984,0.03558511975869801,3.2824889844454828e-09,0.06414155423316319,0.1269590971938358
dim 0,0,0.2726228881581413,SecondaryStructure_group1_D100,0.15888975011353834,1.0172042718114573e-06,0.0018975744800985561,0.9537421483155503,1.8565367583881241e-06,0.9673546235572238,0.15699217563343978
dim 0,0,0.2726228881581413,SecondaryStructure_group2_D0,-0.107186974971772,0.001015727816901331,-0.05168875640604983,0.11384114508939103,0.0014899125640976925,0.17088962903306337,0.05549821856572217
dim 0,0,0.2726228881581413,SecondaryStructure_group2_D25,0.08317035156333871,0.010868529301333996,0.044513474589032556,0.1733766596258307,0.014450990392697271,0.24402783107891893,0.038656876974306156
dim 0,0,0.2726228881581413,SecondaryStructure_group2_D50,-0.009959171089484162,0.7607809846390913,0.03809877349450901,0.2439837479619994,0.781127724775458,0.3267423985703943,-0.02813960240502485
dim 0,0,0.2726228881581413,SecondaryStructure_group2_D75,-0.20000932792415108,6.544729333416469e-10,-0.07009438521563059,0.031921183762739565,1.4066535375554056e-09,0.05854461755288367,0.1299149427085205
dim 0,0,0.2726228881581413,SecondaryStructure_group2_D100,-0.07069798407408127,0.030470731207599275,0.007628402446342092,0.815605666603679,0.039083042332327796,0.85995669918482,0.06306958162773918
dim 0,0,0.2726228881581413,SecondaryStructure_group3_D0,0.049464201524952324,0.13027284358016245,-0.10930984901044734,0.0008034438988314899,0.1507139929192042,0.0024847246500899777,-0.059845647485495014
dim 0,0,0.2726228881581413,SecondaryStructure_group3_D25,0.009453198287104413,0.7725914029022625,-0.03640821784978717,0.2655565941765516,0.7922797929670116,0.3487845161422266,-0.026955019562682758
dim 0,0,0.2726228881581413,SecondaryStructure_group3_D50,-0.1354533866949239,3.1832946112960426e-05,-0.008147672166639803,0.8033026343480685,5.2765280405601896e-05,0.8517558091182694,0.1273057145282841
dim 0,0,0.2726228881581413,SecondaryStructure_group3_D75,-0.06243097882755559,0.05608771605381706,-0.017506340408618502,0.5925096660432397,0.06910105924741755,0.6770380720439346,0.04492463841893709
dim 0,0,0.2726228881581413,SecondaryStructure_group3_D100,-0.06061149792359143,0.06365705062346094,0.09565249196012644,0.003381118874244036,0.07742700257915497,0.008740663343633963,-0.03504099403653501
dim 0,0,0.2726228881581413,SolventAccessibility_C1,0.14806307295927454,5.330629906382712e-06,0.1194563406682755,0.0002474718106926414,9.244186857382272e-06,0.0008609956747014816,0.02860673229099904
dim 0,0,0.2726228881581413,SolventAccessibility_C2,0.3635324566877305,1.186853130815709e-30,-0.13522366794825352,3.284019853270961e-05,7.960018989808168e-30,0.0001417135182160854,0.22830878873947696
dim 0,0,0.2726228881581413,SolventAccessibility_C3,-0.48775262218534604,3.686719983136214e-57,0.019163886301655737,0.5579520962230756,8.048133819395394e-56,0.6466204029788593,0.4685887358836903
dim 0,0,0.2726228881581413,SolventAccessibility_T12,0.4585749445204736,6.594060556428101e-50,-0.044802667324134945,0.17059717559382315,1.0388755782297104e-48,0.24062270544061204,0.41377227719633863
dim 0,0,0.2726228881581413,SolventAccessibility_T13,-0.3162694468096492,3.2712362321665694e-23,0.09803702611057788,0.0026628750455041173,1.5153854390341668e-22,0.007092506102060408,0.2182324206990713
dim 0,0,0.2726228881581413,SolventAccessibility_T23,-0.039908131207982624,0.2222899306394963,-0.05427825602730999,0.09681622653771754,0.24964639150501602,0.14833311772292504,-0.014370124819327368
dim 0,0,0.2726228881581413,SolventAccessibility_group1_D0,-0.014109251302112276,0.6662243928279593,-0.07372272097098655,0.024023998195780633,0.6966779812289869,0.046168097798565774,-0.05961346966887427
dim 0,0,0.2726228881581413,SolventAccessibility_group1_D25,0.17171279991142557,1.233111818299609e-07,-0.02639609753151089,0.4196327049364858,2.393139728716266e-07,0.5141494198326563,0.14531670237991468
dim 0,0,0.2726228881581413,SolventAccessibility_group1_D50,0.22996324576895963,1.0363326902440925e-12,0.01816935979630336,0.578569243503689,2.5734953051414643e-12,0.6649763500696219,0.21179388597265628
dim 0,0,0.2726228881581413,SolventAccessibility_group1_D75,0.21931858355439973,1.1426628870512561e-11,0.033642505549878576,0.30360705143734557,2.72996712643147e-11,0.3918267201702991,0.18567607800452116
dim 0,0,0.2726228881581413,SolventAccessibility_group1_D100,-0.014732723549562838,0.652423605903097,0.012603565724521119,0.700014270998888,0.6843890840817664,0.7713783124831032,0.0021291578250417185
dim 0,0,0.2726228881581413,SolventAccessibility_group2_D0,-0.010854118858127627,0.7400283597853128,-0.04781370732812802,0.14360912927740083,0.7623442185333577,0.20764263713702114,-0.036959588470000394
dim 0,0,0.2726228881581413,SolventAccessibility_group2_D25,-0.41249508185132927,8.522033837717652e-40,-0.05002183599734639,0.12599069137187227,8.922756431967699e-39,0.18578759787287125,0.3624732458539829
dim 0,0,0.2726228881581413,SolventAccessibility_group2_D50,-0.23959497994258436,1.0628537532838264e-13,-0.07681602201571139,0.018687329782766014,2.8308863923189636e-13,0.03753197923898887,0.16277895792687297
dim 0,0,0.2726228881581413,SolventAccessibility_group2_D75,-0.25961738596629225,6.733456782228859e-16,-0.07319696777588412,0.02505149064463862,2.0727876177552434e-15,0.04781255928748171,0.1864204181904081
dim 0,0,0.2726228881581413,SolventAccessibility_group2_D100,0.20979395098968157,8.836490232840436e-11,0.013257512117249078,0.6852609853217244,2.0104821101966658e-10,0.7599093458934021,0.1965364388724325
dim 0,0,0.2726228881581413,SolventAccessibility_group3_D0,-0.21731131423251523,1.7725535175626284e-11,-0.08311326406814139,0.010923285679620896,4.19881471536112e-11,0.023939484363473616,0.13419805016437386
dim 0,0,0.2726228881581413,SolventAccessibility_group3_D25,0.04705444212167106,0.15008466588106253,0.05636961565488941,0.08460541244758088,0.17178985059724086,0.131924405964015,-0.009315173533218354
dim 0,0,0.2726228881581413,SolventAccessibility_group3_D50,-0.07127144188846923,0.029145435952600534,0.021862039178822425,0.5038824022868289,0.03745508121650088,0.5980693758486172,0.049409402709646805
dim 0,0,0.2726228881581413,SolventAccessibility_group3_D75,0.09303060751022083,0.004370674384149957,0.07241927761441246,0.026640921820532047,0.006072401182637627,0.050045376198299796,0.02061132989580837
dim 0,0,0.2726228881581413,SolventAccessibility_group3_D100,-0.17100377750408605,1.3916032275365952e-07,0.00963846276369337,0.7682606921310581,2.6897886458172616e-07,0.8237530374695775,0.16136531474039267
dim 61,61,0.2651813279263308,AAC_A,-0.04767177443826047,0.14480308865800456,0.17745076834284992,4.5501438253472266e-08,0.1661430148120011,3.6270836221144953e-07,-0.12977899390458947
dim 61,61,0.2651813279263308,AAC_C,-0.09387955437785403,0.004024765277559036,-0.03458309786319929,0.2902799771016477,0.0056198645598023326,0.37798640293158026,0.05929645651465474
dim 61,61,0.2651813279263308,AAC_D,0.251345223008686,5.7542336767516615e-15,0.08928963137451874,0.006237792698042352,1.661118451197109e-14,0.014807553384123281,0.16205559163416727
dim 61,61,0.2651813279263308,AAC_E,0.3340335098722092,7.386682139042776e-26,-0.18681665523327567,8.326741818148253e-09,3.8549247413129486e-25,7.64047188808109e-08,0.14721685463893353
dim 61,61,0.2651813279263308,AAC_F,0.10866885793408483,0.0008627561401769851,-0.06335905447339868,0.05252461679158999,0.0012722320124464153,0.08864690251839848,0.04530980346068615
dim 61,61,0.2651813279263308,AAC_G,-0.10791624900126548,0.0009375606129863827,0.13263542117500374,4.6487832313489e-05,0.001379494470209039,0.0001936026931758769,-0.024719172173738257
dim 61,61,0.2651813279263308,AAC_H,0.423753359902461,4.003073454742317e-42,0.12425324162873706,0.0001372028282413313,4.707839908042021e-41,0.0004991911180022294,0.2995001182737239
dim 61,61,0.2651813279263308,AAC_I,0.1634017289691402,4.931437087417611e-07,-0.14137039109884872,1.4025149304517175e-05,9.258572159626093e-07,6.66344220157715e-05,0.02203133787029149
dim 61,61,0.2651813279263308,AAC_K,0.28687181566816516,3.2908493775344976e-19,-0.11100389149385242,0.0006643876130093409,1.257601478371307e-18,0.0021013774881166653,0.17586792417431274
dim 61,61,0.2651813279263308,AAC_L,0.24530127282389713,2.628579177123593e-14,-0.09215445174173353,0.00475567592404361,7.261748926048635e-14,0.01166223023957831,0.1531468210821636
dim 61,61,0.2651813279263308,AAC_M,0.1475517168308033,5.748272973731618e-06,-0.15797831963689285,1.1745581128011958e-06,9.947788462312748e-06,7.081270932772553e-06,-0.010426602806089563
dim 61,61,0.2651813279263308,AAC_N,-0.022423672825700295,0.49298506496304983,-0.03674590100343288,0.26114591404263504,0.5302963339699152,0.34407390647037517,-0.014322228177732588
dim 61,61,0.2651813279263308,AAC_P,-0.43141015547082817,9.285740257843524e-44,-0.03185941913913769,0.3299687441265475,1.1572527037760213e-42,0.42032631784236024,0.39955073633169047
dim 61,61,0.2651813279263308,AAC_Q,0.07295289730624246,0.0255412534646967,-0.019582894830919937,0.5493739092076521,0.032962823250420006,0.6402333763969148,0.05337000247532253
dim 61,61,0.2651813279263308,AAC_R,-0.10643008031387945,0.0011031901707030114,0.0022843536585324033,0.9443274907547261,0.0016121233420713426,0.960831890058969,0.10414572665534705
dim 61,61,0.2651813279263308,AAC_S,-0.43987064006599524,1.294806928676579e-45,-0.03248384554642469,0.3205734573540587,1.730629359934542e-44,0.4111709456966378,0.40738679451957055
dim 61,61,0.2651813279263308,AAC_T,-0.4110560809244967,1.6664137184643248e-39,0.08207142471218606,0.011966493583219924,1.6968968962411113e-38,0.02575263438656865,0.32898465621231066
dim 61,61,0.2651813279263308,AAC_V,0.09076314805877676,0.0054303171825140885,0.12605295811560477,0.00010935913422661011,0.007470040934759907,0.0004085676826810713,-0.035289810056828005
dim 61,61,0.2651813279263308,AAC_W,-0.09497670823197245,0.003614520506743648,0.04467285705031871,0.17184065525823747,0.0050671648151107,0.2421720626846047,0.05030385118165374
dim 61,61,0.2651813279263308,AAC_Y,0.04219085438762528,0.19693544649099018,-0.03426012010553225,0.29481116540629704,0.2224431488941181,0.38269307907385625,0.007930734282093031
dim 61,61,0.2651813279263308,Hydrophobicity_C1,0.35967300515160233,5.381567485104278e-30,-0.14182675879998183,1.3147735505478143e-05,3.463282350722214e-29,6.273348084042429e-05,0.2178462463516205
dim 61,61,0.2651813279263308,Hydrophobicity_C2,-0.38933534814853854,2.80963885905022e-35,0.1673224681084807,2.5863529901659934e-07,2.283258829495799e-34,1.8263042256140419e-06,0.22201288004005784
dim 61,61,0.2651813279263308,Hydrophobicity_C3,0.32938299633009727,3.786834817642706e-25,-0.14324010358970707,1.0750119458683397e-05,1.890587188479318e-24,5.218807993023626e-05,0.1861428927403902
dim 61,61,0.2651813279263308,Hydrophobicity_T12,0.1271360418961366,9.526616561302585e-05,0.07337540532368848,0.024698586293146408,0.0001527551575360088,0.0473554984036217,0.0537606365724481
dim 61,61,0.2651813279263308,Hydrophobicity_T13,0.37234556103035465,3.4769537080304637e-32,-0.13880559906861914,2.0090064767646974e-05,2.497424813940161e-31,9.079948081724073e-05,0.23353996196173551
dim 61,61,0.2651813279263308,Hydrophobicity_T23,-0.12703428955084686,9.651346933842418e-05,0.09260000135909412,0.004556220083404189,0.00015468089615659154,0.011264082219518868,0.034434288191752746
dim 61,61,0.2651813279263308,Hydrophobicity_group1_D0,-0.010859721094162592,0.7398990269137716,-0.04764481580466288,0.1450307241153145,0.7623442185333577,0.20942612129059682,-0.03678509471050029
dim 61,61,0.2651813279263308,Hydrophobicity_group1_D25,-0.41136949024259784,1.4403660278073125e-39,-0.04858637111257713,0.13724118758255563,1.475712433397676e-38,0.1997322729959633,0.3627831191300207
dim 61,61,0.2651813279263308,Hydrophobicity_group1_D50,-0.23274361511186106,5.42622974873217e-13,-0.06422209491847068,0.0493827088366452,1.3719611930935236e-12,0.08410925421437786,0.1685215201933904
dim 61,61,0.2651813279263308,Hydrophobicity_group1_D75,-0.25871325449268334,8.544925952987965e-16,-0.07180823662689653,0.027950055932620354,2.6111667596504853e-15,0.052210954594492154,0.1869050178657868
dim 61,61,0.2651813279263308,Hydrophobicity_group1_D100,0.21104817646077711,6.786905372140786e-11,0.01606216610423209,0.623394204389978,1.5568862598180102e-10,0.7079258133438266,0.19498601035654503
dim 61,61,0.2651813279263308,Hydrophobicity_group2_D0,0.12218418566949023,0.00017741613898512897,-0.07798828662825212,0.016953818517189904,0.00027729054946669667,0.03471842663851274,0.04419589904123811
dim 61,61,0.2651813279263308,Hydrophobicity_group2_D25,0.35027824808151226,1.9574638105583733e-28,-0.0023082951773639913,0.9437449677130286,1.1674873441544584e-27,0.9607156940449605,0.3479699529041483
dim 61,61,0.2651813279263308,Hydrophobicity_group2_D50,0.17066732698145134,1.4735280916898837e-07,-0.0003046713056962258,0.9925688670633106,2.844846142337694e-07,0.9937589975993578,0.17036265567575512
dim 61,61,0.2651813279263308,Hydrophobicity_group2_D75,0.26845447805811334,6.246183271700148e-17,0.14617095370999444,7.037965215330712e-06,2.0758459828336811e-16,3.5562486867177876e-05,0.1222835243481189
dim 61,61,0.2651813279263308,Hydrophobicity_group2_D100,-0.06447320841276437,0.048498655705858894,0.11548224211170029,0.00039695166860633603,0.060600639752176846,0.0013311431457280747,-0.05100903369893592
dim 61,61,0.2651813279263308,Hydrophobicity_group3_D0,-0.31122911725133556,1.7132328487967085e-22,-0.08285811469012055,0.011171019320174606,7.629596953308009e-22,0.024386408189139338,0.228371002561215
dim 61,61,0.2651813279263308,Hydrophobicity_group3_D25,-0.27885169477470595,3.393450113901711e-18,0.05922828792523284,0.06995903482392478,1.2292975466845678e-17,0.11223015192694945,0.21962340684947312
dim 61,61,0.2651813279263308,Hydrophobicity_group3_D50,-0.13282702144497152,4.5316910527136976e-05,0.03583976884564592,0.27309657908586393,7.44141991940204e-05,0.3575627495675365,0.0969872525993256
dim 61,61,0.2651813279263308,Hydrophobicity_group3_D75,-0.0616915906565926,0.05906823013481169,-0.04214578229904322,0.1974146974765464,0.07226662587922017,0.27246491304614257,0.019545808357549377
dim 61,61,0.2651813279263308,Hydrophobicity_group3_D100,-0.07536543308373982,0.021045197006219558,-0.06680475670017295,0.04090628993195331,0.027425266484890097,0.07202267178319666,0.008560676383566862
dim 61,61,0.2651813279263308,NormVanDerWaalsVolume_C1,-0.39020234152859773,1.9315073062294306e-35,0.154797507956766,1.9280640907770365e-06,1.5850698778393853e-34,1.1141408413832702e-05,0.23540483357183173
dim 61,61,0.2651813279263308,NormVanDerWaalsVolume_C2,0.35585846794540715,2.349480348187344e-29,-0.1569351895422675,1.383359776922528e-06,1.4778275636432634e-28,8.250752955216508e-06,0.19892327840313964
dim 61,61,0.2651813279263308,NormVanDerWaalsVolume_C3,0.3152086127087245,4.6474203041505345e-23,-0.09331068152181417,0.004253690921957437,2.141018457360384e-22,0.010602483342789432,0.22189793118691037
dim 61,61,0.2651813279263308,NormVanDerWaalsVolume_T12,-0.16593192365406984,3.2572267814387147e-07,0.02791407110424883,0.3933886521930199,6.198938717951743e-07,0.4860962257952965,0.13801785254982102
dim 61,61,0.2651813279263308,NormVanDerWaalsVolume_T13,0.0588487431419439,0.07177496314523722,0.06547281638197132,0.045109968095175305,0.08660707258131947,0.07810642479931856,-0.006624073240027416
dim 61,61,0.2651813279263308,NormVanDerWaalsVolume_T23,0.2941550125319574,3.7007344651546106e-20,-0.1880627281771914,6.598519770288798e-09,1.4767566443986139e-19,6.213141617099769e-08,0.106092284354766
dim 61,61,0.2651813279263308,NormVanDerWaalsVolume_group1_D0,0.11928056972893628,0.00025277613194494723,-0.08297014106200469,0.011061641872259552,0.0003906859235058416,0.024179243359520226,0.036310428666931585
dim 61,61,0.2651813279263308,NormVanDerWaalsVolume_group1_D25,0.2600364154829622,6.027638526784831e-16,-0.06574298990942688,0.04422906082857048,1.872773272508031e-15,0.07710076365732015,0.1942934255735353
dim 61,61,0.2651813279263308,NormVanDerWaalsVolume_group1_D50,0.1185238965367614,0.00027684943510143727,0.011980572215557848,0.714175264688151,0.00042533445871149975,0.7831074799929166,0.10654332432120356
dim 61,61,0.2651813279263308,NormVanDerWaalsVolume_group1_D75,0.2421215440117109,5.751024207866188e-14,0.12441628109706582,0.0001344290477062815,1.560391620980753e-13,0.0004907027533759346,0.11770526291464509
dim 61,61,0.2651813279263308,NormVanDerWaalsVolume_group1_D100,-0.0865288154120361,0.008046254790169871,0.07010189426345749,0.03190278269138111,0.01081033427158784,0.05854461755288367,0.016426921148578605
dim 61,61,0.2651813279263308,NormVanDerWaalsVolume_group2_D0,-0.06254333644507683,0.05564593238212769,-0.05283631290319729,0.10602649346006461,0.06866214102515059,0.16052968638105883,0.009707023541879536
dim 61,61,0.2651813279263308,NormVanDerWaalsVolume_group2_D25,-0.300686296408223,4.938696297405728e-21,-0.022226413701904233,0.49679804700084623,2.0670733876359814e-20,0.5902901020927878,0.2784598827063187
dim 61,61,0.2651813279263308,NormVanDerWaalsVolume_group2_D50,-0.07763388210964133,0.0174624058025752,0.0008265319639546116,0.9798421938037802,0.022854402578605475,0.9845586423900801,0.07680735014568671
dim 61,61,0.2651813279263308,NormVanDerWaalsVolume_group2_D75,-0.061084055023979594,0.06161441668587502,-0.07662367975334594,0.018986076443100706,0.07510662471927831,0.03799490432591753,-0.015539624729366347
dim 61,61,0.2651813279263308,NormVanDerWaalsVolume_group2_D100,0.12242939776181441,0.00017212889240012682,0.014963530484702501,0.6473442723982573,0.0002695314114469871,0.7270665280228504,0.10746586727711191
dim 61,61,0.2651813279263308,NormVanDerWaalsVolume_group3_D0,-0.16155178293666914,6.651844646281471e-07,-0.029818053885255227,0.3619116269371506,1.2356596840144669e-06,0.45562941348288094,0.1317337290514139
dim 61,61,0.2651813279263308,NormVanDerWaalsVolume_group3_D25,-0.06181272548808385,0.05857112487334376,0.12835717427689308,8.143544616615733e-05,0.07171098133319947,0.00031263723010915574,-0.06654444878880923
dim 61,61,0.2651813279263308,NormVanDerWaalsVolume_group3_D50,-0.09271200696084064,0.004507284209419203,-0.0005250176195677593,0.9871948400003391,0.006254395205425898,0.9901593890694091,0.09218698934127288
dim 61,61,0.2651813279263308,NormVanDerWaalsVolume_group3_D75,-0.11924222308419792,0.00025394739501739767,-0.05776477271493661,0.07717439152737544,0.00039213328680448833,0.12164344865570267,0.06147745036926131
dim 61,61,0.2651813279263308,NormVanDerWaalsVolume_group3_D100,0.09327152098407834,0.00426987546947195,-0.0076147830597442685,0.8159289759630822,0.0059397684581575655,0.85995669918482,0.08565673792433408
dim 61,61,0.2651813279263308,Polarity_C1,0.32976632677118173,3.3130562998549475e-25,-0.15165645686640494,3.1152177305529207e-06,1.661502708936265e-24,1.7113202664550584e-05,0.17810986990477679
dim 61,61,0.2651813279263308,Polarity_C2,-0.4193871717069696,3.279557981846536e-41,0.1395735015597134,1.805252613415216e-05,3.675746194418601e-40,8.316612039733548e-05,0.2798136701472562
dim 61,61,0.2651813279263308,Polarity_C3,0.4201129172066938,2.316950786833853e-41,-0.10007968772435104,0.0021614745238060624,2.641165743353266e-40,0.0059174794340264335,0.32003322948234275
dim 61,61,0.2651813279263308,Polarity_T12,-0.2566031871753688,1.4846536860932868e-15,0.08738551636326572,0.0074404171746682984,4.4552949789322355e-15,0.01718602583913701,0.16921767081210307
dim 61,61,0.2651813279263308,Polarity_T13,0.43072184668999425,1.3076204435515232e-43,-0.08926485220653836,0.006252248809466268,1.60568098583165e-42,0.014831328852000948,0.3414569944834559
dim 61,61,0.2651813279263308,Polarity_T23,-0.019448841568654954,0.5521112494057209,0.0533861660854712,0.102435727991767,0.5902853946911356,0.15565756664809,-0.03393732451681625
dim 61,61,0.2651813279263308,Polarity_group1_D0,-0.2311129005738467,7.938690543598216e-13,-0.06627711815968672,0.04253013724737973,1.9817060101358776e-12,0.0744110311190405,0.16483578241415997
dim 61,61,0.2651813279263308,Polarity_group1_D25,-0.20725555756921327,1.4998300629405095e-10,0.07537795252358001,0.02102378814677307,3.3665540391272186e-10,0.04137858126707251,0.13187760504563326
dim 61,61,0.2651813279263308,Polarity_group1_D50,-0.1361703086368065,2.8874551152301537e-05,-0.006232356034657291,0.8488997530730253,4.8100249799843954e-05,0.888132341895292,0.1299379526021492
dim 61,61,0.2651813279263308,Polarity_group1_D75,-0.1490801836596147,4.584527173917434e-06,-0.08066643676150018,0.01351257544620349,8.016921864337294e-06,0.02869167322970099,0.06841374689811452
dim 61,61,0.2651813279263308,Polarity_group1_D100,0.020313854594964056,0.5345664696097532,0.014611761185473502,0.6550920666271051,0.5735470634425235,0.7332464820826177,0.005702093409490554
dim 61,61,0.2651813279263308,Polarity_group2_D0,0.12789045639266813,8.648138308211852e-05,-0.07771231383448599,0.017348715963261034,0.0001392037684309763,0.035353698180165864,0.05017814255818215
dim 61,61,0.2651813279263308,Polarity_group2_D25,0.3377192200540942,1.9822641119373502e-26,-0.027546414023380345,0.39965220536475704,1.067864860301734e-25,0.4923785931089224,0.31017280603071384
dim 61,61,0.2651813279263308,Polarity_group2_D50,0.24856353025390113,1.1636406280875724e-14,0.06833866920715882,0.03648049579763146,3.2992866704690086e-14,0.06540249917557116,0.1802248610467423
dim 61,61,0.2651813279263308,Polarity_group2_D75,0.308221663806957,4.532354137960587e-22,0.18444134425697728,1.2917117971814643e-08,1.984018718320886e-21,1.1413538102079605e-07,0.1237803195499797
dim 61,61,0.2651813279263308,Polarity_group2_D100,-0.02845883644996601,0.3842177014755176,0.09936667720744971,0.002325733917986838,0.4206119708057125,0.0063051552646721095,-0.0709078407574837
dim 61,61,0.2651813279263308,Polarity_group3_D0,-0.05389404453559108,0.09920553640916199,-0.05435005779923824,0.09637484827443019,0.11733232705616184,0.1480182230679689,-0.00045601326364715783
dim 61,61,0.2651813279263308,Polarity_group3_D25,-0.4567335135699581,1.793717794028411e-49,-0.043780850863085405,0.18056906753318291,2.773619181506895e-48,0.25287240484730855,0.4129526627068727
dim 61,61,0.2651813279263308,Polarity_group3_D50,-0.2872739892011205,2.921611237346772e-19,-0.06824456185267673,0.0367397802761298,1.120342311451001e-18,0.06558571144963844,0.21902942734844377
dim 61,61,0.2651813279263308,Polarity_group3_D75,-0.24263861038571732,5.0673709208245213e-14,-0.05270812644563359,0.10687776391111346,1.3827629800289134e-13,0.1615987919706288,0.18993048394008374
dim 61,61,0.2651813279263308,Polarity_group3_D100,0.18788570018898265,6.8208933268044555e-09,0.018447132529152054,0.5727749866001797,1.404548934126195e-08,0.6599063315779924,0.1694385676598306
dim 61,61,0.2651813279263308,Polarizability_C1,-0.32039754782748253,8.230045291323116e-24,0.18306997695634908,1.6600861759718964e-08,3.877059417915262e-23,1.443929121808889e-07,0.13732757087113345
dim 61,61,0.2651813279263308,Polarizability_C2,0.21024978873627687,8.02988608014134e-11,-0.1899890462004773,4.591095932458154e-09,1.8319548844038305e-10,4.483701875558548e-08,0.02026074253579957
dim 61,61,0.2651813279263308,Polarizability_C3,0.3152086127087245,4.6474203041505345e-23,-0.09331068152181417,0.004253690921957437,2.141018457360384e-22,0.010602483342789432,0.22189793118691037
dim 61,61,0.2651813279263308,Polarizability_T12,-0.3705872677730587,7.094140494212425e-32,0.0725022049933855,0.02646739326874699,5.0521171110169515e-31,0.04987974338219936,0.2980850627796732
dim 61,61,0.2651813279263308,Polarizability_T13,0.10575278453419917,0.0011872965741454473,0.11074339848183477,0.0006842060170477673,0.0017286706877270243,0.0021498100629722882,-0.0049906139476356
dim 61,61,0.2651813279263308,Polarizability_T23,0.26322374215738936,2.5793461176652225e-16,-0.21107029169519317,6.755298222094858e-11,8.26776970537605e-16,9.441510179236254e-10,0.05215345046219619
dim 61,61,0.2651813279263308,Polarizability_group1_D0,0.09505321316455648,0.0035873819005353977,-0.08307376350198949,0.010961316412860658,0.005034393087305978,0.0240070798812817,0.01197944966256699
dim 61,61,0.2651813279263308,Polarizability_group1_D25,0.25982516637204695,6.373859661147139e-16,-0.07082761238222254,0.030166715220374424,1.978502905969465e-15,0.055882877890211076,0.1889975539898244
dim 61,61,0.2651813279263308,Polarizability_group1_D50,0.25658025850757576,1.493551421601766e-15,0.03219735186131121,0.32486223300435,4.477972843940663e-15,0.4149292000896861,0.22438290664626456
dim 61,61,0.2651813279263308,Polarizability_group1_D75,0.2759695991267617,7.704833658156451e-18,0.13448422694353868,3.6291656396247064e-05,2.7347656129907064e-17,0.000155203754626716,0.14148537218322305
dim 61,61,0.2651813279263308,Polarizability_group1_D100,-0.013029519889246397,0.6903913324452933,0.06146581020859818,0.06000410520110167,0.7184964856198048,0.09843502523166973,-0.04843629031935179
dim 61,61,0.2651813279263308,Polarizability_group2_D0,0.014093352151222363,0.6665778311579678,-0.08133990215561811,0.01275075557764281,0.6968294072199099,0.027229874443303697,-0.06724655000439575
dim 61,61,0.2651813279263308,Polarizability_group2_D25,-0.24440795914131375,3.2789703920942545e-14,-0.0307590334760407,0.34695410819347583,8.99898201281414e-14,0.4395376853053884,0.21364892566527305
dim 61,61,0.2651813279263308,Polarizability_group2_D50,-0.2919912680638015,7.130417947991887e-20,-0.05024732492915029,0.12429053484370235,2.805134976006231e-19,0.18376732464717388,0.2417439431346512
dim 61,61,0.2651813279263308,Polarizability_group2_D75,-0.15797522283904858,1.1751306468690477e-06,-0.09483885247383958,0.0036638931411800027,2.1331175872514234e-06,0.009362970995823418,0.063136370365209
dim 61,61,0.2651813279263308,Polarizability_group2_D100,-0.05277534460302463,0.10643070457371054,0.009663180452926785,0.7676834380062089,0.1251685046747159,0.8234222997220846,0.043112164150097845
dim 61,61,0.2651813279263308,Polarizability_group3_D0,-0.16155178293666914,6.651844646281471e-07,-0.029818053885255227,0.3619116269371506,1.2356596840144669e-06,0.45562941348288094,0.1317337290514139
dim 61,61,0.2651813279263308,Polarizability_group3_D25,-0.06181272548808385,0.05857112487334376,0.12835717427689308,8.143544616615733e-05,0.07171098133319947,0.00031263723010915574,-0.06654444878880923
dim 61,61,0.2651813279263308,Polarizability_group3_D50,-0.09271200696084064,0.004507284209419203,-0.0005250176195677593,0.9871948400003391,0.006254395205425898,0.9901593890694091,0.09218698934127288
dim 61,61,0.2651813279263308,Polarizability_group3_D75,-0.11924222308419792,0.00025394739501739767,-0.05776477271493661,0.07717439152737544,0.00039213328680448833,0.12164344865570267,0.06147745036926131
dim 61,61,0.2651813279263308,Polarizability_group3_D100,0.09327152098407834,0.00426987546947195,-0.0076147830597442685,0.8159289759630822,0.0059397684581575655,0.85995669918482,0.08565673792433408
dim 61,61,0.2651813279263308,Charge_C1,0.24066880521106213,8.193747198048132e-14,-0.12189442585449448,0.00018386040432192454,2.2052470299339858e-13,0.0006588988738575408,0.11877437935656765
dim 61,61,0.2651813279263308,Charge_C2,-0.3634915225333175,1.2061668766664829e-30,0.121670064693033,0.00018900042844990575,8.073341418970046e-30,0.0006758687698315688,0.24182145784028453
dim 61,61,0.2651813279263308,Charge_C3,0.36646614053271825,3.7095057460815482e-31,-0.0788172619744989,0.01581458620692349,2.559865535519085e-30,0.0327265910353931,0.28764887855821936
dim 61,61,0.2651813279263308,Charge_T12,0.16637313956983527,3.028009301801462e-07,-0.12142894523696358,0.00019467453631336843,5.781290074760268e-07,0.0006954149211621931,0.04494419433287168
dim 61,61,0.2651813279263308,Charge_T13,0.2788700509929044,3.375668367412355e-18,-0.15655245167154422,1.4685634333567163e-06,1.224183751048563e-17,8.681419234356518e-06,0.12231759932136019
dim 61,61,0.2651813279263308,Charge_T23,0.3695247859834072,1.0892220600975776e-31,-0.019775021114260837,0.5454624175853054,7.691335477221795e-31,0.6367859051852219,0.3497497648691464
dim 61,61,0.2651813279263308,Charge_group1_D0,-0.009893506965140903,0.7623106427994875,0.05263037004334948,0.10739676363024687,0.782457758743174,0.16224025857007088,-0.04273686307820858
dim 61,61,0.2651813279263308,Charge_group1_D25,-0.13899489141454505,1.9568404339188806e-05,-0.0027585998603297315,0.932794505444342,3.2893040006487474e-05,0.9533456695789786,0.13623629155421532
dim 61,61,0.2651813279263308,Charge_group1_D50,-0.017407415765348808,0.5946027389505583,0.032299967904752175,0.3233218174053319,0.629668087538004,0.41359435853458776,-0.014892552139403367
dim 61,61,0.2651813279263308,Charge_group1_D75,-0.12216898184154881,0.00017774893217379885,-0.03966600203543171,0.2251103119521293,0.00027768074530425075,0.30456227242049216,0.0825029798061171
dim 61,61,0.2651813279263308,Charge_group1_D100,0.04960352059006416,0.12919256983529878,-0.02392322857871815,0.4645177149353227,0.14956782781625577,0.5590951956338658,0.02568029201134601
dim 61,61,0.2651813279263308,Charge_group2_D0,-0.03702165735708744,0.2575818091824731,-0.088347932209461,0.00680880814969827,0.28763732620175864,0.01599255922643616,-0.05132627485237355
dim 61,61,0.2651813279263308,Charge_group2_D25,0.19911521107657187,7.819965128652229e-10,0.06512701446820535,0.04625896963656514,1.675348526600285e-09,0.07980628026142952,0.13398819660836653
dim 61,61,0.2651813279263308,Charge_group2_D50,0.04534756789190543,0.16545081482130922,0.07764206805810563,0.017450509546997235,0.1883455083514563,0.03547455988251416,-0.032294500166200196
dim 61,61,0.2651813279263308,Charge_group2_D75,0.08999646616710222,0.00583787452180591,0.107997644125002,0.0009291903718364077,0.00799446531481416,0.002803519279072811,-0.01800117795789978
dim 61,61,0.2651813279263308,Charge_group2_D100,-0.15641760947719693,1.4997644253509584e-06,0.03983951342780258,0.2230866301526907,2.7047587368640394e-06,0.30252104941534186,0.11657809604939436
dim 61,61,0.2651813279263308,Charge_group3_D0,0.007689815442271877,0.814148179216694,-0.01849726673929895,0.5717321385316685,0.8303068453690864,0.6591595936126243,-0.010807451297027072
dim 61,61,0.2651813279263308,Charge_group3_D25,-0.2489568665151336,1.0539044675928834e-14,-0.0867113118426859,0.007913621246941373,3.0008874013301196e-14,0.018141039783654212,0.1622455546724477
dim 61,61,0.2651813279263308,Charge_group3_D50,-0.05248873538298945,0.10834725022244097,-0.06184723300942521,0.05843015166586151,0.12702794662573683,0.0963261138025555,-0.009358497626435765
dim 61,61,0.2651813279263308,Charge_group3_D75,-0.018721482279145676,0.5670792663372457,-0.07340062838425218,0.024649049935595472,0.6041610046463798,0.0472876661601889,-0.054679146105106505
dim 61,61,0.2651813279263308,Charge_group3_D100,0.16223285628987935,5.96022580258626e-07,0.011844515328845253,0.7172812363651874,1.112935364961075e-06,0.785224296774738,0.1503883409610341
dim 61,61,0.2651813279263308,SecondaryStructure_C1,0.41237661607344545,9.006856840434104e-40,-0.05416221234061854,0.09753297851357486,9.342516101568294e-39,0.14915757703083335,0.3582144037328269
dim 61,61,0.2651813279263308,SecondaryStructure_C2,-0.179026926760648,3.4402376947554655e-08,0.0068831471981519385,0.8333418242982239,6.823274287697895e-08,0.8758218040138664,0.17214377956249605
dim 61,61,0.2651813279263308,SecondaryStructure_C3,-0.4309882759252651,1.1454532477132022e-43,0.0692580619252481,0.03402826336637861,1.4117394270708838e-42,0.061802283656174316,0.36173021400001704
dim 61,61,0.2651813279263308,SecondaryStructure_T12,0.2984275988614814,9.968858600063629e-21,-0.0883516966015051,0.006806435136284548,4.110615768421299e-20,0.01599255922643616,0.2100759022599763
dim 61,61,0.2651813279263308,SecondaryStructure_T13,0.2638304142468993,2.191664936424536e-16,-0.01299565876819054,0.6911545048950725,7.038616238132643e-16,0.7643894193210404,0.25083475547870876
dim 61,61,0.2651813279263308,SecondaryStructure_T23,-0.3654933195634865,5.462409960550032e-31,0.09928423981555261,0.002345443913687165,3.7157737817183514e-30,0.006343143863736948,0.2662090797479339
dim 61,61,0.2651813279263308,SecondaryStructure_group1_D0,-0.10698033794334329,0.0010389469105441132,-0.08749486042505816,0.007366106679381427,0.0015212988519146594,0.017037947582502745,0.019485477518285124
dim 61,61,0.2651813279263308,SecondaryStructure_group1_D25,0.03454896571985295,0.29075660768282807,-0.0026535437941040615,0.9353481891027735,0.3226335779603474,0.9542366256823899,0.03189542192574889
dim 61,61,0.2651813279263308,SecondaryStructure_group1_D50,0.13714220545603664,2.527841584798452e-05,0.010092291460539094,0.7576827897287397,4.2278372024170405e-05,0.815290115236466,0.12704991399549756
dim 61,61,0.2651813279263308,SecondaryStructure_group1_D75,0.1978819390410581,9.982890842714007e-10,0.07302355125044219,0.02539863264583166,2.126457615731172e-09,0.048311588640058446,0.12485838779061592
dim 61,61,0.2651813279263308,SecondaryStructure_group1_D100,0.15860396214037056,1.0642239179281664e-06,0.0017390722510893385,0.957602215330344,1.937061518190777e-06,0.969239885879417,0.1568648898892812
dim 61,61,0.2651813279263308,SecondaryStructure_group2_D0,-0.10127020817362666,0.0019107071231883367,-0.040897343386505455,0.21102989300432073,0.0027307495898369893,0.2888687879649309,0.0603728647871212
dim 61,61,0.2651813279263308,SecondaryStructure_group2_D25,0.08252577559052143,0.011501163756220817,0.04334193170101154,0.18498275871075465,0.0152617747102811,0.2581051493124817,0.03918384388950989
dim 61,61,0.2651813279263308,SecondaryStructure_group2_D50,-0.01050543954349862,0.748092254983265,0.0369169605830414,0.2589310095885572,0.7695189811038206,0.3425067611983291,-0.02641152103954278
dim 61,61,0.2651813279263308,SecondaryStructure_group2_D75,-0.19846396889905596,8.89797740329184e-10,-0.06740416120186174,0.03912552381882157,1.901423194305486e-09,0.06928910368762674,0.13105980769719422
dim 61,61,0.2651813279263308,SecondaryStructure_group2_D100,-0.07930889842109416,0.015171184134520137,-0.008314441132683271,0.799361529605929,0.019965230500117122,0.8490873551586203,0.07099445728841089
dim 61,61,0.2651813279263308,SecondaryStructure_group3_D0,0.04874051797959293,0.13599719874155633,-0.11005427422842898,0.0007393111618474807,0.15679345660918126,0.0023056015691602107,-0.061313756248836046
dim 61,61,0.2651813279263308,SecondaryStructure_group3_D25,0.006363172519707642,0.845767503489004,-0.04186070250666199,0.20046570071296888,0.8588821713752731,0.27656152019054775,-0.03549752998695435
dim 61,61,0.2651813279263308,SecondaryStructure_group3_D50,-0.14640207314813936,6.8043677184020455e-06,-0.028621296903848206,0.381508218013116,1.1738940175342373e-05,0.4743996456306059,0.11778077624429115
dim 61,61,0.2651813279263308,SecondaryStructure_group3_D75,-0.07010211133772637,0.03190225088160898,-0.03157536793704736,0.33430097055448477,0.04084075045786661,0.4250343515995353,0.038526743400679006
dim 61,61,0.2651813279263308,SecondaryStructure_group3_D100,-0.06113967751796127,0.06137759153309759,0.09412913614704084,0.003927899962678422,0.07484525583079443,0.009953858782508292,-0.03298945862907957
dim 61,61,0.2651813279263308,SolventAccessibility_C1,0.16002266362950845,8.497101569318278e-07,0.1411807558233102,1.4405902961351622e-05,1.5627929097754982e-06,6.815257208344818e-05,0.018841907806198266
dim 61,61,0.2651813279263308,SolventAccessibility_C2,0.35967300515160233,5.381567485104278e-30,-0.14182675879998183,1.3147735505478143e-05,3.463282350722214e-29,6.273348084042429e-05,0.2178462463516205
dim 61,61,0.2651813279263308,SolventAccessibility_C3,-0.49401790457844663,8.237041039192837e-59,0.003491983009504585,0.9149882419423259,1.8843641829386352e-57,0.9385935897074227,0.49052592156894204
dim 61,61,0.2651813279263308,SolventAccessibility_T12,0.46027089050016906,2.6093394927707515e-50,-0.039534160349117636,0.22665672422759292,4.2102386018619856e-49,0.30611947388603333,0.4207367301510514
dim 61,61,0.2651813279263308,SolventAccessibility_T13,-0.31631119840752586,3.226244833847177e-23,0.09670884160856244,0.003043613942671799,1.4966191312568848e-22,0.007960587759219897,0.21960235679896342
dim 61,61,0.2651813279263308,SolventAccessibility_T23,-0.047411443223478254,0.14701274745092358,-0.06780429000914188,0.03797373103033418,0.16856250480126492,0.0675358155704559,-0.02039284678566363
dim 61,61,0.2651813279263308,SolventAccessibility_group1_D0,-0.00896973714730622,0.7839257432704098,-0.06407671405360811,0.04990066849281721,0.803409629494682,0.08486162564460768,-0.05510697690630189
dim 61,61,0.2651813279263308,SolventAccessibility_group1_D25,0.1831187205693188,1.6454009361802972e-08,-0.004567978034808002,0.8889428808540627,3.308632827719562e-08,0.9183769553225953,0.1785507425345108
dim 61,61,0.2651813279263308,SolventAccessibility_group1_D50,0.2313876779145919,7.447175641537764e-13,0.021339650784433426,0.5141310580101061,1.8645852056024086e-12,0.6087195085975733,0.21004802713015847
dim 61,61,0.2651813279263308,SolventAccessibility_group1_D75,0.21427954440038896,3.412628951381325e-11,0.024574497558861888,0.45244451135232855,7.98751275235713e-11,0.5467310665400786,0.18970504684152706
dim 61,61,0.2651813279263308,SolventAccessibility_group1_D100,-0.017513928509611972,0.5923492544744268,0.007448773574205804,0.8198723588338591,0.6276797303123685,0.863840277130943,0.010065154935406169
dim 61,61,0.2651813279263308,SolventAccessibility_group2_D0,-0.010859721094162592,0.7398990269137716,-0.04764481580466288,0.1450307241153145,0.7623442185333577,0.20942612129059682,-0.03678509471050029
dim 61,61,0.2651813279263308,SolventAccessibility_group2_D25,-0.41136949024259784,1.4403660278073125e-39,-0.04858637111257713,0.13724118758255563,1.475712433397676e-38,0.1997322729959633,0.3627831191300207
dim 61,61,0.2651813279263308,SolventAccessibility_group2_D50,-0.23274361511186106,5.42622974873217e-13,-0.06422209491847068,0.0493827088366452,1.3719611930935236e-12,0.08410925421437786,0.1685215201933904
dim 61,61,0.2651813279263308,SolventAccessibility_group2_D75,-0.25871325449268334,8.544925952987965e-16,-0.07180823662689653,0.027950055932620354,2.6111667596504853e-15,0.052210954594492154,0.1869050178657868
dim 61,61,0.2651813279263308,SolventAccessibility_group2_D100,0.21104817646077711,6.786905372140786e-11,0.01606216610423209,0.623394204389978,1.5568862598180102e-10,0.7079258133438266,0.19498601035654503
dim 61,61,0.2651813279263308,SolventAccessibility_group3_D0,-0.21668292837999906,2.031943570261519e-11,-0.0821091981875216,0.011927181863005702,4.809845162773546e-11,0.02568458247739461,0.13457373019247745
dim 61,61,0.2651813279263308,SolventAccessibility_group3_D25,0.03634222856497434,0.2664244673158275,0.0367281428259184,0.26137659668434304,0.29688147248828384,0.3442420476836379,-0.0003859142609440591
dim 61,61,0.2651813279263308,SolventAccessibility_group3_D50,-0.07819316063959371,0.0166657737549995,0.008933215336469387,0.7847838620104624,0.021846029961420068,0.8374370923689918,0.06925994530312432
dim 61,61,0.2651813279263308,SolventAccessibility_group3_D75,0.10080013682945875,0.002006349841962912,0.0865054928380132,0.008063347430648208,0.002862540996222181,0.018421053637732568,0.014294643991445546
dim 61,61,0.2651813279263308,SolventAccessibility_group3_D100,-0.17394467537030242,8.400084453307395e-08,0.003708699594424795,0.9097341832424954,1.637844837947852e-07,0.9353138115450503,0.17023597577587762
dim 36,36,0.2607541283648227,AAC_A,-0.010796471065646792,0.7413596388041912,0.2263545004847742,2.3703549432188512e-12,0.7632987649833535,5.14089968204608e-11,-0.2155580294191274
dim 36,36,0.2607541283648227,AAC_C,-0.10735468615118203,0.000997236251513088,-0.05934630721764782,0.06940210713729288,0.0014640743209027316,0.11155102879622628,0.04800837893353421
dim 36,36,0.2607541283648227,AAC_D,0.23951617255685156,1.0832886613027183e-13,0.072614219019957,0.026234548273582684,2.8807198477317507e-13,0.04958878960597972,0.16690195353689458
dim 36,36,0.2607541283648227,AAC_E,0.2993012019063182,7.603038734199684e-21,-0.2252436616912315,3.049243610106329e-12,3.166352789554482e-20,6.186404180313036e-11,0.0740575402150867
dim 36,36,0.2607541283648227,AAC_F,0.057076453675154376,0.08077138811384975,-0.14407196988443982,9.540284516093521e-06,0.09665567519366705,4.699786177544596e-05,-0.08699551620928545
dim 36,36,0.2607541283648227,AAC_G,-0.07763801371716045,0.017456400643822714,0.17118667362828632,1.3489323817840936e-07,0.022854402578605475,9.858718063804973e-07,-0.09354865991112588
dim 36,36,0.2607541283648227,AAC_H,0.4015334843866374,1.2989024126599369e-37,0.09252766806149447,0.004588077722653198,1.1853371743945872e-36,0.011317710187342452,0.3090058163251429
dim 36,36,0.2607541283648227,AAC_I,0.12513213108785495,0.00012286292223610335,-0.19205307650096307,3.0995733154561147e-09,0.00019466895648414856,3.0903208577980365e-08,-0.06692094541310811
dim 36,36,0.2607541283648227,AAC_K,0.2673881355161366,8.361376663467313e-17,-0.12577278597547326,0.0001133122040802307,2.756860617569677e-16,0.0004209819372947392,0.14161534954066335
dim 36,36,0.2607541283648227,AAC_L,0.21749402807135818,1.7034100411377372e-11,-0.1250023509043855,0.00012488775808930448,4.040759614630712e-11,0.0004588835115712618,0.09249167716697268
dim 36,36,0.2607541283648227,AAC_M,0.12155684838756385,0.00019164506770913883,-0.1859181185263983,9.837884264497841e-09,0.0002986908661449014,8.904751610683683e-08,-0.06436127013883446
dim 36,36,0.2607541283648227,AAC_N,-0.0190024479063975,0.5612744291648001,-0.029002272513714247,0.37520044915622003,0.5989318189809688,0.4691761513222669,-0.009999824607316746
dim 36,36,0.2607541283648227,AAC_P,-0.4188842749164425,4.170250517146858e-41,-0.02599399134641501,0.4267530783582345,4.642878909090168e-40,0.521117803991586,0.3928902835700275
dim 36,36,0.2607541283648227,AAC_Q,0.07676584008225336,0.018764873982768764,-0.008307947643831231,0.7995148898125332,0.024530207085106722,0.8490873551586203,0.06845789243842212
dim 36,36,0.2607541283648227,AAC_R,-0.11237053641718207,0.000568862991020208,-0.012858696154193912,0.6942446016777591,0.0008539336584303347,0.7667913259271546,0.09951184026298816
dim 36,36,0.2607541283648227,AAC_S,-0.41932091648087455,3.385110441541709e-41,-0.010904436107747072,0.7388670023456716,3.781360827675354e-40,0.8017595152159009,0.4084164803731275
dim 36,36,0.2607541283648227,AAC_T,-0.36770816929766564,2.258900864817785e-31,0.14339996104550276,1.050682184640515e-05,1.568550704468067e-30,5.1155663217191256e-05,0.22430820825216288
dim 36,36,0.2607541283648227,AAC_V,0.11084200282520305,0.0006766405023209594,0.15497788050292768,1.8751236970279287e-06,0.0010107241850411469,1.0892022866214403e-05,-0.04413587767772463
dim 36,36,0.2607541283648227,AAC_W,-0.0932118095480625,0.004294660777437874,0.04018687991104874,0.21907438564829035,0.005971759782115945,0.2981489494653399,0.05302492963701377
dim 36,36,0.2607541283648227,AAC_Y,0.03207991961523207,0.32663090269872064,-0.047299303553964125,0.14797247031533356,0.3599297971011966,0.21304028928218,-0.015219383938732053
dim 36,36,0.2607541283648227,Hydrophobicity_C1,0.3295843358940309,3.5301886842721267e-25,-0.17326956141789562,9.439329785287834e-08,1.7650943421360633e-24,7.11678588777909e-07,0.1563147744761353
dim 36,36,0.2607541283648227,Hydrophobicity_C2,-0.3430186821126421,2.8979341874318193e-27,0.23048184984801615,9.190975394568906e-13,1.629478145794996e-26,2.1618209730887427e-11,0.11253683226462594
dim 36,36,0.2607541283648227,Hydrophobicity_C3,0.2736339407314972,1.486882172167517e-17,-0.22549973988966032,2.877586609988768e-12,5.182585498203432e-17,5.97542957423708e-11,0.048134200841836894
dim 36,36,0.2607541283648227,Hydrophobicity_T12,0.13765099928386362,2.3569703821792945e-05,0.09152039285822033,0.005053131874584244,3.953933237809564e-05,0.012268800921043946,0.04613060642564329
dim 36,36,0.2607541283648227,Hydrophobicity_T13,0.3289460448141007,4.409028511693841e-25,-0.19716224101853558,1.150350110347548e-09,2.1848894998601525e-24,1.2722415127684802e-08,0.13178380379556515
dim 36,36,0.2607541283648227,Hydrophobicity_T23,-0.12831470165447167,8.188288817210887e-05,0.07764330441551792,0.01744871342347021,0.0001321202156979921,0.03547455988251416,0.05067139723895375
dim 36,36,0.2607541283648227,Hydrophobicity_group1_D0,-0.02831008283224229,0.3867088661435926,-0.07457470962783261,0.022436369534420617,0.4230617795347525,0.04372081344513702,-0.04626462679559032
dim 36,36,0.2607541283648227,Hydrophobicity_group1_D25,-0.40413602014032374,4.0052005106633724e-38,-0.05084189405465668,0.11989321184343314,3.7471623825253965e-37,0.17860986956158195,0.35329412608566707
dim 36,36,0.2607541283648227,Hydrophobicity_group1_D50,-0.23720530298051568,1.887781975191103e-13,-0.07758075074711175,0.01753979183577977,4.925931091514284e-13,0.035569462496359706,0.15962455223340394
dim 36,36,0.2607541283648227,Hydrophobicity_group1_D75,-0.2707555585998008,3.313961272851547e-17,-0.09943690835037615,0.0023090619158283973,1.132920230432361e-16,0.0062650420786895585,0.17131865024942466
dim 36,36,0.2607541283648227,Hydrophobicity_group1_D100,0.2058214700340754,2.0163025487615103e-10,0.014936395775485252,0.6479405779138507,4.4956278457032335e-10,0.7270885469622462,0.19088507425859014
dim 36,36,0.2607541283648227,Hydrophobicity_group2_D0,0.10499824730817227,0.0012879356782795825,-0.09687380899031975,0.0029937680556775875,0.001872361468580508,0.007862295252143745,0.00812443831785252
dim 36,36,0.2607541283648227,Hydrophobicity_group2_D25,0.34696147357964063,6.764693727941087e-28,0.008237358144967608,0.8011825367461107,3.902258558086914e-27,0.8505879442886236,0.338724115434673
dim 36,36,0.2607541283648227,Hydrophobicity_group2_D50,0.18382211042939062,1.4470061698087227e-08,0.030429150777472602,0.3521524936109091,2.9149581466593087e-08,0.4448522423072755,0.15339295965191801
dim 36,36,0.2607541283648227,Hydrophobicity_group2_D75,0.2858612338989629,4.434193759854158e-19,0.17773247496800443,4.3291250663729314e-08,1.6848927369639234e-18,3.4674526910517004e-07,0.10812875893095847
dim 36,36,0.2607541283648227,Hydrophobicity_group2_D100,-0.03993263383367705,0.2220059317909383,0.14665994350546668,6.552475147058491e-06,0.2494952261715121,3.326028418111757e-05,-0.10672730967178963
dim 36,36,0.2607541283648227,Hydrophobicity_group3_D0,-0.31280963759315095,1.0228488488841425e-22,-0.0935910585153977,0.004139427834947759,4.610411815483179e-22,0.010379646372917052,0.21921857907775325
dim 36,36,0.2607541283648227,Hydrophobicity_group3_D25,-0.27993465761255615,2.4873353437188645e-18,0.03972421833302186,0.22442987489030225,9.06954153714084e-18,0.30384912125399655,0.24021043927953428
dim 36,36,0.2607541283648227,Hydrophobicity_group3_D50,-0.14321301986512316,1.0791868399803242e-05,0.009044299903632699,0.7821746274465062,1.8390224722113688e-05,0.8357208111552562,0.13416871996149046
dim 36,36,0.2607541283648227,Hydrophobicity_group3_D75,-0.07639177727916965,0.01935180503512569,-0.06697277209168674,0.04040034910273375,0.025267798599421347,0.07131985518135874,0.009419005187482912
dim 36,36,0.2607541283648227,Hydrophobicity_group3_D100,-0.06956358773974766,0.03324513463921131,-0.054934845479549944,0.0928396343112358,0.042478481138089434,0.1435575826849665,0.014628742260197718
dim 36,36,0.2607541283648227,NormVanDerWaalsVolume_C1,-0.3461040014924893,9.298872448374274e-28,0.21395274915350598,3.660180343127086e-11,5.3181907495839166e-27,5.33842897207182e-10,0.13215125233898334
dim 36,36,0.2607541283648227,NormVanDerWaalsVolume_C2,0.32315887665572984,3.2305130633034934e-24,-0.19277562861826084,2.6985386824472163e-09,1.5547425981892895e-23,2.7229967369709072e-08,0.130383248037469
dim 36,36,0.2607541283648227,NormVanDerWaalsVolume_C3,0.27059448179889944,3.464995575574702e-17,-0.1564225446752552,1.4986113408567874e-06,1.1802234855777473e-16,8.827798727445627e-06,0.11417193712364423
dim 36,36,0.2607541283648227,NormVanDerWaalsVolume_T12,-0.1483919624281618,5.077514927244126e-06,0.049427495289637115,0.13055862367881516,8.832760342185094e-06,0.19132516896076407,0.09896446713852469
dim 36,36,0.2607541283648227,NormVanDerWaalsVolume_T13,0.047974718922549155,0.14226381999962373,0.04424354594629734,0.17600135258724273,0.1635666639582593,0.2475134811121645,0.0037311729762518134
dim 36,36,0.2607541283648227,NormVanDerWaalsVolume_T23,0.25792357338529276,1.0513608260493884e-15,-0.22980559332534728,1.0747901696820867e-12,3.189414313356001e-15,2.4929160880126176e-11,0.02811798005994548
dim 36,36,0.2607541283648227,NormVanDerWaalsVolume_group1_D0,0.10760176943245507,0.0009705595607208062,-0.09191359245469856,0.004866754370808674,0.0014261631908523945,0.011882280408260943,0.015688176977756513
dim 36,36,0.2607541283648227,NormVanDerWaalsVolume_group1_D25,0.2560000214322118,1.7370187005661347e-15,-0.05615409997710098,0.08580322482323018,5.161603612002571e-15,0.13372971111040075,0.19984592145511082
dim 36,36,0.2607541283648227,NormVanDerWaalsVolume_group1_D50,0.1303801336105545,6.260641719314203e-05,0.0368669873798994,0.2595767220172478,0.00010195291732086513,0.34295342228544606,0.0935131462306551
dim 36,36,0.2607541283648227,NormVanDerWaalsVolume_group1_D75,0.25679791561811827,1.4111585750430169e-15,0.15148622269518408,3.1964108366032877e-06,4.2423669132706356e-15,1.750165933484423e-05,0.10531169292293419
dim 36,36,0.2607541283648227,NormVanDerWaalsVolume_group1_D100,-0.05770113572033852,0.07750137983844423,0.11124709467284684,0.0006463669097331781,0.09297938529468523,0.0020510590182024296,-0.05354595895250832
dim 36,36,0.2607541283648227,NormVanDerWaalsVolume_group2_D0,-0.07455143238470766,0.02247850445378305,-0.07222772988325342,0.02704549658359861,0.029206904945536228,0.05077681764430542,0.002323702501454236
dim 36,36,0.2607541283648227,NormVanDerWaalsVolume_group2_D25,-0.29792373210361395,1.1649937607847035e-20,-0.02928959076298141,0.37048617129659184,4.7743302589213616e-20,0.46414996704074146,0.2686341413406325
dim 36,36,0.2607541283648227,NormVanDerWaalsVolume_group2_D50,-0.08283515237303415,0.011193556752861045,-0.011615639308604632,0.7225166486036809,0.014877230224654155,0.7901786530243269,0.07121951306442953
dim 36,36,0.2607541283648227,NormVanDerWaalsVolume_group2_D75,-0.06514311502809247,0.04620493116054067,-0.0804047527544113,0.01381925402740621,0.05792960588446165,0.029249878613141156,-0.015261637726318819
dim 36,36,0.2607541283648227,NormVanDerWaalsVolume_group2_D100,0.12604544306587273,0.00010946345028153518,0.025453420623393067,0.4364352955337238,0.0001743480800859931,0.5310360244381193,0.10059202244247967
dim 36,36,0.2607541283648227,NormVanDerWaalsVolume_group3_D0,-0.16914913297277662,1.904816309942549e-07,-0.04793061447342182,0.14263136391460524,3.664796356686702e-07,0.2067126364260085,0.1212185184993548
dim 36,36,0.2607541283648227,NormVanDerWaalsVolume_group3_D25,-0.060868771194083786,0.06253816475287825,0.11748404836946338,0.0003134449805618976,0.07612152706800779,0.0010726498310212479,-0.0566152771753796
dim 36,36,0.2607541283648227,NormVanDerWaalsVolume_group3_D50,-0.09923448118952102,0.0023574145118869985,-0.015833999895919753,0.628336681891025,0.0033505380722138613,0.7121291202972594,0.08340048129360127
dim 36,36,0.2607541283648227,NormVanDerWaalsVolume_group3_D75,-0.1357469268036292,3.058846285505294e-05,-0.08715205143377178,0.007601331493185254,5.075283951111616e-05,0.01750927392223362,0.04859487536985743
dim 36,36,0.2607541283648227,NormVanDerWaalsVolume_group3_D100,0.08432499455482242,0.009812104360259519,-0.01851401117976069,0.5713840362035156,0.013082805813679358,0.6589857323617894,0.06581098337506174
dim 36,36,0.2607541283648227,Polarity_C1,0.2728274870125459,1.863023572802977e-17,-0.23588874775628743,2.5836840091648777e-13,6.47502469631836e-17,6.903603672488554e-12,0.03693873925625846
dim 36,36,0.2607541283648227,Polarity_C2,-0.3727842470689399,2.9082479208465025e-32,0.20512433089202872,2.326443234017794e-10,2.0979585433320343e-31,2.9102323601570907e-09,0.1676599161769112
dim 36,36,0.2607541283648227,Polarity_C3,0.3880392653552261,4.909620459163617e-35,-0.13720113962194128,2.5074630766256952e-05,3.932405835397238e-34,0.00011107329808925494,0.2508381257332848
dim 36,36,0.2607541283648227,Polarity_T12,-0.24516633152659306,2.718000979541862e-14,0.08996918974404225,0.005852868584817034,7.496385856044443e-14,0.01403343939216719,0.1551971417825508
dim 36,36,0.2607541283648227,Polarity_T13,0.3871446520425737,7.206580579474903e-35,-0.1509241581719702,3.4791257649082003e-06,5.730947413201471e-34,1.877266567817995e-05,0.2362204938706035
dim 36,36,0.2607541283648227,Polarity_T23,0.0028308388122368485,0.9310389332148135,0.08695685183506743,0.007738254955509723,0.9358019972727887,0.017787867550861994,-0.08412601302283058
dim 36,36,0.2607541283648227,Polarity_group1_D0,-0.23935455356127572,1.1264101417974766e-13,-0.08609770076055014,0.00836750062349985,2.9882524810195167e-13,0.019011872164958844,0.1532568528007256
dim 36,36,0.2607541283648227,Polarity_group1_D25,-0.20353208546076879,3.219491590718865e-10,0.06696503243648301,0.04042353840528537,7.065112952037457e-10,0.07132309470346176,0.1365670530242858
dim 36,36,0.2607541283648227,Polarity_group1_D50,-0.1402823899951575,1.6347352623743815e-05,-0.01889686667358837,0.5634524013637976,2.7617682227265725e-05,0.6525419627444813,0.12138552332156913
dim 36,36,0.2607541283648227,Polarity_group1_D75,-0.1557959842510922,1.6520176694270635e-06,-0.09266337238124073,0.004528474232980257,2.9745223805317477e-06,0.011210080145727159,0.06313261186985147
dim 36,36,0.2607541283648227,Polarity_group1_D100,0.017722217647649658,0.5879538356995179,0.009900714421459691,0.76214269832745,0.6234177178528221,0.8192972682374261,0.007821503226189967
dim 36,36,0.2607541283648227,Polarity_group2_D0,0.11223945914453089,0.0005774384091059193,-0.093697348745677,0.004096842934397528,0.0008660279687533769,0.010303806777776914,0.01854211039885388
dim 36,36,0.2607541283648227,Polarity_group2_D25,0.33030073859844145,2.748938392397825e-25,-0.02346607617502321,0.47309818327216274,1.389024845780444e-24,0.5688077509463728,0.3068346624234182
dim 36,36,0.2607541283648227,Polarity_group2_D50,0.2565569970124597,1.5026318976104713e-15,0.08846639198512442,0.006734487767152733,4.501157433200874e-15,0.015840274043866287,0.1680906050273353
dim 36,36,0.2607541283648227,Polarity_group2_D75,0.3264877770968482,1.0328394444831985e-24,0.21664112769383856,2.0504571415022533e-11,5.0656148965842625e-24,3.2768071065155627e-10,0.10984664940300962
dim 36,36,0.2607541283648227,Polarity_group2_D100,-0.0016281547576902963,0.960304028459843,0.13703955005432863,2.5637143217486138e-05,0.9628986655826706,0.00011341464681642874,-0.13541139529663834
dim 36,36,0.2607541283648227,Polarity_group3_D0,-0.06678563456565312,0.040964210275392855,-0.07476735024002082,0.022090287762596653,0.05170841357513686,0.043172358763647056,-0.007981715674367701
dim 36,36,0.2607541283648227,Polarity_group3_D25,-0.44598579989927883,5.469556683516378e-47,-0.041824700197959225,0.2008534380589609,7.806974069634487e-46,0.2768677189917166,0.40416109970131964
dim 36,36,0.2607541283648227,Polarity_group3_D50,-0.293882007660555,4.0212427535764896e-20,-0.0879877109063866,0.00703934916022184,1.6027387585853787e-19,0.016455754046936562,0.2058942967541684
dim 36,36,0.2607541283648227,Polarity_group3_D75,-0.25835684573822815,9.383952401018592e-16,-0.08757367286330295,0.007312958503769546,2.8623197277992784e-15,0.01697907566450886,0.1707831728749252
dim 36,36,0.2607541283648227,Polarity_group3_D100,0.17907609703784905,3.410222159063569e-08,0.009789026902419498,0.7647464353115785,6.767761147517717e-08,0.8210392458825689,0.16928707013542954
dim 36,36,0.2607541283648227,Polarizability_C1,-0.2716657083370991,2.5747642612307577e-17,0.24953352979233473,9.111682106827866e-15,8.911619308301276e-17,3.514295376371026e-13,0.022132178544764347
dim 36,36,0.2607541283648227,Polarizability_C2,0.17499681773312278,6.997488793704514e-08,-0.23107940999024265,8.000729286900863e-13,1.3691630094301743e-07,1.9364083926267305e-11,-0.05608259225711987
dim 36,36,0.2607541283648227,Polarizability_C3,0.27059448179889944,3.464995575574702e-17,-0.1564225446752552,1.4986113408567874e-06,1.1802234855777473e-16,8.827798727445627e-06,0.11417193712364423
dim 36,36,0.2607541283648227,Polarizability_T12,-0.33624672923943055,3.3599167008353843e-26,0.11639017193436842,0.0003567898160710347,1.7812891715539975e-25,0.0012061518073656437,0.21985655730506215
dim 36,36,0.2607541283648227,Polarizability_T13,0.10009179344919016,0.002158779714514155,0.09706759162742251,0.002936165829903065,0.003073454495514611,0.0077340645677257385,0.003024201821767644
dim 36,36,0.2607541283648227,Polarizability_T23,0.22425118941589342,3.814429877714899e-12,-0.2571087963956923,1.3011755219907928e-15,9.272340459656304e-12,6.391068005072424e-14,-0.032857606979798865
dim 36,36,0.2607541283648227,Polarizability_group1_D0,0.08246556499915723,0.011561893214568988,-0.0945787107413445,0.0037587331619113457,0.01533626820359826,0.009576024989156289,-0.012113145742187262
dim 36,36,0.2607541283648227,Polarizability_group1_D25,0.2546104266031222,2.49001014196925e-15,-0.06302797282990324,0.05377340765528833,7.327430726147397e-15,0.09025742809070568,0.19158245377321897
dim 36,36,0.2607541283648227,Polarizability_group1_D50,0.26514393369482214,1.5381454943609348e-16,0.05672124745249123,0.08268010962405047,4.978106541827057e-16,0.12924215948262419,0.2084226862423309
dim 36,36,0.2607541283648227,Polarizability_group1_D75,0.2933253207301481,4.762060053935826e-20,0.1673639548003018,2.568542732924848e-07,1.888988192416349e-19,1.8175704932137695e-06,0.1259613659298463
dim 36,36,0.2607541283648227,Polarizability_group1_D100,0.015174677988307263,0.642711891475345,0.10492627545650567,0.0012979348755700502,0.6758997851157595,0.0038060601267813584,-0.0897515974681984
dim 36,36,0.2607541283648227,Polarizability_group2_D0,-0.0018410707788244314,0.95511808558563,-0.10206104812200736,0.0017591843744746045,0.9582740780582771,0.004950021744519949,-0.10021997734318293
dim 36,36,0.2607541283648227,Polarizability_group2_D25,-0.24035804304249134,8.8356475721714e-14,-0.03211767290956247,0.3260616130977387,2.374180441758043e-13,0.41614283062531415,0.20824037013292887
dim 36,36,0.2607541283648227,Polarizability_group2_D50,-0.29281793830519803,5.553723575064966e-20,-0.06121007965058722,0.06107891832395513,2.1926048156875874e-19,0.09995276198040673,0.2316078586546108
dim 36,36,0.2607541283648227,Polarizability_group2_D75,-0.16391466013290468,4.536060615714498e-07,-0.1047922090032551,0.0013167519737122151,8.559572009314363e-07,0.003852309439669126,0.059122451129649575
dim 36,36,0.2607541283648227,Polarizability_group2_D100,-0.03678297960897368,0.2606647079985467,0.034291231348653015,0.294372644634274,0.2908854409338944,0.38227240788432154,0.002491748260320663
dim 36,36,0.2607541283648227,Polarizability_group3_D0,-0.16914913297277662,1.904816309942549e-07,-0.04793061447342182,0.14263136391460524,3.664796356686702e-07,0.2067126364260085,0.1212185184993548
dim 36,36,0.2607541283648227,Polarizability_group3_D25,-0.060868771194083786,0.06253816475287825,0.11748404836946338,0.0003134449805618976,0.07612152706800779,0.0010726498310212479,-0.0566152771753796
dim 36,36,0.2607541283648227,Polarizability_group3_D50,-0.09923448118952102,0.0023574145118869985,-0.015833999895919753,0.628336681891025,0.0033505380722138613,0.7121291202972594,0.08340048129360127
dim 36,36,0.2607541283648227,Polarizability_group3_D75,-0.1357469268036292,3.058846285505294e-05,-0.08715205143377178,0.007601331493185254,5.075283951111616e-05,0.01750927392223362,0.04859487536985743
dim 36,36,0.2607541283648227,Polarizability_group3_D100,0.08432499455482242,0.009812104360259519,-0.01851401117976069,0.5713840362035156,0.013082805813679358,0.6589857323617894,0.06581098337506174
dim 36,36,0.2607541283648227,Charge_C1,0.2136349755630414,3.9176838382774724e-11,-0.15145283927546577,3.212568950487448e-06,9.144000013869153e-11,1.7561342544399472e-05,0.06218213628757563
dim 36,36,0.2607541283648227,Charge_C2,-0.3293621503147931,3.814439167233948e-25,0.1623457194822141,5.852514493230459e-07,1.9015263908300576e-24,3.780928125220451e-06,0.167016430832579
dim 36,36,0.2607541283648227,Charge_C3,0.33578358173095696,3.964177420663838e-26,-0.11517624963423552,0.0004114110550638995,2.0949924976293067e-25,0.0013693271162456809,0.22060733209672145
dim 36,36,0.2607541283648227,Charge_T12,0.14098185152752915,1.4815832688972807e-05,-0.1502291525053908,3.861892015215093e-06,2.509375313446713e-05,2.0704204383336133e-05,-0.009247300977861639
dim 36,36,0.2607541283648227,Charge_T13,0.2602395161580644,5.712244106435776e-16,-0.16679259029560783,2.8245702061342734e-07,1.7780890321990206e-15,1.965430101768432e-06,0.09344692586245656
dim 36,36,0.2607541283648227,Charge_T23,0.34201135146285827,4.1885862751206604e-27,-0.053608242564010734,0.10101315092951786,2.3433631756956458e-26,0.15377571745879198,0.2884031088988475
dim 36,36,0.2607541283648227,Charge_group1_D0,-0.030205438820785517,0.3557056739403543,0.013102788152276747,0.6887410657698151,0.39080820755288925,0.762594205168424,0.01710265066850877
dim 36,36,0.2607541283648227,Charge_group1_D25,-0.14854729794477237,4.9620024690346e-06,-0.025338515893627903,0.4385095332653117,8.658875781909908e-06,0.5329773803151897,0.12320878205114447
dim 36,36,0.2607541283648227,Charge_group1_D50,-0.03218889432582793,0.3249894052402671,0.0035575001276978405,0.9133994486328542,0.35823914637045945,0.938002585309889,0.02863139419813009
dim 36,36,0.2607541283648227,Charge_group1_D75,-0.1361413513784018,2.898880887598224e-05,-0.0662243952078595,0.04269534679037108,4.8242462205172244e-05,0.0746609729213819,0.0699169561705423
dim 36,36,0.2607541283648227,Charge_group1_D100,0.048969852747734605,0.13416254117885243,-0.021040881833070416,0.5200408430088215,0.15483859279107365,0.6141925090698246,0.02792897091466419
dim 36,36,0.2607541283648227,Charge_group2_D0,-0.069174666777566,0.034244738889344754,-0.1386552284890594,2.051385802833968e-05,0.0435889587996995,9.246462323165254e-05,-0.0694805617114934
dim 36,36,0.2607541283648227,Charge_group2_D25,0.2037554783906574,3.07652636170254e-10,0.07707868337655303,0.018285999244631108,6.764712342387415e-10,0.036970482734302604,0.1266767950141044
dim 36,36,0.2607541283648227,Charge_group2_D50,0.06415449124068362,0.04962300281423109,0.1061019348282607,0.0011432273272960498,0.06195918856057265,0.003403190083038152,-0.041947443587577085
dim 36,36,0.2607541283648227,Charge_group2_D75,0.11813578790249354,0.00029001363269781573,0.15219675264804675,2.8704016383272807e-06,0.00044453672933029124,1.600524452756781e-05,-0.0340609647455532
dim 36,36,0.2607541283648227,Charge_group2_D100,-0.14934285119238164,4.4087252969347924e-06,0.0423671298131796,0.195069279322867,7.721626896571686e-06,0.2697852558751039,0.10697572137920203
dim 36,36,0.2607541283648227,Charge_group3_D0,0.012277060088366267,0.7074233129773836,-0.008835767949664649,0.7870747677695611,0.733140405154069,0.8393453781450619,0.003441292138701618
dim 36,36,0.2607541283648227,Charge_group3_D25,-0.2494345595369279,9.342373112385135e-15,-0.09201169548477729,0.004821231819134875,2.6692494606814673e-14,0.011788370626581612,0.1574228640521506
dim 36,36,0.2607541283648227,Charge_group3_D50,-0.06988651709383836,0.03243418712427993,-0.08940085694192017,0.006173273346082588,0.04147403713441614,0.014685707247803307,-0.019514339848081805
dim 36,36,0.2607541283648227,Charge_group3_D75,-0.045738158183800705,0.1618342413037251,-0.11521160590768378,0.0004097155765979321,0.18454297232995623,0.001367082942894199,-0.06947344772388309
dim 36,36,0.2607541283648227,Charge_group3_D100,0.1469063848707034,6.320088077030908e-06,-0.00883812294088477,0.787019382128404,1.0920379812355526e-05,0.8393453781450619,0.13806826192981864
dim 36,36,0.2607541283648227,SecondaryStructure_C1,0.3905199512927919,1.683262926541773e-35,-0.07336744662899121,0.024714234481442998,1.388172388802351e-34,0.04735831507057924,0.3171525046638007
dim 36,36,0.2607541283648227,SecondaryStructure_C2,-0.18263475028024712,1.7969671398281704e-08,-0.007944874902588734,0.8081018916123694,3.604726875090744e-08,0.855757868733454,0.17468987537765837
dim 36,36,0.2607541283648227,SecondaryStructure_C3,-0.3988444033395684,4.3328163168725505e-37,0.10818602162361562,0.0009100830548693639,3.838622413356583e-36,0.0027558272015083185,0.29065838171595276
dim 36,36,0.2607541283648227,SecondaryStructure_T12,0.26825192904261774,6.602642084323037e-17,-0.12452961897305748,0.00013253201029818145,2.1856119486262582e-16,0.0004848378032814086,0.14372231006956027
dim 36,36,0.2607541283648227,SecondaryStructure_T13,0.26255664081183744,3.0837585915355254e-16,-0.0022799574048559578,0.9444344595998788,9.818640320046382e-16,0.960831890058969,0.26027668340698146
dim 36,36,0.2607541283648227,SecondaryStructure_T23,-0.34653081101138355,7.937858420450591e-28,0.1111535626554262,0.0006532429853274777,4.555403285963054e-27,0.0020680867971504978,0.23537724835595736
dim 36,36,0.2607541283648227,SecondaryStructure_group1_D0,-0.12190448682173387,0.00018363301390622981,-0.11124152020832773,0.0006467748298235072,0.00028660479740505023,0.0020510590182024296,0.010662966613406141
dim 36,36,0.2607541283648227,SecondaryStructure_group1_D25,0.007749406747903258,0.8127345389498871,-0.04722666464733501,0.14859668037607898,0.8291183140172947,0.21359051590593847,-0.039477257899431746
dim 36,36,0.2607541283648227,SecondaryStructure_group1_D50,0.10707874227076442,0.0010278290681149027,-0.037193969004783355,0.25537189007780986,0.001506340099826141,0.3387379320333141,0.06988477326598105
dim 36,36,0.2607541283648227,SecondaryStructure_group1_D75,0.17864936183160293,3.6793987345388084e-08,0.042354772053748664,0.19519968311344812,7.284642426413528e-08,0.26985386655584304,0.13629458977785427
dim 36,36,0.2607541283648227,SecondaryStructure_group1_D100,0.15682792991528052,1.406746429190214e-06,0.005462070989638119,0.8673900793604551,2.5438728064403434e-06,0.9025180264996636,0.15136585892564242
dim 36,36,0.2607541283648227,SecondaryStructure_group2_D0,-0.10760281913155781,0.0009704476494901113,-0.053134746649979456,0.10406542808757166,0.0014261631908523945,0.15777509296980904,0.05446807248157835
dim 36,36,0.2607541283648227,SecondaryStructure_group2_D25,0.0875302188915722,0.007342219604277589,0.05225341483785763,0.10994112825309402,0.009916301446941831,0.16578030174507177,0.03527680405371457
dim 36,36,0.2607541283648227,SecondaryStructure_group2_D50,-0.0010924177983003406,0.9733597726622004,0.04988660155737437,0.12701898409861392,0.9745268707109561,0.1869737359582946,-0.04879418375907403
dim 36,36,0.2607541283648227,SecondaryStructure_group2_D75,-0.18439627027480165,1.3024474088323552e-08,-0.04625057810073351,0.15718038580332144,2.633277448849919e-08,0.22377770186832635,0.13814569217406814
dim 36,36,0.2607541283648227,SecondaryStructure_group2_D100,-0.06586290587632608,0.04384274180126036,0.012168776642801561,0.7098866352686154,0.05519591316102888,0.779428455554627,0.05369412923352452
dim 36,36,0.2607541283648227,SecondaryStructure_group3_D0,0.04126325033141199,0.2069709801900398,-0.11252067971298753,0.0005591857755550883,0.23314774834223706,0.0018010419386248746,-0.07125742938157553
dim 36,36,0.2607541283648227,SecondaryStructure_group3_D25,0.02932833308172162,0.36985331447794934,0.0012535505562019415,0.9694321080626028,0.4054184674618808,0.9782185017912669,0.02807478252551968
dim 36,36,0.2607541283648227,SecondaryStructure_group3_D50,-0.12487474940188285,0.00012690918873227558,0.004762298607121442,0.8842510904701734,0.00020050931426953664,0.9166095025704242,0.1201124507947614
dim 36,36,0.2607541283648227,SecondaryStructure_group3_D75,-0.058142219188287575,0.07525794561220699,-0.011522917637988104,0.7246413192726211,0.09058073453865634,0.7922428826090194,0.046619301550299475
dim 36,36,0.2607541283648227,SecondaryStructure_group3_D100,-0.035682369026960044,0.27520994397055876,0.1285778049067805,7.914802491377816e-05,0.3060943099772448,0.0003056120268347041,-0.09289543587982046
dim 36,36,0.2607541283648227,SolventAccessibility_C1,0.16379277138970633,4.627152219211195e-07,0.14386243793121872,9.832161387088714e-06,8.726532135610047e-07,4.822234806589766e-05,0.019930333458487604
dim 36,36,0.2607541283648227,SolventAccessibility_C2,0.3295843358940309,3.5301886842721267e-25,-0.17326956141789562,9.439329785287834e-08,1.7650943421360633e-24,7.11678588777909e-07,0.1563147744761353
dim 36,36,0.2607541283648227,SolventAccessibility_C3,-0.467200028182677,5.594888025984645e-52,0.03417425316395252,0.29602374816530486,9.583038977840366e-51,0.3841178394996574,0.43302577501872447
dim 36,36,0.2607541283648227,SolventAccessibility_T12,0.43371091597172545,2.940274052473073e-44,-0.06812832383751002,0.03706220108014848,3.705854843494364e-43,0.06609063086369243,0.3655825921342154
dim 36,36,0.2607541283648227,SolventAccessibility_T13,-0.28510878201777373,5.532221157885328e-19,0.13392791023400358,3.9112126671196835e-05,2.0925955455647787e-18,0.00016515107848520533,0.15118087178377015
dim 36,36,0.2607541283648227,SolventAccessibility_T23,-0.06327680333242017,0.05283257379076553,-0.09203390291439563,0.004810980495172161,0.06559880909336686,0.01177192296987181,-0.028757099581975462
dim 36,36,0.2607541283648227,SolventAccessibility_group1_D0,-0.016850268534780305,0.6064534766832582,-0.07316273436839417,0.02511969171483369,0.6405928564585965,0.047915345703908915,-0.056312465833613864
dim 36,36,0.2607541283648227,SolventAccessibility_group1_D25,0.16512409321076688,3.720962006812734e-07,-0.02794067674781053,0.39293770297053365,7.053355903946954e-07,0.4857187001930357,0.13718341646295634
dim 36,36,0.2607541283648227,SolventAccessibility_group1_D50,0.21445462979967342,3.28680926329435e-11,-0.00020976526844242052,0.9948836487045056,7.709229592277478e-11,0.9954797443598109,0.214244864531231
dim 36,36,0.2607541283648227,SolventAccessibility_group1_D75,0.2187943525831253,1.2820261003564137e-11,0.040253647311286354,0.21830915625416916,3.054184861048803e-11,0.2975681514153077,0.17854070527183893
dim 36,36,0.2607541283648227,SolventAccessibility_group1_D100,-0.0022520651460288922,0.9451131521979026,0.03245638004882674,0.32098300402768515,0.9488061101115103,0.4113903428443854,-0.03020431490279785
dim 36,36,0.2607541283648227,SolventAccessibility_group2_D0,-0.02831008283224229,0.3867088661435926,-0.07457470962783261,0.022436369534420617,0.4230617795347525,0.04372081344513702,-0.04626462679559032
dim 36,36,0.2607541283648227,SolventAccessibility_group2_D25,-0.40413602014032374,4.0052005106633724e-38,-0.05084189405465668,0.11989321184343314,3.7471623825253965e-37,0.17860986956158195,0.35329412608566707
dim 36,36,0.2607541283648227,SolventAccessibility_group2_D50,-0.23720530298051568,1.887781975191103e-13,-0.07758075074711175,0.01753979183577977,4.925931091514284e-13,0.035569462496359706,0.15962455223340394
dim 36,36,0.2607541283648227,SolventAccessibility_group2_D75,-0.2707555585998008,3.313961272851547e-17,-0.09943690835037615,0.0023090619158283973,1.132920230432361e-16,0.0062650420786895585,0.17131865024942466
dim 36,36,0.2607541283648227,SolventAccessibility_group2_D100,0.2058214700340754,2.0163025487615103e-10,0.014936395775485252,0.6479405779138507,4.4956278457032335e-10,0.7270885469622462,0.19088507425859014
dim 36,36,0.2607541283648227,SolventAccessibility_group3_D0,-0.23113499971998766,7.898011993082864e-13,-0.11087079024927564,0.0006744464460802705,1.973026182266026e-12,0.002127149320026538,0.12026420947071202
dim 36,36,0.2607541283648227,SolventAccessibility_group3_D25,0.04801744884952574,0.14190842358096714,0.055631071875824396,0.08876709703136332,0.16321423373293054,0.13783454397245629,-0.007613623026298658
dim 36,36,0.2607541283648227,SolventAccessibility_group3_D50,-0.05897928890522016,0.07114606669140584,0.03816292398627975,0.24319006850122057,0.08591029022028038,0.3258142113092967,0.020816364918940414
dim 36,36,0.2607541283648227,SolventAccessibility_group3_D75,0.11092364731440975,0.0006704350873104376,0.10174882440093994,0.0018176369337450963,0.0010019029940120186,0.005088773980476632,0.009174822913469813
dim 36,36,0.2607541283648227,SolventAccessibility_group3_D100,-0.1598543541595621,8.727977784398483e-07,0.020601567880444333,0.5287937561137173,1.60437236102867e-06,0.6216723496725856,0.13925278627911775
dim 39,39,0.2527349668401933,AAC_A,-0.023402306784214833,0.47430197741433083,0.2109633456583303,6.909490553660527e-11,0.5116823658152019,9.575808485156082e-10,-0.18756103887411546
dim 39,39,0.2527349668401933,AAC_C,-0.11763365432116937,0.0003079149310232947,-0.07743524942916281,0.01775325356071072,0.00047111125497838034,0.03595868216663057,0.04019840489200656
dim 39,39,0.2527349668401933,AAC_D,0.24799268347252595,1.3431270789873624e-14,0.08587919988674866,0.008534650852243374,3.7824995310436683e-14,0.019325921251859574,0.1621134835857773
dim 39,39,0.2527349668401933,AAC_E,0.3068720865497459,6.987733114457195e-22,-0.2228084468571576,5.271879197153278e-12,3.0468705747111006e-21,1.0004588930961335e-10,0.08406363969258832
dim 39,39,0.2527349668401933,AAC_F,0.06742194428021657,0.03907371234560325,-0.13102618137614866,5.751724592500448e-05,0.049452898535170466,0.00023117641563118527,-0.06360423709593209
dim 39,39,0.2527349668401933,AAC_G,-0.08766808038037117,0.007249745962441718,0.15975935769390598,8.860938213157256e-07,0.009815221530018377,5.4908225662236065e-06,-0.0720912773135348
dim 39,39,0.2527349668401933,AAC_H,0.40654194315662895,1.3372821780626495e-38,0.0973063237789725,0.002866591294923124,1.2909024493437136e-37,0.007580692735584508,0.3092356193776564
dim 39,39,0.2527349668401933,AAC_I,0.13629542888455692,2.8385754546046873e-05,-0.179741368458505,3.0282174480211554e-08,4.733321027648355e-05,2.48507279518198e-07,-0.04344593957394807
dim 39,39,0.2527349668401933,AAC_K,0.28113824933664233,1.7583196962453937e-18,-0.10825431428168132,0.000903246321424794,6.460712635269104e-18,0.002740093291152418,0.17288393505496102
dim 39,39,0.2527349668401933,AAC_L,0.21744301313270784,1.7224454836601284e-11,-0.13301696174553804,4.418373569618949e-05,4.0830148441624056e-11,0.0001849294200817956,0.0844260513871698
dim 39,39,0.2527349668401933,AAC_M,0.12642336301324134,0.00010433206746119618,-0.18493108711379186,1.1804619163982586e-08,0.00016657223007667077,1.0542093050187656e-07,-0.05850772410055052
dim 39,39,0.2527349668401933,AAC_N,-0.013901314295691013,0.6708526531965755,-0.020578063179605116,0.529264166171868,0.7010788052805264,0.6220064444102883,-0.006676748883914103
dim 39,39,0.2527349668401933,AAC_P,-0.41993939258979207,2.5178509430776517e-41,-0.02043201709970329,0.5321918062163707,2.8604156972378765e-40,0.6245680368104983,0.3995073754900888
dim 39,39,0.2527349668401933,AAC_Q,0.0694318076108981,0.03358100677294474,-0.022894862656133608,0.48394077694497456,0.04287483280643556,0.5789262876060942,0.046536944954764486
dim 39,39,0.2527349668401933,AAC_R,-0.11861355155671555,0.0002738889865069663,-0.022340153673563443,0.49459756103436,0.00042097985040647374,0.5889325682191666,0.0962733978831521
dim 39,39,0.2527349668401933,AAC_S,-0.42024832627778946,2.1713076555056513e-41,-0.0045674391629714865,0.8889558971730391,2.492153803913703e-40,0.9183769553225953,0.415680887114818
dim 39,39,0.2527349668401933,AAC_T,-0.37687491953368935,5.426993305191919e-33,0.136337193275078,2.8224352863688873e-05,4.010211867110843e-32,0.00012387560915206417,0.24053772625861133
dim 39,39,0.2527349668401933,AAC_V,0.10968682955823192,0.0007703489099990984,0.15574428871019907,1.6653266728493114e-06,0.001143540159731995,9.724110292511713e-06,-0.046057459151967156
dim 39,39,0.2527349668401933,AAC_W,-0.0951351786285698,0.0035585117211059747,0.039655759167854174,0.2252301834965915,0.004998077858912512,0.30456227242049216,0.05547941946071562
dim 39,39,0.2527349668401933,AAC_Y,0.0368019917227146,0.2604182064977718,-0.04098157178230548,0.21009051443857335,0.29070748987384953,0.28793693813083093,-0.004179580059590876
dim 39,39,0.2527349668401933,Hydrophobicity_C1,0.3410294090109259,5.990315587435494e-27,-0.16189854474974977,6.290588788088359e-07,3.323530575088796e-26,4.025987245525698e-06,0.1791308642611761
dim 39,39,0.2527349668401933,Hydrophobicity_C2,-0.3539690130429564,4.839439527312031e-29,0.22160624355491607,6.89179922069194e-12,2.993282966892997e-28,1.1988859060995354e-10,0.13236276948804035
dim 39,39,0.2527349668401933,Hydrophobicity_C3,0.281164541454821,1.745014200288455e-18,-0.22281147538607124,5.268311641400227e-12,6.418884833660176e-18,1.0004588930961335e-10,0.058353066068749765
dim 39,39,0.2527349668401933,Hydrophobicity_T12,0.1446222572094641,8.812570487686191e-06,0.10422872956336017,0.0013986203539993593,1.5117609362543338e-05,0.004041086437749228,0.04039352764610392
dim 39,39,0.2527349668401933,Hydrophobicity_T13,0.3350683769328908,5.114771395007943e-26,-0.19735413363969023,1.1077335892232186e-09,2.6902892061931543e-25,1.2332767293351834e-08,0.1377142432932006
dim 39,39,0.2527349668401933,Hydrophobicity_T23,-0.13378683508793907,3.985969981763494e-05,0.07247921697089778,0.026515398595478672,6.564664565626268e-05,0.04992188912564755,0.06130761811704129
dim 39,39,0.2527349668401933,Hydrophobicity_group1_D0,-0.025425470381324224,0.43693932765299826,-0.07128456435861347,0.02911569808739277,0.4739777052163086,0.05411598865436386,-0.04585909397728924
dim 39,39,0.2527349668401933,Hydrophobicity_group1_D25,-0.40063372555005805,1.946128043783408e-37,-0.037413583011558206,0.25257443248879535,1.761535952909643e-36,0.33596121247016186,0.3632201425384998
dim 39,39,0.2527349668401933,Hydrophobicity_group1_D50,-0.23710555595521843,1.933331200964183e-13,-0.07548143892832286,0.020847545720313145,5.036915921388746e-13,0.041080119590469553,0.16162411702689555
dim 39,39,0.2527349668401933,Hydrophobicity_group1_D75,-0.2664893678345328,1.0680585610159006e-16,-0.08976000577100383,0.005969015635622957,3.497368229208929e-16,0.014270946473142932,0.17672936206352896
dim 39,39,0.2527349668401933,Hydrophobicity_group1_D100,0.20969273824209306,9.026037403026798e-11,0.01868461398463236,0.56784310327411,2.0494197774377637e-10,0.6568436137151378,0.1910081242574607
dim 39,39,0.2527349668401933,Hydrophobicity_group2_D0,0.1087370188022044,0.0008562617218628357,-0.09501663893164985,0.0036003327127627715,0.001263212964232275,0.009242975603864455,0.01372037987055455
dim 39,39,0.2527349668401933,Hydrophobicity_group2_D25,0.3495757552479966,2.5485827489351104e-28,0.006832196862395724,0.8345575869593992,1.5065958197244724e-27,0.8768236365034267,0.3427435583856009
dim 39,39,0.2527349668401933,Hydrophobicity_group2_D50,0.18364543196349764,1.4945383182701277e-08,0.027739814572257816,0.3963499230054635,3.008895710079702e-08,0.48867063227694657,0.15590561739123981
dim 39,39,0.2527349668401933,Hydrophobicity_group2_D75,0.2824692822241215,1.1957721915541604e-18,0.17188401590539024,1.197537219519596e-07,4.462434770716085e-18,8.849058215034183e-07,0.11058526631873125
dim 39,39,0.2527349668401933,Hydrophobicity_group2_D100,-0.048108967527057074,0.1411495290843827,0.13730606470996526,2.4715672268422926e-05,0.1624532829572151,0.00010962861271783875,-0.08919709718290819
dim 39,39,0.2527349668401933,Hydrophobicity_group3_D0,-0.3138503432901057,7.270638457312054e-23,-0.09258270705451073,0.004563818736146789,3.299447343399764e-22,0.01127452261740405,0.22126763623559498
dim 39,39,0.2527349668401933,Hydrophobicity_group3_D25,-0.2871245376011343,3.053789213019767e-19,0.03262292594653789,0.31850482320870116,1.1696853178309658e-18,0.40884170235090767,0.25450161165459645
dim 39,39,0.2527349668401933,Hydrophobicity_group3_D50,-0.14454505946268467,8.911366143224169e-06,0.009500133206120346,0.7714935853363238,1.5279241744542465e-05,0.8266886669949701,0.13504492625656433
dim 39,39,0.2527349668401933,Hydrophobicity_group3_D75,-0.07413049623466429,0.023252390766465122,-0.06369587022666763,0.051279130126642765,0.030160382586405247,0.08689614136123128,0.010434626007996661
dim 39,39,0.2527349668401933,Hydrophobicity_group3_D100,-0.0677669552675073,0.038079969128555186,-0.05222785759627806,0.11011534098793804,0.048305012111422074,0.16596806809553838,0.01553909767122924
dim 39,39,0.2527349668401933,NormVanDerWaalsVolume_C1,-0.3571167649189603,1.4480983566674056e-29,0.20457283441765567,2.604307430844449e-10,9.195149260967937e-29,3.2097368335868854e-09,0.15254393050130466
dim 39,39,0.2527349668401933,NormVanDerWaalsVolume_C2,0.3301122328607661,2.9361444251216125e-25,-0.19104603971588174,3.756472980660199e-09,1.4791436470446735e-24,3.723032568369455e-08,0.13906619314488433
dim 39,39,0.2527349668401933,NormVanDerWaalsVolume_C3,0.2831865849917736,9.705820983251686e-19,-0.14191761211836548,1.2979416799892096e-05,3.642409222928161e-18,6.210781104819427e-05,0.14126897287340814
dim 39,39,0.2527349668401933,NormVanDerWaalsVolume_T12,-0.154336821260779,2.0698648583881686e-06,0.04289947819749202,0.18951213818016327,3.708878018785667e-06,0.2632005565867925,0.11143734306328698
dim 39,39,0.2527349668401933,NormVanDerWaalsVolume_T13,0.04868779280264384,0.1364217171921268,0.04601111589386797,0.15934244603812836,0.15720117762663224,0.22657853864799501,0.00267667690877587
dim 39,39,0.2527349668401933,NormVanDerWaalsVolume_T23,0.2686154246432489,5.976510561607753e-17,-0.22075281802514143,8.32786002784048e-12,1.9901839756500393e-16,1.426412948358318e-10,0.047862606618107456
dim 39,39,0.2527349668401933,NormVanDerWaalsVolume_group1_D0,0.11026735839938515,0.0007218474859465435,-0.09187777121238384,0.0048834729509652924,0.0010739289991365056,0.01191438981462679,0.018389587187001302
dim 39,39,0.2527349668401933,NormVanDerWaalsVolume_group1_D25,0.2559467921019993,1.761216566296193e-15,-0.06278808278906689,0.05469361792879074,5.224212550114817e-15,0.09142977171279332,0.1931587093129324
dim 39,39,0.2527349668401933,NormVanDerWaalsVolume_group1_D50,0.12701823191403117,9.671170842431051e-05,0.02971059667723929,0.3636450347929264,0.0001549242715286317,0.45763919224128646,0.09730763523679187
dim 39,39,0.2527349668401933,NormVanDerWaalsVolume_group1_D75,0.2530632914003368,3.708680693126427e-15,0.14478565483122957,8.606894066444425e-06,1.0827791534127855e-14,4.266039470140099e-05,0.10827763656910722
dim 39,39,0.2527349668401933,NormVanDerWaalsVolume_group1_D100,-0.06413692836494077,0.0496855891808315,0.1042285212118833,0.001398651473664104,0.062014150920768764,0.004041086437749228,-0.040091592846942525
dim 39,39,0.2527349668401933,NormVanDerWaalsVolume_group2_D0,-0.06786084591092466,0.0378132774762757,-0.06134301091016909,0.06051824947079324,0.04798493418341977,0.09908380060414188,0.006517835000755569
dim 39,39,0.2527349668401933,NormVanDerWaalsVolume_group2_D25,-0.29972816342164676,6.657887447753788e-21,-0.0279849052945779,0.39218874889598304,2.7796680094372066e-20,0.4849723884904048,0.27174325812706884
dim 39,39,0.2527349668401933,NormVanDerWaalsVolume_group2_D50,-0.08182035214874013,0.012230717477010062,-0.008713578795346035,0.7899499311582947,0.016184863856265296,0.8411105742185366,0.07310677335339409
dim 39,39,0.2527349668401933,NormVanDerWaalsVolume_group2_D75,-0.06583333917754744,0.04393772812277916,-0.08293854480595297,0.011092394433820728,0.055273827468957586,0.02423060654608321,-0.017105205628405534
dim 39,39,0.2527349668401933,NormVanDerWaalsVolume_group2_D100,0.125721047025158,0.00011405677566608438,0.023418276836661134,0.4740003482864521,0.00018123198416970592,0.5692776566978605,0.10230277018849686
dim 39,39,0.2527349668401933,NormVanDerWaalsVolume_group3_D0,-0.1712500440333611,1.3344445931709103e-07,-0.05013274145254677,0.12515223240092535,2.582297184930962e-07,0.18487768961481235,0.12111730258081434
dim 39,39,0.2527349668401933,NormVanDerWaalsVolume_group3_D25,-0.057847237158386,0.07675233200667034,0.12755623360772209,9.027453440314359e-05,0.09224641558196435,0.00034341337688667377,-0.06970899644933609
dim 39,39,0.2527349668401933,NormVanDerWaalsVolume_group3_D50,-0.095763877757381,0.003343991295029924,-0.008415764971029319,0.7969695145456551,0.004706671270712156,0.8474620116467647,0.08734811278635168
dim 39,39,0.2527349668401933,NormVanDerWaalsVolume_group3_D75,-0.1259863117477711,0.00011028752558243717,-0.07014609498783493,0.03179465184367473,0.00017549325176052414,0.05841261669850033,0.05584021675993618
dim 39,39,0.2527349668401933,NormVanDerWaalsVolume_group3_D100,0.0888459166950602,0.0065012555145330594,-0.012563419807510863,0.7009237407699458,0.00885570694067717,0.771616774611608,0.07628249688754934
dim 39,39,0.2527349668401933,Polarity_C1,0.28179001279301086,1.4561854634756432e-18,-0.23059610555276577,8.950720361478714e-13,5.4040660533429424e-18,2.120241560804178e-11,0.051193907240245085
dim 39,39,0.2527349668401933,Polarity_C2,-0.3841715058605704,2.558488230018137e-34,0.19490798606539628,1.7872914289708207e-09,1.9872908577350185e-33,1.878803553091535e-08,0.18926351979517414
dim 39,39,0.2527349668401933,Polarity_C3,0.3994399921280638,3.3212812324978983e-37,-0.12546322715906857,0.00011783622413225612,2.9581544844114616e-36,0.00043543779571000505,0.27397676496899526
dim 39,39,0.2527349668401933,Polarity_T12,-0.25305645268575666,3.715195195573669e-15,0.0824632433987633,0.01156424049913433,1.0837337950407036e-14,0.024999717324989422,0.17059320928699334
dim 39,39,0.2527349668401933,Polarity_T13,0.39472683170446865,2.682969122831144e-36,-0.14764087259009082,5.673273131859568e-06,2.2918457468685474e-35,2.928706686307721e-05,0.24708595911437783
dim 39,39,0.2527349668401933,Polarity_T23,0.005322636120923859,0.87074521191482,0.0939665619953113,0.003990753574307522,0.8801607670359535,0.010097351169129107,-0.08864392587438744
dim 39,39,0.2527349668401933,Polarity_group1_D0,-0.2359250171466398,2.561508823469314e-13,-0.07819555160408115,0.016662437637087024,6.611622465523576e-13,0.034205618750996106,0.15772946554255865
dim 39,39,0.2527349668401933,Polarity_group1_D25,-0.20669421582591205,1.684445079683e-10,0.06694124871325811,0.040494868946846625,3.770808690443177e-10,0.07137354210156609,0.13975296711265395
dim 39,39,0.2527349668401933,Polarity_group1_D50,-0.13943822090223962,1.8396599313065823e-05,-0.015470828594013764,0.6362379583266907,3.100133284845603e-05,0.7181003667831432,0.12396739230822586
dim 39,39,0.2527349668401933,Polarity_group1_D75,-0.15052227097551893,3.6957869126797425e-06,-0.08338374513689147,0.010666000201639837,6.503650309984373e-06,0.023571121229565947,0.06713852583862746
dim 39,39,0.2527349668401933,Polarity_group1_D100,0.018209269363461518,0.5777350520332329,0.010749766757203268,0.7424387636896829,0.6141422895579243,0.804589704971947,0.00745950260625825
dim 39,39,0.2527349668401933,Polarity_group2_D0,0.11497430255060027,0.0004212213231159639,-0.09367100804846956,0.004107359106418401,0.0006406553821526955,0.010322482630126003,0.021303294502130712
dim 39,39,0.2527349668401933,Polarity_group2_D25,0.33021933970772877,2.828281427639105e-25,-0.030749953669764074,0.3470965345050674,1.42695769914118e-24,0.4395376853053884,0.2994693860379647
dim 39,39,0.2527349668401933,Polarity_group2_D50,0.25300016625649235,3.769242195102831e-15,0.0800379328665148,0.014259470395392075,1.0985400463912265e-14,0.03004834771016374,0.17296223338997757
dim 39,39,0.2527349668401933,Polarity_group2_D75,0.32236964417770353,4.2245579692181855e-24,0.20985766371788642,8.719170418703372e-11,2.0214933548981002e-23,1.1695594055610145e-09,0.11251198045981711
dim 39,39,0.2527349668401933,Polarity_group2_D100,-0.008927704984379866,0.7849133562941752,0.12835787735447388,8.142805881098154e-05,0.8039284299363831,0.00031263723010915574,-0.11943017237009401
dim 39,39,0.2527349668401933,Polarity_group3_D0,-0.06642046427353863,0.04208368295383703,-0.07524092438837117,0.021259147291952,0.05310143599010792,0.0417845081808718,-0.008820460114832535
dim 39,39,0.2527349668401933,Polarity_group3_D25,-0.44331927676283367,2.191012819540601e-46,-0.02840315531588092,0.38514903868223155,3.0365073930562684e-45,0.4776820606010595,0.4149161214469527
dim 39,39,0.2527349668401933,Polarity_group3_D50,-0.2931465813946368,5.027344183977911e-20,-0.08390490530568268,0.010185392162045736,1.9894940254130595e-19,0.022664363638396242,0.2092416760889541
dim 39,39,0.2527349668401933,Polarity_group3_D75,-0.25432027879605856,2.6837231394680624e-15,-0.07820258388651898,0.016652628871214256,7.876656665925596e-15,0.034205618750996106,0.1761176949095396
dim 39,39,0.2527349668401933,Polarity_group3_D100,0.18399766638382958,1.4012296755573291e-08,0.015730192214714837,0.6305908728824672,2.826151640314903e-08,0.7137804916626876,0.16826747416911475
dim 39,39,0.2527349668401933,Polarizability_C1,-0.2829357956318939,1.0441052356080498e-18,0.23992996127525307,9.801325789499441e-14,3.905164039116334e-18,3.0033420309108375e-12,0.04300583435664085
dim 39,39,0.2527349668401933,Polarizability_C2,0.18091233416920724,2.4541593766213227e-08,-0.23027902950969706,9.633122340940343e-13,4.899517225293018e-08,2.2499740292825696e-11,-0.04936669534048982
dim 39,39,0.2527349668401933,Polarizability_C3,0.2831865849917736,9.705820983251686e-19,-0.14191761211836548,1.2979416799892096e-05,3.642409222928161e-18,6.210781104819427e-05,0.14126897287340814
dim 39,39,0.2527349668401933,Polarizability_T12,-0.34611987250569526,9.244353964814602e-28,0.10685176324578431,0.0010536408794364867,5.296079286874917e-27,0.0031614208506479686,0.23926810925991093
dim 39,39,0.2527349668401933,Polarizability_T13,0.1008427934976362,0.001997493128502092,0.0996035744202149,0.0022699339625729463,0.0028511226705970035,0.006178956344738093,0.0012392190774212913
dim 39,39,0.2527349668401933,Polarizability_T23,0.23477272565309865,3.3660853326500735e-13,-0.24876672966298707,1.1056180046242241e-14,8.60851838518472e-13,4.1491731858931555e-13,-0.013994004009888428
dim 39,39,0.2527349668401933,Polarizability_group1_D0,0.08526108483766938,0.00902375746076855,-0.09395927239593943,0.0039935930821615425,0.012084743351630697,0.010097351169129107,-0.008698187558270051
dim 39,39,0.2527349668401933,Polarizability_group1_D25,0.25632233247702946,1.5973274893661117e-15,-0.06652949451654587,0.04174676290590592,4.77625229586644e-15,0.07323047770956727,0.18979283796048357
dim 39,39,0.2527349668401933,Polarizability_group1_D50,0.26578061952580123,1.2946447527554756e-16,0.05475972189474704,0.09388723404484971,4.2083716195798345e-16,0.14490913202855732,0.2110208976310542
dim 39,39,0.2527349668401933,Polarizability_group1_D75,0.2884079003365065,2.0866345989364752e-19,0.15824529292932382,1.126194863213611e-06,8.047759307676474e-19,6.839074260242656e-06,0.13016260740718266
dim 39,39,0.2527349668401933,Polarizability_group1_D100,0.005648051511257041,0.8629186680649327,0.09108086238039995,0.005269076557798292,0.8734534643463662,0.012761940321280854,-0.08543281086914291
dim 39,39,0.2527349668401933,Polarizability_group2_D0,0.005241788416039856,0.8726916670688717,-0.09265973113642867,0.004530064338293425,0.8816667174863979,0.011210080145727159,-0.08741794272038882
dim 39,39,0.2527349668401933,Polarizability_group2_D25,-0.24624135774529726,2.0809569920491274e-14,-0.03947036664002728,0.22740769039481087,5.791996961203404e-14,0.30700957393640593,0.20677099110526997
dim 39,39,0.2527349668401933,Polarizability_group2_D50,-0.29463516668820217,3.197054022047288e-20,-0.061025515278520265,0.06186447788208182,1.2788216088189152e-19,0.1011887150470878,0.2336096514096819
dim 39,39,0.2527349668401933,Polarizability_group2_D75,-0.16321901601205366,5.080132137485879e-07,-0.10386250688356397,0.0014543147415835042,9.527030510501312e-07,0.004187423480076641,0.05935650912848969
dim 39,39,0.2527349668401933,Polarizability_group2_D100,-0.03992010645983268,0.2221510984802596,0.03045612590207612,0.35172557287964823,0.2495743925072543,0.44448104934469357,0.009463980557756563
dim 39,39,0.2527349668401933,Polarizability_group3_D0,-0.1712500440333611,1.3344445931709103e-07,-0.05013274145254677,0.12515223240092535,2.582297184930962e-07,0.18487768961481235,0.12111730258081434
dim 39,39,0.2527349668401933,Polarizability_group3_D25,-0.057847237158386,0.07675233200667034,0.12755623360772209,9.027453440314359e-05,0.09224641558196435,0.00034341337688667377,-0.06970899644933609
dim 39,39,0.2527349668401933,Polarizability_group3_D50,-0.095763877757381,0.003343991295029924,-0.008415764971029319,0.7969695145456551,0.004706671270712156,0.8474620116467647,0.08734811278635168
dim 39,39,0.2527349668401933,Polarizability_group3_D75,-0.1259863117477711,0.00011028752558243717,-0.07014609498783493,0.03179465184367473,0.00017549325176052414,0.05841261669850033,0.05584021675993618
dim 39,39,0.2527349668401933,Polarizability_group3_D100,0.0888459166950602,0.0065012555145330594,-0.012563419807510863,0.7009237407699458,0.00885570694067717,0.771616774611608,0.07628249688754934
dim 39,39,0.2527349668401933,Charge_C1,0.22424390498181412,3.8206885211336224e-12,-0.1400928049429594,1.6787728139809403e-05,9.280799753153672e-12,7.820224823844268e-05,0.08415110003885473
dim 39,39,0.2527349668401933,Charge_C2,-0.3412899551387223,5.448478477995573e-27,0.14972551941025933,4.164105576851473e-06,3.032986352750869e-26,2.20065073207024e-05,0.19156443572846296
dim 39,39,0.2527349668401933,Charge_C3,0.3455317662313055,1.1492318013144948e-27,-0.10585313727345728,0.001174472355921726,6.550229038208896e-27,0.0034868779278031687,0.2396786289578482
dim 39,39,0.2527349668401933,Charge_T12,0.15044905907061124,3.736622202830031e-06,-0.1400798150799792,1.6818311090260435e-05,6.568588503922264e-06,7.823559755079368e-05,0.010369243990632049
dim 39,39,0.2527349668401933,Charge_T13,0.2657788345718539,1.2952712649485237e-16,-0.16618907547722764,3.1216768100387076e-07,4.2083716195798345e-16,2.132188250619485e-06,0.09958975909462628
dim 39,39,0.2527349668401933,Charge_T23,0.3510330004890631,1.473123635807032e-28,-0.04418587147990757,0.1765659748052872,8.849339826610588e-28,0.24820301172123707,0.30684712900915556
dim 39,39,0.2527349668401933,Charge_group1_D0,-0.03018924464785712,0.35596375666693686,0.01406516920827358,0.6672045199306512,0.3909631526693749,0.7438127825662133,0.016124075439583538
dim 39,39,0.2527349668401933,Charge_group1_D25,-0.15128399131956213,3.2954995851027524e-06,-0.02834887326267671,0.38605829942834585,5.811493460529669e-06,0.47863204160752604,0.12293511805688542
dim 39,39,0.2527349668401933,Charge_group1_D50,-0.029609304363544992,0.3652837346185838,0.008778116522925278,0.7884309722079248,0.40080409777466164,0.8402550884411195,0.020831187840619714
dim 39,39,0.2527349668401933,Charge_group1_D75,-0.13217793088046323,4.940059572257486e-05,-0.05881411356069577,0.07194255001377188,8.100048586813944e-05,0.11491540748254331,0.07336381731976746
dim 39,39,0.2527349668401933,Charge_group1_D100,0.047707719713296064,0.14449999635814864,-0.024778058992021377,0.44870752574159223,0.16590924298254262,0.5431979470739101,0.022929660721274687
dim 39,39,0.2527349668401933,Charge_group2_D0,-0.06305350329898572,0.05367623788005564,-0.13091351348058988,5.837565131904941e-05,0.06649800983656745,0.00023378258441921466,-0.06786001018160416
dim 39,39,0.2527349668401933,Charge_group2_D25,0.20111635881384976,5.244100048139294e-10,0.07104764199738187,0.029656638685612167,1.1314789509551192e-09,0.054997611758215666,0.1300687168164679
dim 39,39,0.2527349668401933,Charge_group2_D50,0.06027140609160938,0.06516140218930651,0.10139102507030673,0.0018868099051799526,0.07917027403138731,0.005242882764809519,-0.04111961897869735
dim 39,39,0.2527349668401933,Charge_group2_D75,0.10602001444674737,0.0011534294985064443,0.13344223927061166,4.174308419066859e-05,0.001681560246622228,0.00017581576443484624,-0.02742222482386429
dim 39,39,0.2527349668401933,Charge_group2_D100,-0.15236464244614945,2.7981584703052623e-06,0.04091219129607945,0.2108640781067077,4.9501320396290136e-06,0.2887601561608871,0.11145245115006999
dim 39,39,0.2527349668401933,Charge_group3_D0,0.018503052093939095,0.5716118546670111,0.0016386882033701295,0.9600474266843639,0.6086017196645895,0.9710958222670428,0.016864363890568966
dim 39,39,0.2527349668401933,Charge_group3_D25,-0.24049214992627904,8.552804151862341e-14,-0.07408298530923048,0.023341172862229642,2.30002945790823e-13,0.04527265816483566,0.16640916461704858
dim 39,39,0.2527349668401933,Charge_group3_D50,-0.06185020523147895,0.05841802245217998,-0.07676279627870886,0.018769586480914237,0.07157600696635405,0.037651903210963095,-0.014912591047229903
dim 39,39,0.2527349668401933,Charge_group3_D75,-0.0340952050737126,0.29714297980869103,-0.09743814652692684,0.002828820899745893,0.32917331759901425,0.007492673913680636,-0.06334294145321423
dim 39,39,0.2527349668401933,Charge_group3_D100,0.15609899340036568,1.5760369892348198e-06,0.004729215185084466,0.8850495945477899,2.8392467875104088e-06,0.9166095025704242,0.15136977821528122
dim 39,39,0.2527349668401933,SecondaryStructure_C1,0.390650014711191,1.5909895365481603e-35,-0.08341532688733215,0.010636312745414855,1.3218669283758347e-34,0.023526678522970607,0.3072346878238588
dim 39,39,0.2527349668401933,SecondaryStructure_C2,-0.18081030539539597,2.4996567625654216e-08,-0.0016038644564128,0.9608957720376728,4.9843902011752286e-08,0.9713655806918363,0.17920644093898316
dim 39,39,0.2527349668401933,SecondaryStructure_C3,-0.40031609930177864,2.2440358271431067e-37,0.1168203870796276,0.0003391145423780732,2.0094047352970448e-36,0.0011534038406749128,0.28349571222215103
dim 39,39,0.2527349668401933,SecondaryStructure_T12,0.273631128885561,1.4880537403524225e-17,-0.12314209658700367,0.00015758936654703908,5.182585498203432e-17,0.0005690253883968763,0.15048903229855734
dim 39,39,0.2527349668401933,SecondaryStructure_T13,0.26881214288567695,5.662432507577457e-17,0.004404499722249941,0.8928930149977974,1.8874775025258192e-16,0.9218740865819608,0.264407643163427
dim 39,39,0.2527349668401933,SecondaryStructure_T23,-0.3505606479464717,1.7601149122154287e-28,0.11341686611016707,0.0005045357278436758,1.05543694915611e-27,0.0016424457417133305,0.2371437818363046
dim 39,39,0.2527349668401933,SecondaryStructure_group1_D0,-0.11919595707406612,0.0002553673115521397,-0.10772209640427786,0.0009578086022882325,0.0003941436324326001,0.002887256978016874,0.011473860669788255
dim 39,39,0.2527349668401933,SecondaryStructure_group1_D25,0.00824577890736912,0.8009835521263644,-0.04793660547908421,0.1425813952682642,0.8183802582141502,0.2067126364260085,-0.03969082657171509
dim 39,39,0.2527349668401933,SecondaryStructure_group1_D50,0.10896216258148456,0.0008351301462284444,-0.03688537627522946,0.2593389865765552,0.0012336730156581178,0.34280269568663463,0.0720767863062551
dim 39,39,0.2527349668401933,SecondaryStructure_group1_D75,0.179995870738512,2.8933294512630388e-08,0.0428653891391928,0.18986446281338945,5.7556404807734065e-08,0.26356912127877,0.1371304815993192
dim 39,39,0.2527349668401933,SecondaryStructure_group1_D100,0.15455270826032208,2.0022118295024096e-06,-0.0012587772175080632,0.9693047183337323,3.5934376735830458e-06,0.9782185017912669,0.15329393104281402
dim 39,39,0.2527349668401933,SecondaryStructure_group2_D0,-0.10440168471640847,0.0013730063067782779,-0.047201903493165394,0.14880991931530504,0.001991246662891641,0.21359051590593847,0.057199781223243075
dim 39,39,0.2527349668401933,SecondaryStructure_group2_D25,0.08735328241662862,0.007462451190791705,0.05199914310479434,0.11168409983087597,0.010058348255546528,0.16810495422943927,0.03535413931183429
dim 39,39,0.2527349668401933,SecondaryStructure_group2_D50,-0.006297761329790915,0.8473333978893477,0.04226672778495734,0.19613060741619825,0.8599494223489581,0.270916554495493,-0.03596896645516642
dim 39,39,0.2527349668401933,SecondaryStructure_group2_D75,-0.18678168319896407,8.381093238333413e-09,-0.04864096289056379,0.13679962532311096,1.7121010040387522e-08,0.19926330073231166,0.13814072030840027
dim 39,39,0.2527349668401933,SecondaryStructure_group2_D100,-0.0689861151305505,0.03473851278439221,0.008185977307344374,0.8023969567527283,0.044150164649874424,0.8513360341658552,0.060800137823206125
dim 39,39,0.2527349668401933,SecondaryStructure_group3_D0,0.04549178982519953,0.1641084210508239,-0.10919613039021987,0.0008136828944574836,0.18694479069227551,0.0025094190835530886,-0.06370434056502033
dim 39,39,0.2527349668401933,SecondaryStructure_group3_D25,0.032376965222143686,0.3221691026024333,0.006145053687594241,0.8509914360442905,0.3554822605524041,0.8896123306378498,0.026231911534549443
dim 39,39,0.2527349668401933,SecondaryStructure_group3_D50,-0.12090995553081518,0.00020743419100356628,0.01419924681444164,0.6642251879519546,0.000322396555584882,0.741481326122837,0.10671070871637355
dim 39,39,0.2527349668401933,SecondaryStructure_group3_D75,-0.05513262111896715,0.0916678152597455,-0.0055429196366920015,0.8654457575905079,0.10899626307139551,0.9010563685636834,0.04958970148227515
dim 39,39,0.2527349668401933,SecondaryStructure_group3_D100,-0.03676836494603274,0.26085430388323855,0.13122459068042763,5.603453025799246e-05,0.29099979123915054,0.00022603300852861694,-0.09445622573439488
dim 39,39,0.2527349668401933,SolventAccessibility_C1,0.1531587340636132,2.479422824928652e-06,0.1265659275692433,0.00010245588389768228,4.404932040032818e-06,0.0003866696635234563,0.026592806494369903
dim 39,39,0.2527349668401933,SolventAccessibility_C2,0.3410294090109259,5.990315587435494e-27,-0.16189854474974977,6.290588788088359e-07,3.323530575088796e-26,4.025987245525698e-06,0.1791308642611761
dim 39,39,0.2527349668401933,SolventAccessibility_C3,-0.46962059837120784,1.4313692110263644e-52,0.04014104724254114,0.21960079145454095,2.5030225993864174e-51,0.29864277013769003,0.4294795511286667
dim 39,39,0.2527349668401933,SolventAccessibility_T12,0.4355368517676149,1.172956830999579e-44,-0.07560381049420724,0.020640801168470668,1.5184789982707728e-43,0.04074484391412059,0.3599330412734077
dim 39,39,0.2527349668401933,SolventAccessibility_T13,-0.2897294985863152,1.4068045694977786e-19,0.13457213628042938,3.586400381090923e-05,5.463636351305327e-19,0.00015357150349799592,0.1551573623058858
dim 39,39,0.2527349668401933,SolventAccessibility_T23,-0.04918348776730526,0.13247072792147158,-0.06893324094795567,0.03487806336141281,0.15304470123061747,0.06300309985241687,-0.019749753180650406
dim 39,39,0.2527349668401933,SolventAccessibility_group1_D0,-0.015128366214884522,0.6437267501291403,-0.07207685690932501,0.027367878007404364,0.6767539645676199,0.05123806756991624,-0.05694849069444049
dim 39,39,0.2527349668401933,SolventAccessibility_group1_D25,0.1636475642217697,4.737970856359228e-07,-0.03444302526187352,0.29223933508906036,8.92041863598637e-07,0.379883719631443,0.1292045389598962
dim 39,39,0.2527349668401933,SolventAccessibility_group1_D50,0.2181313886900522,1.4822467034187465e-11,0.0025804514797315935,0.9371252971511138,3.523632732682287e-11,0.9554329952639561,0.2155509372103206
dim 39,39,0.2527349668401933,SolventAccessibility_group1_D75,0.21144705881428114,6.238391405884576e-11,0.024196422208186026,0.45943159497190617,1.4350018798660115e-10,0.5537717528712258,0.18725063660609512
dim 39,39,0.2527349668401933,SolventAccessibility_group1_D100,-0.008606364939475229,0.792475074420159,0.022302592996585907,0.4953236580009168,0.8106789428984168,0.5895274858137083,-0.013696228057110679
dim 39,39,0.2527349668401933,SolventAccessibility_group2_D0,-0.025425470381324224,0.43693932765299826,-0.07128456435861347,0.02911569808739277,0.4739777052163086,0.05411598865436386,-0.04585909397728924
dim 39,39,0.2527349668401933,SolventAccessibility_group2_D25,-0.40063372555005805,1.946128043783408e-37,-0.037413583011558206,0.25257443248879535,1.761535952909643e-36,0.33596121247016186,0.3632201425384998
dim 39,39,0.2527349668401933,SolventAccessibility_group2_D50,-0.23710555595521843,1.933331200964183e-13,-0.07548143892832286,0.020847545720313145,5.036915921388746e-13,0.041080119590469553,0.16162411702689555
dim 39,39,0.2527349668401933,SolventAccessibility_group2_D75,-0.2664893678345328,1.0680585610159006e-16,-0.08976000577100383,0.005969015635622957,3.497368229208929e-16,0.014270946473142932,0.17672936206352896
dim 39,39,0.2527349668401933,SolventAccessibility_group2_D100,0.20969273824209306,9.026037403026798e-11,0.01868461398463236,0.56784310327411,2.0494197774377637e-10,0.6568436137151378,0.1910081242574607
dim 39,39,0.2527349668401933,SolventAccessibility_group3_D0,-0.229405723726402,1.178714488994307e-12,-0.1070021846603807,0.0010364690893255443,2.924893308499989e-12,0.003115937676280214,0.1224035390660213
dim 39,39,0.2527349668401933,SolventAccessibility_group3_D25,0.04470638061453824,0.1715188793104661,0.050662353172875554,0.1212080496299561,0.1951202509867019,0.18016683834626318,-0.005955972558337318
dim 39,39,0.2527349668401933,SolventAccessibility_group3_D50,-0.060665027921058004,0.0634228974159654,0.037394056877746704,0.2528222906090452,0.07717030140958997,0.33615702652635787,0.0232709710433113
dim 39,39,0.2527349668401933,SolventAccessibility_group3_D75,0.11353771172424841,0.000497559159181335,0.10752313754594814,0.000978976722285257,0.0007512873380043666,0.0029484059985867977,0.006014574178300272
dim 39,39,0.2527349668401933,SolventAccessibility_group3_D100,-0.16223184271485752,5.961201700345399e-07,0.019829968173036255,0.5443462949921132,1.112935364961075e-06,0.6357051137320483,0.14240187454182127
dim 25,25,0.2484475450897101,AAC_A,-0.016593302126416434,0.6119545467876117,0.21651104923761885,2.1091302091321855e-11,0.6461992368860648,3.3545213802388096e-10,-0.19991774711120242
dim 25,25,0.2484475450897101,AAC_C,-0.09158932869929838,0.005019997488077684,-0.03201364033181489,0.3276318999567588,0.006928426285198125,0.4178276234652823,0.05957568836748349
dim 25,25,0.2484475450897101,AAC_D,0.23815090157608976,1.5050728993039195e-13,0.07008809105558672,0.0319366147249563,3.9427007715098755e-13,0.05854461755288367,0.16806281052050304
dim 25,25,0.2484475450897101,AAC_E,0.28628721483281716,3.9110129669598895e-19,-0.25186407162871505,5.041127838605542e-15,1.4911853093203233e-18,2.0285984314388564e-13,0.034423143204102113
dim 25,25,0.2484475450897101,AAC_F,0.07150314022354057,0.028624186582148353,-0.11903337163424868,0.00026041627836232193,0.036813547625866576,0.0009032091066772121,-0.04753023141070811
dim 25,25,0.2484475450897101,AAC_G,-0.06931003693110259,0.03389393927263748,0.18620124526638135,9.335092293869156e-09,0.04320830426359129,8.495697073984463e-08,-0.11689120833527876
dim 25,25,0.2484475450897101,AAC_H,0.3912055327654263,1.2501627902721539e-35,0.07251650029958058,0.02643757854899989,1.0438859298772484e-34,0.04987974338219936,0.31868903246584573
dim 25,25,0.2484475450897101,AAC_I,0.12617356878714217,0.00010769770122964791,-0.1905407976458277,4.1351663305998845e-09,0.000171699437759916,4.06219280711871e-08,-0.06436722885868554
dim 25,25,0.2484475450897101,AAC_K,0.2735477535150338,1.5232087710280196e-17,-0.11451579318253499,0.00044431037690857207,5.299497182534985e-17,0.0014649522792444527,0.1590319603324988
dim 25,25,0.2484475450897101,AAC_L,0.19624445858986642,1.377257008604012e-09,-0.16452194395195016,4.1073583269109763e-07,2.9132605501820138e-09,2.7382388846073175e-06,0.031722514637916255
dim 25,25,0.2484475450897101,AAC_M,0.1235311878313754,0.00015014679889259448,-0.1827231708069974,1.768301147610374e-08,0.00023644050367810728,1.530084412699132e-07,-0.059191982975622004
dim 25,25,0.2484475450897101,AAC_N,-0.005409586195986726,0.8686527110408624,-0.0055590580334330736,0.8650577437007136,0.8783833045342054,0.9009332285501663,-0.0001494718374463475
dim 25,25,0.2484475450897101,AAC_P,-0.42623508601797017,1.1945148418705228e-42,-0.040284658635604036,0.21795438458836283,1.4351365366358077e-41,0.2974939291071238,0.3859504273823661
dim 25,25,0.2484475450897101,AAC_Q,0.06951933103381898,0.033357611580277134,-0.020953856633945597,0.5217687943133078,0.04260589777366181,0.6157977996489216,0.04856547439987338
dim 25,25,0.2484475450897101,AAC_R,-0.131103567364017,5.693457955605698e-05,-0.04540069965942757,0.16495531658294177,9.294305753530319e-05,0.23375085167035448,0.08570286770458942
dim 25,25,0.2484475450897101,AAC_S,-0.4090143727057169,4.291135848265138e-39,0.010120741142645728,0.757021164042661,4.2403531755046036e-38,0.8148406986472728,0.39889363156307117
dim 25,25,0.2484475450897101,AAC_T,-0.3607632521242076,3.518555054593401e-30,0.15815437297087775,1.1424464620082044e-06,2.3179435665368758e-29,6.9126289549047145e-06,0.20260887915332987
dim 25,25,0.2484475450897101,AAC_V,0.1118273245954408,0.0006051905914730557,0.15680268469620254,1.4123057729232405e-06,0.0009056167453046621,8.39341865046908e-06,-0.04497536010076174
dim 25,25,0.2484475450897101,AAC_W,-0.08748309652273716,0.007374069421553888,0.05030813525281373,0.12383510612329537,0.009955291781725944,0.1832650542910315,0.03717496126992342
dim 25,25,0.2484475450897101,AAC_Y,0.0483840584675383,0.13888715560637824,-0.01916515689964671,0.5579259857863733,0.15995968956044943,0.6466204029788593,0.02921890156789159
dim 25,25,0.2484475450897101,Hydrophobicity_C1,0.32299697787493853,3.413499541609544e-24,-0.18703224228224566,7.999167589756804e-09,1.6380874237034304e-23,7.380447444692741e-08,0.13596473559269287
dim 25,25,0.2484475450897101,Hydrophobicity_C2,-0.33715690403022125,2.4256176918152475e-26,0.24330646829143665,4.301323226990513e-14,1.2941794074541415e-25,1.4366419578148314e-12,0.0938504357387846
dim 25,25,0.2484475450897101,Hydrophobicity_C3,0.2702037417681238,3.860117735423103e-17,-0.23278802923389447,5.370069349301641e-13,1.3075855209242561e-16,1.3285949353087023e-11,0.03741571253422932
dim 25,25,0.2484475450897101,Hydrophobicity_T12,0.1368547378352826,2.629518420118981e-05,0.090153516755971,0.005752213227448473,4.393492507852625e-05,0.013818905155328944,0.0467012210793116
dim 25,25,0.2484475450897101,Hydrophobicity_T13,0.32560594144841404,1.3990219068191894e-24,-0.2045002290224364,2.6432175738287184e-10,6.821508275585536e-24,3.2457156972749702e-09,0.12110571242597765
dim 25,25,0.2484475450897101,Hydrophobicity_T23,-0.12799417901112836,8.533512627549596e-05,0.07841808253432565,0.016354491411398518,0.00013749123095038905,0.03373934608651702,0.04957609647680271
dim 25,25,0.2484475450897101,Hydrophobicity_group1_D0,-0.02304972374063027,0.48098802385653694,-0.06557031772762564,0.04479037432022729,0.5182258063486559,0.07775459991141327,-0.04252059398699537
dim 25,25,0.2484475450897101,Hydrophobicity_group1_D25,-0.39829854644581336,5.525696465473881e-37,-0.03917546186822777,0.23090225901781455,4.816807043916386e-36,0.3105974809180429,0.35912308457758557
dim 25,25,0.2484475450897101,Hydrophobicity_group1_D50,-0.24011972597198952,9.361101117612166e-14,-0.08267384948540768,0.011353014512811394,2.50931602992172e-13,0.02466896337280009,0.15744587648658184
dim 25,25,0.2484475450897101,Hydrophobicity_group1_D75,-0.2682597320444343,6.588546112696612e-17,-0.09488358472054045,0.00364780572276085,2.1831095254371714e-16,0.009336146447525853,0.17337614732389386
dim 25,25,0.2484475450897101,Hydrophobicity_group1_D100,0.20389144858830766,2.992559569068912e-10,0.01135539906769179,0.728485286487516,6.584419605197737e-10,0.7943652813804452,0.19253604952061587
dim 25,25,0.2484475450897101,Hydrophobicity_group2_D0,0.10322027710566489,0.0015569358402358186,-0.10022007721708896,0.0021304113204566916,0.0022443529160067477,0.005837222157773052,0.00300019988857593
dim 25,25,0.2484475450897101,Hydrophobicity_group2_D25,0.34478210810625276,1.5157029182733602e-27,0.003800748935882098,0.9075037252554542,8.594987685964385e-27,0.9336046948741179,0.34098135917037065
dim 25,25,0.2484475450897101,Hydrophobicity_group2_D50,0.1910526587075884,3.7517427833917835e-09,0.04307529705982625,0.187702613257643,7.82687126578923e-09,0.26100196847648943,0.14797736164776215
dim 25,25,0.2484475450897101,Hydrophobicity_group2_D75,0.2870342032128673,3.1365248861920767e-19,0.17982252197860868,2.984557325802576e-08,1.199999211899374e-18,2.4552762236898037e-07,0.10721168123425864
dim 25,25,0.2484475450897101,Hydrophobicity_group2_D100,-0.04345527029041686,0.18383548689799192,0.1407374086679339,1.5334833062925703e-05,0.20835104385452766,7.224025730630726e-05,-0.09728213837751705
dim 25,25,0.2484475450897101,Hydrophobicity_group3_D0,-0.3109858784484663,1.8542572868842717e-22,-0.09013395186165421,0.005762822591406714,8.235664013555143e-22,0.013827462252369558,0.2208519265868121
dim 25,25,0.2484475450897101,Hydrophobicity_group3_D25,-0.2839863039229814,7.685871011965488e-19,0.03248627580594,0.32053723541757057,2.9006564045157887e-18,0.4111709456966378,0.2515000281170414
dim 25,25,0.2484475450897101,Hydrophobicity_group3_D50,-0.151720859843701,3.0850187889955137e-06,-0.005767089792272364,0.8600589966480051,5.448949103778432e-06,0.8970394414568854,0.14595377005142865
dim 25,25,0.2484475450897101,Hydrophobicity_group3_D75,-0.08338237348357079,0.010667291247589633,-0.07908538578915687,0.015460784501008986,0.014194722217908119,0.032093859685127415,0.004296987694413917
dim 25,25,0.2484475450897101,Hydrophobicity_group3_D100,-0.07378969803661099,0.023895760213327087,-0.06225868936675497,0.05677080955880282,0.030958820447056817,0.09410149078233321,0.01153100866985602
dim 25,25,0.2484475450897101,NormVanDerWaalsVolume_C1,-0.3408486237413893,6.3972957919029256e-27,0.22544830767077506,2.9112860690853577e-12,3.520093565890572e-26,6.002281154780923e-11,0.11540031607061424
dim 25,25,0.2484475450897101,NormVanDerWaalsVolume_C2,0.3119542564849871,1.3527319043932841e-22,-0.21588880095400817,2.413283097093801e-11,6.048359518973988e-22,3.7144541678770945e-10,0.09606545553097892
dim 25,25,0.2484475450897101,NormVanDerWaalsVolume_C3,0.2740179219426841,1.3351427063608895e-17,-0.15031573603902948,3.8120973519130305e-06,4.6646199155286304e-17,2.0470104751430097e-05,0.12370218590365462
dim 25,25,0.2484475450897101,NormVanDerWaalsVolume_T12,-0.1598168846055261,8.780190811752762e-07,0.02941043753474877,0.3685143544616459,1.6121955641151304e-06,0.4630692038758078,0.1304064470707773
dim 25,25,0.2484475450897101,NormVanDerWaalsVolume_T13,0.0578823334570213,0.07657327720920522,0.061377384203637225,0.06037396702805534,0.0920974958151766,0.09895396851443321,-0.0034950507466159283
dim 25,25,0.2484475450897101,NormVanDerWaalsVolume_T23,0.2540258764017363,2.8954056021925658e-15,-0.23793181269112554,1.586326740940187e-13,8.490478236455811e-15,4.567526995465711e-12,0.016094063710610756
dim 25,25,0.2484475450897101,NormVanDerWaalsVolume_group1_D0,0.1035006523907058,0.0015113426200450654,-0.09934535585701766,0.0023308170782406308,0.0021814539113874324,0.006313811063522877,0.004155296533688138
dim 25,25,0.2484475450897101,NormVanDerWaalsVolume_group1_D25,0.25043715772423325,7.248304507530824e-15,-0.06670441473745177,0.04121099633088209,2.0852142166367745e-14,0.07236841626979296,0.1837327429867815
dim 25,25,0.2484475450897101,NormVanDerWaalsVolume_group1_D50,0.137730535401451,2.3312719087165416e-05,0.049619262257557736,0.12907094775633768,3.9127880276951e-05,0.1894931716510628,0.08811127314389326
dim 25,25,0.2484475450897101,NormVanDerWaalsVolume_group1_D75,0.2612357151630352,4.385593726850678e-16,0.15932131059563692,9.499649377819521e-07,1.3779758276275883e-15,5.821803471911413e-06,0.10191440456739825
dim 25,25,0.2484475450897101,NormVanDerWaalsVolume_group1_D100,-0.059615191367300056,0.06814682329358863,0.108102058621711,0.0009185541503955655,0.08249742290706272,0.0027789591144213666,-0.04848686725441095
dim 25,25,0.2484475450897101,NormVanDerWaalsVolume_group2_D0,-0.0729974952936082,0.02545114846338533,-0.06958209652197793,0.03319819136710807,0.03285923303738191,0.06052508688108131,0.0034153987716302736
dim 25,25,0.2484475450897101,NormVanDerWaalsVolume_group2_D25,-0.2991359754004358,8.003337312824774e-21,-0.03131037206739687,0.3383754297089743,3.3206393322776076e-20,0.4297239297444768,0.26782560333303895
dim 25,25,0.2484475450897101,NormVanDerWaalsVolume_group2_D50,-0.09277068822453359,0.004481836272300399,-0.028794658421730093,0.37862987568950857,0.006224254947810117,0.4720389245745249,0.0639760298028035
dim 25,25,0.2484475450897101,NormVanDerWaalsVolume_group2_D75,-0.07344996876778846,0.024552397231090806,-0.09480779714376025,0.0036750996705061587,0.03177257138777346,0.009384428822240496,-0.02135782837597179
dim 25,25,0.2484475450897101,NormVanDerWaalsVolume_group2_D100,0.11933712739549378,0.00025105785850460156,0.013696416139780123,0.6754255041809779,0.00038838964678340396,0.7514727461573838,0.10564071125571366
dim 25,25,0.2484475450897101,NormVanDerWaalsVolume_group3_D0,-0.1585578769455418,1.0719990652257262e-06,-0.029291898110359302,0.3704484619236875,1.94908920950132e-06,0.46414996704074146,0.12926597883518248
dim 25,25,0.2484475450897101,NormVanDerWaalsVolume_group3_D25,-0.052482074984186625,0.10839211014471554,0.13235367174856216,4.826182348409455e-05,0.12702794662573683,0.00019900554374922938,-0.07987159676437554
dim 25,25,0.2484475450897101,NormVanDerWaalsVolume_group3_D50,-0.09906872307886681,0.002397695533087866,-0.015489028716934375,0.6358409953878104,0.0034034437231251474,0.7181003667831432,0.08357969436193244
dim 25,25,0.2484475450897101,NormVanDerWaalsVolume_group3_D75,-0.1360296276787605,2.9433675342183493e-05,-0.08765376067134133,0.007259302419458568,4.890968937457356e-05,0.016884449917125084,0.04837586700741918
dim 25,25,0.2484475450897101,NormVanDerWaalsVolume_group3_D100,0.08849154703402268,0.0067187997840282695,-0.011363130192693261,0.7283077331261731,0.009118566143297204,0.7943652813804452,0.07712841684132941
dim 25,25,0.2484475450897101,Polarity_C1,0.2757349829722917,8.233181538323263e-18,-0.23072495035373028,8.687166460686377e-13,2.919196001910796e-17,2.087419854582194e-11,0.04501003261856143
dim 25,25,0.2484475450897101,Polarity_C2,-0.3688314369769696,1.4396657871930127e-31,0.2141152765369912,3.534946802500574e-11,1.0080678677619838e-30,5.17838698261049e-10,0.15471616043997838
dim 25,25,0.2484475450897101,Polarity_C3,0.37974904984415786,1.644518928274784e-33,-0.15499254347993663,1.870881860461952e-06,1.2370930676661664e-32,1.0886316052165366e-05,0.22475650636422123
dim 25,25,0.2484475450897101,Polarity_T12,-0.2388955022886104,1.258284931642057e-13,0.10190524695607917,0.001788133320757278,3.311798007631576e-13,0.005018794362461604,0.13699025533253123
dim 25,25,0.2484475450897101,Polarity_T13,0.3848837737648004,1.8909338960156897e-34,-0.15622377443415106,1.5457327098701614e-06,1.4721956206742199e-33,9.057451317484805e-06,0.22865999933064932
dim 25,25,0.2484475450897101,Polarity_T23,-0.0029196392006211594,0.928881339884151,0.07712774008876894,0.018211884287369806,0.934195626381531,0.03684293974549676,-0.07420810088814778
dim 25,25,0.2484475450897101,Polarity_group1_D0,-0.23567293173734344,2.719580640622828e-13,-0.07948291862060426,0.014949022957784488,7.01420798430907e-13,0.03120608542437512,0.1561900131167392
dim 25,25,0.2484475450897101,Polarity_group1_D25,-0.20580813324538122,2.021838603732968e-10,0.06311048554650316,0.05345988947587164,4.5049639336011435e-10,0.08990736699366127,0.14269764769887805
dim 25,25,0.2484475450897101,Polarity_group1_D50,-0.14861529834198112,4.912229816903176e-06,-0.033382336741276136,0.3073638896874546,8.58547754497991e-06,0.39575766829456377,0.11523296160070498
dim 25,25,0.2484475450897101,Polarity_group1_D75,-0.16526660096892745,3.634777782489427e-07,-0.10914720982310595,0.0008181246785704688,6.894150490556719e-07,0.0025164760806319344,0.0561193911458215
dim 25,25,0.2484475450897101,Polarity_group1_D100,0.02556118505221024,0.43449509268182834,0.02343534649007037,0.4736780672186623,0.47163263229031743,0.569095231838249,0.002125838562139871
dim 25,25,0.2484475450897101,Polarity_group2_D0,0.10935323917285644,0.0007995686973210998,-0.0990035741666998,0.0024136988979693123,0.0011827101191552141,0.006506662081692901,0.010349665006156639
dim 25,25,0.2484475450897101,Polarity_group2_D25,0.3250667733989797,1.683411030510914e-24,-0.03374389230556528,0.3021513100006713,8.196199477997745e-24,0.3902674348810609,0.2913228810934144
dim 25,25,0.2484475450897101,Polarity_group2_D50,0.26397342186934925,2.1089849395174069e-16,0.10161614641122017,0.0018430113429435697,6.779605099122366e-16,0.005142571332858416,0.16235727545812906
dim 25,25,0.2484475450897101,Polarity_group2_D75,0.3297823029407873,3.294638407443202e-25,0.22254662664422228,5.5894028305897825e-12,1.65475071892636e-24,1.0487980592230266e-10,0.10723567629656502
dim 25,25,0.2484475450897101,Polarity_group2_D100,-0.005573900525180853,0.8647009157959128,0.1303809815346104,6.259946710413734e-05,0.8749170126502117,0.00024802161343750735,-0.12480708100942954
dim 25,25,0.2484475450897101,Polarity_group3_D0,-0.06162044817306969,0.059361806302964414,-0.06589508174898875,0.04373956997876655,0.07259920653676351,0.07636704847312091,-0.004274633575919062
dim 25,25,0.2484475450897101,Polarity_group3_D25,-0.4398697742530314,1.2953812574360344e-45,-0.02909098250314463,0.37374097464623685,1.730629359934542e-44,0.46787663242819755,0.4107787917498868
dim 25,25,0.2484475450897101,Polarity_group3_D50,-0.2967485501095761,1.6735960560429983e-20,-0.09305438482949904,0.004360630957226624,6.78375100386361e-20,0.010844756066371499,0.20369416528007708
dim 25,25,0.2484475450897101,Polarity_group3_D75,-0.25517272810046704,2.1529240217106918e-15,-0.08179419557317687,0.012258538803749764,6.346660399394272e-15,0.026313315941210932,0.17337853252729019
dim 25,25,0.2484475450897101,Polarity_group3_D100,0.1780112507012882,4.120653856666616e-08,0.007776600121101857,0.8120896528514776,8.143777444536388e-08,0.8583479242164351,0.17023465058018636
dim 25,25,0.2484475450897101,Polarizability_C1,-0.26530305814167193,1.4733642978557224e-16,0.26270493160431896,2.963849324958394e-16,4.777705587221469e-16,1.5713105945017518e-14,0.002598126537352974
dim 25,25,0.2484475450897101,Polarizability_C2,0.16129586469505308,6.931175814621357e-07,-0.25697677098365734,1.3468134101292754e-15,1.2839782152432242e-06,6.519357666422869e-14,-0.09568090628860426
dim 25,25,0.2484475450897101,Polarizability_C3,0.2740179219426841,1.3351427063608895e-17,-0.15031573603902948,3.8120973519130305e-06,4.6646199155286304e-17,2.0470104751430097e-05,0.12370218590365462
dim 25,25,0.2484475450897101,Polarizability_T12,-0.34031182526296244,7.774062955868742e-27,0.10882474132625332,0.0008479700626808609,4.256618077475672e-26,0.002600752992978949,0.23148708393670914
dim 25,25,0.2484475450897101,Polarizability_T13,0.11186342657354745,0.000602710920529833,0.11747331694921678,0.00031384520509931523,0.0009023103875256128,0.0010729201484459701,-0.005609890375669335
dim 25,25,0.2484475450897101,Polarizability_T23,0.2195126626227324,1.0949214870527688e-11,-0.26676188031327364,9.917483669607133e-17,2.6177793605986025e-11,5.43022876335866e-15,-0.047249217690541245
dim 25,25,0.2484475450897101,Polarizability_group1_D0,0.07865670221147361,0.016029838577055106,-0.10144298353733576,0.0018766172130328571,0.021086908565326527,0.005218902157809944,-0.02278628132586215
dim 25,25,0.2484475450897101,Polarizability_group1_D25,0.2532380411514028,3.545972705281998e-15,-0.06586147016199059,0.04384735019164228,1.0370883393731938e-14,0.07651522969701421,0.1873765709894122
dim 25,25,0.2484475450897101,Polarizability_group1_D50,0.2751163180117218,9.803679457924846e-18,0.07455220045118534,0.02247711305601265,3.468674723460698e-17,0.04377466915864854,0.2005641175605365
dim 25,25,0.2484475450897101,Polarizability_group1_D75,0.29897624134171064,8.41008813783545e-21,0.17741473207435302,4.5791928120925766e-08,3.485073744462829e-20,3.641548569616478e-07,0.12156150926735762
dim 25,25,0.2484475450897101,Polarizability_group1_D100,0.010104330936627569,0.7574027780606741,0.09628923994129629,0.003173823229206248,0.7780955401030529,0.008288170121617566,-0.08618490900466871
dim 25,25,0.2484475450897101,Polarizability_group2_D0,-0.0012901431889293564,0.9685402501754851,-0.1012445914808968,0.0019158095517510633,0.9699923345085817,0.0053146211817679005,-0.09995444829196745
dim 25,25,0.2484475450897101,Polarizability_group2_D25,-0.24624975333547822,2.0766107616718853e-14,-0.04253825096594365,0.19327009647126794,5.784720553781566e-14,0.2677404073886499,0.20371150236953456
dim 25,25,0.2484475450897101,Polarizability_group2_D50,-0.3030441830800081,2.35665133679536e-21,-0.07967267651687414,0.014710036463653566,9.976191970718e-21,0.030745633159325977,0.22337150656313393
dim 25,25,0.2484475450897101,Polarizability_group2_D75,-0.1760286669875336,5.843391189056318e-08,-0.12589014126350773,0.0001116402837649354,1.1487302278662805e-07,0.00041662407572612767,0.050138525724025884
dim 25,25,0.2484475450897101,Polarizability_group2_D100,-0.04058623411957439,0.21452590150121903,0.027784682974925,0.3955861593862464,0.24133260727991632,0.487947058357665,0.012801551144649391
dim 25,25,0.2484475450897101,Polarizability_group3_D0,-0.1585578769455418,1.0719990652257262e-06,-0.029291898110359302,0.3704484619236875,1.94908920950132e-06,0.46414996704074146,0.12926597883518248
dim 25,25,0.2484475450897101,Polarizability_group3_D25,-0.052482074984186625,0.10839211014471554,0.13235367174856216,4.826182348409455e-05,0.12702794662573683,0.00019900554374922938,-0.07987159676437554
dim 25,25,0.2484475450897101,Polarizability_group3_D50,-0.09906872307886681,0.002397695533087866,-0.015489028716934375,0.6358409953878104,0.0034034437231251474,0.7181003667831432,0.08357969436193244
dim 25,25,0.2484475450897101,Polarizability_group3_D75,-0.1360296276787605,2.9433675342183493e-05,-0.08765376067134133,0.007259302419458568,4.890968937457356e-05,0.016884449917125084,0.04837586700741918
dim 25,25,0.2484475450897101,Polarizability_group3_D100,0.08849154703402268,0.0067187997840282695,-0.011363130192693261,0.7283077331261731,0.009118566143297204,0.7943652813804452,0.07712841684132941
dim 25,25,0.2484475450897101,Charge_C1,0.205453207675986,2.1747368416826821e-10,-0.16699577012079736,2.73082700092907e-07,4.835966079374273e-10,1.912151401069831e-06,0.03845743755518863
dim 25,25,0.2484475450897101,Charge_C2,-0.3186370281384106,1.486404351721235e-23,0.18430428167449525,1.3246262449440709e-08,6.972739515096805e-23,1.1673487224573079e-07,0.13433274646391535
dim 25,25,0.2484475450897101,Charge_C3,0.3258782534378786,1.274011713740899e-24,-0.1351747658276781,3.305848830233203e-05,6.221051350723103e-24,0.00014247142055456643,0.19070348761020048
dim 25,25,0.2484475450897101,Charge_T12,0.1336327004850862,4.0691945708682494e-05,-0.16374822627779764,4.660879801977009e-07,6.698427731246896e-05,3.0765491183010298e-06,-0.030115525792711456
dim 25,25,0.2484475450897101,Charge_T13,0.24936230079829452,9.514416811354058e-15,-0.1880097107160923,6.664368443554456e-09,2.716081380335261e-14,6.252525449851652e-08,0.06135259008220223
dim 25,25,0.2484475450897101,Charge_T23,0.33345156455676705,9.077039818615284e-26,-0.07056630527788887,0.030782242646093035,4.70035860374807e-25,0.05686542612718514,0.2628852592788782
dim 25,25,0.2484475450897101,Charge_group1_D0,-0.022934133151109933,0.4831910743982203,0.025711498351918174,0.43179715994034823,0.5202637616022101,0.5265434516979786,-0.002777365200808242
dim 25,25,0.2484475450897101,Charge_group1_D25,-0.14285003487413167,1.1366533813638062e-05,-0.015282476749923633,0.6403522098407545,1.9339899611589977e-05,0.7198843422645977,0.12756755812420803
dim 25,25,0.2484475450897101,Charge_group1_D50,-0.03244450962233342,0.32116011326632404,0.0031459625777520094,0.9233847312139576,0.35448604702892345,0.9454644396856585,0.02929854704458141
dim 25,25,0.2484475450897101,Charge_group1_D75,-0.13431141363640253,3.7146472699222124e-05,-0.06302399126980464,0.053788574807159616,6.126875003229724e-05,0.09025742809070568,0.0712874223665979
dim 25,25,0.2484475450897101,Charge_group1_D100,0.046151908804556795,0.1580685481840334,-0.02598687434694434,0.4268797340481974,0.18049536784091336,0.521117803991586,0.020165034457612453
dim 25,25,0.2484475450897101,Charge_group2_D0,-0.06369408311396124,0.05128567284256051,-0.129326078699777,7.183361578261998e-05,0.06379670290284994,0.0002796320241421337,-0.06563199558581576
dim 25,25,0.2484475450897101,Charge_group2_D25,0.1984014259291413,9.008814505333489e-10,0.06759291474567791,0.03857854711565138,1.9238772664842618e-09,0.06846564684711776,0.1308085111834634
dim 25,25,0.2484475450897101,Charge_group2_D50,0.0663385207186537,0.042338410507283965,0.10996613047630692,0.000746649032252683,0.05338251834440485,0.0023241451702926013,-0.043627609757653216
dim 25,25,0.2484475450897101,Charge_group2_D75,0.11101896407828336,0.0006632573563474876,0.14001509447634716,1.697147905254374e-05,0.0009916202194273091,7.872880560485569e-05,-0.0289961303980638
dim 25,25,0.2484475450897101,Charge_group2_D100,-0.14388247411091876,9.803887046903234e-06,0.05219280056663491,0.11035466383055498,1.6749351783456164e-05,0.16619932566137496,0.09168967354428384
dim 25,25,0.2484475450897101,Charge_group3_D0,0.017423248148750774,0.5942675266921935,2.930346600295557e-05,0.9992852590270292,0.6295126987478358,0.9992852590270292,0.017393944682747818
dim 25,25,0.2484475450897101,Charge_group3_D25,-0.24451025906176704,3.197138017555083e-14,-0.0831709206943476,0.010867984638741198,8.781612646902941e-14,0.02389668775075418,0.16133933836741943
dim 25,25,0.2484475450897101,Charge_group3_D50,-0.06629846903462544,0.04246338712575078,-0.08327105810265908,0.01077252862142378,0.053519891698116086,0.02374933702676926,-0.016972589068033644
dim 25,25,0.2484475450897101,Charge_group3_D75,-0.03868144403569336,0.23684133215566908,-0.1031447711119265,0.0015694285583503042,0.26527499979877084,0.004480249046914544,-0.06446332707623315
dim 25,25,0.2484475450897101,Charge_group3_D100,0.14480868345330694,8.578277731372685e-06,-0.012653960680152407,0.6988732262846037,1.473082139988934e-05,0.7706294406703784,0.13215472277315454
dim 25,25,0.2484475450897101,SecondaryStructure_C1,0.36740994294428,2.5451190197602623e-31,-0.12066387112917465,0.00021375464970941515,1.7636301921160324e-30,0.0007562929343532274,0.24674607181510533
dim 25,25,0.2484475450897101,SecondaryStructure_C2,-0.15722978596570775,1.3210315204210647e-06,0.03713959690054091,0.2560677937951388,2.391460855396399e-06,0.3395261735910137,0.12009018906516683
dim 25,25,0.2484475450897101,SecondaryStructure_C3,-0.38560816371559314,1.3893181726048632e-34,0.13614988118136112,2.8955108013323956e-05,1.0892776282864419e-33,0.00012658384916819636,0.24945828253423202
dim 25,25,0.2484475450897101,SecondaryStructure_T12,0.26469151906525173,1.7380384466511342e-16,-0.1316694182611813,5.284063744303499e-05,5.619601560324093e-16,0.0002152289378777279,0.13302210080407043
dim 25,25,0.2484475450897101,SecondaryStructure_T13,0.24952823262058135,9.123886321189407e-15,-0.026274848172881088,0.42177237499673714,2.6090565336277925e-14,0.516203639607586,0.22325338444770026
dim 25,25,0.2484475450897101,SecondaryStructure_T23,-0.3274549890494338,7.395737521446293e-25,0.14949743040742833,4.308300148605295e-06,3.648709500979412e-24,2.2625349837015227e-05,0.1779575586420055
dim 25,25,0.2484475450897101,SecondaryStructure_group1_D0,-0.11892118518576872,0.0002639544645118576,-0.10613291592933355,0.0011393907647960296,0.0004064582348868623,0.0033947949637990536,0.01278826925643517
dim 25,25,0.2484475450897101,SecondaryStructure_group1_D25,0.014677046233561135,0.6536513127380237,-0.035325439111414975,0.2800435496116546,0.6854616591978019,0.36608432708529415,-0.02064839287785384
dim 25,25,0.2484475450897101,SecondaryStructure_group1_D50,0.10638577827374741,0.001108518832482332,-0.03854121757571737,0.23854660451430099,0.0016189125056803623,0.3199781763364519,0.06784456069803005
dim 25,25,0.2484475450897101,SecondaryStructure_group1_D75,0.18122957657920583,2.3177605038662125e-08,0.046806158789241124,0.15224974058494692,4.635521007732425e-08,0.2177790721857485,0.1344234177899647
dim 25,25,0.2484475450897101,SecondaryStructure_group1_D100,0.14810947360525356,5.294202769015825e-06,-0.009983404568680868,0.7602166966045798,9.185785583643043e-06,0.8174899441916601,0.1381260690365727
dim 25,25,0.2484475450897101,SecondaryStructure_group2_D0,-0.11036276268682768,0.0007141531463828281,-0.057908175459636516,0.07644165359799197,0.0010639034384115282,0.12060232546872611,0.052454587227191166
dim 25,25,0.2484475450897101,SecondaryStructure_group2_D25,0.08608525501957523,0.00837694234315373,0.049754454259087574,0.12803009064002752,0.011236541134993356,0.18837907609589952,0.036330800760487655
dim 25,25,0.2484475450897101,SecondaryStructure_group2_D50,-0.004482616232982505,0.891005144959295,0.044098144455258344,0.1774273885450391,0.8993524279734195,0.24909940216075266,-0.03961552822227584
dim 25,25,0.2484475450897101,SecondaryStructure_group2_D75,-0.18926919520216565,5.259883964989833e-09,-0.054741414914648304,0.0939972917590277,1.0884766073770782e-08,0.14501198821023212,0.13452778028751733
dim 25,25,0.2484475450897101,SecondaryStructure_group2_D100,-0.061399849306809764,0.060279823318251345,0.01997360128123368,0.5414340841548837,0.07358721121453198,0.6331897202651652,0.04142624802557608
dim 25,25,0.2484475450897101,SecondaryStructure_group3_D0,0.03673074564632355,0.26134277667956446,-0.12059828913453342,0.00021546928377862577,0.2914473703204492,0.0007615528125085821,-0.08386754348820988
dim 25,25,0.2484475450897101,SecondaryStructure_group3_D25,0.021133030949319145,0.5182143691458377,-0.012925419497497427,0.6927385780407322,0.5563600105905169,0.7653810289963764,0.008207611451821717
dim 25,25,0.2484475450897101,SecondaryStructure_group3_D50,-0.11964851522192875,0.0002417918436049362,0.014003796373676427,0.6685700359843869,0.0003745754905568121,0.7450863931224065,0.10564471884825233
dim 25,25,0.2484475450897101,SecondaryStructure_group3_D75,-0.056350294465380375,0.08471224334004056,-0.008392861376905768,0.7975100483320127,0.10112183443736078,0.8477668877876902,0.04795743308847461
dim 25,25,0.2484475450897101,SecondaryStructure_group3_D100,-0.035062685250182635,0.2836383988745566,0.12986026888172972,6.700762134002482e-05,0.31525865299201966,0.0002629911342839987,-0.09479758363154708
dim 25,25,0.2484475450897101,SolventAccessibility_C1,0.1607991496944997,7.505876620605402e-07,0.1387342512091302,2.029009790005019e-05,1.3881300062470678e-06,9.157963106238869e-05,0.022064898485369522
dim 25,25,0.2484475450897101,SolventAccessibility_C2,0.32299697787493853,3.413499541609544e-24,-0.18703224228224566,7.999167589756804e-09,1.6380874237034304e-23,7.380447444692741e-08,0.13596473559269287
dim 25,25,0.2484475450897101,SolventAccessibility_C3,-0.458099027978763,8.545354946844026e-50,0.054190134093386313,0.09736013218696896,1.3399758461248378e-48,0.14901475849260923,0.4039088938853767
dim 25,25,0.2484475450897101,SolventAccessibility_T12,0.42544545281522933,1.7570151494857338e-42,-0.08603439554619156,0.008415624853872442,2.0958680711722683e-41,0.01909410613358837,0.33941105726903775
dim 25,25,0.2484475450897101,SolventAccessibility_T13,-0.27496121993155653,1.0241581188201234e-17,0.15382255450021884,2.239965760782452e-06,3.6121310632093055e-17,1.278886434361263e-05,0.1211386654313377
dim 25,25,0.2484475450897101,SolventAccessibility_T23,-0.0553359850213982,0.09047529080829236,-0.07839850398727019,0.016381383170067165,0.10773171882342121,0.033773962832113785,-0.02306251896587199
dim 25,25,0.2484475450897101,SolventAccessibility_group1_D0,-0.023333412538142504,0.4756044008664627,-0.08444716067942179,0.009705857616598182,0.5129217626393237,0.021669494946148348,-0.06111374814127929
dim 25,25,0.2484475450897101,SolventAccessibility_group1_D25,0.15429157730528953,2.0843183030779767e-06,-0.04729247866645599,0.14803103354773545,3.7327737974694055e-06,0.21304028928218,0.10699909863883353
dim 25,25,0.2484475450897101,SolventAccessibility_group1_D50,0.21534895554372988,2.7115736256928967e-11,0.001215650338195669,0.9703558754393069,6.377926697052307e-11,0.9785593671398808,0.2141333052055342
dim 25,25,0.2484475450897101,SolventAccessibility_group1_D75,0.21559398437403543,2.5719667007665516e-11,0.03443828935486104,0.29230573636311635,6.062363289033368e-11,0.379883719631443,0.1811556950191744
dim 25,25,0.2484475450897101,SolventAccessibility_group1_D100,-0.004390512837074256,0.8932311054093094,0.02880901577763634,0.37839209869798024,0.901054633665688,0.4720389245745249,-0.024418502940562085
dim 25,25,0.2484475450897101,SolventAccessibility_group2_D0,-0.02304972374063027,0.48098802385653694,-0.06557031772762564,0.04479037432022729,0.5182258063486559,0.07775459991141327,-0.04252059398699537
dim 25,25,0.2484475450897101,SolventAccessibility_group2_D25,-0.39829854644581336,5.525696465473881e-37,-0.03917546186822777,0.23090225901781455,4.816807043916386e-36,0.3105974809180429,0.35912308457758557
dim 25,25,0.2484475450897101,SolventAccessibility_group2_D50,-0.24011972597198952,9.361101117612166e-14,-0.08267384948540768,0.011353014512811394,2.50931602992172e-13,0.02466896337280009,0.15744587648658184
dim 25,25,0.2484475450897101,SolventAccessibility_group2_D75,-0.2682597320444343,6.588546112696612e-17,-0.09488358472054045,0.00364780572276085,2.1831095254371714e-16,0.009336146447525853,0.17337614732389386
dim 25,25,0.2484475450897101,SolventAccessibility_group2_D100,0.20389144858830766,2.992559569068912e-10,0.01135539906769179,0.728485286487516,6.584419605197737e-10,0.7943652813804452,0.19253604952061587
dim 25,25,0.2484475450897101,SolventAccessibility_group3_D0,-0.22398871452154984,4.046401627356969e-12,-0.09822596479175978,0.002612394839126359,9.807678835538662e-12,0.006985907736334699,0.12576274972979007
dim 25,25,0.2484475450897101,SolventAccessibility_group3_D25,0.05351839546112119,0.10158678902199034,0.06516774718925397,0.04612236069101876,0.11976698741032393,0.07961172336330885,-0.011649351728132779
dim 25,25,0.2484475450897101,SolventAccessibility_group3_D50,-0.05582708553002092,0.08764682809141662,0.043730567301157416,0.18107071295639407,0.10451281893085737,0.253362455498264,0.012096518228863505
dim 25,25,0.2484475450897101,SolventAccessibility_group3_D75,0.10822200682988525,0.0009064746543401824,0.09712567006754545,0.002919099646128813,0.0013355206640918436,0.007701258150134466,0.0110963367623398
dim 25,25,0.2484475450897101,SolventAccessibility_group3_D100,-0.1557220852692848,1.6710744743336625e-06,0.02805585569540833,0.39098910137831683,3.0072137630788967e-06,0.48384720215026983,0.12766622957387647
dim 19,19,0.2379634156224733,AAC_A,0.18773103519401985,7.021117892363324e-09,0.07679847065736002,0.018714419331458877,1.44045047668879e-08,0.03756379841771193,0.11093256453665983
dim 19,19,0.2379634156224733,AAC_C,0.11793541204179389,0.00029703712918609134,0.08622600103454581,0.00827072068696662,0.00045509358324841517,0.018817579764624323,0.031709411007248084
dim 19,19,0.2379634156224733,AAC_D,-0.3105515362926739,2.1351786188582635e-22,-0.21664396216171689,2.049196558219538e-11,9.433196543633069e-22,3.2768071065155627e-10,0.09390757413095702
dim 19,19,0.2379634156224733,AAC_E,-0.6031145455609433,6.793811732422413e-94,-0.395127674019574,2.2491615407162486e-36,9.865796167952549e-92,3.756099772996135e-33,0.20798687154136936
dim 19,19,0.2379634156224733,AAC_F,-0.20537438928900423,2.2101908222264432e-10,-0.12020642136065358,0.0002259863054725795,4.908269512125213e-10,0.0007928511137378316,0.08516796792835064
dim 19,19,0.2379634156224733,AAC_G,0.2399911629169046,9.657173097669877e-14,0.11082887725890304,0.0006776430749383597,2.5866045025033996e-13,0.00213488908400232,0.12916228565800153
dim 19,19,0.2379634156224733,AAC_H,-0.4866271863507729,7.237250148223963e-57,-0.24585217969014492,2.2925374690716416e-14,1.5595106771011637e-55,8.233414136235788e-13,0.24077500666062798
dim 19,19,0.2379634156224733,AAC_I,-0.33969520339232157,9.720369618161293e-27,-0.20072642974956167,5.670554911483963e-10,5.304907602068418e-26,6.645492422581206e-09,0.1389687736427599
dim 19,19,0.2379634156224733,AAC_K,-0.4547217918986468,5.315172944254325e-49,-0.21606101992160104,2.32505776588559e-11,8.069398924458839e-48,3.5952282120638286e-10,0.23866077197704577
dim 19,19,0.2379634156224733,AAC_L,-0.3617866411856613,2.357677243696192e-30,-0.1132578811399253,0.0005138528602134322,1.5624289670526353e-29,0.001667899468525621,0.24852876004573599
dim 19,19,0.2379634156224733,AAC_M,-0.3113537027846197,1.6451604438777127e-22,-0.14973258687081167,4.159712228001421e-06,7.336229482712363e-22,2.20065073207024e-05,0.16162111591380804
dim 19,19,0.2379634156224733,AAC_N,0.016392045029709413,0.6162783359198183,0.0324415310517475,0.3212045641608005,0.650559305300946,0.41151639597125955,-0.016049486022038085
dim 19,19,0.2379634156224733,AAC_P,0.5168310176400432,4.03880305990184e-65,0.18026489266322931,2.7570775829144637e-08,1.0538751734431365e-63,2.2964187348963364e-07,0.33656612497681393
dim 19,19,0.2379634156224733,AAC_Q,-0.06938494533559975,0.03370114255637235,0.048923793537089096,0.1345294688341205,0.042995346118519344,0.19647067158109421,0.02046115179851065
dim 19,19,0.2379634156224733,AAC_R,0.1348089539210704,3.4735600474431e-05,0.043383922084960766,0.1845570951469889,5.746255848667634e-05,0.2578087401886001,0.09142503183610963
dim 19,19,0.2379634156224733,AAC_S,0.5486647421268198,9.110367260295757e-75,0.24323467661428905,4.377880690013679e-14,3.4975432930330836e-73,1.4477348024401671e-12,0.30543006551253077
dim 19,19,0.2379634156224733,AAC_T,0.6179295260784218,9.234659171305024e-100,0.36613496385297,4.23249343028362e-31,2.2031258308684846e-97,2.0195040081638986e-28,0.25179456222545177
dim 19,19,0.2379634156224733,AAC_V,0.02175063244031485,0.5060590059209666,0.10464590235615759,0.0013375736439586161,0.5436594016648532,0.003894939817630146,-0.08289526991584274
dim 19,19,0.2379634156224733,AAC_W,0.2175712084270309,1.675001717048254e-11,0.20832367340682703,1.2014853260470591e-10,3.9761945521969926e-11,1.5861505885364337e-09,0.009247535020203868
dim 19,19,0.2379634156224733,AAC_Y,-0.08558647464013867,0.00876325109525967,-0.04601015202465859,0.15935119379764678,0.011745288386102446,0.22657853864799501,0.03957632261548008
dim 19,19,0.2379634156224733,Hydrophobicity_C1,-0.5828366861927127,2.3958577861624194e-86,-0.3297277886517231,3.357904685976302e-25,1.6330948991392816e-84,4.1097146638497003e-23,0.2531088975409896
dim 19,19,0.2379634156224733,Hydrophobicity_C2,0.6090802121629161,3.213747013030261e-96,0.2970463515383742,1.5270436813050107e-20,5.649428959747933e-94,1.1591649762633492e-18,0.31203386062454186
dim 19,19,0.2379634156224733,Hydrophobicity_C3,-0.48899334183861165,1.7475602512129143e-57,-0.15483550061258655,1.9167951989207402e-06,3.8400337099020615e-56,1.1095486940026468e-05,0.3341578412260251
dim 19,19,0.2379634156224733,Hydrophobicity_T12,-0.18822263424015093,6.403717113047023e-09,-0.21998300956868239,9.87168381472107e-12,1.3235405419292733e-08,1.6568554744305716e-10,-0.03176037532853146
dim 19,19,0.2379634156224733,Hydrophobicity_T13,-0.5459655338084344,6.578128906810614e-74,-0.2008396357532707,5.543381213437835e-10,2.468646129072747e-72,6.542365107025572e-09,0.3451258980551637
dim 19,19,0.2379634156224733,Hydrophobicity_T23,0.26164578122423626,3.932237760147441e-16,0.1681884662584012,2.2381607551127772e-07,1.242542489961443e-15,1.6041753051666687e-06,0.09345731496583506
dim 19,19,0.2379634156224733,Hydrophobicity_group1_D0,-0.011584554831461567,0.7232286967657293,0.011473211289781628,0.7257811888932818,0.7471648150935775,0.7929699610414004,0.00011134354167993861
dim 19,19,0.2379634156224733,Hydrophobicity_group1_D25,0.47192420191015155,3.871618385433369e-53,0.1394306141672032,1.8416130358702e-05,6.87830074858907e-52,8.437568641709834e-05,0.33249358774294835
dim 19,19,0.2379634156224733,Hydrophobicity_group1_D50,0.23543885872153494,2.8749007669076244e-13,0.050399943798957215,0.12314998621577607,7.38060611950151e-13,0.18240397071427586,0.18503891492257774
dim 19,19,0.2379634156224733,Hydrophobicity_group1_D75,0.24209279309377812,5.791586828419466e-14,0.009062455362800136,0.7817484106160751,1.5688483379497986e-13,0.8355850335986258,0.23303033773097798
dim 19,19,0.2379634156224733,Hydrophobicity_group1_D100,-0.26994954789863984,4.140650693256139e-17,-0.12272347707400721,0.00016598311742542168,1.3969467995429801e-16,0.0005973961338371857,0.14722607082463263
dim 19,19,0.2379634156224733,Hydrophobicity_group2_D0,-0.23218219432796455,6.187736748134055e-13,-0.12998632085856815,6.59143765462136e-05,1.556253067678294e-12,0.0002596155868683413,0.1021958734693964
dim 19,19,0.2379634156224733,Hydrophobicity_group2_D25,-0.43617986697725497,8.475253877034826e-45,-0.14500751983072874,8.334943019876858e-06,1.1057557792693875e-43,4.148838999461804e-05,0.29117234714652623
dim 19,19,0.2379634156224733,Hydrophobicity_group2_D50,-0.1782475748984228,3.951569081890146e-08,0.014821073574016623,0.6504773821675415,7.814233708415091e-08,0.729058542429392,0.16342650132440617
dim 19,19,0.2379634156224733,Hydrophobicity_group2_D75,-0.2392671098706475,1.150438505178468e-13,-0.08051184104704516,0.013693018670504561,3.044742161090399e-13,0.029001066810073074,0.15875526882360236
dim 19,19,0.2379634156224733,Hydrophobicity_group2_D100,0.15067375332322408,3.6126468690243205e-06,0.0313787600384933,0.337320891325906,6.364628732594134e-06,0.42854765196977024,0.11929499328473078
dim 19,19,0.2379634156224733,Hydrophobicity_group3_D0,0.32844519723744187,5.247331162701303e-25,0.09531123780978973,0.0034972117232967615,2.5926162845299338e-24,0.008998988563799062,0.23313395942765214
dim 19,19,0.2379634156224733,Hydrophobicity_group3_D25,0.37760542020209764,4.011090373311298e-33,0.10953228344969518,0.0007837606019311338,2.9971010843086655e-32,0.0024328628349906943,0.26807313675240246
dim 19,19,0.2379634156224733,Hydrophobicity_group3_D50,0.17068425478434718,1.469297238683416e-07,0.014961268691650483,0.6473939683652566,2.8383185524595775e-07,0.7270665280228504,0.1557229860926967
dim 19,19,0.2379634156224733,Hydrophobicity_group3_D75,0.04147531805336439,0.20464461822081115,-0.0004225382207565222,0.9896941530730499,0.2306049341624525,0.99147524632993,0.04105277983260787
dim 19,19,0.2379634156224733,Hydrophobicity_group3_D100,0.06770406552139076,0.038259495960989875,0.06019267541195448,0.06551379830138507,0.04849590759381639,0.10611837358226292,0.007511390109436279
dim 19,19,0.2379634156224733,NormVanDerWaalsVolume_C1,0.599845474192608,1.2176025764227034e-92,0.28368640777164006,8.389459722764135e-19,1.5641510020199344e-90,5.1890361988948536e-17,0.31615906642096797
dim 19,19,0.2379634156224733,NormVanDerWaalsVolume_C2,-0.5500390427381794,3.306584027428962e-75,-0.2326191061692368,5.586754856341161e-13,1.2841849594898527e-73,1.3720412661896676e-11,0.3174199365689426
dim 19,19,0.2379634156224733,NormVanDerWaalsVolume_C3,-0.4809847090859457,2.0505736731131542e-55,-0.23355769821699426,4.482632550262495e-13,4.052613058105287e-54,1.1342418725664191e-11,0.24742701086895144
dim 19,19,0.2379634156224733,NormVanDerWaalsVolume_T12,0.2108471961532176,7.080845355661226e-11,0.036831430951357956,0.2600368300908808,1.6231999648530194e-10,0.3434254695545836,0.17401576520185963
dim 19,19,0.2379634156224733,NormVanDerWaalsVolume_T13,-0.03368861294943314,0.3029444516998403,-0.020791283434352565,0.5250046887515123,0.3352665568845151,0.6187212146401598,0.012897329515080578
dim 19,19,0.2379634156224733,NormVanDerWaalsVolume_T23,-0.5001289594924482,1.8714576222329474e-60,-0.21864259942731104,1.3253815802419796e-11,4.496883782919456e-59,2.1914725138654513e-10,0.28148636006513716
dim 19,19,0.2379634156224733,NormVanDerWaalsVolume_group1_D0,-0.23327800372541133,4.787101994681059e-13,-0.13313460236254696,4.349541002877445e-05,1.214963576157655e-12,0.0001824976299021271,0.10014340136286437
dim 19,19,0.2379634156224733,NormVanDerWaalsVolume_group1_D25,-0.34093307208607654,6.203889318418703e-27,-0.05854867772959679,0.07323775716525288,3.4249570782675153e-26,0.11659395087318618,0.2823843943564798
dim 19,19,0.2379634156224733,NormVanDerWaalsVolume_group1_D50,-0.0938242318271237,0.004046527545006737,0.06360488000116381,0.05161313796300152,0.005647890514133933,0.08732922026161352,0.03021935182595989
dim 19,19,0.2379634156224733,NormVanDerWaalsVolume_group1_D75,-0.18766764087309304,7.1048249223017565e-09,0.003975153615918086,0.9032797162033925,1.4567289895940985e-08,0.9297560964497589,0.18369248725717496
dim 19,19,0.2379634156224733,NormVanDerWaalsVolume_group1_D100,0.20529410225022834,2.246884793144756e-10,0.16614578029302868,3.1441114768339635e-07,4.986441999404308e-10,2.1431290474745793e-06,0.03914832195719967
dim 19,19,0.2379634156224733,NormVanDerWaalsVolume_group2_D0,0.014258653308073984,0.6629068074095439,-0.051084677486464766,0.11813299674787474,0.6936430879535954,0.176855315615375,-0.03682602417839078
dim 19,19,0.2379634156224733,NormVanDerWaalsVolume_group2_D25,0.36943067100767674,1.1313005708541779e-31,0.1412651594451379,1.4235235856867543e-05,7.971611617411294e-31,6.744069186090439e-05,0.22816551156253884
dim 19,19,0.2379634156224733,NormVanDerWaalsVolume_group2_D50,0.11365516017381991,0.0004908648586145581,0.06840805384015838,0.036290325795699435,0.0007415145308786178,0.0651664990094818,0.045247106333661524
dim 19,19,0.2379634156224733,NormVanDerWaalsVolume_group2_D75,0.07519452506228042,0.021339360276046666,0.12697822831994282,9.720724217975182e-05,0.027797762606082632,0.0003676921731374531,-0.051783703257662406
dim 19,19,0.2379634156224733,NormVanDerWaalsVolume_group2_D100,-0.12071372761568946,0.00021245972518025555,0.006369200761449685,0.8456232224490371,0.00033005371260560627,0.8856637074254575,0.11434452685423978
dim 19,19,0.2379634156224733,NormVanDerWaalsVolume_group3_D0,0.2010826897464885,5.279654816570174e-10,0.10383607526599145,0.0014584123313359152,1.1376804572480246e-09,0.004191994136542132,0.09724661448049704
dim 19,19,0.2379634156224733,NormVanDerWaalsVolume_group3_D25,0.10950598532762099,0.0007860642133155431,-0.07626578825382166,0.019553064751829587,0.001164281362516148,0.03889202628805458,0.03324019707379933
dim 19,19,0.2379634156224733,NormVanDerWaalsVolume_group3_D50,0.03731777544139001,0.25379220266097535,-0.1460591490093664,7.153698260335102e-06,0.28378505419740796,3.603823859655994e-05,-0.10874137356797639
dim 19,19,0.2379634156224733,NormVanDerWaalsVolume_group3_D75,0.004344338842249099,0.8943473585118107,-0.21104998255527346,6.784318691666769e-11,0.9013639642213179,9.441510179236254e-10,-0.20670564371302436
dim 19,19,0.2379634156224733,NormVanDerWaalsVolume_group3_D100,-0.1613349065420667,6.887844490963039e-07,-0.13123625794119176,5.594847575409388e-05,1.2766593007667342e-06,0.00022595877753164883,0.03009864860087494
dim 19,19,0.2379634156224733,Polarity_C1,-0.49825524136158783,6.020988821850107e-60,-0.16780305627560962,2.38714305985845e-07,1.3965349072902332e-58,1.7036448333177828e-06,0.3304521850859782
dim 19,19,0.2379634156224733,Polarity_C2,0.6333946418700886,3.141225769893063e-106,0.3208277704382398,7.118744187898153e-24,2.098338814288566e-103,7.669872770187042e-22,0.31256687143184886
dim 19,19,0.2379634156224733,Polarity_C3,-0.6343368698212668,1.2332426892281058e-106,-0.36739752262264275,2.5577889030210347e-31,1.0297576455054684e-103,1.4238358226817094e-28,0.26693934719862406
dim 19,19,0.2379634156224733,Polarity_T12,0.40626073463717,1.5209232891349015e-38,0.20119454173771747,5.162435769990328e-10,1.4555540933268113e-37,6.136133619846155e-09,0.20506619289945252
dim 19,19,0.2379634156224733,Polarity_T13,-0.596470987687607,2.313277446227224e-91,-0.24629087353602647,2.0554520822938925e-14,2.4144833344996653e-89,7.628011060957334e-13,0.3501801141515805
dim 19,19,0.2379634156224733,Polarity_T23,0.0075718625677722445,0.8169480659670988,-0.10478927284989911,0.0013171668802701023,0.8321459409362946,0.003852309439669126,-0.09721741028212687
dim 19,19,0.2379634156224733,Polarity_group1_D0,0.2099317817296051,8.584603034831118e-11,-0.0034685552020209502,0.9155564500693971,1.9571722959956268e-10,0.938888100470306,0.20646322652758417
dim 19,19,0.2379634156224733,Polarity_group1_D25,0.28012885628710343,2.3522274506523482e-18,0.0330303462757425,0.3124953396166934,8.586272879976877e-18,0.4020414576554513,0.24709851001136093
dim 19,19,0.2379634156224733,Polarity_group1_D50,0.13159758132691896,5.3344498020874644e-05,-0.027793139945464805,0.39544230176430795,8.729574884356753e-05,0.487947058357665,0.10380444138145414
dim 19,19,0.2379634156224733,Polarity_group1_D75,0.07654992083340995,0.019101740228444256,-0.08660898548885645,0.007987746514120046,0.02496080295892168,0.018260830497714545,-0.010059064655446509
dim 19,19,0.2379634156224733,Polarity_group1_D100,0.0134179048581725,0.6816604277822701,0.06200121719007512,0.05780450684048355,0.7112608024969641,0.09557774893426488,-0.04858331233190262
dim 19,19,0.2379634156224733,Polarity_group2_D0,-0.23148123486404765,7.286729031322038e-13,-0.11441112476012598,0.000449743942344468,1.8257820678631365e-12,0.0014799455836753922,0.11707011010392167
dim 19,19,0.2379634156224733,Polarity_group2_D25,-0.417172472032266,9.419371713510616e-41,-0.09630799621102079,0.0031678962957079637,1.0281275007557339e-39,0.008279165592851799,0.3208644758212452
dim 19,19,0.2379634156224733,Polarity_group2_D50,-0.20544408244553006,2.1788129765032016e-10,0.05715039208068411,0.08037860261425787,4.841806614451559e-10,0.12598054093459468,0.14829369036484594
dim 19,19,0.2379634156224733,Polarity_group2_D75,-0.21466351655874064,3.1426203607722914e-11,0.029612547442545222,0.365231197083919,7.376213636668625e-11,0.45946222156696404,0.18505096911619542
dim 19,19,0.2379634156224733,Polarity_group2_D100,0.12948719537627898,7.034452871202311e-05,0.09362251371410976,0.004126783805353732,0.00011422009037343568,0.01035571593529787,0.03586468166216922
dim 19,19,0.2379634156224733,Polarity_group3_D0,0.04221141000298138,0.19671716148491927,0.037704209881542876,0.24890528987241234,0.22227175891733097,0.3317412881779159,0.004507200121438501
dim 19,19,0.2379634156224733,Polarity_group3_D25,0.5319832784499464,1.3893155645693248e-69,0.1657429401080972,3.360442215043275e-07,4.180463050145536e-68,2.262878427065431e-06,0.3662403383418492
dim 19,19,0.2379634156224733,Polarity_group3_D50,0.2780042810686406,4.323037676638033e-18,0.015468585307876306,0.6362868938714038,1.5575993354877056e-17,0.7181003667831432,0.2625356957607643
dim 19,19,0.2379634156224733,Polarity_group3_D75,0.2119715786731154,5.582582486219748e-11,-0.047734523970594876,0.14427429768853423,1.292156999582395e-10,0.20851412993496507,0.1642370547025205
dim 19,19,0.2379634156224733,Polarity_group3_D100,-0.26972937818625853,4.3997932914098995e-17,-0.18424406748540825,1.3393420565217212e-08,1.4807297004892867e-16,1.1772111759954076e-07,0.08548531070085028
dim 19,19,0.2379634156224733,Polarizability_C1,0.5354952519526943,1.1900885357522756e-70,0.2521228959687961,4.718623777431591e-15,3.8591220479733985e-69,1.9457041255088288e-13,0.2833723559838982
dim 19,19,0.2379634156224733,Polarizability_C2,-0.39649331670919685,1.2310450860316884e-36,-0.16145288624781415,6.758480392170433e-07,1.0597140689035669e-35,4.299680859018905e-06,0.2350404304613827
dim 19,19,0.2379634156224733,Polarizability_C3,-0.4809847090859457,2.0505736731131542e-55,-0.23355769821699426,4.482632550262495e-13,4.052613058105287e-54,1.1342418725664191e-11,0.24742701086895144
dim 19,19,0.2379634156224733,Polarizability_T12,0.515003575525512,1.3473617185433605e-64,0.2049841842374043,2.394183027766424e-10,3.488517937933972e-63,2.9837952659477077e-09,0.31001939128810774
dim 19,19,0.2379634156224733,Polarizability_T13,-0.06578859148636569,0.04408181497866656,-0.03991530166946513,0.22220679419560727,0.05543421010118461,0.30160964351831454,0.025873289816900562
dim 19,19,0.2379634156224733,Polarizability_T23,-0.4742932374899983,9.985401658911295e-54,-0.20060272063897583,5.812778002802516e-10,1.8125674750415067e-52,6.768526296950653e-09,0.27369051685102247
dim 19,19,0.2379634156224733,Polarizability_group1_D0,-0.20425713547088423,2.777665014981837e-10,-0.1249344881861666,0.00012595901899403272,6.123697128738836e-10,0.0004623111246594168,0.07932264728471762
dim 19,19,0.2379634156224733,Polarizability_group1_D25,-0.3610595844465719,3.133868405440534e-30,-0.10227269661461419,0.001720547553427126,2.0686008842235936e-29,0.004865900786152922,0.2587868878319577
dim 19,19,0.2379634156224733,Polarizability_group1_D50,-0.25579582699768993,1.8316623796563436e-15,0.007302930736662248,0.8233404636221512,5.428351684163432e-15,0.8664011179892832,0.2484928962610277
dim 19,19,0.2379634156224733,Polarizability_group1_D75,-0.20193118252013223,4.4513970437931123e-10,0.044968980502385465,0.1690138778437968,9.654328653421425e-10,0.23859101944136996,0.15696220201774677
dim 19,19,0.2379634156224733,Polarizability_group1_D100,0.10866482904716185,0.0008631414392795506,0.13538119760739592,3.214627379216438e-05,0.0012722384850810673,0.00013925882550691187,-0.02671636856023407
dim 19,19,0.2379634156224733,Polarizability_group2_D0,-0.09266902355298985,0.004526007406759653,-0.06828501951366436,0.036628119940539404,0.006277767748578589,0.06558571144963844,0.024384004039325488
dim 19,19,0.2379634156224733,Polarizability_group2_D25,0.33374587929033867,8.179125972990115e-26,0.2108667560810939,7.051700955070828e-11,4.255183917412302e-25,9.732512888403539e-10,0.12287912320924477
dim 19,19,0.2379634156224733,Polarizability_group2_D50,0.355045686975379,3.207957867461486e-29,0.16647627204757418,2.976717228569099e-07,1.9971999543986696e-28,2.0457274780701217e-06,0.18856941492780485
dim 19,19,0.2379634156224733,Polarizability_group2_D75,0.1437271030050109,1.0025187668302757e-05,0.06768719054646817,0.03830778980735923,1.7118674239330882e-05,0.06805745635988289,0.07603991245854273
dim 19,19,0.2379634156224733,Polarizability_group2_D100,0.11844194186974573,0.00027958178256766246,0.12974991449136508,6.797876398299387e-05,0.00042933478334528395,0.0002658654235400463,-0.011307972621619353
dim 19,19,0.2379634156224733,Polarizability_group3_D0,0.2010826897464885,5.279654816570174e-10,0.10383607526599145,0.0014584123313359152,1.1376804572480246e-09,0.004191994136542132,0.09724661448049704
dim 19,19,0.2379634156224733,Polarizability_group3_D25,0.10950598532762099,0.0007860642133155431,-0.07626578825382166,0.019553064751829587,0.001164281362516148,0.03889202628805458,0.03324019707379933
dim 19,19,0.2379634156224733,Polarizability_group3_D50,0.03731777544139001,0.25379220266097535,-0.1460591490093664,7.153698260335102e-06,0.28378505419740796,3.603823859655994e-05,-0.10874137356797639
dim 19,19,0.2379634156224733,Polarizability_group3_D75,0.004344338842249099,0.8943473585118107,-0.21104998255527346,6.784318691666769e-11,0.9013639642213179,9.441510179236254e-10,-0.20670564371302436
dim 19,19,0.2379634156224733,Polarizability_group3_D100,-0.1613349065420667,6.887844490963039e-07,-0.13123625794119176,5.594847575409388e-05,1.2766593007667342e-06,0.00022595877753164883,0.03009864860087494
dim 19,19,0.2379634156224733,Charge_C1,-0.4089940455009196,4.3315943124571676e-39,-0.20363079080861052,3.1555416834911725e-10,4.2677064907395103e-38,3.860626088959896e-09,0.2053632546923091
dim 19,19,0.2379634156224733,Charge_C2,0.5950690716553124,7.780663807729481e-91,0.3769669506213984,5.2244006599754616e-33,7.643357975828372e-89,4.3623745510795106e-30,0.21810212103391402
dim 19,19,0.2379634156224733,Charge_C3,-0.5873436092958274,5.597283283816917e-88,-0.3998377556402988,2.780107160664038e-37,4.6737315419871254e-86,9.285557916617887e-34,0.18750585365552863
dim 19,19,0.2379634156224733,Charge_T12,-0.3197283170161965,1.0308529331154622e-23,-0.17113787953413992,1.3601911205277762e-07,4.84936450226147e-23,9.919297691185093e-07,0.14859043748205655
dim 19,19,0.2379634156224733,Charge_T13,-0.4693643679988132,1.6544257761821745e-52,-0.2162972663814871,2.2091423319559638e-11,2.878000932333688e-51,3.496936203190957e-10,0.2530671016173261
dim 19,19,0.2379634156224733,Charge_T23,-0.5552238219444243,6.922402087093527e-77,-0.37973023501742265,1.6574871611047868e-33,2.9642080731913306e-75,1.8453357060299962e-30,0.17549358692700168
dim 19,19,0.2379634156224733,Charge_group1_D0,0.052693860972649775,0.10697283257707896,0.02517967552189162,0.4413861831659472,0.12556165575686973,0.5354994012983159,0.027514185450758157
dim 19,19,0.2379634156224733,Charge_group1_D25,0.17455378806443433,7.558041519868783e-08,0.06135411887846782,0.06047159242739241,1.4762490454012712e-07,0.099055967978171,0.11319966918596652
dim 19,19,0.2379634156224733,Charge_group1_D50,-0.0106440428731681,0.7448834283224425,-0.11293904545208792,0.0005330223257250271,0.7664542977809482,0.0017250916355829365,-0.10229500257891982
dim 19,19,0.2379634156224733,Charge_group1_D75,0.0624166891891697,0.05614411053570871,-0.10801891830703496,0.0009270140716687023,0.0691450328868979,0.0028020153840483853,-0.04560222911786526
dim 19,19,0.2379634156224733,Charge_group1_D100,-0.0746114201451953,0.022370057898994707,-0.016054121135332628,0.6235681864842928,0.029083687575960422,0.7079258133438266,0.05855729900986267
dim 19,19,0.2379634156224733,Charge_group2_D0,-0.03421127888771694,0.29550047579742217,-0.0506441757082606,0.12134179465176693,0.3274975343655435,0.18020524416936487,-0.016432896820543663
dim 19,19,0.2379634156224733,Charge_group2_D25,-0.20001770633523952,6.53379529572399e-10,-0.05412624710394131,0.09775597781064427,1.4052077455066404e-09,0.1492935372142441,0.1458914592312982
dim 19,19,0.2379634156224733,Charge_group2_D50,0.0404575541553524,0.21598403075480044,0.1007681983925804,0.0020130046917987226,0.2428911322293042,0.005551970000501845,-0.060310644237228005
dim 19,19,0.2379634156224733,Charge_group2_D75,0.050929219797663225,0.11925774074196326,0.1955042313950514,1.5914764615969895e-09,0.1387394127753944,1.7091740777279564e-08,-0.14457501159738817
dim 19,19,0.2379634156224733,Charge_group2_D100,0.22310278192107205,4.9359771174009176e-12,0.07389825418798467,0.02368917149508274,1.1946495342115265e-11,0.0457880976814678,0.1492045277330874
dim 19,19,0.2379634156224733,Charge_group3_D0,-0.05520727064378405,0.0912286143049718,-0.08348194933928209,0.010573926868233732,0.10859001132523372,0.023419705397812112,-0.02827467869549804
dim 19,19,0.2379634156224733,Charge_group3_D25,0.2543589457953363,2.65707641319962e-15,0.08470443436197901,0.00948545126016306,7.80530802118446e-15,0.0212199646409542,0.1696545114333573
dim 19,19,0.2379634156224733,Charge_group3_D50,-0.019366770200785997,0.5537904232864127,-0.09149431408108857,0.005065718156181464,0.5918912044085178,0.012287217604681256,-0.07212754388030257
dim 19,19,0.2379634156224733,Charge_group3_D75,-0.12119767268238059,0.00020026675280048937,-0.22745919113874458,1.8427607722166735e-12,0.00031154678824109664,4.057977951487233e-11,-0.10626151845636399
dim 19,19,0.2379634156224733,Charge_group3_D100,-0.2661898043509533,1.1586216510224385e-16,-0.2314039366069331,7.419046180032112e-13,3.7754110384536043e-16,1.8087309665187778e-11,0.034785867744020205
dim 19,19,0.2379634156224733,SecondaryStructure_C1,-0.5811122116378127,9.930871700687129e-86,-0.2955258005691272,2.4354189785358535e-20,6.3786752846721175e-84,1.8076220862910558e-18,0.2855864110686855
dim 19,19,0.2379634156224733,SecondaryStructure_C2,0.28559437967867113,4.796497376394906e-19,0.21008994021840954,8.304197043031113e-11,1.8163606844851462e-18,1.1274804115334926e-09,0.07550443946026159
dim 19,19,0.2379634156224733,SecondaryStructure_C3,0.5836811677809156,1.1904352277876256e-86,0.23432198802602672,3.7441912144790826e-13,8.835674801801488e-85,9.694262524310183e-12,0.3493591797548889
dim 19,19,0.2379634156224733,SecondaryStructure_T12,-0.40276999402796443,7.43669649428184e-38,-0.08322981505290729,0.010811753071985513,6.8996017474725954e-37,0.02382008922192059,0.31954017897505715
dim 19,19,0.2379634156224733,SecondaryStructure_T13,-0.397490059557194,7.915113821408135e-37,-0.2584132443448471,9.245983043083443e-16,6.831131825194618e-36,4.6790277824088937e-14,0.13907681521234694
dim 19,19,0.2379634156224733,SecondaryStructure_T23,0.5524718856092535,5.434515712694827e-76,0.2846481957404938,6.332430850793699e-19,2.21357103419521e-74,3.990626234273765e-17,0.2678236898687597
dim 19,19,0.2379634156224733,SecondaryStructure_group1_D0,0.05171542107637064,0.11365456129248933,-0.028082393458303406,0.39054096645574593,0.13263669976132578,0.4834717672209753,0.023633027618067237
dim 19,19,0.2379634156224733,SecondaryStructure_group1_D25,-0.06021625498425263,0.06540809267564678,-0.049591741912886365,0.12928363147387661,0.07944110164969463,0.18963870405039435,0.010624513071366262
dim 19,19,0.2379634156224733,SecondaryStructure_group1_D50,-0.23669883670051484,2.1304808604836274e-13,-0.2222603892026003,5.9579625463570785e-12,5.524694156844189e-13,1.0842147035946556e-10,0.014438447497914536
dim 19,19,0.2379634156224733,SecondaryStructure_group1_D75,-0.2439512257003493,3.670123773910347e-14,-0.17212861953255307,1.148429432345367e-07,1.005595849455337e-13,8.542882637045714e-07,0.07182260616779623
dim 19,19,0.2379634156224733,SecondaryStructure_group1_D100,-0.17652139412890136,5.359485598116011e-08,-0.014770653509234422,0.6515877731070526,1.0542215487460234e-07,0.7298374554337993,0.16175074061966693
dim 19,19,0.2379634156224733,SecondaryStructure_group2_D0,0.06281626279835444,0.054584845186991734,-0.05227648372579398,0.10978406434665601,0.06747349479072998,0.16561823618691557,0.010539779072560457
dim 19,19,0.2379634156224733,SecondaryStructure_group2_D25,-0.09004362368445583,0.005812033202018277,-0.06183832662121621,0.058466509870332736,0.007962342450673112,0.09633850171036573,0.02820529706323962
dim 19,19,0.2379634156224733,SecondaryStructure_group2_D50,0.06390454940676102,0.05051992694995514,0.07130521505452003,0.029068952713049854,0.06293791719986952,0.05408930476968608,-0.007400665647759014
dim 19,19,0.2379634156224733,SecondaryStructure_group2_D75,0.20321848405571197,3.431166589222954e-10,0.06652270309627956,0.041767682645726244,7.490259090199128e-10,0.07323047770956727,0.1366957809594324
dim 19,19,0.2379634156224733,SecondaryStructure_group2_D100,0.14952502693654593,4.290603332312931e-06,0.16040281610821502,7.997042966570677e-07,7.518685797442387e-06,5.0396459449709545e-06,-0.010877789171669094
dim 19,19,0.2379634156224733,SecondaryStructure_group3_D0,-0.19855479955962396,8.739370552207494e-10,-0.19021296886068498,4.400459230122749e-09,1.868725841509157e-09,4.3101272224662695e-08,0.008341830698938985
dim 19,19,0.2379634156224733,SecondaryStructure_group3_D25,-0.01859406237659561,0.5697212341941603,0.030419223562182213,0.3523096886981289,0.6067821818266885,0.44488255586077524,-0.011825161185586602
dim 19,19,0.2379634156224733,SecondaryStructure_group3_D50,0.19213247766781744,3.052817315877536e-09,0.1194304922946005,0.00024824525708276785,6.384727510977439e-09,0.0008627878862189851,0.07270198537321694
dim 19,19,0.2379634156224733,SecondaryStructure_group3_D75,0.08963615177150897,0.006038757517791252,0.07590660922690003,0.020136883598850068,0.008259398079206708,0.03979715456814155,0.013729542544608939
dim 19,19,0.2379634156224733,SecondaryStructure_group3_D100,0.15984574759092582,8.739944380815709e-07,0.09023601569973602,0.005707670053949442,1.605688351591005e-06,0.013734595086593037,0.0696097318911898
dim 19,19,0.2379634156224733,SolventAccessibility_C1,-0.07374105818585433,0.023988829657384417,0.03679354664690653,0.26052768121569947,0.031067348218559113,0.34377296076692754,0.0369475115389478
dim 19,19,0.2379634156224733,SolventAccessibility_C2,-0.5828366861927127,2.3958577861624194e-86,-0.3297277886517231,3.357904685976302e-25,1.6330948991392816e-84,4.1097146638497003e-23,0.2531088975409896
dim 19,19,0.2379634156224733,SolventAccessibility_C3,0.6436023073368247,1.0511935586468132e-110,0.3126895927303471,1.0638315038901388e-22,1.755493242940178e-107,9.869992286091844e-21,0.3309127146064776
dim 19,19,0.2379634156224733,SolventAccessibility_T12,-0.6063270021057184,3.8565560747552765e-95,-0.254890193107057,2.3162729318808506e-15,6.4404486448413116e-93,1.0179409990107949e-13,0.3514368089986614
dim 19,19,0.2379634156224733,SolventAccessibility_T13,0.4875726379198748,4.107339822045878e-57,0.24343045361036023,4.1721906328619475e-14,8.908126627034568e-56,1.4075875468443339e-12,0.2441421843095146
dim 19,19,0.2379634156224733,SolventAccessibility_T23,-0.051113138431069585,0.11792798302335368,-0.1442617774747309,9.283033190414485e-06,0.13728806667758847,4.586587404731417e-05,-0.09314863904366132
dim 19,19,0.2379634156224733,SolventAccessibility_group1_D0,-0.06491252923207007,0.046983931087754165,-0.08508829385708136,0.00916488127296141,0.05886208920971452,0.020557893520276097,-0.02017576462501129
dim 19,19,0.2379634156224733,SolventAccessibility_group1_D25,-0.27666686574252386,6.324022201236193e-18,-0.1816598302270772,2.1444570713882567e-08,2.2614811726048056e-17,1.8178900046793852e-07,0.09500703551544665
dim 19,19,0.2379634156224733,SolventAccessibility_group1_D50,-0.3299475489881956,3.1099802096662453e-25,-0.2221319865075733,6.130922510250929e-12,1.5643575151032016e-24,1.1068800640128704e-10,0.10781556248062232
dim 19,19,0.2379634156224733,SolventAccessibility_group1_D75,-0.2041308926850959,2.8500931647183217e-10,0.03144588631240771,0.33628786147694695,6.279229004062793e-10,0.427397814814689,0.1726850063726882
dim 19,19,0.2379634156224733,SolventAccessibility_group1_D100,0.09405796516666842,0.003955304436213205,0.1643271017599209,4.2404629218511776e-07,0.005525184783334214,2.8101480474172488e-06,-0.07026913659325248
dim 19,19,0.2379634156224733,SolventAccessibility_group2_D0,-0.011584554831461567,0.7232286967657293,0.011473211289781628,0.7257811888932818,0.7471648150935775,0.7929699610414004,0.00011134354167993861
dim 19,19,0.2379634156224733,SolventAccessibility_group2_D25,0.47192420191015155,3.871618385433369e-53,0.1394306141672032,1.8416130358702e-05,6.87830074858907e-52,8.437568641709834e-05,0.33249358774294835
dim 19,19,0.2379634156224733,SolventAccessibility_group2_D50,0.23543885872153494,2.8749007669076244e-13,0.050399943798957215,0.12314998621577607,7.38060611950151e-13,0.18240397071427586,0.18503891492257774
dim 19,19,0.2379634156224733,SolventAccessibility_group2_D75,0.24209279309377812,5.791586828419466e-14,0.009062455362800136,0.7817484106160751,1.5688483379497986e-13,0.8355850335986258,0.23303033773097798
dim 19,19,0.2379634156224733,SolventAccessibility_group2_D100,-0.26994954789863984,4.140650693256139e-17,-0.12272347707400721,0.00016598311742542168,1.3969467995429801e-16,0.0005973961338371857,0.14722607082463263
dim 19,19,0.2379634156224733,SolventAccessibility_group3_D0,0.22506205772631804,3.1770134880772804e-12,0.09185497309544399,0.004894140339702854,7.745095503234163e-12,0.01193169980628287,0.13320708463087405
dim 19,19,0.2379634156224733,SolventAccessibility_group3_D25,0.04309987196702433,0.18745070634902153,0.14070875620603207,1.5396788792416573e-05,0.2122323251544854,7.242996417841035e-05,-0.09760888423900774
dim 19,19,0.2379634156224733,SolventAccessibility_group3_D50,0.1604917067503265,7.88426462053191e-07,0.1651968258842309,3.6767324310480293e-07,1.4540830387949521e-06,2.4659209477310075e-06,-0.004705119133904395
dim 19,19,0.2379634156224733,SolventAccessibility_group3_D75,-0.09177634997740645,0.004931090238747485,-0.07939354380029733,0.015062762443465714,0.006816987333367798,0.031384670343839974,0.012382806177109129
dim 19,19,0.2379634156224733,SolventAccessibility_group3_D100,0.21204841546048106,5.492351267974764e-11,0.05236774881259609,0.10916442359860684,1.2730363105507087e-10,0.1648323575132671,0.15968066664788497
dim 33,33,0.2352308779631003,AAC_A,-0.053688411733712964,0.1005034804613111,0.15860919560990944,1.0633444001803847e-06,0.11869930153492897,6.4928158987248355e-06,-0.10492078387619647
dim 33,33,0.2352308779631003,AAC_C,-0.11377357625610664,0.00048420037549281344,-0.0706687904047932,0.030539560191397214,0.0007317779430524872,0.05644832929677183,0.04310478585131344
dim 33,33,0.2352308779631003,AAC_D,0.24187319504646182,6.110804953770578e-14,0.07414888732199082,0.023218102617507,1.653978002074046e-13,0.045086315547949646,0.167724307724471
dim 33,33,0.2352308779631003,AAC_E,0.31713335088745837,2.4550845815764872e-23,-0.20572019191833604,2.058715704273282e-10,1.1452489528583055e-22,2.5947586612350043e-09,0.11141315896912232
dim 33,33,0.2352308779631003,AAC_F,0.08773977228614147,0.00720207064548955,-0.09608962669493758,0.003237528577211947,0.009754629341417315,0.008441331341052228,-0.008349854408796112
dim 33,33,0.2352308779631003,AAC_G,-0.10002698375752392,0.0021732426727745133,0.1393218551321792,1.869754570402447e-05,0.0030927271099560607,8.520817310799802e-05,-0.03929487137465529
dim 33,33,0.2352308779631003,AAC_H,0.40963035053129065,3.228033196633779e-39,0.10189326326139427,0.001790377982201082,3.218397276643827e-38,0.005020875281739391,0.3077370872698964
dim 33,33,0.2352308779631003,AAC_I,0.165350662628931,3.584845317636477e-07,-0.12849476179468775,8.000177614782282e-05,6.806926299548512e-07,0.0003085518849119263,0.036855900834243255
dim 33,33,0.2352308779631003,AAC_K,0.3010639186031788,4.3888554069488385e-21,-0.07221275425424845,0.027077349137888035,1.8414434064969384e-20,0.05077953179143516,0.22885116434893038
dim 33,33,0.2352308779631003,AAC_L,0.2241656866906553,3.888528819840075e-12,-0.12278427553861804,0.00016473851112628937,9.43872547839088e-12,0.0005941972215570265,0.10138141115203728
dim 33,33,0.2352308779631003,AAC_M,0.13316885128860598,4.32969330922711e-05,-0.17493173535985093,7.07724047861473e-08,7.11672030158393e-05,5.459118521610438e-07,-0.041762884071244954
dim 33,33,0.2352308779631003,AAC_N,0.005644960668895921,0.862992943815272,0.013927027029404668,0.6702796588914013,0.8734534643463662,0.7467425152425885,-0.008282066360508746
dim 33,33,0.2352308779631003,AAC_P,-0.44092741037143035,7.528663360122372e-46,-0.060925028639568495,0.062295676372530744,1.0263565560330091e-44,0.10164511923998665,0.38000238173186185
dim 33,33,0.2352308779631003,AAC_Q,0.06965929241448077,0.03300301194874143,-0.02307535649885658,0.4805002278549262,0.042185250634824485,0.5754287418556664,0.04658393591562419
dim 33,33,0.2352308779631003,AAC_R,-0.12842143628643246,8.076284082298816e-05,-0.039433926971244176,0.22783744430524258,0.0001304390175767797,0.3073413020918862,0.08898750931518828
dim 33,33,0.2352308779631003,AAC_S,-0.4161233090682489,1.5484356337528917e-40,0.006464421450147488,0.84334488178046,1.668314521527309e-39,0.8841091981000427,0.40965888761810143
dim 33,33,0.2352308779631003,AAC_T,-0.38520355287861496,1.650514452293296e-34,0.12249685851561988,0.00017070047296135392,1.2880182875372919e-33,0.0006137132181818321,0.2627066943629951
dim 33,33,0.2352308779631003,AAC_V,0.09456071886330726,0.0037653741186636034,0.1298191502172512,6.736793230079137e-05,0.005273102539344417,0.0002640949458739943,-0.03525843135394395
dim 33,33,0.2352308779631003,AAC_W,-0.11277915105599097,0.0005428842436221126,0.008960810493805581,0.7841354602975928,0.0008171398709769518,0.8370126038331608,0.10381834056218539
dim 33,33,0.2352308779631003,AAC_Y,0.05269120191953919,0.10699056056408719,-0.013340831398963904,0.6833897050792335,0.12556165575686973,0.7595745806870682,0.03935037052057529
dim 33,33,0.2352308779631003,Hydrophobicity_C1,0.3595104930587207,5.732653075603868e-30,-0.1274520938179098,9.148813842438102e-05,3.6750597452047835e-29,0.00034723907083799156,0.23205839924081087
dim 33,33,0.2352308779631003,Hydrophobicity_C2,-0.374662086042107,1.349721658739424e-32,0.1818076860296646,2.0878540201814126e-08,9.864486521202792e-32,1.7744102868717348e-07,0.1928544000124424
dim 33,33,0.2352308779631003,Hydrophobicity_C3,0.29950001483501304,7.147503346265423e-21,-0.18964980096185444,4.895286560409876e-09,2.980357200565108e-20,4.7529817185374954e-08,0.1098502138731586
dim 33,33,0.2352308779631003,Hydrophobicity_T12,0.13538742564020362,3.2119126914971224e-05,0.0879859382440079,0.0070405007584048935,5.321323605952574e-05,0.016455754046936562,0.04740148739619572
dim 33,33,0.2352308779631003,Hydrophobicity_T13,0.3550947911958852,3.148243207757252e-29,-0.15966585641278208,8.993706184263982e-07,1.9654452923194806e-28,5.532040268037146e-06,0.19542893478310314
dim 33,33,0.2352308779631003,Hydrophobicity_T23,-0.1424998317152967,1.194852218789996e-05,0.05809502960484844,0.07549540315769117,2.0314351242817498e-05,0.11933490134722598,0.08440480211044826
dim 33,33,0.2352308779631003,Hydrophobicity_group1_D0,-0.01837447779096265,0.574287884766431,-0.05932599116290876,0.06949771782934663,0.610866730929898,0.11159729689904699,-0.04095151337194611
dim 33,33,0.2352308779631003,Hydrophobicity_group1_D25,-0.3987608255585095,4.497326044316109e-37,-0.03161683163008838,0.3336663122004254,3.9633427409012675e-36,0.424388988099551,0.3671439939284211
dim 33,33,0.2352308779631003,Hydrophobicity_group1_D50,-0.23610371103680783,2.4549513386886314e-13,-0.07306583599217605,0.025313606925148963,6.3414829630472e-13,0.048206197462285695,0.1630378750446318
dim 33,33,0.2352308779631003,Hydrophobicity_group1_D75,-0.2589064495092183,8.12143083947202e-16,-0.07520755096516993,0.021316815179188712,2.490870431940913e-15,0.041832057989712276,0.1836988985440484
dim 33,33,0.2352308779631003,Hydrophobicity_group1_D100,0.21052655620793653,7.575707866881553e-11,0.019234053994357576,0.5565110587752238,1.7318866718264467e-10,0.6459441633039467,0.19129250221357896
dim 33,33,0.2352308779631003,Hydrophobicity_group2_D0,0.1260491878805931,0.00010941145697277525,-0.06522101068961136,0.04594423805834368,0.0001743480800859931,0.07938631925238898,0.06082817719098174
dim 33,33,0.2352308779631003,Hydrophobicity_group2_D25,0.3488134398938071,3.391055674999023e-28,0.0033610314755081598,0.9181648332087691,1.9835597118207944e-27,0.9410553080114902,0.34545240841829894
dim 33,33,0.2352308779631003,Hydrophobicity_group2_D50,0.18026581760611723,2.7566200254659825e-08,0.020887603115106,0.5230862821164459,5.486955235432886e-08,0.6171346458032247,0.15937821449101125
dim 33,33,0.2352308779631003,Hydrophobicity_group2_D75,0.27417266376510485,1.2784011906755876e-17,0.15686225046355787,1.3992222614068162e-06,4.475744210541365e-17,8.330485477894413e-06,0.11731041330154698
dim 33,33,0.2352308779631003,Hydrophobicity_group2_D100,-0.061943256265428674,0.05803934916554346,0.11405806188165155,0.0004685322641665191,0.07121654159181307,0.0015312111177261975,-0.05211480561622287
dim 33,33,0.2352308779631003,Hydrophobicity_group3_D0,-0.3091882919004309,3.3193881062527554e-22,-0.08297150378710368,0.011060317237894333,1.4568667903921423e-21,0.024179243359520226,0.22621678811332724
dim 33,33,0.2352308779631003,Hydrophobicity_group3_D25,-0.2860959441101434,4.1379327469764296e-19,0.03653179564609136,0.26393656583539554,1.575905972052597e-18,0.34695559744829507,0.24956414846405203
dim 33,33,0.2352308779631003,Hydrophobicity_group3_D50,-0.1406757114037234,1.5468538000229742e-05,0.01734089048321156,0.5960121919440431,2.614621301658266e-05,0.6802472999961631,0.12333482092051185
dim 33,33,0.2352308779631003,Hydrophobicity_group3_D75,-0.07316858026571593,0.02510803395063392,-0.06219339240848649,0.057031498748496424,0.03244132819927168,0.09448670923610024,0.010975187857229445
dim 33,33,0.2352308779631003,Hydrophobicity_group3_D100,-0.07586120945472748,0.020211748062903753,-0.06671091588886006,0.04119119642655686,0.026370015050819737,0.07236841626979296,0.009150293565867412
dim 33,33,0.2352308779631003,NormVanDerWaalsVolume_C1,-0.38011280079087706,1.4126794273270658e-33,0.15992483683813022,8.630569441575308e-07,1.065090132567133e-32,5.374052981139396e-06,0.22018796395274684
dim 33,33,0.2352308779631003,NormVanDerWaalsVolume_C2,0.3512466962478651,1.3590143643460952e-28,-0.1512314127027043,3.3217397241401475e-06,8.208151856990882e-28,1.806939849939429e-05,0.2000152835451608
dim 33,33,0.2352308779631003,NormVanDerWaalsVolume_C3,0.30156868854314794,3.747244496467401e-21,-0.1088040104381158,0.000849922839626114,1.5782845672384766e-20,0.0026019635970222004,0.19276467810503214
dim 33,33,0.2352308779631003,NormVanDerWaalsVolume_T12,-0.1635584790620251,4.807218796643908e-07,0.027409882966423875,0.40199336860108753,9.035515352161312e-07,0.49471549415167,0.1361485960956012
dim 33,33,0.2352308779631003,NormVanDerWaalsVolume_T13,0.048684907934219236,0.13644497423341523,0.046178868266731,0.15782549919683264,0.15720117762663224,0.22460041215058416,0.002506039667488233
dim 33,33,0.2352308779631003,NormVanDerWaalsVolume_T23,0.28839676458185454,2.0935589186352848e-19,-0.18493177044451592,1.1803133854672704e-08,8.065152004892563e-19,1.0542093050187656e-07,0.10346499413733862
dim 33,33,0.2352308779631003,NormVanDerWaalsVolume_group1_D0,0.12554766132096515,0.00011658568600019518,-0.06573319575899421,0.04426073979572336,0.00018516224024757577,0.0771157386112238,0.05981446556197094
dim 33,33,0.2352308779631003,NormVanDerWaalsVolume_group1_D25,0.2588994505452527,8.136406144898279e-16,-0.05924251582805781,0.06989170046979744,2.493173993023876e-15,0.11217601132586423,0.1996569347171949
dim 33,33,0.2352308779631003,NormVanDerWaalsVolume_group1_D50,0.12890585881713865,7.585872071285751e-05,0.0326825400033334,0.3176208225271869,0.00012281537914733112,0.40802059509261696,0.09622331881380525
dim 33,33,0.2352308779631003,NormVanDerWaalsVolume_group1_D75,0.24822368687097476,1.2674358123696996e-14,0.1360008971722936,2.9549118647554805e-05,3.584450138285179e-14,0.00012886028669616573,0.11222278969868116
dim 33,33,0.2352308779631003,NormVanDerWaalsVolume_group1_D100,-0.08064241693867844,0.013540472873365435,0.07598267857447756,0.020011986319152734,0.01787556497906741,0.039573732567181844,0.004659738364200874
dim 33,33,0.2352308779631003,NormVanDerWaalsVolume_group2_D0,-0.06406429439294575,0.04994512706034237,-0.05482703412612154,0.09348345391423159,0.062314801786157455,0.14448622678090398,0.009237260266824213
dim 33,33,0.2352308779631003,NormVanDerWaalsVolume_group2_D25,-0.29519725833873683,2.6928720869874363e-20,-0.017995538735146425,0.5822090337492815,1.0823336667314124e-19,0.6676431624462232,0.2772017196035904
dim 33,33,0.2352308779631003,NormVanDerWaalsVolume_group2_D50,-0.07936033152135402,0.015105222332766002,-0.003981921445042599,0.9031158564778696,0.019886260382908333,0.9297560964497589,0.07537841007631142
dim 33,33,0.2352308779631003,NormVanDerWaalsVolume_group2_D75,-0.06393167725508038,0.05042192631255766,-0.07999727127270904,0.014309020360326814,0.06283926637460543,0.03013375031746,-0.016065594017628665
dim 33,33,0.2352308779631003,NormVanDerWaalsVolume_group2_D100,0.12317728176833705,0.0001569023456023992,0.01841497732166858,0.5734443252788695,0.00024672967717138104,0.6602137719704227,0.10476230444666847
dim 33,33,0.2352308779631003,NormVanDerWaalsVolume_group3_D0,-0.16072026635835648,7.601262294928779e-07,-0.030737788854932138,0.34728741063500596,1.4042154903242325e-06,0.4395376853053884,0.12998247750342434
dim 33,33,0.2352308779631003,NormVanDerWaalsVolume_group3_D25,-0.06292335165567198,0.05417313192781793,0.119958910575879,0.00023287491488801622,0.0669893597330292,0.0008136006440648265,-0.05703555892020702
dim 33,33,0.2352308779631003,NormVanDerWaalsVolume_group3_D50,-0.10135080372382319,0.001894734959971868,-0.017940549111089717,0.583362728433767,0.0027090816636584068,0.6679573236094555,0.08341025461273346
dim 33,33,0.2352308779631003,NormVanDerWaalsVolume_group3_D75,-0.12493379180415265,0.0001259700565662543,-0.06825631477131255,0.036707313242218265,0.00019911972973558418,0.06558571144963844,0.056677477032840096
dim 33,33,0.2352308779631003,NormVanDerWaalsVolume_group3_D100,0.08877889037559353,0.006541910731597064,-0.013276058218154705,0.684844288326449,0.008900196270278693,0.7599093458934021,0.07550283215743882
dim 33,33,0.2352308779631003,Polarity_C1,0.3052753955727491,1.1628171795783417e-21,-0.18698921156086667,8.063535152955703e-09,5.0243329622143094e-21,7.419340884537755e-08,0.1182861840118824
dim 33,33,0.2352308779631003,Polarity_C2,-0.4059575747475356,1.7470046074131333e-38,0.15199442354557322,2.9598394326903966e-06,1.6623918486495342e-37,1.6348026514487295e-05,0.25396315120196233
dim 33,33,0.2352308779631003,Polarity_C3,0.4166889589599773,1.184684170270849e-40,-0.09239694169277272,0.0046461646952744694,1.2846899768521545e-39,0.011410433883982888,0.3242920172672046
dim 33,33,0.2352308779631003,Polarity_T12,-0.2626212145609901,3.030967987583433e-16,0.06651307032867514,0.04179736983590793,9.659764387909032e-16,0.07324407935568336,0.19610814423231493
dim 33,33,0.2352308779631003,Polarity_T13,0.41604737682584836,1.6050440598116893e-40,-0.10583609099108574,0.0011766416751081983,1.7237450674504957e-39,0.0034902159812268047,0.31021128583476265
dim 33,33,0.2352308779631003,Polarity_T23,-0.012275510595121596,0.707458540662145,0.06359336729916258,0.05165552816189169,0.733140405154069,0.0873566906636548,-0.05131785670404099
dim 33,33,0.2352308779631003,Polarity_group1_D0,-0.2335160967348201,4.5266865215703466e-13,-0.0732506423360381,0.02494488040445751,1.151495276621855e-12,0.047663558667556116,0.16026545439878198
dim 33,33,0.2352308779631003,Polarity_group1_D25,-0.20968330189778497,9.043910339308709e-11,0.06317651870661871,0.0532100868364574,2.0520829166637968e-10,0.08957746473476194,0.14650678319116628
dim 33,33,0.2352308779631003,Polarity_group1_D50,-0.1398297665338905,1.7417452202127976e-05,-0.015568157332677308,0.6341163360059723,2.938095472480174e-05,0.7174622500880581,0.12426160920121321
dim 33,33,0.2352308779631003,Polarity_group1_D75,-0.15298882667880945,2.5445482509939613e-06,-0.08776411530926616,0.007185946475216445,4.5158295208925774e-06,0.01673714172051808,0.06522471136954329
dim 33,33,0.2352308779631003,Polarity_group1_D100,0.017338251533852274,0.5960681339800672,0.00921077681574108,0.7782688836168221,0.6308198883059013,0.8331468177180082,0.008127474718111195
dim 33,33,0.2352308779631003,Polarity_group2_D0,0.13180446720180297,5.190557570017593e-05,-0.06472653160880774,0.04762030740798711,8.498265825420961e-05,0.08185889178727583,0.06707793559299523
dim 33,33,0.2352308779631003,Polarity_group2_D25,0.33249188259036255,1.2738253064679802e-25,-0.028535041797055453,0.3829453029941808,6.535447808914062e-25,0.47600942017140446,0.3039568407933071
dim 33,33,0.2352308779631003,Polarity_group2_D50,0.2549870874496958,2.2589249284034464e-15,0.08303805225075007,0.010995799893154991,6.6532709531459536e-15,0.024066822832986678,0.17194903519894572
dim 33,33,0.2352308779631003,Polarity_group2_D75,0.3143417705321358,6.185407053318042e-23,0.19536397225747582,1.6355705991436629e-09,2.8184528728625185e-22,1.7453053677763046e-08,0.11897779827465998
dim 33,33,0.2352308779631003,Polarity_group2_D100,-0.023482886191686012,0.47278113526785104,0.10369932510478778,0.0014797823410121881,0.5102064593843691,0.004249761839192355,-0.08021643891310178
dim 33,33,0.2352308779631003,Polarity_group3_D0,-0.06020774597996454,0.0654462217621089,-0.06458399675774404,0.04811286161393143,0.07945356918623815,0.08245097885609594,-0.004376250777779499
dim 33,33,0.2352308779631003,Polarity_group3_D25,-0.44312347488552767,2.42487647787366e-46,-0.025501813001028488,0.4355634178343793,3.3467303454950516e-45,0.5301683001336833,0.4176216618844992
dim 33,33,0.2352308779631003,Polarity_group3_D50,-0.29318204560505795,4.9735737418486536e-20,-0.0831247892017698,0.010912211486048226,1.9705499760112104e-19,0.023930916850558814,0.21005725640328815
dim 33,33,0.2352308779631003,Polarity_group3_D75,-0.24564988905971125,2.410718645697585e-14,-0.06164631456945013,0.05925492662676604,6.684959119898935e-14,0.09739736955383789,0.1840035744902611
dim 33,33,0.2352308779631003,Polarity_group3_D100,0.18435454766727855,1.31246189973955e-08,0.015524324053855542,0.6350714663669236,2.651919386043616e-08,0.7178134340661674,0.168830223613423
dim 33,33,0.2352308779631003,Polarizability_C1,-0.3040447140505685,1.718125007139996e-21,0.2010540323895205,5.310102118945262e-10,7.319563168172941e-21,6.289269885559282e-09,0.102990681661048
dim 33,33,0.2352308779631003,Polarizability_C2,0.19711052173404492,1.1621065751792506e-09,-0.2026181507208923,3.874875012132706e-10,2.465969479732336e-09,4.706211832917541e-09,-0.005507628986847368
dim 33,33,0.2352308779631003,Polarizability_C3,0.30156868854314794,3.747244496467401e-21,-0.1088040104381158,0.000849922839626114,1.5782845672384766e-20,0.0026019635970222004,0.19276467810503214
dim 33,33,0.2352308779631003,Polarizability_T12,-0.3601905460436551,4.3994129884321844e-30,0.08145402036669347,0.012625496013597418,2.8699295666725577e-29,0.02701297099263506,0.2787365256769616
dim 33,33,0.2352308779631003,Polarizability_T13,0.10337774968469417,0.0015311751303828827,0.10449835489545257,0.0013588786803564444,0.0022091252421074853,0.003943227447776303,-0.0011206052107584075
dim 33,33,0.2352308779631003,Polarizability_T23,0.25275786303328635,4.0108650210901124e-15,-0.21702026074310563,1.8884000070525166e-11,1.1669241437666355e-14,3.04698358625865e-10,0.03573760229018072
dim 33,33,0.2352308779631003,Polarizability_group1_D0,0.10027115903887085,0.0021192105141487187,-0.06833010669755955,0.03650402266069021,0.0030196941626521845,0.06540956850145134,0.031941052341311296
dim 33,33,0.2352308779631003,Polarizability_group1_D25,0.2587079184500206,8.556925976722063e-16,-0.06409068499812348,0.049850696405260554,2.612443579730502e-15,0.08481982984899146,0.19461723345189713
dim 33,33,0.2352308779631003,Polarizability_group1_D50,0.2635254717068379,2.378767573527039e-16,0.049629679306429406,0.1289905131803221,7.632164933314419e-16,0.18945836148736842,0.21389579240040846
dim 33,33,0.2352308779631003,Polarizability_group1_D75,0.2817486016319348,1.4737562214594161e-18,0.14598403128352666,7.232473492235023e-06,5.457146097200056e-18,3.6380213048290626e-05,0.13576457034840816
dim 33,33,0.2352308779631003,Polarizability_group1_D100,-0.008528287600538236,0.7943153530062511,0.06675398657001297,0.0410602234881458,0.8123127002574644,0.07217955076337208,-0.05822569896947473
dim 33,33,0.2352308779631003,Polarizability_group2_D0,0.0134679434101735,0.6805386182257201,-0.07894908703008802,0.0156397582502215,0.7103121827730954,0.03240495816112891,-0.06548114361991451
dim 33,33,0.2352308779631003,Polarizability_group2_D25,-0.23960111603161957,1.0612786202827702e-13,-0.02625384328445034,0.4221436932721635,2.8308863923189636e-13,0.5164688408531232,0.21334727274716922
dim 33,33,0.2352308779631003,Polarizability_group2_D50,-0.2894650075495807,1.5225483085669214e-19,-0.05028685484867233,0.12399433401227941,5.899433121361389e-19,0.1834105737825568,0.23917815270090836
dim 33,33,0.2352308779631003,Polarizability_group2_D75,-0.16035264927763118,8.061374332530139e-07,-0.09884354437007879,0.002453424290639762,1.4851070198924802e-06,0.006597775467581968,0.06150910490755239
dim 33,33,0.2352308779631003,Polarizability_group2_D100,-0.04655275278941674,0.1544838785856539,0.019176924922706794,0.5576841843768492,0.1765228034471721,0.6466204029788593,0.02737582786670995
dim 33,33,0.2352308779631003,Polarizability_group3_D0,-0.16072026635835648,7.601262294928779e-07,-0.030737788854932138,0.34728741063500596,1.4042154903242325e-06,0.4395376853053884,0.12998247750342434
dim 33,33,0.2352308779631003,Polarizability_group3_D25,-0.06292335165567198,0.05417313192781793,0.119958910575879,0.00023287491488801622,0.0669893597330292,0.0008136006440648265,-0.05703555892020702
dim 33,33,0.2352308779631003,Polarizability_group3_D50,-0.10135080372382319,0.001894734959971868,-0.017940549111089717,0.583362728433767,0.0027090816636584068,0.6679573236094555,0.08341025461273346
dim 33,33,0.2352308779631003,Polarizability_group3_D75,-0.12493379180415265,0.0001259700565662543,-0.06825631477131255,0.036707313242218265,0.00019911972973558418,0.06558571144963844,0.056677477032840096
dim 33,33,0.2352308779631003,Polarizability_group3_D100,0.08877889037559353,0.006541910731597064,-0.013276058218154705,0.684844288326449,0.008900196270278693,0.7599093458934021,0.07550283215743882
dim 33,33,0.2352308779631003,Charge_C1,0.2389999890307791,1.2269971413340088e-13,-0.11463744638101335,0.0004380719842167694,3.2345465288520836e-13,0.0014486736903802078,0.12436254264976575
dim 33,33,0.2352308779631003,Charge_C2,-0.3518186602262996,1.0948941818509315e-28,0.13163578432842588,5.3075980996430054e-05,6.685459903806419e-28,0.0002159242101438202,0.22018287589787372
dim 33,33,0.2352308779631003,Charge_C3,0.34960845374594346,2.5175072744453637e-28,-0.1006921216665468,0.0020289379526166073,1.4908642369942402e-27,0.005591297658200882,0.24891633207939667
dim 33,33,0.2352308779631003,Charge_T12,0.16396674941805015,4.4976614768469785e-07,-0.11731425364015854,0.0003198337045758072,8.491910306765918e-07,0.0010900454829420368,0.0466524957778916
dim 33,33,0.2352308779631003,Charge_T13,0.27704844831411707,5.674805518756767e-18,-0.14723580385613816,6.021726254450727e-06,2.0358593375561335e-17,3.0894878171836294e-05,0.1298126444579789
dim 33,33,0.2352308779631003,Charge_T23,0.35161619037433856,1.181998510354079e-28,-0.04553381100784784,0.16371884031126996,7.164927449333255e-28,0.23219572256460366,0.30608237936649074
dim 33,33,0.2352308779631003,Charge_group1_D0,-0.025182034086921237,0.44134339002150746,0.02323696455279925,0.4774310039929384,0.47813393534603793,0.5723688274717926,0.0019450695341219869
dim 33,33,0.2352308779631003,Charge_group1_D25,-0.1440673298968133,9.546657563516399e-06,-0.014839832193534854,0.6500644623231903,1.6326593068174488e-05,0.7288403169383872,0.12922749770327846
dim 33,33,0.2352308779631003,Charge_group1_D50,-0.025752184661019976,0.4310685625549465,0.015856424158799523,0.6278501906747993,0.46806534425667146,0.712060997233898,0.009895760502220453
dim 33,33,0.2352308779631003,Charge_group1_D75,-0.12550838332303588,0.00011716586242146308,-0.04675765707488694,0.15267544183116633,0.0001859501686012085,0.21810777404452333,0.07875072624814894
dim 33,33,0.2352308779631003,Charge_group1_D100,0.05361572655241733,0.10096548511280438,-0.014769673246489591,0.6516093688932904,0.11911858716946896,0.7298374554337993,0.03884605330592774
dim 33,33,0.2352308779631003,Charge_group2_D0,-0.047787953400929034,0.14382521326731193,-0.1047627154910904,0.0013209251645127057,0.1652480950508503,0.003856962976493126,-0.05697476209016136
dim 33,33,0.2352308779631003,Charge_group2_D25,0.19438406411150472,1.9785495740027984e-09,0.05846232606391427,0.07366319731282352,4.161432983104123e-09,0.11721537828719893,0.13592173804759045
dim 33,33,0.2352308779631003,Charge_group2_D50,0.05506782847400847,0.09205039701109743,0.0928043173508449,0.004467311193463398,0.1093343975878611,0.011077074525737007,-0.037736488876836435
dim 33,33,0.2352308779631003,Charge_group2_D75,0.09717854071981515,0.0029036424006616416,0.11845807727604084,0.00027904184566749816,0.004104175039445571,0.00096480306887106,-0.021279536556225692
dim 33,33,0.2352308779631003,Charge_group2_D100,-0.1597131798794268,8.926271571254885e-07,0.028802267861670776,0.37850384176446605,1.6381179696698526e-06,0.4720389245745249,0.130910912017756
dim 33,33,0.2352308779631003,Charge_group3_D0,0.023507430789609967,0.4723184177665014,0.010422486585312828,0.7500148016570803,0.5098718536975161,0.8102080228850365,0.01308494420429714
dim 33,33,0.2352308779631003,Charge_group3_D25,-0.2402522949528179,9.065134135684414e-14,-0.07302299866768351,0.025399745404773244,2.433886496236812e-13,0.048311588640058446,0.1672292962851344
dim 33,33,0.2352308779631003,Charge_group3_D50,-0.0584023665493424,0.07395979299222118,-0.07104524207872616,0.02966216202444367,0.08911461348990575,0.054997611758215666,-0.012642875529383757
dim 33,33,0.2352308779631003,Charge_group3_D75,-0.027774815324179143,0.39575405334091474,-0.08697136421480989,0.007727999780216955,0.4323907550404498,0.017776528420058287,-0.059196548890630744
dim 33,33,0.2352308779631003,Charge_group3_D100,0.15522205705525188,1.8056738352077867e-06,0.002348355049086396,0.9427703350448742,3.245936818941877e-06,0.9600161338566707,0.15287370200616548
dim 33,33,0.2352308779631003,SecondaryStructure_C1,0.388256946458453,4.471078561404917e-35,-0.09161023697308834,0.005009986648174615,3.607102027800102e-34,0.012187440207504162,0.29664670948536465
dim 33,33,0.2352308779631003,SecondaryStructure_C2,-0.1664498163028731,2.989794317631923e-07,0.025434213523015163,0.4367816249275378,5.712764886093034e-07,0.5312638846533053,0.14101560277985792
dim 33,33,0.2352308779631003,SecondaryStructure_C3,-0.40727558502634165,9.553780554440098e-39,0.10566657501287073,0.0011984164253629737,9.276054375531956e-38,0.0035516511630100554,0.3016090100134709
dim 33,33,0.2352308779631003,SecondaryStructure_T12,0.28269602185076814,1.1195234175096982e-18,-0.10828551147302769,0.000900139031416518,4.182559524029521e-18,0.0027331494226647004,0.17441051037774047
dim 33,33,0.2352308779631003,SecondaryStructure_T13,0.25664705468542065,1.4677754182416501e-15,-0.019839527774815263,0.5441522295653257,4.408606022416467e-15,0.6357007508737977,0.2368075269106054
dim 33,33,0.2352308779631003,SecondaryStructure_T23,-0.34424548745609845,1.84696867448543e-27,0.12948949551449374,7.032348278174358e-05,1.0438029395569097e-26,0.0002740728500478688,0.21475599194160472
dim 33,33,0.2352308779631003,SecondaryStructure_group1_D0,-0.1098594170543646,0.0007556231621926872,-0.09151765456722255,0.005054452115974991,0.001122179351588962,0.012268800921043946,0.018341762487142046
dim 33,33,0.2352308779631003,SecondaryStructure_group1_D25,0.02142193589126108,0.5125095680661177,-0.0250682794123172,0.44341002386112055,0.5504122049327438,0.5377594334408652,-0.0036463435210561217
dim 33,33,0.2352308779631003,SecondaryStructure_group1_D50,0.11909902265529416,0.00025836639058163,-0.01963411058491535,0.5483298609466448,0.0003982204635637491,0.6392396982763678,0.09946491207037882
dim 33,33,0.2352308779631003,SecondaryStructure_group1_D75,0.19098598004083348,3.7996597717422364e-09,0.06212129489100734,0.05732049240255466,7.921887414244113e-09,0.09491841577815198,0.12886468514982613
dim 33,33,0.2352308779631003,SecondaryStructure_group1_D100,0.15949065571139573,9.247650577555519e-07,0.006800324010575908,0.8353183290199099,1.6943035068039184e-06,0.8771969841696082,0.15269033170081983
dim 33,33,0.2352308779631003,SecondaryStructure_group2_D0,-0.10377268968744743,0.0014682820691552588,-0.045968365053418725,0.15973078742541252,0.0021220519735952246,0.22702162978760757,0.05780432463402871
dim 33,33,0.2352308779631003,SecondaryStructure_group2_D25,0.08252642235715953,0.011500512953300068,0.04345021197681081,0.1838865773401233,0.0152617747102811,0.25708713617246204,0.03907621038034872
dim 33,33,0.2352308779631003,SecondaryStructure_group2_D50,-0.006147259743738589,0.8509385680348183,0.04296347934054863,0.1888519594748453,0.8628217417232219,0.2624908633566306,-0.03681621959681004
dim 33,33,0.2352308779631003,SecondaryStructure_group2_D75,-0.1944205546031094,1.964607498936816e-09,-0.06187931812074911,0.05829932726693052,4.1399299977596e-09,0.09625296741055261,0.13254123648236027
dim 33,33,0.2352308779631003,SecondaryStructure_group2_D100,-0.06924326615596842,0.03406658449733406,0.008173386356990373,0.8026946250011388,0.043411824578823255,0.8513814060031132,0.061069879798978044
dim 33,33,0.2352308779631003,SecondaryStructure_group3_D0,0.05418917797769737,0.09736604686372885,-0.09492581326103376,0.0036326776067860085,0.11527919054408167,0.009318850389143832,-0.04073663528333639
dim 33,33,0.2352308779631003,SecondaryStructure_group3_D25,0.024068599478577986,0.46180742016486076,-0.00869587553370728,0.7903667344181182,0.49900898846672115,0.8411105742185366,0.015372723944870706
dim 33,33,0.2352308779631003,SecondaryStructure_group3_D50,-0.12959963584871526,6.932264675537362e-05,-0.0006023338211181672,0.985309299859656,0.00011261558373684237,0.9894567232505265,0.1289973020275971
dim 33,33,0.2352308779631003,SecondaryStructure_group3_D75,-0.06322255478833744,0.053036509455507336,-0.01966057674256954,0.5477907242518807,0.06582755168390728,0.6389978987878232,0.0435619780457679
dim 33,33,0.2352308779631003,SecondaryStructure_group3_D100,-0.0503027442830924,0.12387542828516841,0.10845831621697488,0.0008831058091737789,0.14386089376650296,0.0026863145743537533,-0.05815557193388248
dim 33,33,0.2352308779631003,SolventAccessibility_C1,0.1362290167076897,2.8644214872560102e-05,0.09679776482900056,0.0030166521434616764,4.77403581209335e-05,0.00790244561502902,0.039431251878689136
dim 33,33,0.2352308779631003,SolventAccessibility_C2,0.3595104930587207,5.732653075603868e-30,-0.1274520938179098,9.148813842438102e-05,3.6750597452047835e-29,0.00034723907083799156,0.23205839924081087
dim 33,33,0.2352308779631003,SolventAccessibility_C3,-0.4737336809716758,1.3765441659336998e-53,0.03456769534867137,0.29049499698872605,2.485220277955977e-52,0.37811897503598796,0.4391659856230044
dim 33,33,0.2352308779631003,SolventAccessibility_T12,0.4434961773829325,1.9990664222545712e-46,-0.061944557461356485,0.058034068391532946,2.7820341043042785e-45,0.09590984088457202,0.38155161992157605
dim 33,33,0.2352308779631003,SolventAccessibility_T13,-0.3065713342081757,7.693099618671978e-22,0.10439986698300797,0.0013732732457676644,3.3500590256016177e-21,0.0039746383369705365,0.20217146722516777
dim 33,33,0.2352308779631003,SolventAccessibility_T23,-0.03883701117495143,0.23495959091645688,-0.05098953177961628,0.1188203899563884,0.2633439710271698,0.17764552482289045,-0.012152520604664846
dim 33,33,0.2352308779631003,SolventAccessibility_group1_D0,-0.007524128531234188,0.8180818101160086,-0.059195857262914126,0.07011271344987484,0.8330467212766672,0.11242268983321266,-0.05167172873167994
dim 33,33,0.2352308779631003,SolventAccessibility_group1_D25,0.16784372163060396,2.3709831966725408e-07,-0.028034426526719197,0.391351196504358,4.548583501945024e-07,0.48411592456465025,0.13980929510388476
dim 33,33,0.2352308779631003,SolventAccessibility_group1_D50,0.22068823301256443,8.447738014830318e-12,0.006098319336258999,0.8521115788742476,2.026971621374516e-11,0.8905045911889822,0.21458991367630542
dim 33,33,0.2352308779631003,SolventAccessibility_group1_D75,0.2086491377788768,1.1227029043058517e-10,0.018159660504114078,0.5787720638584133,2.530248110918721e-10,0.6649806306457174,0.19048947727476273
dim 33,33,0.2352308779631003,SolventAccessibility_group1_D100,-0.014523809317690154,0.6570350748688171,0.012071916651859416,0.712092655937788,0.6887391495166205,0.7813368826649842,0.0024518926658307384
dim 33,33,0.2352308779631003,SolventAccessibility_group2_D0,-0.01837447779096265,0.574287884766431,-0.05932599116290876,0.06949771782934663,0.610866730929898,0.11159729689904699,-0.04095151337194611
dim 33,33,0.2352308779631003,SolventAccessibility_group2_D25,-0.3987608255585095,4.497326044316109e-37,-0.03161683163008838,0.3336663122004254,3.9633427409012675e-36,0.424388988099551,0.3671439939284211
dim 33,33,0.2352308779631003,SolventAccessibility_group2_D50,-0.23610371103680783,2.4549513386886314e-13,-0.07306583599217605,0.025313606925148963,6.3414829630472e-13,0.048206197462285695,0.1630378750446318
dim 33,33,0.2352308779631003,SolventAccessibility_group2_D75,-0.2589064495092183,8.12143083947202e-16,-0.07520755096516993,0.021316815179188712,2.490870431940913e-15,0.041832057989712276,0.1836988985440484
dim 33,33,0.2352308779631003,SolventAccessibility_group2_D100,0.21052655620793653,7.575707866881553e-11,0.019234053994357576,0.5565110587752238,1.7318866718264467e-10,0.6459441633039467,0.19129250221357896
dim 33,33,0.2352308779631003,SolventAccessibility_group3_D0,-0.21880168255867147,1.2799674376127839e-11,-0.08756272601778055,0.00732032004697388,3.0514569890269084e-11,0.01697907566450886,0.1312389565408909
dim 33,33,0.2352308779631003,SolventAccessibility_group3_D25,0.039102514058441076,0.23177252431309098,0.040971539084356697,0.2102022478543021,0.2598590907034991,0.2879719064123745,-0.0018690250259156202
dim 33,33,0.2352308779631003,SolventAccessibility_group3_D50,-0.06584406697806992,0.0439032438331946,0.028848949495156862,0.3777312258860063,0.05525125636882817,0.4716885511593687,0.036995117482913065
dim 33,33,0.2352308779631003,SolventAccessibility_group3_D75,0.1047933359283147,0.0013165927603991064,0.09240593134494324,0.004642149046221256,0.001911921660753485,0.011408960864149371,0.012387404583371467
dim 33,33,0.2352308779631003,SolventAccessibility_group3_D100,-0.17101825380891567,1.3881788523693756e-07,0.004976626398818419,0.8790809365281006,2.684723431912979e-07,0.9124084300819938,0.16604162741009726
dim 9,9,0.2328315766408124,AAC_A,-0.02018501201693818,0.5371618355154498,0.21482916324508244,3.032690269943347e-11,0.5756363185571604,4.562696171896748e-10,-0.19464415122814427
dim 9,9,0.2328315766408124,AAC_C,-0.09263872307964381,0.004539248270375045,-0.03342389072118992,0.3067617969606795,0.006293519810316584,0.395287192071246,0.059214832358453894
dim 9,9,0.2328315766408124,AAC_D,0.2458571609753024,2.289700301596088e-14,0.08251789641507021,0.011509094723993843,6.35710640675888e-14,0.024896616825219844,0.1633392645602322
dim 9,9,0.2328315766408124,AAC_E,0.30749472027831387,5.724237002683848e-22,-0.21803783963931622,1.5128548944967625e-11,2.4992093580345164e-21,2.4891307131129e-10,0.08945688063899765
dim 9,9,0.2328315766408124,AAC_F,0.08429148499255257,0.009841427575914424,-0.09965480896513525,0.002258028140808539,0.013116667240045562,0.006151561166639902,-0.01536332397258268
dim 9,9,0.2328315766408124,AAC_G,-0.08659733503311298,0.007996225349581635,0.15993951510572582,8.610415722270952e-07,0.010756098537093299,5.374052981139396e-06,-0.07334218007261284
dim 9,9,0.2328315766408124,AAC_H,0.412731874793345,7.62926040208308e-40,0.11064596567136398,0.0006917586889559519,8.057774311236433e-39,0.0021694591747538775,0.302085909121981
dim 9,9,0.2328315766408124,AAC_I,0.13615201945493297,2.894666562259583e-05,-0.1778536590298868,4.237277529558098e-08,4.819634256204889e-05,3.4020449395971266e-07,-0.04170163957495385
dim 9,9,0.2328315766408124,AAC_K,0.26064723778331833,5.127312293283577e-16,-0.14523452479105986,8.065189139360735e-06,1.6034853052029165e-15,4.0205569739499786e-05,0.11541271299225847
dim 9,9,0.2328315766408124,AAC_L,0.23507467905402651,3.134003956534306e-13,-0.09788095177855298,0.0027052442146933498,8.027280072718238e-13,0.007182444894336874,0.13719372727547352
dim 9,9,0.2328315766408124,AAC_M,0.1282746089230694,8.23073861356497e-05,-0.17941701064579332,3.208979768474207e-08,0.00013274102834044904,2.6269589281136896e-07,-0.05114240172272391
dim 9,9,0.2328315766408124,AAC_N,-0.02882514178578072,0.3781251399452337,-0.046596171809541044,0.15409932222037132,0.4143497268428742,0.22004777093460462,-0.017771030023760324
dim 9,9,0.2328315766408124,AAC_P,-0.4116271352740694,1.2775476279763173e-39,-0.005759356891105688,0.8602447098761689,1.3210554419321672e-38,0.8970394414568854,0.40586777838296373
dim 9,9,0.2328315766408124,AAC_Q,0.06640933687800063,0.04211819712640297,-0.02769554144929627,0.3971044241172685,0.053124916315024896,0.4894202127496962,0.03871379542870436
dim 9,9,0.2328315766408124,AAC_R,-0.08960837931542638,0.006054496364622143,0.02847901063448087,0.383880602600554,0.00827753493976175,0.47666674676315696,0.06112936868094551
dim 9,9,0.2328315766408124,AAC_S,-0.4310578724464636,1.1064903957670644e-43,-0.028786696711732052,0.37876177181428944,1.3687696006896278e-42,0.4720389245745249,0.40227117573473153
dim 9,9,0.2328315766408124,AAC_T,-0.38897527868695786,3.281713505982582e-35,0.108000531130531,0.0009288947608643267,2.6604182305781125e-34,0.002803519279072811,0.2809747475564269
dim 9,9,0.2328315766408124,AAC_V,0.10141751708613655,0.0018816066401267794,0.14049640542517777,1.5863441412837696e-05,0.0026949254622742037,7.441558190853638e-05,-0.03907888833904122
dim 9,9,0.2328315766408124,AAC_W,-0.08946887678588364,0.0061341128836862775,0.0488981197885332,0.13473433299859036,0.008382952958883865,0.1966838602339562,0.04057075699735044
dim 9,9,0.2328315766408124,AAC_Y,0.026443095535969,0.418805054201404,-0.05865083155333352,0.07273705597864112,0.4556380719976187,0.11590733156901781,-0.03220773601736451
dim 9,9,0.2328315766408124,Hydrophobicity_C1,0.333462665194958,9.041467397787626e-26,-0.17410412382796933,8.171288855955191e-08,4.689208246678676e-25,6.20275108611144e-07,0.15935854136698865
dim 9,9,0.2328315766408124,Hydrophobicity_C2,-0.359075576839257,6.787831676432478e-30,0.20701328985806042,1.5769500663850305e-10,4.3265949998634496e-29,2.0494214870529192e-09,0.1520622869811966
dim 9,9,0.2328315766408124,Hydrophobicity_C3,0.3015079645565484,3.819236198322601e-21,-0.17896081394094088,3.4809991672741564e-08,1.6065804662969127e-20,2.828841172432039e-07,0.1225471506156075
dim 9,9,0.2328315766408124,Hydrophobicity_T12,0.13255597160053317,4.698172292327577e-05,0.08281630187976535,0.01121208857002524,7.711005138267375e-05,0.024432556251911708,0.04973966972076782
dim 9,9,0.2328315766408124,Hydrophobicity_T13,0.3465694182621525,7.824946487244284e-28,-0.17025704387116758,1.5797453248442802e-07,4.4983341251972306e-27,1.1445443351366368e-06,0.1763123743909849
dim 9,9,0.2328315766408124,Hydrophobicity_T23,-0.11833464462748033,0.00028319719191059533,0.0989118630673171,0.002436392521178112,0.0004344871938361913,0.006562541145753947,0.019422781560163235
dim 9,9,0.2328315766408124,Hydrophobicity_group1_D0,-0.01320456847562811,0.6864510579124915,-0.04942151816059097,0.13060520515884494,0.7155888056890517,0.19132516896076407,-0.03621694968496286
dim 9,9,0.2328315766408124,Hydrophobicity_group1_D25,-0.40485399597220967,2.889781747036326e-38,-0.047568120547540144,0.14567982649151087,2.718836911296149e-37,0.2101816935125902,0.3572858754246695
dim 9,9,0.2328315766408124,Hydrophobicity_group1_D50,-0.23128583824509755,7.625763110904694e-13,-0.06551882412990137,0.04495892368226761,1.9064407777261734e-12,0.07792190372082473,0.16576701411519618
dim 9,9,0.2328315766408124,Hydrophobicity_group1_D75,-0.2615288755778468,4.056563218528886e-16,-0.0813154502384219,0.012777737143566672,1.2782001084798565e-15,0.027252644993303116,0.18021342533942492
dim 9,9,0.2328315766408124,Hydrophobicity_group1_D100,0.20505033436287562,2.3619730976342705e-10,0.01117016565754914,0.7327436944824476,5.224496785495671e-10,0.7974467056276882,0.19388016870532648
dim 9,9,0.2328315766408124,Hydrophobicity_group2_D0,0.1069986269001405,0.0010368722325262293,-0.09681577049118896,0.0030112193230564825,0.0015189268669463182,0.007894405446631595,0.010182856408951543
dim 9,9,0.2328315766408124,Hydrophobicity_group2_D25,0.3428784302580889,3.050687922325638e-27,-0.004335232682343374,0.894567524026674,1.7124870017760726e-26,0.9233175309793237,0.3385431975757455
dim 9,9,0.2328315766408124,Hydrophobicity_group2_D50,0.17130294869784252,1.3224646975961696e-07,0.006322231008176634,0.8467475415023089,2.5620835788696093e-07,0.8865632566199723,0.16498071768966588
dim 9,9,0.2328315766408124,Hydrophobicity_group2_D75,0.2717821203608673,2.4928024297423604e-17,0.15261823012213566,2.6923325221390367e-06,8.636888086451746e-17,1.513870475411512e-05,0.11916389023873164
dim 9,9,0.2328315766408124,Hydrophobicity_group2_D100,-0.05217555040249726,0.11047257553251744,0.12874357711790596,7.74694024080479e-05,0.12919411844489084,0.0002994766250496296,-0.0765680267154087
dim 9,9,0.2328315766408124,Hydrophobicity_group3_D0,-0.31073460473305636,2.0119850582300638e-22,-0.08761767067400555,0.007283437667075332,8.900702111905183e-22,0.0169287973611911,0.2231169340590508
dim 9,9,0.2328315766408124,Hydrophobicity_group3_D25,-0.27069613678833726,3.3689081339916804e-17,0.06185276412567168,0.058407581643243854,1.1505269087456248e-16,0.0963261138025555,0.2088433726626656
dim 9,9,0.2328315766408124,Hydrophobicity_group3_D50,-0.12908653717038807,7.410266031227619e-05,0.03624973187409616,0.26764423543913435,0.00012008873626540633,0.35097438019894334,0.0928368052962919
dim 9,9,0.2328315766408124,Hydrophobicity_group3_D75,-0.061359940761940616,0.0604471505334665,-0.04114212956580372,0.20830823054548758,0.07376451690967414,0.28572874333549425,0.020217811196136894
dim 9,9,0.2328315766408124,Hydrophobicity_group3_D100,-0.07501118015109251,0.0216588982069393,-0.06480969235620516,0.04733489078131162,0.0282030097509463,0.08145554357062897,0.010201487794887346
dim 9,9,0.2328315766408124,NormVanDerWaalsVolume_C1,-0.3589441306713731,7.143074508733416e-30,0.19704008436122505,1.178306170298567e-09,4.544355973175164e-29,1.2903418389499062e-08,0.16190404631014804
dim 9,9,0.2328315766408124,NormVanDerWaalsVolume_C2,0.3291855571055656,4.056413610654949e-25,-0.189554499322215,4.984205663738197e-09,2.019138816630034e-24,4.82528896141611e-08,0.13963105778335058
dim 9,9,0.2328315766408124,NormVanDerWaalsVolume_C3,0.2877643269859463,2.526347921475333e-19,-0.13038577469226326,6.256019324824545e-05,9.698852939916795e-19,0.00024802161343750735,0.15737855229368303
dim 9,9,0.2328315766408124,NormVanDerWaalsVolume_T12,-0.15264084270181708,2.6830844665777247e-06,0.04484402017605224,0.17020246491750032,4.751691432261341e-06,0.24016739874290285,0.10779682252576483
dim 9,9,0.2328315766408124,NormVanDerWaalsVolume_T13,0.05861739116186057,0.07290065329091491,0.06324766210963988,0.052942042428263475,0.0879018707551104,0.08921615626155399,-0.004630270947779305
dim 9,9,0.2328315766408124,NormVanDerWaalsVolume_T23,0.26611924913467033,1.1810280162022292e-16,-0.22243609190036864,5.729004556172983e-12,3.8446720995277245e-16,1.0571754263877216e-10,0.04368315723430169
dim 9,9,0.2328315766408124,NormVanDerWaalsVolume_group1_D0,0.10586348192582988,0.0011731576894528062,-0.09845338778970558,0.002552791646191048,0.0017088297787930104,0.006848453090986426,0.007410094136124298
dim 9,9,0.2328315766408124,NormVanDerWaalsVolume_group1_D25,0.2521108499222512,4.733173101869173e-15,-0.06815862650827302,0.03697791664520144,1.3699131854630015e-14,0.06597555640757094,0.18395222341397816
dim 9,9,0.2328315766408124,NormVanDerWaalsVolume_group1_D50,0.11872653773719632,0.00027020031614150664,0.015421924759714581,0.6373051165110089,0.0004155014069579338,0.7186357492055265,0.10330461297748174
dim 9,9,0.2328315766408124,NormVanDerWaalsVolume_group1_D75,0.24501969408636992,2.8185614186631542e-14,0.13040789047067614,6.23792838886888e-05,7.767322721398462e-14,0.00024802161343750735,0.11461180361569379
dim 9,9,0.2328315766408124,NormVanDerWaalsVolume_group1_D100,-0.07265004122136418,0.02616045817475472,0.0879950172198804,0.007034604445094314,0.03370984965419783,0.016455754046936562,-0.015344975998516225
dim 9,9,0.2328315766408124,NormVanDerWaalsVolume_group2_D0,-0.06395858898654068,0.05032486361105115,-0.05432033423051623,0.09655736897059947,0.06276513982857014,0.14808943055579832,0.00963825475602445
dim 9,9,0.2328315766408124,NormVanDerWaalsVolume_group2_D25,-0.29496539149996515,2.89055828351783e-20,-0.020368889785221975,0.5334597861475265,1.1603923878545135e-19,0.6250231584124729,0.27459650171474315
dim 9,9,0.2328315766408124,NormVanDerWaalsVolume_group2_D50,-0.07576226127159418,0.020375754700068156,0.0016228304791947546,0.960433733005702,0.02657361214300181,0.9711924517829381,0.07413943079239942
dim 9,9,0.2328315766408124,NormVanDerWaalsVolume_group2_D75,-0.05959076746756204,0.06826007102432238,-0.07163437396957804,0.028332522398143056,0.08260457870334666,0.05283675310429805,-0.012043606502016004
dim 9,9,0.2328315766408124,NormVanDerWaalsVolume_group2_D100,0.11975041316940153,0.00023882988437654528,0.01327130092357346,0.6849511669178862,0.00037015861430053887,0.7599093458934021,0.10647911224582807
dim 9,9,0.2328315766408124,NormVanDerWaalsVolume_group3_D0,-0.16362405835449867,4.756148640280458e-07,-0.03698104628416115,0.2581045744443517,8.944558816743655e-07,0.34154884256899154,0.1266430120703375
dim 9,9,0.2328315766408124,NormVanDerWaalsVolume_group3_D25,-0.05776225512172908,0.07718730641136443,0.1263801580843039,0.00010490701601741761,0.09270248234949917,0.0003932795004180411,-0.0686179029625748
dim 9,9,0.2328315766408124,NormVanDerWaalsVolume_group3_D50,-0.09228164135405047,0.004697948148965097,-0.0026660836451292387,0.9350433372699066,0.00650545058770457,0.9542366256823899,0.08961555770892123
dim 9,9,0.2328315766408124,NormVanDerWaalsVolume_group3_D75,-0.12497274060402523,0.00012535411885241022,-0.06837883452380236,0.03637030728008152,0.00019833384981859315,0.06523997116835246,0.05659390608022287
dim 9,9,0.2328315766408124,NormVanDerWaalsVolume_group3_D100,0.08763374857471641,0.0072726766782110945,-0.014176013796483387,0.6647410700606818,0.00983829084861282,0.7415615143629517,0.07345773477823303
dim 9,9,0.2328315766408124,Polarity_C1,0.2972466698969216,1.4356677752758946e-20,-0.19630777208099154,1.3602961235043902e-09,5.833491933602783e-20,1.48476766421721e-08,0.10093889781593007
dim 9,9,0.2328315766408124,Polarity_C2,-0.3878679953823943,5.284431407822576e-35,0.1831721520774784,1.6294480663069585e-08,4.222488254097465e-34,1.4209808202259115e-07,0.20469584330491591
dim 9,9,0.2328315766408124,Polarity_C3,0.39410822311042953,3.5205930888839326e-36,-0.1334092819924626,4.192756306905861e-05,2.9920562129446144e-35,0.00017637035346430196,0.26069894111796693
dim 9,9,0.2328315766408124,Polarity_T12,-0.2423747482221034,5.405630862730257e-14,0.10055482849003054,0.002057984890899921,1.4702611629901514e-13,0.005652688762833664,0.14181991973207286
dim 9,9,0.2328315766408124,Polarity_T13,0.40300717329387203,6.68046268071593e-38,-0.1266297358954154,0.00010162649147628143,6.215249402114543e-37,0.00038397339539680993,0.27637743739845666
dim 9,9,0.2328315766408124,Polarity_T23,-0.0031945182028385037,0.922205950435265,0.07828328648919176,0.016540425167984516,0.9283206372675663,0.0340178694957317,-0.07508876828635326
dim 9,9,0.2328315766408124,Polarity_group1_D0,-0.23293070004543465,5.193493459426496e-13,-0.07329955336904222,0.024848073435042983,1.3161053227985205e-12,0.04750576146138727,0.15963114667639244
dim 9,9,0.2328315766408124,Polarity_group1_D25,-0.19867589159200086,8.532197147009414e-10,0.08006357244757205,0.014228303911919012,1.825595033376774e-09,0.030002292982202517,0.11861231914442881
dim 9,9,0.2328315766408124,Polarity_group1_D50,-0.1318207864413122,5.179364951238128e-05,-0.002501645660002857,0.9390416689215763,8.484099527776042e-05,0.9568026766925152,0.12931914078130935
dim 9,9,0.2328315766408124,Polarity_group1_D75,-0.14856305776802764,4.9504243748239324e-06,-0.07995212217548908,0.01436421637938789,8.643187355939328e-06,0.030230927981824543,0.06861093559253856
dim 9,9,0.2328315766408124,Polarity_group1_D100,0.01834381253483892,0.5749269973577336,0.010982205926153083,0.7370731906145749,0.6113518532871156,0.8004427358939702,0.0073616066086858375
dim 9,9,0.2328315766408124,Polarity_group2_D0,0.11386761498473061,0.00047896798149331757,-0.09432561158486984,0.003853138209706946,0.0007241978534122593,0.009785746360824117,0.01954200339986077
dim 9,9,0.2328315766408124,Polarity_group2_D25,0.32864174674691254,4.901048696163488e-25,-0.031830572836581965,0.3304070324242565,2.4251115029905257e-24,0.42072416633511883,0.2968111739103306
dim 9,9,0.2328315766408124,Polarity_group2_D50,0.2481874811654379,1.279015898627431e-14,0.07189701981408551,0.027756468727990955,3.614139679708646e-14,0.05193647369831361,0.1762904613513524
dim 9,9,0.2328315766408124,Polarity_group2_D75,0.3143529898395402,6.162600027897108e-23,0.1951937264141782,1.6906905885637986e-09,2.8118967340404835e-22,1.7926687510485994e-08,0.11915926342536198
dim 9,9,0.2328315766408124,Polarity_group2_D100,-0.01570468820143867,0.6311452210253821,0.11533665993588835,0.0004037708628518147,0.6649921256229577,0.0013512972764780171,-0.09963197173444968
dim 9,9,0.2328315766408124,Polarity_group3_D0,-0.05643134742201855,0.08426481370743015,-0.05744072179690894,0.07885123331425681,0.10062369602531882,0.12381904996220862,-0.00100937437489039
dim 9,9,0.2328315766408124,Polarity_group3_D25,-0.4494534016658908,8.83376829496161e-48,-0.04319805223254396,0.18644678854129007,1.294069566016306e-46,0.259530552356077,0.40625534943334685
dim 9,9,0.2328315766408124,Polarity_group3_D50,-0.2858969734262569,4.387767616756883e-19,-0.07135039214915728,0.02896691365541564,1.6691507790396342e-18,0.05394294509241819,0.21454658127709963
dim 9,9,0.2328315766408124,Polarity_group3_D75,-0.2455840848842979,2.450436793928248e-14,-0.06297129611466888,0.05398964514081764,6.786450158972096e-14,0.0905248066116119,0.182612788769629
dim 9,9,0.2328315766408124,Polarity_group3_D100,0.1808843934535719,2.4665384836582195e-08,0.010907629248743812,0.7387933224430525,4.921289447681274e-08,0.8017595152159009,0.1699767642048281
dim 9,9,0.2328315766408124,Polarizability_C1,-0.29000520556408804,1.2953933361148065e-19,0.22224914240048782,5.972919325192114e-12,5.036802959980738e-19,1.0842147035946556e-10,0.06775606316360022
dim 9,9,0.2328315766408124,Polarizability_C2,0.1878899342414439,6.815490771640786e-09,-0.21433351690659772,3.3733497888580865e-11,1.4043022317877993e-08,4.98539305079027e-10,-0.026443582665153814
dim 9,9,0.2328315766408124,Polarizability_C3,0.2877643269859463,2.526347921475333e-19,-0.13038577469226326,6.256019324824545e-05,9.698852939916795e-19,0.00024802161343750735,0.15737855229368303
dim 9,9,0.2328315766408124,Polarizability_T12,-0.34700569306840956,6.6544243775109505e-28,0.10233874035753673,0.0017086516005744836,3.845290211226051e-27,0.004836352835524386,0.24466695271087283
dim 9,9,0.2328315766408124,Polarizability_T13,0.10446427523004545,0.001363843819105645,0.10560494879234375,0.001206424156078772,0.001978817704523395,0.00356904931913472,-0.0011406735622983
dim 9,9,0.2328315766408124,Polarizability_T23,0.23623196483470976,2.38116412489548e-13,-0.24264462420556654,5.059908835887061e-14,6.160409122502636e-13,1.5943486331946022e-12,-0.006412659370856777
dim 9,9,0.2328315766408124,Polarizability_group1_D0,0.08165901466997239,0.012403217487690035,-0.0991738744267856,0.0023720703143283446,0.0164001371373257,0.006404781608614932,-0.017514859756813217
dim 9,9,0.2328315766408124,Polarizability_group1_D25,0.2524963653036384,4.288718810704581e-15,-0.07185534782088386,0.027847188157339716,1.2445109320376456e-14,0.052077048401743924,0.18064101748275452
dim 9,9,0.2328315766408124,Polarizability_group1_D50,0.25693729471246246,1.3607625277598086e-15,0.03945360812242624,0.22760526150168509,4.098238812189144e-15,0.3071521508750013,0.21748368659003622
dim 9,9,0.2328315766408124,Polarizability_group1_D75,0.28046248278333263,2.136805889427707e-18,0.14399477444193615,9.646842569590452e-06,7.817011687501141e-18,4.745280439238897e-05,0.1364677083413965
dim 9,9,0.2328315766408124,Polarizability_group1_D100,-0.002363983766618099,0.9423901208311004,0.0763104722649307,0.019481476859390945,0.946356886222452,0.038823468204275506,-0.0739464884983126
dim 9,9,0.2328315766408124,Polarizability_group2_D0,0.00814097272400768,0.8034610615032216,-0.08678393994367685,0.007861383265324831,0.8204096439684379,0.018033667655346797,-0.07864296721966917
dim 9,9,0.2328315766408124,Polarizability_group2_D25,-0.2399837349270031,9.674557235357611e-14,-0.028961440413091025,0.37587340698987676,2.5891843883088476e-13,0.4696659855391651,0.21102229451391208
dim 9,9,0.2328315766408124,Polarizability_group2_D50,-0.28867290524540734,1.9283583959719808e-19,-0.05097410954182811,0.11893210427979242,7.445915656123024e-19,0.17765350102616578,0.23769879570357924
dim 9,9,0.2328315766408124,Polarizability_group2_D75,-0.1588648294520044,1.0212235863884375e-06,-0.096095224414121,0.0032357263617490972,1.8628546032426988e-06,0.008441331341052228,0.0627696050378834
dim 9,9,0.2328315766408124,Polarizability_group2_D100,-0.05021572521920613,0.12452771010590595,0.011952187422463545,0.714822858168055,0.1445179123536226,0.7833284055746449,0.03826353779674258
dim 9,9,0.2328315766408124,Polarizability_group3_D0,-0.16362405835449867,4.756148640280458e-07,-0.03698104628416115,0.2581045744443517,8.944558816743655e-07,0.34154884256899154,0.1266430120703375
dim 9,9,0.2328315766408124,Polarizability_group3_D25,-0.05776225512172908,0.07718730641136443,0.1263801580843039,0.00010490701601741761,0.09270248234949917,0.0003932795004180411,-0.0686179029625748
dim 9,9,0.2328315766408124,Polarizability_group3_D50,-0.09228164135405047,0.004697948148965097,-0.0026660836451292387,0.9350433372699066,0.00650545058770457,0.9542366256823899,0.08961555770892123
dim 9,9,0.2328315766408124,Polarizability_group3_D75,-0.12497274060402523,0.00012535411885241022,-0.06837883452380236,0.03637030728008152,0.00019833384981859315,0.06523997116835246,0.05659390608022287
dim 9,9,0.2328315766408124,Polarizability_group3_D100,0.08763374857471641,0.0072726766782110945,-0.014176013796483387,0.6647410700606818,0.00983829084861282,0.7415615143629517,0.07345773477823303
dim 9,9,0.2328315766408124,Charge_C1,0.2244241644949768,3.66872688950233e-12,-0.13746916278710264,2.416737218069018e-05,8.924652447878938e-12,0.00010733912644083138,0.08695500170787415
dim 9,9,0.2328315766408124,Charge_C2,-0.3409597257225408,6.144056632589174e-27,0.1473045081703159,5.961218629177493e-06,3.397541250471497e-26,3.065009785003438e-05,0.1936552175522249
dim 9,9,0.2328315766408124,Charge_C3,0.3448638163427666,1.4707138737080415e-27,-0.10446204343474491,0.0013641695562529403,8.354054996913025e-27,0.003951714065815109,0.24040177290802167
dim 9,9,0.2328315766408124,Charge_T12,0.15385824646723067,2.227739875475703e-06,-0.13198175379037036,5.070181560669677e-05,3.9750832412790405e-06,0.00020778412776241377,0.021876492676860315
dim 9,9,0.2328315766408124,Charge_T13,0.26051275637319055,5.313415261474113e-16,-0.17363089260183096,8.868558321805934e-08,1.6601316158394327e-15,6.716776597467534e-07,0.08688186377135959
dim 9,9,0.2328315766408124,Charge_T23,0.3517938109653395,1.1052323963638515e-28,-0.04047707018125008,0.21576242889582156,6.7362704449913575e-28,0.2947429499026765,0.31131674078408944
dim 9,9,0.2328315766408124,Charge_group1_D0,-0.012334396664005577,0.7061202078262697,0.04509371405094771,0.16783365870345776,0.732207852884117,0.23722573849748158,-0.032759317386942134
dim 9,9,0.2328315766408124,Charge_group1_D25,-0.14091959782510555,1.494639925717277e-05,-0.010443254148966383,0.7495333393279245,2.5302064632010667e-05,0.8101751952606046,0.13047634367613917
dim 9,9,0.2328315766408124,Charge_group1_D50,-0.019847169721955004,0.5439971183382556,0.025669119736919793,0.432556819566896,0.5825426018755286,0.5270849242442294,-0.005821950014964789
dim 9,9,0.2328315766408124,Charge_group1_D75,-0.127578200561576,9.002048668301815e-05,-0.050844412476173634,0.11987484823753307,0.00014455212765446184,0.17860986956158195,0.07673378808540238
dim 9,9,0.2328315766408124,Charge_group1_D100,0.047733697991974945,0.144281248607761,-0.024303481322330837,0.4574469710335514,0.16571505170217393,0.5517778559956886,0.023430216669644108
dim 9,9,0.2328315766408124,Charge_group2_D0,-0.04720564768150837,0.14877766002786053,-0.10238803608299285,0.001699821616756428,0.17041062568348908,0.0048154403731691855,-0.05518238840148448
dim 9,9,0.2328315766408124,Charge_group2_D25,0.1996701841646949,7.002598475899837e-10,0.06884367838691147,0.03511553581810816,1.5023316293673695e-09,0.06336352762424703,0.13082650577778343
dim 9,9,0.2328315766408124,Charge_group2_D50,0.05288508591456361,0.10570401126134278,0.08790929660223298,0.007090452285192148,0.12440147907430757,0.016526246079931455,-0.03502421068766937
dim 9,9,0.2328315766408124,Charge_group2_D75,0.10308732736609111,0.0015789944650598815,0.12770362886089776,8.8582777053979e-05,0.0022741878021992254,0.00033774711799119847,-0.024616301494806647
dim 9,9,0.2328315766408124,Charge_group2_D100,-0.14983061217352087,4.099232174314801e-06,0.04438195344299213,0.17465185426854168,7.190879969648864e-06,0.24571912100123386,0.10544865873052874
dim 9,9,0.2328315766408124,Charge_group3_D0,0.006122160419828506,0.8515401113325564,-0.01996410503341959,0.5416263838242853,0.8631696424433196,0.6331929023357062,-0.013841944613591083
dim 9,9,0.2328315766408124,Charge_group3_D25,-0.24694018285936792,1.7481036642401177e-14,-0.08627067588397795,0.008237256848976112,4.890005224926292e-14,0.01875605963294087,0.16066950697538995
dim 9,9,0.2328315766408124,Charge_group3_D50,-0.05884083778941389,0.07181319226264159,-0.07115169288763909,0.029418016372148567,0.08662190760463089,0.05464748313847398,-0.012310855098225201
dim 9,9,0.2328315766408124,Charge_group3_D75,-0.030593053014059027,0.34956355140648854,-0.09066290948503558,0.005482103635078349,0.38418633158857246,0.013229932182920292,-0.060069856470976554
dim 9,9,0.2328315766408124,Charge_group3_D100,0.1529011160511644,2.578806107900413e-06,-0.00026095944201371725,0.9936350036117203,4.574196707587562e-06,0.9945282924971968,0.1526401566091507
dim 9,9,0.2328315766408124,SecondaryStructure_C1,0.4007240580554877,1.8688166566646502e-37,-0.05987418098847878,0.06695541443010754,1.7007759218691913e-36,0.10787799527089202,0.3408498770670089
dim 9,9,0.2328315766408124,SecondaryStructure_C2,-0.1865195840857704,8.79953813294306e-09,-0.012702083732657812,0.6977842556465199,1.794289216363237e-08,0.7699370379449543,0.1738175003531126
dim 9,9,0.2328315766408124,SecondaryStructure_C3,-0.40989617652223553,2.854325763355752e-39,0.09346369405857698,0.004190983981754495,2.8543257633557516e-38,0.010485308238996264,0.31643248246365857
dim 9,9,0.2328315766408124,SecondaryStructure_T12,0.27808822743304323,4.220745999849048e-18,-0.11216406147088485,0.0005824254090160616,1.5240315285941427e-17,0.0018633150058559825,0.16592416596215837
dim 9,9,0.2328315766408124,SecondaryStructure_T13,0.26629500300540104,1.1259885253299833e-16,0.0010458287725281798,0.974495520092123,3.679845082780963e-16,0.9806613549586294,0.26524917423287286
dim 9,9,0.2328315766408124,SecondaryStructure_T23,-0.3550431551598682,3.2110669925511544e-29,0.10156367139531895,0.0018531364532809304,1.9971999543986696e-28,0.0051613361160748415,0.2534794837645492
dim 9,9,0.2328315766408124,SecondaryStructure_group1_D0,-0.11253799155976374,0.0005580798687309422,-0.0957120924699081,0.003361206230729629,0.0008385005675039797,0.00870265799274183,0.016825899089855642
dim 9,9,0.2328315766408124,SecondaryStructure_group1_D25,0.024730541602210335,0.44957828270309574,-0.018621233082092646,0.5691573759679667,0.48689736194174443,0.6575529698142542,0.006109308520117689
dim 9,9,0.2328315766408124,SecondaryStructure_group1_D50,0.12467313151317906,0.00013016603716811199,-0.008215086397880631,0.801708885476019,0.00020546056906497827,0.850876287731142,0.11645804511529843
dim 9,9,0.2328315766408124,SecondaryStructure_group1_D75,0.18965277577245104,4.892535929966686e-09,0.06058877437588096,0.06375666427916976,1.014973292303648e-08,0.10352321764337725,0.1290640013965701
dim 9,9,0.2328315766408124,SecondaryStructure_group1_D100,0.1565340088952305,1.47279380309261e-06,0.0030222143223115434,0.9263897108281525,2.6575533778116244e-06,0.9479600594871413,0.15351179457291897
dim 9,9,0.2328315766408124,SecondaryStructure_group2_D0,-0.10213056693535645,0.0017464066229652031,-0.043312158057174234,0.18528501823859658,0.0025055833851820356,0.25839330309683195,0.05881840887818222
dim 9,9,0.2328315766408124,SecondaryStructure_group2_D25,0.08840904597337292,0.00677037464349417,0.05383433071275625,0.099581063618445,0.00918482993877763,0.15173391992956492,0.034574715260616666
dim 9,9,0.2328315766408124,SecondaryStructure_group2_D50,-0.0013623126400718086,0.966781408638394,0.05053344890435858,0.12215898413285811,0.9685212672022304,0.1812576663721662,-0.04917113626428678
dim 9,9,0.2328315766408124,SecondaryStructure_group2_D75,-0.19044214585493088,4.213320209764487e-09,-0.05566554616131224,0.08856923690912182,8.767906230911769e-09,0.13759127966347295,0.13477659969361866
dim 9,9,0.2328315766408124,SecondaryStructure_group2_D100,-0.07692706654607692,0.01851673123784641,-0.006162459307508184,0.8505743295518626,0.02422478744003408,0.8894546840022609,0.07076460723856874
dim 9,9,0.2328315766408124,SecondaryStructure_group3_D0,0.036273927955175485,0.2673247884800004,-0.12435331782591492,0.0001354939268263463,0.2977208381204406,0.0004940499078602583,-0.08807938987073943
dim 9,9,0.2328315766408124,SecondaryStructure_group3_D25,0.008321179495904092,0.7992023942381359,-0.03588618008030689,0.2724755489621202,0.8168102805249002,0.35688954256214955,-0.027565000584402796
dim 9,9,0.2328315766408124,SecondaryStructure_group3_D50,-0.14082507004323203,1.5146751573026183e-05,-0.021787298025953677,0.5053421090335929,2.5628242276548862e-05,0.5995888611624157,0.11903777201727835
dim 9,9,0.2328315766408124,SecondaryStructure_group3_D75,-0.06747856100687263,0.03890914530608564,-0.027410027184887574,0.40199089129254134,0.049263284807553466,0.49471549415167,0.04006853382198506
dim 9,9,0.2328315766408124,SecondaryStructure_group3_D100,-0.05055848453205575,0.12197384067948353,0.1056093792594106,0.0012058468175372504,0.1417017836067739,0.00356904931913472,-0.055050894727354846
dim 9,9,0.2328315766408124,SolventAccessibility_C1,0.17439897846218014,7.763968218379503e-08,0.1636080884267435,4.768536951824728e-07,1.5155846785147597e-07,3.1290596108240848e-06,0.010790890035436651
dim 9,9,0.2328315766408124,SolventAccessibility_C2,0.333462665194958,9.041467397787626e-26,-0.17410412382796933,8.171288855955191e-08,4.689208246678676e-25,6.20275108611144e-07,0.15935854136698865
dim 9,9,0.2328315766408124,SolventAccessibility_C3,-0.4800373432620217,3.5732679106135515e-55,0.014427159531306789,0.659172907373279,6.938787686889106e-54,0.7371289473515262,0.4656101837307149
dim 9,9,0.2328315766408124,SolventAccessibility_T12,0.4460750882340554,5.220092163102552e-47,-0.04999750929625869,0.12617518712959197,7.482878894747864e-46,0.18597754854935444,0.3960775789377967
dim 9,9,0.2328315766408124,SolventAccessibility_T13,-0.2978746725590197,1.1827855149290312e-20,0.11611136587518261,0.0003686999081669378,4.841303455714417e-20,0.0012451543915850073,0.1817633066838371
dim 9,9,0.2328315766408124,SolventAccessibility_T23,-0.06040256931434618,0.06457778679802667,-0.08823508424721757,0.0068802912625533725,0.0784897408680528,0.016126437064511064,-0.027832514932871394
dim 9,9,0.2328315766408124,SolventAccessibility_group1_D0,-0.0159912792821977,0.6249279379731734,-0.0730649080573198,0.02531547016432608,0.658857106322727,0.048206197462285695,-0.0570736287751221
dim 9,9,0.2328315766408124,SolventAccessibility_group1_D25,0.1789466736315466,3.489777806177643e-08,-0.005905938842768193,0.8567257248058153,6.913320209153812e-08,0.894766704456355,0.1730407347887784
dim 9,9,0.2328315766408124,SolventAccessibility_group1_D50,0.22568971744005947,2.7563881240905285e-12,0.017335197021653023,0.596132888349931,6.73470104935067e-12,0.6802472999961631,0.20835452041840646
dim 9,9,0.2328315766408124,SolventAccessibility_group1_D75,0.21604427709028573,2.3334946237844803e-11,0.033310834130528835,0.3084017477486488,5.508036779816371e-11,0.3969409778344844,0.1827334429597569
dim 9,9,0.2328315766408124,SolventAccessibility_group1_D100,-0.010464579064109561,0.7490390570904356,0.01882462509941497,0.5649449696317219,0.7702556806287114,0.6540437430051824,-0.008360046035305409
dim 9,9,0.2328315766408124,SolventAccessibility_group2_D0,-0.01320456847562811,0.6864510579124915,-0.04942151816059097,0.13060520515884494,0.7155888056890517,0.19132516896076407,-0.03621694968496286
dim 9,9,0.2328315766408124,SolventAccessibility_group2_D25,-0.40485399597220967,2.889781747036326e-38,-0.047568120547540144,0.14567982649151087,2.718836911296149e-37,0.2101816935125902,0.3572858754246695
dim 9,9,0.2328315766408124,SolventAccessibility_group2_D50,-0.23128583824509755,7.625763110904694e-13,-0.06551882412990137,0.04495892368226761,1.9064407777261734e-12,0.07792190372082473,0.16576701411519618
dim 9,9,0.2328315766408124,SolventAccessibility_group2_D75,-0.2615288755778468,4.056563218528886e-16,-0.0813154502384219,0.012777737143566672,1.2782001084798565e-15,0.027252644993303116,0.18021342533942492
dim 9,9,0.2328315766408124,SolventAccessibility_group2_D100,0.20505033436287562,2.3619730976342705e-10,0.01117016565754914,0.7327436944824476,5.224496785495671e-10,0.7974467056276882,0.19388016870532648
dim 9,9,0.2328315766408124,SolventAccessibility_group3_D0,-0.2196122500944777,1.0711870611079863e-11,-0.08970138949928944,0.006001931488430564,2.5628687565191078e-11,0.014339378520284751,0.12991086059518828
dim 9,9,0.2328315766408124,SolventAccessibility_group3_D25,0.037644334446138364,0.2496581529868511,0.038091122502042704,0.24407852827339332,0.2794431068954701,0.3267423985703943,-0.00044678805590434023
dim 9,9,0.2328315766408124,SolventAccessibility_group3_D50,-0.07321296271016808,0.025019679842023024,0.01472645155408839,0.6525618589835516,0.032339679052769695,0.7306592722108824,0.058486511156079696
dim 9,9,0.2328315766408124,SolventAccessibility_group3_D75,0.10354279218059964,0.0015045972002389347,0.08964033837547639,0.0060363881342124686,0.0021735963013832364,0.01440109740590689,0.013902453805123255
dim 9,9,0.2328315766408124,SolventAccessibility_group3_D100,-0.16685458912103127,2.795641078298898e-07,0.010610004696916545,0.7456710443544635,5.347904468223551e-07,0.807348578789604,0.1562445844241147
dim 54,54,0.2258835052033636,AAC_A,-0.013592471732566145,0.6777498957854201,0.22398145755517868,4.053007563701682e-12,0.7076225857840898,7.916400738458256e-11,-0.21038898582261253
dim 54,54,0.2258835052033636,AAC_C,-0.10917151131653592,0.0008159154041048847,-0.06248378116396693,0.055879738451083405,0.0012058218804027942,0.09285488876946198,0.04668773015256899
dim 54,54,0.2258835052033636,AAC_D,0.24792064697137542,1.3676264107328111e-14,0.0869015191933383,0.0077774675758002405,3.8450102793329875e-14,0.01786570956201706,0.16101912777803712
dim 54,54,0.2258835052033636,AAC_E,0.29780927881263236,1.2069186712166395e-20,-0.23292825865614133,5.196466619060202e-13,4.934037162623716e-20,1.2952386946015727e-11,0.06488102015649103
dim 54,54,0.2258835052033636,AAC_F,0.06472091256464663,0.04763964455742102,-0.13254296341535363,4.7063058771361706e-05,0.05961649037908813,0.00019473700476137947,-0.067822050850707
dim 54,54,0.2258835052033636,AAC_G,-0.07289126024582951,0.025666237388287924,0.1820174578130199,2.0100259744325866e-08,0.03311132980953328,1.721406860155087e-07,-0.10912619756719039
dim 54,54,0.2258835052033636,AAC_H,0.3981537554438985,5.893444953395281e-37,0.0841986595120941,0.009923063869771435,5.112754842685776e-36,0.022124855357167284,0.31395509593180443
dim 54,54,0.2258835052033636,AAC_I,0.12667712326905456,0.00010101464031156865,-0.192193601056064,3.017292095358711e-09,0.00016158472157118742,3.0263530325820105e-08,-0.06551647778700945
dim 54,54,0.2258835052033636,AAC_K,0.27142766603508917,2.7507129332171027e-17,-0.12132300380894541,0.00019721778682969707,9.481301544835008e-17,0.0007037472307811839,0.15010466222614377
dim 54,54,0.2258835052033636,AAC_L,0.20571821861435619,2.0595506645928243e-10,-0.14969593104595608,4.1825468508451395e-06,4.585932813160022e-10,2.2069046574759503e-05,0.05602228756840011
dim 54,54,0.2258835052033636,AAC_M,0.1230786163899508,0.00015883602757505341,-0.18601449153420627,9.663858740603134e-09,0.00024965286216502514,8.771002226525671e-08,-0.06293587514425547
dim 54,54,0.2258835052033636,AAC_N,-0.01437191443450239,0.6603961454448,-0.021154793721352715,0.5177834963721448,0.6912325684066537,0.6119592632282249,-0.006782879286850325
dim 54,54,0.2258835052033636,AAC_P,-0.4194157133176998,3.2351011131746637e-41,-0.024276532694025098,0.4579460820850034,3.6381271777789146e-40,0.5521804744274048,0.3951391806236747
dim 54,54,0.2258835052033636,AAC_Q,0.06212505272618484,0.05730539962427589,-0.03445641272567844,0.2920516866609375,0.07047129408876343,0.3798491563269203,0.027668640000506402
dim 54,54,0.2258835052033636,AAC_R,-0.1149421022147706,0.0004228055784202524,-0.016786074119577193,0.6078256649607396,0.0006427722493962872,0.6932127260808452,0.0981560280951934
dim 54,54,0.2258835052033636,AAC_S,-0.4177959304021693,7.004528173488947e-41,-0.0048564049395190614,0.8819803770852243,7.670532491623962e-40,0.9148492110138661,0.4129395254626502
dim 54,54,0.2258835052033636,AAC_T,-0.36792443430769156,2.071530296451791e-31,0.14730037820514444,5.9648394019527996e-06,1.441439831281038e-30,3.065009785003438e-05,0.22062405610254712
dim 54,54,0.2258835052033636,AAC_V,0.11484763436194434,0.0004274855063838748,0.16293988256762162,5.315661857530334e-07,0.0006495912608380991,3.447438952262392e-06,-0.048092248205677285
dim 54,54,0.2258835052033636,AAC_W,-0.09758098602567482,0.00278840653859782,0.03355687198989796,0.30484022249227694,0.003942962675239932,0.3932662584489011,0.06402411403577686
dim 54,54,0.2258835052033636,AAC_Y,0.03711777238387969,0.25634749342481344,-0.039246927129379876,0.2300519310743496,0.28635472509661436,0.30982800394690635,-0.0021291547455001836
dim 54,54,0.2258835052033636,Hydrophobicity_C1,0.33059109862310854,2.483438574035291e-25,-0.1755748695192493,6.326266026697007e-08,1.2567704298905865e-24,4.925344645493707e-07,0.15501622910385923
dim 54,54,0.2258835052033636,Hydrophobicity_C2,-0.3419034060491994,4.356883646007174e-27,0.2379733077333651,1.5706140116896992e-13,2.429380864384635e-26,4.561609390472691e-12,0.10393009831583427
dim 54,54,0.2258835052033636,Hydrophobicity_C3,0.27003331194402996,4.046057913872006e-17,-0.23707399992245634,1.9479643705954523e-13,1.3677969061065282e-16,5.377025618007281e-12,0.03295931202157362
dim 54,54,0.2258835052033636,Hydrophobicity_T12,0.1502773951289895,3.834071142036142e-06,0.11370628953619642,0.00048797687835963046,6.736348034929361e-06,0.0015900905109474787,0.03657110559279307
dim 54,54,0.2258835052033636,Hydrophobicity_T13,0.3269381582437718,8.842090774135328e-25,-0.2058757758120984,1.9939126794135455e-10,4.349423149574668e-24,2.522601647439864e-09,0.12106238243167342
dim 54,54,0.2258835052033636,Hydrophobicity_T23,-0.13003722331834558,6.547769622282812e-05,0.07626869549128013,0.019548400122198193,0.00010657675700986643,0.03889202628805458,0.053768527827065454
dim 54,54,0.2258835052033636,Hydrophobicity_group1_D0,-0.02281834423210177,0.4854033775055693,-0.06567124191987696,0.04446157142593429,0.5223090466715855,0.0773473972766034,-0.042852897687775185
dim 54,54,0.2258835052033636,Hydrophobicity_group1_D25,-0.3986431885538275,4.739427585361302e-37,-0.037729779390536754,0.2485842668125717,4.1547737887419286e-36,0.3314509881019081,0.3609134091632908
dim 54,54,0.2258835052033636,Hydrophobicity_group1_D50,-0.2388458638372855,1.273421770387329e-13,-0.07981728900663257,0.01453017128621789,3.346364054361667e-13,0.03044590470261465,0.15902857483065294
dim 54,54,0.2258835052033636,Hydrophobicity_group1_D75,-0.2697146598384947,4.417675574893372e-17,-0.09687215755121592,0.0029942633415349835,1.4829182331802877e-16,0.007862295252143745,0.17284250228727877
dim 54,54,0.2258835052033636,Hydrophobicity_group1_D100,0.2058486021782508,2.0050856852464035e-10,0.013801809649684485,0.6730718588207701,4.476595045937826e-10,0.7493533361537907,0.19204679252856632
dim 54,54,0.2258835052033636,Hydrophobicity_group2_D0,0.10326942572493575,0.0015488532303358465,-0.10168268346568432,0.0018302459195975185,0.0022336657121423695,0.005115499055611474,0.001586742259251428
dim 54,54,0.2258835052033636,Hydrophobicity_group2_D25,0.34499772337118745,1.3998259777767152e-27,0.0021383324102259584,0.9478809777280672,7.964938272187782e-27,0.9630753576474861,0.34285939096096146
dim 54,54,0.2258835052033636,Hydrophobicity_group2_D50,0.18398201972454106,1.4052518741072747e-08,0.029854855201712507,0.36131916990840823,2.8325535663960757e-08,0.4552267172742676,0.15412716452282854
dim 54,54,0.2258835052033636,Hydrophobicity_group2_D75,0.28562455453770735,4.754108352940701e-19,0.17739978897672856,4.591291082008277e-08,1.8023520884020365e-18,3.642496962923431e-07,0.10822476556097879
dim 54,54,0.2258835052033636,Hydrophobicity_group2_D100,-0.044041910215847024,0.17798120782996898,0.14130509889264747,1.4155149561275864e-05,0.2019216148614458,6.715653342991674e-05,-0.09726318867680045
dim 54,54,0.2258835052033636,Hydrophobicity_group3_D0,-0.3110839385738113,1.796074808509304e-22,-0.08935664823674393,0.0061988455954599475,7.987869321466146e-22,0.014736045757178807,0.22172729033706734
dim 54,54,0.2258835052033636,Hydrophobicity_group3_D25,-0.28302657856822416,1.0168774445304202e-18,0.0362924397458618,0.2670805647306036,3.8118638212475905e-18,0.35064822570763204,0.24673413882236236
dim 54,54,0.2258835052033636,Hydrophobicity_group3_D50,-0.1414987109237199,1.377296308763738e-05,0.01309811302736858,0.6888463224530346,2.3339267738563597e-05,0.762594205168424,0.12840059789635133
dim 54,54,0.2258835052033636,Hydrophobicity_group3_D75,-0.07322869228324683,0.02498843085079676,-0.0617216639265356,0.05894449228311512,0.03231179211833572,0.09698256365793326,0.011507028356711226
dim 54,54,0.2258835052033636,Hydrophobicity_group3_D100,-0.07136093335437027,0.028943149147288693,-0.05822285958858017,0.07485357316123795,0.03720943731791541,0.11865730154652812,0.013138073765790098
dim 54,54,0.2258835052033636,NormVanDerWaalsVolume_C1,-0.3440834577342468,1.960411329042472e-27,0.22315041255847215,4.883626241146214e-12,1.106042878209773e-26,9.374317037602502e-11,0.12093304517577466
dim 54,54,0.2258835052033636,NormVanDerWaalsVolume_C2,0.31677918115413134,2.761951751852084e-23,-0.21021330814925127,8.091699352960727e-11,1.286599560834862e-22,1.1031132995464829e-09,0.10656587300488007
dim 54,54,0.2258835052033636,NormVanDerWaalsVolume_C3,0.2743887005035466,1.2031383140072647e-17,-0.15273702406318504,2.644087335473798e-06,4.216665234820844e-17,1.4917654899463659e-05,0.12165167644036154
dim 54,54,0.2258835052033636,NormVanDerWaalsVolume_T12,-0.15008770890829223,3.944578599852333e-06,0.04791841852522371,0.1427331270398148,6.923222555705093e-06,0.20673401748177858,0.10216929038306852
dim 54,54,0.2258835052033636,NormVanDerWaalsVolume_T13,0.05431478115285114,0.0965914988148969,0.05544533509430915,0.08983923314494602,0.11448389142716665,0.139305031896063,-0.0011305539414580082
dim 54,54,0.2258835052033636,NormVanDerWaalsVolume_T23,0.25594812708213466,1.760605656147255e-15,-0.23804836302631038,1.5425800949168447e-13,5.224212550114817e-15,4.519489050019528e-12,0.017899764055824274
dim 54,54,0.2258835052033636,NormVanDerWaalsVolume_group1_D0,0.10496282931667374,0.001292847467355233,-0.09829728086562534,0.002593568952983571,0.0018782559986805036,0.006941122037632314,0.0066655484510484
dim 54,54,0.2258835052033636,NormVanDerWaalsVolume_group1_D25,0.2503967794847446,7.322929154148907e-15,-0.06890813435308193,0.034944494245172084,2.104869481485142e-14,0.06308897879939177,0.18148864513166266
dim 54,54,0.2258835052033636,NormVanDerWaalsVolume_group1_D50,0.1288474308958004,7.643495348811563e-05,0.03374937102813266,0.3020727771388797,0.0001236284477725454,0.3902674348810609,0.09509805986766773
dim 54,54,0.2258835052033636,NormVanDerWaalsVolume_group1_D75,0.2573752112888349,1.2136645842896239e-15,0.15250962227588044,2.7371780522888266e-06,3.661824490991277e-15,1.5364999486797783e-05,0.10486558901295445
dim 54,54,0.2258835052033636,NormVanDerWaalsVolume_group1_D100,-0.06017941068706626,0.065573324942443,0.10848621267684253,0.0008803842099419058,0.07955499647938963,0.002682922683582085,-0.048306801989776264
dim 54,54,0.2258835052033636,NormVanDerWaalsVolume_group2_D0,-0.06992865436801494,0.03232962932100654,-0.06450936138461683,0.0483724774573882,0.04137201606596239,0.08276624766525116,0.005419292983398119
dim 54,54,0.2258835052033636,NormVanDerWaalsVolume_group2_D25,-0.29702676928188176,1.5362784339971262e-20,-0.02593361496392794,0.4278282438736508,6.234714422296965e-20,0.5220848865685034,0.27109315431795383
dim 54,54,0.2258835052033636,NormVanDerWaalsVolume_group2_D50,-0.08227961071143265,0.01175124738032917,-0.010245418681547174,0.7541237658982647,0.015568887842244914,0.812927972510756,0.07203419202988548
dim 54,54,0.2258835052033636,NormVanDerWaalsVolume_group2_D75,-0.06937312361470084,0.033731506531487564,-0.08822661453586893,0.0068856834299584856,0.04301765246856375,0.016127757823324925,-0.018853490921168087
dim 54,54,0.2258835052033636,NormVanDerWaalsVolume_group2_D100,0.12057352716463442,0.00021612002956057828,0.015327390203963278,0.6393701368403951,0.00033558386737904763,0.7197824464187272,0.10524613696067114
dim 54,54,0.2258835052033636,NormVanDerWaalsVolume_group3_D0,-0.16503415551690828,3.776363379422181e-07,-0.04010601698326839,0.2200037381474065,7.146206055110529e-07,0.29894730895538557,0.12492813853363989
dim 54,54,0.2258835052033636,NormVanDerWaalsVolume_group3_D25,-0.05364686352632946,0.10076736453460637,0.13187362458181373,5.143282151169204e-05,0.11892685425639056,0.00021000687512108974,-0.07822676105548426
dim 54,54,0.2258835052033636,NormVanDerWaalsVolume_group3_D50,-0.09625562937761332,0.003184469330092547,-0.010166167334166552,0.7559651013752422,0.0044916079233568865,0.8139662922608991,0.08608946204344678
dim 54,54,0.2258835052033636,NormVanDerWaalsVolume_group3_D75,-0.12861367979436367,7.878186793215898e-05,-0.07478038168639388,0.0220670448916169,0.00012730113154011175,0.04315218380444991,0.05383329810796979
dim 54,54,0.2258835052033636,NormVanDerWaalsVolume_group3_D100,0.08658314124080574,0.008006566017522436,-0.015306329760641566,0.6398305638973656,0.010761340240855106,0.7197824464187272,0.07127681148016417
dim 54,54,0.2258835052033636,Polarity_C1,0.27130546308353537,2.8455867290624424e-17,-0.24347819971574747,4.123484038922243e-14,9.778044933198105e-17,1.4053506826530908e-12,0.027827263367787902
dim 54,54,0.2258835052033636,Polarity_C2,-0.37215935969886493,3.750477138765058e-32,0.21160717210204266,6.03060824520802e-11,2.688110223921737e-31,8.571162357019059e-10,0.16055218759682227
dim 54,54,0.2258835052033636,Polarity_C3,0.38815526462132866,4.670867643745544e-35,-0.14143526539673082,1.3897107630537096e-05,3.759204320508462e-34,6.621446431668174e-05,0.24671999922459784
dim 54,54,0.2258835052033636,Polarity_T12,-0.24459035579546748,3.1344693160071196e-14,0.09370087800149092,0.004095435780932565,8.61656585634879e-14,0.010303806777776914,0.15088947779397655
dim 54,54,0.2258835052033636,Polarity_T13,0.38589246421469764,1.2307454605343004e-34,-0.1581953005759101,1.1351031178593523e-06,9.700566665023268e-34,6.880661367786274e-06,0.22769716363878753
dim 54,54,0.2258835052033636,Polarity_T23,0.01084649906431929,0.740204281647808,0.10184607441560806,0.0017992420691343009,0.7623442185333577,0.005041500428614568,-0.09099957535128876
dim 54,54,0.2258835052033636,Polarity_group1_D0,-0.2349875964884846,3.1992756526714385e-13,-0.07767590276638062,0.017401414379583282,8.188184429059467e-13,0.035438110077746214,0.157311693722104
dim 54,54,0.2258835052033636,Polarity_group1_D25,-0.20301218142139194,3.5777512075967094e-10,0.06999992537263651,0.03215343645321467,7.805152863078386e-10,0.058845193289718906,0.13301225604875544
dim 54,54,0.2258835052033636,Polarity_group1_D50,-0.13822615277563566,2.1770352792618574e-05,-0.014583458699392563,0.655717063706659,3.655755572013375e-05,0.733700165085508,0.12364269407624309
dim 54,54,0.2258835052033636,Polarity_group1_D75,-0.1515870736691563,3.1480686617462535e-06,-0.0853131632899437,0.00898160496996069,5.554437047138133e-06,0.02024194372447281,0.0662739103792126
dim 54,54,0.2258835052033636,Polarity_group1_D100,0.018822959262349646,0.564979409526719,0.01180977253274155,0.7180751125648133,0.6021158991127126,0.7858358047072334,0.0070131867296080955
dim 54,54,0.2258835052033636,Polarity_group2_D0,0.1096618755587414,0.0007724999469046804,-0.10002950666795803,0.00217267800416557,0.0011462238217066338,0.005943279716554467,0.00963236889078338
dim 54,54,0.2258835052033636,Polarity_group2_D25,0.3248012080691381,1.8438025473827483e-24,-0.036568442957841396,0.2634574533545114,8.964047319153391e-24,0.34670917817339164,0.2882327651112967
dim 54,54,0.2258835052033636,Polarity_group2_D50,0.25400802630058433,2.9087552423245294e-15,0.08317531645843643,0.01086377867586325,8.52214255207362e-15,0.02389668775075418,0.1708327098421479
dim 54,54,0.2258835052033636,Polarity_group2_D75,0.3260491695620443,1.2012618544220401e-24,0.2160932608872662,2.3088951655610076e-11,5.883012600835211e-24,3.5868417920808215e-10,0.10995590867477814
dim 54,54,0.2258835052033636,Polarity_group2_D100,-0.006271007465146308,0.8479740389712997,0.13044985540704188,6.20373648314158e-05,0.8603381804872847,0.0002472172081622631,-0.12417884794189557
dim 54,54,0.2258835052033636,Polarity_group3_D0,-0.06394348725578552,0.05037931184496091,-0.07022475280409192,0.031603002422479605,0.0628095937148822,0.058124464807864464,-0.0062812655483063945
dim 54,54,0.2258835052033636,Polarity_group3_D25,-0.4412861567380478,6.260182082859939e-46,-0.029390250349509928,0.36884328769427943,8.569265638013195e-45,0.46312122989112575,0.41189590638853785
dim 54,54,0.2258835052033636,Polarity_group3_D50,-0.29378917155031364,4.136356001568813e-20,-0.0868286982394723,0.007829344520702835,1.646654236619766e-19,0.01797251594443125,0.20696047331084133
dim 54,54,0.2258835052033636,Polarity_group3_D75,-0.2562924818702161,1.6097863405415488e-15,-0.0831272841447302,0.010909815473971334,4.800612836972119e-15,0.023930916850558814,0.1731651977254859
dim 54,54,0.2258835052033636,Polarity_group3_D100,0.1804151394200083,2.6837090407479122e-08,0.011113810914968268,0.7340408954200522,5.34501383190103e-08,0.7985982380139982,0.16930132850504004
dim 54,54,0.2258835052033636,Polarizability_C1,-0.26900081660582004,5.376491108778152e-17,0.2595605823636017,6.835190376936948e-16,1.7939540762556472e-16,3.5122362859952934e-14,0.009440234242218348
dim 54,54,0.2258835052033636,Polarizability_C2,0.16693638999604565,2.757909005825612e-07,-0.24987547103429653,8.356906294707772e-15,5.278748469603178e-07,3.2837725910969363e-13,-0.08293908103825087
dim 54,54,0.2258835052033636,Polarizability_C3,0.2743887005035466,1.2031383140072647e-17,-0.15273702406318504,2.644087335473798e-06,4.216665234820844e-17,1.4917654899463659e-05,0.12165167644036154
dim 54,54,0.2258835052033636,Polarizability_T12,-0.33743883037769723,2.1922737357038377e-26,0.11774352025089899,0.00030391206545781727,1.1734285700722465e-25,0.0010453823878775587,0.21969531012679824
dim 54,54,0.2258835052033636,Polarizability_T13,0.10737084285873955,0.0009954713699142342,0.11016414343198895,0.0007302583012237838,0.0014621259347025251,0.0022837665974601478,-0.002793300573249405
dim 54,54,0.2258835052033636,Polarizability_T23,0.22187942950433118,6.485574309622668e-12,-0.26610945971243305,1.1841703723638253e-16,1.5640301945227228e-11,6.379240393056736e-15,-0.04423003020810187
dim 54,54,0.2258835052033636,Polarizability_group1_D0,0.07939638707868622,0.015059132365961658,-0.10155916359083925,0.0018540086144136535,0.019833399882615118,0.0051613361160748415,-0.022162776512153023
dim 54,54,0.2258835052033636,Polarizability_group1_D25,0.25259997220983826,4.1764387414811565e-15,-0.06918609403469239,0.034215006937638945,1.2140387638422162e-14,0.062040240592678646,0.18341387817514587
dim 54,54,0.2258835052033636,Polarizability_group1_D50,0.2677120732536107,7.653492244815494e-17,0.06024485594286739,0.06528006500008979,2.528453422125e-16,0.10579108059209116,0.2074672173107433
dim 54,54,0.2258835052033636,Polarizability_group1_D75,0.2930642361190363,5.154417711037811e-20,0.1668149917686596,2.8140843592629847e-07,2.037367473948673e-19,1.9622216617825404e-06,0.1262492443503767
dim 54,54,0.2258835052033636,Polarizability_group1_D100,0.008652543772642192,0.7913871840956597,0.09463335283790021,0.0037386293983451353,0.8098140915684753,0.009532078007994467,-0.08598080906525801
dim 54,54,0.2258835052033636,Polarizability_group2_D0,0.002743927124347472,0.9331511267457973,-0.09518531258631871,0.0035409575274675644,0.9376428289202656,0.009104540524820372,-0.09244138546197124
dim 54,54,0.2258835052033636,Polarizability_group2_D25,-0.24530776577196228,2.6243501207077592e-14,-0.039823774031298255,0.2232696626136102,7.256067386725095e-14,0.3026463770817606,0.20548399174066403
dim 54,54,0.2258835052033636,Polarizability_group2_D50,-0.2945087428789797,3.3227000503337235e-20,-0.06302016454762308,0.053803155487603296,1.3274902114969661e-19,0.09025742809070568,0.23148857833135664
dim 54,54,0.2258835052033636,Polarizability_group2_D75,-0.16733952951256936,2.5790141497902307e-07,-0.11089435669659858,0.0006726552282186542,4.944837692479547e-07,0.002123505162807472,0.05644517281597078
dim 54,54,0.2258835052033636,Polarizability_group2_D100,-0.043480480912742876,0.18358100876958725,0.023237225907680178,0.47742604908864383,0.20813325502050964,0.5723688274717926,0.0202432550050627
dim 54,54,0.2258835052033636,Polarizability_group3_D0,-0.16503415551690828,3.776363379422181e-07,-0.04010601698326839,0.2200037381474065,7.146206055110529e-07,0.29894730895538557,0.12492813853363989
dim 54,54,0.2258835052033636,Polarizability_group3_D25,-0.05364686352632946,0.10076736453460637,0.13187362458181373,5.143282151169204e-05,0.11892685425639056,0.00021000687512108974,-0.07822676105548426
dim 54,54,0.2258835052033636,Polarizability_group3_D50,-0.09625562937761332,0.003184469330092547,-0.010166167334166552,0.7559651013752422,0.0044916079233568865,0.8139662922608991,0.08608946204344678
dim 54,54,0.2258835052033636,Polarizability_group3_D75,-0.12861367979436367,7.878186793215898e-05,-0.07478038168639388,0.0220670448916169,0.00012730113154011175,0.04315218380444991,0.05383329810796979
dim 54,54,0.2258835052033636,Polarizability_group3_D100,0.08658314124080574,0.008006566017522436,-0.015306329760641566,0.6398305638973656,0.010761340240855106,0.7197824464187272,0.07127681148016417
dim 54,54,0.2258835052033636,Charge_C1,0.2161531295727156,2.2791733952435114e-11,-0.1498792269048697,4.069550652438395e-06,5.3836203253983937e-11,2.1643788501822035e-05,0.06627390266784589
dim 54,54,0.2258835052033636,Charge_C2,-0.3328277014578078,1.1315454047435192e-25,0.15958116171299558,9.115618202966129e-07,5.823361559080669e-25,5.596721470203469e-06,0.17324653974481224
dim 54,54,0.2258835052033636,Charge_C3,0.33908970205660105,1.2099145183520365e-26,-0.1123157321103261,0.00057243392694822,6.592356429520069e-26,0.0018348649865710701,0.22677396994627497
dim 54,54,0.2258835052033636,Charge_T12,0.14420417388004875,9.36039715903559e-06,-0.14698783410502886,6.245030278714696e-06,1.6024462589020438e-05,3.184488722275891e-05,-0.0027836602249801112
dim 54,54,0.2258835052033636,Charge_T13,0.25828139543235895,9.571699406233227e-16,-0.17421617668266665,8.014119233295519e-08,2.916922994235308e-15,6.139256476882346e-07,0.0840652187496923
dim 54,54,0.2258835052033636,Charge_T23,0.34683573006364554,7.088243961901504e-28,-0.04722882237295216,0.1485781094427852,4.081850833232934e-27,0.21359051590593847,0.29960690769069337
dim 54,54,0.2258835052033636,Charge_group1_D0,-0.026839053594292176,0.4118702624891403,0.019294381836367912,0.5552735529865217,0.44838548784671733,0.6453074693719494,0.007544671757924264
dim 54,54,0.2258835052033636,Charge_group1_D25,-0.14745542762224817,5.8303375930854286e-06,-0.022737243031022352,0.4869561792499674,1.0084581854430518e-05,0.5813715119547446,0.12471818459122581
dim 54,54,0.2258835052033636,Charge_group1_D50,-0.03228358668481327,0.3235674039151304,0.0036365673504040923,0.9114825252344193,0.356789412042435,0.9367235797793725,0.02864701933440918
dim 54,54,0.2258835052033636,Charge_group1_D75,-0.13441161329874085,3.6648541150195386e-05,-0.06305409817605617,0.05367397550520057,6.04773356925161e-05,0.0902219819765324,0.07135751512268468
dim 54,54,0.2258835052033636,Charge_group1_D100,0.045676886346671296,0.16239759865702033,-0.02732191563991838,0.4035061280179888,0.1851221773086853,0.4962115123638007,0.018354970706752915
dim 54,54,0.2258835052033636,Charge_group2_D0,-0.06354598812215202,0.05183028635006489,-0.12995953474693975,6.614527192347797e-05,0.06440221592604789,0.0002602181486742243,-0.06641354662478773
dim 54,54,0.2258835052033636,Charge_group2_D25,0.20007774909840892,6.455956963386664e-10,0.07008946760267823,0.031933239393145234,1.3893618722752226e-09,0.05854461755288367,0.1299882814957307
dim 54,54,0.2258835052033636,Charge_group2_D50,0.06294154282709341,0.054103451973352625,0.10475356536641386,0.001322222337749889,0.0669527712452752,0.003856962976493126,-0.041812022539320454
dim 54,54,0.2258835052033636,Charge_group2_D75,0.10942443119759113,0.000793247992860145,0.13797297777844234,2.254570060322328e-05,0.0011744008404932999,0.00010040352001968766,-0.02854854658085121
dim 54,54,0.2258835052033636,Charge_group2_D100,-0.14923410561477068,4.48071136965528e-06,0.04399711366335674,0.17842330233375017,7.843593278117733e-06,0.25039236545996874,0.10523699195141395
dim 54,54,0.2258835052033636,Charge_group3_D0,0.0168963256633769,0.605469834930006,-0.0009830137750581915,0.9760269056301292,0.639756168511933,0.981315431909883,0.015913311888318706
dim 54,54,0.2258835052033636,Charge_group3_D25,-0.24120292810291344,7.195744655348465e-14,-0.07664721658098798,0.018949296476057576,1.939772974081023e-13,0.03795508927282647,0.16455571152192544
dim 54,54,0.2258835052033636,Charge_group3_D50,-0.0618673393354754,0.05834814132904791,-0.07600295337502748,0.019978811541335156,0.07151662093175047,0.03953153468486932,-0.014135614039552082
dim 54,54,0.2258835052033636,Charge_group3_D75,-0.03486749938316588,0.2863289328027348,-0.09729351556719922,0.0028702855490617494,0.31803745778554515,0.007584457067932154,-0.06242601618403334
dim 54,54,0.2258835052033636,Charge_group3_D100,0.15421366286364635,2.1094356503718115e-06,0.0030382025314274067,0.9260014091556065,3.7757315499688372e-06,0.9478531126508506,0.15117546033221893
dim 54,54,0.2258835052033636,SecondaryStructure_C1,0.38084630423710375,1.039225526327819e-33,-0.09681671030434721,0.0030109359995425947,7.852971171798451e-33,0.007894405446631595,0.2840295939327565
dim 54,54,0.2258835052033636,SecondaryStructure_C2,-0.17591141596590898,5.964623306916289e-08,0.005128073098462869,0.8754307291334567,1.1711841178777428e-07,0.909184899037856,0.17078334286744612
dim 54,54,0.2258835052033636,SecondaryStructure_C3,-0.39052638903381665,1.6785732662693375e-35,0.12977226133390488,6.778103957698684e-05,1.3877313636979175e-34,0.00026540289822641976,0.2607541276999118
dim 54,54,0.2258835052033636,SecondaryStructure_T12,0.26522894741604847,1.5031943423143017e-16,-0.13352580383312684,4.127877054112708e-05,4.8697081506593285e-16,0.00017407966364566219,0.13170314358292162
dim 54,54,0.2258835052033636,SecondaryStructure_T13,0.2653743445641938,1.4452211705190696e-16,0.0011069663667761659,0.9730051185520036,4.690999717719818e-16,0.979456629283813,0.26426737819741764
dim 54,54,0.2258835052033636,SecondaryStructure_T23,-0.3407097077564493,6.728511888921062e-27,0.12654049590789132,0.00010278822368759132,3.696254886348083e-26,0.0003874860802669921,0.214169211848558
dim 54,54,0.2258835052033636,SecondaryStructure_group1_D0,-0.11751332199536721,0.00031235565520957697,-0.10403960340622537,0.0014271322950036483,0.0004776867620879062,0.004116253769699642,0.013473718589141842
dim 54,54,0.2258835052033636,SecondaryStructure_group1_D25,0.010667987975037766,0.7443295173868428,-0.04271939990659487,0.19137877286869828,0.7661203661238999,0.2655609062656636,-0.0320514119315571
dim 54,54,0.2258835052033636,SecondaryStructure_group1_D50,0.10777411473881396,0.0009523443664984728,-0.037068133613538945,0.2569844448670646,0.0014006297596234694,0.34060636740317296,0.07070598112527501
dim 54,54,0.2258835052033636,SecondaryStructure_group1_D75,0.17857360721988214,3.729286364417411e-08,0.04153076810632723,0.20403947995766492,7.379038185517862e-08,0.2810275723952993,0.13704283911355492
dim 54,54,0.2258835052033636,SecondaryStructure_group1_D100,0.1527810861638052,2.6264041190280277e-06,-0.002652216672353144,0.9353804528395643,4.656151675983871e-06,0.9542366256823899,0.15012886949145207
dim 54,54,0.2258835052033636,SecondaryStructure_group2_D0,-0.106908455434026,0.0010471383940372106,-0.05182060274786674,0.11292090543112697,0.0015326214882052075,0.16981351829804778,0.055087852686159254
dim 54,54,0.2258835052033636,SecondaryStructure_group2_D25,0.09005673139922889,0.0058048687623667924,0.056671411900890444,0.08295080009740288,0.007955790589374265,0.12958637620454894,0.033385319498338444
dim 54,54,0.2258835052033636,SecondaryStructure_group2_D50,-0.00037295006982351637,0.9909035686758266,0.051693009370177144,0.11381136919805517,0.9912003352432647,0.17088962903306337,-0.051320059300353625
dim 54,54,0.2258835052033636,SecondaryStructure_group2_D75,-0.1842259621863369,1.3437977533946225e-08,-0.04526361055793028,0.16623606568034793,2.7119543784519875e-08,0.23536602771189577,0.13896235162840664
dim 54,54,0.2258835052033636,SecondaryStructure_group2_D100,-0.06707484741590054,0.040095566533540045,0.010608334842115342,0.7457096902892001,0.050650223987149676,0.807348578789604,0.0564665125737852
dim 54,54,0.2258835052033636,SecondaryStructure_group3_D0,0.04107186337294164,0.20908687449807092,-0.11435760743152239,0.00045254600475316836,0.23537248426813512,0.0014847776580310238,-0.07328574405858074
dim 54,54,0.2258835052033636,SecondaryStructure_group3_D25,0.025999535245910765,0.4266544330578908,-0.004706481450619979,0.8855983653752069,0.4637246359952344,0.9168935338974553,0.021293053795290784
dim 54,54,0.2258835052033636,SecondaryStructure_group3_D50,-0.12248261323491699,0.00017100117337035307,0.009826016185747273,0.7638838197729263,0.00026789114402297337,0.8207232315509095,0.11265659704916972
dim 54,54,0.2258835052033636,SecondaryStructure_group3_D75,-0.057085530309307485,0.08072308637425873,-0.009439897850918956,0.772902585637414,0.09663623960215921,0.8279328531202574,0.04764563245838853
dim 54,54,0.2258835052033636,SecondaryStructure_group3_D100,-0.03468853961019304,0.28881087710695097,0.1319629096255873,5.082849984925977e-05,0.3205810334121689,0.00020804802634378388,-0.09727437001539425
dim 54,54,0.2258835052033636,SolventAccessibility_C1,0.1609205627992331,7.36130997381935e-07,0.1393835565539763,1.853739450976534e-05,1.3621482167621402e-06,8.477983235124038e-05,0.021537006245256812
dim 54,54,0.2258835052033636,SolventAccessibility_C2,0.33059109862310854,2.483438574035291e-25,-0.1755748695192493,6.326266026697007e-08,1.2567704298905865e-24,4.925344645493707e-07,0.15501622910385923
dim 54,54,0.2258835052033636,SolventAccessibility_C3,-0.4657750216443989,1.2419787172864857e-51,0.0413100849956367,0.20645556696487222,2.0950550079479103e-50,0.28377020315336343,0.42446493664876217
dim 54,54,0.2258835052033636,SolventAccessibility_T12,0.43275199932129704,4.753449849594284e-44,-0.0742672379314472,0.022998497810672824,5.968617480317635e-43,0.044685853803168835,0.35848476138984986
dim 54,54,0.2258835052033636,SolventAccessibility_T13,-0.2843640975181222,6.881851773002503e-19,0.13884985473720918,1.9966931817322804e-05,2.600156665365199e-18,9.061080471448121e-05,0.14551424278091302
dim 54,54,0.2258835052033636,SolventAccessibility_T23,-0.0522352713174294,0.11006478242873804,-0.0734576110891169,0.024537456075348397,0.12876230238598427,0.047100634075668765,-0.0212223397716875
dim 54,54,0.2258835052033636,SolventAccessibility_group1_D0,-0.02075855280011542,0.5256574049400743,-0.08065418311102737,0.013526800904714502,0.5641695798521363,0.028703630890563173,-0.059895630310911954
dim 54,54,0.2258835052033636,SolventAccessibility_group1_D25,0.16339000191971667,4.940853551490882e-07,-0.0324136799880629,0.3216203954835164,9.271039810100868e-07,0.41189115065757087,0.13097632193165376
dim 54,54,0.2258835052033636,SolventAccessibility_group1_D50,0.22040697337922846,8.989773114769787e-12,0.009096737507551854,0.780943782876197,2.1539341609276248e-11,0.8354747709181608,0.2113102358716766
dim 54,54,0.2258835052033636,SolventAccessibility_group1_D75,0.2149267932747483,2.969668432484235e-11,0.032340926630035904,0.3227082970085013,6.980079214987576e-11,0.4131259915708679,0.1825858666447124
dim 54,54,0.2258835052033636,SolventAccessibility_group1_D100,-0.006153703354519992,0.8507841511018751,0.026046116528308183,0.4258261140709117,0.8628217417232219,0.5202118584480048,-0.01989241317378819
dim 54,54,0.2258835052033636,SolventAccessibility_group2_D0,-0.02281834423210177,0.4854033775055693,-0.06567124191987696,0.04446157142593429,0.5223090466715855,0.0773473972766034,-0.042852897687775185
dim 54,54,0.2258835052033636,SolventAccessibility_group2_D25,-0.3986431885538275,4.739427585361302e-37,-0.037729779390536754,0.2485842668125717,4.1547737887419286e-36,0.3314509881019081,0.3609134091632908
dim 54,54,0.2258835052033636,SolventAccessibility_group2_D50,-0.2388458638372855,1.273421770387329e-13,-0.07981728900663257,0.01453017128621789,3.346364054361667e-13,0.03044590470261465,0.15902857483065294
dim 54,54,0.2258835052033636,SolventAccessibility_group2_D75,-0.2697146598384947,4.417675574893372e-17,-0.09687215755121592,0.0029942633415349835,1.4829182331802877e-16,0.007862295252143745,0.17284250228727877
dim 54,54,0.2258835052033636,SolventAccessibility_group2_D100,0.2058486021782508,2.0050856852464035e-10,0.013801809649684485,0.6730718588207701,4.476595045937826e-10,0.7493533361537907,0.19204679252856632
dim 54,54,0.2258835052033636,SolventAccessibility_group3_D0,-0.2257232118929137,2.735544515171055e-12,-0.10097929772650335,0.001969391247891576,6.688666676918978e-12,0.005449682492094337,0.12474391416641034
dim 54,54,0.2258835052033636,SolventAccessibility_group3_D25,0.04415676161005937,0.17685146628133194,0.049228441784032906,0.13211683911240168,0.2007613527021142,0.1932852573961549,-0.005071680173973539
dim 54,54,0.2258835052033636,SolventAccessibility_group3_D50,-0.06201844447265475,0.05773485866298001,0.033652129194133455,0.3034686727378548,0.07086895550692879,0.3917995233646831,0.028366315278521292
dim 54,54,0.2258835052033636,SolventAccessibility_group3_D75,0.1126642085544946,0.0005500781986055799,0.10519208707988825,0.001261357124257044,0.0008275951276318183,0.003708567601248703,0.0074721214746063525
dim 54,54,0.2258835052033636,SolventAccessibility_group3_D100,-0.15938536984022159,9.403557650913904e-07,0.02270022022420797,0.4876659249952337,1.7219233856388399e-06,0.5819236118199644,0.1366851496160136
dim 21,21,0.2187239632872364,AAC_A,0.18445715458202444,1.2879665062671817e-08,0.06954064125207492,0.03330341185872285,2.6055773052285808e-08,0.06068379465801108,0.11491651332994952
dim 21,21,0.2187239632872364,AAC_C,0.11338470030338209,0.0005064079840538295,0.07467947494243123,0.02224757779947534,0.0007643030577224539,0.043403568837761475,0.03870522536095086
dim 21,21,0.2187239632872364,AAC_D,-0.3099331247069988,2.6090680715893113e-22,-0.21243568117653414,5.058819665918199e-11,1.1496421318084829e-21,7.251698576895616e-10,0.09749744353046466
dim 21,21,0.2187239632872364,AAC_E,-0.5808623696605374,1.2194075093564199e-85,-0.333743642436238,8.185607115043962e-26,7.684568077831024e-84,1.242723989283947e-23,0.2471187272242994
dim 21,21,0.2187239632872364,AAC_F,-0.21080707802656493,7.140990041413501e-11,-0.13158618351870255,5.342485824502694e-05,1.6356562378608392e-10,0.00021707910771093673,0.07922089450786238
dim 21,21,0.2187239632872364,AAC_G,0.23170264079323596,6.920400115706199e-13,0.09157389382978347,0.0050273992543949445,1.7365468862670085e-12,0.012220897750858162,0.1401287469634525
dim 21,21,0.2187239632872364,AAC_H,-0.47717609882760853,1.8920542321715815e-54,-0.2218527014042746,6.5242614134723956e-12,3.5304252153369176e-53,1.1408917864396755e-10,0.25532339742333393
dim 21,21,0.2187239632872364,AAC_I,-0.33711584552572116,2.4615914498303562e-26,-0.19300387378289885,2.582691143877654e-09,1.3112783799734276e-25,2.6369546825270664e-08,0.1441119717428223
dim 21,21,0.2187239632872364,AAC_K,-0.4522582225830915,1.9905000952126995e-48,-0.2100380261886406,8.395237260551142e-11,2.954786808004629e-47,1.1352264149895067e-09,0.24222019639445092
dim 21,21,0.2187239632872364,AAC_L,-0.3306198724063014,2.458552640328349e-25,-0.04024875770506422,0.2183651314727303,1.2479583311089188e-24,0.2975681514153077,0.2903711147012372
dim 21,21,0.2187239632872364,AAC_M,-0.30793625989034135,4.967819017521417e-22,-0.14142196997096418,1.3923257634011727e-05,2.1717952249373735e-21,6.624455911338913e-05,0.16651428991937717
dim 21,21,0.2187239632872364,AAC_N,0.0006289693672883624,0.9846597469242184,-0.004009605704984625,0.9024456202265956,0.9852497168145266,0.9297560964497589,-0.0033806363376962622
dim 21,21,0.2187239632872364,AAC_P,0.5187135674757059,1.1585180536443245e-65,0.1880584674461614,6.6037882457198146e-09,3.070992300930194e-64,6.213141617099769e-08,0.33065510002954446
dim 21,21,0.2187239632872364,AAC_Q,-0.05807164050439271,0.07561332300163594,0.07168936028905026,0.02821107855827199,0.09097568401493661,0.052669090209406626,-0.013617719784657555
dim 21,21,0.2187239632872364,AAC_R,0.15237911094895948,2.792014849397503e-06,0.08390790992413742,0.010182678073111934,4.941881079484716e-06,0.022664363638396242,0.06847120102482206
dim 21,21,0.2187239632872364,AAC_S,0.5218717630460535,1.400783224616169e-66,0.17438050326096022,7.788903160377472e-08,3.7730773953371003e-65,5.994225012825059e-07,0.3474912597850933
dim 21,21,0.2187239632872364,AAC_T,0.5981593891625844,5.3251141303594466e-92,0.3116273035099686,1.5049072374536209e-22,6.587363405703908e-90,1.3584838305662415e-20,0.2865320856526158
dim 21,21,0.2187239632872364,AAC_V,0.033688759829822355,0.3029423424477159,0.1281319127313942,8.383514871778689e-05,0.3352665568845151,0.00032148036362503814,-0.09444315290157185
dim 21,21,0.2187239632872364,AAC_W,0.21346001088027097,4.066933079317456e-11,0.19490364116217104,1.7888009876739765e-09,9.485723802318647e-11,1.878803553091535e-08,0.01855636971809993
dim 21,21,0.2187239632872364,AAC_Y,-0.10398731565819709,0.0014351088603286961,-0.08729828203254461,0.007500182486531718,0.002076803983317957,0.017300144685784488,0.01668903362565248
dim 21,21,0.2187239632872364,Hydrophobicity_C1,-0.5676607477056084,4.894869183420631e-81,-0.2887289088634936,1.8964578461236173e-19,2.3355518675178443e-79,1.2181094627024772e-17,0.27893183884211475
dim 21,21,0.2187239632872364,Hydrophobicity_C2,0.5870707344156255,7.038596398245113e-88,0.238142468361116,1.5081235849814848e-13,5.733880968326507e-86,4.457639622865628e-12,0.34892826605450955
dim 21,21,0.2187239632872364,Hydrophobicity_C3,-0.4636467837798319,4.0579557110814134e-51,-0.09301527773200184,0.0043771607046336125,6.743070684085532e-50,0.010877765441574603,0.37063150604783
dim 21,21,0.2187239632872364,Hydrophobicity_T12,-0.20090362142439203,5.472734447154375e-10,-0.24376905846198232,3.8386073608586266e-14,1.1785256643130634e-09,1.3217472768317332e-12,-0.0428654370375903
dim 21,21,0.2187239632872364,Hydrophobicity_T13,-0.5233678947775036,5.1088541065950784e-67,-0.14391680057931844,9.755626892948455e-06,1.4219643930022968e-65,4.791734385654094e-05,0.3794510941981851
dim 21,21,0.2187239632872364,Hydrophobicity_T23,0.2545051188973012,2.5586734509159914e-15,0.14986808744586186,4.0763335867302296e-06,7.522860322235397e-15,2.1645396152112823e-05,0.10463703145143935
dim 21,21,0.2187239632872364,Hydrophobicity_group1_D0,-0.013023319576427122,0.6905310535447825,0.007631470450763276,0.8155328398535444,0.7184964856198048,0.85995669918482,0.005391849125663845
dim 21,21,0.2187239632872364,Hydrophobicity_group1_D25,0.4523078865081115,1.9384217100373686e-48,0.0928828039203643,0.0044335768474824564,2.890325228359291e-47,0.01100159485185097,0.3594250825877472
dim 21,21,0.2187239632872364,Hydrophobicity_group1_D50,0.2289406242644113,1.3120132490922648e-12,0.037324772754480005,0.2537031248329887,3.2508340148131784e-12,0.3367919065747942,0.1916158515099313
dim 21,21,0.2187239632872364,Hydrophobicity_group1_D75,0.22714938525117467,1.977842304203428e-12,-0.022230699674159197,0.4967150334990562,4.8680864377593575e-12,0.5902901020927878,0.20491868557701548
dim 21,21,0.2187239632872364,Hydrophobicity_group1_D100,-0.2704746351278524,3.581749506660854e-17,-0.12390349044865602,0.0001433357417894503,1.2157564382365093e-16,0.0005192422750290281,0.1465711446791964
dim 21,21,0.2187239632872364,Hydrophobicity_group2_D0,-0.22881261525950877,1.3512221047208397e-12,-0.12128161747761522,0.00019821975526123866,3.345501727033065e-12,0.0007065677508778412,0.10753099778189355
dim 21,21,0.2187239632872364,Hydrophobicity_group2_D25,-0.425653105763942,1.587626707684364e-42,-0.12120269786032328,0.00020014365776748697,1.9005997145755468e-41,0.0007119060883316364,0.3044504079036187
dim 21,21,0.2187239632872364,Hydrophobicity_group2_D50,-0.17470766512520688,7.358593843347796e-08,0.01956280485600865,0.5497837163713913,1.4381336124506517e-07,0.6404874826231067,0.15514486026919824
dim 21,21,0.2187239632872364,Hydrophobicity_group2_D75,-0.23555029122807664,2.7999038618067497e-13,-0.07287771939015585,0.025693765373007722,7.215801619162457e-13,0.04875975928741238,0.16267257183792078
dim 21,21,0.2187239632872364,Hydrophobicity_group2_D100,0.14756138875076438,5.740091145849847e-06,0.025553034352939066,0.43464166468974186,9.938778863213316e-06,0.52923921256425,0.12200835439782531
dim 21,21,0.2187239632872364,Hydrophobicity_group3_D0,0.321652368725561,5.3872724332644315e-24,0.08117469517002554,0.012934037070869587,2.56683165864525e-23,0.02756840064882222,0.24047767355553548
dim 21,21,0.2187239632872364,Hydrophobicity_group3_D25,0.3680744239980325,1.9507114518014222e-31,0.08886574150815005,0.006489274212471387,1.3602038098156055e-30,0.015306621376874599,0.2792086824898824
dim 21,21,0.2187239632872364,Hydrophobicity_group3_D50,0.16790299083413182,2.3476192519544966e-07,0.010785034654379246,0.7416238355776308,4.5063495985793214e-07,0.8039674166924008,0.15711795617975258
dim 21,21,0.2187239632872364,Hydrophobicity_group3_D75,0.04229787221635381,0.19580093541298443,0.0021048271334096905,0.9486964909735002,0.22138629799572376,0.9634071997116116,0.04019304508294412
dim 21,21,0.2187239632872364,Hydrophobicity_group3_D100,0.06990715593405043,0.0323829386221466,0.06406037373188969,0.04995916870553911,0.041424364227487416,0.08487468132070225,0.005846782202160741
dim 21,21,0.2187239632872364,NormVanDerWaalsVolume_C1,0.5812255913820824,9.046902271190894e-86,0.2344619114374517,3.6225644675343846e-13,5.924834036426978e-84,9.452629157472534e-12,0.3467636799446307
dim 21,21,0.2187239632872364,NormVanDerWaalsVolume_C2,-0.5243287635846682,2.6658657191429712e-67,-0.1667575100216845,2.841066568809522e-07,7.545755510116546e-66,1.9727988232481917e-06,0.3575712535629837
dim 21,21,0.2187239632872364,NormVanDerWaalsVolume_C3,-0.4763839464115027,2.9931688484329356e-54,-0.22203951364099905,6.258518103545806e-12,5.5233060518044225e-53,1.111885663076755e-10,0.25434443277050367
dim 21,21,0.2187239632872364,NormVanDerWaalsVolume_T12,0.21272693305415397,4.7549746972326636e-11,0.043251995360872306,0.18589689769182727,1.1067327866729685e-10,0.2590303038342524,0.16947493769328165
dim 21,21,0.2187239632872364,NormVanDerWaalsVolume_T13,-0.052853683185327856,0.1059115537253432,-0.06379602144261186,0.050913584604016175,0.12460182791216846,0.08640821777307622,-0.010942338257284003
dim 21,21,0.2187239632872364,NormVanDerWaalsVolume_T23,-0.4795045314069451,4.879577651451286e-55,-0.16723026893346038,2.6263616007749025e-07,9.36654560680879e-54,1.842867173652978e-06,0.3122742624734847
dim 21,21,0.2187239632872364,NormVanDerWaalsVolume_group1_D0,-0.23039901598459575,9.369097033824008e-13,-0.1254619645310106,0.00011785502015624088,2.3283321497747165e-12,0.00043543779571000505,0.10493705145358515
dim 21,21,0.2187239632872364,NormVanDerWaalsVolume_group1_D25,-0.3270787688639499,8.422963006927764e-25,-0.028819854509636072,0.3782126556401856,4.149365257100108e-24,0.4720389245745249,0.2982589143543138
dim 21,21,0.2187239632872364,NormVanDerWaalsVolume_group1_D50,-0.09506706561026419,0.0035824878528281498,0.05698413766391791,0.08126398439404836,0.005029638263323253,0.12730849337529151,0.03808292794634628
dim 21,21,0.2187239632872364,NormVanDerWaalsVolume_group1_D75,-0.18644929531172977,8.91515976455869e-09,0.003609686264862247,0.9121341791366472,1.8156483910747575e-08,0.9371049395005849,0.18283960904686752
dim 21,21,0.2187239632872364,NormVanDerWaalsVolume_group1_D100,0.201935075894946,4.4479052859255576e-10,0.15576292474450804,1.6605170140749037e-06,9.653023817408291e-10,9.713006702294534e-06,0.04617215115043796
dim 21,21,0.2187239632872364,NormVanDerWaalsVolume_group2_D0,0.014759117365494798,0.6518419398761319,-0.047884376637172626,0.14301746732263101,0.6839937414974177,0.2070560645243119,-0.03312525927167783
dim 21,21,0.2187239632872364,NormVanDerWaalsVolume_group2_D25,0.36427669976871163,8.846260942523614e-31,0.12999449338770802,6.584408138208754e-05,5.9569579733929166e-30,0.0002596155868683413,0.2342822063810036
dim 21,21,0.2187239632872364,NormVanDerWaalsVolume_group2_D50,0.12135431029401762,0.00019646301127791956,0.08517306926630161,0.009095398618105705,0.00030577188148567166,0.02042947638498524,0.03618124102771601
dim 21,21,0.2187239632872364,NormVanDerWaalsVolume_group2_D75,0.08865000197526136,0.006620730878324855,0.15392127399164826,2.20630657239891e-06,0.009000098141475383,1.2618260191459517e-05,-0.0652712720163869
dim 21,21,0.2187239632872364,NormVanDerWaalsVolume_group2_D100,-0.10993808079803372,0.0007489982640387842,0.028738691670301304,0.379557636224465,0.001112835499061183,0.47267804063747687,0.08119938912773242
dim 21,21,0.2187239632872364,NormVanDerWaalsVolume_group3_D0,0.1857669301575078,1.0117036746193864e-08,0.06824485477478082,0.03673897079222291,2.056658717729002e-08,0.06558571144963844,0.11752207538272699
dim 21,21,0.2187239632872364,NormVanDerWaalsVolume_group3_D25,0.08922600846110604,0.0062749707686554305,-0.1180561875501707,0.00029278494928372447,0.008561438875534778,0.0010081461140284945,-0.028830179089064656
dim 21,21,0.2187239632872364,NormVanDerWaalsVolume_group3_D50,0.02518498042069166,0.4412899358988206,-0.16771103106718388,2.4241058163504e-07,0.47813393534603793,1.7226624311936883e-06,-0.1425260506464922
dim 21,21,0.2187239632872364,NormVanDerWaalsVolume_group3_D75,-0.011715244829480135,0.7202366161294543,-0.23976273510834678,1.0206058835196862e-13,0.7452262384982582,3.0710122981583352e-12,-0.22804749027886664
dim 21,21,0.2187239632872364,NormVanDerWaalsVolume_group3_D100,-0.16614516303088697,3.144432450232738e-07,-0.13997898261403813,1.7057517394608117e-05,5.987687790066901e-07,7.890873697782703e-05,0.026166180416848844
dim 21,21,0.2187239632872364,Polarity_C1,-0.48107827875437653,1.9409410969126512e-55,-0.12652445025625128,0.00010299842990053759,3.8818821938253024e-54,0.0003878407619704572,0.3545538284981252
dim 21,21,0.2187239632872364,Polarity_C2,0.6154489440967146,9.323012205367119e-99,0.2719548170672895,2.3759252110414995e-17,1.8316976921133046e-96,1.368205207737691e-15,0.34349412702942506
dim 21,21,0.2187239632872364,Polarity_C3,-0.6185674131027293,5.078673166022897e-100,-0.32337011112155134,3.0062808247750182e-24,1.3048283365012673e-97,3.346992651582854e-22,0.295197301981178
dim 21,21,0.2187239632872364,Polarity_T12,0.3904152089758416,1.7614157630707703e-35,0.162503209505702,5.705339660802744e-07,1.4490464651862987e-34,3.6929911757909237e-06,0.2279119994701396
dim 21,21,0.2187239632872364,Polarity_T13,-0.5781330119555078,1.135463490836353e-84,-0.19873897128515622,8.426178119127173e-10,6.5387035506783086e-83,9.605267890063058e-09,0.3793940406703516
dim 21,21,0.2187239632872364,Polarity_T23,-0.00298399371842192,0.9273180359362926,-0.12472197446019513,0.00012936990866285647,0.9329042891648245,0.0004737889198837068,-0.12173798074177321
dim 21,21,0.2187239632872364,Polarity_group1_D0,0.2022261931088104,4.194242892014447e-10,-0.017802307320713744,0.5862677613230205,9.112883246834476e-10,0.6705939461708522,0.18442388578809665
dim 21,21,0.2187239632872364,Polarity_group1_D25,0.2679422350545795,7.186728462434357e-17,0.007710028880968481,0.8136686028538366,2.376601293517896e-16,0.8592011171456889,0.260232206173611
dim 21,21,0.2187239632872364,Polarity_group1_D50,0.12642767523509413,0.00010427484591268377,-0.036489499740154245,0.26449027120387564,0.00016656049036267994,0.3475206553190183,0.08993817549493988
dim 21,21,0.2187239632872364,Polarity_group1_D75,0.07074948133086598,0.030349642059743994,-0.0954429161457034,0.0034519930077329644,0.03895764968468291,0.008910090143607496,-0.02469343481483742
dim 21,21,0.2187239632872364,Polarity_group1_D100,0.003131286513105773,0.9237410539699554,0.03677936051610957,0.260711649587613,0.9295857548236369,0.34377296076692754,-0.0336480740030038
dim 21,21,0.2187239632872364,Polarity_group2_D0,-0.22799805820967786,1.6290105991848304e-12,-0.10599082047437189,0.0011570855052818283,4.015420960352275e-12,0.003438314579752052,0.12200723773530597
dim 21,21,0.2187239632872364,Polarity_group2_D25,-0.40219787627346165,9.628718173865445e-38,-0.0628793545334559,0.05434196883659347,8.810936630331667e-37,0.09097853429284321,0.33931852174000576
dim 21,21,0.2187239632872364,Polarity_group2_D50,-0.19898048891002915,8.031986894542822e-10,0.06679729364157365,0.040928887052513435,1.7196689889598092e-09,0.07202449038745778,0.1321831952684555
dim 21,21,0.2187239632872364,Polarity_group2_D75,-0.20858526362649515,1.1377558471116832e-10,0.03919854590349897,0.2306273506363586,2.5624440521598256e-10,0.31047777151367906,0.16938671772299618
dim 21,21,0.2187239632872364,Polarity_group2_D100,0.12682779690260398,9.90921761195382e-05,0.0862695941246952,0.008238065713031213,0.00015858546633409562,0.01875605963294087,0.04055820277790878
dim 21,21,0.2187239632872364,Polarity_group3_D0,0.03925897450672682,0.22990880487733445,0.03034979544588673,0.3534103055815831,0.2578560806884812,0.44610371150509737,0.008909179060840093
dim 21,21,0.2187239632872364,Polarity_group3_D25,0.5110214167838187,1.814226125644019e-63,0.11419882241489934,0.0004609556947163255,4.556026511015808e-62,0.0015094039415220854,0.3968225943689194
dim 21,21,0.2187239632872364,Polarity_group3_D50,0.26972732034886643,4.402289199358867e-17,-5.426051195289984e-05,0.998676532034602,1.4807297004892867e-16,0.9989756265335642,0.26967305983691353
dim 21,21,0.2187239632872364,Polarity_group3_D75,0.19736701371927998,1.1049288185773823e-09,-0.0766150891597707,0.01899951610229179,2.350612900667807e-09,0.03799903220458358,0.12075192455950928
dim 21,21,0.2187239632872364,Polarity_group3_D100,-0.2712553750949508,2.885397907122618e-17,-0.18546785957216097,1.0692055788339004e-08,9.904654686320189e-17,9.6257321652432e-08,0.08578751552278982
dim 21,21,0.2187239632872364,Polarizability_C1,0.5140549748369905,2.5109292258723256e-64,0.19731303061211392,1.1167306246619796e-09,6.451156626471975e-63,1.2391628858375456e-08,0.31674194422487656
dim 21,21,0.2187239632872364,Polarizability_C2,-0.3661996142678071,4.124959009788843e-31,-0.08891141965213774,0.006461743670825301,2.8232301419456426e-30,0.015274043779587052,0.2772881946156694
dim 21,21,0.2187239632872364,Polarizability_C3,-0.4763839464115027,2.9931688484329356e-54,-0.22203951364099905,6.258518103545806e-12,5.5233060518044225e-53,1.111885663076755e-10,0.25434443277050367
dim 21,21,0.2187239632872364,Polarizability_T12,0.5046664630461161,1.0716940241864301e-61,0.18022785047169798,2.775462480570266e-08,2.6127430954618075e-60,2.3059812649514152e-07,0.3244386125744181
dim 21,21,0.2187239632872364,Polarizability_T13,-0.08704562671436364,0.007675712249281882,-0.08750708875866632,0.007357837737333465,0.010333284527449207,0.0170306154142022,-0.00046146204430268234
dim 21,21,0.2187239632872364,Polarizability_T23,-0.4531331908069769,1.2469055083074508e-48,-0.1485828947183058,4.935887699572918e-06,1.875974953940039e-47,2.5678917315535117e-05,0.3045502960886711
dim 21,21,0.2187239632872364,Polarizability_group1_D0,-0.20222377370587236,4.196291746596235e-10,-0.11904243101346432,0.00026013250557586676,9.112883246834476e-10,0.0009031627532467724,0.08318134269240804
dim 21,21,0.2187239632872364,Polarizability_group1_D25,-0.3517463028775084,1.1252673854458842e-28,-0.08222088233904569,0.011811617494246168,6.833441940707733e-28,0.02548501449016938,0.26952542053846273
dim 21,21,0.2187239632872364,Polarizability_group1_D50,-0.2577840523113046,1.0905080042510328e-15,-0.0018564620032577035,0.9547432762127304,3.305169450270825e-15,0.9675186611969538,0.25592759030804685
dim 21,21,0.2187239632872364,Polarizability_group1_D75,-0.19818787648335245,9.397485753755104e-10,0.04875893340383822,0.13584916655340393,2.0043168849005138e-09,0.19805160030046667,0.14942894307951424
dim 21,21,0.2187239632872364,Polarizability_group1_D100,0.11074689993332677,0.0006839360258727435,0.1369098273677787,2.6097373658270982e-05,0.0010211650989785264,0.00011529792065955698,-0.026162927434451935
dim 21,21,0.2187239632872364,Polarizability_group2_D0,-0.08970943627308779,0.005997403190591709,-0.0605960019627301,0.06372496663525379,0.00820619690969943,0.10352207614870995,0.02911343431035769
dim 21,21,0.2187239632872364,Polarizability_group2_D25,0.33690013710203304,2.659440109433349e-26,0.21611862218504332,2.296258601246787e-11,1.414415599603087e-25,3.5838802468057333e-10,0.12078151491698971
dim 21,21,0.2187239632872364,Polarizability_group2_D50,0.3603613247148517,4.1160567159405244e-30,0.1790159468779189,3.4469751205691734e-08,2.695613613968892e-29,2.808023634805132e-07,0.1813453778369328
dim 21,21,0.2187239632872364,Polarizability_group2_D75,0.15346499859672671,2.366045770641426e-06,0.0896637618162842,0.006023147196908195,4.216965247567964e-06,0.01437977958375509,0.06380123678044251
dim 21,21,0.2187239632872364,Polarizability_group2_D100,0.11779156478091171,0.00030217694127795833,0.12546706202634195,0.00011777915395114054,0.00046254398894059613,0.00043543779571000505,-0.007675497245430235
dim 21,21,0.2187239632872364,Polarizability_group3_D0,0.1857669301575078,1.0117036746193864e-08,0.06824485477478082,0.03673897079222291,2.056658717729002e-08,0.06558571144963844,0.11752207538272699
dim 21,21,0.2187239632872364,Polarizability_group3_D25,0.08922600846110604,0.0062749707686554305,-0.1180561875501707,0.00029278494928372447,0.008561438875534778,0.0010081461140284945,-0.028830179089064656
dim 21,21,0.2187239632872364,Polarizability_group3_D50,0.02518498042069166,0.4412899358988206,-0.16771103106718388,2.4241058163504e-07,0.47813393534603793,1.7226624311936883e-06,-0.1425260506464922
dim 21,21,0.2187239632872364,Polarizability_group3_D75,-0.011715244829480135,0.7202366161294543,-0.23976273510834678,1.0206058835196862e-13,0.7452262384982582,3.0710122981583352e-12,-0.22804749027886664
dim 21,21,0.2187239632872364,Polarizability_group3_D100,-0.16614516303088697,3.144432450232738e-07,-0.13997898261403813,1.7057517394608117e-05,5.987687790066901e-07,7.890873697782703e-05,0.026166180416848844
dim 21,21,0.2187239632872364,Charge_C1,-0.3919251874065212,9.141806846036737e-36,-0.16191190942688027,6.277050352353991e-07,7.671767554211735e-35,4.025987245525698e-06,0.23001327797964094
dim 21,21,0.2187239632872364,Charge_C2,0.5756465302461248,8.512290578552167e-84,0.323529341786526,2.847492991068785e-24,4.660827956125285e-82,3.2795264104033594e-22,0.2521171884595988
dim 21,21,0.2187239632872364,Charge_C3,-0.5712971397293638,2.769984964770938e-82,-0.35465266766019343,3.7281280602339944e-29,1.4017802700507474e-80,1.0376623100984618e-26,0.21664447206917037
dim 21,21,0.2187239632872364,Charge_T12,-0.304414594986685,1.5282123227491217e-21,-0.13428991365207837,3.725414694224416e-05,6.543883535874444e-21,0.00015850809017464395,0.17012468133460662
dim 21,21,0.2187239632872364,Charge_T13,-0.44908552185541145,1.0729594752659296e-47,-0.166126035706764,3.1543942370283305e-07,1.5649277936193035e-46,2.145759012561023e-06,0.2829594861486474
dim 21,21,0.2187239632872364,Charge_T23,-0.5413936727018611,1.7972515647065779e-72,-0.3408603940854185,6.369985154648287e-27,6.3859789639574145e-71,1.1819861342514043e-24,0.2005332786164426
dim 21,21,0.2187239632872364,Charge_group1_D0,0.049436210726527784,0.1304907248440144,0.01775068797019081,0.5873542126166542,0.15091378842763437,0.6713768207185575,0.03168552275633697
dim 21,21,0.2187239632872364,Charge_group1_D25,0.165266380053791,3.63490988439233e-07,0.0407043053593598,0.21319423027205905,6.894150490556719e-07,0.2917118923017932,0.12456207469443119
dim 21,21,0.2187239632872364,Charge_group1_D50,-0.012782668744856358,0.6959620988992332,-0.11385245805657454,0.0004798077508493346,0.7232462384329306,0.001566527749596068,-0.10106978931171819
dim 21,21,0.2187239632872364,Charge_group1_D75,0.0480186830936456,0.1418981681636467,-0.13582086688674685,3.028234628406598e-05,0.16321423373293054,0.00013186836582631078,-0.08780218379310126
dim 21,21,0.2187239632872364,Charge_group1_D100,-0.07094435164250676,0.02989515860639223,-0.008364920751392979,0.7981695892951716,0.03838901566526338,0.8481980363493073,0.06257943089111379
dim 21,21,0.2187239632872364,Charge_group2_D0,-0.0387917921407882,0.23550546783499077,-0.05968237113980811,0.06783612229241733,0.2638672467523882,0.10919163781044523,-0.02089057899901991
dim 21,21,0.2187239632872364,Charge_group2_D25,-0.19315343213903016,2.509419688093006e-09,-0.0396094737452598,0.2257724260079997,5.251542455031729e-09,0.3051719558343663,0.15354395839377036
dim 21,21,0.2187239632872364,Charge_group2_D50,0.04424197752125905,0.1760166893735348,0.1062982442340203,0.00111911737411067,0.19996453826789326,0.003337367883508605,-0.06205626671276125
dim 21,21,0.2187239632872364,Charge_group2_D75,0.06486032079396804,0.0471618329278411,0.2206740860026771,8.474221169037982e-12,0.05904067540441877,1.4440764645197376e-10,-0.15581376520870904
dim 21,21,0.2187239632872364,Charge_group2_D100,0.21548743221260497,2.631790405862272e-11,0.0572630493708188,0.07978310920792622,6.194629989837907e-11,0.1251059083354336,0.15822438284178617
dim 21,21,0.2187239632872364,Charge_group3_D0,-0.06900692020753309,0.034683732714773624,-0.11245598564868155,0.0005633365918866341,0.044097322903442676,0.0018109183993275822,-0.04344906544114846
dim 21,21,0.2187239632872364,Charge_group3_D25,0.23914777375330018,1.1840436780161946e-13,0.05043488676193428,0.12289000267311516,3.131200225315986e-13,0.1821804744466066,0.1887128869913659
dim 21,21,0.2187239632872364,Charge_group3_D50,-0.035046208330060516,0.2838648617032278,-0.12385230611120311,0.0001442545920092706,0.3154054018924753,0.0005220046991451395,-0.0888060977811426
dim 21,21,0.2187239632872364,Charge_group3_D75,-0.1368362155230109,2.636201164899339e-05,-0.25642416675727453,1.555533873695652e-15,4.402455945381897e-05,7.422118768776397e-14,-0.11958795123426363
dim 21,21,0.2187239632872364,Charge_group3_D100,-0.2702203243338045,3.8424817627379687e-17,-0.23657080409800452,2.1965276661642671e-13,1.3029329022888135e-16,5.964554800803782e-12,0.03364952023579998
dim 21,21,0.2187239632872364,SecondaryStructure_C1,-0.5505097377971352,2.3342964229797537e-75,-0.21463080940021675,3.1647819481299236e-11,9.281607205657592e-74,4.718915940515154e-10,0.33587892839691846
dim 21,21,0.2187239632872364,SecondaryStructure_C2,0.2645120809932444,1.824218311452037e-16,0.1584128664946813,1.096821819948854e-06,5.892542708171957e-16,6.6728322015103315e-06,0.1060992144985631
dim 21,21,0.2187239632872364,SecondaryStructure_C3,0.557234496797244,1.5173997698697608e-77,0.16532797793789591,3.5982544753991904e-07,6.58196783294156e-76,2.4181428466465385e-06,0.39190651885934813
dim 21,21,0.2187239632872364,SecondaryStructure_T12,-0.38328809212683906,3.7187020070463784e-34,-0.03904017462582286,0.2325180724968595,2.8422116026395664e-33,0.3123935487286849,0.3442479175010162
dim 21,21,0.2187239632872364,SecondaryStructure_T13,-0.38358665705287115,3.277619116648681e-34,-0.22258144411291003,5.546123008805012e-12,2.5224073386190313e-33,1.0465565451643356e-10,0.16100521293996112
dim 21,21,0.2187239632872364,SecondaryStructure_T23,0.5225533998522512,8.852540675239477e-67,0.20681777556201725,1.641995876300093e-10,2.4235644143688402e-65,2.117477307661124e-09,0.315735624290234
dim 21,21,0.2187239632872364,SecondaryStructure_group1_D0,0.04793077682829629,0.1426300095988878,-0.034802839313318595,0.2872240207916163,0.16393125673099973,0.3744450544277902,0.013127937514977692
dim 21,21,0.2187239632872364,SecondaryStructure_group1_D25,-0.058904185923464816,0.07150731755180946,-0.04579096298113028,0.16134991598290024,0.08631530199604033,0.2291278568804791,0.013113222942334538
dim 21,21,0.2187239632872364,SecondaryStructure_group1_D50,-0.2391242786062085,1.1907725105343704e-13,-0.22355241273229648,4.4629025929346e-12,3.146503311063922e-13,8.666334104884629e-11,0.015571865873912016
dim 21,21,0.2187239632872364,SecondaryStructure_group1_D75,-0.24631193037224067,2.044699263275343e-14,-0.1752537194231923,6.691084850729924e-08,5.705342973550248e-14,5.173199861443969e-07,0.07105821094904838
dim 21,21,0.2187239632872364,SecondaryStructure_group1_D100,-0.16240966028910278,5.792326305957765e-07,0.015320956046819623,0.6395107867922128,1.0826172278622795e-06,0.7197824464187272,0.14708870424228315
dim 21,21,0.2187239632872364,SecondaryStructure_group2_D0,0.06389123426831432,0.05056808678613988,-0.046956839264113336,0.15093296679189744,0.06297442575156868,0.21635884510083153,0.016934395004200985
dim 21,21,0.2187239632872364,SecondaryStructure_group2_D25,-0.09515326655272309,0.0035521692169504498,-0.07257779701197242,0.026310064493867937,0.0049912684832202365,0.04970340238094961,0.022575469540750667
dim 21,21,0.2187239632872364,SecondaryStructure_group2_D50,0.06831760907837389,0.03653838503433026,0.07969470511567858,0.014682512002272491,0.0464023597013928,0.0307073200297997,-0.01137709603730469
dim 21,21,0.2187239632872364,SecondaryStructure_group2_D75,0.20225515534835348,4.1697919811540545e-10,0.06517668160472906,0.04609244194988147,9.073032714693513e-10,0.0796012182588439,0.13707847374362442
dim 21,21,0.2187239632872364,SecondaryStructure_group2_D100,0.13714913736852077,2.525436501759884e-05,0.12896444544809735,7.528504238208181e-05,4.225930819578162e-05,0.0002917077048215235,0.008184691920423426
dim 21,21,0.2187239632872364,SecondaryStructure_group3_D0,-0.1939786380045248,2.1400741358442333e-09,-0.1760975552285977,5.773279316437344e-08,4.492676061420326e-09,4.537118333388407e-07,0.017881082775927093
dim 21,21,0.2187239632872364,SecondaryStructure_group3_D25,-0.014170549591323012,0.6648624241189258,0.03900524943552474,0.23293650195838275,0.6954714990783627,0.31282988200281403,-0.024834699844201728
dim 21,21,0.2187239632872364,SecondaryStructure_group3_D50,0.18511766977115396,1.1405720049140302e-08,0.10217501229948371,0.001738282147475847,2.3158118519227116e-08,0.004898264672349152,0.08294265747167025
dim 21,21,0.2187239632872364,SecondaryStructure_group3_D75,0.08881291856205509,0.006521242288659065,0.07272270665920645,0.02601072067365015,0.008879310739552091,0.049242901035582466,0.016090211902848636
dim 21,21,0.2187239632872364,SecondaryStructure_group3_D100,0.1540124162958705,2.1756618341364477e-06,0.07625141717631755,0.019576137245320337,3.89218560579311e-06,0.03889607281342648,0.07776099911955296
dim 21,21,0.2187239632872364,SolventAccessibility_C1,-0.05937049590093076,0.06928841188730205,0.06685266986711948,0.040761466684075105,0.0837883040201263,0.07180553730211543,-0.007482173966188714
dim 21,21,0.2187239632872364,SolventAccessibility_C2,-0.5676607477056084,4.894869183420631e-81,-0.2887289088634936,1.8964578461236173e-19,2.3355518675178443e-79,1.2181094627024772e-17,0.27893183884211475
dim 21,21,0.2187239632872364,SolventAccessibility_C3,0.6163148403693156,4.169287437402906e-99,0.23761374638587882,1.7119983584483598e-13,9.283613360617138e-97,4.7650620976812684e-12,0.37870109398343677
dim 21,21,0.2187239632872364,SolventAccessibility_T12,-0.5795280812994635,3.6392722582138474e-85,-0.18369382654350216,1.4813701363584959e-08,2.2509572856359723e-83,1.2952293862401508e-07,0.39583425475596135
dim 21,21,0.2187239632872364,SolventAccessibility_T13,0.46935517941588156,1.6630364668874304e-52,0.19755988118704543,1.0637476121767474e-09,2.878000932333688e-51,1.188266563434895e-08,0.27179529822883614
dim 21,21,0.2187239632872364,SolventAccessibility_T23,-0.07259430740946456,0.026275809159894865,-0.1882894022304021,6.324041427428206e-09,0.033832383420990306,5.985182650376253e-08,-0.11569509482093755
dim 21,21,0.2187239632872364,SolventAccessibility_group1_D0,-0.06722363251303086,0.03965480425635406,-0.08825249522372423,0.0068692186113686925,0.05013135738691239,0.016123113255074796,-0.021028862710693375
dim 21,21,0.2187239632872364,SolventAccessibility_group1_D25,-0.2671899157646333,8.825926063623342e-17,-0.15766455827038517,1.2339488997653887e-06,2.904294882019898e-16,7.399262702363372e-06,0.10952535749424813
dim 21,21,0.2187239632872364,SolventAccessibility_group1_D50,-0.331518180533944,1.7942891043119324e-25,-0.22317785523531294,4.853711110041245e-12,9.177527731090128e-25,9.37074861707385e-11,0.10834032529863105
dim 21,21,0.2187239632872364,SolventAccessibility_group1_D75,-0.18997175714414116,4.606144156703039e-09,0.05987721711719824,0.06694154976095741,9.573442117851991e-09,0.10787799527089202,0.13009454002694293
dim 21,21,0.2187239632872364,SolventAccessibility_group1_D100,0.09486046851878947,0.0036561111639368143,0.1616854955046787,6.510239557216592e-07,0.005122236278334295,4.149656511660957e-06,-0.06682502698588923
dim 21,21,0.2187239632872364,SolventAccessibility_group2_D0,-0.013023319576427122,0.6905310535447825,0.007631470450763276,0.8155328398535444,0.7184964856198048,0.85995669918482,0.005391849125663845
dim 21,21,0.2187239632872364,SolventAccessibility_group2_D25,0.4523078865081115,1.9384217100373686e-48,0.0928828039203643,0.0044335768474824564,2.890325228359291e-47,0.01100159485185097,0.3594250825877472
dim 21,21,0.2187239632872364,SolventAccessibility_group2_D50,0.2289406242644113,1.3120132490922648e-12,0.037324772754480005,0.2537031248329887,3.2508340148131784e-12,0.3367919065747942,0.1916158515099313
dim 21,21,0.2187239632872364,SolventAccessibility_group2_D75,0.22714938525117467,1.977842304203428e-12,-0.022230699674159197,0.4967150334990562,4.8680864377593575e-12,0.5902901020927878,0.20491868557701548
dim 21,21,0.2187239632872364,SolventAccessibility_group2_D100,-0.2704746351278524,3.581749506660854e-17,-0.12390349044865602,0.0001433357417894503,1.2157564382365093e-16,0.0005192422750290281,0.1465711446791964
dim 21,21,0.2187239632872364,SolventAccessibility_group3_D0,0.21650796676155695,2.110540306332383e-11,0.07245874513470965,0.02655821262999915,4.9888213893490155e-11,0.04997432686433643,0.1440492216268473
dim 21,21,0.2187239632872364,SolventAccessibility_group3_D25,0.04223672905730556,0.19644853558963749,0.13435924914351138,3.690796461347888e-05,0.22204335325529245,0.0001576375982212525,-0.09212252008620583
dim 21,21,0.2187239632872364,SolventAccessibility_group3_D50,0.1650482792158914,3.767610920239522e-07,0.17209908489559197,1.1542540200543546e-07,7.137731408735113e-07,8.548814008919792e-07,-0.007050805679700567
dim 21,21,0.2187239632872364,SolventAccessibility_group3_D75,-0.0899151200723979,0.005882693596493859,-0.07377255608663157,0.02392852456742668,0.00805253959520061,0.0460375991101412,0.01614256398576633
dim 21,21,0.2187239632872364,SolventAccessibility_group3_D100,0.2065494101477209,1.735556916163371e-10,0.04121942828760217,0.20745408343826738,3.88262565303795e-10,0.28467405040419597,0.16532998186011874
dim 38,38,0.2162860272769039,AAC_A,-0.07859141705228385,0.01611809502600478,0.11571932464369174,0.00038607601154083763,0.021186319317928363,0.0012998930227282235,-0.03712790759140788
dim 38,38,0.2162860272769039,AAC_C,-0.10303910199547332,0.0015870666202502275,-0.051498342067396535,0.1151805620347263,0.0022848286688085173,0.17266744936983208,0.05154075992807679
dim 38,38,0.2162860272769039,AAC_D,0.23552946959528356,2.813770056477727e-13,0.06168075077381832,0.05911288407869225,7.245946020536321e-13,0.09721173452625904,0.17384871882146524
dim 38,38,0.2162860272769039,AAC_E,0.3052583069200575,1.1691525588862388e-21,-0.2352108519607914,3.034545989551966e-13,5.045180292868266e-21,8.043955242145688e-12,0.07004745495926612
dim 38,38,0.2162860272769039,AAC_F,0.10955204364398326,0.0007820338054372088,-0.058295391986984954,0.07449137353942752,0.001159339951247349,0.11825151502931935,0.0512566516569983
dim 38,38,0.2162860272769039,AAC_G,-0.09441177711100676,0.003820760012563072,0.15193273664698537,2.9876344209798692e-06,0.005343944071172806,1.6466499944014462e-05,-0.057520959535978605
dim 38,38,0.2162860272769039,AAC_H,0.389842401078988,2.2569626315681836e-35,0.06085036216091712,0.06261768287884835,1.8430941783466339e-34,0.1020707959079324,0.3289920389180709
dim 38,38,0.2162860272769039,AAC_I,0.1831544874001731,1.6347054835924108e-08,-0.0980147412986621,0.002668887368211154,3.289106213975092e-08,0.0070972004855296604,0.085139746101511
dim 38,38,0.2162860272769039,AAC_K,0.33440647934496887,6.471290533222666e-26,-0.010007164355801864,0.7596635623734312,3.3824898874747578e-25,0.8171582281247216,0.324399314989167
dim 38,38,0.2162860272769039,AAC_L,0.1973676337901765,1.10479396627778e-09,-0.17694088587690482,4.9782659010331794e-08,2.350612900667807e-09,3.930829340295702e-07,0.020426747913271676
dim 38,38,0.2162860272769039,AAC_M,0.13968923411505269,1.7763038219332192e-05,-0.1658270306858317,3.314131799121774e-07,2.9948787305688805e-05,2.2452738760784437e-06,-0.026137796570779026
dim 38,38,0.2162860272769039,AAC_N,0.04271975660148731,0.19137506218071218,0.0802632523840784,0.013987627128209171,0.2165286950147624,0.029550078816077567,-0.03754349578259109
dim 38,38,0.2162860272769039,AAC_P,-0.46672471121903253,7.302822266103806e-52,-0.11137267963662897,0.0006372401114309739,1.2381434704967876e-50,0.0020308988284155082,0.3553520315824036
dim 38,38,0.2162860272769039,AAC_Q,0.052136287400786324,0.11074132409970201,-0.055269364123046644,0.09086457512722038,0.12941778253779032,0.14076423048465495,-0.0031330767222603195
dim 38,38,0.2162860272769039,AAC_R,-0.1671860880936279,2.645744172489222e-07,-0.10884389054654432,0.000846169965235949,5.069871219801493e-07,0.00259761735651477,0.05834219754708357
dim 38,38,0.2162860272769039,AAC_S,-0.3990818553984487,3.897306146671792e-37,0.04510570213580784,0.16772055466416436,3.461968757947815e-36,0.2371662373320529,0.35397615326264087
dim 38,38,0.2162860272769039,AAC_T,-0.37436474780756485,1.5246819277804405e-32,0.14996465210267532,4.017892122037556e-06,1.1118859473333343e-31,2.1403125498573266e-05,0.22440009570488953
dim 38,38,0.2162860272769039,AAC_V,0.08590233830136966,0.008516810252930556,0.11526455622702816,0.0004071885742241956,0.01141956894612126,0.0013600098379088134,-0.029362217925658504
dim 38,38,0.2162860272769039,AAC_W,-0.12261089524888216,0.00016831113362832898,-0.007908513540284774,0.8089631623893762,0.00026397744462978247,0.8561844010862418,0.1147023817085974
dim 38,38,0.2162860272769039,AAC_Y,0.08638115244975218,0.008155022887531739,0.04647049428855754,0.155214426180122,0.010947659342586818,0.2214507404705713,0.03991065816119464
dim 38,38,0.2162860272769039,Hydrophobicity_C1,0.3664140797410769,3.78725818230529e-31,-0.11743203145328023,0.00031538939098669697,2.6027659112962284e-30,0.0010759964922324493,0.2489820482877967
dim 38,38,0.2162860272769039,Hydrophobicity_C2,-0.37727331725508934,4.602508812692805e-33,0.1813784019997721,2.2563326203250482e-08,3.4236925243639125e-32,1.8935052642928796e-07,0.19589491525531724
dim 38,38,0.2162860272769039,Hydrophobicity_C3,0.2958508418442317,2.2046562617532745e-20,-0.20160376758292886,4.754795388973728e-10,8.893178640405721e-20,5.671791642561519e-09,0.09424707426130285
dim 38,38,0.2162860272769039,Hydrophobicity_T12,0.13359921416929077,4.0874918219971603e-05,0.08491141605850977,0.009311376818541436,6.725232849985476e-05,0.020872482264381473,0.048687798110781
dim 38,38,0.2162860272769039,Hydrophobicity_T13,0.360030044578273,4.6833016564265216e-30,-0.1540152532296133,2.1747145531787043e-06,3.031439444276082e-29,1.2458913563665304e-05,0.2060147913486597
dim 38,38,0.2162860272769039,Hydrophobicity_T23,-0.1583248716033375,1.1121529502023093e-06,0.03084893417223055,0.3455459259172497,2.0198971471863585e-06,0.4379974924340091,0.12747593743110694
dim 38,38,0.2162860272769039,Hydrophobicity_group1_D0,-0.007578182343903796,0.8167979918437178,-0.04062626416707474,0.21407375176428106,0.8321459409362946,0.2925557818709897,-0.03304808182317094
dim 38,38,0.2162860272769039,Hydrophobicity_group1_D25,-0.39351575104741476,4.564523858852827e-36,-0.018405828183816617,0.5736348401970559,3.8596227059666944e-35,0.6602137719704227,0.3751099228635981
dim 38,38,0.2162860272769039,Hydrophobicity_group1_D50,-0.24461448565139116,3.115827362123531e-14,-0.08795464638870303,0.007060857127191425,8.572375114903289e-14,0.01646875894191296,0.15665983926268812
dim 38,38,0.2162860272769039,Hydrophobicity_group1_D75,-0.2563152289617143,1.6002836831002083e-15,-0.06950812314940395,0.033386147575524466,4.7765393222115244e-15,0.060768246813216194,0.18680710581231036
dim 38,38,0.2162860272769039,Hydrophobicity_group1_D100,0.2091763836046933,1.0056535480408887e-10,0.015524975252187989,0.6350572722642088,2.2756658878432034e-10,0.7178134340661674,0.1936514083525053
dim 38,38,0.2162860272769039,Hydrophobicity_group2_D0,0.13908364549711308,1.932827110111426e-05,-0.04311908367433999,0.18725394893415537,3.250575300993033e-05,0.2604865428738355,0.09596456182277309
dim 38,38,0.2162860272769039,Hydrophobicity_group2_D25,0.35338161761485987,6.052352877866094e-29,0.009818197254209814,0.764066138290463,3.72967871071453e-28,0.8207232315509095,0.3435634203606501
dim 38,38,0.2162860272769039,Hydrophobicity_group2_D50,0.19441263068212267,1.967626878413822e-09,0.04571149517603781,0.1620792101949244,4.143678293759246e-09,0.2299679532927135,0.14870113550608485
dim 38,38,0.2162860272769039,Hydrophobicity_group2_D75,0.2745052668842644,1.164360041759966e-17,0.1574549487329672,1.2752209506328832e-06,4.089340209756348e-17,7.6193881486830584e-06,0.11705031815129721
dim 38,38,0.2162860272769039,Hydrophobicity_group2_D100,-0.07826548670850991,0.01656511569317671,0.08634456346481834,0.008182176527754013,0.021731141561355145,0.018666987433537164,-0.008079076756308423
dim 38,38,0.2162860272769039,Hydrophobicity_group3_D0,-0.31095804354228634,1.8711094296117015e-22,-0.08511057646623711,0.00914657257783606,8.299476088848716e-22,0.02053061317874492,0.22584746707604925
dim 38,38,0.2162860272769039,Hydrophobicity_group3_D25,-0.29554690501018804,2.419737922900268e-20,0.02086335647829663,0.5235688656924151,9.749004417957654e-20,0.6173915342278063,0.2746835485318914
dim 38,38,0.2162860272769039,Hydrophobicity_group3_D50,-0.15341487091608544,2.384256251829258e-06,-0.0046309441553006765,0.887422156177067,4.247155136591851e-06,0.9176439633533757,0.14878392676078475
dim 38,38,0.2162860272769039,Hydrophobicity_group3_D75,-0.08511612107732604,0.009142021868632796,-0.08380220233953593,0.010278551812521963,0.01223821765179701,0.02285643345793832,0.001313918737790104
dim 38,38,0.2162860272769039,Hydrophobicity_group3_D100,-0.08161778826819481,0.012447639894260993,-0.0772879823258572,0.01797161682138289,0.016452361395659566,0.036378909202072034,0.004329805942337617
dim 38,38,0.2162860272769039,NormVanDerWaalsVolume_C1,-0.3856591700851609,1.3594478603317956e-34,0.15300527868796987,2.538171218099907e-06,1.0683660831783993e-33,1.4368630285514725e-05,0.232653891397191
dim 38,38,0.2162860272769039,NormVanDerWaalsVolume_C2,0.34750580327606523,5.524666946755199e-28,-0.1635640626997754,4.802850030379109e-07,3.2035395142642992e-27,3.1453959022482786e-06,0.18394174057628984
dim 38,38,0.2162860272769039,NormVanDerWaalsVolume_C3,0.31657317552509406,2.957576950134729e-23,-0.08262187243192898,0.011404824223288779,1.373895273080667e-22,0.024719086895382558,0.23395130309316509
dim 38,38,0.2162860272769039,NormVanDerWaalsVolume_T12,-0.18943467376105336,5.098234978505919e-09,-0.018473580481733847,0.5722247270502324,1.056334046414998e-08,0.6594998579529939,0.17096109327931952
dim 38,38,0.2162860272769039,NormVanDerWaalsVolume_T13,0.06215413409866733,0.057188710218657665,0.07046499779525,0.031023759354397277,0.07035369875886431,0.05718507518967268,-0.008310863696582675
dim 38,38,0.2162860272769039,NormVanDerWaalsVolume_T23,0.2964914510479678,1.8112260542269896e-20,-0.1730156426066832,9.861501821460968e-08,7.332721237718964e-20,7.418336955783702e-07,0.12347580844128461
dim 38,38,0.2162860272769039,NormVanDerWaalsVolume_group1_D0,0.13677885724345598,2.656998143443437e-05,-0.046919239743696106,0.15126072912892158,4.434969414843118e-05,0.21664272525325817,0.08985961749975988
dim 38,38,0.2162860272769039,NormVanDerWaalsVolume_group1_D25,0.26143176772479515,4.1627685034376104e-16,-0.05696921587562465,0.08134383481149601,1.3091946140754819e-15,0.12737384353980152,0.2044625518491705
dim 38,38,0.2162860272769039,NormVanDerWaalsVolume_group1_D50,0.1457558448548031,7.476881745803561e-06,0.06256528326064903,0.05555997755892138,1.2872569603599945e-05,0.09241550052131345,0.08319056159415408
dim 38,38,0.2162860272769039,NormVanDerWaalsVolume_group1_D75,0.25535402614986563,2.05412858210167e-15,0.1489437220369899,4.678486924293151e-06,6.066126847232164e-15,2.4415853636154882e-05,0.10641030411287572
dim 38,38,0.2162860272769039,NormVanDerWaalsVolume_group1_D100,-0.09344164661235127,0.004199967439207293,0.054318523489537904,0.09656849693129603,0.005852270023759849,0.14808943055579832,0.039123123122813366
dim 38,38,0.2162860272769039,NormVanDerWaalsVolume_group2_D0,-0.057138448876741556,0.08044194379190077,-0.04267254584666315,0.1918666540209512,0.0963342030351196,0.2661273357267347,0.014465903030078407
dim 38,38,0.2162860272769039,NormVanDerWaalsVolume_group2_D25,-0.2984508784274321,9.89726821964652e-21,-0.022296050277474506,0.4954501954128979,4.0861404021779204e-20,0.5895274858137083,0.2761548281499576
dim 38,38,0.2162860272769039,NormVanDerWaalsVolume_group2_D50,-0.09671406580266603,0.00304202390374307,-0.034621968678448606,0.28973781410994864,0.004297952554357806,0.37742757376256963,0.06209209712421743
dim 38,38,0.2162860272769039,NormVanDerWaalsVolume_group2_D75,-0.07484370955333743,0.021954395536367934,-0.10001345034555216,0.002176273964999162,0.028565516591923995,0.005948244716118822,-0.025169740792214734
dim 38,38,0.2162860272769039,NormVanDerWaalsVolume_group2_D100,0.11452073489683892,0.00044405536028984505,0.0021962584510603162,0.9464711959464249,0.0006729332592414168,0.9623156162628158,0.1123244764457786
dim 38,38,0.2162860272769039,NormVanDerWaalsVolume_group3_D0,-0.14842590306616407,5.052058165126702e-06,-0.007715661071385829,0.8135349880593201,8.793055899699419e-06,0.8592011171456889,0.14071024199477825
dim 38,38,0.2162860272769039,NormVanDerWaalsVolume_group3_D25,-0.0571616725399343,0.08031881347678135,0.13223293613959014,4.9041464617033425e-05,0.09622124713502501,0.00020172228056760053,-0.07507126359965584
dim 38,38,0.2162860272769039,NormVanDerWaalsVolume_group3_D50,-0.10631292405068708,0.0011173334521907517,-0.02638739480109938,0.41978606822863884,0.001630359864708218,0.5141494198326563,0.0799255292495877
dim 38,38,0.2162860272769039,NormVanDerWaalsVolume_group3_D75,-0.1277788780459824,8.773066368241076e-05,-0.07333693287465001,0.024774309350486357,0.00014094296137530157,0.04741070591584337,0.054441945171332384
dim 38,38,0.2162860272769039,NormVanDerWaalsVolume_group3_D100,0.09348802818147314,0.004181089001641305,-0.005565419536887776,0.864904803616409,0.005828396187596811,0.9009332285501663,0.08792260864458537
dim 38,38,0.2162860272769039,Polarity_C1,0.3145592460734405,5.75782103873635e-23,-0.1726279060664066,1.0541571738110291e-07,2.6344003108738913e-22,7.89436089804672e-07,0.1419313400070339
dim 38,38,0.2162860272769039,Polarity_C2,-0.41122946207641525,1.5373312251239312e-39,0.14560761479289394,7.639852912649994e-06,1.570240456242792e-38,3.825653482496399e-05,0.26562184728352134
dim 38,38,0.2162860272769039,Polarity_C3,0.4182707984830995,5.587451203402946e-41,-0.0934554642488299,0.004194335264251422,6.1794990130350465e-40,0.010485838160628555,0.3248153342342696
dim 38,38,0.2162860272769039,Polarity_T12,-0.2674147096767344,8.300956473606367e-17,0.060012845177510724,0.06632459903038064,2.7396437373364886e-16,0.10712000036821631,0.2074018644992237
dim 38,38,0.2162860272769039,Polarity_T13,0.422155749253506,8.673195311072302e-42,-0.0972616908387173,0.00287948350312142,1.0093544368983098e-40,0.007602746956858136,0.3248940584147887
dim 38,38,0.2162860272769039,Polarity_T23,-0.02598279620193718,0.4269523194722876,0.03991296084623653,0.22223393194568028,0.46389744536026045,0.30160964351831454,-0.013930164644299348
dim 38,38,0.2162860272769039,Polarity_group1_D0,-0.23169954814440644,6.925390576370225e-13,-0.06917786937376964,0.03423640400797599,1.7365468862670085e-12,0.062045355066000986,0.16252167877063678
dim 38,38,0.2162860272769039,Polarity_group1_D25,-0.21366023863890465,3.8965807542003284e-11,0.05796492316968828,0.07615326125357398,9.101104698621746e-11,0.12031782998436004,0.1556953154692164
dim 38,38,0.2162860272769039,Polarity_group1_D50,-0.14919560744342916,4.506464331477644e-06,-0.03174590077587129,0.33169570422253486,7.884542099075606e-06,0.4222041357100863,0.11744970666755787
dim 38,38,0.2162860272769039,Polarity_group1_D75,-0.16464138580826704,4.0277624524684615e-07,-0.10875239976097618,0.0008548024857162349,7.609008252966438e-07,0.0026145057713298763,0.05588898604729085
dim 38,38,0.2162860272769039,Polarity_group1_D100,0.027740632208275783,0.39633599701021044,0.02778287275536216,0.3956169562971727,0.43288496730349996,0.487947058357665,-4.2240547086375146e-05
dim 38,38,0.2162860272769039,Polarity_group2_D0,0.14440671390153426,9.091066448214849e-06,-0.04341498115541431,0.18424271013332427,1.5571365095916716e-05,0.2574772601863193,0.10099173274611994
dim 38,38,0.2162860272769039,Polarity_group2_D25,0.33292124016329233,1.0947958468624887e-25,-0.030483613133905456,0.3512908841055446,5.642929210680112e-25,0.4440997550766536,0.30243762702938687
dim 38,38,0.2162860272769039,Polarity_group2_D50,0.26858294443741726,6.02999265027746e-17,0.10736428272236952,0.000996187619465088,2.0059935709090355e-16,0.0029975375216336883,0.16121866171504773
dim 38,38,0.2162860272769039,Polarity_group2_D75,0.31717591862753397,2.4205504783813566e-23,0.2007451532124228,5.64932686706788e-10,1.1307186850061163e-22,6.6439266676080005e-09,0.11643076541511116
dim 38,38,0.2162860272769039,Polarity_group2_D100,-0.038011129689383555,0.245071023408861,0.07901970586589087,0.015546802832745774,0.2744006765623854,0.03225237357849123,-0.041008576176507314
dim 38,38,0.2162860272769039,Polarity_group3_D0,-0.05027549125094253,0.12407942597627007,-0.04720550436963164,0.14877889468039587,0.1440477173308106,0.21359051590593847,0.003069986881310889
dim 38,38,0.2162860272769039,Polarity_group3_D25,-0.4389123129406256,2.1136741394522227e-45,-0.01351027542199861,0.6795901314720546,2.8126181775977783e-44,0.7558544918803404,0.425402037518627
dim 38,38,0.2162860272769039,Polarity_group3_D50,-0.3033683087306457,2.1276208739173486e-21,-0.10113120444301747,0.001938544774583969,9.02954729210158e-21,0.00537322783992569,0.2022371042876282
dim 38,38,0.2162860272769039,Polarity_group3_D75,-0.2436373884708501,3.965091880606345e-14,-0.05695983341267955,0.08139407538715648,1.0855251541987862e-13,0.12739278903144455,0.18667755505817055
dim 38,38,0.2162860272769039,Polarity_group3_D100,0.18268605206872698,1.7802806611537792e-08,0.011396247729109216,0.7275473191229613,3.5733998847678016e-08,0.7943652813804452,0.17128980433961777
dim 38,38,0.2162860272769039,Polarizability_C1,-0.30450692777476146,1.484135079858105e-21,0.20483546298515037,2.468170545410772e-10,6.363300599134879e-21,3.0600790384967683e-09,0.09967146478961109
dim 38,38,0.2162860272769039,Polarizability_C2,0.1831005253768314,1.6508679015384315e-08,-0.23335376654189796,4.70268207346039e-13,3.317628634860627e-08,1.180974295139677e-11,-0.05025324116506655
dim 38,38,0.2162860272769039,Polarizability_C3,0.31657317552509406,2.957576950134729e-23,-0.08262187243192898,0.011404824223288779,1.373895273080667e-22,0.024719086895382558,0.23395130309316509
dim 38,38,0.2162860272769039,Polarizability_T12,-0.3767420899885539,5.733205207323675e-33,0.05138121228394192,0.11601060648372669,4.227131433214365e-32,0.17383374861177528,0.325360877704612
dim 38,38,0.2162860272769039,Polarizability_T13,0.12257215194088297,0.00016911935229763035,0.13937670757699383,1.8555107020585845e-05,0.00026506740341346096,8.477983235124038e-05,-0.016804555636110857
dim 38,38,0.2162860272769039,Polarizability_T23,0.2576252061867285,1.1368244926921032e-15,-0.21181200061226824,5.7746283513566005e-11,3.4361934892231894e-15,8.242418245098737e-10,0.04581320557446028
dim 38,38,0.2162860272769039,Polarizability_group1_D0,0.11024970641151575,0.0007232795179660607,-0.051749732547768,0.11341482352854608,0.001075580405167695,0.1704028387698353,0.05849997386374776
dim 38,38,0.2162860272769039,Polarizability_group1_D25,0.26273116857771595,2.9431169152126628e-16,-0.05902303007221779,0.07093635768310157,9.388739729522726e-16,0.1134166752807847,0.20370813850549815
dim 38,38,0.2162860272769039,Polarizability_group1_D50,0.2820083936662958,1.366887659966367e-18,0.08283233718893968,0.011196322618669364,5.083969692970674e-18,0.024425680957776405,0.19917605647735614
dim 38,38,0.2162860272769039,Polarizability_group1_D75,0.2893646371928175,1.5688884294706075e-19,0.1598034150230331,8.799033663306617e-07,6.071943632018342e-19,5.46259710695987e-06,0.1295612221697844
dim 38,38,0.2162860272769039,Polarizability_group1_D100,-0.023131764169167467,0.4794277281953494,0.04148649560922869,0.20452253041922233,0.5168781833997634,0.2814607546766389,-0.01835473144006122
dim 38,38,0.2162860272769039,Polarizability_group2_D0,0.022119099192972724,0.49887898874474795,-0.06449233066398612,0.0484318823966599,0.5362908987471703,0.08278530563195705,-0.04237323147101339
dim 38,38,0.2162860272769039,Polarizability_group2_D25,-0.24663891736431237,1.8846415751810593e-14,-0.037963148024206333,0.245667701203345,5.2675337749830443e-14,0.32834338616213377,0.20867576934010604
dim 38,38,0.2162860272769039,Polarizability_group2_D50,-0.30637018073431316,8.203669377757324e-22,-0.08068430379603721,0.013491856971244078,3.549255922501226e-21,0.028665904760785763,0.22568587693827596
dim 38,38,0.2162860272769039,Polarizability_group2_D75,-0.17484321193785612,7.187128924457188e-08,-0.12502729745923113,0.00012449611891792258,1.405445585930153e-07,0.0004579482788390544,0.04981591447862499
dim 38,38,0.2162860272769039,Polarizability_group2_D100,-0.05422541844380715,0.09714205832217904,0.00598277827713032,0.8548821753724175,0.11505477829648156,0.8931205710803486,0.04824264016667683
dim 38,38,0.2162860272769039,Polarizability_group3_D0,-0.14842590306616407,5.052058165126702e-06,-0.007715661071385829,0.8135349880593201,8.793055899699419e-06,0.8592011171456889,0.14071024199477825
dim 38,38,0.2162860272769039,Polarizability_group3_D25,-0.0571616725399343,0.08031881347678135,0.13223293613959014,4.9041464617033425e-05,0.09622124713502501,0.00020172228056760053,-0.07507126359965584
dim 38,38,0.2162860272769039,Polarizability_group3_D50,-0.10631292405068708,0.0011173334521907517,-0.02638739480109938,0.41978606822863884,0.001630359864708218,0.5141494198326563,0.0799255292495877
dim 38,38,0.2162860272769039,Polarizability_group3_D75,-0.1277788780459824,8.773066368241076e-05,-0.07333693287465001,0.024774309350486357,0.00014094296137530157,0.04741070591584337,0.054441945171332384
dim 38,38,0.2162860272769039,Polarizability_group3_D100,0.09348802818147314,0.004181089001641305,-0.005565419536887776,0.864904803616409,0.005828396187596811,0.9009332285501663,0.08792260864458537
dim 38,38,0.2162860272769039,Charge_C1,0.24555022082101224,2.471126232535759e-14,-0.10516819792422082,0.001264605174890724,6.838079218450236e-14,0.0037148472155980813,0.14038202289679141
dim 38,38,0.2162860272769039,Charge_C2,-0.3478664556103376,4.829959882878977e-28,0.14410244103926406,9.498532936391716e-06,2.8104644614661644e-27,4.686129986343919e-05,0.20376401457107352
dim 38,38,0.2162860272769039,Charge_C3,0.3379250635250694,1.8408856053969896e-26,-0.1284063358520434,8.09204183019208e-05,9.949122851174669e-26,0.00031173494478479297,0.209518727673026
dim 38,38,0.2162860272769039,Charge_T12,0.1702271739408965,1.5877604885336373e-07,-0.10822271128462027,0.0009064041477512895,3.061847593361633e-07,0.002747177725489389,0.06200446265627624
dim 38,38,0.2162860272769039,Charge_T13,0.2763142056602422,6.98882982752544e-18,-0.15249028076108623,2.74523911743059e-06,2.4912157549557065e-17,1.5384393711775455e-05,0.12382392489915595
dim 38,38,0.2162860272769039,Charge_T23,0.3374996904333526,2.1448951671103855e-26,-0.0770069105471224,0.018394908732369514,1.1517604273550944e-25,0.037098731982521074,0.2604927798862302
dim 38,38,0.2162860272769039,Charge_group1_D0,-0.02199367860244543,0.5013168755240376,0.02938237039807011,0.36897173435337893,0.5387382124357418,0.46312122989112575,-0.00738869179562468
dim 38,38,0.2162860272769039,Charge_group1_D25,-0.14249813651081505,1.1951407243154605e-05,-0.011197601367662482,0.7321124414146905,2.0314351242817498e-05,0.7972792808363437,0.13130053514315257
dim 38,38,0.2162860272769039,Charge_group1_D50,-0.03082282129952986,0.345954576206666,0.007154724632677345,0.826868298391667,0.38059561414040327,0.8695655279055944,0.023668096666852514
dim 38,38,0.2162860272769039,Charge_group1_D75,-0.12472453170209445,0.0001293283526984333,-0.04505791511359333,0.1681717514620195,0.00020423484539610742,0.2376030667864404,0.07966661658850112
dim 38,38,0.2162860272769039,Charge_group1_D100,0.05147326265759482,0.11535789468473855,-0.019142397790304258,0.5583937690381124,0.13453050567284452,0.6469078004118264,0.03233086486729056
dim 38,38,0.2162860272769039,Charge_group2_D0,-0.035779084918306434,0.2739100495296056,-0.08424293455650868,0.009884050910366536,0.3047500217950975,0.022052591877504496,-0.048463849638202244
dim 38,38,0.2162860272769039,Charge_group2_D25,0.18776487821917082,6.976823797487098e-09,0.0457761297932876,0.16148585538995103,1.4331237074788996e-08,0.22922344114000698,0.14198874842588322
dim 38,38,0.2162860272769039,Charge_group2_D50,0.058307571726860304,0.07443069290229488,0.09932633543708187,0.0023353602509522814,0.08964966256533174,0.006320991278914603,-0.04101876371022157
dim 38,38,0.2162860272769039,Charge_group2_D75,0.08614728306479348,0.008329980253559542,0.09950477685800868,0.002293054678356968,0.011178036981474035,0.006231735252817146,-0.0133574937932152
dim 38,38,0.2162860272769039,Charge_group2_D100,-0.1586222925362186,1.0611464385257146e-06,0.03223349025074457,0.32431920028020356,1.9325131432256746e-06,0.4144350941507866,0.12638880228547403
dim 38,38,0.2162860272769039,Charge_group3_D0,0.04298523699935656,0.18862791294059686,0.04518043990527335,0.16701671441502358,0.2134927920100283,0.23637111277380454,-0.0021952029059167932
dim 38,38,0.2162860272769039,Charge_group3_D25,-0.2326035596035912,5.607122544099181e-13,-0.05815464174362915,0.07519553675688191,1.412352134034032e-12,0.11897351623305807,0.17444891785996203
dim 38,38,0.2162860272769039,Charge_group3_D50,-0.052507999330064246,0.10821758392600983,-0.06097145502146136,0.062096148490166966,0.12695705314818154,0.10143557304593896,-0.008463455691397115
dim 38,38,0.2162860272769039,Charge_group3_D75,-0.01921825001752538,0.556835467721074,-0.07253571446405488,0.026397550551748326,0.5947650982374119,0.049840485496234835,-0.0533174644465295
dim 38,38,0.2162860272769039,Charge_group3_D100,0.1476552182013188,5.661292964550162e-06,-0.0124356479712674,0.7038211413158602,9.807426608712418e-06,0.774041031279214,0.1352195702300514
dim 38,38,0.2162860272769039,SecondaryStructure_C1,0.355298454718566,2.912105745169296e-29,-0.16484455476561277,3.8957725388322175e-07,1.8248467521323544e-28,2.6023760559399215e-06,0.19045389995295325
dim 38,38,0.2162860272769039,SecondaryStructure_C2,-0.12695892621472554,9.744719692964017e-05,0.09915024352076499,0.002377807223404958,0.00015602763075023884,0.006415085723887367,0.027808682693960557
dim 38,38,0.2162860272769039,SecondaryStructure_C3,-0.3907133788426419,1.5478716738877202e-35,0.1457151995728985,7.521235774284047e-06,1.289249723387777e-34,3.771911033950258e-05,0.2449981792697434
dim 38,38,0.2162860272769039,SecondaryStructure_T12,0.2780804000984431,4.2301821512766576e-18,-0.12068767761525034,0.00021313540258025923,1.5257892424691185e-17,0.0007549016379831026,0.15739272248319275
dim 38,38,0.2162860272769039,SecondaryStructure_T13,0.24212841440364513,5.741372617245655e-14,-0.049295455245306735,0.13159065119485258,1.5590393936260558e-13,0.19259981375583157,0.1928329591583384
dim 38,38,0.2162860272769039,SecondaryStructure_T23,-0.31730313129806054,2.3201826523905251e-23,0.18902189510090991,5.510777678483605e-09,1.0853515488773606e-22,5.304322030586525e-08,0.12828123619715062
dim 38,38,0.2162860272769039,SecondaryStructure_group1_D0,-0.10155351827919856,0.0018551013891985424,-0.07700029896673999,0.01840496972905312,0.002658103234630258,0.037098731982521074,0.024553219312458574
dim 38,38,0.2162860272769039,SecondaryStructure_group1_D25,0.019855981952376475,0.5438182807274817,-0.02830945872957329,0.38671933862529123,0.5825378632552242,0.4792736886858897,-0.008453476777196815
dim 38,38,0.2162860272769039,SecondaryStructure_group1_D50,0.11227116374024607,0.0005753532630429818,-0.033022846135452644,0.31260528908119967,0.000863288364134573,0.4020414576554513,0.07924831760479342
dim 38,38,0.2162860272769039,SecondaryStructure_group1_D75,0.19160520755286028,3.3766306818529845e-09,0.06268488883650923,0.055093480657108215,7.053124751337691e-09,0.09173091993755805,0.12892031871635107
dim 38,38,0.2162860272769039,SecondaryStructure_group1_D100,0.14837744786898116,5.0884387915144515e-06,-0.014414935159641566,0.6594435014031019,8.847155420956932e-06,0.7371289473515262,0.1339625127093396
dim 38,38,0.2162860272769039,SecondaryStructure_group2_D0,-0.10646711072282111,0.0010987542983286274,-0.050651106232570735,0.1212907880826711,0.0016074635814356615,0.18020524416936487,0.05581600449025038
dim 38,38,0.2162860272769039,SecondaryStructure_group2_D25,0.08721065280103903,0.007560650713521321,0.0517995380687843,0.11306753512908417,0.010186596766099723,0.16995750104911841,0.03541111473225473
dim 38,38,0.2162860272769039,SecondaryStructure_group2_D50,-0.008009014431149316,0.806583221782835,0.04018935600911207,0.2190459724907145,0.823094396808637,0.2981489494653399,-0.03218034157796275
dim 38,38,0.2162860272769039,SecondaryStructure_group2_D75,-0.19914363001400176,7.775941489974836e-10,-0.06988702716506616,0.0324329197260086,1.6669861730754784e-09,0.05925927345999382,0.1292566028489356
dim 38,38,0.2162860272769039,SecondaryStructure_group2_D100,-0.059285031053965265,0.06969081116086424,0.026591171745674786,0.41620366068853554,0.08424441160958616,0.5106980994488276,0.03269385930829048
dim 38,38,0.2162860272769039,SecondaryStructure_group3_D0,0.05979312806204614,0.06732642105097422,-0.08632905738097965,0.008193708349723093,0.08156338277484726,0.018680536442372105,-0.02653592931893351
dim 38,38,0.2162860272769039,SecondaryStructure_group3_D25,0.027096316304743878,0.4074012483183957,-0.003550483580554706,0.9135695838362482,0.44409927199198485,0.938002585309889,0.023545832724189173
dim 38,38,0.2162860272769039,SecondaryStructure_group3_D50,-0.11621940985868333,0.00036404109181607287,0.024461946047701938,0.45451824857975853,0.0005557117215108243,0.548839822941574,0.09175746381098139
dim 38,38,0.2162860272769039,SecondaryStructure_group3_D75,-0.05770273243723569,0.07749316160953502,-0.00959354304518099,0.7693100704969621,0.09297938529468523,0.8246134901989259,0.048109189392054705
dim 38,38,0.2162860272769039,SecondaryStructure_group3_D100,-0.05298953664016566,0.10501600700522137,0.1052478351992749,0.0012538073096469904,0.1236353413455902,0.0036930897709102563,-0.05225829855910924
dim 38,38,0.2162860272769039,SolventAccessibility_C1,0.11500746216966981,0.0004195956566534774,0.05894879523211028,0.07129256297604511,0.0006384735732221479,0.1139316556650673,0.05605866693755953
dim 38,38,0.2162860272769039,SolventAccessibility_C2,0.3664140797410769,3.78725818230529e-31,-0.11743203145328023,0.00031538939098669697,2.6027659112962284e-30,0.0010759964922324493,0.2489820482877967
dim 38,38,0.2162860272769039,SolventAccessibility_C3,-0.46267140169981774,6.962326570596735e-51,0.06345222056566684,0.052177604217650254,1.1399103306761322e-49,0.08815032781332921,0.3992191811341509
dim 38,38,0.2162860272769039,SolventAccessibility_T12,0.4359530070206275,9.505582145773716e-45,-0.08272587583182998,0.011301364690049519,1.23535581194102e-43,0.02460662194574015,0.3532271311887975
dim 38,38,0.2162860272769039,SolventAccessibility_T13,-0.3014073079053418,3.941590413235691e-21,0.11816917123642176,0.0002888586975264691,1.6559637710952464e-20,0.0009966818695644698,0.18323813666892005
dim 38,38,0.2162860272769039,SolventAccessibility_T23,-0.019324877706452855,0.5546485019469598,-0.016489472306291206,0.6141835447260865,0.5926186809030217,0.698696539300112,0.0028354054001616495
dim 38,38,0.2162860272769039,SolventAccessibility_group1_D0,-0.009017733366130229,0.782798420080064,-0.0625189960333079,0.055741391073082014,0.8025005288727481,0.0926711031279711,-0.053501262667177675
dim 38,38,0.2162860272769039,SolventAccessibility_group1_D25,0.15067314916455007,3.6129748733528377e-06,-0.06096904081935814,0.06210651104160036,6.364628732594134e-06,0.10143557304593896,0.08970410834519194
dim 38,38,0.2162860272769039,SolventAccessibility_group1_D50,0.22179249857659533,6.612229842903524e-12,0.006683314819025692,0.8381124214321702,1.592274525976768e-11,0.8797283116227055,0.21510918375756963
dim 38,38,0.2162860272769039,SolventAccessibility_group1_D75,0.20651329900008625,1.7485368475244454e-10,0.013006773841044235,0.6909039553434306,3.909044893394677e-10,0.7643894193210404,0.19350652515904201
dim 38,38,0.2162860272769039,SolventAccessibility_group1_D100,-0.018843884170886064,0.564546876406187,0.004595623229675613,0.8882751580371581,0.602039133843124,0.9182417294472633,0.014248260941210452
dim 38,38,0.2162860272769039,SolventAccessibility_group2_D0,-0.007578182343903796,0.8167979918437178,-0.04062626416707474,0.21407375176428106,0.8321459409362946,0.2925557818709897,-0.03304808182317094
dim 38,38,0.2162860272769039,SolventAccessibility_group2_D25,-0.39351575104741476,4.564523858852827e-36,-0.018405828183816617,0.5736348401970559,3.8596227059666944e-35,0.6602137719704227,0.3751099228635981
dim 38,38,0.2162860272769039,SolventAccessibility_group2_D50,-0.24461448565139116,3.115827362123531e-14,-0.08795464638870303,0.007060857127191425,8.572375114903289e-14,0.01646875894191296,0.15665983926268812
dim 38,38,0.2162860272769039,SolventAccessibility_group2_D75,-0.2563152289617143,1.6002836831002083e-15,-0.06950812314940395,0.033386147575524466,4.7765393222115244e-15,0.060768246813216194,0.18680710581231036
dim 38,38,0.2162860272769039,SolventAccessibility_group2_D100,0.2091763836046933,1.0056535480408887e-10,0.015524975252187989,0.6350572722642088,2.2756658878432034e-10,0.7178134340661674,0.1936514083525053
dim 38,38,0.2162860272769039,SolventAccessibility_group3_D0,-0.21190492940189667,5.662021514612248e-11,-0.07452073087303956,0.02253418330210937,1.3096365553188996e-10,0.04386024022671638,0.1373841985288571
dim 38,38,0.2162860272769039,SolventAccessibility_group3_D25,0.05210981741293645,0.11092279735660263,0.06443030337723336,0.04864875744889651,0.1295845201717568,0.08311347819913778,-0.012320485964296912
dim 38,38,0.2162860272769039,SolventAccessibility_group3_D50,-0.05987724408727217,0.06694142661102558,0.040344141669339445,0.21727505295845112,0.08112640235153316,0.2966879300413846,0.019533102417932727
dim 38,38,0.2162860272769039,SolventAccessibility_group3_D75,0.09657234787816421,0.0030854263867020814,0.07809223070698555,0.0168071366399267,0.004357430922446068,0.03443916342169029,0.01848011717117866
dim 38,38,0.2162860272769039,SolventAccessibility_group3_D100,-0.1717508934157434,1.2251096667811868e-07,0.00486892843477574,0.8816782673666049,2.3789920273541653e-07,0.91481994812192,0.16688196498096766
dim 29,29,0.2154172590361628,AAC_A,0.15385762897224126,2.227950846609091e-06,0.00442386383870224,0.8924249784611886,3.9750832412790405e-06,0.9216757662524335,0.149433765133539
dim 29,29,0.2154172590361628,AAC_C,0.11912801635931147,0.00025746590827731254,0.08541612168930791,0.008898786351978431,0.0003970157588394385,0.02006883620230112,0.03371189467000356
dim 29,29,0.2154172590361628,AAC_D,-0.31260532726530965,1.0935645051619494e-22,-0.2137535786312668,3.8195695990453035e-11,4.91588889265264e-22,5.546679330787528e-10,0.09885174863404286
dim 29,29,0.2154172590361628,AAC_E,-0.5447297445913648,1.616517682568334e-73,-0.24267004636566514,5.0284834397658574e-14,5.999076733086928e-72,1.5943486331946022e-12,0.30205969822569967
dim 29,29,0.2154172590361628,AAC_F,-0.18651461689696106,8.807660898018603e-09,-0.07671219210698293,0.01884808477856758,1.79484974980977e-08,0.037786676566876176,0.10980242478997812
dim 29,29,0.2154172590361628,AAC_G,0.19427212668039462,2.0219210596841508e-09,0.011039051399350852,0.7357629160996225,4.2499788164537844e-09,0.7999505663322719,0.18323307528104377
dim 29,29,0.2154172590361628,AAC_H,-0.4471694860773816,2.942332746796551e-47,-0.15223899108016706,2.852059989255439e-06,4.235944557888138e-46,1.5929565826276197e-05,0.2949304949972146
dim 29,29,0.2154172590361628,AAC_I,-0.31196152120923004,1.3495294212737497e-22,-0.1348531440630711,3.452880236758431e-05,6.042129044308746e-22,0.00014823419011276555,0.17710837714615893
dim 29,29,0.2154172590361628,AAC_K,-0.43136252128686936,9.508585336292228e-44,-0.16232563809341854,5.871541213425485e-07,1.1806198893388861e-42,3.7858972302782083e-06,0.2690368831934508
dim 29,29,0.2154172590361628,AAC_L,-0.29006707948589555,1.2716125847335033e-19,0.04376065181672628,0.18077045591204918,4.950100271573311e-19,0.2530483330872776,0.24630642766916927
dim 29,29,0.2154172590361628,AAC_M,-0.2812625049758033,1.696306616554216e-18,-0.08259576962616455,0.011430921944425583,6.253492383323489e-18,0.02475958449700483,0.19866673534963875
dim 29,29,0.2154172590361628,AAC_N,-0.009740282798193865,0.7658836263629335,-0.0258171373310222,0.42990688752426837,0.7856422948563261,0.5244298774035998,-0.016076854532828335
dim 29,29,0.2154172590361628,AAC_P,0.5048988053602248,9.24621532302555e-62,0.15991774811295406,8.640318715185196e-07,2.2707617043312746e-60,5.374052981139396e-06,0.34498105724727074
dim 29,29,0.2154172590361628,AAC_Q,-0.049956016243957936,0.12649035860388202,0.08234554343411662,0.011683797241586144,0.14667809609184165,0.025225522163476226,-0.03238952719015869
dim 29,29,0.2154172590361628,AAC_R,0.16347312164747943,4.874482664545778e-07,0.10681066064494334,0.0010583785712395533,9.156789707301967e-07,0.003170389621470949,0.056662461002536094
dim 29,29,0.2154172590361628,AAC_S,0.4983627530611256,5.631628137543543e-60,0.12320056027435429,0.0001564493607324067,1.315359299258422e-58,0.000565520416500258,0.3751621927867713
dim 29,29,0.2154172590361628,AAC_T,0.5592697587391462,3.230572358406086e-78,0.2141705817626089,3.493294394933447e-11,1.4197515364574112e-76,5.139913338800755e-10,0.3450991769765373
dim 29,29,0.2154172590361628,AAC_V,0.028664141881860408,0.38079561336986495,0.10970276101001274,0.0007689785225532517,0.41700240939519634,0.0023914229658546188,-0.08103861912815233
dim 29,29,0.2154172590361628,AAC_W,0.21833162523219332,1.4187526292116951e-11,0.19879337497798907,8.335772146236408e-10,3.375095286016426e-11,9.53475307138e-09,0.019538250254204248
dim 29,29,0.2154172590361628,AAC_Y,-0.10086097743121394,0.0019937285393985373,-0.07789964003959869,0.017079798126985457,0.0028469659348401514,0.034869514513527766,0.022961337391615252
dim 29,29,0.2154172590361628,Hydrophobicity_C1,-0.5380657978118579,1.9338866270348556e-71,-0.21623221176953183,2.240485738914545e-11,6.459181334296417e-70,3.5132499380162343e-10,0.3218335860423261
dim 29,29,0.2154172590361628,Hydrophobicity_C2,0.5412277562481507,2.0245383224981514e-72,0.12626124055877308,0.00010650496275396709,7.11785052330929e-71,0.00039879660941507855,0.4149665156893776
dim 29,29,0.2154172590361628,Hydrophobicity_C3,-0.4082252728190316,6.174143675922005e-39,0.031265090421993366,0.3390748315509374,6.029719262450145e-38,0.43044847486892085,0.3769601823970382
dim 29,29,0.2154172590361628,Hydrophobicity_T12,-0.23228278657470844,6.043990528146785e-13,-0.30064582697141995,5.001513332308622e-21,1.5212455436330265e-12,3.8848964023048367e-19,-0.06836304039671151
dim 29,29,0.2154172590361628,Hydrophobicity_T13,-0.4793653594794065,5.292830730619878e-55,-0.04319391430564882,0.18648901965706133,1.010174550872594e-53,0.259530552356077,0.43617144517375767
dim 29,29,0.2154172590361628,Hydrophobicity_T23,0.2531469727311717,3.629870160516606e-15,0.14478419243025042,8.608714379863554e-06,1.0606969672900668e-14,4.266039470140099e-05,0.10836278030092128
dim 29,29,0.2154172590361628,Hydrophobicity_group1_D0,-0.0074139912554951285,0.8206991567282284,0.018660318779184244,0.568346719651721,0.8352026762560276,0.6568436137151378,-0.011246327523689115
dim 29,29,0.2154172590361628,Hydrophobicity_group1_D25,0.4403920593297004,9.911001631804037e-46,0.07380538484593588,0.023865811198686037,1.334788122992963e-44,0.04594658288672566,0.3665866744837645
dim 29,29,0.2154172590361628,Hydrophobicity_group1_D50,0.23780527570767662,1.6352000829634691e-13,0.061583653090611715,0.05951411834340571,4.273527603363057e-13,0.09767919177738334,0.17622162261706492
dim 29,29,0.2154172590361628,Hydrophobicity_group1_D75,0.23674321153029665,2.1080473956220302e-13,0.00784845124680832,0.8103863292751186,5.470767910938291e-13,0.8569649517898136,0.22889476028348832
dim 29,29,0.2154172590361628,Hydrophobicity_group1_D100,-0.2597207860323324,6.552079693355724e-16,-0.10050742124557012,0.0020681029164415186,2.026927030648247e-15,0.0056711524966458725,0.1592133647867623
dim 29,29,0.2154172590361628,Hydrophobicity_group2_D0,-0.20981086788821024,8.805190263242486e-11,-0.07896526632694541,0.015618418473554422,2.00609382532264e-10,0.03238083035485523,0.13084560156126485
dim 29,29,0.2154172590361628,Hydrophobicity_group2_D25,-0.4152865434740797,2.2988700130847035e-40,-0.10320956853889338,0.001558702027060891,2.4609698216996505e-39,0.00446106664128824,0.31207697493518627
dim 29,29,0.2154172590361628,Hydrophobicity_group2_D50,-0.1795074636368664,3.1575462528757086e-08,0.0021977781737804363,0.9464342117506509,6.273768283524609e-08,0.9623156162628158,0.17730968546308595
dim 29,29,0.2154172590361628,Hydrophobicity_group2_D75,-0.24795123101722796,1.35717173238518e-14,-0.10259179709089596,0.0016637661871615162,3.8188320018251905e-14,0.004725322334285259,0.145359433926332
dim 29,29,0.2154172590361628,Hydrophobicity_group2_D100,0.1288584235087137,7.63262265975999e-05,-0.011865875154460415,0.7167933135579764,0.00012351240156782155,0.7849474318962757,0.1169925483542533
dim 29,29,0.2154172590361628,Hydrophobicity_group3_D0,0.3021477535095865,3.1246633385718826e-21,0.04233441262077756,0.19541466278654163,1.3193900822794041e-20,0.2700392940451175,0.2598133408888089
dim 29,29,0.2154172590361628,Hydrophobicity_group3_D25,0.36058395155298156,3.773666429010329e-30,0.07797542954932465,0.016972039655313045,2.4762369101953827e-29,0.03473444390241763,0.28260852200365694
dim 29,29,0.2154172590361628,Hydrophobicity_group3_D50,0.1621097074861795,6.079929344931763e-07,0.0028229410344877918,0.9312308511755424,1.1344672632442509e-06,0.952391380556742,0.1592867664516917
dim 29,29,0.2154172590361628,Hydrophobicity_group3_D75,0.046360132605296735,0.15619867130048387,0.01195118191209518,0.7148458024525502,0.17842119088358965,0.7833284055746449,0.03440895069320155
dim 29,29,0.2154172590361628,Hydrophobicity_group3_D100,0.06505451256596916,0.046502967243090346,0.05150825234075391,0.11511054704894053,0.05828139234218452,0.17263997626558658,0.013546260225215247
dim 29,29,0.2154172590361628,NormVanDerWaalsVolume_C1,0.5342208528360092,2.9127164302698586e-70,0.12005913175143539,0.00023006223393098242,9.092030726262923e-69,0.0008054589741399175,0.4141617210845738
dim 29,29,0.2154172590361628,NormVanDerWaalsVolume_C2,-0.4844103704011433,2.712642262337951e-56,-0.07523604856278863,0.021267564044156306,5.734319719119466e-55,0.0417845081808718,0.40917432183835467
dim 29,29,0.2154172590361628,NormVanDerWaalsVolume_C3,-0.4348857747398059,1.6288149018055327e-44,-0.12525007200125302,0.00012104964012196279,2.0924006815501842e-43,0.00044625364018471933,0.3096357027385529
dim 29,29,0.2154172590361628,NormVanDerWaalsVolume_T12,0.18966848915570475,4.8780315922931186e-09,-0.0032428401229397407,0.921033012640689,1.0125932578159736e-08,0.9436350497607059,0.186425649032765
dim 29,29,0.2154172590361628,NormVanDerWaalsVolume_T13,-0.05241185330208897,0.10886596912940988,-0.06013973378620749,0.065751644378016,0.12749380676445615,0.10645200786358384,-0.007727880484118516
dim 29,29,0.2154172590361628,NormVanDerWaalsVolume_T23,-0.4348605886289491,1.6496104598154873e-44,-0.06540315912577027,0.0453394671587577,2.110995760836677e-43,0.07846311933173614,0.36945742950317884
dim 29,29,0.2154172590361628,NormVanDerWaalsVolume_group1_D0,-0.21445038812697287,3.289803134790537e-11,-0.08954841681296667,0.006088603419124946,7.710836821193259e-11,0.014494608282164876,0.1249019713140062
dim 29,29,0.2154172590361628,NormVanDerWaalsVolume_group1_D25,-0.3136695849818065,7.71546671440262e-23,-0.007231232835356087,0.8250466894306351,3.4918236891740854e-22,0.8679231315585264,0.30643835214645043
dim 29,29,0.2154172590361628,NormVanDerWaalsVolume_group1_D50,-0.10279307796989387,0.0016288405993817481,0.03347034341061615,0.3060896488500547,0.0023399258502946403,0.394725647551808,0.06932273455927772
dim 29,29,0.2154172590361628,NormVanDerWaalsVolume_group1_D75,-0.20135930609240069,4.994371363479633e-10,-0.035097141517175176,0.28316521840104897,1.0796893433023933e-09,0.36958649060551135,0.16626216457522552
dim 29,29,0.2154172590361628,NormVanDerWaalsVolume_group1_D100,0.17795008557872433,4.165544543000272e-08,0.09978213284076702,0.002228687720474249,8.227627896878125e-08,0.00607658529500734,0.0781679527379573
dim 29,29,0.2154172590361628,NormVanDerWaalsVolume_group2_D0,0.018449427118926203,0.5727272368692599,-0.03627401349487368,0.26732365961297927,0.6095949557499452,0.35082947862764274,-0.017824586375947474
dim 29,29,0.2154172590361628,NormVanDerWaalsVolume_group2_D25,0.3544779669982616,3.985391079253129e-29,0.11096577556206176,0.0006672538172858877,2.4696115407616796e-28,0.002108446310061367,0.24351219143619984
dim 29,29,0.2154172590361628,NormVanDerWaalsVolume_group2_D50,0.12100528139948719,0.00020503326142713913,0.08240454978884275,0.011623723872166331,0.00031881335808503015,0.025112055454744854,0.03860073161064444
dim 29,29,0.2154172590361628,NormVanDerWaalsVolume_group2_D75,0.1041239019411732,0.0014143583227298566,0.17914802923881143,3.366768250421491e-08,0.002048550215922689,2.749390209390655e-07,-0.07502412729763823
dim 29,29,0.2154172590361628,NormVanDerWaalsVolume_group2_D100,-0.10501270168912069,0.0012859360815024084,0.03390300815216548,0.2998760409435549,0.0018706561464364305,0.3879109127619959,0.0711096935369552
dim 29,29,0.2154172590361628,NormVanDerWaalsVolume_group3_D0,0.17527637435700757,6.664695975886218e-08,0.04676085064158468,0.152647384003294,1.3055768070064496e-07,0.21810777404452333,0.1285155237154229
dim 29,29,0.2154172590361628,NormVanDerWaalsVolume_group3_D25,0.07840116040199771,0.016377732227024516,-0.13051810715821185,6.14850486089794e-05,0.021502211335794764,0.0002453525237204196,-0.052116946756214144
dim 29,29,0.2154172590361628,NormVanDerWaalsVolume_group3_D50,0.027266644533527767,0.4044583547349379,-0.1509779953158483,3.4510422510606396e-06,0.44132339262159187,1.865126394586171e-05,-0.12371135078232053
dim 29,29,0.2154172590361628,NormVanDerWaalsVolume_group3_D75,-0.012420169112735907,0.7041724382400759,-0.2252336453176622,3.056157753747458e-12,0.730511766823646,6.186404180313036e-11,-0.2128134762049263
dim 29,29,0.2154172590361628,NormVanDerWaalsVolume_group3_D100,-0.15386938887113455,2.2239362909319778e-06,-0.10928043081703366,0.000806081145799702,3.9721642843383984e-06,0.002488272668180226,0.04458895805410089
dim 29,29,0.2154172590361628,Polarity_C1,-0.4270969236010353,7.830244588661373e-43,-0.003704716645464661,0.9098307106915774,9.510187973137813e-42,0.9353138115450503,0.4233922069555706
dim 29,29,0.2154172590361628,Polarity_C2,0.5693327296685897,1.312779087533709e-81,0.15655481413229125,1.468022380053319e-06,6.5443017199441614e-80,8.681419234356518e-06,0.4127779155362985
dim 29,29,0.2154172590361628,Polarity_C3,-0.585127759688138,3.575194732678415e-87,-0.23867097694389794,1.3281892045672146e-13,2.777011722592071e-85,3.960849949334372e-12,0.3464567827442401
dim 29,29,0.2154172590361628,Polarity_T12,0.3733570792171238,2.3023144637889416e-32,0.12547653057444133,0.00011763835521925238,1.6716805019684924e-31,0.00043543779571000505,0.24788054864268247
dim 29,29,0.2154172590361628,Polarity_T13,-0.5349661343739148,1.7265262435136085e-70,-0.09560059022871245,0.0033985466307046856,5.440186465410804e-69,0.008778921691070108,0.43936554414520235
dim 29,29,0.2154172590361628,Polarity_T23,-0.03593697462106117,0.27179697230090893,-0.18663722928657242,8.60926643777802e-09,0.3024997958963798,7.878068466350298e-08,-0.15070025466551124
dim 29,29,0.2154172590361628,Polarity_group1_D0,0.18774657641110923,7.000743590795745e-09,-0.04183175903464084,0.2007773728344462,1.4371532632610811e-08,0.2768677189917166,0.1459148173764684
dim 29,29,0.2154172590361628,Polarity_group1_D25,0.25689218411393827,1.3768765565831561e-15,-0.008709193543935522,0.7900531713548312,4.143033963052019e-15,0.8411105742185366,0.24818299057000276
dim 29,29,0.2154172590361628,Polarity_group1_D50,0.11788456269179305,0.00029884461485411347,-0.04843580650114006,0.13846470807850383,0.00045765291774999494,0.20116229881783504,0.069448756190653
dim 29,29,0.2154172590361628,Polarity_group1_D75,0.06771141219759644,0.038238486941374696,-0.09321100030445777,0.004294997574856078,0.04848767896134833,0.010689487257838524,-0.02549958810686133
dim 29,29,0.2154172590361628,Polarity_group1_D100,-0.0007579225613141545,0.9815151560811717,0.02606969262187161,0.4254072359762615,0.9823975490893357,0.5198902920456324,-0.025311770060557456
dim 29,29,0.2154172590361628,Polarity_group2_D0,-0.20915126699814257,1.0109486757671833e-10,-0.0649855908826649,0.04673591788778369,2.2860992397172594e-10,0.08058748876881648,0.14416567611547768
dim 29,29,0.2154172590361628,Polarity_group2_D25,-0.38706977086615224,7.441448619586747e-35,-0.036883750134251186,0.259360003592852,5.903667075871671e-34,0.34280269568663463,0.3501860207319011
dim 29,29,0.2154172590361628,Polarity_group2_D50,-0.20139914902423203,4.954537878397017e-10,0.05046973603562317,0.12263114269911873,1.071771794938215e-09,0.18187744965144606,0.15092941298860885
dim 29,29,0.2154172590361628,Polarity_group2_D75,-0.22122782541322406,7.495885708405428e-12,0.0019421226467008633,0.9526574404109874,1.8024663978455096e-11,0.966841644172804,0.2192857027665232
dim 29,29,0.2154172590361628,Polarity_group2_D100,0.10499612484750352,0.0012882295373646728,0.0375842765001806,0.25041490537584776,0.001872361468580508,0.3333542383241656,0.06741184834732292
dim 29,29,0.2154172590361628,Polarity_group3_D0,0.04430088263372262,0.17544137062932028,0.040250691839600374,0.21834298866278515,0.19937876076962563,0.2975681514153077,0.004050190794122249
dim 29,29,0.2154172590361628,Polarity_group3_D25,0.4959838777444908,2.458349720435666e-59,0.08752142868269121,0.00734815150536789,5.662681425003534e-58,0.017019990310630204,0.4084624490617996
dim 29,29,0.2154172590361628,Polarity_group3_D50,0.27638267618386103,6.854581525762717e-18,0.0236599207914822,0.46944924675134386,2.4459724675264392e-17,0.5646238689771295,0.2527227553923788
dim 29,29,0.2154172590361628,Polarity_group3_D75,0.20972886498047555,8.957929578731318e-11,-0.03772946269923588,0.24858824107643107,2.0367246285202588e-10,0.3314509881019081,0.17199940228123967
dim 29,29,0.2154172590361628,Polarity_group3_D100,-0.2571047979671891,1.3025350778171313e-15,-0.15057836820949294,3.664787037160519e-06,3.926414404250197e-15,1.9742562425993766e-05,0.10652642975769616
dim 29,29,0.2154172590361628,Polarizability_C1,0.4631658256253841,5.296723551497471e-51,0.07791426084229537,0.01705896355100989,8.714806237439188e-50,0.03484828028157372,0.38525156478308875
dim 29,29,0.2154172590361628,Polarizability_C2,-0.3243777819266618,2.1313359366743203e-24,0.0007275918607387217,0.9822547620381745,1.0316901490568449e-23,0.9866859865285722,0.32365019006592305
dim 29,29,0.2154172590361628,Polarizability_C3,-0.4348857747398059,1.6288149018055327e-44,-0.12525007200125302,0.00012104964012196279,2.0924006815501842e-43,0.00044625364018471933,0.3096357027385529
dim 29,29,0.2154172590361628,Polarizability_T12,0.46496454087874134,1.9514545780987626e-51,0.08915087496404936,0.006319131415525931,3.2589291454249333e-50,0.01497934629372364,0.375813665914692
dim 29,29,0.2154172590361628,Polarizability_T13,-0.09174610069981652,0.004945373230794729,-0.09427501702626964,0.0038722657686579404,0.006831077994563438,0.009820324728411179,-0.0025289163264531206
dim 29,29,0.2154172590361628,Polarizability_T23,-0.40612678677222847,1.6169918035283031e-38,-0.04262900572511374,0.19232084591518625,1.5430721782241522e-37,0.26664658586829476,0.3634977810471147
dim 29,29,0.2154172590361628,Polarizability_group1_D0,-0.18472012711854277,1.2271943908121469e-08,-0.07946031457180036,0.0149777175477817,2.484138948674285e-08,0.031246456345778186,0.10525981254674241
dim 29,29,0.2154172590361628,Polarizability_group1_D25,-0.3384810108638886,1.5070066366890253e-26,-0.05810747417500367,0.07543272299809152,8.197723398275805e-26,0.11929227974130002,0.28037353668888493
dim 29,29,0.2154172590361628,Polarizability_group1_D50,-0.26436061274302813,1.9002280082151621e-16,-0.024766855863601812,0.44891273710578566,6.120310074675643e-16,0.5432494717149725,0.23959375687942633
dim 29,29,0.2154172590361628,Polarizability_group1_D75,-0.2119933984089736,5.5568129153443375e-11,0.008690519751225399,0.790492842057481,1.2870842674930714e-10,0.8411105742185366,0.2033028786577482
dim 29,29,0.2154172590361628,Polarizability_group1_D100,0.09337210444076756,0.004228417483401917,0.09391392526443212,0.004011298260101453,0.005889455544021019,0.010126784723158621,-0.0005418208236645655
dim 29,29,0.2154172590361628,Polarizability_group2_D0,-0.08367819164155918,0.010392047832321047,-0.0463713272894936,0.15609861817941537,0.01383397359902443,0.2224358731324346,0.03730686435206558
dim 29,29,0.2154172590361628,Polarizability_group2_D25,0.33115767818382985,2.0362989367621304e-25,0.19954506649056275,7.17927403854112e-10,1.0399447169396811e-24,8.268543203009428e-09,0.1316126116932671
dim 29,29,0.2154172590361628,Polarizability_group2_D50,0.3551371520254331,3.097614657568e-29,0.16689345577753154,2.7776515075715456e-07,1.937459355108075e-28,1.9408694634495735e-06,0.18824369624790158
dim 29,29,0.2154172590361628,Polarizability_group2_D75,0.16490621969842645,3.8565427744629416e-07,0.11294688764158674,0.0005325429518097646,7.293801170275326e-07,0.0017250916355829365,0.05195933205683971
dim 29,29,0.2154172590361628,Polarizability_group2_D100,0.11031845413277229,0.0007177171126062845,0.10460212076865599,0.0013438631368161162,0.0010687361373629023,0.003906442886828397,0.005716333364116297
dim 29,29,0.2154172590361628,Polarizability_group3_D0,0.17527637435700757,6.664695975886218e-08,0.04676085064158468,0.152647384003294,1.3055768070064496e-07,0.21810777404452333,0.1285155237154229
dim 29,29,0.2154172590361628,Polarizability_group3_D25,0.07840116040199771,0.016377732227024516,-0.13051810715821185,6.14850486089794e-05,0.021502211335794764,0.0002453525237204196,-0.052116946756214144
dim 29,29,0.2154172590361628,Polarizability_group3_D50,0.027266644533527767,0.4044583547349379,-0.1509779953158483,3.4510422510606396e-06,0.44132339262159187,1.865126394586171e-05,-0.12371135078232053
dim 29,29,0.2154172590361628,Polarizability_group3_D75,-0.012420169112735907,0.7041724382400759,-0.2252336453176622,3.056157753747458e-12,0.730511766823646,6.186404180313036e-11,-0.2128134762049263
dim 29,29,0.2154172590361628,Polarizability_group3_D100,-0.15386938887113455,2.2239362909319778e-06,-0.10928043081703366,0.000806081145799702,3.9721642843383984e-06,0.002488272668180226,0.04458895805410089
dim 29,29,0.2154172590361628,Charge_C1,-0.3590988595983974,6.726759084136293e-30,-0.08889088749431014,0.006474105542575093,4.295865265968493e-29,0.015292441663508355,0.27020797210408726
dim 29,29,0.2154172590361628,Charge_C2,0.5425842767350487,7.632065336734708e-73,0.24061745440880866,8.296565758374984e-14,2.7409783037305297e-71,2.565789780830782e-12,0.30196682232624006
dim 29,29,0.2154172590361628,Charge_C3,-0.5471486087507704,2.7717371043412094e-74,-0.29196038316117007,7.197187972104403e-20,1.0520002191476864e-72,5.0080432972559806e-18,0.25518822558960036
dim 29,29,0.2154172590361628,Charge_T12,-0.2769030080959391,5.914117015318052e-18,-0.07398755044145455,0.023520396972432057,2.1194367844594736e-17,0.04554094254372352,0.20291545765448454
dim 29,29,0.2154172590361628,Charge_T13,-0.4199308988053728,2.528116971490693e-41,-0.10155728466073073,0.0018543722572723982,2.8623426050098016e-40,0.0051613361160748415,0.3183736141446421
dim 29,29,0.2154172590361628,Charge_T23,-0.5231012775372097,6.117101629716522e-67,-0.29275919748581974,5.653376715017853e-20,1.688522268037453e-65,4.017506005991411e-18,0.23034208005138995
dim 29,29,0.2154172590361628,Charge_group1_D0,0.054422708852921275,0.09592988683260951,0.02872174671800849,0.3798388076444748,0.11374008591441809,0.47285188875607376,0.025700962134912787
dim 29,29,0.2154172590361628,Charge_group1_D25,0.1612006325712432,7.037973741723587e-07,0.03436687595454387,0.2933082369699807,1.3030394843324159e-06,0.38103831640596486,0.12683375661669932
dim 29,29,0.2154172590361628,Charge_group1_D50,-0.006629235181902159,0.839404494116069,-0.09333341878013303,0.004244319413330518,0.8526797476726491,0.01059493784792521,-0.08670418359823087
dim 29,29,0.2154172590361628,Charge_group1_D75,0.05086787472847403,0.11970387390850444,-0.1188978333320298,0.0002646965810802482,0.1391992289420168,0.0009171022622489926,-0.06802995860355576
dim 29,29,0.2154172590361628,Charge_group1_D100,-0.060203348346768215,0.0654659348504573,0.012943732938967554,0.6923254339926035,0.07945356918623815,0.7651776801903691,0.04725961540780066
dim 29,29,0.2154172590361628,Charge_group2_D0,-0.02811370283943407,0.39001265555728926,-0.03404801461785307,0.2978124881522309,0.4265364340410433,0.386138862743964,-0.005934311778418997
dim 29,29,0.2154172590361628,Charge_group2_D25,-0.1966908103573182,1.2619371836450925e-09,-0.050741431047177515,0.12062755482930225,2.676108059285466e-09,0.17954368677801671,0.14594937931014068
dim 29,29,0.2154172590361628,Charge_group2_D50,0.02693608222534025,0.4101813393189388,0.06351907050891997,0.05192979182436728,0.44698390646827263,0.08777606512823215,-0.036582988283579726
dim 29,29,0.2154172590361628,Charge_group2_D75,0.056238507579087375,0.08533247681011634,0.18921054184466746,5.318366364485029e-09,0.10178945448063878,5.133914351843929e-08,-0.13297203426558007
dim 29,29,0.2154172590361628,Charge_group2_D100,0.20367561889439778,3.126908683186001e-10,0.03446716079686536,0.29190109238228645,6.870970395948186e-10,0.3798011875951838,0.16920845809753243
dim 29,29,0.2154172590361628,Charge_group3_D0,-0.07261337411112981,0.02623629795918782,-0.1146049564291801,0.00043973003514771345,0.0337945372864201,0.0014527184148302305,-0.041991582318050294
dim 29,29,0.2154172590361628,Charge_group3_D25,0.23634332927950863,2.318861292745549e-13,0.04852217548897521,0.13776183311673176,6.003873424628011e-13,0.2004026666419356,0.18782115379053343
dim 29,29,0.2154172590361628,Charge_group3_D50,-0.026553383400705607,0.4168666174702751,-0.09836516759289383,0.0025757634772725674,0.45367693136224135,0.006904534521741875,-0.07181178419218823
dim 29,29,0.2154172590361628,Charge_group3_D75,-0.1265326981371478,0.00010289032791493816,-0.2211831327169829,7.57056395368967e-12,0.0001645063165322611,1.3033857528517266e-10,-0.0946504345798351
dim 29,29,0.2154172590361628,Charge_group3_D100,-0.2606725937854634,5.092948895765727e-16,-0.2082591397118554,1.2177352421729135e-10,1.5942314256661226e-15,1.6012739011250124e-09,0.052413454073608035
dim 29,29,0.2154172590361628,SecondaryStructure_C1,-0.5127585764715012,5.8604314518658195e-64,-0.12567306532949477,0.00011475139222206472,1.4828667461539268e-62,0.0004258551666907735,0.3870855111420065
dim 29,29,0.2154172590361628,SecondaryStructure_C2,0.25817031528997963,9.85484787565027e-16,0.1421872481309247,1.2491879026878133e-05,3.000473282103181e-15,6.0032915035644556e-05,0.11598306715905493
dim 29,29,0.2154172590361628,SecondaryStructure_C3,0.5106442394955321,2.3167174789351036e-63,0.05567087583864399,0.08853867970299033,5.774504760927795e-62,0.13759127966347295,0.45497336365688806
dim 29,29,0.2154172590361628,SecondaryStructure_T12,-0.34963672944177565,2.4909378322639656e-28,0.029145436685812678,0.37284682336330943,1.4777499750908783e-27,0.46693227972757917,0.320491292755963
dim 29,29,0.2154172590361628,SecondaryStructure_T13,-0.38386368852584823,2.914939062751674e-34,-0.22063770218121595,8.542705152978386e-12,2.2589086936405087e-33,1.4483571173069956e-10,0.16322598634463228
dim 29,29,0.2154172590361628,SecondaryStructure_T23,0.49167915808338003,3.43581903566341e-58,0.1357493302418298,3.0578466470571836e-05,7.806554815725028e-57,0.00013298447657774732,0.35592982784155025
dim 29,29,0.2154172590361628,SecondaryStructure_group1_D0,0.047428968516551845,0.1468631914108301,-0.03199242674718743,0.32795270220314277,0.16844885278577354,0.41807710891545685,0.015436541769364417
dim 29,29,0.2154172590361628,SecondaryStructure_group1_D25,-0.04991887460149839,0.12677299656263533,-0.025329516692997923,0.43867222361312613,0.14691943390673212,0.5329811665579633,0.024589357908500465
dim 29,29,0.2154172590361628,SecondaryStructure_group1_D50,-0.2176995459066143,1.6287858727004424e-11,-0.1695746785294504,1.7729705955832098e-07,3.8692352879228146e-11,1.2762331442344656e-06,0.0481248673771639
dim 29,29,0.2154172590361628,SecondaryStructure_group1_D75,-0.2263524284103472,2.371471697174648e-12,-0.12776766253013888,8.785717475828199e-05,5.828341036470437e-12,0.00033536338707732785,0.09858476588020831
dim 29,29,0.2154172590361628,SecondaryStructure_group1_D100,-0.14860081074519807,4.922793777635469e-06,0.03907749828872643,0.2320714964732855,8.599441013233507e-06,0.3119589327133838,0.10952331245647165
dim 29,29,0.2154172590361628,SecondaryStructure_group2_D0,0.0671057800560845,0.040003591348164474,-0.03485628117324452,0.28648409122026564,0.050553157435818896,0.37362626500417306,0.03224949888283998
dim 29,29,0.2154172590361628,SecondaryStructure_group2_D25,-0.10041443263324232,0.0020880817174749886,-0.08183243612776007,0.012217883279447755,0.0029766081674632784,0.026242913281900645,0.018581996505482243
dim 29,29,0.2154172590361628,SecondaryStructure_group2_D50,0.0558187094430817,0.0876944655920266,0.049717584896621106,0.12831330330276977,0.10453230373924655,0.1885466049411575,0.0061011245464605915
dim 29,29,0.2154172590361628,SecondaryStructure_group2_D75,0.18803363859256145,6.634570950553713e-09,0.03625705641568254,0.26754750608871336,1.3695591455407541e-08,0.35097438019894334,0.1517765821768789
dim 29,29,0.2154172590361628,SecondaryStructure_group2_D100,0.12713977166600718,9.522073524609087e-05,0.10301999263402933,0.0015902757009550452,0.0001527551575360088,0.0045281507597526435,0.024119779031977845
dim 29,29,0.2154172590361628,SecondaryStructure_group3_D0,-0.18136855629125442,2.2603472365280317e-08,-0.14304989880858202,1.1046603179496441e-05,4.523403097665444e-08,5.3549571291027734e-05,0.03831865748267241
dim 29,29,0.2154172590361628,SecondaryStructure_group3_D25,-0.01954006817126333,0.5502476940508894,0.024441151743663896,0.45490196355263574,0.5884958569677515,0.5491046470060728,-0.004901083572400565
dim 29,29,0.2154172590361628,SecondaryStructure_group3_D50,0.16830349582740775,2.1954616517082067e-07,0.06475134391991064,0.04753499808711449,4.216700354632208e-07,0.08175432214776641,0.10355215190749711
dim 29,29,0.2154172590361628,SecondaryStructure_group3_D75,0.07954369274129829,0.014872113209599526,0.05072942560607666,0.12071554422660971,0.019602548587238526,0.17959461813669328,0.028814267135221623
dim 29,29,0.2154172590361628,SecondaryStructure_group3_D100,0.13095848804364016,5.8031552081748936e-05,0.026299808265962586,0.42133138647643814,9.464130075832102e-05,0.5158529438531171,0.10465867977767757
dim 29,29,0.2154172590361628,SolventAccessibility_C1,-0.06300443616297732,0.05386311880467649,0.05263001093534835,0.10739916517916968,0.06670478932429347,0.16224025857007088,0.01037442522762897
dim 29,29,0.2154172590361628,SolventAccessibility_C2,-0.5380657978118579,1.9338866270348556e-71,-0.21623221176953183,2.240485738914545e-11,6.459181334296417e-70,3.5132499380162343e-10,0.3218335860423261
dim 29,29,0.2154172590361628,SolventAccessibility_C3,0.5898741745964746,6.616598315282501e-89,0.17527262693074108,6.669054086531e-08,5.972821181903664e-87,5.168130080977619e-07,0.41460154766573354
dim 29,29,0.2154172590361628,SolventAccessibility_T12,-0.554747441332161,9.903068099786363e-77,-0.12879789251191054,7.692674963907929e-05,4.1868667662387914e-75,0.0002977234574675838,0.4259495488202505
dim 29,29,0.2154172590361628,SolventAccessibility_T13,0.44536212099235406,7.575260821057528e-47,0.14351280618300308,1.0338246000787923e-05,1.0675684026300482e-45,5.040838196004622e-05,0.30184931480935095
dim 29,29,0.2154172590361628,SolventAccessibility_T23,-0.07367999734637545,0.02410611008747343,-0.1799860745837517,2.898412033568575e-08,0.03120713476440359,2.3962119287423367e-07,-0.10630607723737626
dim 29,29,0.2154172590361628,SolventAccessibility_group1_D0,-0.05324007110478258,0.10338022953419257,-0.05449407962426605,0.09549436677467078,0.12179540269636797,0.1470900640862654,-0.001254008519483471
dim 29,29,0.2154172590361628,SolventAccessibility_group1_D25,-0.2579543726256656,1.0429071501076252e-15,-0.13524584998044065,3.274163349586135e-05,3.166645346690426e-15,0.0001416542174561877,0.12270852264522497
dim 29,29,0.2154172590361628,SolventAccessibility_group1_D50,-0.3330351788466821,1.0516238333478452e-25,-0.22199119872710993,6.326213550164163e-12,5.437188240529106e-25,1.1179657808226616e-10,0.11104398011957217
dim 29,29,0.2154172590361628,SolventAccessibility_group1_D75,-0.18784949920361066,6.867255046651272e-09,0.05432613983156636,0.09652169738834378,1.4123541783137469e-08,0.14808943055579832,0.1335233593720443
dim 29,29,0.2154172590361628,SolventAccessibility_group1_D100,0.08275372089022638,0.011273806817759737,0.12777137823661056,8.781524252133823e-05,0.014977929503308481,0.00033536338707732785,-0.045017657346384174
dim 29,29,0.2154172590361628,SolventAccessibility_group2_D0,-0.0074139912554951285,0.8206991567282284,0.018660318779184244,0.568346719651721,0.8352026762560276,0.6568436137151378,-0.011246327523689115
dim 29,29,0.2154172590361628,SolventAccessibility_group2_D25,0.4403920593297004,9.911001631804037e-46,0.07380538484593588,0.023865811198686037,1.334788122992963e-44,0.04594658288672566,0.3665866744837645
dim 29,29,0.2154172590361628,SolventAccessibility_group2_D50,0.23780527570767662,1.6352000829634691e-13,0.061583653090611715,0.05951411834340571,4.273527603363057e-13,0.09767919177738334,0.17622162261706492
dim 29,29,0.2154172590361628,SolventAccessibility_group2_D75,0.23674321153029665,2.1080473956220302e-13,0.00784845124680832,0.8103863292751186,5.470767910938291e-13,0.8569649517898136,0.22889476028348832
dim 29,29,0.2154172590361628,SolventAccessibility_group2_D100,-0.2597207860323324,6.552079693355724e-16,-0.10050742124557012,0.0020681029164415186,2.026927030648247e-15,0.0056711524966458725,0.1592133647867623
dim 29,29,0.2154172590361628,SolventAccessibility_group3_D0,0.2072046851952595,1.5157125717222562e-10,0.05414597696626618,0.09763359421624382,3.3999194019827637e-10,0.1492431142710546,0.1530587082289933
dim 29,29,0.2154172590361628,SolventAccessibility_group3_D25,0.039314425421591324,0.22925084788010885,0.12025421448575102,0.00022467834062859786,0.2572045118977372,0.0007890911227124257,-0.08093978906415969
dim 29,29,0.2154172590361628,SolventAccessibility_group3_D50,0.15934435369247005,9.464975517442123e-07,0.15328483827041828,2.4321231626730942e-06,1.7322201768907778e-06,1.3815121366204312e-05,0.00605951542205177
dim 29,29,0.2154172590361628,SolventAccessibility_group3_D75,-0.09773654153084142,0.0027449937976928747,-0.08824350559037047,0.006874933643838755,0.0038832186718738677,0.01612519548484652,0.009493035940470948
dim 29,29,0.2154172590361628,SolventAccessibility_group3_D100,0.1973417451255795,1.110437854521242e-09,0.024923010183210362,0.44605720584539815,2.36082904780455e-09,0.5405773104222169,0.17241873494236915
dim 34,34,0.2143028336993235,AAC_A,0.1807096166140008,2.5453573335753167e-08,0.06082237203333451,0.06273874664307945,5.072490151635774e-08,0.10221825062823676,0.1198872445806663
dim 34,34,0.2143028336993235,AAC_C,0.11474106793817042,0.000432822737838729,0.07793809167562982,0.01702505244058646,0.0006574024303689654,0.034800290790427645,0.0368029762625406
dim 34,34,0.2143028336993235,AAC_D,-0.3124670559649959,1.144142689958201e-22,-0.21885911764458338,1.2639480067064455e-11,5.129445079812606e-22,2.100291712636581e-10,0.09360793832041253
dim 34,34,0.2143028336993235,AAC_E,-0.5899969245361585,5.9627079916475676e-89,-0.3580006570703444,1.029425808463969e-29,5.532067970028576e-87,3.4382822002696565e-27,0.2319962674658141
dim 34,34,0.2143028336993235,AAC_F,-0.21389184566532843,3.708216647703897e-11,-0.13894437412594157,1.9706348025715916e-05,8.667210359223944e-11,8.96719378826855e-05,0.07494747153938686
dim 34,34,0.2143028336993235,AAC_G,0.2326423292589485,5.556465095017107e-13,0.09366121576210963,0.004111274778053518,1.4027659423550368e-12,0.010324554705788535,0.1389811134968389
dim 34,34,0.2143028336993235,AAC_H,-0.47995832254891363,3.7423923767601354e-55,-0.22876559466396046,1.365910758547541e-12,7.225196842993556e-54,3.0618402238582465e-11,0.25119272788495317
dim 34,34,0.2143028336993235,AAC_I,-0.33833250774909324,1.5898205568298706e-26,-0.1961446048726725,1.4044256000826096e-09,8.62013094125287e-26,1.527941858070331e-08,0.14218790287642075
dim 34,34,0.2143028336993235,AAC_K,-0.4455572188778522,6.841991344112869e-47,-0.19331750881400447,2.4313604035224915e-09,9.724362165675312e-46,2.5219701080015908e-08,0.2522397100638477
dim 34,34,0.2143028336993235,AAC_L,-0.3488239299432526,3.377772553045449e-28,-0.08349799403812982,0.01055895110106624,1.9792561977494385e-27,0.02340205486234986,0.26532593590512277
dim 34,34,0.2143028336993235,AAC_M,-0.3095942733426594,2.9113634346181594e-22,-0.14533124162269653,7.952808284830929e-06,1.2794676146874544e-21,3.9704603395120034e-05,0.16426303171996284
dim 34,34,0.2143028336993235,AAC_N,0.011396245986818293,0.7275473591207862,0.020372228976176993,0.5333926767416737,0.7511617247182151,0.6250231584124729,-0.0089759829893587
dim 34,34,0.2143028336993235,AAC_P,0.5135966711734402,3.3895742991298576e-64,0.1741419803059905,8.117859490183268e-08,8.642120732132614e-63,6.19033120940916e-07,0.3394546908674497
dim 34,34,0.2143028336993235,AAC_Q,-0.0627129162463343,0.054984638267163696,0.061798747361686106,0.058628309765841116,0.06794254229090889,0.09650988399108394,0.000914168884648188
dim 34,34,0.2143028336993235,AAC_R,0.1351198650594154,3.3305194425673797e-05,0.04456042173293818,0.1729231589493247,5.51508921079576e-05,0.24349213781228687,0.09055944332647722
dim 34,34,0.2143028336993235,AAC_S,0.5358871811628848,9.030212412061346e-71,0.21061212486921127,7.440436071493121e-11,2.956951907478911e-69,1.0226772213492605e-09,0.32527505629367354
dim 34,34,0.2143028336993235,AAC_T,0.6159679345096463,5.757199989348322e-99,0.359487415012648,5.7843165473011335e-30,1.201815497776462e-96,2.1466241408873095e-27,0.25648051949699824
dim 34,34,0.2143028336993235,AAC_V,0.029870329084188418,0.36107024039821384,0.1202676083376059,0.00022431306289704463,0.3963110755603136,0.0007886375053432937,-0.09039727925341748
dim 34,34,0.2143028336993235,AAC_W,0.2113302576639117,6.394360889643551e-11,0.1907245143659003,3.993359792280896e-09,1.469866852815517e-10,3.946101096514259e-08,0.020605743298011403
dim 34,34,0.2143028336993235,AAC_Y,-0.0887023072932998,0.0065886419792091575,-0.0528405661815235,0.1059983402492368,0.008960123864233952,0.16052968638105883,0.03586174111177629
dim 34,34,0.2143028336993235,Hydrophobicity_C1,-0.572452651507984,1.1037527299524299e-82,-0.3013407128871347,4.024660093260597e-21,5.671590950832486e-81,3.200563026545332e-19,0.27111193862084926
dim 34,34,0.2143028336993235,Hydrophobicity_C2,0.5981116721795957,5.5514844318826335e-92,0.2677632125769649,7.547269742591819e-17,6.622127858031428e-90,4.201313490042779e-15,0.3303484596026308
dim 34,34,0.2143028336993235,Hydrophobicity_C3,-0.48004140844207366,3.564775951516246e-55,-0.1343172295207478,3.711739685086797e-05,6.938787686889106e-54,0.0001583296366307778,0.3457241789213259
dim 34,34,0.2143028336993235,Hydrophobicity_T12,-0.20127635220159426,5.078309291596888e-10,-0.24570413085068912,2.3784552535658417e-14,1.0971250345364557e-09,8.451106964797777e-13,-0.04442777864909486
dim 34,34,0.2143028336993235,Hydrophobicity_T13,-0.5341469730640154,3.067483270882869e-70,-0.1716970133361759,1.236442818283976e-07,9.449307670125242e-69,9.076305523227428e-07,0.36244995972783944
dim 34,34,0.2143028336993235,Hydrophobicity_T23,0.2503057459062467,7.493952704655199e-15,0.14037067465866934,1.6146053710265965e-05,2.1503266351845673e-14,7.563509031176482e-05,0.10993507124757737
dim 34,34,0.2143028336993235,Hydrophobicity_group1_D0,-0.011588091551248212,0.7231476695004906,0.010980141726791052,0.7371207843013211,0.7471648150935775,0.8004427358939702,0.0006079498244571605
dim 34,34,0.2143028336993235,Hydrophobicity_group1_D25,0.4590274705171778,5.15161767089065e-50,0.10914603696723707,0.0008182314441815211,8.154693374774773e-49,0.0025164760806319344,0.3498814335499407
dim 34,34,0.2143028336993235,Hydrophobicity_group1_D50,0.23084138130007145,8.455555859802769e-13,0.041290785942100706,0.20666783929306268,2.106007201472129e-12,0.2838283648185976,0.18955059535797075
dim 34,34,0.2143028336993235,Hydrophobicity_group1_D75,0.23260519409851746,5.604977759217987e-13,-0.010294370314637575,0.7529871137742838,1.412352134034032e-12,0.8120687633213135,0.2223108237838799
dim 34,34,0.2143028336993235,Hydrophobicity_group1_D100,-0.2692384755300707,5.036475730602794e-17,-0.12101893759805664,0.00020469145081669022,1.6821828940213335e-16,0.000726535011400367,0.14821953793201403
dim 34,34,0.2143028336993235,Hydrophobicity_group2_D0,-0.22592384079897807,2.6138856348560656e-12,-0.11472890830001,0.0004334356686651765,6.40526633926578e-12,0.001436185648156438,0.11119493249896807
dim 34,34,0.2143028336993235,Hydrophobicity_group2_D25,-0.4262614846112252,1.1791832074926916e-42,-0.12211634083686058,0.00017890571218191897,1.421831015532704e-41,0.0006418314486440487,0.30414514377436463
dim 34,34,0.2143028336993235,Hydrophobicity_group2_D50,-0.1725542673463435,1.0675753398292055e-07,0.025242731060199194,0.44024293761550337,2.0754957130556145e-07,0.5344020783806135,0.1473115362861443
dim 34,34,0.2143028336993235,Hydrophobicity_group2_D75,-0.2346367797800495,3.4759972686818675e-13,-0.0705108847546954,0.030914164544160096,8.882808628460166e-13,0.05704602739088106,0.16412589502535407
dim 34,34,0.2143028336993235,Hydrophobicity_group2_D100,0.14506913208056632,8.260888827540887e-06,0.019551406778023,0.5500162879494922,1.4200395617080063e-05,0.6405350075841366,0.12551772530254332
dim 34,34,0.2143028336993235,Hydrophobicity_group3_D0,0.31519432868092767,4.6694007861288387e-23,0.06523032480386899,0.0459131495021771,2.1481816288802095e-22,0.07937366425324613,0.2499640038770587
dim 34,34,0.2143028336993235,Hydrophobicity_group3_D25,0.3691994444468496,1.2416480295409919e-31,0.09100404094920886,0.005307662733008387,8.712404240896877e-31,0.012846082266846387,0.2781954034976407
dim 34,34,0.2143028336993235,Hydrophobicity_group3_D50,0.16062578717183976,7.71704125441854e-07,-0.0064496508014105025,0.8436982131022023,1.424815798217685e-06,0.8842020808789945,0.15417613637042926
dim 34,34,0.2143028336993235,Hydrophobicity_group3_D75,0.030699323900949725,0.3478913966133342,-0.024336640473988057,0.456833254568592,0.38260035057245184,0.5512366583305987,0.006362683426961668
dim 34,34,0.2143028336993235,Hydrophobicity_group3_D100,0.06922025752810324,0.03412625014874446,0.0627340389590094,0.054902728091998775,0.04345469900755108,0.09159728685996038,0.0064862185690938295
dim 34,34,0.2143028336993235,NormVanDerWaalsVolume_C1,0.5886984405014392,1.7885829157353805e-88,0.25425775563073477,2.727366814308932e-15,1.5317607534759413e-86,1.1830396311417966e-13,0.3344406848707044
dim 34,34,0.2143028336993235,NormVanDerWaalsVolume_C2,-0.5354610751746904,1.2190615077145387e-70,-0.19545789073506264,1.6059153578611707e-09,3.915062919006307e-69,1.7191529792488173e-08,0.3400031844396278
dim 34,34,0.2143028336993235,NormVanDerWaalsVolume_C3,-0.47725703604577374,1.8053082164606593e-54,-0.2241529979159932,3.899644636901193e-12,3.3874884511115745e-53,7.706989992455612e-11,0.25310403812978055
dim 34,34,0.2143028336993235,NormVanDerWaalsVolume_T12,0.20324467466683607,3.4129813770849726e-10,0.020858089881434456,0.5236737175052022,7.455433485587841e-10,0.6173915342278063,0.18238658478540162
dim 34,34,0.2143028336993235,NormVanDerWaalsVolume_T13,-0.04678127666486413,0.15246801904118898,-0.050307335660446505,0.12384108608828087,0.17433864553152045,0.1832650542910315,-0.003526058995582372
dim 34,34,0.2143028336993235,NormVanDerWaalsVolume_T23,-0.4854095999159322,1.49714940184441e-56,-0.18181740931422588,2.0841828771321235e-08,3.1850184727135855e-55,1.7744102868717348e-07,0.3035921906017063
dim 34,34,0.2143028336993235,NormVanDerWaalsVolume_group1_D0,-0.22654396946571792,2.2703868523598164e-12,-0.1166998263575933,0.0003439834392560231,5.5840147915182525e-12,0.0011687738424365384,0.10984414310812463
dim 34,34,0.2143028336993235,NormVanDerWaalsVolume_group1_D25,-0.3290678083455713,4.226133350010418e-25,-0.03275337838911708,0.3165724689062757,2.0973678141210693e-24,0.40683033710925776,0.29631442995645424
dim 34,34,0.2143028336993235,NormVanDerWaalsVolume_group1_D50,-0.0907803256736452,0.0054214870647203125,0.06749041036167046,0.03887477744478357,0.007460966953508794,0.06888156852285258,0.023289915311974746
dim 34,34,0.2143028336993235,NormVanDerWaalsVolume_group1_D75,-0.18478117519548498,1.2134894019991184e-08,0.008095985717141136,0.8045251142893306,2.4578863569903306e-08,0.8525107492786689,0.17668518947834386
dim 34,34,0.2143028336993235,NormVanDerWaalsVolume_group1_D100,0.20145534887361147,4.898877184298557e-10,0.1551229057371421,1.8335720502536255e-06,1.060418003600595e-09,1.0687837081757608e-05,0.046332443136469365
dim 34,34,0.2143028336993235,NormVanDerWaalsVolume_group2_D0,0.017309522317551326,0.5966773077009809,-0.04247984757984718,0.19388278178447507,0.6312645574030017,0.26827103309440964,-0.025170325262295852
dim 34,34,0.2143028336993235,NormVanDerWaalsVolume_group2_D25,0.3647813425113008,7.244729258916574e-31,0.1309205947102388,5.832134534721033e-05,4.898258243882866e-30,0.00023378258441921466,0.23386074780106197
dim 34,34,0.2143028336993235,NormVanDerWaalsVolume_group2_D50,0.11317601095878889,0.0005187129896247738,0.06676924210321561,0.04101391774380202,0.0007825209509244555,0.0721361165162184,0.04640676885557328
dim 34,34,0.2143028336993235,NormVanDerWaalsVolume_group2_D75,0.08379855085783683,0.010281877887325399,0.1437252709772802,1.0027825287474137e-05,0.013692771987107989,4.9109877507571286e-05,-0.05992672011944336
dim 34,34,0.2143028336993235,NormVanDerWaalsVolume_group2_D100,-0.11312800296491299,0.0005215827900109016,0.021984841521151103,0.5014888852506846,0.0007864950422737748,0.5954400557189073,0.09114316144376189
dim 34,34,0.2143028336993235,NormVanDerWaalsVolume_group3_D0,0.18502785808922811,1.159607011572291e-08,0.06643644323308344,0.04203416233538102,2.3516013470864918e-08,0.07358181457032108,0.11859141485614468
dim 34,34,0.2143028336993235,NormVanDerWaalsVolume_group3_D25,0.09618853599411863,0.003205818301644155,-0.10318234002563469,0.0015632011834859861,0.004515998788482276,0.004466289095674246,-0.00699380403151606
dim 34,34,0.2143028336993235,NormVanDerWaalsVolume_group3_D50,0.026176428112870145,0.4235138667817045,-0.16670689842026978,2.8650302597725764e-07,0.46046104005562927,1.981201049200912e-06,-0.14053047030739962
dim 34,34,0.2143028336993235,NormVanDerWaalsVolume_group3_D75,-0.012885157012162593,0.6936472046447231,-0.24407852808568994,3.556715649793873e-14,0.7212894344686722,1.2374406531574516e-12,-0.23119337107352736
dim 34,34,0.2143028336993235,NormVanDerWaalsVolume_group3_D100,-0.16273013031759814,5.499530146316766e-07,-0.13264696862343622,4.6416459164545874e-05,1.0290437360615124e-06,0.0001935467835325633,0.03008316169416192
dim 34,34,0.2143028336993235,Polarity_C1,-0.4909073287975444,5.491292925553096e-58,-0.15113950856456831,3.368087001736956e-06,1.2227278914231561e-56,1.8262030171755576e-05,0.3397678202329761
dim 34,34,0.2143028336993235,Polarity_C2,0.6231083164658721,6.915509887962942e-102,0.2927813867987398,5.61552709574984e-20,1.941445311424636e-99,4.017506005991411e-18,0.3303269296671323
dim 34,34,0.2143028336993235,Polarity_C3,-0.6234998262767478,4.758864855919826e-102,-0.3367951973413762,2.761303165800907e-26,1.7660676243080242e-99,4.6113762868875145e-24,0.28670462893537163
dim 34,34,0.2143028336993235,Polarity_T12,0.3913012892672839,1.1992195228814797e-35,0.16449794193023157,4.123535064510327e-07,1.003857946472216e-34,2.743547234156273e-06,0.22680334733705235
dim 34,34,0.2143028336993235,Polarity_T13,-0.5854139610569444,2.8159986229373533e-87,-0.21794716678317155,1.5431114300527957e-11,2.2393893810978e-85,2.526466753125656e-10,0.3674667942737729
dim 34,34,0.2143028336993235,Polarity_T23,-0.005219652377657266,0.873224739694067,-0.13066670574752307,6.029857303717053e-05,0.8819385033499195,0.0002411942921486821,-0.1254470533698658
dim 34,34,0.2143028336993235,Polarity_group1_D0,0.19966962090400545,7.003384272230522e-10,-0.02453628088930233,0.45314804612002096,1.5023316293673695e-09,0.547383173251671,0.17513334001470313
dim 34,34,0.2143028336993235,Polarity_group1_D25,0.2739581870050289,1.357704238465829e-17,0.021168590490766827,0.5175104353013724,4.738487101855662e-17,0.6118530456306491,0.2527895965142621
dim 34,34,0.2143028336993235,Polarity_group1_D50,0.12260927323618055,0.00016834489732378343,-0.0459126767242008,0.16023772196375524,0.00026397744462978247,0.22764525366182156,0.07669659651197974
dim 34,34,0.2143028336993235,Polarity_group1_D75,0.06466322983440327,0.04783853290368201,-0.11024490547558838,0.0007236694533719391,0.05982055406151176,0.0022652820752223773,-0.04558167564118511
dim 34,34,0.2143028336993235,Polarity_group1_D100,0.008895156556284534,0.7856783714575255,0.05009756578110177,0.12541769326618396,0.8044652853059887,0.1851060961153577,-0.04120240922481724
dim 34,34,0.2143028336993235,Polarity_group2_D0,-0.22505901345172455,3.1791993817167777e-12,-0.09920667736693971,0.0023641276674801017,7.745095503234163e-12,0.006388500331216456,0.12585233608478485
dim 34,34,0.2143028336993235,Polarity_group2_D25,-0.4053277439557757,2.3288246207753682e-38,-0.06976444647917497,0.03273872244846309,2.2097369981220826e-37,0.0597200070878573,0.33556329747660074
dim 34,34,0.2143028336993235,Polarity_group2_D50,-0.19983654430754316,6.774231299116918e-10,0.06589970332018602,0.04372476775319573,1.4550438931865277e-09,0.07636704847312091,0.13393684098735714
dim 34,34,0.2143028336993235,Polarity_group2_D75,-0.20890267813590896,1.0648459653364476e-10,0.03940052093435139,0.22823192818940155,2.403098327178199e-10,0.30762495567094483,0.16950215720155756
dim 34,34,0.2143028336993235,Polarity_group2_D100,0.12550654078901802,0.00011719314518130058,0.08346933085540674,0.010585717928898827,0.0001859501686012085,0.023430283553692567,0.04203720993361128
dim 34,34,0.2143028336993235,Polarity_group3_D0,0.042054671681245624,0.19838607703657396,0.03678212810929081,0.26067575188413383,0.2240059152475176,0.34377296076692754,0.0052725435719548144
dim 34,34,0.2143028336993235,Polarity_group3_D25,0.517072440581599,3.4426296749800294e-65,0.12922292126675292,7.280260539357484e-05,9.053844971994723e-64,0.0002827450023424884,0.387849519314846
dim 34,34,0.2143028336993235,Polarity_group3_D50,0.2698769433665104,4.224400938070703e-17,-0.0005782504413632197,0.9858966222735874,1.423763787402235e-16,0.9897489385012871,0.2692986929251472
dim 34,34,0.2143028336993235,Polarity_group3_D75,0.20159505890135346,4.763134334428121e-10,-0.06786975978822767,0.03778804070617084,1.0317035458488927e-09,0.06724137238071955,0.1337252991131258
dim 34,34,0.2143028336993235,Polarity_group3_D100,-0.2695274645150131,4.6514522999498056e-17,-0.1818987988055505,2.0536976922607976e-08,1.556698465113462e-16,1.7543095376345432e-07,0.0876286657094626
dim 34,34,0.2143028336993235,Polarizability_C1,0.5239058307377052,3.550485035145835e-67,0.22246204412203108,5.6959243961873395e-12,9.965226905367303e-66,1.056910415736984e-10,0.30144378661567417
dim 34,34,0.2143028336993235,Polarizability_C2,-0.3813388191089758,8.452612209392509e-34,-0.12522146987497695,0.00012148705510796838,6.401751650651016e-33,0.00044737239697972917,0.25611734923399887
dim 34,34,0.2143028336993235,Polarizability_C3,-0.47725703604577374,1.8053082164606593e-54,-0.2241529979159932,3.899644636901193e-12,3.3874884511115745e-53,7.706989992455612e-11,0.25310403812978055
dim 34,34,0.2143028336993235,Polarizability_T12,0.5065185669496196,3.2935958921324224e-62,0.18450239008468344,1.2773088086280888e-08,8.148600207201697e-61,1.1316210665299249e-07,0.32201617686493617
dim 34,34,0.2143028336993235,Polarizability_T13,-0.07857591119263833,0.016139119352877252,-0.0686204249427914,0.0357134915012332,0.021205609220538955,0.06433822093533921,0.009955486249846934
dim 34,34,0.2143028336993235,Polarizability_T23,-0.46023991396944186,2.654023986424609e-50,-0.1659971436931687,3.222320631452174e-07,4.261750055124132e-49,2.187510347367939e-06,0.29424277027627316
dim 34,34,0.2143028336993235,Polarizability_group1_D0,-0.19823687534666512,9.306887148042321e-10,-0.11007260864751323,0.0007377932676723611,1.9862621772818753e-09,0.002303018237407183,0.0881642666991519
dim 34,34,0.2143028336993235,Polarizability_group1_D25,-0.35122251019453715,1.3714766216154342e-28,-0.08035933479086231,0.013873101685954842,8.268469162807853e-28,0.02932668331081593,0.2708631754036748
dim 34,34,0.2143028336993235,Polarizability_group1_D50,-0.25277956608291335,3.988616309156228e-15,0.010810722873675184,0.7410304451096201,1.161462813651421e-14,0.8035849632032893,0.24196884320923817
dim 34,34,0.2143028336993235,Polarizability_group1_D75,-0.193638117991209,2.2855877118403033e-09,0.06037539366123873,0.06469835078941634,4.795140048710184e-09,0.10495021449084535,0.13326272432997027
dim 34,34,0.2143028336993235,Polarizability_group1_D100,0.11028002846820538,0.0007208212379293205,0.13646712716777484,2.77277657296905e-05,0.0010728800956702007,0.00012185623360153458,-0.026187098699569464
dim 34,34,0.2143028336993235,Polarizability_group2_D0,-0.0905803764847155,0.005525076441182688,-0.06272182973350932,0.054950060929862404,0.007587892809847934,0.09159728685996038,0.02785854675120618
dim 34,34,0.2143028336993235,Polarizability_group2_D25,0.33273497774769206,1.169178989229386e-25,0.20673264521807366,1.671129164410992e-10,6.007781267732536e-25,2.1467582342818127e-09,0.1260023325296184
dim 34,34,0.2143028336993235,Polarizability_group2_D50,0.3517555530652628,1.1213384206088415e-28,0.15851236093755744,1.079731740751592e-06,6.821986019733206e-28,6.580846741077221e-06,0.19324319212770535
dim 34,34,0.2143028336993235,Polarizability_group2_D75,0.1471277687299869,6.1180607819938575e-06,0.07532731956807043,0.02111048979205377,1.0576771745268885e-05,0.04152475612806807,0.07180044916191647
dim 34,34,0.2143028336993235,Polarizability_group2_D100,0.12045033462544445,0.00021938500960928684,0.13202449292982596,5.041559828945711e-05,0.00034049532160549165,0.00020686498561030313,-0.011574158304381507
dim 34,34,0.2143028336993235,Polarizability_group3_D0,0.18502785808922811,1.159607011572291e-08,0.06643644323308344,0.04203416233538102,2.3516013470864918e-08,0.07358181457032108,0.11859141485614468
dim 34,34,0.2143028336993235,Polarizability_group3_D25,0.09618853599411863,0.003205818301644155,-0.10318234002563469,0.0015632011834859861,0.004515998788482276,0.004466289095674246,-0.00699380403151606
dim 34,34,0.2143028336993235,Polarizability_group3_D50,0.026176428112870145,0.4235138667817045,-0.16670689842026978,2.8650302597725764e-07,0.46046104005562927,1.981201049200912e-06,-0.14053047030739962
dim 34,34,0.2143028336993235,Polarizability_group3_D75,-0.012885157012162593,0.6936472046447231,-0.24407852808568994,3.556715649793873e-14,0.7212894344686722,1.2374406531574516e-12,-0.23119337107352736
dim 34,34,0.2143028336993235,Polarizability_group3_D100,-0.16273013031759814,5.499530146316766e-07,-0.13264696862343622,4.6416459164545874e-05,1.0290437360615124e-06,0.0001935467835325633,0.03008316169416192
dim 34,34,0.2143028336993235,Charge_C1,-0.39829359582787977,5.537885942706264e-37,-0.17723564408644732,4.72623951844567e-08,4.816807043916386e-36,3.740672983793492e-07,0.22105795174143245
dim 34,34,0.2143028336993235,Charge_C2,0.5840330165033613,8.8896496079357e-87,0.34574579313913684,1.0617657279051896e-27,6.748052202387555e-85,2.216435957002083e-25,0.23828722336422442
dim 34,34,0.2143028336993235,Charge_C3,-0.5790672035551289,5.303095865486023e-85,-0.3752453375625402,1.0623018188601015e-32,3.1629178912005923e-83,7.096176149985477e-30,0.20382186599258867
dim 34,34,0.2143028336993235,Charge_T12,-0.3125147568598056,1.1264382831144833e-22,-0.15335501120692976,2.4061782297010304e-06,5.056860034411793e-22,1.3714394688057068e-05,0.15915974565287586
dim 34,34,0.2143028336993235,Charge_T13,-0.4543042119431935,6.653471373168032e-49,-0.17883281149992325,3.5612517355085923e-08,1.005547257302318e-47,2.8858321137739406e-07,0.27547140044327023
dim 34,34,0.2143028336993235,Charge_T23,-0.5504872450623507,2.3734926231396984e-75,-0.3645033645423427,8.087605599097276e-31,9.326429836807757e-74,3.376575337623113e-28,0.18598388052000797
dim 34,34,0.2143028336993235,Charge_group1_D0,0.04418324325158109,0.17659173674016865,0.005799080825407343,0.8592907827398439,0.20054960921868864,0.8966045655579753,0.03838416242617375
dim 34,34,0.2143028336993235,Charge_group1_D25,0.15924762676744617,9.611345662089434e-07,0.026635084310992863,0.41543404189248323,1.7580446063186586e-06,0.5099410878062822,0.1326125424564533
dim 34,34,0.2143028336993235,Charge_group1_D50,-0.017289687296347625,0.5970980541285809,-0.12484040699866737,0.00012745846769244347,0.6315096582613869,0.0004673010780381572,-0.10755071970231975
dim 34,34,0.2143028336993235,Charge_group1_D75,0.04829046011201629,0.13965376662426465,-0.13630520712230312,2.8347887443349802e-05,0.16078717012238675,0.00012425451976481408,-0.08801474701028683
dim 34,34,0.2143028336993235,Charge_group1_D100,-0.07437910466252665,0.022792582278431433,-0.016011916873351944,0.624481247637302,0.029586950956067233,0.7087214974884772,0.0583671877891747
dim 34,34,0.2143028336993235,Charge_group2_D0,-0.040969624418994384,0.21022357621918408,-0.06491936371547112,0.046960684154584,0.23657235329247803,0.08093327403318398,-0.023949739296476737
dim 34,34,0.2143028336993235,Charge_group2_D25,-0.19457829684581843,1.9054298305594532e-09,-0.04257005711707091,0.19293702931899695,4.0177623952453116e-09,0.26738990785288375,0.15200823972874752
dim 34,34,0.2143028336993235,Charge_group2_D50,0.04329478005793149,0.18546160670668235,0.10476031787532099,0.0013212649506336189,0.21012271587527784,0.003856962976493126,-0.0614655378173895
dim 34,34,0.2143028336993235,Charge_group2_D75,0.06211098074618156,0.05736193457185056,0.21578576527796162,2.4676223745891564e-11,0.07051485516009602,3.780669142719166e-10,-0.15367478453178007
dim 34,34,0.2143028336993235,Charge_group2_D100,0.21579271368710728,2.4639206015353072e-11,0.057688268691792936,0.07756763172093023,5.811790119440626e-11,0.12203292037112905,0.15810444499531434
dim 34,34,0.2143028336993235,Charge_group3_D0,-0.05516808422343295,0.09145895678436096,-0.08164885625178506,0.012414150384273263,0.1087866508759849,0.026596063042638035,-0.026480772028352105
dim 34,34,0.2143028336993235,Charge_group3_D25,0.24589778738996984,2.2666892850146765e-14,0.06579815361054461,0.04405099167916132,6.298454419258752e-14,0.07683045023937275,0.18009963377942523
dim 34,34,0.2143028336993235,Charge_group3_D50,-0.030944614181108766,0.3440512191654837,-0.11531230889035533,0.0004049220974787325,0.3787511773278561,0.0013537935991781447,-0.08436769470924657
dim 34,34,0.2143028336993235,Charge_group3_D75,-0.13456037818553923,3.5920925380633376e-05,-0.2526393898353133,4.134484456830371e-15,5.933525755257936e-05,1.7261472607266798e-13,-0.11807901164977408
dim 34,34,0.2143028336993235,Charge_group3_D100,-0.2696082396152514,4.5491195628199103e-17,-0.23596599877148594,2.5366771248412884e-13,1.5255079658452309e-16,6.832662578201534e-12,0.033642240843765436
dim 34,34,0.2143028336993235,SecondaryStructure_C1,-0.5675815372841949,5.2087940056556865e-81,-0.2595664076372345,6.824688289309036e-16,2.4503340815338018e-79,3.5122362859952934e-14,0.30801512964696043
dim 34,34,0.2143028336993235,SecondaryStructure_C2,0.2822653569216052,1.2687088217118651e-18,0.1999322234632498,6.646192921629964e-10,4.729338688077712e-18,7.681067251987571e-09,0.08233313345835541
dim 34,34,0.2143028336993235,SecondaryStructure_C3,0.5677323615668801,4.627300594195943e-81,0.19299001690555215,2.5895842391283766e-09,2.272821174208007e-79,2.6369546825270664e-08,0.37474234466132794
dim 34,34,0.2143028336993235,SecondaryStructure_T12,-0.38853872672425743,3.9606418486631166e-35,-0.051060166220586366,0.11830978322905156,3.203037233543537e-34,0.17704062544132268,0.3374785605036711
dim 34,34,0.2143028336993235,SecondaryStructure_T13,-0.39320685025071356,5.225225660091157e-36,-0.24593838668241003,2.2439205550946854e-14,4.407134773915269e-35,8.146407232626358e-13,0.14726846356830353
dim 34,34,0.2143028336993235,SecondaryStructure_T23,0.5390859675747693,9.361579629755903e-72,0.2495151904040058,9.154002926475427e-15,3.190579179937216e-70,3.514295376371026e-13,0.2895707771707635
dim 34,34,0.2143028336993235,SecondaryStructure_group1_D0,0.0441519792517005,0.17689840149770122,-0.043785714962736255,0.18052059638772966,0.2007613527021142,0.25287240484730855,0.00036626428896424645
dim 34,34,0.2143028336993235,SecondaryStructure_group1_D25,-0.07118751414726525,0.029336249112157386,-0.07380452001707498,0.023867461469601503,0.037685796936386795,0.04594658288672566,-0.00261700586980973
dim 34,34,0.2143028336993235,SecondaryStructure_group1_D50,-0.24703169175082598,1.708589046623682e-14,-0.24252554185050545,5.2096968152105386e-14,4.78748944272072e-14,1.6262044264302056e-12,0.004506149900320527
dim 34,34,0.2143028336993235,SecondaryStructure_group1_D75,-0.24883300263496236,1.0873161000052798e-14,-0.18152713257946856,2.1965214256737374e-08,3.093386519606162e-14,1.8573117877848818e-07,0.0673058700554938
dim 34,34,0.2143028336993235,SecondaryStructure_group1_D100,-0.1700944218735925,1.6238600706182878e-07,-0.0017989114889109396,0.9561448053482631,3.1278504243743264e-07,0.9683213007468765,0.16829551038468157
dim 34,34,0.2143028336993235,SecondaryStructure_group2_D0,0.06253725146875154,0.05566978380122988,-0.05056997733777831,0.12188892246920333,0.06866214102515059,0.18093733379872848,0.011967274130973232
dim 34,34,0.2143028336993235,SecondaryStructure_group2_D25,-0.08550843195970306,0.008825112711357516,-0.050870024240824305,0.1196882195046446,0.011823456259901364,0.17860986956158195,0.03463840771887876
dim 34,34,0.2143028336993235,SecondaryStructure_group2_D50,0.06554598752896959,0.04486994574303845,0.07375415834279617,0.023963732461253214,0.05631928552489606,0.046078794715363115,-0.008208170813826576
dim 34,34,0.2143028336993235,SecondaryStructure_group2_D75,0.20114132256960715,5.217888864705627e-10,0.062419583615535686,0.05613268379056434,1.1265513127418742e-09,0.09322882340153402,0.13872173895407147
dim 34,34,0.2143028336993235,SecondaryStructure_group2_D100,0.14593698193687293,7.2822348026144785e-06,0.14944706442332403,4.340778489293343e-06,1.2550394345063136e-05,2.2760125830831657e-05,-0.0035100824864510993
dim 34,34,0.2143028336993235,SecondaryStructure_group3_D0,-0.19180848556104094,3.248019643783781e-09,-0.17176471674677282,1.2222182773248794e-07,6.788726915042447e-09,9.011498998377698e-07,0.020043768814268115
dim 34,34,0.2143028336993235,SecondaryStructure_group3_D25,-0.007237682193968567,0.8248931773612048,0.055051582922032216,0.09214652280899623,0.8389595652821024,0.14261788052921567,-0.04781390072806365
dim 34,34,0.2143028336993235,SecondaryStructure_group3_D50,0.19465570544329408,1.8770275249087038e-09,0.12420553927176844,0.00013802450895939703,3.962877328189046e-09,0.000501478882738569,0.07045016617152564
dim 34,34,0.2143028336993235,SecondaryStructure_group3_D75,0.09185075076226171,0.004896118305294247,0.07985843978052012,0.01447934417151067,0.006771443122021857,0.030415729265940654,0.011992310981741583
dim 34,34,0.2143028336993235,SecondaryStructure_group3_D100,0.15680856698839388,1.4110085297277392e-06,0.08270177088533724,0.011325269230686167,2.5501993989668016e-06,0.02464260536188391,0.07410679610305664
dim 34,34,0.2143028336993235,SolventAccessibility_C1,-0.07625494994551914,0.019570463251278966,0.029037497934130498,0.37462049313411344,0.025543316631212093,0.46862638466964,0.04721745201138864
dim 34,34,0.2143028336993235,SolventAccessibility_C2,-0.572452651507984,1.1037527299524299e-82,-0.3013407128871347,4.024660093260597e-21,5.671590950832486e-81,3.200563026545332e-19,0.27111193862084926
dim 34,34,0.2143028336993235,SolventAccessibility_C3,0.6353727060878576,4.3956693607613195e-107,0.29056464090946615,1.0954018017790702e-19,4.8938452216476025e-104,7.317284035884189e-18,0.3448080651783914
dim 34,34,0.2143028336993235,SolventAccessibility_T12,-0.5968359273269295,1.685272408112034e-91,-0.23063030775678067,8.880005074453383e-13,1.8157451106755464e-89,2.1185154963338788e-11,0.3662056195701488
dim 34,34,0.2143028336993235,SolventAccessibility_T13,0.4819045818867932,1.193876566959628e-55,0.22893759389474305,1.3129284321595465e-12,2.402137188942866e-54,2.9831163016414186e-11,0.25296698799205014
dim 34,34,0.2143028336993235,SolventAccessibility_T23,-0.060983032486543874,0.06204647403941427,-0.16305976011194945,5.213250325202935e-07,0.07560569985101921,3.3875984603458765e-06,-0.10207672762540557
dim 34,34,0.2143028336993235,SolventAccessibility_group1_D0,-0.06244637651535881,0.056027001345196344,-0.07782724365042627,0.01718329142231804,0.06905172859518664,0.03505937284700199,-0.015380867135067464
dim 34,34,0.2143028336993235,SolventAccessibility_group1_D25,-0.27974901301252997,2.623632403740604e-18,-0.18712414443228653,7.863361498543376e-09,9.545677808816577e-18,7.29545205698191e-08,0.09262486858024344
dim 34,34,0.2143028336993235,SolventAccessibility_group1_D50,-0.34100125256366565,6.0519726932143884e-27,-0.2459651221899252,2.2290496715992196e-14,3.3521706128252167e-26,8.146407232626358e-13,0.09503613037374045
dim 34,34,0.2143028336993235,SolventAccessibility_group1_D75,-0.19714223243087906,1.1548845271097017e-09,0.044156910950973925,0.17685000076281612,2.4522023652551835e-09,0.24849768723088173,0.15298532147990512
dim 34,34,0.2143028336993235,SolventAccessibility_group1_D100,0.09380797787844723,0.004052941608958456,0.16013989589100602,8.339771393779366e-07,0.005654479938981305,5.235871514139677e-06,-0.06633191801255879
dim 34,34,0.2143028336993235,SolventAccessibility_group2_D0,-0.011588091551248212,0.7231476695004906,0.010980141726791052,0.7371207843013211,0.7471648150935775,0.8004427358939702,0.0006079498244571605
dim 34,34,0.2143028336993235,SolventAccessibility_group2_D25,0.4590274705171778,5.15161767089065e-50,0.10914603696723707,0.0008182314441815211,8.154693374774773e-49,0.0025164760806319344,0.3498814335499407
dim 34,34,0.2143028336993235,SolventAccessibility_group2_D50,0.23084138130007145,8.455555859802769e-13,0.041290785942100706,0.20666783929306268,2.106007201472129e-12,0.2838283648185976,0.18955059535797075
dim 34,34,0.2143028336993235,SolventAccessibility_group2_D75,0.23260519409851746,5.604977759217987e-13,-0.010294370314637575,0.7529871137742838,1.412352134034032e-12,0.8120687633213135,0.2223108237838799
dim 34,34,0.2143028336993235,SolventAccessibility_group2_D100,-0.2692384755300707,5.036475730602794e-17,-0.12101893759805664,0.00020469145081669022,1.6821828940213335e-16,0.000726535011400367,0.14821953793201403
dim 34,34,0.2143028336993235,SolventAccessibility_group3_D0,0.21161191194185916,6.024561382985195e-11,0.06093514555906909,0.06225215155930442,1.3886842663333713e-10,0.10162374692476871,0.15067676638279007
dim 34,34,0.2143028336993235,SolventAccessibility_group3_D25,0.050960293381715156,0.1190322544202829,0.1549543185569648,1.8819592361955042e-06,0.1385253413810958,1.091274973766143e-05,-0.10399402517524964
dim 34,34,0.2143028336993235,SolventAccessibility_group3_D50,0.17027681658931818,1.574461105033202e-07,0.18470634915228473,1.230308180355357e-08,3.0379549918029434e-07,1.0955042272455841e-07,-0.014429532562966557
dim 34,34,0.2143028336993235,SolventAccessibility_group3_D75,-0.09176266041690799,0.004937549504040458,-0.07820834693506717,0.01664459423222296,0.006823092818988469,0.034205618750996106,0.013554313481840816
dim 34,34,0.2143028336993235,SolventAccessibility_group3_D100,0.20924704506609226,9.90901362636934e-11,0.04710864691087973,0.14961512343159422,2.2453260184581815e-10,0.2146540001123388,0.16213839815521253
dim 23,23,0.2097564875974847,AAC_A,-0.030920138887929504,0.34443317777970617,0.20059989308677456,5.816069003667178e-10,0.37904672612330104,6.768526296950653e-09,-0.16967975419884507
dim 23,23,0.2097564875974847,AAC_C,-0.11955719959526091,0.00024447539579022483,-0.08101959379892903,0.013108221128883995,0.00037855717289724195,0.027921848578107488,0.03853760579633188
dim 23,23,0.2097564875974847,AAC_D,0.25963839715802156,6.69620497770917e-16,0.10638359728461075,0.0011087817751448948,2.0677178502261057e-15,0.0033124607593774135,0.1532547998734108
dim 23,23,0.2097564875974847,AAC_E,0.3352346935748544,4.8207637911001955e-26,-0.1704278581714388,1.5346548272433727e-07,2.5396452779613017e-25,1.1142928528245357e-06,0.16480683540341562
dim 23,23,0.2097564875974847,AAC_F,0.09309658310865118,0.004342858021128133,-0.08713371873971867,0.007614098128654784,0.006036265414302107,0.017526593900556154,0.005962864368932508
dim 23,23,0.2097564875974847,AAC_G,-0.12162796427106178,0.00018997983427157872,0.10097125927217371,0.0019710360165469732,0.0002962337285093711,0.005449718787472592,0.020656704998888067
dim 23,23,0.2097564875974847,AAC_H,0.43783212059877974,3.665391300374651e-45,0.156765652789636,1.4204988867415303e-06,4.838896025000527e-44,8.42711595331565e-06,0.28106646780914374
dim 23,23,0.2097564875974847,AAC_I,0.1545346915245822,2.0077756692999066e-06,-0.1496368030856225,4.21963335662052e-06,3.6014880426754505e-06,2.2194606946633917e-05,0.004897888438959719
dim 23,23,0.2097564875974847,AAC_K,0.27153119743739357,2.6727782495911507e-17,-0.13100009943839824,5.77148932633141e-05,9.231726322269331e-17,0.00023169199939840037,0.14053109799899532
dim 23,23,0.2097564875974847,AAC_L,0.27259120214343807,1.989997181349268e-17,-0.0321462325624446,0.3256313843664697,6.909137822979787e-17,0.4157526084801257,0.24044496958099348
dim 23,23,0.2097564875974847,AAC_M,0.1399084297359209,1.722681203685155e-05,-0.16369126582462754,4.704352771634152e-07,2.907405366502485e-05,3.099119971845773e-06,-0.023782836088706627
dim 23,23,0.2097564875974847,AAC_N,-0.046998381849025,0.15057146065405175,-0.07958069340159914,0.014825459477579747,0.17222899951525097,0.030967501347790093,-0.032582311552574135
dim 23,23,0.2097564875974847,AAC_P,-0.40811198840119717,6.504671093372893e-39,0.007421105314775169,0.8205300347887308,6.333994592380601e-38,0.8642605853656136,0.400690883086422
dim 23,23,0.2097564875974847,AAC_Q,0.08641334501438377,0.008131198569052247,0.006548592486700646,0.8413320142395754,0.010920065629527345,0.8822759584176394,0.07986475252768313
dim 23,23,0.2097564875974847,AAC_R,-0.08443460403933309,0.009716730603214716,0.03955990548035193,0.2263541586719933,0.012965992894421555,0.30583450241280646,0.04487469855898116
dim 23,23,0.2097564875974847,AAC_S,-0.44819395992211847,1.717077460666821e-47,-0.058357492607000246,0.07418240347835484,2.4827007439944514e-46,0.11787308640233357,0.38983646731511823
dim 23,23,0.2097564875974847,AAC_T,-0.4182380255268991,5.675363140266324e-41,0.05471898056966209,0.09413230313713439,6.2560108542869715e-40,0.14515322829087204,0.363519044957237
dim 23,23,0.2097564875974847,AAC_V,0.0962125889473884,0.003198149774642997,0.13312553732354152,4.3548087135327935e-05,0.0045089996822742125,0.0001824976299021271,-0.03691294837615311
dim 23,23,0.2097564875974847,AAC_W,-0.088151903177932,0.0069334121933071775,0.053535218566536785,0.1014791835634664,0.009398375294499177,0.15441479412390788,0.03461668461139522
dim 23,23,0.2097564875974847,AAC_Y,0.010434050876538484,0.7497466902836369,-0.0888503700292138,0.006498562373687918,0.7707460589557856,0.015317712299306736,-0.07841631915267532
dim 23,23,0.2097564875974847,Hydrophobicity_C1,0.35646833002526623,1.8587649278390922e-29,-0.13549412529747915,3.165740632470382e-05,1.1713726149023714e-28,0.00013731913912274125,0.2209742047277871
dim 23,23,0.2097564875974847,Hydrophobicity_C2,-0.38988572862425763,2.2150735156703484e-35,0.1513330883344468,3.2711762785191565e-06,1.813319985867393e-34,1.785249799061108e-05,0.23855264028981082
dim 23,23,0.2097564875974847,Hydrophobicity_C3,0.33469190964518464,5.847429153038133e-26,-0.12033872555963317,0.00022238285596821647,3.061193318361656e-25,0.0007826751727437755,0.21435318408555148
dim 23,23,0.2097564875974847,Hydrophobicity_T12,0.12152032940195631,0.00019250550077253972,0.06326052315377101,0.05289370677156456,0.000299891964822893,0.08917969743413713,0.0582598062481853
dim 23,23,0.2097564875974847,Hydrophobicity_T13,0.36826438991678717,1.8076697019714553e-31,-0.1341064873742476,3.818486992291417e-05,1.2630997499131088e-30,0.0001620552294060144,0.23415790254253957
dim 23,23,0.2097564875974847,Hydrophobicity_T23,-0.11612780431209548,0.00036798751751899794,0.10672644490884316,0.001068147220302355,0.0005614793551911617,0.0031939227536346153,0.009401359403252318
dim 23,23,0.2097564875974847,Hydrophobicity_group1_D0,-0.01792417195896366,0.5837065302595558,-0.05876215991564077,0.07219457524668009,0.619701147828009,0.1151527608996712,-0.04083798795667711
dim 23,23,0.2097564875974847,Hydrophobicity_group1_D25,-0.4124023105999733,8.899428395555165e-40,-0.05791154079729028,0.07642452615723518,9.25984138353715e-39,0.12060232546872611,0.354490769802683
dim 23,23,0.2097564875974847,Hydrophobicity_group1_D50,-0.22579208243079113,2.6931700864200527e-12,-0.053891051669111345,0.09922433099777245,6.589881383621228e-12,0.1513284317500274,0.17190103076167979
dim 23,23,0.2097564875974847,Hydrophobicity_group1_D75,-0.2620826457096825,3.4999577749394933e-16,-0.08069250046615989,0.01348236155704362,1.1090947787758926e-15,0.02866396409963443,0.1813901452435226
dim 23,23,0.2097564875974847,Hydrophobicity_group1_D100,0.21031614432318674,7.918631860562184e-11,0.018350651249574947,0.5747844386004726,1.807807957230191e-10,0.661081275800819,0.1919654930736118
dim 23,23,0.2097564875974847,Hydrophobicity_group2_D0,0.11839233009061888,0.0002812480640817233,-0.0797646335638063,0.014595437347893842,0.00043169509836073336,0.030544343297426182,0.03862769652681258
dim 23,23,0.2097564875974847,Hydrophobicity_group2_D25,0.34933817464894157,2.786070213445892e-28,0.003358209274828599,0.9182333080267804,1.6382877663572673e-27,0.9410553080114902,0.34597996537411296
dim 23,23,0.2097564875974847,Hydrophobicity_group2_D50,0.1617030368493612,6.491879437219743e-07,-0.01321488002909654,0.6862192127781752,1.2079597392932558e-06,0.7606943812409908,0.14848815682026464
dim 23,23,0.2097564875974847,Hydrophobicity_group2_D75,0.2665556701097369,1.0489765461811743e-16,0.1429510692520432,1.1203715763119584e-05,3.44163228314845e-16,5.415399515024517e-05,0.1236046008576937
dim 23,23,0.2097564875974847,Hydrophobicity_group2_D100,-0.056704854228604475,0.08276907326792925,0.12419932401912825,0.0001381319078202046,0.09887292729430747,0.000501478882738569,-0.06749446979052379
dim 23,23,0.2097564875974847,Hydrophobicity_group3_D0,-0.3097605060531738,2.758972064519911e-22,-0.0835571556253363,0.010503893624784337,1.2140931087610676e-21,0.023295487853107363,0.22620335042783749
dim 23,23,0.2097564875974847,Hydrophobicity_group3_D25,-0.2714760827447242,2.7139918760133872e-17,0.06551237550128766,0.044980068974176675,9.364393456492472e-17,0.07792190372082473,0.20596370724343652
dim 23,23,0.2097564875974847,Hydrophobicity_group3_D50,-0.12369932245328567,0.00014703404433238077,0.048498198839021844,0.1379566803133012,0.00023175729498355437,0.2005987428151615,0.07520112361426383
dim 23,23,0.2097564875974847,Hydrophobicity_group3_D75,-0.051975132718209076,0.11184980368667245,-0.024588628209044186,0.45218453480968995,0.1306217987110091,0.5466146747247066,0.02738650450916489
dim 23,23,0.2097564875974847,Hydrophobicity_group3_D100,-0.06346675007386363,0.05212365958666958,-0.04477496083381275,0.17086201528077669,0.0647426638227878,0.2408945255541554,0.018691789240050875
dim 23,23,0.2097564875974847,NormVanDerWaalsVolume_C1,-0.3880681828001701,4.848992542934056e-35,0.14498635816977726,8.360523895374078e-06,3.893181512836478e-34,4.155379436093664e-05,0.24308182463039282
dim 23,23,0.2097564875974847,NormVanDerWaalsVolume_C2,0.3617569272003254,2.3852936874184848e-30,-0.1312977818858015,5.549675555669248e-05,1.5776001813817306e-29,0.0002249504412128069,0.23045914531452388
dim 23,23,0.2097564875974847,NormVanDerWaalsVolume_C3,0.30410193960136445,1.687287551032165e-21,-0.10524728677948625,0.001253881377309051,7.197369630201061e-21,0.0036930897709102563,0.1988546528218782
dim 23,23,0.2097564875974847,NormVanDerWaalsVolume_T12,-0.1481932608349915,5.229027005647212e-06,0.05596915897403189,0.0868419810567359,9.077416943275305e-06,0.1352855488477136,0.09222410186095963
dim 23,23,0.2097564875974847,NormVanDerWaalsVolume_T13,0.04551472786293667,0.16389567487665507,0.04063310877444282,0.21399650890739885,0.18676613923167107,0.2925557818709897,0.004881619088493855
dim 23,23,0.2097564875974847,NormVanDerWaalsVolume_T23,0.2923345349969113,6.428238359433627e-20,-0.1788215314461128,3.568409170624663e-08,2.5348661299301434e-19,2.8858321137739406e-07,0.11351300355079852
dim 23,23,0.2097564875974847,NormVanDerWaalsVolume_group1_D0,0.11534109833563073,0.00040356135959959905,-0.08489835678664956,0.009322275145001883,0.0006146351760431651,0.020882896703089397,0.030442741548981175
dim 23,23,0.2097564875974847,NormVanDerWaalsVolume_group1_D25,0.26281751002228604,2.8758925750008706e-16,-0.052843668171931146,0.10597781135210056,9.191848038758764e-16,0.16052968638105883,0.2099738418503549
dim 23,23,0.2097564875974847,NormVanDerWaalsVolume_group1_D50,0.10709447134736788,0.0010260622016192117,-0.006630501384947871,0.8393742369909729,0.0015044107784934885,0.8805707185267994,0.10046396996242
dim 23,23,0.2097564875974847,NormVanDerWaalsVolume_group1_D75,0.2355237825509471,2.8175690451086234e-13,0.11288237392319686,0.0005364984688616301,7.250139145348846e-13,0.001732983448740662,0.12264140862775025
dim 23,23,0.2097564875974847,NormVanDerWaalsVolume_group1_D100,-0.07838687978513777,0.01639736772553477,0.08062579796861703,0.013559804426670595,0.021519531710525005,0.02875539478417764,-0.002238918183479266
dim 23,23,0.2097564875974847,NormVanDerWaalsVolume_group2_D0,-0.06187091043730331,0.05833358539117885,-0.05101605209656739,0.11862847635757442,0.07151662093175047,0.17743802554155783,0.01085485834073592
dim 23,23,0.2097564875974847,NormVanDerWaalsVolume_group2_D25,-0.2981504555436584,1.0861435997511464e-20,-0.022819894795098085,0.48537371579206207,4.462139757895239e-20,0.5804325853009263,0.27533056074856027
dim 23,23,0.2097564875974847,NormVanDerWaalsVolume_group2_D50,-0.06427328669838285,0.04920139927190499,0.023146851032742735,0.47914109736463867,0.06145574927754775,0.5742128687470015,0.041126435665640115
dim 23,23,0.2097564875974847,NormVanDerWaalsVolume_group2_D75,-0.05273185599755585,0.10671977235017656,-0.060299844346782226,0.06503449777963968,0.1254201406226565,0.10544428280776531,-0.007567988349226375
dim 23,23,0.2097564875974847,NormVanDerWaalsVolume_group2_D100,0.13421381218799486,3.763765287487006e-05,0.037965815935978024,0.2456344976051321,6.204825301187856e-05,0.32834338616213377,0.09624799625201683
dim 23,23,0.2097564875974847,NormVanDerWaalsVolume_group3_D0,-0.1770933380870889,4.846333555997397e-08,-0.059991391217332934,0.06642187720218941,9.53845260873972e-08,0.10717346369821867,0.11710194686975597
dim 23,23,0.2097564875974847,NormVanDerWaalsVolume_group3_D25,-0.06752430426306714,0.03877661371772971,0.11243205375021419,0.0005648793250329036,0.04911410307820145,0.0018123889967434177,-0.04490774948714704
dim 23,23,0.2097564875974847,NormVanDerWaalsVolume_group3_D50,-0.08917896370784278,0.006302589325544889,0.004016132396576367,0.9022876190415793,0.008592101366253033,0.9297560964497589,0.08516283131126642
dim 23,23,0.2097564875974847,NormVanDerWaalsVolume_group3_D75,-0.11457376908246335,0.00044132711048259745,-0.0497296543528501,0.1282205380783851,0.0006691023826653996,0.18849322059058374,0.06484411472961324
dim 23,23,0.2097564875974847,NormVanDerWaalsVolume_group3_D100,0.08499154926880992,0.009244751567800177,-0.02036080283057204,0.5336223314094921,0.01236582708708554,0.6250231584124729,0.06463074643823788
dim 23,23,0.2097564875974847,Polarity_C1,0.3227958147491936,3.6551998478364755e-24,-0.1533050829686983,2.424610729396469e-06,1.7515591810292438e-23,1.3795911134896432e-05,0.1694907317804953
dim 23,23,0.2097564875974847,Polarity_C2,-0.4164426468917923,1.3312775534710798e-40,0.13127161958411393,5.568842085523687e-05,1.4389860933959243e-39,0.0002254537280684741,0.28517102730767835
dim 23,23,0.2097564875974847,Polarity_C3,0.4205145306689904,1.9109688948585854e-41,-0.0860216080945732,0.00842537574585587,2.200909003044026e-40,0.01909410613358837,0.3344929225744172
dim 23,23,0.2097564875974847,Polarity_T12,-0.25539908444521214,2.030274780090972e-15,0.08136240437388591,0.012725969909076103,6.0009891730122534e-15,0.027194331091691736,0.17403668007132622
dim 23,23,0.2097564875974847,Polarity_T13,0.42418934406602354,3.239249458041049e-42,-0.09019862635285633,0.005727818839147889,3.850211099593275e-41,0.013773156891831497,0.33399071771316724
dim 23,23,0.2097564875974847,Polarity_T23,-0.01242287248095889,0.7041110800150301,0.06367177323803665,0.05136740924073087,0.730511766823646,0.08700159577284032,-0.051248900757077755
dim 23,23,0.2097564875974847,Polarity_group1_D0,-0.23107763891363825,8.004023264221331e-13,-0.06849280018437648,0.03605919729457577,1.9965226066093536e-12,0.06478629314894194,0.16258483872926177
dim 23,23,0.2097564875974847,Polarity_group1_D25,-0.20297069761370662,3.6079553155936897e-10,0.07656616968992522,0.01907620717802329,7.86590780292619e-10,0.03812958227085445,0.1264045279237814
dim 23,23,0.2097564875974847,Polarity_group1_D50,-0.12809130651457434,8.4274761353259e-05,0.005872681024695216,0.8575238967211006,0.00013584831222002175,0.895320354813528,0.12221862548987913
dim 23,23,0.2097564875974847,Polarity_group1_D75,-0.13727929334910904,2.4806792969673722e-05,-0.05962519194482502,0.0681004975576939,4.155200026013552e-05,0.10956438431729174,0.07765410140428403
dim 23,23,0.2097564875974847,Polarity_group1_D100,0.011448666682561066,0.7263442715433867,-0.0012602153785164446,0.9692696660864402,0.750151474012032,0.9782185017912669,0.010188451304044622
dim 23,23,0.2097564875974847,Polarity_group2_D0,0.12382709328051265,0.00014470924047805078,-0.07988501367239102,0.014446604839206359,0.00022820059641014617,0.030366054224637656,0.04394207960812163
dim 23,23,0.2097564875974847,Polarity_group2_D25,0.3409045078788446,6.2686512967780805e-27,-0.013191777271086936,0.6867386964974919,3.4549992295773583e-26,0.7610176663243606,0.32771273060775763
dim 23,23,0.2097564875974847,Polarity_group2_D50,0.2395507854819995,1.0742664197292141e-13,0.05435736020725818,0.09633004926936659,2.8590038580841236e-13,0.1480182230679689,0.18519342527474134
dim 23,23,0.2097564875974847,Polarity_group2_D75,0.30504967283857237,1.2493051457944222e-21,0.17836081418506378,3.872948582449164e-08,5.384102176714026e-21,3.1170236784048695e-07,0.1266888586535086
dim 23,23,0.2097564875974847,Polarity_group2_D100,-0.019826924507805536,0.5444080903586093,0.11079420638109248,0.0006802979819462504,0.5827958403197933,0.0021395435590399964,-0.09096728187328695
dim 23,23,0.2097564875974847,Polarity_group3_D0,-0.06206763431811086,0.057536372297478676,-0.06803884310290864,0.03731203827362985,0.0707032683861585,0.06650064452183763,-0.005971208784797781
dim 23,23,0.2097564875974847,Polarity_group3_D25,-0.4568458644306467,1.687772668831147e-49,-0.05280225750823764,0.10625212574884364,2.6219352157655958e-48,0.16079841413735288,0.40404360692240904
dim 23,23,0.2097564875974847,Polarity_group3_D50,-0.2784806785831109,3.773308750862565e-18,-0.055291099121494505,0.0907374239849737,1.3654226682427919e-17,0.1406324807934163,0.22318957946161638
dim 23,23,0.2097564875974847,Polarity_group3_D75,-0.24597440236770482,2.22391049316346e-14,-0.06184876413343496,0.058423903106670595,6.184730264084893e-14,0.0963261138025555,0.18412563823426986
dim 23,23,0.2097564875974847,Polarity_group3_D100,0.1872289299044765,7.711247646491931e-09,0.020313908278209468,0.5345653895487918,1.577193333697676e-08,0.6258143712208079,0.16691502162626703
dim 23,23,0.2097564875974847,Polarizability_C1,-0.32156670080616007,5.545756212963632e-24,0.1672890857223124,2.600770479335603e-07,2.6385791668516424e-23,1.832610422147872e-06,0.15427761508384766
dim 23,23,0.2097564875974847,Polarizability_C2,0.22307470713615213,4.967090983732107e-12,-0.15455440307776908,2.001689205903872e-06,1.201309477600669e-11,1.152616787050163e-05,0.06852030405838305
dim 23,23,0.2097564875974847,Polarizability_C3,0.30410193960136445,1.687287551032165e-21,-0.10524728677948625,0.001253881377309051,7.197369630201061e-21,0.0036930897709102563,0.1988546528218782
dim 23,23,0.2097564875974847,Polarizability_T12,-0.35978480306594696,5.1524985047760335e-30,0.08379385707350084,0.010286154783415631,3.328693424748927e-29,0.022858121740923627,0.2759909459924461
dim 23,23,0.2097564875974847,Polarizability_T13,0.08935566823966808,0.006199413545925358,0.07976463087322856,0.0145954406894288,0.008465266248319989,0.030544343297426182,0.009591037366439514
dim 23,23,0.2097564875974847,Polarizability_T23,0.2629689369989884,2.7616234327961014e-16,-0.19863142759960223,8.60770779131327e-10,8.843549631389241e-16,9.778824497614396e-09,0.06433750939938615
dim 23,23,0.2097564875974847,Polarizability_group1_D0,0.09159836465342332,0.005015668877699256,-0.08457179310268394,0.009598522178392058,0.00692531378731522,0.02145854355811879,0.00702657155073938
dim 23,23,0.2097564875974847,Polarizability_group1_D25,0.2552865053702078,2.0903907300755467e-15,-0.0716564982429422,0.0282836043399702,6.1677606346752e-15,0.0527749935729053,0.18363000712726563
dim 23,23,0.2097564875974847,Polarizability_group1_D50,0.2417611515270703,6.280267157671793e-14,0.008744691027379521,0.7892175742857719,1.6957229027181722e-13,0.8408251030668191,0.2330164604996908
dim 23,23,0.2097564875974847,Polarizability_group1_D75,0.26738056927127396,8.378658663796942e-17,0.11956334849336826,0.0002442938217617307,2.7598343133216753e-16,0.0008508251977937232,0.1478172207779057
dim 23,23,0.2097564875974847,Polarizability_group1_D100,-0.006314244034737972,0.8469387574325157,0.07104081019570575,0.029672364188115162,0.8598101671199398,0.054997611758215666,-0.06472656616096778
dim 23,23,0.2097564875974847,Polarizability_group2_D0,0.013802621028200108,0.6730537514935723,-0.07877104069758349,0.015876290481895355,0.7029391901152381,0.03283393821023559,-0.06496841966938338
dim 23,23,0.2097564875974847,Polarizability_group2_D25,-0.2351521081555448,3.0770658255359833e-13,-0.017483327330735828,0.5929962814214207,7.893548277488622e-13,0.6771307965632632,0.21766878082480898
dim 23,23,0.2097564875974847,Polarizability_group2_D50,-0.27662852714549246,6.393162950462887e-18,-0.02563523722040562,0.4331647373411336,2.2837608828391488e-17,0.5276331957401116,0.25099328992508685
dim 23,23,0.2097564875974847,Polarizability_group2_D75,-0.1444402484574462,9.047192877874093e-06,-0.07036923974062852,0.03125353728984814,1.550416840025627e-05,0.057545101735442555,0.0740710087168177
dim 23,23,0.2097564875974847,Polarizability_group2_D100,-0.03995861166743711,0.22170511793960976,0.031144353621875752,0.34094420560289634,0.24924102790922134,0.43249283961780244,0.008814258045561359
dim 23,23,0.2097564875974847,Polarizability_group3_D0,-0.1770933380870889,4.846333555997397e-08,-0.059991391217332934,0.06642187720218941,9.53845260873972e-08,0.10717346369821867,0.11710194686975597
dim 23,23,0.2097564875974847,Polarizability_group3_D25,-0.06752430426306714,0.03877661371772971,0.11243205375021419,0.0005648793250329036,0.04911410307820145,0.0018123889967434177,-0.04490774948714704
dim 23,23,0.2097564875974847,Polarizability_group3_D50,-0.08917896370784278,0.006302589325544889,0.004016132396576367,0.9022876190415793,0.008592101366253033,0.9297560964497589,0.08516283131126642
dim 23,23,0.2097564875974847,Polarizability_group3_D75,-0.11457376908246335,0.00044132711048259745,-0.0497296543528501,0.1282205380783851,0.0006691023826653996,0.18849322059058374,0.06484411472961324
dim 23,23,0.2097564875974847,Polarizability_group3_D100,0.08499154926880992,0.009244751567800177,-0.02036080283057204,0.5336223314094921,0.01236582708708554,0.6250231584124729,0.06463074643823788
dim 23,23,0.2097564875974847,Charge_C1,0.24103159598772225,7.502126073624727e-14,-0.1120153727178415,0.0005923776020369063,2.020733958540854e-13,0.0018933408524433176,0.12901622326988077
dim 23,23,0.2097564875974847,Charge_C2,-0.3669796446126988,3.0225107874096276e-31,0.10218468006274348,0.0017365195112135064,2.090100627318459e-30,0.004898264672349152,0.2647949645499553
dim 23,23,0.2097564875974847,Charge_C3,0.3716177349619137,4.6733495912478334e-32,-0.05757141530808575,0.07817141657915225,3.342215169033903e-31,0.12286707358793812,0.31404631965382795
dim 23,23,0.2097564875974847,Charge_T12,0.1670484408443915,2.707019768151952e-07,-0.11264778034791592,0.0005511136092897216,5.184315381667155e-07,0.0017767562307216896,0.05440066049647557
dim 23,23,0.2097564875974847,Charge_T13,0.2811727118979266,1.7408996855789532e-18,-0.14067670812971989,1.5466369191291688e-05,6.410810308526685e-18,7.265495513208754e-05,0.1404960037682067
dim 23,23,0.2097564875974847,Charge_T23,0.37533939580305536,1.022014467137884e-32,0.00048396073294898587,0.9881961398872686,7.48580771982573e-32,0.990866138463968,0.3748554350701064
dim 23,23,0.2097564875974847,Charge_group1_D0,-0.011763732012279714,0.7191276110794478,0.047290983498702734,0.14804386569579034,0.7447709212419708,0.21304028928218,-0.03552725148642302
dim 23,23,0.2097564875974847,Charge_group1_D25,-0.1423249462677743,1.2249682250398956e-05,-0.011374399412506004,0.7280489497933982,2.078960300626652e-05,0.7943652813804452,0.1309505468552683
dim 23,23,0.2097564875974847,Charge_group1_D50,-0.011627593493724303,0.7222428794351925,0.04112807255701216,0.20846383294387544,0.7470706773965757,0.28582479557986207,-0.029500479063287857
dim 23,23,0.2097564875974847,Charge_group1_D75,-0.12192568729705668,0.00018315472055113678,-0.04022543789202878,0.21863223360637735,0.00028599194326357964,0.2978106281587685,0.0817002494050279
dim 23,23,0.2097564875974847,Charge_group1_D100,0.04594566910866683,0.15993724372344215,-0.028657434966267208,0.3809071099700687,0.18250440520543107,0.4738285837244058,0.01728823414239962
dim 23,23,0.2097564875974847,Charge_group2_D0,-0.04369446729787314,0.18143149499656303,-0.09786299816351425,0.0027101572828277607,0.20576610977538895,0.007189773887724162,-0.054168530865641114
dim 23,23,0.2097564875974847,Charge_group2_D25,0.20224209061699788,4.180804426305441e-10,0.0724475603040175,0.026581629343399246,9.091072124908967e-10,0.049990226355266607,0.12979453031298038
dim 23,23,0.2097564875974847,Charge_group2_D50,0.0419564239318938,0.19943745472304628,0.06980066246823396,0.03264811869498466,0.22511696477694307,0.059619855900081335,-0.027844238536340167
dim 23,23,0.2097564875974847,Charge_group2_D75,0.09794891909957346,0.002686718240517627,0.1201356848805821,0.00022793526795566018,0.0038023893742918954,0.0007988497323944438,-0.022186765781008644
dim 23,23,0.2097564875974847,Charge_group2_D100,-0.15747451644685612,1.271312660142362e-06,0.03345837201071954,0.3062627759592236,2.3027029744444085e-06,0.39479647692157727,0.12401614443613657
dim 23,23,0.2097564875974847,Charge_group3_D0,-0.0033655226512379023,0.9180558654390563,-0.03736148137809396,0.2532361694446328,0.9244216432217208,0.33657334100480446,-0.03399595872685606
dim 23,23,0.2097564875974847,Charge_group3_D25,-0.24787949103301074,1.3818198741660277e-14,-0.08667418982595344,0.0079404410578196,3.88164708134107e-14,0.01817756897403527,0.16120530120705728
dim 23,23,0.2097564875974847,Charge_group3_D50,-0.05631145847791559,0.0849273051979349,-0.06751249546610485,0.03881079053480637,0.10134233632050824,0.06880469234939134,-0.011201036988189264
dim 23,23,0.2097564875974847,Charge_group3_D75,-0.029367906743940086,0.3692075705237699,-0.09014815516177437,0.005755118883551665,0.4048434949275743,0.013818905155328944,-0.060780248417834276
dim 23,23,0.2097564875974847,Charge_group3_D100,0.16308938648316096,5.188234740956832e-07,0.016161142595603795,0.6212554384191449,9.724300805160392e-07,0.706260437140893,0.14692824388755715
dim 23,23,0.2097564875974847,SecondaryStructure_C1,0.43802114111788387,3.3292478072363176e-45,0.01052739779587899,0.7475836039962624,4.412574474670358e-44,0.8087534816327446,0.4274937433220049
dim 23,23,0.2097564875974847,SecondaryStructure_C2,-0.21269203950804283,4.7904149960584245e-11,-0.05819892253731011,0.07497342052404633,1.1142051592503579e-10,0.11879090348686658,0.1544931169707327
dim 23,23,0.2097564875974847,SecondaryStructure_C3,-0.44178874002713164,4.832441637293116e-46,0.03385466118107694,0.30056616636752537,6.642121427390538e-45,0.38865311485386556,0.4079340788460547
dim 23,23,0.2097564875974847,SecondaryStructure_T12,0.3010600984162235,4.394102978976227e-21,-0.07386906554127547,0.023744566567686438,1.8414434064969384e-20,0.045815628154865805,0.22719103287494802
dim 23,23,0.2097564875974847,SecondaryStructure_T13,0.28197567788008143,1.3799131567212231e-18,0.0269034245752648,0.4107493334522781,5.126707389820784e-18,0.5045615203128389,0.25507225330481664
dim 23,23,0.2097564875974847,SecondaryStructure_T23,-0.3895706750072975,2.5381803880012136e-35,0.03854270011707347,0.2385285304239994,2.067688413640013e-34,0.3199781763364519,0.351027974890224
dim 23,23,0.2097564875974847,SecondaryStructure_group1_D0,-0.11305179135857152,0.0005261688918111067,-0.09734772544031267,0.002854679498824813,0.0007930523910871373,0.007555173950930963,0.015704065918258847
dim 23,23,0.2097564875974847,SecondaryStructure_group1_D25,0.026922249937103262,0.4104218587620679,-0.015463385714599324,0.6364003250533244,0.4471001331589389,0.7181003667831432,0.011458864222503938
dim 23,23,0.2097564875974847,SecondaryStructure_group1_D50,0.13712433386584066,2.5340523146067984e-05,0.01238286276735415,0.7050193748224226,4.2361034688622156e-05,0.7751035918060867,0.12474147109848652
dim 23,23,0.2097564875974847,SecondaryStructure_group1_D75,0.19144015502626704,3.484685810099616e-09,0.06271384401751981,0.05498103839858078,7.274281628582949e-09,0.09159728685996038,0.12872631100874724
dim 23,23,0.2097564875974847,SecondaryStructure_group1_D100,0.16044720908029814,7.940527665846067e-07,0.00812202402013881,0.8039092005070702,1.4636513467950255e-06,0.8521284448408805,0.15232518506015932
dim 23,23,0.2097564875974847,SecondaryStructure_group2_D0,-0.0941562389760372,0.0039175093310085,-0.028739272614926488,0.3795479987453468,0.0054746783119533,0.47267804063747687,0.06541696636111072
dim 23,23,0.2097564875974847,SecondaryStructure_group2_D25,0.07947213855283407,0.014962701620863364,0.03799321924265426,0.24529363058175596,0.019714170971867312,0.32810601767844005,0.04147891931017981
dim 23,23,0.2097564875974847,SecondaryStructure_group2_D50,-0.012416054324902838,0.7042658350814791,0.032039173456782616,0.3272460452571857,0.730511766823646,0.4174949546061881,-0.01962311913187978
dim 23,23,0.2097564875974847,SecondaryStructure_group2_D75,-0.19064405083993038,4.054876277508938e-09,-0.05479687704711692,0.09366418229021667,8.443445615261753e-09,0.14463170080874882,0.13584717379281347
dim 23,23,0.2097564875974847,SecondaryStructure_group2_D100,-0.08472268449437069,0.009469986992442224,-0.01921902466587044,0.5568195643354518,0.012646843884349071,0.6459803212505763,0.06550365982850025
dim 23,23,0.2097564875974847,SecondaryStructure_group3_D0,0.04506306046826941,0.16812312625195214,-0.1118913612909622,0.000600798701695868,0.19132239921005798,0.0019165880264223488,-0.06682830082269278
dim 23,23,0.2097564875974847,SecondaryStructure_group3_D25,0.015428367449833181,0.637164483919163,-0.024168618826097218,0.45994779061691116,0.6704881462791444,0.5541939468472162,-0.008740251376264037
dim 23,23,0.2097564875974847,SecondaryStructure_group3_D50,-0.1484342087718735,5.045847181473991e-06,-0.03413945118357032,0.29651615730127245,8.791408234806014e-06,0.3846073651985437,0.11429475758830318
dim 23,23,0.2097564875974847,SecondaryStructure_group3_D75,-0.07035639262578898,0.031284475456714624,-0.03228690556496848,0.32351763761275354,0.04008060913902065,0.4136864125676098,0.0380694870608205
dim 23,23,0.2097564875974847,SecondaryStructure_group3_D100,-0.053224862227721575,0.1034789506007418,0.10387973194538806,0.0014516501121394473,0.12186872179353936,0.004183357527649486,-0.05065486971766649
dim 23,23,0.2097564875974847,SolventAccessibility_C1,0.171391999458485,1.3025339661011008e-07,0.15969490393544467,8.952256465738876e-07,2.5264015370369786e-07,5.516704168923956e-06,0.011697095523040324
dim 23,23,0.2097564875974847,SolventAccessibility_C2,0.35646833002526623,1.8587649278390922e-29,-0.13549412529747915,3.165740632470382e-05,1.1713726149023714e-28,0.00013731913912274125,0.2209742047277871
dim 23,23,0.2097564875974847,SolventAccessibility_C3,-0.5004369942188966,1.5432915861312843e-60,-0.022600756345619245,0.48957545448372636,3.735212969332239e-59,0.5839089825814615,0.4778362378732774
dim 23,23,0.2097564875974847,SolventAccessibility_T12,0.4608409154584737,1.9085138837350566e-50,-0.026134110649642925,0.4242639419083563,3.094386588191791e-49,0.5188727813892018,0.4347068048088308
dim 23,23,0.2097564875974847,SolventAccessibility_T13,-0.31857382417485997,1.5181762628655015e-23,0.08213309950135032,0.011902366312734992,7.111793433339095e-23,0.025647679667441855,0.23644072467350963
dim 23,23,0.2097564875974847,SolventAccessibility_T23,-0.06088003839597367,0.062489537032727714,-0.09030855554041758,0.00566876091366268,0.07611781680864718,0.013650801334991603,-0.029428517144443916
dim 23,23,0.2097564875974847,SolventAccessibility_group1_D0,-0.002712796211078645,0.9339078088299932,-0.05090632658037929,0.1194240797025383,0.9381209267645646,0.17830863934129546,-0.048193530369300644
dim 23,23,0.2097564875974847,SolventAccessibility_group1_D25,0.193376474185883,2.4038886174938935e-09,0.01790064980261437,0.5842004903338773,5.04016822500289e-09,0.6684582520435596,0.17547582438326864
dim 23,23,0.2097564875974847,SolventAccessibility_group1_D50,0.22601443160972856,2.5607039860826386e-12,0.015317056776139001,0.6395960307082244,6.2795530936240914e-12,0.7197824464187272,0.21069737483358955
dim 23,23,0.2097564875974847,SolventAccessibility_group1_D75,0.21281626493621947,4.665406079093686e-11,0.025292332374121918,0.4393448203596689,1.0866426990357678e-10,0.5336042545459251,0.18752393256209754
dim 23,23,0.2097564875974847,SolventAccessibility_group1_D100,-0.0162927160008921,0.6184172332847424,0.009025003950069171,0.7826276900649424,0.6526109191693649,0.8358206099488633,0.00726771205082293
dim 23,23,0.2097564875974847,SolventAccessibility_group2_D0,-0.01792417195896366,0.5837065302595558,-0.05876215991564077,0.07219457524668009,0.619701147828009,0.1151527608996712,-0.04083798795667711
dim 23,23,0.2097564875974847,SolventAccessibility_group2_D25,-0.4124023105999733,8.899428395555165e-40,-0.05791154079729028,0.07642452615723518,9.25984138353715e-39,0.12060232546872611,0.354490769802683
dim 23,23,0.2097564875974847,SolventAccessibility_group2_D50,-0.22579208243079113,2.6931700864200527e-12,-0.053891051669111345,0.09922433099777245,6.589881383621228e-12,0.1513284317500274,0.17190103076167979
dim 23,23,0.2097564875974847,SolventAccessibility_group2_D75,-0.2620826457096825,3.4999577749394933e-16,-0.08069250046615989,0.01348236155704362,1.1090947787758926e-15,0.02866396409963443,0.1813901452435226
dim 23,23,0.2097564875974847,SolventAccessibility_group2_D100,0.21031614432318674,7.918631860562184e-11,0.018350651249574947,0.5747844386004726,1.807807957230191e-10,0.661081275800819,0.1919654930736118
dim 23,23,0.2097564875974847,SolventAccessibility_group3_D0,-0.2229110482308759,5.152323319530601e-12,-0.09484098965568948,0.003663123066521538,1.2452069382946604e-11,0.009362970995823418,0.12807005857518644
dim 23,23,0.2097564875974847,SolventAccessibility_group3_D25,0.03000455538362681,0.35891544019135907,0.024890808311933885,0.4466452217984964,0.39407546687677164,0.5410935947794625,0.005113747071692924
dim 23,23,0.2097564875974847,SolventAccessibility_group3_D50,-0.0777841648619365,0.0172451344248237,0.007842615681853146,0.810524635540126,0.022587744697612218,0.8569649517898136,0.06994154918008336
dim 23,23,0.2097564875974847,SolventAccessibility_group3_D75,0.11038046517400661,0.0007127338390023556,0.1025163943150885,0.0016770259902789105,0.0010622628390307308,0.0047548954223527685,0.007864070858918118
dim 23,23,0.2097564875974847,SolventAccessibility_group3_D100,-0.17505148790401862,6.93116848671687e-08,-0.0018552452510886333,0.9547729063787904,1.356981403612799e-07,0.9675186611969538,0.17319624265293
