row_label,embedding_dim,mean_abs_shap,aac_ctd_feature,pearson_r_raw,p_value_raw,pearson_r_partial,p_value_partial,p_adj_fdr_raw,p_adj_fdr_partial,shrinkage
AAC_P,12,0.6371153,AAC_A,0.3643246537258308,8.680087891964952e-31,0.32626267777547735,1.1161319815977325e-24,4.412708304286597e-30,6.680789997377109e-24,0.03806197595035343
AAC_P,12,0.6371153,AAC_C,0.02058819426765237,0.5290613821335166,-0.027890530278637575,0.393787915490586,0.5776610056639246,0.4494427963936739,-0.007302336010985205
AAC_P,12,0.6371153,AAC_D,-0.1105159989026616,0.0007019537393226711,0.01300324717892085,0.6909834476643198,0.0012141509525311865,0.7294199479136625,0.09751275172374076
AAC_P,12,0.6371153,AAC_E,-0.3248156107723196,1.8347287058238503e-24,-0.09757171159300598,0.0027910145358558324,7.989561769819635e-24,0.004661513151131118,0.2272438991793136
AAC_P,12,0.6371153,AAC_F,-0.27118794425893866,2.939861195060256e-17,-0.21770121891120653,1.6281917135421796e-11,1.050175015133824e-16,5.810000345332136e-11,0.053486725347732134
AAC_P,12,0.6371153,AAC_G,0.1126945258471149,0.0005481721574276785,0.007062594855086569,0.8290630807486081,0.0009565804628048308,0.8512359943745316,0.10563193099202833
AAC_P,12,0.6371153,AAC_H,-0.18930509224388586,5.224400214004862e-09,0.03402464485529202,0.2981444158536004,1.2944730500575845e-08,0.3501414729082368,0.15528044738859384
AAC_P,12,0.6371153,AAC_I,-0.4559013542494375,2.8137400489067103e-49,-0.3779275265688244,3.509635930088489e-33,2.0210519921179382e-48,2.587678588630365e-32,0.07797382768061312
AAC_P,12,0.6371153,AAC_K,-0.5967462552820112,1.8217416689202927e-91,-0.49639765394402635,1.904075236271987e-59,2.4241502686030987e-90,2.4181031517674665e-58,0.10034860133798484
AAC_P,12,0.6371153,AAC_L,-0.09026084426020452,0.005694325449793858,0.1036378141471886,0.0014894882993541575,0.008760500691990549,0.002580337614026393,-0.013376969886984086
AAC_P,12,0.6371153,AAC_M,-0.23775998069520535,1.6530512660170724e-13,-0.12015784694670296,0.00022732296110023533,5.155173882817014e-13,0.000437109205569825,0.11760213374850238
AAC_P,12,0.6371153,AAC_N,-0.36283653765059964,1.5611417709484757e-30,-0.4199711355626453,2.4798498323884844e-41,7.91231185882839e-30,2.1513502442019577e-40,-0.05713459791204567
AAC_P,12,0.6371153,AAC_P,1.0,0.0,1.0,0.0,0.0,0.0,0.0
AAC_P,12,0.6371153,AAC_Q,-0.043711259866219467,0.18126360451439022,0.007118891227346384,0.8277217883048825,0.22071470618959654,0.8501201638801684,0.03659236863887308
AAC_P,12,0.6371153,AAC_R,0.4072177559186499,9.8107153273075e-39,0.39893217887857396,4.166470759360395e-37,6.079367197255483e-38,3.3212439943350165e-36,0.008285577040075931
AAC_P,12,0.6371153,AAC_S,0.09041121845350059,0.005614102501060998,-0.21765236677766958,1.645628858536964e-11,0.008673035316162689,5.865955589662178e-11,-0.127241148324169
AAC_P,12,0.6371153,AAC_T,0.32476985413566745,1.8637095942362523e-24,0.07814098757346673,0.01673871688833861,8.09465545481025e-24,0.02510476820486092,0.24662886656220073
AAC_P,12,0.6371153,AAC_V,0.05891594782705858,0.07145064302072993,0.08279069982330721,0.011237301373948317,0.09329364647741906,0.017400364668051636,-0.023874751996248632
AAC_P,12,0.6371153,AAC_W,0.1877888952290991,6.945554810224026e-09,0.1359905187683189,2.959092610663147e-05,1.7082586941199005e-08,6.359954517126712e-05,0.0517983764607802
AAC_P,12,0.6371153,AAC_Y,-0.2714106817776631,2.7637100298209824e-17,-0.2718257564080144,2.4627465893312427e-17,9.91492105220417e-17,1.1938423234203702e-16,-0.00041507463035128644
AAC_P,12,0.6371153,Hydrophobicity_C1,-0.5228499809503162,7.247851925449236e-67,-0.36021544954144374,4.35691998721174e-30,6.560386295664078e-66,2.9758921794043376e-29,0.16263453140887246
AAC_P,12,0.6371153,Hydrophobicity_C2,0.5190863391213854,9.038695803791388e-66,0.3355012018508482,4.384138889346753e-26,8.050465062576863e-65,2.716702020485743e-25,0.18358513727053716
AAC_P,12,0.6371153,Hydrophobicity_C3,-0.38266012234458324,4.8477004510015564e-34,-0.19044501597553626,4.211026306466236e-09,2.6851276129925703e-33,1.286809502616398e-08,0.19221510636904698
AAC_P,12,0.6371153,Hydrophobicity_T12,-0.0012575108134191028,0.9693355844047383,0.058703345025538006,0.0724807547745758,0.9723361084795187,0.09675688287253524,-0.05744583421211891
AAC_P,12,0.6371153,Hydrophobicity_T13,-0.49577815668773156,2.79096167647273e-59,-0.31823933180390535,1.69783828280193e-23,2.32464139636382e-58,9.794093030325467e-23,0.17753882488382622
AAC_P,12,0.6371153,Hydrophobicity_T23,0.29180087141475414,7.551982271173531e-20,0.2200204049399307,9.790609744297007e-12,2.9059470951289856e-19,3.542864197827953e-11,0.07178046647482345
AAC_P,12,0.6371153,Hydrophobicity_group1_D0,-0.0867932089812632,0.0078547387208806,-0.08959082241079645,0.006064465009763595,0.011892487455911697,0.00978517542638184,-0.0027976134295332467
AAC_P,12,0.6371153,Hydrophobicity_group1_D25,0.17852614883937548,3.7608727271165056e-08,-0.06840428356602167,0.03630063767848174,8.777997839670949e-08,0.05141820604161536,0.11012186527335381
AAC_P,12,0.6371153,Hydrophobicity_group1_D50,0.090330998027198,0.005656771619857823,-0.03319065739702519,0.31015131651302996,0.00871878966789346,0.3622046843194126,0.057140340630172815
AAC_P,12,0.6371153,Hydrophobicity_group1_D75,0.040546301906755136,0.21497763068124223,-0.10876695349439429,0.0008534238512340605,0.2587478509821078,0.0015275646640523913,-0.06822065158763915
AAC_P,12,0.6371153,Hydrophobicity_group1_D100,-0.24259661566402735,5.119780877057814e-14,-0.14491883039237974,8.44265550506021e-06,1.6208595383292035e-13,1.92612495812166e-05,0.09767778527164761
AAC_P,12,0.6371153,Hydrophobicity_group2_D0,-0.3688871980711868,1.4077637476293358e-31,-0.31878375486875565,1.4151587866961138e-23,7.323879933149504e-31,8.191733704618752e-23,0.05010344320243115
AAC_P,12,0.6371153,Hydrophobicity_group2_D25,-0.24979721706996494,8.524023101214168e-15,-0.051301304174274975,0.11657956630902305,2.8021886966589886e-14,0.14782678491728815,0.19849591289568996
AAC_P,12,0.6371153,Hydrophobicity_group2_D50,-0.13198110348912567,5.07061824247799e-05,-0.03554667525482779,0.27704079076923566,9.722080901192013e-05,0.32742966778812704,0.09643442823429788
AAC_P,12,0.6371153,Hydrophobicity_group2_D75,-0.0328945107237331,0.3144905835445479,0.09535234100885649,0.003483039324972466,0.36522898088970446,0.005744864861929894,-0.06245783028512339
AAC_P,12,0.6371153,Hydrophobicity_group2_D100,0.2629501689833212,2.7755397669908063e-16,0.21839282734279475,1.3998820252448423e-11,9.596586771997198e-16,5.0167445969074824e-11,0.04455734164052644
AAC_P,12,0.6371153,Hydrophobicity_group3_D0,0.23607838983260454,2.469782007853128e-13,0.09288013430022807,0.004434720480963522,7.645108346829888e-13,0.0072288757473978355,0.14319825553237647
AAC_P,12,0.6371153,Hydrophobicity_group3_D25,0.2957721739064977,2.2584442521402243e-20,0.13849360690492332,2.0978830711553194e-05,8.812153974472371e-20,4.585686817839507e-05,0.15727856700157436
AAC_P,12,0.6371153,Hydrophobicity_group3_D50,0.18350850687590878,1.532413604917493e-08,0.1088567022400904,0.0008449675950507423,3.679555313029782e-08,0.0015148640727157697,0.07465180463581837
AAC_P,12,0.6371153,Hydrophobicity_group3_D75,0.052103585876764905,0.11096555366593314,0.03361305301578458,0.30403081045640257,0.14038823835008207,0.35642783675829576,0.018490532860980326
AAC_P,12,0.6371153,Hydrophobicity_group3_D100,-0.022133381940543245,0.4986017646178033,-0.05219080579249448,0.11036829382438924,0.5481665219958732,0.14059119045517166,-0.030057423851951235
AAC_P,12,0.6371153,NormVanDerWaalsVolume_C1,0.5333845184068913,5.229940109696026e-70,0.35755521856884465,1.2227582843016732e-29,5.077906966972304e-69,8.200828653750177e-29,0.17582929983804663
AAC_P,12,0.6371153,NormVanDerWaalsVolume_C2,-0.48399920182229317,3.462265886847973e-56,-0.30640731876496347,8.106949774114701e-22,2.779800014921209e-55,4.482982159858129e-21,0.1775918830573297
AAC_P,12,0.6371153,NormVanDerWaalsVolume_C3,-0.43378970208475376,2.826294206048186e-44,-0.2793374259995334,2.95261476380024e-18,1.8993606938030066e-43,1.4896878113433235e-17,0.15445227608522039
AAC_P,12,0.6371153,NormVanDerWaalsVolume_T12,0.264115364857368,2.0299581915151096e-16,0.184633695221045,1.2468549962882984e-08,7.055213693715365e-16,3.6627050902400325e-08,0.07948166963632297
AAC_P,12,0.6371153,NormVanDerWaalsVolume_T13,-0.04334630488431075,0.18493839321722896,-0.03425635912472496,0.29486420696812643,0.2246977931413404,0.3467769194625149,0.009089945759585792
AAC_P,12,0.6371153,NormVanDerWaalsVolume_T23,-0.4383049056950049,2.8812673036558165e-45,-0.2709235286281296,3.1633700418476377e-17,1.963965876369475e-44,1.5290384862186846e-16,0.16738137706687534
AAC_P,12,0.6371153,NormVanDerWaalsVolume_group1_D0,-0.3419220238767604,4.3273862799234566e-27,-0.2872072531913761,2.979921572724761e-19,2.0074264131867147e-26,1.5551465707657346e-18,0.05471477068538433
AAC_P,12,0.6371153,NormVanDerWaalsVolume_group1_D25,-0.25609858289842297,1.6930730391887492e-15,-0.09976400295684193,0.0022328441501830434,5.717759303225907e-15,0.0037894814337456123,0.15633457994158104
AAC_P,12,0.6371153,NormVanDerWaalsVolume_group1_D50,-0.15735097454669025,1.2961821914273758e-06,-0.10543362118711874,0.001228946543185432,2.7787217710959147e-06,0.002149047881800703,0.05191735335957151
AAC_P,12,0.6371153,NormVanDerWaalsVolume_group1_D75,-0.08680682840421569,0.007844984698440248,0.020847692108891085,0.5238807566183988,0.011888497682754276,0.5765277519293088,0.0659591362953246
AAC_P,12,0.6371153,NormVanDerWaalsVolume_group1_D100,0.2621988186640244,3.393104766470099e-16,0.21919064450282097,1.1752416685422351e-11,1.1707613553729473e-15,4.2298568673826134e-11,0.04300817416120342
AAC_P,12,0.6371153,NormVanDerWaalsVolume_group2_D0,-0.009723485234643319,0.7662756273141537,-0.03429984314918532,0.2942513363342472,0.7984815937273525,0.3461780427461732,-0.024576357914542
AAC_P,12,0.6371153,NormVanDerWaalsVolume_group2_D25,0.1889669559080937,5.568073133531834e-09,0.020398787749466744,0.5328590634284499,1.3765628620278554e-08,0.5831419632539393,0.16856816815862696
AAC_P,12,0.6371153,NormVanDerWaalsVolume_group2_D50,0.09690450358161971,0.002984575961994098,0.05834103651409534,0.07426417568901103,0.004765049576032642,0.09890045725729539,0.03856346706752437
AAC_P,12,0.6371153,NormVanDerWaalsVolume_group2_D75,0.029448181830414203,0.36789983198579296,0.02089540776602123,0.5229309937751117,0.4180964405690876,0.5760519522456705,0.008552774064392973
AAC_P,12,0.6371153,NormVanDerWaalsVolume_group2_D100,-0.1398505395212015,1.7366914789755065e-05,-0.08351482783548796,0.010543259057345699,3.448602580129722e-05,0.016401716465549433,0.05633571168571354
AAC_P,12,0.6371153,NormVanDerWaalsVolume_group3_D0,0.034100566182180145,0.2970669833956733,-0.061560733217022406,0.05960915793583162,0.3468031193783812,0.08099861167846933,-0.02746016703484226
AAC_P,12,0.6371153,NormVanDerWaalsVolume_group3_D25,0.11528446938059443,0.00040624200514751237,0.043162478199425494,0.18681008271909852,0.0007240385790782772,0.22705446735145163,0.07212199118116894
AAC_P,12,0.6371153,NormVanDerWaalsVolume_group3_D50,0.12338083643908891,0.00015298268312843277,0.07924960207711433,0.015247544534908793,0.00028245558963458566,0.02310653300662222,0.04413123436197458
AAC_P,12,0.6371153,NormVanDerWaalsVolume_group3_D75,0.04442349846609953,0.17424829148657803,-0.009090797236515506,0.7810831887635561,0.21271538507498927,0.8086761181443516,0.035332701229584026
AAC_P,12,0.6371153,NormVanDerWaalsVolume_group3_D100,-0.1625120545098616,5.697180513972947e-07,-0.12128114859948498,0.00019823113416944486,1.246958251420029e-06,0.00038516113329025353,0.041230905910376606
AAC_P,12,0.6371153,Polarity_C1,-0.46733883388085823,5.175705841122398e-52,-0.29918369970929704,7.885624259407396e-21,3.807677865495332e-51,4.2756469198734907e-20,0.1681551341715612
AAC_P,12,0.6371153,Polarity_C2,0.5409465375198503,2.476952091981113e-72,0.35812820098628545,9.798757340131281e-30,2.5069757537020965e-71,6.585080385520822e-29,0.18281833653356488
AAC_P,12,0.6371153,Polarity_C3,-0.5116547374036714,1.2025452333199311e-63,-0.325124608233626,1.6503549648351426e-24,1.0486947987698615e-62,9.808159399554051e-24,0.1865301291700454
AAC_P,12,0.6371153,Polarity_T12,0.3241947551186458,2.268954931836357e-24,0.1787778250555343,3.596273585231629e-08,9.816463047064032e-24,1.0222598957169055e-07,0.14541693006311152
AAC_P,12,0.6371153,Polarity_T13,-0.5239551738374804,3.433818735616422e-67,-0.3394969502981504,1.0443219524187908e-26,3.133594146710068e-66,6.643876802054784e-26,0.18445822353932995
AAC_P,12,0.6371153,Polarity_T23,0.2053187072665221,2.235576762117138e-10,0.2036413661562337,3.1487639521951065e-10,5.930759638976362e-10,1.02304198446806e-09,0.0016773411102883884
AAC_P,12,0.6371153,Polarity_group1_D0,0.19842884254328275,8.960062960096913e-10,0.09701076620019664,0.002952951757059501,2.298510774709961e-09,0.004902017330307522,0.10141807634308611
AAC_P,12,0.6371153,Polarity_group1_D25,0.2745698206003742,1.1434174525469651e-17,0.15388145544586018,2.219824252777375e-06,4.124205498387542e-17,5.400009471432216e-06,0.12068836515451403
AAC_P,12,0.6371153,Polarity_group1_D50,0.22125385866220873,7.452718714336516e-12,0.1659985744469746,3.2215589399064135e-07,2.1720838137769603e-11,8.476312991125348e-07,0.055255284215234124
AAC_P,12,0.6371153,Polarity_group1_D75,0.10559205809485306,0.0012081054058712681,0.049911348415062,0.12683032858595972,0.002027674399804038,0.15913347012663617,0.05568070967979106
AAC_P,12,0.6371153,Polarity_group1_D100,-0.14289439077726826,1.1294777991152235e-05,-0.1563572098312274,1.5139456758235701e-06,2.280807647548275e-05,3.7400728973747962e-06,-0.01346281905395913
AAC_P,12,0.6371153,Polarity_group2_D0,-0.366075887731976,4.333183097389993e-31,-0.31204891530444706,1.3115860714931059e-22,2.2265894685050117e-30,7.362516771070544e-22,0.05402697242752896
AAC_P,12,0.6371153,Polarity_group2_D25,-0.2712098919869297,2.922023980026091e-17,-0.07850699742441372,0.01623285065225626,1.0449207808658612e-16,0.02443340296463989,0.19270289456251596
AAC_P,12,0.6371153,Polarity_group2_D50,-0.22429627511170025,3.775915806073677e-12,-0.11660178689801431,0.0003479908574610724,1.1140952996719152e-11,0.0006533386531309622,0.10769448821368593
AAC_P,12,0.6371153,Polarity_group2_D75,-0.0651979521685878,0.04602127872426228,0.07157102548696079,0.0284729923135289,0.06208040021770436,0.041079824763363505,-0.006373073318372988
AAC_P,12,0.6371153,Polarity_group2_D100,0.2578996318196108,1.0579787541774554e-15,0.24172447995116667,6.336727205274523e-14,3.602088724722427e-15,2.642280757255544e-13,0.01617515186844412
AAC_P,12,0.6371153,Polarity_group3_D0,-0.07612478244836492,0.019780475393901764,-0.10436689519307879,0.0013781235436698188,0.02835484455606519,0.0023911338368089326,-0.028242112744713874
AAC_P,12,0.6371153,Polarity_group3_D25,0.20947609929966773,9.445186019900846e-11,-0.06827059245338324,0.03666790446676076,2.560626729421171e-10,0.0518065993735114,0.1412055068462845
AAC_P,12,0.6371153,Polarity_group3_D50,0.1265538032879647,0.00010261419695425194,-0.028237159906578675,0.3879336864266129,0.00019241077891466468,0.44373236735098875,0.09831664338138603
AAC_P,12,0.6371153,Polarity_group3_D75,0.022530522566443056,0.4909262348315257,-0.12576875180214198,0.00011337009464451038,0.5400835389780289,0.00022714824001959487,-0.10323822923569892
AAC_P,12,0.6371153,Polarity_group3_D100,-0.23987198792337167,9.93982095484877e-14,-0.1579214021396156,1.185123904832478e-06,3.11435290705393e-13,2.9739397762137313e-06,0.08195058578375605
AAC_P,12,0.6371153,Polarizability_C1,0.33709242702099673,2.4823457323239596e-26,0.12404564740295593,0.00014081255241014565,1.138878399170608e-25,0.0002786219935129659,0.2130467796180408
AAC_P,12,0.6371153,Polarizability_C2,-0.12070880173058836,0.0002125873371956658,0.07739620491417588,0.01781092028147507,0.0003888508796459604,0.026557354348270865,0.043312596816412474
AAC_P,12,0.6371153,Polarizability_C3,-0.43378970208475376,2.826294206048186e-44,-0.2793374259995334,2.95261476380024e-18,1.8993606938030066e-43,1.4896878113433235e-17,0.15445227608522039
AAC_P,12,0.6371153,Polarizability_T12,0.4936354501962086,1.0411924348071834e-58,0.33237148825194285,1.329031584137019e-25,8.58662403026171e-58,8.070846347304807e-25,0.16126396194426573
AAC_P,12,0.6371153,Polarizability_T13,-0.2365949457258268,2.1839222269340561e-13,-0.2422502710496062,5.572805485881101e-14,6.779089440483036e-13,2.3354040555637237e-13,-0.005655325323779409
AAC_P,12,0.6371153,Polarizability_T23,-0.3186119595824795,1.4989265894974054e-23,-0.12799800087548302,8.529316522085383e-05,6.345265917517534e-23,0.0001731788278648339,0.1906139587069965
AAC_P,12,0.6371153,Polarizability_group1_D0,-0.2864971641282992,3.6760495167946317e-19,-0.2375131874685539,1.7537251423039616e-13,1.3795511669768618e-18,7.136463779099479e-13,0.04898397665974527
AAC_P,12,0.6371153,Polarizability_group1_D25,-0.21250337852567366,4.9865468698775427e-11,-0.04437790609223031,0.1746912068993967,1.3798729532221203e-10,0.21364651447967228,0.16812547243344336
AAC_P,12,0.6371153,Polarizability_group1_D50,-0.242914427481024,4.7360019794478695e-14,-0.1204945849621164,0.00021820695529709477,1.5022076553994192e-13,0.0004205488924941123,0.12241984251890758
AAC_P,12,0.6371153,Polarizability_group1_D75,-0.1135702415952338,0.000495696568820852,0.00977552538002062,0.765061372774601,0.0008732207488721759,0.7957972547702171,0.10379471621521318
AAC_P,12,0.6371153,Polarizability_group1_D100,0.18984438908021872,4.718490530561441e-09,0.1871071631109933,7.888285481667915e-09,1.1708587200650233e-08,2.350300937446105e-08,0.002737225969225432
AAC_P,12,0.6371153,Polarizability_group2_D0,-0.18894693361852002,5.589097667506745e-09,-0.17802605616919706,4.109858340939498e-08,1.380738624960986e-08,1.1623138745756073e-07,0.010920877449322963
AAC_P,12,0.6371153,Polarizability_group2_D25,0.08967372605959781,0.006017522476915212,-0.055500441374423753,0.08952006052715973,0.009219506914172847,0.11711594287532844,0.034173284685174055
AAC_P,12,0.6371153,Polarizability_group2_D50,0.21975722072185655,1.0375335817962616e-11,0.07460515568634772,0.02238136158186622,3.005517921248494e-11,0.03293116638036704,0.14515206503550881
AAC_P,12,0.6371153,Polarizability_group2_D75,0.11838355763830775,0.0002815436641532056,0.06397248389806048,0.050274809980810055,0.0005088505618353391,0.06933024993224839,0.05441107374024727
AAC_P,12,0.6371153,Polarizability_group2_D100,0.09881275059676872,0.0024611366479149166,0.07422259459956339,0.02308112301241816,0.003996206321845319,0.033886132246802925,0.024590155997205335
AAC_P,12,0.6371153,Polarizability_group3_D0,0.034100566182180145,0.2970669833956733,-0.061560733217022406,0.05960915793583162,0.3468031193783812,0.08099861167846933,-0.02746016703484226
AAC_P,12,0.6371153,Polarizability_group3_D25,0.11528446938059443,0.00040624200514751237,0.043162478199425494,0.18681008271909852,0.0007240385790782772,0.22705446735145163,0.07212199118116894
AAC_P,12,0.6371153,Polarizability_group3_D50,0.12338083643908891,0.00015298268312843277,0.07924960207711433,0.015247544534908793,0.00028245558963458566,0.02310653300662222,0.04413123436197458
AAC_P,12,0.6371153,Polarizability_group3_D75,0.04442349846609953,0.17424829148657803,-0.009090797236515506,0.7810831887635561,0.21271538507498927,0.8086761181443516,0.035332701229584026
AAC_P,12,0.6371153,Polarizability_group3_D100,-0.1625120545098616,5.697180513972947e-07,-0.12128114859948498,0.00019823113416944486,1.246958251420029e-06,0.00038516113329025353,0.041230905910376606
AAC_P,12,0.6371153,Charge_C1,-0.34981771991395166,2.3273264198010576e-28,-0.20938959030460141,9.617818238111542e-11,1.1200677582327856e-27,3.251367703976979e-10,0.14042812960935025
AAC_P,12,0.6371153,Charge_C2,0.3712190708018531,5.493333260642462e-32,0.1604925398350191,7.883214929462115e-07,2.893964209865272e-31,2.0083858020139943e-06,0.21072653096683402
AAC_P,12,0.6371153,Charge_C3,-0.28688593250859146,3.2771414487803587e-19,-0.0605011149801196,0.06414214361845691,1.232618517897117e-18,0.08673472052050449,0.22638481752847187
AAC_P,12,0.6371153,Charge_T12,-0.2758003105105843,8.082580973892019e-18,-0.1661035487600006,3.166144671574832e-07,2.927963172754809e-17,8.346427153164909e-07,0.10969676175058368
AAC_P,12,0.6371153,Charge_T13,-0.3888780329569514,3.422180304843037e-35,-0.22486725941754473,3.3198933137451877e-12,1.9373020708772446e-34,1.2389322533976455e-11,0.16401077353940666
AAC_P,12,0.6371153,Charge_T23,-0.22298894010990375,5.0633358443203426e-12,0.0038806807857022655,0.9055674774714767,1.4847710026365182e-11,0.9168218777674242,0.21910825932420147
AAC_P,12,0.6371153,Charge_group1_D0,-0.02740868699266041,0.40201391275858706,-0.058311878992770655,0.07440924334272914,0.452553578905858,0.09905415415094272,-0.030903192000110245
AAC_P,12,0.6371153,Charge_group1_D25,-0.007633150644728463,0.8154929569261138,-0.10472890059526409,0.0013257248021292152,0.8427433403877537,0.002305008245242883,-0.09709574995053563
AAC_P,12,0.6371153,Charge_group1_D50,-0.03731334393284615,0.25384862829309257,-0.0672324834151494,0.039628714153040846,0.3008709788853546,0.05554339289599514,-0.029919139482303243
AAC_P,12,0.6371153,Charge_group1_D75,-0.04152507467663888,0.20410155361802176,-0.11784376105013995,0.000300302377170855,0.24618966741935452,0.0005682775862609947,-0.07631868637350107
AAC_P,12,0.6371153,Charge_group1_D100,-0.11760837305839135,0.00030884298032328233,-0.09279473247888143,0.004471446742271173,0.0005551859818513255,0.007285186399602789,0.024813640579509924
AAC_P,12,0.6371153,Charge_group2_D0,-0.19206191076047216,3.094336972675928e-09,-0.21361154238272628,3.937358140770057e-11,7.735842431689819e-09,1.3713009583078196e-10,-0.021549631622254123
AAC_P,12,0.6371153,Charge_group2_D25,0.012036670513869176,0.712895997741598,0.1291363244559528,7.362555274992725e-05,0.7506534150242551,0.00015095724136571947,-0.11709965394208363
AAC_P,12,0.6371153,Charge_group2_D50,0.08262237686382268,0.011404320410179474,0.0971446419246027,0.00291354443619941,0.01686910104960117,0.00484864893717291,-0.014522265060780026
AAC_P,12,0.6371153,Charge_group2_D75,0.12654608524929584,0.00010271509545055303,0.16716696272268813,2.654177376758673e-07,0.00019241077891466468,7.024526496334364e-07,-0.0406208774733923
AAC_P,12,0.6371153,Charge_group2_D100,0.11047247977758674,0.0007053985688982324,0.005328459982492188,0.8706050291179511,0.0012194778572050188,0.8884267635972981,0.10514401979509455
AAC_P,12,0.6371153,Charge_group3_D0,-0.16515961736479587,3.69929568981086e-07,-0.17824005638405088,3.956843430419395e-08,8.237098402645515e-07,1.1209378335539253e-07,-0.013080439019255014
AAC_P,12,0.6371153,Charge_group3_D25,0.0606488112980746,0.06349375772387986,-0.0715479429514839,0.028524324562030908,0.08345893380470631,0.04111836169062721,-0.010899131653409298
AAC_P,12,0.6371153,Charge_group3_D50,-0.09549873608994305,0.003432985144538095,-0.12289803387862468,0.0001624332744548003,0.005434203972870728,0.0003189459945203016,-0.027399297788681623
AAC_P,12,0.6371153,Charge_group3_D75,-0.09879346012821677,0.0024659792579292314,-0.09913653515294907,0.0023811410331823213,0.004002123771372028,0.004020733594959026,-0.0003430750247322978
AAC_P,12,0.6371153,Charge_group3_D100,-0.1130600640121967,0.0005256692683093409,-0.023692814638930925,0.46883159750416636,0.000919351474701623,0.5251165444882346,0.08936724937326578
AAC_P,12,0.6371153,SecondaryStructure_C1,-0.1777301043296599,4.3309408944549923e-08,0.11253368274073765,0.0005583549323052953,1.0017550268337725e-07,0.0010241106391541384,0.06519642158892226
AAC_P,12,0.6371153,SecondaryStructure_C2,-0.15653415027194043,1.4727613299166475e-06,-0.3136787992672595,7.692154279956596e-23,3.147167525221755e-06,4.354541575433056e-22,-0.15714464899531908
AAC_P,12,0.6371153,SecondaryStructure_C3,0.35171282717349317,1.139600300630794e-28,0.1052246789606032,0.0012569382230938188,5.597448535451253e-28,0.002193403168826204,0.24648814821288997
AAC_P,12,0.6371153,SecondaryStructure_T12,-0.29938759990359054,7.401658554871244e-21,-0.12032663550488382,0.00022270989251866046,2.932566971918144e-20,0.00042873258847972673,0.17906096439870672
AAC_P,12,0.6371153,SecondaryStructure_T13,-0.08303430273436155,0.010999426076015105,0.09534067239197837,0.0034870573547055228,0.016284611300483358,0.005748653289593507,-0.01230636965761682
AAC_P,12,0.6371153,SecondaryStructure_T23,0.1418543791507014,1.309634616238417e-05,-0.13822854397392675,2.1763152012783134e-05,2.6334615401783944e-05,4.747807166733877e-05,0.0036258351767746444
AAC_P,12,0.6371153,SecondaryStructure_group1_D0,-0.10272487131437046,0.0016405994104576594,-0.1594468534973342,9.312208573899151e-07,0.002716708989057304,2.359846482308283e-06,-0.056721982182963746
AAC_P,12,0.6371153,SecondaryStructure_group1_D25,-0.025038344842130376,0.4439547751072123,-0.004133562076953235,0.8994454929168153,0.4944344611063985,0.9122830083031166,0.02090478276517714
AAC_P,12,0.6371153,SecondaryStructure_group1_D50,-0.15029142211582439,3.826018026555027e-06,-0.08387372505462982,0.010213595442232071,7.981823990439594e-06,0.01594829769848299,0.06641769706119456
AAC_P,12,0.6371153,SecondaryStructure_group1_D75,-0.23423068898552676,3.8257009561076935e-13,-0.16415944681984285,4.358311945402217e-07,1.1744339332168838e-12,1.1363592425951135e-06,0.07007124216568392
AAC_P,12,0.6371153,SecondaryStructure_group1_D100,-0.12927285724143048,7.233201018180848e-05,-0.04146534617728269,0.20475358153894238,0.00013734446504106899,0.2475124727977081,0.08780751106414779
AAC_P,12,0.6371153,SecondaryStructure_group2_D0,0.10387422208560598,0.0014525019703352693,0.06584977896342466,0.04388489208594817,0.0024172180273641253,0.06120064282549765,0.038024443122181326
AAC_P,12,0.6371153,SecondaryStructure_group2_D25,0.016876866000762852,0.6058853477609759,0.060011047581293865,0.0663327453270988,0.6492322943604939,0.08937126639471965,-0.04313418158053101
AAC_P,12,0.6371153,SecondaryStructure_group2_D50,0.09460689282244558,0.0037483522740160338,0.08801800761091898,0.007019693200634046,0.005899857019422032,0.011185961493376771,0.0065888852115266044
AAC_P,12,0.6371153,SecondaryStructure_group2_D75,0.2009103817971571,5.465321736570167e-10,0.12257987544100829,0.00016895794314813768,1.4150522945848339e-09,0.000330979196548258,0.0783305063561488
AAC_P,12,0.6371153,SecondaryStructure_group2_D100,-0.024799807642128587,0.44830930043060907,-0.08030203726131209,0.013941297583732196,0.49878516436983156,0.021291236364730466,-0.0555022296191835
AAC_P,12,0.6371153,SecondaryStructure_group3_D0,-0.2724562987479095,2.0662747903042602e-17,-0.24156982845501826,6.580361545121842e-14,7.428802798295187e-17,2.7370370561278896e-13,0.030886470292891238
AAC_P,12,0.6371153,SecondaryStructure_group3_D25,-0.09510269212314525,0.003569928899065705,-0.08956662681579033,0.006078227229546009,0.005637618214127402,0.009797914549557757,0.005536065307354912
AAC_P,12,0.6371153,SecondaryStructure_group3_D50,0.03146518217295792,0.3359912871409985,-0.05433249068320152,0.09648268765720641,0.3864362600037655,0.12504935070821474,-0.0228673085102436
AAC_P,12,0.6371153,SecondaryStructure_group3_D75,0.07649187584212377,0.019193194444766113,0.05202954762214219,0.11147454544519199,0.02754846130017998,0.14189214244929163,0.024462328219981587
AAC_P,12,0.6371153,SecondaryStructure_group3_D100,0.19096821934611094,3.812523037638358e-09,0.1443152705232737,9.211736343351441e-06,9.52417871781011e-09,2.0930067610063816e-05,0.04665294882283724
AAC_P,12,0.6371153,SolventAccessibility_C1,0.06880728445764445,0.03521242622953136,0.13698206015080375,2.5840146915189378e-05,0.048438840035681524,5.597022742978763e-05,-0.0681747756931593
AAC_P,12,0.6371153,SolventAccessibility_C2,-0.5228499809503162,7.247851925449236e-67,-0.36021544954144374,4.35691998721174e-30,6.560386295664078e-66,2.9758921794043376e-29,0.16263453140887246
AAC_P,12,0.6371153,SolventAccessibility_C3,0.4632275948132227,5.118684346161084e-51,0.24045189370633208,8.636761577687703e-14,3.7410078153562407e-50,3.579005418049247e-13,0.2227757011068906
AAC_P,12,0.6371153,SolventAccessibility_T12,-0.45233493095270094,1.910634262018735e-48,-0.23539121048968317,2.9075672577520045e-13,1.3463119061482225e-47,1.1630269031008018e-12,0.21694372046301777
AAC_P,12,0.6371153,SolventAccessibility_T13,0.39861449070776733,4.80042479464751e-37,0.23269096380294402,5.493551914938133e-13,2.858006918738446e-36,2.158642752458043e-12,0.16592352690482332
AAC_P,12,0.6371153,SolventAccessibility_T23,-0.04557605077233133,0.16332793482518818,-0.059559366468038846,0.06840589681602004,0.20048338931132983,0.09179417250522577,-0.013983315695707516
AAC_P,12,0.6371153,SolventAccessibility_group1_D0,-0.09821010363424189,0.002616598757079406,-0.0952971708360844,0.003502074041583815,0.004221951617703003,0.005767715630616343,0.0029129327981574915
AAC_P,12,0.6371153,SolventAccessibility_group1_D25,-0.06558264861751016,0.04475009178799066,0.053229771319861445,0.10344707743077952,0.060498260632874765,0.13309446788089507,0.012352877297648716
AAC_P,12,0.6371153,SolventAccessibility_group1_D50,-0.21137704487369927,6.331432081576626e-11,-0.09589229411521545,0.00330164729535285,1.7390611145120007e-10,0.00545106375011296,0.11548475075848381
AAC_P,12,0.6371153,SolventAccessibility_group1_D75,-0.16111372246242409,7.136819123239278e-07,-0.04897368368765235,0.13413205709142711,1.5508767645815998e-06,0.16753966742160306,0.11214003877477174
AAC_P,12,0.6371153,SolventAccessibility_group1_D100,0.05728749099890693,0.07965438737559001,0.051234687431124686,0.11705555992222419,0.10299870454296192,0.14831774284530683,0.006052803567782247
AAC_P,12,0.6371153,SolventAccessibility_group2_D0,-0.0867932089812632,0.0078547387208806,-0.08959082241079645,0.006064465009763595,0.011892487455911697,0.00978517542638184,-0.0027976134295332467
AAC_P,12,0.6371153,SolventAccessibility_group2_D25,0.17852614883937548,3.7608727271165056e-08,-0.06840428356602167,0.03630063767848174,8.777997839670949e-08,0.05141820604161536,0.11012186527335381
AAC_P,12,0.6371153,SolventAccessibility_group2_D50,0.090330998027198,0.005656771619857823,-0.03319065739702519,0.31015131651302996,0.00871878966789346,0.3622046843194126,0.057140340630172815
AAC_P,12,0.6371153,SolventAccessibility_group2_D75,0.040546301906755136,0.21497763068124223,-0.10876695349439429,0.0008534238512340605,0.2587478509821078,0.0015275646640523913,-0.06822065158763915
AAC_P,12,0.6371153,SolventAccessibility_group2_D100,-0.24259661566402735,5.119780877057814e-14,-0.14491883039237974,8.44265550506021e-06,1.6208595383292035e-13,1.92612495812166e-05,0.09767778527164761
AAC_P,12,0.6371153,SolventAccessibility_group3_D0,0.07835273742473851,0.016444396352235813,-0.028862091961055086,0.3775138834126628,0.023828322696949074,0.4334466726016823,0.049490645463683425
AAC_P,12,0.6371153,SolventAccessibility_group3_D25,0.002583765473128074,0.9370447165322491,0.014100052426638211,0.6664288749340237,0.9459491351346563,0.7072997910008386,-0.011516286953510136
AAC_P,12,0.6371153,SolventAccessibility_group3_D50,0.17830529748529933,3.9113019461019655e-08,0.1492687876878594,4.457631727160953e-06,9.097317896922399e-08,1.0479538912028392e-05,0.029036509797439936
AAC_P,12,0.6371153,SolventAccessibility_group3_D75,0.10763459193150932,0.0009670659069980725,0.1611495912849124,7.095863699788428e-07,0.0016412602283402246,1.8230911351764114e-06,-0.05351499935340309
AAC_P,12,0.6371153,SolventAccessibility_group3_D100,0.22038138808538077,9.040735721628356e-12,0.13628624307680762,2.842137114160075e-05,2.6234628418973684e-11,6.116454871968202e-05,0.08409514500857315
SolventAccessibility_T12,149,0.56570184,AAC_A,-0.2052486879206264,2.2679030931300252e-10,-0.13231195922105982,4.852984296672799e-05,6.006975678869377e-10,0.00010149635285464714,0.07293672869956658
SolventAccessibility_T12,149,0.56570184,AAC_C,-0.079113796316021,0.015423706142533472,-0.03403143456925408,0.29804795410590657,0.022417397091410704,0.3501414729082368,0.04508236174676692
SolventAccessibility_T12,149,0.56570184,AAC_D,0.4401254823339316,1.1362995361889857e-45,0.3779339086991347,3.500355907027743e-33,7.793101541830005e-45,2.586546179086872e-32,0.06219157363479694
SolventAccessibility_T12,149,0.56570184,AAC_E,0.5959493989310869,3.63517345981439e-91,0.43342994128314094,3.3852117677106485e-44,4.7801099825905765e-90,3.176013287683586e-43,0.16251945764794595
SolventAccessibility_T12,149,0.56570184,AAC_F,0.12732109956277693,9.303654698332725e-05,0.03647055841789931,0.26473849537852506,0.00017486891779646202,0.3133333006960573,0.09085054114487762
SolventAccessibility_T12,149,0.56570184,AAC_G,-0.21311710060506767,4.375727472632102e-11,-0.11302317585289023,0.0005279005228982538,1.2118515554387415e-10,0.0009703840101707032,0.10009392475217743
SolventAccessibility_T12,149,0.56570184,AAC_H,0.3277505204891736,6.676618964428919e-25,0.10793802866387726,0.0009353141008201685,2.9536301114162368e-24,0.001661675051457108,0.21981249182529633
SolventAccessibility_T12,149,0.56570184,AAC_I,0.2931446953877268,5.030219737699765e-20,0.16578129240497502,3.339243974747044e-07,1.9490642603152223e-19,8.768140625515037e-07,0.12736340298275178
SolventAccessibility_T12,149,0.56570184,AAC_K,0.39910167621313114,3.862981221985841e-37,0.22010439967489553,9.610874109805916e-12,2.3039923716844126e-36,3.481596477955722e-11,0.1789972765382356
SolventAccessibility_T12,149,0.56570184,AAC_L,0.39191910747112296,9.166042844468722e-36,0.24934834700064604,9.547996750608291e-15,5.21543153330929e-35,4.136226867319286e-14,0.14257076047047693
SolventAccessibility_T12,149,0.56570184,AAC_M,0.20503706955308001,2.368397962432442e-10,0.059583429819982214,0.06829412408709401,6.263221848396165e-10,0.09168772535278852,0.1454536397330978
SolventAccessibility_T12,149,0.56570184,AAC_N,0.019744387875044848,0.5460851529091728,0.025945630449308366,0.427614150107655,0.5948872833387596,0.4834906098035097,-0.006201242574263518
SolventAccessibility_T12,149,0.56570184,AAC_P,-0.45233493095270094,1.910634262018735e-48,-0.23539121048968317,2.9075672577520045e-13,1.3463119061482225e-47,1.1630269031008018e-12,0.21694372046301777
SolventAccessibility_T12,149,0.56570184,AAC_Q,0.1513429995426811,3.266287033141497e-06,0.11528396200764654,0.0004062660975530477,6.826907816453442e-06,0.000753559450491193,0.03605903753503456
SolventAccessibility_T12,149,0.56570184,AAC_R,0.0984661878694928,0.002549474192341589,0.2116698323863879,5.951145792995584e-11,0.004119614805235079,2.0491574173819846e-10,-0.1132036445168951
SolventAccessibility_T12,149,0.56570184,AAC_S,-0.6553946867793244,4.303287044813811e-116,-0.5163618512405891,5.506654607640368e-65,7.811401483520723e-115,8.138153269698597e-64,0.13903283553873536
SolventAccessibility_T12,149,0.56570184,AAC_T,-0.6776818624947918,5.750542637818083e-127,-0.5353099000308897,1.3558726034987034e-70,1.192969714926236e-125,2.177218507541187e-69,0.14237196246390205
SolventAccessibility_T12,149,0.56570184,AAC_V,0.1275620222834753,9.020752286201468e-05,0.13757142897076885,2.3829490478766612e-05,0.00016993408142082858,5.181673059835969e-05,-0.010009406687293554
SolventAccessibility_T12,149,0.56570184,AAC_W,-0.1460841338436061,7.127678961238884e-06,-0.07939275965043861,0.015063763720601203,1.4605182656771701e-05,0.022865052682475514,0.0666913741931675
SolventAccessibility_T12,149,0.56570184,AAC_Y,-0.13964871889264655,1.7863875037799186e-05,-0.22171669877273292,6.724640401924339e-12,3.5409698887981775e-05,2.4627520770205365e-11,-0.08206797988008638
SolventAccessibility_T12,149,0.56570184,Hydrophobicity_C1,0.724977430436866,1.4342359750344583e-153,0.613854812154602,4.075146121859612e-98,4.129610479840595e-152,1.055115352481481e-96,0.111122618282264
SolventAccessibility_T12,149,0.56570184,Hydrophobicity_C2,-0.7188304233343401,8.384837308964573e-150,-0.5874290503925523,5.209549647344399e-88,2.3337797176618063e-148,1.1012592292487528e-86,0.13140137294178778
SolventAccessibility_T12,149,0.56570184,Hydrophobicity_C3,0.5286877479343314,1.357985903688894e-68,0.3549464901025979,3.332033048582844e-29,1.2599091439780294e-67,2.1994052138866994e-28,0.1737412578317335
SolventAccessibility_T12,149,0.56570184,Hydrophobicity_T12,0.18387261956483805,1.4336892818193877e-08,0.152348917559048,2.804850264111024e-06,3.447460188104215e-08,6.749423546203761e-06,0.03152370200579005
SolventAccessibility_T12,149,0.56570184,Hydrophobicity_T13,0.8103037116870329,3.1537836079322763e-219,0.731038642200974,2.1903294514741314e-157,1.6458808203896567e-217,1.030380333510366e-155,0.07926506948605883
SolventAccessibility_T12,149,0.56570184,Hydrophobicity_T23,-0.4987669495828427,4.379120170134875e-60,-0.4712583686674247,5.655514018682372e-53,3.674940042273991e-59,6.468978363835315e-52,0.02750858091541797
SolventAccessibility_T12,149,0.56570184,Hydrophobicity_group1_D0,-0.12145663959512189,0.00019401479140757,-0.16087349552698504,7.417032247799236e-07,0.00035546319435067676,1.896852044996129e-06,-0.03941685593186316
SolventAccessibility_T12,149,0.56570184,Hydrophobicity_group1_D25,-0.4371611017212239,5.1547187543746497e-45,-0.23638761097607128,2.29453464178485e-13,3.4922435374465176e-44,9.24456659054451e-13,0.20077349074515263
SolventAccessibility_T12,149,0.56570184,Hydrophobicity_group1_D50,-0.08512632319438285,0.009133653808805523,0.0636785557493202,0.05134254873363706,0.01371074324557773,0.07062772354627174,0.021447767445062646
SolventAccessibility_T12,149,0.56570184,Hydrophobicity_group1_D75,-0.11511712691797957,0.00041426085752346533,0.04542616121965403,0.16471826190076394,0.000737543317765658,0.2025675316033342,0.06969096569832553
SolventAccessibility_T12,149,0.56570184,Hydrophobicity_group1_D100,0.34291618575738364,3.0087998407027143e-27,0.25674543209406087,1.4306072528092702e-15,1.3976900511748354e-26,6.388005647570806e-15,0.08617075366332277
SolventAccessibility_T12,149,0.56570184,Hydrophobicity_group2_D0,0.2167355837387701,2.0088548820039867e-11,0.12975991872032577,6.789017949904393e-05,5.710276856079417e-11,0.00013979852005351832,0.08697566501844434
SolventAccessibility_T12,149,0.56570184,Hydrophobicity_group2_D25,0.29170737577113043,7.767905574410253e-20,0.06874261076237019,0.035385167121548336,2.9855931666893264e-19,0.05018533256304519,0.22296476500876022
SolventAccessibility_T12,149,0.56570184,Hydrophobicity_group2_D50,0.02721585833908934,0.4053344961647108,-0.11174136033582455,0.0006111332714289404,0.455830712858631,0.0011172332384086815,-0.08452550199673521
SolventAccessibility_T12,149,0.56570184,Hydrophobicity_group2_D75,0.030939138419675,0.3441366498185714,-0.12435132715760797,0.0001355277234529367,0.3941757237290907,0.00026896173281806807,-0.09341218873793297
SolventAccessibility_T12,149,0.56570184,Hydrophobicity_group2_D100,-0.2520639094318005,4.7902901113511e-15,-0.20357170573539643,3.1936717705042697e-10,1.5872588265786384e-14,1.0366242675883637e-09,0.048492203696404085
SolventAccessibility_T12,149,0.56570184,Hydrophobicity_group3_D0,-0.243891176895566,3.724843668107512e-14,-0.07769166917097589,0.017378578189983857,1.1893860278660697e-13,0.025982296846260557,0.1661995077245901
SolventAccessibility_T12,149,0.56570184,Hydrophobicity_group3_D25,-0.23310388521220018,4.986786721493572e-13,-0.02827396098439585,0.3873152773532857,1.5183106335267575e-12,0.44317678189790144,0.20482992422780433
SolventAccessibility_T12,149,0.56570184,Hydrophobicity_group3_D50,-0.022621001241056933,0.48918646308268804,0.10110886288287996,0.0019430535417631703,0.5385243199394126,0.003316197664531931,-0.07848786164182303
SolventAccessibility_T12,149,0.56570184,Hydrophobicity_group3_D75,0.09804886278216322,0.0026596866031093004,0.15189125972265666,3.006463540542533e-06,0.004287332651730243,7.198271129327642e-06,-0.053842396940493434
SolventAccessibility_T12,149,0.56570184,Hydrophobicity_group3_D100,0.06207857876865258,0.0574922873731464,0.10811381869701994,0.0009173632897572124,0.07620009516917023,0.0016341298068208476,-0.04603523992836736
SolventAccessibility_T12,149,0.56570184,NormVanDerWaalsVolume_C1,-0.6087618936730945,4.28870891350001e-96,-0.42852089512852315,3.886511327084473e-43,6.018608307180687e-95,3.527431476212538e-42,0.18024099854457137
SolventAccessibility_T12,149,0.56570184,NormVanDerWaalsVolume_C2,0.631176725902713,2.8012967415355584e-105,0.4790667560544776,6.300633204313971e-55,4.3721173442657784e-104,7.51575532228881e-54,0.15210996984823538
SolventAccessibility_T12,149,0.56570184,NormVanDerWaalsVolume_C3,0.4008691900835221,1.7509382585583795e-37,0.2075374288790634,1.4147280076460362e-10,1.0556198165315862e-36,4.725191545537761e-10,0.19333176120445872
SolventAccessibility_T12,149,0.56570184,NormVanDerWaalsVolume_T12,-0.15808897170174602,1.1542757604616445e-06,-0.042790734505986215,0.19063773202225076,2.4856744293629224e-06,0.23128587902445244,0.1152982371957598
SolventAccessibility_T12,149,0.56570184,NormVanDerWaalsVolume_T13,-0.09634531583130634,0.00315613333905849,-0.13663180834354036,2.7110290874322885e-05,0.005022146428039712,5.852515534636711e-05,-0.04028649251223401
SolventAccessibility_T12,149,0.56570184,NormVanDerWaalsVolume_T23,0.5088787402643643,7.246435646326959e-63,0.33647591300125007,3.095576750489292e-26,6.205921809931293e-62,1.9361847091075347e-25,0.17240282726311423
SolventAccessibility_T12,149,0.56570184,NormVanDerWaalsVolume_group1_D0,0.18141597576543073,2.241075217449338e-08,0.08602454624464177,0.008423134408445696,5.3086462597736094e-08,0.01328921536334843,0.09539142952078895
SolventAccessibility_T12,149,0.56570184,NormVanDerWaalsVolume_group1_D25,0.2889059741705006,1.7989849854001182e-19,0.11431685415662764,0.0004546906664052449,6.835733619154032e-19,0.0008395062608034925,0.174589120013873
SolventAccessibility_T12,149,0.56570184,NormVanDerWaalsVolume_group1_D50,-0.02951153161637359,0.3668698543569955,-0.13062907417988898,6.05969762578572e-05,0.41735194603282183,0.00012563246474316765,-0.10111754256351538
SolventAccessibility_T12,149,0.56570184,NormVanDerWaalsVolume_group1_D75,0.033742170923469685,0.30217598735953594,-0.10756405780571393,0.000974588021790307,0.352029228385368,0.0017277728199467225,-0.07382188688224425
SolventAccessibility_T12,149,0.56570184,NormVanDerWaalsVolume_group1_D100,-0.19998710179577367,6.573821415135627e-10,-0.14142457244604903,1.3918135290922348e-05,1.6967977995790566e-09,3.11363508852516e-05,0.05856252934972464
SolventAccessibility_T12,149,0.56570184,NormVanDerWaalsVolume_group2_D0,-0.030261855026255523,0.3548075027260136,-0.008902074274381845,0.7855157607478924,0.4054249261392013,0.8117644309709037,0.021359780751873676
SolventAccessibility_T12,149,0.56570184,NormVanDerWaalsVolume_group2_D25,-0.2452578947899336,2.6570048264043106e-14,-0.06143753833399113,0.06012215418107991,8.533073192490767e-14,0.08156295490040898,0.18382035645594247
SolventAccessibility_T12,149,0.56570184,NormVanDerWaalsVolume_group2_D50,0.08408256523726783,0.010026011509928717,0.16841385792597086,2.1552344938346633e-07,0.014942828399447529,5.744998570955926e-07,-0.08433129268870303
SolventAccessibility_T12,149,0.56570184,NormVanDerWaalsVolume_group2_D75,0.17246010474119,1.0849738908724232e-07,0.22619029463628398,2.4604704704764786e-12,2.471905044688877e-07,9.306875845290417e-12,-0.05373018989509398
SolventAccessibility_T12,149,0.56570184,NormVanDerWaalsVolume_group2_D100,0.20843156164254548,1.1747899342318097e-10,0.1602449933081663,8.20111086576617e-07,3.161803690841454e-10,2.0861927107127956e-06,0.048186568334379176
SolventAccessibility_T12,149,0.56570184,NormVanDerWaalsVolume_group3_D0,-0.20989527652686582,8.65062591713157e-11,-0.13662316957649204,2.71423549794978e-05,2.3624767426998723e-10,5.852515534636711e-05,0.07327210695037378
SolventAccessibility_T12,149,0.56570184,NormVanDerWaalsVolume_group3_D25,-0.19811672436762334,9.530576087925704e-10,-0.13352710881657173,4.1271558549760586e-05,2.4411138139318904e-09,8.724494022544326e-05,0.06458961555105161
SolventAccessibility_T12,149,0.56570184,NormVanDerWaalsVolume_group3_D50,-0.07755707582160264,0.017574371018325565,-0.017532592294704177,0.5919547888955939,0.02536663751132558,0.6381952856395364,0.06002448352689846
SolventAccessibility_T12,149,0.56570184,NormVanDerWaalsVolume_group3_D75,-0.10784818253107076,0.000944613693759367,-0.05862604197724575,0.07285830291393511,0.0016039703798455952,0.09718319957369938,0.049222140553825004
SolventAccessibility_T12,149,0.56570184,NormVanDerWaalsVolume_group3_D100,0.20789454109132088,1.3136516511439732e-10,0.17334074853443115,9.324142438653634e-08,3.5270068447113105e-10,2.550584418108365e-07,0.03455379255688973
SolventAccessibility_T12,149,0.56570184,Polarity_C1,0.45076115802420524,4.41718877230328e-48,0.24361933131284189,3.9827538998601306e-14,3.10598115778799e-47,1.6902665852011227e-13,0.20714182671136336
SolventAccessibility_T12,149,0.56570184,Polarity_C2,-0.6691631932851242,1.0665129108527644e-122,-0.5062797309453342,3.8363961729498235e-62,2.047214438073697e-121,5.406566758503127e-61,0.16288346233979
SolventAccessibility_T12,149,0.56570184,Polarity_C3,0.72460457323006,2.4435665552762655e-153,0.5958597506394036,3.9285075589125597e-91,6.975651533865578e-152,8.63237845182102e-90,0.12874482259065645
SolventAccessibility_T12,149,0.56570184,Polarity_T12,-0.6442177157795849,5.576829580880033e-111,-0.5724405272001604,1.1144816767270721e-82,9.40737919198955e-110,2.1030332204906333e-81,0.0717771885794245
SolventAccessibility_T12,149,0.56570184,Polarity_T13,0.7508069490078529,1.3644739660826921e-170,0.6322131108761461,1.0099225654982091e-105,5.120610164849654e-169,2.7877201394743955e-104,0.11859383813170687
SolventAccessibility_T12,149,0.56570184,Polarity_T23,0.04726972080845114,0.14822644273975316,0.09845269255885772,0.002552971945080526,0.18356556127207105,0.004300013261003004,-0.05118297175040658
SolventAccessibility_T12,149,0.56570184,Polarity_group1_D0,-0.1579491894632489,1.1799542923606278e-06,-0.03006433665645608,0.3579583454879724,2.537699508360912e-06,0.4129813036027039,0.12788485280679282
SolventAccessibility_T12,149,0.56570184,Polarity_group1_D25,-0.22019834188315604,9.413674719256096e-12,-0.0654169343562756,0.04529400426446374,2.729311941173208e-11,0.06300790264194457,0.15478140752688044
SolventAccessibility_T12,149,0.56570184,Polarity_group1_D50,-0.046092443768664025,0.1586056467596445,0.05532551175259853,0.09053640011505959,0.19490171456115257,0.1182602958092683,-0.009233067983934508
SolventAccessibility_T12,149,0.56570184,Polarity_group1_D75,-0.0037698500011120054,0.9082523605308319,0.08380723416784847,0.010273969969251598,0.9231239679288776,0.0160350746249067,-0.08003738416673646
SolventAccessibility_T12,149,0.56570184,Polarity_group1_D100,0.011545060206848406,0.7241337402096937,0.0038190491757903143,0.9070603762697321,0.7608073898396908,0.9177769332750395,0.0077260110310580915
SolventAccessibility_T12,149,0.56570184,Polarity_group2_D0,0.21384511380696025,3.745492474912637e-11,0.12165084522953022,0.00018944695240288793,1.0442357985148755e-10,0.00036916734015498583,0.09219426857743003
SolventAccessibility_T12,149,0.56570184,Polarity_group2_D25,0.3367194261596923,2.8372443724217897e-26,0.1292155020116089,7.287277044843921e-05,1.294589645339997e-25,0.00014950556099372662,0.2075039241480834
SolventAccessibility_T12,149,0.56570184,Polarity_group2_D50,0.08094681016422006,0.013190671221709192,-0.08111262661571488,0.013003495269375295,0.01936564478264119,0.019959409099133036,-0.00016581645149481294
SolventAccessibility_T12,149,0.56570184,Polarity_group2_D75,0.04121213968850077,0.20753451361433667,-0.12932296385212635,7.186269531621756e-05,0.2501498648400882,0.00014770547837302564,-0.08811082416362559
SolventAccessibility_T12,149,0.56570184,Polarity_group2_D100,-0.2382096248785498,1.483997159497942e-13,-0.22245221714870556,5.708428361829801e-12,4.636623491789641e-13,2.097486328769146e-11,0.01575740772984424
SolventAccessibility_T12,149,0.56570184,Polarity_group3_D0,-0.08901454012474953,0.006399977599252705,-0.08848308986322231,0.006724070447544965,0.009778556807641371,0.01075593644386982,0.0005314502615272193
SolventAccessibility_T12,149,0.56570184,Polarity_group3_D25,-0.46808858332837566,3.39636282985423e-52,-0.24226722204838286,5.549745044012718e-14,2.5152664859674343e-51,2.3286618652013163e-13,0.2258213612799928
SolventAccessibility_T12,149,0.56570184,Polarity_group3_D50,-0.10944082457930282,0.0007917990980065046,0.08020331465579827,0.014059491182646206,0.0013603955696202294,0.021461241137760774,0.029237509923504545
SolventAccessibility_T12,149,0.56570184,Polarity_group3_D75,-0.07320404268003684,0.025037415731708947,0.09301540846419566,0.004377105352548475,0.03532342511452639,0.007141930570352665,-0.01981136578415882
SolventAccessibility_T12,149,0.56570184,Polarity_group3_D100,0.34305209694397176,2.8626726084877677e-27,0.27604199517410427,7.548651721942001e-18,1.3335183420291693e-26,3.7407265209623564e-17,0.06701010176986749
SolventAccessibility_T12,149,0.56570184,Polarizability_C1,-0.5676058996403318,5.11016482384366e-81,-0.40271115004469443,7.637110492379156e-38,5.805425344094498e-80,6.161340348924246e-37,0.16489474959563738
SolventAccessibility_T12,149,0.56570184,Polarizability_C2,0.5274555845327394,3.1643604179399164e-68,0.4157608478106419,1.8377814282362438e-40,2.9276908021937178e-67,1.569869557623799e-39,0.11169473672209757
SolventAccessibility_T12,149,0.56570184,Polarizability_C3,0.4008691900835221,1.7509382585583795e-37,0.2075374288790634,1.4147280076460362e-10,1.0556198165315862e-36,4.725191545537761e-10,0.19333176120445872
SolventAccessibility_T12,149,0.56570184,Polarizability_T12,-0.44846929153432397,1.4852228328223452e-47,-0.23837230499213155,1.4271118392330966e-13,1.0291793073914177e-46,5.819967696017756e-13,0.21009698654219242
SolventAccessibility_T12,149,0.56570184,Polarizability_T13,-0.057134075766645795,0.0804651468483798,-0.1073892706684181,0.0009934619285336813,0.10400680745881909,0.001757936208076038,-0.0502551949017723
SolventAccessibility_T12,149,0.56570184,Polarizability_T23,0.47610977325416104,3.5071486341616895e-54,0.3049529435007701,1.2882850890186016e-21,2.730507328228448e-53,7.088751560662487e-21,0.17115682975339092
SolventAccessibility_T12,149,0.56570184,Polarizability_group1_D0,0.14560474747937613,7.643038558445997e-06,0.06153225974959118,0.05972740112210089,1.5613302009302526e-05,0.08112627887263806,0.08407248772978496
SolventAccessibility_T12,149,0.56570184,Polarizability_group1_D25,0.24306293895609196,4.5664878299562435e-14,0.0525687567143558,0.10780942697742069,1.4498164783321154e-13,0.13801590115162327,0.19049418224173617
SolventAccessibility_T12,149,0.56570184,Polarizability_group1_D50,0.04765266900202134,0.14496438443000143,-0.14810964587300265,5.294067973473939e-06,0.17992606614500362,1.2365165756225844e-05,-0.10045697687098132
SolventAccessibility_T12,149,0.56570184,Polarizability_group1_D75,0.09861246668858625,0.002511841009982298,-0.051892421939505495,0.11242210170021714,0.0040686464468190475,0.142934838096203,0.04672004474908076
SolventAccessibility_T12,149,0.56570184,Polarizability_group1_D100,-0.014629685801310154,0.6546963662959612,0.0211946128769608,0.5169956114947041,0.6963967717925192,0.571209177106289,-0.006564927075650647
SolventAccessibility_T12,149,0.56570184,Polarizability_group2_D0,0.02118353664315995,0.5172147100147761,-0.02317602042432334,0.4785871817328949,0.5660213405797353,0.5342517336189402,-0.001992483781163387
SolventAccessibility_T12,149,0.56570184,Polarizability_group2_D25,-0.14823741443334992,5.194990464518921e-06,0.010057285561713163,0.7584971299859652,1.0743819288850275e-05,0.7899533564556045,0.13818012887163675
SolventAccessibility_T12,149,0.56570184,Polarizability_group2_D50,-0.10283644595092101,0.001621404295145419,0.10175125023718204,0.0018171759955981043,0.0026902584926903625,0.003117292154749701,0.0010851957137389678
SolventAccessibility_T12,149,0.56570184,Polarizability_group2_D75,0.037371182258781395,0.25311286840773356,0.13538780060834268,3.21174931903739e-05,0.3002119959097408,6.88084844489088e-05,-0.0980166183495613
SolventAccessibility_T12,149,0.56570184,Polarizability_group2_D100,-0.14412571572476005,9.466759416015761e-06,-0.12756439500159802,9.018006908427131e-05,1.9209584720226395e-05,0.00018254632166149465,0.01656132072316202
SolventAccessibility_T12,149,0.56570184,Polarizability_group3_D0,-0.20989527652686582,8.65062591713157e-11,-0.13662316957649204,2.71423549794978e-05,2.3624767426998723e-10,5.852515534636711e-05,0.07327210695037378
SolventAccessibility_T12,149,0.56570184,Polarizability_group3_D25,-0.19811672436762334,9.530576087925704e-10,-0.13352710881657173,4.1271558549760586e-05,2.4411138139318904e-09,8.724494022544326e-05,0.06458961555105161
SolventAccessibility_T12,149,0.56570184,Polarizability_group3_D50,-0.07755707582160264,0.017574371018325565,-0.017532592294704177,0.5919547888955939,0.02536663751132558,0.6381952856395364,0.06002448352689846
SolventAccessibility_T12,149,0.56570184,Polarizability_group3_D75,-0.10784818253107076,0.000944613693759367,-0.05862604197724575,0.07285830291393511,0.0016039703798455952,0.09718319957369938,0.049222140553825004
SolventAccessibility_T12,149,0.56570184,Polarizability_group3_D100,0.20789454109132088,1.3136516511439732e-10,0.17334074853443115,9.324142438653634e-08,3.5270068447113105e-10,2.550584418108365e-07,0.03455379255688973
SolventAccessibility_T12,149,0.56570184,Charge_C1,0.53491441415775,1.7904132855801343e-70,0.4284160461005909,4.092695059231951e-43,1.748532273051944e-69,3.7044990509037173e-42,0.10649836805715907
SolventAccessibility_T12,149,0.56570184,Charge_C2,-0.7024154437300172,3.201482135958137e-140,-0.5845416055892955,5.824966521097233e-87,8.03981228127833e-139,1.2009498876830098e-85,0.11787383814072172
SolventAccessibility_T12,149,0.56570184,Charge_C3,0.6495063774929507,2.260229162402679e-113,0.5192540432700129,8.082875239504351e-66,3.9732449486447096e-112,1.2052144330332381e-64,0.1302523342229378
SolventAccessibility_T12,149,0.56570184,Charge_T12,0.48808123675060266,3.0262216240063704e-57,0.4189758868802778,3.9917802585490805e-41,2.4532961709177857e-56,3.4451023420035993e-40,0.06910534987032485
SolventAccessibility_T12,149,0.56570184,Charge_T13,0.5367403384072382,4.94530068146462e-71,0.39449804252050313,2.966788920782226e-36,4.858030669438773e-70,2.3425709209013323e-35,0.1422422958867351
SolventAccessibility_T12,149,0.56570184,Charge_T23,0.6374241150770078,5.631974920455393e-108,0.5169647132547115,3.696987261651801e-65,9.087341176000489e-107,5.4879722017408956e-64,0.12045940182229631
SolventAccessibility_T12,149,0.56570184,Charge_group1_D0,-0.06411985599414682,0.04974649094262136,-0.04587376985567654,0.1605926136233342,0.06680871722893258,0.19829180388241635,0.018246086138470285
SolventAccessibility_T12,149,0.56570184,Charge_group1_D25,-0.11424953459045971,0.000458254144881216,-0.02488263853159844,0.4467944744821822,0.0008106826503724903,0.5033030505128123,0.08936689605886126
SolventAccessibility_T12,149,0.56570184,Charge_group1_D50,0.05739777885446629,0.07907565107779659,0.09938269711004473,0.0023219213314135526,0.10236925372086846,0.003928681482736204,-0.041984918255578436
SolventAccessibility_T12,149,0.56570184,Charge_group1_D75,-0.07124185226182699,0.02921258712173874,-0.002971389022291996,0.9276242081308043,0.04068809048649182,0.9351840794315986,0.06827046323953499
SolventAccessibility_T12,149,0.56570184,Charge_group1_D100,0.20874161404529185,1.1012532897001934e-10,0.20273854889762902,3.781624251250534e-10,2.975878630743241e-10,1.2215304641370196e-09,0.006003065147662828
SolventAccessibility_T12,149,0.56570184,Charge_group2_D0,0.011459147026297347,0.7261038218406061,0.004382850407799104,0.8934163295507056,0.7626373474678064,0.9072698512311818,0.007076296618498243
SolventAccessibility_T12,149,0.56570184,Charge_group2_D25,0.15224679042508352,2.8486854985859508e-06,0.04968241838267938,0.1285838883263339,5.987797083245485e-06,0.16121253266139463,0.10256437204240414
SolventAccessibility_T12,149,0.56570184,Charge_group2_D50,-0.06050216793093971,0.06413750192698142,-0.07602628061274527,0.01994070149626948,0.08427193408187174,0.029537376522465388,-0.015524112681805563
SolventAccessibility_T12,149,0.56570184,Charge_group2_D75,0.009895909052793063,0.762254669335952,-0.013589365396564542,0.6778194065637185,0.7953547627560387,0.7175647600389287,-0.0036934563437714795
SolventAccessibility_T12,149,0.56570184,Charge_group2_D100,-0.1757842100333937,6.098899801357894e-08,-0.06748438768571438,0.03889224239149279,1.3990608060807257e-07,0.0547408721397328,0.10829982234767932
SolventAccessibility_T12,149,0.56570184,Charge_group3_D0,-0.19898290106575564,8.028141954654565e-10,-0.25754846844967116,1.1598875381949037e-15,2.065793076159187e-09,5.193062168325709e-15,-0.05856556738391552
SolventAccessibility_T12,149,0.56570184,Charge_group3_D25,-0.35697892505478185,1.5271005942875322e-29,-0.27420619908399313,1.2664211645690019e-17,7.612710425254265e-29,6.211228619178365e-17,0.08277272597078872
SolventAccessibility_T12,149,0.56570184,Charge_group3_D50,-0.09228464351871085,0.004696593235324784,-0.09706905979782264,0.0029357332946255347,0.007306297813686435,0.004878283186094172,-0.004784416279111789
SolventAccessibility_T12,149,0.56570184,Charge_group3_D75,0.0031684497532186206,0.9228387909254029,-0.01414479867314078,0.6654344420196545,0.9357068449705456,0.7064688608854565,-0.01097634891992216
SolventAccessibility_T12,149,0.56570184,Charge_group3_D100,0.24736149282213432,1.573322055652204e-14,0.17458747334572305,7.51393838064346e-08,5.1018404523090886e-14,2.072382674760459e-07,0.07277401947641127
SolventAccessibility_T12,149,0.56570184,SecondaryStructure_C1,0.6035530364684137,4.6013569919871026e-94,0.43499588535233824,1.5409150000744001e-44,6.272870348259969e-93,1.4621182102978684e-43,0.1685571511160755
SolventAccessibility_T12,149,0.56570184,SecondaryStructure_C2,-0.3875469480565218,6.065108709541119e-35,-0.32794518114474197,6.241199335589575e-25,3.4276587292499725e-34,3.755965005562014e-24,0.05960176691177982
SolventAccessibility_T12,149,0.56570184,SecondaryStructure_C3,-0.5416500313572946,1.495008180184528e-72,-0.32934195008220635,3.841378261989339e-25,1.5177286692450832e-71,2.3201091130279192e-24,0.21230808127508827
SolventAccessibility_T12,149,0.56570184,SecondaryStructure_T12,0.3929562104831969,5.830364901847979e-36,0.21172974255670438,5.876127519368053e-11,3.34594824264128e-35,2.027506809368729e-10,0.18122646792649252
SolventAccessibility_T12,149,0.56570184,SecondaryStructure_T13,0.41708353528041653,9.825414494275252e-41,0.2987884196503063,8.914529845187817e-21,6.262764200549493e-40,4.825693627702967e-20,0.11829511563011025
SolventAccessibility_T12,149,0.56570184,SecondaryStructure_T23,-0.5630190024561473,1.817337655544918e-79,-0.39319183565796184,5.2596534443166655e-36,2.036881801852358e-78,4.133468824474744e-35,0.1698271667981855
SolventAccessibility_T12,149,0.56570184,SecondaryStructure_group1_D0,-0.025915990769420603,0.4281423871760514,0.01772922096168095,0.5878063103319456,0.4795424457303862,0.6345420415348088,0.008186769807739653
SolventAccessibility_T12,149,0.56570184,SecondaryStructure_group1_D25,0.11465779091292744,0.0004370367157900764,0.10984434047099131,0.000756899068203242,0.0007756124499143757,0.0013679885756487167,0.0048134504419361235
SolventAccessibility_T12,149,0.56570184,SecondaryStructure_group1_D50,0.18572761491415768,1.0190878042993734e-08,0.11802924517388151,0.0002937285548236007,2.4863062573848846e-08,0.0005580508379470001,0.06769836974027617
SolventAccessibility_T12,149,0.56570184,SecondaryStructure_group1_D75,0.2903759661816164,1.1591873490130075e-19,0.2258417743910344,2.662995616703598e-12,4.445104185652635e-19,1.0038832234525979e-11,0.06453419179058198
SolventAccessibility_T12,149,0.56570184,SecondaryStructure_group1_D100,0.35525127177287724,2.9651999559351467e-29,0.3070550230373484,6.590349064804039e-22,1.473774978098719e-28,3.6564395143597164e-21,0.04819624873552886
SolventAccessibility_T12,149,0.56570184,SecondaryStructure_group2_D0,-0.03499918878002302,0.28451178183284936,0.023287650568350096,0.47647059738395386,0.33424880454509914,0.5320667988172537,0.011711538211672923
SolventAccessibility_T12,149,0.56570184,SecondaryStructure_group2_D25,-0.048030502076993026,0.14179999221524653,-0.10788198312137734,0.0009411051490285952,0.17632612583727603,0.001670186608796763,-0.059851481044384314
SolventAccessibility_T12,149,0.56570184,SecondaryStructure_group2_D50,-0.03357431311722282,0.30458879175986253,-0.015269929582263682,0.6406266774423934,0.3544691862292477,0.6842638639774845,0.01830438353495914
SolventAccessibility_T12,149,0.56570184,SecondaryStructure_group2_D75,-0.17965562194813117,3.075020591087911e-08,-0.08533470892811777,0.008964217253155264,7.232794911432128e-08,0.014089640294371097,0.0943209130200134
SolventAccessibility_T12,149,0.56570184,SecondaryStructure_group2_D100,-0.21559957869497817,2.5688627633149544e-11,-0.20127285874503287,5.081874185487202e-10,7.258884627302832e-11,1.632063440339159e-09,0.014326719949945305
SolventAccessibility_T12,149,0.56570184,SecondaryStructure_group3_D0,0.11689692144396223,0.0003360571540705391,0.0522805819119608,0.10975618048541658,0.000601839621767078,0.13991818428293565,0.06461633953200144
SolventAccessibility_T12,149,0.56570184,SecondaryStructure_group3_D25,0.03313937071234564,0.310899951460065,0.015930709845683216,0.6262397271452056,0.36131031241357586,0.6708276743633697,0.017208660866662426
SolventAccessibility_T12,149,0.56570184,SecondaryStructure_group3_D50,-0.21178488283996466,5.807898633355375e-11,-0.15084480731420521,3.5209174134790196e-06,1.6018481779857104e-10,8.37001007901774e-06,0.060940075525759446
SolventAccessibility_T12,149,0.56570184,SecondaryStructure_group3_D75,-0.10311098938576031,0.0015750476384911122,-0.08181428576519535,0.012237164979505081,0.002617243339582246,0.01885245896289067,0.02129670362056496
SolventAccessibility_T12,149,0.56570184,SecondaryStructure_group3_D100,-0.2153735353229823,2.6972415086027385e-11,-0.17035914593565774,1.552641628945443e-07,7.583874865565317e-11,4.1787453994180336e-07,0.04501438938732458
SolventAccessibility_T12,149,0.56570184,SolventAccessibility_C1,0.13548773097806352,3.168489811271311e-05,0.09649828837253972,0.00310833142065206,6.177907746436765e-05,0.00514206386576418,0.0389894426055238
SolventAccessibility_T12,149,0.56570184,SolventAccessibility_C2,0.724977430436866,1.4342359750344583e-153,0.613854812154602,4.075146121859612e-98,4.129610479840595e-152,1.055115352481481e-96,0.111122618282264
SolventAccessibility_T12,149,0.56570184,SolventAccessibility_C3,-0.8375724537093832,1.0253957585259603e-247,-0.7545703357180091,3.0137472219004427e-173,6.115753274065549e-246,1.5251387456284057e-171,0.08300211799137402
SolventAccessibility_T12,149,0.56570184,SolventAccessibility_T12,1.0,0.0,0.9999999999999999,0.0,0.0,0.0,1.1102230246251565e-16
SolventAccessibility_T12,149,0.56570184,SolventAccessibility_T13,-0.7372353634198003,2.1373774892586582e-161,-0.6610000703267996,9.699512251112809e-119,6.930913411770795e-160,3.3057521345629364e-117,0.0762352930930007
SolventAccessibility_T12,149,0.56570184,SolventAccessibility_T23,-0.1939139231750533,2.167016697246887e-09,-0.22793902176377376,1.651188852698212e-12,5.462517561361964e-09,6.3317689644225345e-12,-0.034025098588720465
SolventAccessibility_T12,149,0.56570184,SolventAccessibility_group1_D0,0.008510861593848415,0.7947262394895843,-0.011494270529164682,0.7252981826626973,0.823320607907944,0.7610731794198583,-0.002983408935316267
SolventAccessibility_T12,149,0.56570184,SolventAccessibility_group1_D25,0.3000717229314278,5.982421346216193e-21,0.2163864917256784,2.1668495277082688e-11,2.3758962302451947e-20,7.691049333204695e-11,0.08368523120574942
SolventAccessibility_T12,149,0.56570184,SolventAccessibility_group1_D50,0.2731563583987168,1.69948500949838e-17,0.15482885842257157,1.9187607520979984e-06,6.116680960910118e-17,4.701878878948873e-06,0.11832749997614525
SolventAccessibility_T12,149,0.56570184,SolventAccessibility_group1_D75,0.31194668490728145,1.3560776496464434e-22,0.21886629709714925,1.2619593971966317e-11,5.626458819651081e-22,4.537076842450753e-11,0.0930803878101322
SolventAccessibility_T12,149,0.56570184,SolventAccessibility_group1_D100,-0.008623612667121309,0.7920687016347843,0.007517022564707575,0.8182506184193626,0.8208220488551596,0.8424651866586532,0.001106590102413734
SolventAccessibility_T12,149,0.56570184,SolventAccessibility_group2_D0,-0.12145663959512189,0.00019401479140757,-0.16087349552698504,7.417032247799236e-07,0.00035546319435067676,1.896852044996129e-06,-0.03941685593186316
SolventAccessibility_T12,149,0.56570184,SolventAccessibility_group2_D25,-0.4371611017212239,5.1547187543746497e-45,-0.23638761097607128,2.29453464178485e-13,3.4922435374465176e-44,9.24456659054451e-13,0.20077349074515263
SolventAccessibility_T12,149,0.56570184,SolventAccessibility_group2_D50,-0.08512632319438285,0.009133653808805523,0.0636785557493202,0.05134254873363706,0.01371074324557773,0.07062772354627174,0.021447767445062646
SolventAccessibility_T12,149,0.56570184,SolventAccessibility_group2_D75,-0.11511712691797957,0.00041426085752346533,0.04542616121965403,0.16471826190076394,0.000737543317765658,0.2025675316033342,0.06969096569832553
SolventAccessibility_T12,149,0.56570184,SolventAccessibility_group2_D100,0.34291618575738364,3.0087998407027143e-27,0.25674543209406087,1.4306072528092702e-15,1.3976900511748354e-26,6.388005647570806e-15,0.08617075366332277
SolventAccessibility_T12,149,0.56570184,SolventAccessibility_group3_D0,-0.18903222750633233,5.500066295055324e-09,-0.08835992431945441,0.006801251095637162,1.3607571426285023e-08,0.010863787020290826,0.10067230318687792
SolventAccessibility_T12,149,0.56570184,SolventAccessibility_group3_D25,-0.09974864660958979,0.0022363702691533954,-0.13513768640255883,3.322492036072365e-05,0.0036507706251086712,7.108983600564829e-05,-0.035389039792969035
SolventAccessibility_T12,149,0.56570184,SolventAccessibility_group3_D50,-0.18825853672266404,6.360753522928736e-09,-0.1609918727133439,7.277653648918477e-07,1.5667342748216797e-08,1.8654921862922268e-06,0.027266664009320152
SolventAccessibility_T12,149,0.56570184,SolventAccessibility_group3_D75,-0.07235320787210774,0.02677987650524113,-0.1330418935731556,4.403700150607537e-05,0.03756605944036345,9.268026781996958e-05,-0.060688685701047865
SolventAccessibility_T12,149,0.56570184,SolventAccessibility_group3_D100,-0.2847321030879156,6.178601899510955e-19,-0.20491076637254182,2.4304333544644513e-10,2.2980546040497315e-18,7.966287933180831e-10,0.07982133671537375
Polarity_T13,66,0.54457134,AAC_A,-0.6348052479497261,7.738847723605007e-107,-0.6611124655261165,8.572117018382779e-119,1.2367345165952498e-105,2.9516361692163385e-117,-0.026307217576390318
Polarity_T13,66,0.54457134,AAC_C,-0.16074057106205777,7.576599035712443e-07,-0.13392898937016998,3.9106459746726205e-05,1.6453732626319608e-06,8.29832119149082e-05,0.026811581691887798
Polarity_T13,66,0.54457134,AAC_D,0.333456501192453,9.061203112544463e-26,0.24466452146315065,3.0775175451201686e-14,4.0897862697160146e-25,1.307749185839868e-13,0.08879197972930236
Polarity_T13,66,0.54457134,AAC_E,0.6399602383097798,4.345287400785134e-109,0.49805152457158586,6.833666220637288e-60,7.184782137931855e-108,8.744998152079901e-59,0.14190871373819391
Polarity_T13,66,0.54457134,AAC_F,0.40977756856419745,3.015443712169182e-39,0.38506564368850105,1.750235610407836e-34,1.8931545110235091e-38,1.3316143368478753e-33,0.0247119248756964
Polarity_T13,66,0.54457134,AAC_G,-0.5933533351297616,3.4057096219750536e-90,-0.5857710177804591,2.090043349317097e-87,4.3416298234338465e-89,4.3358663271547236e-86,0.007582317349302481
Polarity_T13,66,0.54457134,AAC_H,0.5095939993304558,4.5691210879462915e-63,0.3563108311399445,1.9747963826210315e-29,3.923101396848487e-62,1.3191639835908492e-28,0.1532831681905113
Polarity_T13,66,0.54457134,AAC_I,0.5902371005598633,4.86368009851487e-89,0.5428351252684583,6.36915728242745e-73,6.107026890616416e-88,1.0583574787715267e-71,0.047401975291404996
Polarity_T13,66,0.54457134,AAC_K,0.6551563873733317,5.56006127631522e-116,0.5629481231150826,1.9196071821980412e-79,1.0038164682644777e-114,3.4656691829953826e-78,0.09220826425824913
Polarity_T13,66,0.54457134,AAC_L,0.4745167040173338,8.782378750931249e-54,0.3581309618664126,9.788297016208285e-30,6.727785556906048e-53,6.585080385520822e-29,0.11638574215092123
Polarity_T13,66,0.54457134,AAC_M,0.4125913032714629,8.147385569779196e-40,0.3235264408549634,2.850310293336767e-24,5.144095993017489e-39,1.6849621911052746e-23,0.08906486241649947
Polarity_T13,66,0.54457134,AAC_N,0.20866557855324772,1.1188599398389509e-10,0.2544895748262747,2.5689649954803344e-15,3.021012287034839e-10,1.139487793479989e-14,-0.045823996273026996
Polarity_T13,66,0.54457134,AAC_P,-0.5239551738374804,3.433818735616422e-67,-0.3394969502981504,1.0443219524187908e-26,3.133594146710068e-66,6.643876802054784e-26,0.18445822353932995
Polarity_T13,66,0.54457134,AAC_Q,0.1925973593269216,2.7925196785898304e-09,0.16569694183972117,3.386037654938192e-07,7.002264058926452e-09,8.884026525917958e-07,0.02690041748720043
Polarity_T13,66,0.54457134,AAC_R,-0.14116251410404626,1.444304352107889e-05,-0.0836615173358937,0.010407392957937026,2.888608704215778e-05,0.016213009552010108,0.057500996768152554
Polarity_T13,66,0.54457134,AAC_S,-0.5127125307737646,6.03913151266033e-64,-0.318123676278941,1.7647257043292987e-23,5.280287762378403e-63,1.0162385952516996e-22,0.19458885449482355
Polarity_T13,66,0.54457134,AAC_T,-0.6856707157756335,4.2019709608113317e-131,-0.5494448542166134,5.127849336409098e-75,8.99652756994221e-130,8.828359166807417e-74,0.13622586155902017
Polarity_T13,66,0.54457134,AAC_V,-0.1388567918388161,1.994769582621613e-05,-0.18580725834650258,1.0041832475531625e-08,3.942325683997743e-05,2.9707458342139616e-08,-0.04695046650768647
Polarity_T13,66,0.54457134,AAC_W,-0.1745825216013968,7.520405915265373e-08,-0.1151456421534438,0.00041288409072294226,1.718068109232992e-07,0.000764430633600126,0.059436879447953006
Polarity_T13,66,0.54457134,AAC_Y,0.23600349013101848,2.5141671249707273e-13,0.2365933605729724,2.184747726260679e-13,7.775294627224286e-13,8.834209934274416e-13,-0.0005898704419539103
Polarity_T13,66,0.54457134,Hydrophobicity_C1,0.8528729325500175,3.976272181046738e-266,0.7956414075316198,9.370936977385678e-206,2.5058017140936047e-264,5.589094554369316e-204,0.05723152501839768
Polarity_T13,66,0.54457134,Hydrophobicity_C2,-0.9022205618996838,0.0,-0.8574748000905964,4.455029224651398e-272,0.0,3.915736213246228e-270,0.0447457618090874
Polarity_T13,66,0.54457134,Hydrophobicity_C3,0.7379991844885972,6.724104470143359e-162,0.6462395997678001,6.87761038055303e-112,2.2236147455721602e-160,2.0882926064588292e-110,0.09175958472079715
Polarity_T13,66,0.54457134,Hydrophobicity_T12,-0.09028067780405402,0.0056836857094016,-0.18141906114295242,2.2398268045052017e-08,0.008752194683910254,6.482687631756823e-08,-0.0911383833388984
Polarity_T13,66,0.54457134,Hydrophobicity_T13,0.9611022379866457,0.0,0.946391982023718,0.0,0.0,0.0,0.014710255962927743
Polarity_T13,66,0.54457134,Hydrophobicity_T23,-0.489070208442723,1.668409132451506e-57,-0.45816244765367437,8.2554085778452495e-50,1.3558361319678906e-56,8.865937186496184e-49,0.03090776078904861
Polarity_T13,66,0.54457134,Hydrophobicity_group1_D0,-0.029731356854600405,0.363309745887578,-0.0485053860942625,0.13789825055378885,0.41400701169038223,0.17205086172941902,-0.018774029239662093
Polarity_T13,66,0.54457134,Hydrophobicity_group1_D25,-0.3815501906235997,7.734626497072678e-34,-0.1639675668560932,4.497061380707349e-07,4.2559559308439446e-33,1.1707081069027705e-06,0.21758262376750648
Polarity_T13,66,0.54457134,Hydrophobicity_group1_D50,-0.09690549937136693,0.002984278184346032,0.0461246394120407,0.15831467911408173,0.004765049576032642,0.19605896486504745,0.05078085995932623
Polarity_T13,66,0.54457134,Hydrophobicity_group1_D75,-0.08597328689797264,0.008462313548805469,0.07897490729431757,0.015605714629211287,0.012760328330930142,0.023585107177179047,0.006998379603655069
Polarity_T13,66,0.54457134,Hydrophobicity_group1_D100,0.2749115541967209,1.0385838710164587e-17,0.1725981914171614,1.0595519349251731e-07,3.75418845150971e-17,2.8912609988971227e-07,0.10231336277955952
Polarity_T13,66,0.54457134,Hydrophobicity_group2_D0,0.3801428336226098,1.3950540485292998e-33,0.3326505475277359,1.2045224094546975e-25,7.625991034513684e-33,7.341432203610748e-25,0.04749228609487394
Polarity_T13,66,0.54457134,Hydrophobicity_group2_D25,0.3281717092979652,5.76976324354332e-25,0.12154739953971053,0.00019186734769975565,2.5592309738957095e-24,0.0003736658549954425,0.20662430975825466
Polarity_T13,66,0.54457134,Hydrophobicity_group2_D50,0.04291141117823441,0.18938891958531515,-0.08948062570754053,0.006127371448745913,0.22960398962430223,0.009862853319909083,-0.046569214529306124
Polarity_T13,66,0.54457134,Hydrophobicity_group2_D75,0.003068289832070255,0.9252707341327537,-0.15582590618523326,1.6443609757753734e-06,0.9372647027740241,4.047284936691044e-06,-0.152757616353163
Polarity_T13,66,0.54457134,Hydrophobicity_group2_D100,-0.38739433011598245,6.475330164801564e-35,-0.36949557095268204,1.1021151970930265e-31,3.6533112754116936e-34,7.782377924504669e-31,0.017898759163300415
Polarity_T13,66,0.54457134,Hydrophobicity_group3_D0,-0.22233728522984575,5.856678240037733e-12,-0.05297584781272557,0.10510597106389549,1.7114002906147005e-11,0.1349688363527147,0.16936143741712018
Polarity_T13,66,0.54457134,Hydrophobicity_group3_D25,-0.2553972099592141,2.0312616784709173e-15,-0.06109513481984728,0.06156718184481194,6.846028260436795e-15,0.08338782942484667,0.19430207513936681
Polarity_T13,66,0.54457134,Hydrophobicity_group3_D50,-0.08542490556884456,0.008891752323247711,0.021234023651181377,0.5162164179941059,0.013371658153825914,0.5705370073131415,0.06419088191766319
Polarity_T13,66,0.54457134,Hydrophobicity_group3_D75,0.018122596589763066,0.5795474085239232,0.05350894420862864,0.10164728175562746,0.6260311592722844,0.13108182280455433,-0.03538634761886557
Polarity_T13,66,0.54457134,Hydrophobicity_group3_D100,0.02643766318333053,0.4189006707202332,0.06370856715847602,0.05123266605821837,0.47013717748843376,0.0705346680273905,-0.037270903975145486
Polarity_T13,66,0.54457134,NormVanDerWaalsVolume_C1,-0.8980906451257612,0.0,-0.8522042774794564,2.8001060785481044e-265,0.0,2.3380885755876672e-263,0.045886367646304826
Polarity_T13,66,0.54457134,NormVanDerWaalsVolume_C2,0.7974311399229038,2.4384959190911358e-207,0.7164617249508393,2.229492607509768e-148,1.163510909966342e-205,9.798033301424506e-147,0.08096941497206456
Polarity_T13,66,0.54457134,NormVanDerWaalsVolume_C3,0.751335621531235,5.817815991849849e-171,0.6815185903205034,6.162407797717177e-129,2.2594773735788949e-169,2.421463769926514e-127,0.06981703121073157
Polarity_T13,66,0.54457134,NormVanDerWaalsVolume_T12,-0.45062849462702137,4.739583651132844e-48,-0.4075157468771402,8.556308725304603e-39,3.3256742426016176e-47,7.056313862349969e-38,0.043112747749881164
Polarity_T13,66,0.54457134,NormVanDerWaalsVolume_T13,-0.07519241417278213,0.021343015733005143,-0.10979841646005373,0.0007607978587112084,0.030399007483256794,0.0013720652527513153,-0.03460600228727159
Polarity_T13,66,0.54457134,NormVanDerWaalsVolume_T23,0.8348679823654159,1.164073468226009e-244,0.7842957819707169,4.584728986900586e-196,6.703457558404949e-243,2.552165802707993e-194,0.05057220039469901
Polarity_T13,66,0.54457134,NormVanDerWaalsVolume_group1_D0,0.37742196249161525,4.327806084528424e-33,0.3294552658600409,3.6926568065017285e-25,2.3351974672576633e-32,2.2383799879701947e-24,0.047966696631574324
Polarity_T13,66,0.54457134,NormVanDerWaalsVolume_group1_D25,0.35216475540801384,9.604804349110798e-29,0.1990887240099893,7.861214588929942e-10,4.745569012726341e-28,2.4864068870289777e-09,0.15307603139802453
Polarity_T13,66,0.54457134,NormVanDerWaalsVolume_group1_D50,-0.004027412138561244,0.902014562915697,-0.09724799468205075,0.002883450215709037,0.9187949497219969,0.004805750359515062,-0.09322058254348951
Polarity_T13,66,0.54457134,NormVanDerWaalsVolume_group1_D75,-0.0009498368323286586,0.9768357721644166,-0.14765068283280272,5.665077881396039e-06,0.9794750762621289,1.3222473881106057e-05,-0.14670084600047406
Polarity_T13,66,0.54457134,NormVanDerWaalsVolume_group1_D100,-0.3738986185426297,1.8452415405650553e-32,-0.35490811584278925,3.3812965231425556e-29,9.845218443270422e-32,2.227520786448942e-28,0.018990502699840428
Polarity_T13,66,0.54457134,NormVanDerWaalsVolume_group2_D0,0.016904496719351642,0.6052954002926858,0.047914761368825394,0.1427636532339451,0.6490165768788348,0.17785550235038294,-0.031010264649473752
Polarity_T13,66,0.54457134,NormVanDerWaalsVolume_group2_D25,-0.2561931999407442,1.6519153702210795e-15,-0.0788005499697737,0.01583687197728984,5.584410259654257e-15,0.023902011931381865,0.17739264997097048
Polarity_T13,66,0.54457134,NormVanDerWaalsVolume_group2_D50,0.01392372671009029,0.6703531940114004,0.08100026788667719,0.013130069243211015,0.7105616210720651,0.02014443328999761,-0.0670765411765869
Polarity_T13,66,0.54457134,NormVanDerWaalsVolume_group2_D75,0.11168417886866759,0.0006151161838901001,0.15080259897565682,3.543342608282279e-06,0.0010711616549493922,8.411346348019056e-06,-0.039118420106989224
Polarity_T13,66,0.54457134,NormVanDerWaalsVolume_group2_D100,0.17917648764256988,3.349725114778535e-08,0.12476017285486947,0.0001287504788521431,7.851285532182671e-08,0.00025627330117172705,0.05441631478770041
Polarity_T13,66,0.54457134,NormVanDerWaalsVolume_group3_D0,-0.17026041572201323,1.578842995013185e-07,-0.08870992243600341,0.006583981812016363,3.5678860645088213e-07,0.010547002039393119,0.08155049328600981
Polarity_T13,66,0.54457134,NormVanDerWaalsVolume_group3_D25,-0.17787405960889863,4.222002233428741e-08,-0.10937621649659643,0.0007975235992514943,9.779117517095698e-08,0.0014344258597199736,0.0684978431123022
Polarity_T13,66,0.54457134,NormVanDerWaalsVolume_group3_D50,-0.07970906960038529,0.014664588179596528,-0.021141664608832,0.5180434124880551,0.021397870039254,0.5719884289950757,0.05856740499155329
Polarity_T13,66,0.54457134,NormVanDerWaalsVolume_group3_D75,-0.043263153069480316,0.18578330668413404,0.01936072155392388,0.5539142768553311,0.225560248755001,0.6022375275705749,0.023902431515556436
Polarity_T13,66,0.54457134,NormVanDerWaalsVolume_group3_D100,0.17870923903934438,3.640424873456391e-08,0.13773796947416397,2.3288835777768206e-05,8.508760725923266e-08,5.067407915162594e-05,0.04097126956518041
Polarity_T13,66,0.54457134,Polarity_C1,0.7924415436485759,5.832661057114186e-203,0.7195726165191874,2.9788767834172984e-150,2.7438152015156873e-201,1.3818678411963578e-148,0.07286892712938853
Polarity_T13,66,0.54457134,Polarity_C2,-0.9259545087852208,0.0,-0.8904359786310854,6.3e-322,0.0,6.8137e-320,0.03551853015413542
Polarity_T13,66,0.54457134,Polarity_C3,0.8812258428360585,1.6026929277470083e-306,0.8268422336424194,6.54097244960093e-236,1.3382485946687518e-304,4.7493147786232845e-234,0.05438360919363916
Polarity_T13,66,0.54457134,Polarity_T12,-0.7145964377531832,2.8832018899082533e-147,-0.6637191106651898,4.8086387578527e-120,7.642773263725053e-146,1.690616152760844e-118,0.05087732708799331
Polarity_T13,66,0.54457134,Polarity_T13,1.0,0.0,1.0,0.0,0.0,0.0,0.0
Polarity_T13,66,0.54457134,Polarity_T23,-0.38686371449333085,8.127674422977187e-35,-0.42935434217849106,2.5752981934350406e-43,4.570106493727914e-34,2.3695581173754918e-42,-0.04249062768516021
Polarity_T13,66,0.54457134,Polarity_group1_D0,-0.1320969706669356,4.993371817502782e-05,-5.837150024540845e-05,0.9985762610354337,9.584978086470857e-05,0.9985762610354337,0.1320385991666902
Polarity_T13,66,0.54457134,Polarity_group1_D25,-0.2289743227099451,1.3018782116592928e-12,-0.07916683014627349,0.015354701131587366,3.892813990100302e-12,0.02323729124580961,0.14980749256367162
Polarity_T13,66,0.54457134,Polarity_group1_D50,-0.10467508079035776,0.0013333970521321233,-0.01850202564101478,0.5716331948716475,0.0022301182544423094,0.619284745660494,0.08617305514934298
Polarity_T13,66,0.54457134,Polarity_group1_D75,-0.05567634126426095,0.08850735300787475,0.01861681982699525,0.5692489436449515,0.11374165411554508,0.6171020680863804,0.0370595214372657
Polarity_T13,66,0.54457134,Polarity_group1_D100,0.02536714766585124,0.4379921495715214,0.02067700074375351,0.5272855210745314,0.4887717272198067,0.5791297732288506,0.004690146922097727
Polarity_T13,66,0.54457134,Polarity_group2_D0,0.41418621024309454,3.858828256259044e-40,0.37061447441737644,7.016527732329241e-32,2.4502825809705718e-39,4.975626884496744e-31,0.043571735825718105
Polarity_T13,66,0.54457134,Polarity_group2_D25,0.39216740569611475,8.22628878832747e-36,0.20694020471497165,1.6009651214915537e-10,4.696718727010898e-35,5.320620403762974e-10,0.1852272009811431
Polarity_T13,66,0.54457134,Polarity_group2_D50,0.102313247953806,0.0017132343731032379,-0.051193283712716954,0.11735216689573019,0.002831371997112724,0.14858083299156136,0.05111996424108905
Polarity_T13,66,0.54457134,Polarity_group2_D75,-0.018778124838507583,0.5659067050387125,-0.20089701469656385,5.479988150277262e-10,0.6132798166220961,1.7548571833102644e-09,-0.18211888985805627
Polarity_T13,66,0.54457134,Polarity_group2_D100,-0.39853897967548846,4.964670255805339e-37,-0.41700237089915704,1.0211116100690841e-40,2.9505335683967673e-36,8.767385032469771e-40,-0.01846339122366858
Polarity_T13,66,0.54457134,Polarity_group3_D0,-0.03156457971664036,0.3344662262778776,-0.018572022637385797,0.5701788077510821,0.38490154683370265,0.6179095450644433,0.012992557079254563
Polarity_T13,66,0.54457134,Polarity_group3_D25,-0.41818374237118067,5.824006402311366e-41,-0.17585326534576695,6.025647439147617e-08,3.726471529448269e-40,1.6757420854915105e-07,0.24233047702541372
Polarity_T13,66,0.54457134,Polarity_group3_D50,-0.12808246307468812,8.437079053668903e-05,0.0528413415352933,0.10599320868170665,0.00015929815737283288,0.13600357933034968,0.07524112153939483
Polarity_T13,66,0.54457134,Polarity_group3_D75,-0.052584094116140415,0.10770658573294263,0.11556421801565925,0.0003931592790412055,0.13657554910707229,0.0007311536703772975,-0.06298012389951883
Polarity_T13,66,0.54457134,Polarity_group3_D100,0.28585676286648826,4.44003568310029e-19,0.2054367915440055,2.182075091785472e-10,1.6569518638608907e-18,7.180424439964017e-10,0.08041997132248277
Polarity_T13,66,0.54457134,Polarizability_C1,-0.8719349855158501,3.1295288142202196e-292,-0.8277769559446752,6.607719326758496e-237,2.430843311510589e-290,4.904396122527417e-235,0.044158029571174984
Polarity_T13,66,0.54457134,Polarizability_C2,0.6769248386766065,1.3959091871652355e-126,0.611451358402219,3.707208323816302e-97,2.877985608106103e-125,9.524673693497268e-96,0.06547348027438749
Polarity_T13,66,0.54457134,Polarizability_C3,0.751335621531235,5.817815991849849e-171,0.6815185903205034,6.162407797717177e-129,2.2594773735788949e-169,2.421463769926514e-127,0.06981703121073157
Polarity_T13,66,0.54457134,Polarizability_T12,-0.7353330100503779,3.7424820346253796e-160,-0.6394585174972,7.227119418661726e-109,1.1682140182849315e-158,2.0990068572461014e-107,0.09587449255317793
Polarity_T13,66,0.54457134,Polarizability_T13,-0.05017244978724414,0.12485309048238528,-0.09767294029002996,0.0027626687134548454,0.15688838307417863,0.004629861265900243,-0.04750049050278582
Polarity_T13,66,0.54457134,Polarizability_T23,0.8059410652108905,4.2438881044366445e-215,0.752344958489421,1.1359641306995171e-171,2.1476645861846046e-213,5.662865964979682e-170,0.05359610672146953
Polarity_T13,66,0.54457134,Polarizability_group1_D0,0.35168315178077514,1.1524571883637094e-28,0.3159017854959097,3.695172268799244e-23,5.652286357026122e-28,2.1061220781210707e-22,0.035781366284865446
Polarity_T13,66,0.54457134,Polarizability_group1_D25,0.29070214779816544,1.0511087329217023e-19,0.1176671812118645,0.000306688213884283,4.035290997653432e-19,0.0005790495389335813,0.17303496658630096
Polarity_T13,66,0.54457134,Polarizability_group1_D50,0.0228051368985694,0.48565606876287865,-0.17551694667085482,6.39061089037656e-08,0.5353436533557804,1.7742843203539242e-07,-0.15271180977228543
Polarity_T13,66,0.54457134,Polarizability_group1_D75,7.474055894713844e-05,0.9981770040258527,-0.17207154313595371,1.1597112972297692e-07,0.9983892231027667,3.1491347420710803e-07,-0.17199680257700659
Polarity_T13,66,0.54457134,Polarizability_group1_D100,-0.21827490014629242,1.4364647928853968e-11,-0.22647100631424713,2.3083852459798228e-12,4.1253589064808474e-11,8.751426471705571e-12,-0.008196106167954714
Polarity_T13,66,0.54457134,Polarizability_group2_D0,0.1084233676430559,0.0008865264065120612,0.08357570545301356,0.010486683205992458,0.0015145770832482273,0.01632309543927455,0.02484766219004235
Polarity_T13,66,0.54457134,Polarizability_group2_D25,-0.141337435555426,1.4090622792203294e-05,0.01584753174311424,0.628043091074947,2.8231961683238754e-05,0.6723281808302317,0.12548990381231176
Polarity_T13,66,0.54457134,Polarizability_group2_D50,-0.10237138025957852,0.001702800354693146,0.09830616847045619,0.0025912315183204,0.0028155213785520336,0.004360057063571857,0.004065211789122336
Polarity_T13,66,0.54457134,Polarizability_group2_D75,0.04572608062595947,0.16194517040745549,0.14338000346776864,1.0536907282648492e-05,0.1988591430738608,2.377923670543646e-05,-0.09765392284180917
Polarity_T13,66,0.54457134,Polarizability_group2_D100,-0.12866862570503554,7.822416082894027e-05,-0.10862051406534488,0.0008673899894604676,0.00014811150633144021,0.0015500709281958064,0.020048111639690655
Polarity_T13,66,0.54457134,Polarizability_group3_D0,-0.17026041572201323,1.578842995013185e-07,-0.08870992243600341,0.006583981812016363,3.5678860645088213e-07,0.010547002039393119,0.08155049328600981
Polarity_T13,66,0.54457134,Polarizability_group3_D25,-0.17787405960889863,4.222002233428741e-08,-0.10937621649659643,0.0007975235992514943,9.779117517095698e-08,0.0014344258597199736,0.0684978431123022
Polarity_T13,66,0.54457134,Polarizability_group3_D50,-0.07970906960038529,0.014664588179596528,-0.021141664608832,0.5180434124880551,0.021397870039254,0.5719884289950757,0.05856740499155329
Polarity_T13,66,0.54457134,Polarizability_group3_D75,-0.043263153069480316,0.18578330668413404,0.01936072155392388,0.5539142768553311,0.225560248755001,0.6022375275705749,0.023902431515556436
Polarity_T13,66,0.54457134,Polarizability_group3_D100,0.17870923903934438,3.640424873456391e-08,0.13773796947416397,2.3288835777768206e-05,8.508760725923266e-08,5.067407915162594e-05,0.04097126956518041
Polarity_T13,66,0.54457134,Charge_C1,0.6323436540377819,8.878895356354922e-106,0.5559308193600161,4.064393384741269e-77,1.398844834444596e-104,7.107368536667979e-76,0.07641283467776583
Polarity_T13,66,0.54457134,Charge_C2,-0.7392287663277773,1.0361400524955291e-162,-0.6379429230572727,3.3411982882272734e-108,3.495664419530371e-161,9.62034679541301e-107,0.1012858432705046
Polarity_T13,66,0.54457134,Charge_C3,0.6252661744318833,8.755694105122767e-103,0.4876537404154796,3.9122023994560024e-57,1.3292735595959108e-101,4.734331889196756e-56,0.13761243401640366
Polarity_T13,66,0.54457134,Charge_T12,0.5537444830628891,2.1006894927667262e-76,0.5016670711247742,7.132244302875318e-61,2.2488150339233546e-75,9.605522569194985e-60,0.05207741193811499
Polarity_T13,66,0.54457134,Charge_T13,0.5896792231290772,7.804905664765195e-89,0.4673611256922298,5.111359707064719e-52,9.763440045062079e-88,5.671741336078459e-51,0.12231809743684735
Polarity_T13,66,0.54457134,Charge_T23,0.5580000671862168,8.490592504250081e-78,0.41056640305077746,2.0920165939033093e-39,9.328479922432654e-77,1.7512118856233215e-38,0.1474336641354393
Polarity_T13,66,0.54457134,Charge_group1_D0,-0.039872922155181754,0.22269847745183324,-0.016630780922468953,0.6111508381956083,0.26688658582315145,0.6563484886087884,0.0232421412327128
Polarity_T13,66,0.54457134,Charge_group1_D25,-0.09635377754415388,0.003153471783958875,-0.004404477075724552,0.8928935623929833,0.005020303030706693,0.9070839951939762,0.09194930046842932
Polarity_T13,66,0.54457134,Charge_group1_D50,0.020791003329586128,0.5250102728591074,0.05391802069639137,0.0990550733860284,0.5739883179539832,0.128056248250327,-0.03312701736680525
Polarity_T13,66,0.54457134,Charge_group1_D75,-0.028684918459537606,0.3804503479858014,0.047748036375976584,0.14416062212557565,0.43118566755092524,0.1794619746177498,-0.019063117916438978
Polarity_T13,66,0.54457134,Charge_group1_D100,0.12451111489155377,0.00013283999971779782,0.09981928412835717,0.0022201925793895686,0.00024621842345030225,0.003769925376289354,0.0246918307631966
Polarity_T13,66,0.54457134,Charge_group2_D0,0.15875726331959925,1.0387481155640492e-06,0.18285684198612007,1.7258048705775275e-08,2.244125941774854e-06,5.03422556133532e-08,-0.02409957866652082
Polarity_T13,66,0.54457134,Charge_group2_D25,0.07893263231177532,0.015661487560046625,-0.039196896939233096,0.23064698048853635,0.02275309632473063,0.2761150232371726,0.03973573537254222
Polarity_T13,66,0.54457134,Charge_group2_D50,-0.12497696283996068,0.000125287518805055,-0.15353900996170067,2.3394023262072255e-06,0.0002331255224562026,5.678491111578585e-06,-0.028562047121739986
Polarity_T13,66,0.54457134,Charge_group2_D75,-0.08611096826103021,0.008357445958998917,-0.1294546782983919,7.064269249155475e-05,0.01261929001042332,0.000145287310912434,-0.043343710037361705
Polarity_T13,66,0.54457134,Charge_group2_D100,-0.2527002686226138,4.070500581019868e-15,-0.16450109039852473,4.1214095868588717e-07,1.3500965184316147e-14,1.0788015689740306e-06,0.08819917822408907
Polarity_T13,66,0.54457134,Charge_group3_D0,-0.07416611874230378,0.023186016319450182,-0.10440247327579949,0.001372890519592706,0.03295374234338877,0.002385767790246497,-0.030236354533495713
Polarity_T13,66,0.54457134,Charge_group3_D25,-0.23363950271644007,4.397227895268675e-13,-0.12087191423443279,0.0002083996595658375,1.3486447355553144e-12,0.0004038018577237181,0.11276758848200728
Polarity_T13,66,0.54457134,Charge_group3_D50,-0.011077215060949823,0.7348836829628279,0.001728059520050393,0.9578704506213513,0.7708892905451775,0.962770780943519,0.00934915554089943
Polarity_T13,66,0.54457134,Charge_group3_D75,0.06525338728101947,0.04583624792597725,0.061407689076556374,0.060246998086748514,0.061855785079904656,0.08169913666656112,0.003845698204463094
Polarity_T13,66,0.54457134,Charge_group3_D100,0.20121480245808165,5.141475852138518e-10,0.11840514907846418,0.00028081663242223733,1.333270911967597e-09,0.0005359586013087273,0.08280965337961747
Polarity_T13,66,0.54457134,SecondaryStructure_C1,0.5376825538422914,2.5381543702592763e-71,0.3445029393024043,1.679943890951457e-27,2.5081170404337228e-70,1.0769697880571722e-26,0.19317961453988708
Polarity_T13,66,0.54457134,SecondaryStructure_C2,-0.10171553332628414,0.0018239734867007995,0.0267455738900872,0.4135013001971855,0.0030054619859796105,0.46912171965305693,0.07496995943619694
Polarity_T13,66,0.54457134,SecondaryStructure_C3,-0.6554865913179065,3.898130575243079e-116,-0.499208875476342,3.32486871253439e-60,7.11462083131797e-115,4.337914648384712e-59,0.15627771584156452
Polarity_T13,66,0.54457134,SecondaryStructure_T12,0.6005201524052691,6.729968875117297e-93,0.49030130237255565,7.928808424730107e-58,8.99123841715671e-92,9.736110345073e-57,0.11021885003271348
Polarity_T13,66,0.54457134,SecondaryStructure_T13,0.16744945161721347,2.532211198656923e-07,-0.01932520022976253,0.554641893264066,5.657247761547909e-07,0.6028323864308429,0.14812425138745094
Polarity_T13,66,0.54457134,SecondaryStructure_T23,-0.47860322499532365,8.255463719556201e-55,-0.2785861963888433,3.661204396572359e-18,6.472593620497115e-54,1.8306021982861796e-17,0.20001702860648035
Polarity_T13,66,0.54457134,SecondaryStructure_group1_D0,0.03740451227413377,0.25268955231818024,0.09376359042208356,0.004070504561392943,0.2998163782389776,0.006664453546594329,-0.056359078147949784
Polarity_T13,66,0.54457134,SecondaryStructure_group1_D25,0.10867599960620922,0.0008620735438302752,0.10226950009940497,0.0017211252419567118,0.0014765772494323688,0.0029585992321849806,0.006406499506804247
Polarity_T13,66,0.54457134,SecondaryStructure_group1_D50,0.2154135185216584,2.674085887654852e-11,0.15520537264712855,1.8103396575079204e-06,7.543451743891221e-11,4.445981217703275e-06,0.060208145874529856
Polarity_T13,66,0.54457134,SecondaryStructure_group1_D75,0.25625119719068296,1.6271750754467126e-15,0.1841308885768246,1.3674322814052225e-08,5.506347266455948e-15,4.009854099994243e-08,0.07212030861385835
Polarity_T13,66,0.54457134,SecondaryStructure_group1_D100,0.24963013894730648,8.891896269342014e-15,0.17663234958112592,5.255991414245665e-08,2.920249118938282e-14,1.4739724033233015e-07,0.07299778936618057
Polarity_T13,66,0.54457134,SecondaryStructure_group2_D0,-0.014941496266816415,0.6478284735790178,0.04657855119372151,0.1542552979575106,0.6895306251605863,0.19124450452044744,-0.03163705492690509
Polarity_T13,66,0.54457134,SecondaryStructure_group2_D25,-0.0026414963042894063,0.935641080233312,-0.05134489877295625,0.11626889441200211,0.9455495334279159,0.14751803746250206,-0.04870340246866684
Polarity_T13,66,0.54457134,SecondaryStructure_group2_D50,-0.07819264521964793,0.016666492998279377,-0.0695928137686616,0.03317103543417412,0.024139673293258074,0.04730625890270776,0.008599831450986334
Polarity_T13,66,0.54457134,SecondaryStructure_group2_D75,-0.21777212486344188,1.6032037032885833e-11,-0.1337634607764015,3.998486293343475e-05,4.596309329599887e-11,8.479329663344258e-05,0.08400866408704039
Polarity_T13,66,0.54457134,SecondaryStructure_group2_D100,-0.15867614009091885,1.052155381419859e-06,-0.13158332197101785,5.3445051558928846e-05,2.271621831895494e-06,0.0001112883243184678,0.027092818119900997
Polarity_T13,66,0.54457134,SecondaryStructure_group3_D0,0.23267872566932654,5.509316988225719e-13,0.19461720764273335,1.8911010468514513e-09,1.674351113801083e-12,5.865437938251645e-09,0.03806151802659319
Polarity_T13,66,0.54457134,SecondaryStructure_group3_D25,0.03679395989143378,0.26052232352856064,0.02059869853399158,0.5288511702357774,0.308343217783626,0.5798958990766568,0.016195261357442203
Polarity_T13,66,0.54457134,SecondaryStructure_group3_D50,-0.2033246853267122,3.358006695666825e-10,-0.14101540783308916,1.47459051637057e-05,8.769149619645969e-10,3.283421549785136e-05,0.06230927749362303
Polarity_T13,66,0.54457134,SecondaryStructure_group3_D75,-0.08659534540200213,0.007997674144673133,-0.06184507664081156,0.05843895280537971,0.012103412615862376,0.07953793902606693,0.024750268761190568
Polarity_T13,66,0.54457134,SecondaryStructure_group3_D100,-0.260065155257008,5.981989470861784e-16,-0.22514854716755164,3.115522140231418e-12,2.0471152492498316e-15,1.1652680793250768e-11,0.034916608089456375
Polarity_T13,66,0.54457134,SolventAccessibility_C1,-0.30271606157717734,2.6132848896263065e-21,-0.436383283850123,7.646160933912682e-45,1.0528795574610209e-20,7.317529375148527e-44,-0.13366722227294564
Polarity_T13,66,0.54457134,SolventAccessibility_C2,0.8528729325500175,3.976272181046738e-266,0.7956414075316198,9.370936977385678e-206,2.5058017140936047e-264,5.589094554369316e-204,0.05723152501839768
Polarity_T13,66,0.54457134,SolventAccessibility_C3,-0.5945310179868332,1.2373980623912417e-90,-0.3912572215398332,1.2224029195686352e-35,1.595717964628088e-89,9.539312503175798e-35,0.20327379644699994
Polarity_T13,66,0.54457134,SolventAccessibility_T12,0.7508069490078529,1.3644739660826921e-170,0.6322131108761461,1.0099225654982091e-105,5.120610164849654e-169,2.7877201394743955e-104,0.11859383813170687
Polarity_T13,66,0.54457134,SolventAccessibility_T13,-0.6887125765582369,1.0308882026188001e-132,-0.596005303987504,3.463400904399411e-91,2.265241182070258e-131,7.660767563373532e-90,0.09270727257073297
Polarity_T13,66,0.54457134,SolventAccessibility_T23,0.21332502885473742,4.185858014084505e-11,0.2666320241145743,1.0274171725395588e-16,1.1602295242358711e-10,4.85371054636793e-16,-0.0533069952598369
Polarity_T13,66,0.54457134,SolventAccessibility_group1_D0,0.1410223344989411,1.4731509955913346e-05,0.14942236319686986,4.356792467886623e-06,2.9445387942998553e-05,1.0283877627379025e-05,-0.008400028697928746
Polarity_T13,66,0.54457134,SolventAccessibility_group1_D25,0.25774617382969145,1.1013812078830495e-15,0.16460674704403164,4.0506913915153055e-07,3.746041990152123e-15,1.0611222939342055e-06,0.09313942678565981
Polarity_T13,66,0.54457134,SolventAccessibility_group1_D50,0.21484771158623445,3.0206172873145655e-11,0.08329876587220551,0.010746247961763631,8.478035075319874e-11,0.016701939596226397,0.13154894571402892
Polarity_T13,66,0.54457134,SolventAccessibility_group1_D75,0.18188664125250176,2.0582237998938997e-08,0.05758232622831233,0.07811487833398886,4.8998342777231824e-08,0.103656612489282,0.12430431502418943
Polarity_T13,66,0.54457134,SolventAccessibility_group1_D100,-0.1550224132722128,1.8622693175975588e-06,-0.17011275081860003,1.6188290990645078e-07,3.961770395398628e-06,4.3533729395132494e-07,-0.015090337546387222
Polarity_T13,66,0.54457134,SolventAccessibility_group2_D0,-0.029731356854600405,0.363309745887578,-0.0485053860942625,0.13789825055378885,0.41400701169038223,0.17205086172941902,-0.018774029239662093
Polarity_T13,66,0.54457134,SolventAccessibility_group2_D25,-0.3815501906235997,7.734626497072678e-34,-0.1639675668560932,4.497061380707349e-07,4.2559559308439446e-33,1.1707081069027705e-06,0.21758262376750648
Polarity_T13,66,0.54457134,SolventAccessibility_group2_D50,-0.09690549937136693,0.002984278184346032,0.0461246394120407,0.15831467911408173,0.004765049576032642,0.19605896486504745,0.05078085995932623
Polarity_T13,66,0.54457134,SolventAccessibility_group2_D75,-0.08597328689797264,0.008462313548805469,0.07897490729431757,0.015605714629211287,0.012760328330930142,0.023585107177179047,0.006998379603655069
Polarity_T13,66,0.54457134,SolventAccessibility_group2_D100,0.2749115541967209,1.0385838710164587e-17,0.1725981914171614,1.0595519349251731e-07,3.75418845150971e-17,2.8912609988971227e-07,0.10231336277955952
Polarity_T13,66,0.54457134,SolventAccessibility_group3_D0,-0.12313099230348266,0.00015780677336470913,-0.008302337050408875,0.7996474044214895,0.0002910406532513134,0.8243914821494468,0.11482865525307379
Polarity_T13,66,0.54457134,SolventAccessibility_group3_D25,-0.038066107760464866,0.2443885904606331,-0.05931665778819455,0.06954167840989538,0.2907936915349179,0.09305657287221578,-0.021250550027729687
Polarity_T13,66,0.54457134,SolventAccessibility_group3_D50,-0.16352743170131143,4.831580845121529e-07,-0.13078668116881723,5.9356463520439335e-05,1.0644775740571179e-06,0.00012321354142838246,0.0327407505324942
Polarity_T13,66,0.54457134,SolventAccessibility_group3_D75,-0.07399128875738405,0.02351335414149344,-0.13347811475602514,4.154314473811826e-05,0.033362193216902335,8.77080299780752e-05,-0.059486825998641094
Polarity_T13,66,0.54457134,SolventAccessibility_group3_D100,-0.2658501876296331,1.2704576225065962e-16,-0.1822603821899396,1.9234092731059626e-08,4.4386280953682334e-16,5.591111377000797e-08,0.0835898054396935
SecondaryStructure_C1,125,0.36452365,AAC_A,0.0390521374195031,0.23237487193939504,0.1538257860700052,2.2388561795838656e-06,0.2774873336709258,5.442343260414928e-06,-0.11477364865050209
SecondaryStructure_C1,125,0.36452365,AAC_C,-0.3148382368398132,5.251827295942437e-23,-0.31570714763536534,3.941139259815217e-23,2.198133229128789e-22,2.242488096726205e-22,-0.0008689107955521247
SecondaryStructure_C1,125,0.36452365,AAC_D,0.23775525137902165,1.654926118675703e-13,0.13319290905927558,4.3158028425303644e-05,5.156206377217209e-13,9.094499365332125e-05,0.10456234231974607
SecondaryStructure_C1,125,0.36452365,AAC_E,0.6994630939559523,1.4425633967208803e-138,0.5913923259679759,1.821173342912215e-89,3.4171359893955607e-137,3.92433481633987e-88,0.10807076798797643
SecondaryStructure_C1,125,0.36452365,AAC_F,0.06066444892930278,0.06342542626026645,-0.03445943059797321,0.2920093971338197,0.08343478680948796,0.3437826529527521,0.02620501833132957
SecondaryStructure_C1,125,0.36452365,AAC_G,-0.4802140219974102,3.222124082426769e-55,-0.4422562682671029,3.796803666230301e-46,2.5441830816324844e-54,3.763004227065046e-45,0.0379577537303073
SecondaryStructure_C1,125,0.36452365,AAC_H,0.5835243433570031,1.3557574304329979e-86,0.46437779361100834,2.7045850825420803e-51,1.634740006370474e-85,2.971484926213996e-50,0.11914654974599476
SecondaryStructure_C1,125,0.36452365,AAC_I,0.1614506789058131,6.760879130102938e-07,0.015190314601268677,0.642369386834954,1.4720558210263243e-06,0.6854676524053503,0.14626036430454442
SecondaryStructure_C1,125,0.36452365,AAC_K,0.26157125417402294,4.0110543382640863e-16,0.0604083329352732,0.0645522404705656,1.3811259267837162e-15,0.08721864205974478,0.20116292123874974
SecondaryStructure_C1,125,0.36452365,AAC_L,0.7573834672952613,2.8983273949299115e-175,0.7193081894262612,4.308695955674273e-150,1.180538231593403e-173,1.9447357421556855e-148,0.03807527786900011
SecondaryStructure_C1,125,0.36452365,AAC_M,0.2888408241463981,1.8342608464463918e-19,0.17603205683092282,5.83992194729313e-08,6.953951449637854e-19,1.626800609170897e-07,0.11280876731547529
SecondaryStructure_C1,125,0.36452365,AAC_N,-0.41102934172558164,1.6872566339393006e-39,-0.48085228051136714,2.2163376713177016e-55,1.0632900296900497e-38,2.662794180647886e-54,-0.0698229387857855
SecondaryStructure_C1,125,0.36452365,AAC_P,-0.1777301043296599,4.3309408944549923e-08,0.11253368274073765,0.0005583549323052953,1.0017550268337725e-07,0.0010241106391541384,0.06519642158892226
SecondaryStructure_C1,125,0.36452365,AAC_Q,0.13661878701759617,2.7158635279020497e-05,0.09933239082928365,0.002333912996501889,5.320225327385833e-05,0.003944974396921209,0.03728639618831252
SecondaryStructure_C1,125,0.36452365,AAC_R,0.34749103405352216,5.555133608882297e-28,0.4912228193957025,4.53415633807622e-58,2.6355321383049534e-27,5.608919321916509e-57,-0.14373178534218034
SecondaryStructure_C1,125,0.36452365,AAC_S,-0.6925386862924259,9.10581356195889e-135,-0.5812282449659204,9.027180446419377e-86,2.027561153129513e-133,1.7735754524141601e-84,0.11131044132650547
SecondaryStructure_C1,125,0.36452365,AAC_T,-0.7181860954689857,2.0535046631837676e-149,-0.607921012139437,9.176546892238916e-96,5.5312141734143416e-148,2.2872885537371628e-94,0.11026508332954876
SecondaryStructure_C1,125,0.36452365,AAC_V,0.00030346925450402615,0.9925981850387652,-0.015513663561829073,0.6353038510462793,0.9937883507282601,0.6787955414250073,-0.015210194307325047
SecondaryStructure_C1,125,0.36452365,AAC_W,-0.08993064644487034,0.00587411523029462,-0.01801762261405162,0.5817460086154566,0.009008055495493127,0.6286094043272809,0.07191302383081871
SecondaryStructure_C1,125,0.36452365,AAC_Y,-0.24947046353823457,9.258028269368635e-15,-0.3385949145695183,1.4463940937965108e-26,3.034525458262143e-14,9.143606582598821e-26,-0.08912445103128372
SecondaryStructure_C1,125,0.36452365,Hydrophobicity_C1,0.5407191634176847,2.915261889507514e-72,0.37316052014714923,2.4946204511566e-32,2.932823708119005e-71,1.79183490470173e-31,0.16755864327053543
SecondaryStructure_C1,125,0.36452365,Hydrophobicity_C2,-0.6376470760669221,4.500526330140927e-108,-0.4888797117494962,1.8714571333422314e-57,7.296969875082862e-107,2.281265264731041e-56,0.14876736431742588
SecondaryStructure_C1,125,0.36452365,Hydrophobicity_C3,0.6025209648076042,1.1502086586562974e-93,0.4711217644334579,6.112133365700456e-53,1.5553428825554793e-92,6.943716136544056e-52,0.13139920037414632
SecondaryStructure_C1,125,0.36452365,Hydrophobicity_T12,0.03771358413004949,0.248787563376366,-0.019885967731495403,0.543209960631094,0.29550158665613885,0.5927217473073682,0.01782761639855409
SecondaryStructure_C1,125,0.36452365,Hydrophobicity_T13,0.5379409950993719,2.11301476538219e-71,0.3635039752249581,1.2002586568063408e-30,2.1004372965406295e-70,8.404326863172281e-30,0.1744370198744138
SecondaryStructure_C1,125,0.36452365,Hydrophobicity_T23,-0.11460260220485051,0.0004398504046044059,-0.004614706532080506,0.8878142793635017,0.0007801913708862006,0.9032286606987802,0.10998789567277001
SecondaryStructure_C1,125,0.36452365,Hydrophobicity_group1_D0,0.017561098307532386,0.5913525369211817,0.009360560324785834,0.7747595563154386,0.6354946825343458,0.803632583258871,0.008200537982746552
SecondaryStructure_C1,125,0.36452365,Hydrophobicity_group1_D25,-0.3256360515460129,1.3846234267189318e-24,-0.10951206074591766,0.0007855314740790677,6.077059454981908e-24,0.0014143801204442514,0.21612399080009523
SecondaryStructure_C1,125,0.36452365,Hydrophobicity_group1_D50,-0.01303437904393907,0.6902818410676461,0.13457095722738224,3.586970781034563e-05,0.7293708792046625,7.650371908464522e-05,-0.12153657818344317
SecondaryStructure_C1,125,0.36452365,Hydrophobicity_group1_D75,-0.06993109485233769,0.0323235824408374,0.08321147187725315,0.010829239146703213,0.04479699807153399,0.01679965571295343,-0.013280377024915468
SecondaryStructure_C1,125,0.36452365,Hydrophobicity_group1_D100,0.25661762705774255,1.4790768953627884e-15,0.1569488137478655,1.3804160423621757e-06,5.010260477192407e-15,3.433052555092827e-06,0.09966881330987704
SecondaryStructure_C1,125,0.36452365,Hydrophobicity_group2_D0,0.20362986918874074,3.1561330221649453e-10,0.12060744303559467,0.00021522918419882942,8.267830818847778e-10,0.00041576950562411237,0.08302242615314606
SecondaryStructure_C1,125,0.36452365,Hydrophobicity_group2_D25,0.26694514829772065,9.434743583231075e-17,0.06042753636038424,0.06446718444679315,3.3100886100831716e-16,0.08713897047846586,0.20651761193733642
SecondaryStructure_C1,125,0.36452365,Hydrophobicity_group2_D50,-0.0772666667543457,0.018003416727872125,-0.22104641838564398,7.80355097839874e-12,0.025923598421603095,2.8516258498743752e-11,-0.1437797516312983
SecondaryStructure_C1,125,0.36452365,Hydrophobicity_group2_D75,0.02512582284843523,0.44236391640932,-0.1134811745539415,0.0005008118658363133,0.4928390334425207,0.0009226208670122927,-0.08835535170550626
SecondaryStructure_C1,125,0.36452365,Hydrophobicity_group2_D100,-0.19635306569084124,1.3482874389340244e-09,-0.13856691333225848,2.076670586062352e-05,3.437618355755452e-09,4.542291917123939e-05,0.057786152358582754
SecondaryStructure_C1,125,0.36452365,Hydrophobicity_group3_D0,-0.2796470087335255,2.70162921443323e-18,-0.13832688860319634,2.146895322752116e-05,9.915869863963723e-18,4.686686521563442e-05,0.14132012013032916
SecondaryStructure_C1,125,0.36452365,Hydrophobicity_group3_D25,-0.1304790497709021,6.180054266698888e-05,0.07987165605296277,0.014463053419887986,0.00011774889475627088,0.022026475582603844,0.050607393717939333
SecondaryStructure_C1,125,0.36452365,Hydrophobicity_group3_D50,0.012618238720921732,0.6996819744830375,0.128922750814516,7.569289281340778e-05,0.7379026822776588,0.00015462645993686972,-0.11630451209359428
SecondaryStructure_C1,125,0.36452365,Hydrophobicity_group3_D75,0.14959113989970801,4.248489510002521e-06,0.20419737164426432,2.8117262590773847e-10,8.83009020747257e-06,9.162112883237527e-10,-0.05460623174455631
SecondaryStructure_C1,125,0.36452365,Hydrophobicity_group3_D100,-0.016097569997280445,0.622628802195504,0.009598519830254823,0.7691937860211207,0.6656786809644634,0.7988517553826315,0.006499050167025622
SecondaryStructure_C1,125,0.36452365,NormVanDerWaalsVolume_C1,-0.6130547061575776,8.516843934101348e-98,-0.4561477763026537,2.462857486342265e-49,1.2367938582564565e-96,2.6114107950422747e-48,0.15690692985492394
SecondaryStructure_C1,125,0.36452365,NormVanDerWaalsVolume_C2,0.5785754973446351,7.919448303671828e-85,0.42326484200503656,5.072965929741153e-42,9.379772104348903e-84,4.470634882674261e-41,0.15531065533959854
SecondaryStructure_C1,125,0.36452365,NormVanDerWaalsVolume_C3,0.4719326973159013,3.852922883637153e-53,0.3195379238515288,1.098939221327176e-23,2.9180867191265516e-52,6.394524388907261e-23,0.15239477346437252
SecondaryStructure_C1,125,0.36452365,NormVanDerWaalsVolume_T12,-0.09258525639114484,0.00456269790645987,0.024990110613175118,0.44483334687055126,0.007114570965254886,0.5014321223582995,0.06759514577796973
SecondaryStructure_C1,125,0.36452365,NormVanDerWaalsVolume_T13,-0.051385032463512836,0.11598346079952356,-0.07720226594661762,0.018099793004729674,0.14623811214435964,0.026964009204191397,-0.025817233483104787
SecondaryStructure_C1,125,0.36452365,NormVanDerWaalsVolume_T23,0.5383485734890243,1.5819882135612645e-71,0.3924732398343835,7.199213140288442e-36,1.5772658606849623e-70,5.644453494967932e-35,0.14587533365464084
SecondaryStructure_C1,125,0.36452365,NormVanDerWaalsVolume_group1_D0,0.2084692215077509,1.165608536801758e-10,0.12655857195070908,0.00010255190255806019,3.1396229942886066e-10,0.0002064637459577583,0.08191064955704183
SecondaryStructure_C1,125,0.36452365,NormVanDerWaalsVolume_group1_D25,0.23204509139869883,6.389064853711718e-13,0.060062281418801926,0.06610088752667521,1.9364316344280525e-12,0.08913153412008096,0.1719828099798969
SecondaryStructure_C1,125,0.36452365,NormVanDerWaalsVolume_group1_D50,-0.18842825101506125,6.161420891214765e-09,-0.3063563064768246,8.24009422020916e-22,1.5187561458787686e-08,4.541570081765445e-21,-0.11792805546176335
SecondaryStructure_C1,125,0.36452365,NormVanDerWaalsVolume_group1_D75,-0.04251417018893109,0.193522545506611,-0.18295641381376807,1.6947945715854413e-08,0.23436015300655574,4.952418083198053e-08,-0.14044224362483698
SecondaryStructure_C1,125,0.36452365,NormVanDerWaalsVolume_group1_D100,-0.24793015324484438,1.3643683946908046e-14,-0.20163376928628984,4.726176217964219e-10,4.428562136314177e-14,1.519290526275312e-09,0.04629638395855454
SecondaryStructure_C1,125,0.36452365,NormVanDerWaalsVolume_group2_D0,0.09461149395231822,0.003746659917577706,0.13585615488728262,3.0137278539416066e-05,0.005899857019422032,6.470396190263885e-05,-0.0412446609349644
SecondaryStructure_C1,125,0.36452365,NormVanDerWaalsVolume_group2_D25,-0.19079448356703543,3.940604467866099e-09,-0.01192412761826128,0.7154632386282196,9.814779211538233e-09,0.7509890688303751,0.17887035594877415
SecondaryStructure_C1,125,0.36452365,NormVanDerWaalsVolume_group2_D50,0.14002389355863026,1.6950577441386572e-05,0.22279289616526798,5.290234917480302e-12,3.369936229418521e-05,1.953968073099944e-11,-0.08276900260663772
SecondaryStructure_C1,125,0.36452365,NormVanDerWaalsVolume_group2_D75,0.13118217968212695,5.634839783468486e-05,0.1680272724548796,2.2993463093336676e-07,0.00010779132231835477,6.119375835198765e-07,-0.03684509277275266
SecondaryStructure_C1,125,0.36452365,NormVanDerWaalsVolume_group2_D100,0.1255655536121215,0.00011632229616856236,0.06392005516327726,0.0504638921789605,0.00021692711848296945,0.06956227811709784,0.06164549844884423
SecondaryStructure_C1,125,0.36452365,NormVanDerWaalsVolume_group3_D0,-0.32270963512048156,3.763853986088244e-24,-0.27604865976655685,7.534431824799155e-18,1.6075795797358998e-23,3.739227681252478e-17,0.046660975353924716
SecondaryStructure_C1,125,0.36452365,NormVanDerWaalsVolume_group3_D25,-0.10820582848827875,0.0009080952892731557,-0.030718950664824995,0.34758312916195916,0.0015466793810159816,0.4019832587953406,0.07748687782345376
SecondaryStructure_C1,125,0.36452365,NormVanDerWaalsVolume_group3_D50,0.0684419871295028,0.03619762872684399,0.14925413958170458,4.467365597323646e-06,0.0497122039258466,1.0485594585425844e-05,-0.08081215245220179
SecondaryStructure_C1,125,0.36452365,NormVanDerWaalsVolume_group3_D75,0.0799321348148749,0.01438871129559491,0.15922647294404582,9.643644959621565e-07,0.021032076904720785,2.434601221854575e-06,-0.07929433812917092
SecondaryStructure_C1,125,0.36452365,NormVanDerWaalsVolume_group3_D100,0.1515798984668344,3.1514847774449887e-06,0.10699399622120402,0.001037397169177592,6.591082753078436e-06,0.0018274823549858427,0.044585902245630374
SecondaryStructure_C1,125,0.36452365,Polarity_C1,0.4795027735883494,4.88459169260363e-55,0.3042546914004739,1.6076251305953149e-21,3.8387144125402645e-54,8.80240645276779e-21,0.17524808218787552
SecondaryStructure_C1,125,0.36452365,Polarity_C2,-0.615100543153878,1.2878684060510952e-98,-0.4498100791619394,7.314440600301888e-48,1.8783757538037809e-97,7.634447376565095e-47,0.16529046399193859
SecondaryStructure_C1,125,0.36452365,Polarity_C3,0.6191553833118447,2.92327289770299e-100,0.46269129272181747,6.886219644449398e-51,4.339436212590216e-99,7.516331245902283e-50,0.15646409059002725
SecondaryStructure_C1,125,0.36452365,Polarity_T12,-0.3688745779534887,1.414922055485398e-31,-0.226553935265031,2.2652445527898713e-12,7.349672885414042e-31,8.615604036900032e-12,0.1423206426884577
SecondaryStructure_C1,125,0.36452365,Polarity_T13,0.5376825538422914,2.5381543702592763e-71,0.3445029393024043,1.679943890951457e-27,2.5081170404337228e-70,1.0769697880571722e-26,0.19317961453988708
SecondaryStructure_C1,125,0.36452365,Polarity_T23,-0.010183325686639332,0.7555663243321188,0.023925743671060363,0.464470748563537,0.7898565018057204,0.5209309268644101,-0.01374241798442103
SecondaryStructure_C1,125,0.36452365,Polarity_group1_D0,-0.14876665326708288,4.8031542578482955e-06,-0.03151799589707684,0.33518040834864093,9.964307590815718e-06,0.3885812439723918,0.11724865737000603
SecondaryStructure_C1,125,0.36452365,Polarity_group1_D25,-0.10050346141531112,0.002068950112769252,0.06655622274469251,0.041664517427452585,0.003387398714043775,0.05832333956734771,0.03394723867061861
SecondaryStructure_C1,125,0.36452365,Polarity_group1_D50,0.011628532188961605,0.7222213833780763,0.11277500123956112,0.0005431424399566807,0.7595149308824858,0.000997852447445167,-0.10114646905059951
SecondaryStructure_C1,125,0.36452365,Polarity_group1_D75,0.12023201758319631,0.000225284923251572,0.2202336067747663,9.34067458445494e-12,0.0004111757615629784,3.387389045828393e-11,-0.10000158919157
SecondaryStructure_C1,125,0.36452365,Polarity_group1_D100,-0.1473124582636246,5.9542546315932045e-06,-0.1819899157749881,2.020081713517331e-08,1.2260918908459496e-05,5.861922609164106e-08,-0.0346774575113635
SecondaryStructure_C1,125,0.36452365,Polarity_group2_D0,0.20552995803323224,2.14074639995948e-10,0.11891801923559871,0.0002640549634413057,5.6972852397328e-10,0.000505411792489376,0.08661193879763353
SecondaryStructure_C1,125,0.36452365,Polarity_group2_D25,0.28628402461259844,3.9146951796272855e-19,0.0854373052587648,0.008881831235809668,1.4658163564972122e-18,0.013966721434841945,0.20084671935383364
SecondaryStructure_C1,125,0.36452365,Polarity_group2_D50,-0.07274091612648521,0.025973313592123216,-0.24973909634935548,8.650264837635029e-15,0.03654206714308827,3.75707211413537e-14,-0.17699818022287028
SecondaryStructure_C1,125,0.36452365,Polarity_group2_D75,-0.020505791602669795,0.5307118995441745,-0.18464067675590073,1.2452556338920223e-08,0.5792737727050794,3.661226951759995e-08,-0.16413488515323094
SecondaryStructure_C1,125,0.36452365,Polarity_group2_D100,-0.20532422267116224,2.233049604824129e-10,-0.18103441846432378,2.4007726284049992e-08,5.928764451599834e-10,6.921454432205896e-08,0.02428980420683846
SecondaryStructure_C1,125,0.36452365,Polarity_group3_D0,-0.03192112818662035,0.32903240469830847,-0.01977934297459005,0.545374587912573,0.3797402320982551,0.59430705501729,0.012141785212030302
SecondaryStructure_C1,125,0.36452365,Polarity_group3_D25,-0.36963530022044117,1.0417883667925712e-31,-0.13246508728793635,4.7552786913492275e-05,5.4283512403856286e-31,9.951523075881215e-05,0.23717021293250481
SecondaryStructure_C1,125,0.36452365,Polarity_group3_D50,0.002082688966101998,0.9492353600291716,0.19661071861232876,1.2819136988098421e-09,0.9558173356941312,4.005230826964334e-09,-0.19452802964622676
SecondaryStructure_C1,125,0.36452365,Polarity_group3_D75,-0.028338754679268677,0.3862279370702766,0.12898579113662337,7.507704603802813e-05,0.43654866660396746,0.00015355623623209671,-0.10064703645735469
SecondaryStructure_C1,125,0.36452365,Polarity_group3_D100,0.28885136652883653,1.8285066837276158e-19,0.21302425733514213,4.4632000390472963e-11,6.940014004147996e-19,1.5495933607503087e-10,0.0758271091936944
SecondaryStructure_C1,125,0.36452365,Polarizability_C1,-0.6224529574708991,1.2912827508629598e-101,-0.49325672821022,1.3127157509013768e-58,1.9515313972318036e-100,1.654517210570037e-57,0.12919622926067914
SecondaryStructure_C1,125,0.36452365,Polarizability_C2,0.5466203235654078,4.078914490506473e-74,0.44692042660313364,3.353011947941432e-47,4.244104173922623e-73,3.4039695763295997e-46,0.09969989696227416
SecondaryStructure_C1,125,0.36452365,Polarizability_C3,0.4719326973159013,3.852922883637153e-53,0.3195379238515288,1.098939221327176e-23,2.9180867191265516e-52,6.394524388907261e-23,0.15239477346437252
SecondaryStructure_C1,125,0.36452365,Polarizability_T12,-0.44146391680884717,5.7127636083477255e-46,-0.2515625402524307,5.444232443479566e-15,3.9260556485352685e-45,2.3738559218305157e-14,0.18990137655641648
SecondaryStructure_C1,125,0.36452365,Polarizability_T13,-0.08918963567506002,0.006296314573315315,-0.13802433283093257,2.2386334810801783e-05,0.009628979246736792,4.880571688516837e-05,-0.04883469715587255
SecondaryStructure_C1,125,0.36452365,Polarizability_T23,0.5514314106389258,1.1785420516134434e-75,0.41980402798673977,2.686500042384861e-41,1.2496287150440957e-74,2.3245881195765377e-40,0.131627382652186
SecondaryStructure_C1,125,0.36452365,Polarizability_group1_D0,0.19222897303268435,2.9969176469492505e-09,0.1243982321942511,0.00013473349578778086,7.497906322704492e-09,0.0002675445160114079,0.06783074083843325
SecondaryStructure_C1,125,0.36452365,Polarizability_group1_D25,0.19305047451610585,2.559640277018496e-09,0.009320146078123755,0.7757059859037451,6.427968815971261e-09,0.8041148333080411,0.1837303284379821
SecondaryStructure_C1,125,0.36452365,Polarizability_group1_D50,-0.09700473403725482,0.002954738748952452,-0.3028912997738039,2.472970641369221e-21,0.0047254759915100015,1.3518366517468409e-20,-0.2058865657365491
SecondaryStructure_C1,125,0.36452365,Polarizability_group1_D75,-0.06886638389221314,0.03505520283520715,-0.23842282464861136,1.4098857187025873e-13,0.048242429942147454,5.763792289432854e-13,-0.16955644075639822
SecondaryStructure_C1,125,0.36452365,Polarizability_group1_D100,-0.1487452277971472,4.818452798435316e-06,-0.1404513163753704,1.5964244880987048e-05,9.989840066278061e-06,3.545251190325581e-05,0.008293911421776795
SecondaryStructure_C1,125,0.36452365,Polarizability_group2_D0,0.16976828576891084,1.7159433614047355e-07,0.15652671826662254,1.4744693380911318e-06,3.8672407740160704e-07,3.656070964531834e-06,0.013241567502288304
SecondaryStructure_C1,125,0.36452365,Polarizability_group2_D25,-0.12028187437400392,0.00022392461105531807,0.027706368476528707,0.3969198304191207,0.0004093640946495689,0.4519987158540276,0.09257550589747521
SecondaryStructure_C1,125,0.36452365,Polarizability_group2_D50,-0.02752494886966252,0.40001973520524775,0.17219870178829494,1.1347217723939766e-07,0.45061245045043086,3.0862953744266137e-07,-0.1446737529186324
SecondaryStructure_C1,125,0.36452365,Polarizability_group2_D75,0.1412626277382718,1.4240326931285054e-05,0.24604135062113153,2.187179080193459e-14,2.8514803327633142e-05,9.317829244701725e-14,-0.10477872288285972
SecondaryStructure_C1,125,0.36452365,Polarizability_group2_D100,-0.13849883285193457,2.096364060579203e-05,-0.12015228089643962,0.00022747659816303235,4.133327014365135e-05,0.0004371529561936295,0.01834655195549495
SecondaryStructure_C1,125,0.36452365,Polarizability_group3_D0,-0.32270963512048156,3.763853986088244e-24,-0.27604865976655685,7.534431824799155e-18,1.6075795797358998e-23,3.739227681252478e-17,0.046660975353924716
SecondaryStructure_C1,125,0.36452365,Polarizability_group3_D25,-0.10820582848827875,0.0009080952892731557,-0.030718950664824995,0.34758312916195916,0.0015466793810159816,0.4019832587953406,0.07748687782345376
SecondaryStructure_C1,125,0.36452365,Polarizability_group3_D50,0.0684419871295028,0.03619762872684399,0.14925413958170458,4.467365597323646e-06,0.0497122039258466,1.0485594585425844e-05,-0.08081215245220179
SecondaryStructure_C1,125,0.36452365,Polarizability_group3_D75,0.0799321348148749,0.01438871129559491,0.15922647294404582,9.643644959621565e-07,0.021032076904720785,2.434601221854575e-06,-0.07929433812917092
SecondaryStructure_C1,125,0.36452365,Polarizability_group3_D100,0.1515798984668344,3.1514847774449887e-06,0.10699399622120402,0.001037397169177592,6.591082753078436e-06,0.0018274823549858427,0.044585902245630374
SecondaryStructure_C1,125,0.36452365,Charge_C1,0.5802353500518824,2.039740002830193e-85,0.49164574955397805,3.5063542074433614e-58,2.4244596474921154e-84,4.3698593480823986e-57,0.08858960049790437
SecondaryStructure_C1,125,0.36452365,Charge_C2,-0.7063922122432341,1.758387810300398e-142,-0.601310942052529,3.352924518919589e-93,4.449254004851006e-141,7.942388576731509e-92,0.10508127019070512
SecondaryStructure_C1,125,0.36452365,Charge_C3,0.6176645335020235,1.1833636614203979e-99,0.48859414800621387,2.2227441588383106e-57,1.7488648801522695e-98,2.6996238147345303e-56,0.12907038549580968
SecondaryStructure_C1,125,0.36452365,Charge_T12,0.5111262019549973,1.6949973171486342e-63,0.44781793541727005,2.0928317784051515e-47,1.474294541478239e-62,2.131115286546709e-46,0.0633082665377272
SecondaryStructure_C1,125,0.36452365,Charge_T13,0.5553153097860773,6.4619280080903395e-77,0.4307016079232838,1.3208326780068353e-43,6.984737717482762e-76,1.228852686502181e-42,0.12461370186279352
SecondaryStructure_C1,125,0.36452365,Charge_T23,0.55860396784524,5.364913993540134e-78,0.4227951579609537,6.368029351348859e-42,5.9137995836383e-77,5.582471924804512e-41,0.13580880988428634
SecondaryStructure_C1,125,0.36452365,Charge_group1_D0,-0.028448799012981304,0.38438548854770577,-0.004883001191863174,0.8813388046416117,0.43520255313536854,0.8977345555056369,0.02356579782111813
SecondaryStructure_C1,125,0.36452365,Charge_group1_D25,-0.13448098493811939,3.6307519836700124e-05,-0.057492731241548654,0.07858012740902864,7.050413735731304e-05,0.10423257567361226,0.07698825369657072
SecondaryStructure_C1,125,0.36452365,Charge_group1_D50,0.13215974176785053,4.951989963071114e-05,0.18114446026971015,2.353617620895133e-08,9.511010049831811e-05,6.800393510611047e-08,-0.04898471850185962
SecondaryStructure_C1,125,0.36452365,Charge_group1_D75,0.0076658190107366814,0.8147175997198922,0.08357446514180472,0.010487833177450055,0.8422026564730548,0.01632309543927455,-0.07590864613106804
SecondaryStructure_C1,125,0.36452365,Charge_group1_D100,0.11394473301093674,0.00047471641629265657,0.08787610474196743,0.00711218363491472,0.0008375873377799645,0.011317147851650864,0.026068628268969316
SecondaryStructure_C1,125,0.36452365,Charge_group2_D0,0.11241545718035109,0.0005659515031931195,0.12352206181691168,0.00015031751282384675,0.000986575167361701,0.0002963757336668525,-0.011106604636560588
SecondaryStructure_C1,125,0.36452365,Charge_group2_D25,0.09886811157920299,0.0024472872294646103,-0.004717430967482391,0.8853340475492885,0.003975651433079669,0.901529182565434,0.09415068061172059
SecondaryStructure_C1,125,0.36452365,Charge_group2_D50,-0.21568717066281828,2.5207382210331228e-11,-0.2551881634116498,2.1443339768305205e-15,7.128929431202904e-11,9.549433976818584e-15,-0.03950099274883151
SecondaryStructure_C1,125,0.36452365,Charge_group2_D75,-0.11292161466604543,0.0005340892652901291,-0.15526973998243693,1.792402739952211e-06,0.0009334684176185408,4.405169353524934e-06,-0.0423481253163915
SecondaryStructure_C1,125,0.36452365,Charge_group2_D100,-0.24347114963634986,4.130640654232861e-14,-0.15863963080852866,1.0582433969042726e-06,1.316444635986427e-13,2.667572034460582e-06,0.0848315188278212
SecondaryStructure_C1,125,0.36452365,Charge_group3_D0,-0.05968662425785485,0.0678164911853478,-0.08321265547777673,0.01082811009393103,0.0888611536128135,0.01679965571295343,-0.023526031219921882
SecondaryStructure_C1,125,0.36452365,Charge_group3_D25,-0.10830928088512475,0.0008977782026262402,0.022703400812668296,0.4876049296437481,0.0015322325992701289,0.5434102319019415,0.08560588007245645
SecondaryStructure_C1,125,0.36452365,Charge_group3_D50,0.11357271304212847,0.0004955553247344296,0.14699273029543175,6.240545540095414e-06,0.0008732207488721759,1.445452295694777e-05,-0.03342001725330328
SecondaryStructure_C1,125,0.36452365,Charge_group3_D75,0.15487952088816848,1.9038174734110347e-06,0.16599581303417338,3.223029191236285e-07,4.0475813884104745e-06,8.476312991125348e-07,-0.011116292146004902
SecondaryStructure_C1,125,0.36452365,Charge_group3_D100,0.2946920862441612,3.142026873358509e-20,0.23541450687444979,2.8915505912782933e-13,1.2202755531415608e-19,1.1593972358786914e-12,0.059277579369711425
SecondaryStructure_C1,125,0.36452365,SecondaryStructure_C1,0.9999999999999999,0.0,1.0,0.0,0.0,0.0,-1.1102230246251565e-16
SecondaryStructure_C1,125,0.36452365,SecondaryStructure_C2,-0.6950595233135471,3.876277305163939e-136,-0.6983975642575456,5.636634392663196e-138,8.689104831709769e-135,2.4136357527557786e-136,-0.003338040943998477
SecondaryStructure_C1,125,0.36452365,SecondaryStructure_C3,-0.8598320350517843,3.304503857041406e-275,-0.8033041507338633,1.1824609635307217e-212,2.3483069962804887e-273,7.313740033690019e-211,0.056527884317920996
SecondaryStructure_C1,125,0.36452365,SecondaryStructure_T12,0.5184792086802649,1.3539589282716112e-65,0.3909073565006063,1.4229511319294513e-35,1.202718835219995e-64,1.105269018754504e-34,0.12757185217965855
SecondaryStructure_C1,125,0.36452365,SecondaryStructure_T13,0.5213183333522562,2.0316766752061908e-66,0.4364141596118705,7.52756558607491e-45,1.8241398105345907e-65,7.22473248778454e-44,0.08490417374038567
SecondaryStructure_C1,125,0.36452365,SecondaryStructure_T23,-0.9108380663445204,0.0,-0.8804188049450791,3.1118167510405607e-305,0.0,3.0569023377869036e-303,0.03041926139944129
SecondaryStructure_C1,125,0.36452365,SecondaryStructure_group1_D0,-0.06300882130430849,0.05384639517688942,-0.03059769866813859,0.3494903465132323,0.071737917786522,0.40390925860006777,0.032411122636169895
SecondaryStructure_C1,125,0.36452365,SecondaryStructure_group1_D25,0.005138752302907542,0.8751734350991739,-0.020474642350349077,0.5313364949378093,0.8955512479262381,0.5822388100696467,-0.015335890047441535
SecondaryStructure_C1,125,0.36452365,SecondaryStructure_group1_D50,0.328598515825452,4.975219603171925e-25,0.29252470562568117,6.069076845305969e-20,2.215631129945897e-24,3.2175740735431647e-19,0.03607381019977085
SecondaryStructure_C1,125,0.36452365,SecondaryStructure_group1_D75,0.2398956297271198,9.883111631028268e-14,0.16804889245084478,2.2910471245589518e-07,3.099492286162856e-13,6.102151033514273e-07,0.07184673727627502
SecondaryStructure_C1,125,0.36452365,SecondaryStructure_group1_D100,0.2519815359409861,4.892163787352375e-15,0.18309418080229667,1.6527783438611595e-08,1.6194080326815593e-14,4.8338701125186276e-08,0.06888735513868943
SecondaryStructure_C1,125,0.36452365,SecondaryStructure_group2_D0,0.10957386978231082,0.0007801305694622039,0.18751898176660395,7.304935175230866e-09,0.0013410376232649312,2.1843405500826983e-08,-0.07794511198429313
SecondaryStructure_C1,125,0.36452365,SecondaryStructure_group2_D25,0.062257059018249856,0.05677730643162892,0.029910953503514325,0.360417223546102,0.07534215474042137,0.4153876903533405,0.03234610551473553
SecondaryStructure_C1,125,0.36452365,SecondaryStructure_group2_D50,-0.11429135850689737,0.0004560371990377258,-0.1116080390366132,0.0006204570597199456,0.0008071882590280891,0.0011336578662279092,0.0026833194702841623
SecondaryStructure_C1,125,0.36452365,SecondaryStructure_group2_D75,-0.09468560762885056,0.003719495295566116,0.008299724874303067,0.7997091024443735,0.005859959569429636,0.8243914821494468,0.08638588275454749
SecondaryStructure_C1,125,0.36452365,SecondaryStructure_group2_D100,-0.31336220237850454,8.534480696314048e-23,-0.314110910111261,6.673672835807119e-23,3.558697319062287e-22,3.7908277672781935e-22,-0.0007487077327564817
SecondaryStructure_C1,125,0.36452365,SecondaryStructure_group3_D0,0.20905053293152978,1.032460388345702e-10,0.16687711463313534,2.785201423878878e-07,2.79224105026287e-10,7.348003756520894e-07,0.04217341829839444
SecondaryStructure_C1,125,0.36452365,SecondaryStructure_group3_D25,0.004733033928414274,0.8849574190918126,-0.016036154805180954,0.6239568056088387,0.9044546449714364,0.6685966412362917,-0.01130312087676668
SecondaryStructure_C1,125,0.36452365,SecondaryStructure_group3_D50,-0.3022943698686194,2.983977979545359e-21,-0.26180514101257324,3.7687835251672476e-16,1.1978950062117186e-20,1.7172901738142712e-15,0.04048922885604617
SecondaryStructure_C1,125,0.36452365,SecondaryStructure_group3_D75,-0.17845854961197116,3.806311650839356e-08,-0.1709899504163431,1.3948816464162407e-07,8.871654510679308e-08,3.769114415652335e-07,0.007468599195628062
SecondaryStructure_C1,125,0.36452365,SecondaryStructure_group3_D100,-0.25001481992498015,8.0672509978584e-15,-0.212759346341048,4.722283040221238e-11,2.6546422002804986e-14,1.637842715923046e-10,0.037255473583932136
SecondaryStructure_C1,125,0.36452365,SolventAccessibility_C1,0.21362283565256573,3.9278643858180386e-11,0.19073918547476768,3.982241522944524e-09,1.0905292642254571e-10,1.2191280189399368e-08,0.02288365017779806
SecondaryStructure_C1,125,0.36452365,SolventAccessibility_C2,0.5407191634176847,2.915261889507514e-72,0.37316052014714923,2.4946204511566e-32,2.932823708119005e-71,1.79183490470173e-31,0.16755864327053543
SecondaryStructure_C1,125,0.36452365,SolventAccessibility_C3,-0.7198974254573389,1.8919197458606245e-150,-0.5967337982446724,1.8415507200450168e-91,5.355094873876683e-149,4.128039869094198e-90,0.1231636272126665
SecondaryStructure_C1,125,0.36452365,SolventAccessibility_T12,0.6035530364684137,4.6013569919871026e-94,0.43499588535233824,1.5409150000744001e-44,6.272870348259969e-93,1.4621182102978684e-43,0.1685571511160755
SecondaryStructure_C1,125,0.36452365,SolventAccessibility_T13,-0.5511449202799446,1.4578210089590387e-75,-0.42118885552617735,1.3820532524055057e-41,1.5408614461782244e-74,1.2083921107419868e-40,0.1299560647537672
SecondaryStructure_C1,125,0.36452365,SolventAccessibility_T23,-0.10927414027847904,0.0008066461122752922,-0.12079542826902401,0.00021035360076916985,0.001385191781490733,0.0004070573734467134,-0.01152128799054497
SecondaryStructure_C1,125,0.36452365,SolventAccessibility_group1_D0,0.17761877579556254,4.417050017100084e-08,0.18932238695023668,5.207387733302917e-09,1.0209651942639642e-07,1.5782826705291963e-08,-0.011703611154674137
SecondaryStructure_C1,125,0.36452365,SolventAccessibility_group1_D25,0.335581831368592,4.259926634352559e-26,0.2640096684354228,2.0885213974394538e-16,1.9331732280893407e-25,9.674981230856833e-16,0.0715721629331692
SecondaryStructure_C1,125,0.36452365,SolventAccessibility_group1_D50,0.17041776940641204,1.5372831049187648e-07,0.03953667829357475,0.22662711978551628,3.478675860724034e-07,0.27169223980029594,0.1308810911128373
SecondaryStructure_C1,125,0.36452365,SolventAccessibility_group1_D75,0.08017669896452945,0.01409150700096502,-0.055519059759934805,0.08941243010164647,0.020642821659308405,0.11702097043083826,0.024657639204594642
SecondaryStructure_C1,125,0.36452365,SolventAccessibility_group1_D100,-0.1251711751995107,0.0001222598266751129,-0.13108776281010773,5.7053122134687134e-05,0.00022774557785548081,0.00011857960667694775,-0.005916587610597018
SecondaryStructure_C1,125,0.36452365,SolventAccessibility_group2_D0,0.017561098307532386,0.5913525369211817,0.009360560324785834,0.7747595563154386,0.6354946825343458,0.803632583258871,0.008200537982746552
SecondaryStructure_C1,125,0.36452365,SolventAccessibility_group2_D25,-0.3256360515460129,1.3846234267189318e-24,-0.10951206074591766,0.0007855314740790677,6.077059454981908e-24,0.0014143801204442514,0.21612399080009523
SecondaryStructure_C1,125,0.36452365,SolventAccessibility_group2_D50,-0.01303437904393907,0.6902818410676461,0.13457095722738224,3.586970781034563e-05,0.7293708792046625,7.650371908464522e-05,-0.12153657818344317
SecondaryStructure_C1,125,0.36452365,SolventAccessibility_group2_D75,-0.06993109485233769,0.0323235824408374,0.08321147187725315,0.010829239146703213,0.04479699807153399,0.01679965571295343,-0.013280377024915468
SecondaryStructure_C1,125,0.36452365,SolventAccessibility_group2_D100,0.25661762705774255,1.4790768953627884e-15,0.1569488137478655,1.3804160423621757e-06,5.010260477192407e-15,3.433052555092827e-06,0.09966881330987704
SecondaryStructure_C1,125,0.36452365,SolventAccessibility_group3_D0,-0.21690460841455636,1.9364593098961126e-11,-0.1304812993029552,6.178233016007898e-05,5.5138739088261004e-11,0.00012785190999669378,0.08642330911160115
SecondaryStructure_C1,125,0.36452365,SolventAccessibility_group3_D25,-0.14927189684400083,4.4555682612592955e-06,-0.1871644330806508,7.804534131596736e-09,9.25472511977988e-06,2.327423571386884e-08,-0.03789253623664998
SecondaryStructure_C1,125,0.36452365,SolventAccessibility_group3_D50,-0.17151983205867619,1.2744297274205694e-07,-0.14092680550691378,1.4931226488105892e-05,2.8936745680385463e-07,3.3224714503846556e-05,0.03059302655176241
SecondaryStructure_C1,125,0.36452365,SolventAccessibility_group3_D75,0.1059392520216754,0.0011635696404852874,0.08525476779277037,0.009028882475369468,0.0019587412410928934,0.014184603700721552,0.020684484228905023
SecondaryStructure_C1,125,0.36452365,SolventAccessibility_group3_D100,-0.2238028828264169,4.218929095686057e-12,-0.13634273019638712,2.820302051990038e-05,1.2426122733325776e-11,6.0733777264002106e-05,0.08746015263002976
AAC_H,6,0.30149344,AAC_A,-0.24728806093377645,1.602498655506961e-14,-0.19461655553633686,1.8913403172146773e-09,5.1914117452892815e-14,5.865437938251645e-09,0.05267150539743959
AAC_H,6,0.30149344,AAC_C,-0.24825099051719263,1.2587711574337386e-14,-0.2332706590678046,4.795364452144581e-13,4.097754060261878e-14,1.8932053510830855e-12,0.01498033144938804
AAC_H,6,0.30149344,AAC_D,0.21656957048357026,2.0825333547391072e-11,0.12685571952787048,9.87397168016378e-05,5.914678065330459e-11,0.00019902875927427292,0.08971385095569978
AAC_H,6,0.30149344,AAC_E,0.46891847199197206,2.1280015099698067e-52,0.3212288458672174,6.21699542751877e-24,1.5900503452570814e-51,3.64294118033556e-23,0.14768962612475467
AAC_H,6,0.30149344,AAC_F,0.18566382644272955,1.0311798569089938e-08,0.12560089312636744,0.0001158037135945089,2.5121376528636317e-08,0.0002316074271890178,0.060062933316362116
AAC_H,6,0.30149344,AAC_G,-0.3870044703451142,7.652454190017291e-35,-0.3341474506806214,7.094216423503989e-26,4.310151263854596e-34,4.355640230607229e-25,0.0528570196644928
AAC_H,6,0.30149344,AAC_H,1.0,0.0,0.9999999999999994,0.0,0.0,0.0,5.551115123125783e-16
AAC_H,6,0.30149344,AAC_I,0.2237039936862564,4.313652629625216e-12,0.11615801676985921,0.0003666815533305358,1.2671591717632561e-11,0.0006853477269860043,0.1075459769163972
AAC_H,6,0.30149344,AAC_K,0.15016775594500228,3.897578055419785e-06,-0.03341301013161155,0.3069193748662851,8.120967376857193e-06,0.3594357335390576,0.11675474581339074
AAC_H,6,0.30149344,AAC_L,0.47046019380040616,8.897861907746875e-53,0.37749898277418453,4.191928545755543e-33,6.69343666033211e-52,3.077151943477696e-32,0.09296121102622162
AAC_H,6,0.30149344,AAC_M,0.17472623055699138,7.334877151921814e-08,0.06344643184700556,0.05219910934451969,1.6768302318561847e-07,0.07168792155045056,0.11127979870998582
AAC_H,6,0.30149344,AAC_N,-0.20669245141266154,1.685058933724018e-10,-0.22806958260492408,1.6025316267421566e-12,4.50608233678e-10,6.152247854389429e-12,-0.021377131192262533
AAC_H,6,0.30149344,AAC_P,-0.18930509224388586,5.224400214004862e-09,0.03402464485529202,0.2981444158536004,1.2944730500575845e-08,0.3501414729082368,0.15528044738859384
AAC_H,6,0.30149344,AAC_Q,0.08942376729675813,0.006160058339582523,0.0513416654544336,0.11629191396370298,0.009424917477877062,0.14751803746250206,0.03808210184232453
AAC_H,6,0.30149344,AAC_R,0.12911016985312537,7.387582738561768e-05,0.20696787463445143,1.591831382052566e-10,0.0001401165607427388,5.300814372936761e-10,-0.07785770478132606
AAC_H,6,0.30149344,AAC_S,-0.3994532676846206,3.3016367166175564e-37,-0.2309455322374302,8.253508110596441e-13,1.9797965230704916e-36,3.201709301903846e-12,0.1685077354471904
AAC_H,6,0.30149344,AAC_T,-0.5292016347951489,9.532857903693164e-69,-0.3898362216440417,2.263000599899571e-35,8.968942365728215e-68,1.7496347230705016e-34,0.13936541315110723
AAC_H,6,0.30149344,AAC_V,-0.031758747408138645,0.33149997562980493,-0.047669502900336336,0.14482225870036392,0.3823238669211148,0.18021845903845585,-0.01591075549219769
AAC_H,6,0.30149344,AAC_W,-0.0031576897476852162,0.9231000162209424,0.06580945062528665,0.04401459940727022,0.9357068449705456,0.06135591069293929,-0.06265176087760144
AAC_H,6,0.30149344,AAC_Y,-0.03694359932137671,0.2585872602222614,-0.07628148417097698,0.01952789235286271,0.30627001742636634,0.02894947201889101,-0.03933788484960027
AAC_H,6,0.30149344,Hydrophobicity_C1,0.3513223867883472,1.3207338188941308e-28,0.1678077851918636,2.3852584077107966e-07,6.439782416213718e-28,6.337918123909356e-07,0.1835146015964836
AAC_H,6,0.30149344,Hydrophobicity_C2,-0.4549744429313752,4.639187379071559e-49,-0.28524757345053714,5.311270480173069e-19,3.3038136132407266e-48,2.7460748303061996e-18,0.16972686948083804
AAC_H,6,0.30149344,Hydrophobicity_C3,0.47490150106572004,7.039002937640716e-54,0.3385862255317489,1.45093158346628e-26,5.429623513099305e-53,9.143606582598821e-26,0.13631527553397116
AAC_H,6,0.30149344,Hydrophobicity_T12,-0.03278236042916977,0.3161442111766877,-0.08695999631201706,0.007736031877733102,0.36689425480546795,0.012234065564218069,-0.05417763588284729
AAC_H,6,0.30149344,Hydrophobicity_T13,0.40358079637179667,5.152424049970472e-38,0.2301743622673223,9.869381712478548e-13,3.1576323535598852e-37,3.819668009232717e-12,0.17340643410447437
AAC_H,6,0.30149344,Hydrophobicity_T23,-0.07394692382550364,0.023597053760976667,0.0201199922105391,0.5384739711536,0.033466734421087926,0.5889008066971264,0.05382693161496453
AAC_H,6,0.30149344,Hydrophobicity_group1_D0,0.027750776616955075,0.3961632417407979,0.021991963286761434,0.5013502609152384,0.4465694321344128,0.5568705924366133,0.005758813330193641
AAC_H,6,0.30149344,Hydrophobicity_group1_D25,-0.24551402410947015,2.493430498874969e-14,-0.055624552648691816,0.08880455313482923,8.023177135108282e-14,0.11644302934890972,0.18988947146077834
AAC_H,6,0.30149344,Hydrophobicity_group1_D50,-0.029692631466196714,0.36393533928698985,0.08368579542276844,0.010385056856473653,0.4144327693641734,0.016193319281336136,-0.05399316395657172
AAC_H,6,0.30149344,Hydrophobicity_group1_D75,-0.06709994678883245,0.04002092231418012,0.054489621047191523,0.09552152761598806,0.05469307713967332,0.12399607549063356,0.012610325741640928
AAC_H,6,0.30149344,Hydrophobicity_group1_D100,0.11788259563864026,0.0002989147417079044,0.01470354275556892,0.6530669369733504,0.000538497970498598,0.694442397163639,0.10317905288307133
AAC_H,6,0.30149344,Hydrophobicity_group2_D0,0.10050623899109101,0.002068355823718357,0.017373906002697906,0.5953125111077769,0.003387398714043775,0.6416081920296789,0.0831323329883931
AAC_H,6,0.30149344,Hydrophobicity_group2_D25,0.1390337521408266,1.9462915631199625e-05,-0.052889913420389414,0.10567213457799883,3.8487944469038926e-05,0.1356437084898217,0.0861438387204372
AAC_H,6,0.30149344,Hydrophobicity_group2_D50,-0.05530070646767883,0.0906812659465104,-0.16313384143511783,5.150915045825334e-07,0.11626695902546821,1.3388370624946782e-06,-0.107833134967439
AAC_H,6,0.30149344,Hydrophobicity_group2_D75,0.05354462954509321,0.1014190277550089,-0.05146049052722244,0.11544828679530995,0.12943811719592271,0.1466149345613442,0.002084139017870773
AAC_H,6,0.30149344,Hydrophobicity_group2_D100,-0.08533710221465625,0.00896228768126351,-0.021766191409715523,0.5057547268966675,0.013471665551494205,0.5612029195464682,0.06357091080494073
AAC_H,6,0.30149344,Hydrophobicity_group3_D0,-0.2136475682186644,3.907150856894512e-11,-0.08737061328950775,0.00745059715170141,1.0856808537460623e-10,0.01182185011243834,0.12627695492915664
AAC_H,6,0.30149344,Hydrophobicity_group3_D25,-0.050350504124018175,0.12351856091740085,0.1313272012432464,5.5281974332039815e-05,0.1553283107922134,0.00011496998397821482,-0.08097669711922822
AAC_H,6,0.30149344,Hydrophobicity_group3_D50,0.006586206764279902,0.8404328396159999,0.09651042892729399,0.0031045660290127185,0.8637063644053661,0.005138379849803013,-0.08992422216301409
AAC_H,6,0.30149344,Hydrophobicity_group3_D75,0.05917125931549683,0.07022945968208359,0.08795499932751881,0.007060627235126793,0.09180680835153003,0.011240464711784312,-0.028783740012021983
AAC_H,6,0.30149344,Hydrophobicity_group3_D100,-0.08185418060824703,0.012194818825393158,-0.06861967766746654,0.035715507452456066,0.017998539494835684,0.05063234078573992,0.01323450294078049
AAC_H,6,0.30149344,NormVanDerWaalsVolume_C1,-0.544160853392794,2.4422459845639316e-73,-0.4058050409189117,1.873067014492877e-38,2.5021784013630467e-72,1.5184572399044196e-37,0.1383558124738823
AAC_H,6,0.30149344,NormVanDerWaalsVolume_C2,0.4303707386158473,1.5566254945701564e-43,0.2684237856739765,6.298953316970552e-17,1.0336240858577181e-42,3.0098002973793484e-16,0.16194695294187078
AAC_H,6,0.30149344,NormVanDerWaalsVolume_C3,0.5183913077338033,1.4354402000545074e-65,0.40728388157930345,9.51747100318341e-39,1.2683519227994854e-64,7.772213484262247e-38,0.11110742615449981
AAC_H,6,0.30149344,NormVanDerWaalsVolume_T12,-0.2480599575442256,1.3206370182872422e-14,-0.17530376436531414,6.632925999966223e-08,4.2949636232515955e-14,1.8385039701151192e-07,0.07275619317891147
AAC_H,6,0.30149344,NormVanDerWaalsVolume_T13,0.056495355530625034,0.08391282627799765,0.049524896530226147,0.12980136004088735,0.10825370404345776,0.1626168576656278,0.0069704590003988876
AAC_H,6,0.30149344,NormVanDerWaalsVolume_T23,0.48046753756481214,2.77738474976713e-55,0.3507291211492678,1.6519047457506436e-28,2.1982144701948372e-54,1.0692561726370444e-27,0.12973841641554434
AAC_H,6,0.30149344,NormVanDerWaalsVolume_group1_D0,0.12733210729731692,9.29054858174398e-05,0.04785925911598432,0.14322754349110964,0.000174819336693098,0.17836688861308955,0.0794728481813326
AAC_H,6,0.30149344,NormVanDerWaalsVolume_group1_D25,0.12485768778662654,0.00012718179644795024,-0.03265292159850168,0.31805982493023793,0.00023612406900286483,0.3707922566376945,0.09220476618812486
AAC_H,6,0.30149344,NormVanDerWaalsVolume_group1_D50,-0.14920370860610974,4.50103340728853e-06,-0.2321264877088252,6.268777565854387e-13,9.343350888964383e-06,2.448855797655398e-12,-0.08292277910271548
AAC_H,6,0.30149344,NormVanDerWaalsVolume_group1_D75,-0.06384872431324758,0.0507220991302617,-0.17566682519291701,6.225400250266543e-08,0.06790052548900764,1.7298533141339646e-07,-0.11181810087966944
AAC_H,6,0.30149344,NormVanDerWaalsVolume_group1_D100,-0.2576495150044075,1.1296131423850555e-15,-0.2166154524453734,2.0619103741588717e-11,3.8381565570356925e-15,7.326362393287906e-11,0.041034062559034135
AAC_H,6,0.30149344,NormVanDerWaalsVolume_group2_D0,0.02162125105711378,0.508592973111483,0.043338594666959065,0.1850166178649876,0.558048794412731,0.2252024430280826,-0.021717343609845285
AAC_H,6,0.30149344,NormVanDerWaalsVolume_group2_D25,-0.11357898224128321,0.0004951972057744079,0.04310042478031033,0.18744504256264505,0.0008732207488721759,0.2276605244215398,0.07047855746097288
AAC_H,6,0.30149344,NormVanDerWaalsVolume_group2_D50,0.06407336666207587,0.04991264786309022,0.11655340535401895,0.0003499845079298767,0.06700492116668864,0.0006563437711879776,-0.05248003869194308
AAC_H,6,0.30149344,NormVanDerWaalsVolume_group2_D75,0.056361645462363434,0.08464946811327312,0.0735076425874716,0.024439835925621236,0.10911973118422702,0.03569263314017268,-0.017145997125108163
AAC_H,6,0.30149344,NormVanDerWaalsVolume_group2_D100,0.009627332278794457,0.7685206741444179,-0.055619883256901016,0.0888313888565934,0.8003925948370302,0.11644302934890972,-0.04599255097810656
AAC_H,6,0.30149344,NormVanDerWaalsVolume_group3_D0,-0.1830123629154103,1.6776077729850398e-08,-0.12123112286785148,0.00019944870358520298,4.016637965426547e-08,0.0003870765078295049,0.061781240047558805
AAC_H,6,0.30149344,NormVanDerWaalsVolume_group3_D25,-0.09971706829713656,0.002243637284108437,-0.03545271658479336,0.27831337162919195,0.0036572711219727575,0.32870108247577834,0.0642643517123432
AAC_H,6,0.30149344,NormVanDerWaalsVolume_group3_D50,0.06719111894561838,0.03975077056810229,0.12854509606848016,7.94832669441145e-05,0.054368375797486344,0.0001619732224486531,-0.06135397712286178
AAC_H,6,0.30149344,NormVanDerWaalsVolume_group3_D75,0.09469653722884556,0.003715504467472027,0.1564200839805081,1.4991861635372998e-06,0.005856434601867187,3.711847135815108e-06,-0.06172354675166254
AAC_H,6,0.30149344,NormVanDerWaalsVolume_group3_D100,0.11854663140144638,0.00027609589922281786,0.07599221005769344,0.01999638439167098,0.0004992746634565303,0.02959145940105497,0.04255442134375294
AAC_H,6,0.30149344,Polarity_C1,0.43842180965558036,2.714623560353865e-45,0.2906827995761213,1.0572325632918232e-19,1.8579595679471126e-44,5.552133272633159e-19,0.14773901007945905
AAC_H,6,0.30149344,Polarity_C2,-0.5498406153933671,3.8287553515068458e-75,-0.40728596850807214,9.508359219519486e-39,4.034082925562418e-74,7.772213484262247e-38,0.142554646885295
AAC_H,6,0.30149344,Polarity_C3,0.5464157258393042,4.7363965157862636e-74,0.40740840470167106,8.988672400712825e-39,4.9129081871820255e-73,7.3946221227539e-38,0.13900732113763314
AAC_H,6,0.30149344,Polarity_T12,-0.3598824217362254,4.960400307614474e-30,-0.24219387367589135,5.650208581653068e-14,2.4951411185892085e-29,2.3648742685114344e-13,0.11768854806033408
AAC_H,6,0.30149344,Polarity_T13,0.5095939993304558,4.5691210879462915e-63,0.3563108311399445,1.9747963826210315e-29,3.923101396848487e-62,1.3191639835908492e-28,0.1532831681905113
AAC_H,6,0.30149344,Polarity_T23,-0.07302102637941713,0.025403717427343958,-0.05308076693365903,0.10441799193156083,0.03578591995247946,0.13413695886592814,0.0199402594457581
AAC_H,6,0.30149344,Polarity_group1_D0,-0.11824529342754105,0.0002862412310673056,-0.019090306549154494,0.559465151093471,0.0005165022753996762,0.6072842394059775,0.09915498687838656
AAC_H,6,0.30149344,Polarity_group1_D25,-0.04219390184040626,0.19690307368478413,0.09967412653814142,0.0022535539950861287,0.23810871329007205,0.0038226868174645354,-0.057480224697735165
AAC_H,6,0.30149344,Polarity_group1_D50,0.0021020618964130533,0.9487637988222014,0.07977555301376983,0.014581881596569073,0.9556306055688035,0.02216389177391578,-0.07767349111735677
AAC_H,6,0.30149344,Polarity_group1_D75,0.029917276800160757,0.3603156463754378,0.09446007289761504,0.003802720162400905,0.41122905528829856,0.006238254097455316,-0.06454279609745428
AAC_H,6,0.30149344,Polarity_group1_D100,-0.12942173348744734,7.094599538319597e-05,-0.15070604400995757,3.5951573175037512e-06,0.0001347893200113052,8.510152686366073e-06,-0.02128431052251023
AAC_H,6,0.30149344,Polarity_group2_D0,0.12117382199318187,0.00020085196006650909,0.037586605900647475,0.2503855242898467,0.0003677881286305594,0.29729386815786984,0.08358721609253439
AAC_H,6,0.30149344,Polarity_group2_D25,0.17616335900351976,5.7070671357762986e-08,-0.007487876961957397,0.8189430850460715,1.3127826607088732e-07,0.8426586272501166,0.16867548204156235
AAC_H,6,0.30149344,Polarity_group2_D50,-0.03544990126603588,0.2783515636371507,-0.16698591533505064,2.7353037410996316e-07,0.3275878162607763,7.222066794682031e-07,-0.13153601406901477
AAC_H,6,0.30149344,Polarity_group2_D75,-0.021844082548456288,0.5042328952887887,-0.15004127016559324,3.972093729562186e-06,0.5538105459600638,9.395745790890723e-06,-0.12819718761713694
AAC_H,6,0.30149344,Polarity_group2_D100,-0.21462671992348484,3.167563597332322e-11,-0.191474452356089,3.4619592561663234e-09,8.883007905197276e-11,1.066692243136118e-08,0.02315226756739583
AAC_H,6,0.30149344,Polarity_group3_D0,-0.0012538453700622172,0.9694249225259872,0.012461985110745553,0.703223557783406,0.9723361084795187,0.740702202143354,-0.011208139740683336
AAC_H,6,0.30149344,Polarity_group3_D25,-0.3083828227560217,4.303352540318816e-22,-0.10683818378391416,0.0010552039449758157,1.759265298000593e-21,0.001856892084414765,0.20154463897210753
AAC_H,6,0.30149344,Polarity_group3_D50,-0.04003514296215498,0.22082060835822048,0.1052273750601929,0.0012565733179566666,0.2648261514960346,0.002193403168826204,-0.06519223209803793
AAC_H,6,0.30149344,Polarity_group3_D75,-0.002566991527672093,0.9374525860166804,0.1248948151386601,0.0001265892852623078,0.9459491351346563,0.00025227220332703343,-0.12232782361098801
AAC_H,6,0.30149344,Polarity_group3_D100,0.21216910802629443,5.353487584004349e-11,0.13611809118700588,2.908089809758077e-05,1.4789618304858993e-10,6.25435928177204e-05,0.07605101683928855
AAC_H,6,0.30149344,Polarizability_C1,-0.5472128849863527,2.644334280328954e-74,-0.42666124734372,9.69532359715997e-43,2.7600239050933456e-73,8.70494107917051e-42,0.12055163764263266
AAC_H,6,0.30149344,Polarizability_C2,0.37872443131723704,2.5204974102962586e-33,0.2617386945276991,3.8361081918003277e-16,1.3688555041283746e-32,1.7455860164323016e-15,0.11698573678953794
AAC_H,6,0.30149344,Polarizability_C3,0.5183913077338033,1.4354402000545074e-65,0.40728388157930345,9.51747100318341e-39,1.2683519227994854e-64,7.772213484262247e-38,0.11110742615449981
AAC_H,6,0.30149344,Polarizability_T12,-0.475736140625765,4.351539009837374e-54,-0.33686567413129775,2.692475665695943e-26,3.372190323168638e-53,1.6903888577865508e-25,0.13887046649446727
AAC_H,6,0.30149344,Polarizability_T13,0.027478552313134414,0.40081483744423657,0.004583141640756216,0.8885766198861802,0.4513558857261464,0.9037289617600006,0.0228954106723782
AAC_H,6,0.30149344,Polarizability_T23,0.49141310233904895,4.0391216628789474e-58,0.3717157224976414,4.4911430335215777e-32,3.3146600378416915e-57,3.205217464094459e-31,0.11969737984140755
AAC_H,6,0.30149344,Polarizability_group1_D0,0.11273893690664413,0.0005453911316430193,0.045146927258474454,0.16733204400750365,0.0009522249763134785,0.20539839286477846,0.06759200964816968
AAC_H,6,0.30149344,Polarizability_group1_D25,0.15035899005602654,3.7874524661096987e-06,-0.003881022406503001,0.9055592033347623,7.906307023003995e-06,0.9168218777674242,0.14647796764952353
AAC_H,6,0.30149344,Polarizability_group1_D50,-0.08999338417018109,0.005839566985368866,-0.24821491490599024,1.2702319605748568e-14,0.008959188668411583,5.467235500412399e-14,-0.15822153073580913
AAC_H,6,0.30149344,Polarizability_group1_D75,-0.07187118044749223,0.027812690698788105,-0.2035546979274415,3.204730629783696e-10,0.038835446042622186,1.0392039129589848e-09,-0.13168351747994927
AAC_H,6,0.30149344,Polarizability_group1_D100,-0.19632867057589132,1.3547424327169493e-09,-0.19126349476073823,3.6040631558286126e-09,3.4514414380431815e-09,1.1094535429002365e-08,0.005065175815153089
AAC_H,6,0.30149344,Polarizability_group2_D0,0.06703604242312548,0.040211202585594887,0.04073142923330489,0.21288915584430132,0.05488574443640659,0.2561418517723222,0.026304613189820594
AAC_H,6,0.30149344,Polarizability_group2_D25,-0.09973775634237093,0.0022388739750308973,0.02145796927791701,0.5118003419962944,0.003653072338350365,0.5664059450853622,0.07827978706445393
AAC_H,6,0.30149344,Polarizability_group2_D50,-0.033832368440929746,0.30088473819564004,0.1217843867348697,0.0001863647383326701,0.3510146788590422,0.0003633731617227777,-0.08795201829393995
AAC_H,6,0.30149344,Polarizability_group2_D75,0.045491985311421096,0.16410660707410238,0.11258845298149539,0.0005548679106356598,0.20136519751194046,0.00101883387659324,-0.0670964676700743
AAC_H,6,0.30149344,Polarizability_group2_D100,-0.2046938365163379,2.5406985009221475e-10,-0.19419011916046364,2.054281339626465e-09,6.692376177507865e-10,6.364841998471608e-09,0.01050371735587427
AAC_H,6,0.30149344,Polarizability_group3_D0,-0.1830123629154103,1.6776077729850398e-08,-0.12123112286785148,0.00019944870358520298,4.016637965426547e-08,0.0003870765078295049,0.061781240047558805
AAC_H,6,0.30149344,Polarizability_group3_D25,-0.09971706829713656,0.002243637284108437,-0.03545271658479336,0.27831337162919195,0.0036572711219727575,0.32870108247577834,0.0642643517123432
AAC_H,6,0.30149344,Polarizability_group3_D50,0.06719111894561838,0.03975077056810229,0.12854509606848016,7.94832669441145e-05,0.054368375797486344,0.0001619732224486531,-0.06135397712286178
AAC_H,6,0.30149344,Polarizability_group3_D75,0.09469653722884556,0.003715504467472027,0.1564200839805081,1.4991861635372998e-06,0.005856434601867187,3.711847135815108e-06,-0.06172354675166254
AAC_H,6,0.30149344,Polarizability_group3_D100,0.11854663140144638,0.00027609589922281786,0.07599221005769344,0.01999638439167098,0.0004992746634565303,0.02959145940105497,0.04255442134375294
AAC_H,6,0.30149344,Charge_C1,0.2759874977985721,7.665926595703045e-18,0.1414596910429563,1.3849188080884154e-05,2.7800428696686395e-17,3.1002874122086514e-05,0.13452780675561582
AAC_H,6,0.30149344,Charge_C2,-0.43185857199243416,7.426429699229365e-44,-0.2741612544954556,1.2825023942752378e-17,4.960855039085216e-43,6.280876828268759e-17,0.15769731749697857
AAC_H,6,0.30149344,Charge_C3,0.44374686993975077,1.755334207905481e-46,0.29673068232165184,1.6828176925974744e-20,1.21383359304437e-45,9.036352239992869e-20,0.14701618761809893
AAC_H,6,0.30149344,Charge_T12,0.19673298246112425,1.2515407032006054e-09,0.08911545722831297,0.006340045319736353,3.193388807249826e-09,0.010180649696115105,0.10761752523281128
AAC_H,6,0.30149344,Charge_T13,0.3019319227577713,3.34376075113919e-21,0.14351076633157064,1.034127025422569e-05,1.334308352306439e-20,2.3378503429382876e-05,0.15842115642620067
AAC_H,6,0.30149344,Charge_T23,0.4229222267378211,5.988339384088521e-42,0.2817209017672715,1.4856257800004626e-18,3.8988408465605574e-41,7.575557412521444e-18,0.1412013249705496
AAC_H,6,0.30149344,Charge_group1_D0,0.04759815338840987,0.14542538262751714,0.0752104025621958,0.021311882429038122,0.18043119538480953,0.0314267935156677,-0.02761224917378593
AAC_H,6,0.30149344,Charge_group1_D25,-0.10820606583966748,0.000908071493679484,-0.04149879527118946,0.20438824745159767,0.0015466793810159816,0.24716029923545846,0.06670727056847803
AAC_H,6,0.30149344,Charge_group1_D50,0.046536517643425646,0.1546278578963318,0.07192278345982023,0.027700508953718075,0.19071530479089668,0.04009111122835111,-0.025386265816394582
AAC_H,6,0.30149344,Charge_group1_D75,0.020729889736701167,0.5262293454978186,0.08146472123242114,0.0126138063826305,0.5747567082938896,0.01940585597327769,-0.060734831495719975
AAC_H,6,0.30149344,Charge_group1_D100,-0.048977519834803286,0.13410153692764,-0.09069448027080579,0.005465745346590282,0.16756421000311172,0.00884047915622835,-0.0417169604360025
AAC_H,6,0.30149344,Charge_group2_D0,0.10388571088879031,0.0014507262508445357,0.10867635818603477,0.0008620392841909693,0.0024154664395916,0.0015413336237675788,-0.00479064729724446
AAC_H,6,0.30149344,Charge_group2_D25,0.06629952756804516,0.04246008009200361,-0.021261789253390246,0.5156678273739487,0.05767249593627168,0.5701193457229357,0.04503773831465492
AAC_H,6,0.30149344,Charge_group2_D50,-0.10366399506798983,0.0014853500142696931,-0.11659399231623803,0.0003483113292148812,0.002470651916165725,0.0006535729435829793,-0.012929997248248198
AAC_H,6,0.30149344,Charge_group2_D75,-0.07802584721148483,0.016900685550713657,-0.10434072777978697,0.001381984108801439,0.024457664531795327,0.0023965871876411244,-0.02631488056830214
AAC_H,6,0.30149344,Charge_group2_D100,-0.16283549092457208,5.406419001380171e-07,-0.08019834346176316,0.014065466122921658,1.1879894384611693e-06,0.021461241137760774,0.08263714746280892
AAC_H,6,0.30149344,Charge_group3_D0,-0.08839948932687151,0.0067763718023194286,-0.10839014591636317,0.0008897893529905346,0.010334740556962051,0.0015858572246469508,-0.01999065658949166
AAC_H,6,0.30149344,Charge_group3_D25,-0.11337255577454182,0.0005071165536494371,-0.009384651917500774,0.7741955329938749,0.0008909885792683429,0.8035466377251529,0.10398790385704104
AAC_H,6,0.30149344,Charge_group3_D50,0.056784958039221546,0.0823350960057431,0.07369822179880088,0.0240710542670957,0.10634153931136192,0.03521564662816454,-0.016913263759579335
AAC_H,6,0.30149344,Charge_group3_D75,0.07463676665926393,0.022324372844867685,0.07042939287455648,0.031109026144183875,0.031769665659078856,0.04451762952938052,0.004207373784707452
AAC_H,6,0.30149344,Charge_group3_D100,0.2290027840789742,1.2933780365980815e-12,0.1673566183819524,2.5716836284696916e-07,3.8708625826501724e-12,6.817002634197437e-07,0.061646165697021804
AAC_H,6,0.30149344,SecondaryStructure_C1,0.5835243433570031,1.3557574304329979e-86,0.46437779361100834,2.7045850825420803e-51,1.634740006370474e-85,2.971484926213996e-50,0.11914654974599476
AAC_H,6,0.30149344,SecondaryStructure_C2,-0.32992856388912317,3.1306636736031595e-25,-0.2674181880052412,8.293079875236991e-17,1.4035458617227586e-24,3.9233550684548936e-16,0.06251037588388197
AAC_H,6,0.30149344,SecondaryStructure_C3,-0.5554611177191193,5.790265811037801e-77,-0.4203869953427491,2.0315792178685655e-41,6.279054483398135e-76,1.7670506738752627e-40,0.13507412237637023
AAC_H,6,0.30149344,SecondaryStructure_T12,0.37110720060365143,5.748035495075124e-32,0.23526139054992315,2.998426703036515e-13,3.0233761501654986e-31,1.1979360272897082e-12,0.13584581005372828
AAC_H,6,0.30149344,SecondaryStructure_T13,0.2591584739318012,7.59988394587278e-16,0.13935018283277517,1.862385609383032e-05,2.5913813888165695e-15,4.08428623462858e-05,0.11980829109902602
AAC_H,6,0.30149344,SecondaryStructure_T23,-0.5147899808046388,1.5503614413675598e-64,-0.38370123601673867,3.1224853839670206e-34,1.359109505030879e-63,2.354198912516896e-33,0.1310887447879001
AAC_H,6,0.30149344,SecondaryStructure_group1_D0,-0.02401578629944092,0.46279104806045585,0.007357343693269103,0.822046130888477,0.5135289370504725,0.8450705069767661,0.016658442606171817
AAC_H,6,0.30149344,SecondaryStructure_group1_D25,0.10811901015699717,0.0009168380414728985,0.09934593582321771,0.0023306786759224765,0.0015599791434128785,0.0039415021658638335,0.008773074333779454
AAC_H,6,0.30149344,SecondaryStructure_group1_D50,0.21895753219584688,1.2369534725308023e-11,0.16930180868323472,1.856460078761872e-07,3.567724178111295e-11,4.966474586878226e-07,0.04965572351261216
AAC_H,6,0.30149344,SecondaryStructure_group1_D75,0.2205504388127757,8.709171895617542e-12,0.15634482886273643,1.5168684609792889e-06,2.5294464462054427e-11,3.7445237691580377e-06,0.06420560995003927
AAC_H,6,0.30149344,SecondaryStructure_group1_D100,0.16363314376592847,4.749114674205195e-07,0.09249361852007427,0.0046031437164532375,1.0476910840056374e-06,0.007488796888920513,0.0711395252458542
AAC_H,6,0.30149344,SecondaryStructure_group2_D0,0.04664522488898086,0.15366574008419512,0.0976156554613441,0.0027786770607795713,0.18966872575063257,0.004649690071645174,-0.05097043057236324
AAC_H,6,0.30149344,SecondaryStructure_group2_D25,0.07867319636763737,0.016007608004927128,0.053600618202852356,0.10106172918970503,0.02322563455102372,0.13042742484297326,0.02507257816478501
AAC_H,6,0.30149344,SecondaryStructure_group2_D50,-0.03574382802631981,0.2743834280907041,-0.021971989811601617,0.501739093545265,0.3234876984902759,0.5569320612965055,0.013771838214718196
AAC_H,6,0.30149344,SecondaryStructure_group2_D75,-0.11638678486352129,0.00035693232496338874,-0.036516387381554966,0.26413818644907316,0.0006381980542707272,0.31273362025519474,0.07987039748196632
AAC_H,6,0.30149344,SecondaryStructure_group2_D100,-0.2054120298562368,2.1931896326884774e-10,-0.18565462362058283,1.0329358404551501e-08,5.832208099665218e-10,3.050402924067375e-08,0.019757406235653974
AAC_H,6,0.30149344,SecondaryStructure_group3_D0,0.12654970574384306,0.00010266775281891758,0.07855317862907683,0.016169985838626368,0.00019241077891466468,0.024360736446103773,0.04799652711476622
AAC_H,6,0.30149344,SecondaryStructure_group3_D25,-0.10434962677035861,0.001380670095285346,-0.13276069308456445,4.5719064499718e-05,0.0023045667757386587,9.609922934490756e-05,-0.02841106631420584
AAC_H,6,0.30149344,SecondaryStructure_group3_D50,-0.25550956159215577,1.9729348828524688e-15,-0.21080418866265854,7.145340950333806e-11,6.656164150229541e-15,2.442726588957514e-10,0.04470537292949722
AAC_H,6,0.30149344,SecondaryStructure_group3_D75,-0.17399925272618563,8.321081892535596e-08,-0.16301970890712916,5.247252974859197e-07,1.8996865017818789e-07,1.3607006937911273e-06,0.01097954381905647
AAC_H,6,0.30149344,SecondaryStructure_group3_D100,-0.21679757587796059,1.9820007104228098e-11,-0.17751535010097982,4.498529840143488e-08,5.638741373775285e-11,1.265803678692439e-07,0.03928222577698076
AAC_H,6,0.30149344,SolventAccessibility_C1,-0.04875343469466997,0.13589335485283516,-0.10230478379252003,0.0017147584704288433,0.16967618886297922,0.002949172652539823,-0.05355134909785006
AAC_H,6,0.30149344,SolventAccessibility_C2,0.3513223867883472,1.3207338188941308e-28,0.1678077851918636,2.3852584077107966e-07,6.439782416213718e-28,6.337918123909356e-07,0.1835146015964836
AAC_H,6,0.30149344,SolventAccessibility_C3,-0.30912936258765367,3.3831306719797477e-22,-0.07178898755889483,0.027992180489597812,1.3898716413791337e-21,0.04047343812304521,0.23734037502875882
AAC_H,6,0.30149344,SolventAccessibility_T12,0.3277505204891736,6.676618964428919e-25,0.10793802866387726,0.0009353141008201685,2.9536301114162368e-24,0.001661675051457108,0.21981249182529633
AAC_H,6,0.30149344,SolventAccessibility_T13,-0.28769069370053835,2.582147981556679e-19,-0.12184561186070182,0.00018496741811852634,9.734056725055651e-19,0.0003608593320770315,0.16584508183983654
AAC_H,6,0.30149344,SolventAccessibility_T23,0.07313041505823256,0.025184226658712335,0.08701631405477361,0.007696313083069994,0.03550667667374385,0.012182789430072881,-0.013885898996541052
AAC_H,6,0.30149344,SolventAccessibility_group1_D0,0.1439051479891365,9.771984006927952e-06,0.1446787083767822,8.740988162860836e-06,1.9804870499477767e-05,1.990109097747457e-05,-0.0007735603876456998
AAC_H,6,0.30149344,SolventAccessibility_group1_D25,0.33828717071828035,1.6159891994684433e-26,0.2754602750231782,8.897312682980053e-18,7.434440669730855e-26,4.389516153789273e-17,0.06282689569510214
AAC_H,6,0.30149344,SolventAccessibility_group1_D50,0.16618920523784445,3.121609803285071e-07,0.05985736057745829,0.06703226864069808,6.964713923161079e-07,0.09024094206365643,0.10633184466038616
AAC_H,6,0.30149344,SolventAccessibility_group1_D75,0.032523632146969905,0.3199807918399624,-0.08211634753149775,0.011919754256773914,0.3709600294152983,0.0183889049504041,-0.04959271538452785
AAC_H,6,0.30149344,SolventAccessibility_group1_D100,-0.2332116337007946,4.862275304312043e-13,-0.24643692521693367,1.9819978298822488e-14,1.4831049786668697e-12,8.465310424305257e-14,-0.013225291516139076
AAC_H,6,0.30149344,SolventAccessibility_group2_D0,0.027750776616955075,0.3961632417407979,0.021991963286761434,0.5013502609152384,0.4465694321344128,0.5568705924366133,0.005758813330193641
AAC_H,6,0.30149344,SolventAccessibility_group2_D25,-0.24551402410947015,2.493430498874969e-14,-0.055624552648691816,0.08880455313482923,8.023177135108282e-14,0.11644302934890972,0.18988947146077834
AAC_H,6,0.30149344,SolventAccessibility_group2_D50,-0.029692631466196714,0.36393533928698985,0.08368579542276844,0.010385056856473653,0.4144327693641734,0.016193319281336136,-0.05399316395657172
AAC_H,6,0.30149344,SolventAccessibility_group2_D75,-0.06709994678883245,0.04002092231418012,0.054489621047191523,0.09552152761598806,0.05469307713967332,0.12399607549063356,0.012610325741640928
AAC_H,6,0.30149344,SolventAccessibility_group2_D100,0.11788259563864026,0.0002989147417079044,0.01470354275556892,0.6530669369733504,0.000538497970498598,0.694442397163639,0.10317905288307133
AAC_H,6,0.30149344,SolventAccessibility_group3_D0,-0.1140120535242578,0.0004710337536731651,-0.027793466337041748,0.39543675030053754,0.0008324088556975511,0.45077090307296774,0.08621858718721606
AAC_H,6,0.30149344,SolventAccessibility_group3_D25,-0.18272446299381778,1.7678855246347508e-08,-0.2121147634480432,5.4155844739162885e-11,4.2267270238225254e-08,1.8724691659296484e-10,-0.029390300454225415
AAC_H,6,0.30149344,SolventAccessibility_group3_D50,-0.1850781499674713,1.1489103257761588e-08,-0.1583458901230482,1.1084723390934864e-06,2.788779424485734e-08,2.7920796474903803e-06,0.026732259844423095
AAC_H,6,0.30149344,SolventAccessibility_group3_D75,0.07673457359492708,0.01881333083846519,0.05453065579736101,0.09527178439256186,0.027038091652527425,0.1239126790775532,0.022203917797566072
AAC_H,6,0.30149344,SolventAccessibility_group3_D100,-0.11962697578959497,0.00024242233903284008,-0.03220681645669394,0.32471995639716444,0.0004417297394269972,0.3776339325788751,0.08742015933290104
SecondaryStructure_group2_D25,137,0.28626344,AAC_A,0.08351372554183141,0.010544285953824424,0.09729114685242539,0.0028709692293264343,0.01566633233352917,0.004787337606565297,-0.013777421310593979
SecondaryStructure_group2_D25,137,0.28626344,AAC_C,-0.04368978251518244,0.18147835355269717,-0.037624891148570955,0.24990297090524985,0.22089566358090693,0.2968264305915841,0.006064891366611487
SecondaryStructure_group2_D25,137,0.28626344,AAC_D,0.031084797143517934,0.3418687437891398,0.01440209047997397,0.6597278742787597,0.3919989089451163,0.7006331001879356,0.016682706663543965
SecondaryStructure_group2_D25,137,0.28626344,AAC_E,0.014404514333303661,0.6596742079791095,-0.024585087095894676,0.452249676503779,0.700576106407067,0.5085905452938121,-0.010180572762591015
SecondaryStructure_group2_D25,137,0.28626344,AAC_F,-0.08313707422940461,0.010900418100305178,-0.09683166341951957,0.003006431380104071,0.0161666946958345,0.004983365166028584,-0.013694589190114959
SecondaryStructure_group2_D25,137,0.28626344,AAC_G,-0.02073110356635023,0.5262051183988566,-0.005809519303243162,0.8590401479908104,0.5747567082938896,0.8785040092741295,0.014921584263107069
SecondaryStructure_group2_D25,137,0.28626344,AAC_H,0.07867319636763737,0.016007608004927128,0.053600618202852356,0.10106172918970503,0.02322563455102372,0.13042742484297326,0.02507257816478501
SecondaryStructure_group2_D25,137,0.28626344,AAC_I,-0.09844406285484324,0.0025552109123440653,-0.12387630613688204,0.00014382306128579833,0.0041248934012707485,0.00028390604296369174,-0.025432243282038802
SecondaryStructure_group2_D25,137,0.28626344,AAC_K,-0.017247782927679308,0.5979873848882012,-0.050633131148969134,0.12142311389271242,0.6422115323236631,0.15321239153821664,-0.03338534822128983
SecondaryStructure_group2_D25,137,0.28626344,AAC_L,0.04717869857159697,0.1490099678901359,0.024127804501942497,0.4607061332111046,0.18433084916779774,0.5168822589603929,0.023050894069654472
SecondaryStructure_group2_D25,137,0.28626344,AAC_M,0.036454325989150216,0.2649513472792648,0.01775189357910933,0.5873288271177951,0.3132522123584936,0.6342315818213501,0.018702432410040885
SecondaryStructure_group2_D25,137,0.28626344,AAC_N,-0.032562364783251405,0.3194045139517447,-0.03245392355793594,0.321019650155358,0.3705491756161262,0.37372102876225016,0.00010844122531546152
SecondaryStructure_group2_D25,137,0.28626344,AAC_P,0.016876866000762852,0.6058853477609759,0.060011047581293865,0.0663327453270988,0.6492322943604939,0.08937126639471965,-0.04313418158053101
SecondaryStructure_group2_D25,137,0.28626344,AAC_Q,-0.0978523530602781,0.002713074194273264,-0.10568414675479519,0.0011961421462923247,0.0043615441091804765,0.0020960728061995616,-0.007831793694517086
SecondaryStructure_group2_D25,137,0.28626344,AAC_R,0.0065904839020674245,0.8403306071702376,0.015823550965836645,0.6285634250314183,0.8637063644053661,0.6724541446524461,-0.00923306706376922
SecondaryStructure_group2_D25,137,0.28626344,AAC_S,-0.015318430959040051,0.6395659884629743,0.023752859415856812,0.4677052926334466,0.6813876878680492,0.524030753906646,-0.00843442845681676
SecondaryStructure_group2_D25,137,0.28626344,AAC_T,0.0188385505087006,0.5646571119849665,0.06731878459460493,0.039375082736174155,0.6121242304543292,0.055303942951565044,-0.04848023408590432
SecondaryStructure_group2_D25,137,0.28626344,AAC_V,-0.005312718481071035,0.8709839430052378,-0.0071477820322186185,0.8270336432466195,0.8915373489541816,0.8496746750057549,-0.0018350635511475838
SecondaryStructure_group2_D25,137,0.28626344,AAC_W,-0.024484546533151904,0.4541014109397227,-0.01463293282614296,0.6546246959630112,0.5045571232663586,0.6956810705536736,0.009851613707008945
SecondaryStructure_group2_D25,137,0.28626344,AAC_Y,0.009090777540137169,0.7810836510085448,0.0039810135039459625,0.9031378389123722,0.8117048520126134,0.9154720430856823,0.005109764036191206
SecondaryStructure_group2_D25,137,0.28626344,Hydrophobicity_C1,-0.0337903318822856,0.30148606761079505,-0.08125783470505271,0.012841512798961877,0.3514706686980997,0.019719840344152948,-0.04746750282276711
SecondaryStructure_group2_D25,137,0.28626344,Hydrophobicity_C2,0.049763613597299236,0.12795980832743495,0.10738701537686274,0.000993707652948371,0.1603698911120573,0.001757936208076038,-0.0576234017795635
SecondaryStructure_group2_D25,137,0.28626344,Hydrophobicity_C3,-0.057990433268621265,0.07602390771654455,-0.10439276577292188,0.0013743165354593596,0.09876306953452306,0.002385767790246497,-0.04640233250430061
SecondaryStructure_group2_D25,137,0.28626344,Hydrophobicity_T12,0.031559655494472254,0.33454167378989186,0.024425243177670607,0.4551956455007651,0.38490154683370265,0.5113869680365137,0.007134412316801647
SecondaryStructure_group2_D25,137,0.28626344,Hydrophobicity_T13,-0.02545945679681692,0.4363264879877949,-0.07324720117823962,0.024951703562946584,0.4877277342299983,0.03642425257877692,-0.04778774438142269
SecondaryStructure_group2_D25,137,0.28626344,Hydrophobicity_T23,-0.021194099864214343,0.5170057583183936,-0.006481581590627847,0.8429344305323452,0.5659781162843116,0.8633551051757231,0.014712518273586496
SecondaryStructure_group2_D25,137,0.28626344,Hydrophobicity_group1_D0,0.100856070587235,0.0019947437540313523,0.09983232527656447,0.0022172175779637377,0.0032723203037645955,0.0037667887641906835,0.0010237453106705374
SecondaryStructure_group2_D25,137,0.28626344,Hydrophobicity_group1_D25,-0.062061243950365955,0.05756212606750555,-0.033301941451871354,0.30853098630063314,0.07623215744070917,0.36056455361935436,0.0287593024984946
SecondaryStructure_group2_D25,137,0.28626344,Hydrophobicity_group1_D50,-0.06193781934024273,0.0580614186978716,-0.046680372305932284,0.15335564055531897,0.07683246372856226,0.1902703712684864,0.015257447034310444
SecondaryStructure_group2_D25,137,0.28626344,Hydrophobicity_group1_D75,-0.09615232963380847,0.003217393108389436,-0.08063351127348864,0.013550829114587784,0.005105032295496777,0.020732830619662482,0.015518818360319833
SecondaryStructure_group2_D25,137,0.28626344,Hydrophobicity_group1_D100,-0.040436616702326136,0.21622195460936716,-0.05939150260892206,0.06918979698622121,0.2598709350108983,0.09269712071158398,-0.01895488590659592
SecondaryStructure_group2_D25,137,0.28626344,Hydrophobicity_group2_D0,-0.03557349639018944,0.2766782514187769,-0.050497941961958795,0.12242194102304392,0.32584815223508984,0.1542396390105495,-0.014924445571769356
SecondaryStructure_group2_D25,137,0.28626344,Hydrophobicity_group2_D25,0.01091423860541897,0.7386408229254965,-0.020621693057619322,0.5283911508849596,0.7743441144291143,0.5797721563586613,-0.009707454452200353
SecondaryStructure_group2_D25,137,0.28626344,Hydrophobicity_group2_D50,-0.10093367466513542,0.0019787430158485966,-0.11809134483107553,0.00029155789535515543,0.003249263359358069,0.0005551900629910029,-0.01715767016594011
SecondaryStructure_group2_D25,137,0.28626344,Hydrophobicity_group2_D75,0.04617654159295427,0.15784646382482184,0.03105112479543212,0.3423921719334585,0.194111122663948,0.39639163059194155,0.015125416797522152
SecondaryStructure_group2_D25,137,0.28626344,Hydrophobicity_group2_D100,-0.060916409525404856,0.06233277718168557,-0.05093240936241568,0.11923458019755447,0.08209443051531144,0.15073561614679482,0.009984000162989178
SecondaryStructure_group2_D25,137,0.28626344,Hydrophobicity_group3_D0,-0.23289157498901444,5.24134192029346e-13,-0.22261533072999742,5.5043152625155385e-12,1.5943608391420906e-12,2.0291846552761478e-11,0.01027624425901702
SecondaryStructure_group2_D25,137,0.28626344,Hydrophobicity_group3_D25,0.21601167892077433,2.350007055048753e-11,0.2611395403853022,4.499151917234815e-16,6.663008118729062e-11,2.027957814246192e-15,-0.04512786146452785
SecondaryStructure_group2_D25,137,0.28626344,Hydrophobicity_group3_D50,0.11887090714274606,0.0002655547132409177,0.13425039969196817,3.745280902012697e-05,0.00048125487912352964,7.977830492807658e-05,-0.015379492549222107
SecondaryStructure_group2_D25,137,0.28626344,Hydrophobicity_group3_D75,0.017726108560259548,0.5878718712055463,0.02104700706309354,0.5199193329946589,0.6335889157233058,0.5734909419425894,-0.0033208985028339924
SecondaryStructure_group2_D25,137,0.28626344,Hydrophobicity_group3_D100,-0.023020220047540545,0.4815498175751409,-0.019831797638472724,0.5443091531317596,0.5316946746118911,0.5935333240156961,0.003188422409067821
SecondaryStructure_group2_D25,137,0.28626344,NormVanDerWaalsVolume_C1,0.03370796333567999,0.30266665755842087,0.08716359100355892,0.0075933053244230785,0.35247790664055983,0.012031138417254783,-0.053455627667878924
SecondaryStructure_group2_D25,137,0.28626344,NormVanDerWaalsVolume_C2,-0.05095899295090733,0.11904168433873837,-0.10184516667366732,0.0017994129760578992,0.1498677820171075,0.0030899945192973694,-0.05088617372275999
SecondaryStructure_group2_D25,137,0.28626344,NormVanDerWaalsVolume_C3,-0.0030481692998224853,0.9257593576202111,-0.037208316910285436,0.2551884715948974,0.9372647027740241,0.30256638094673666,-0.03416014761046295
SecondaryStructure_group2_D25,137,0.28626344,NormVanDerWaalsVolume_T12,-0.040419620278037346,0.2164152328597772,-0.02587038054349266,0.4289559908255708,0.2600096682559913,0.48484365798897,0.014549239734544687
SecondaryStructure_group2_D25,137,0.28626344,NormVanDerWaalsVolume_T13,0.014452571000957419,0.6586105513043802,0.012560338651742524,0.7009935592981468,0.6998915817233947,0.73905255304792,0.0018922323492148955
SecondaryStructure_group2_D25,137,0.28626344,NormVanDerWaalsVolume_T23,-0.01860119505212255,0.5695731880747334,-0.05771221302203077,0.07744438006952604,0.6166529815784796,0.10284860017185567,-0.03911101796990822
SecondaryStructure_group2_D25,137,0.28626344,NormVanDerWaalsVolume_group1_D0,-0.023512199032181023,0.47222855522495416,-0.03814554391237439,0.24340491822371982,0.5229586785316137,0.2899331051594951,-0.014633344880193366
SecondaryStructure_group2_D25,137,0.28626344,NormVanDerWaalsVolume_group1_D25,-0.09256899800447609,0.004569850264993278,-0.12561034200603852,0.00011566542719500962,0.007119076438935424,0.00023146945885640032,-0.03304134400156243
SecondaryStructure_group2_D25,137,0.28626344,NormVanDerWaalsVolume_group1_D50,-0.16730076972900756,2.595715489862285e-07,-0.17877917502609858,3.595409785225459e-08,5.795247149826225e-07,1.0222598957169055e-07,-0.011478405297091016
SecondaryStructure_group2_D25,137,0.28626344,NormVanDerWaalsVolume_group1_D75,-0.04642683872215047,0.1556031986852875,-0.06273022333680302,0.05491751688377911,0.19184742842704328,0.07511241047986168,-0.016303384614652548
SecondaryStructure_group2_D25,137,0.28626344,NormVanDerWaalsVolume_group1_D100,0.007162340673679595,0.8266869237024446,0.017892562517293036,0.5843703663954687,0.8522019522117793,0.631240952057201,-0.010730221843613441
SecondaryStructure_group2_D25,137,0.28626344,NormVanDerWaalsVolume_group2_D0,0.08113311205388726,0.012980534581682864,0.08423335934192132,0.009892476530035294,0.01908229995722745,0.015475818084458026,-0.0031002472880340554
SecondaryStructure_group2_D25,137,0.28626344,NormVanDerWaalsVolume_group2_D25,0.010597935105292404,0.7459503887937032,0.037335220824542534,0.25357015831961593,0.7805370609558172,0.3008612180417468,-0.02673728571925013
SecondaryStructure_group2_D25,137,0.28626344,NormVanDerWaalsVolume_group2_D50,0.026201554233244703,0.42306887425069023,0.032999329486522795,0.3129501999522032,0.4744963196767311,0.3650903485296398,-0.006797775253278092
SecondaryStructure_group2_D25,137,0.28626344,NormVanDerWaalsVolume_group2_D75,-0.04735605727531203,0.14748616036289924,-0.045880959537710014,0.16052698781741254,0.1829200800639003,0.19829180388241635,0.0014750977376020158
SecondaryStructure_group2_D25,137,0.28626344,NormVanDerWaalsVolume_group2_D100,-0.05153386807949329,0.11492972952235919,-0.06188623208388184,0.058271167992038256,0.1450738082406197,0.07940665079290403,-0.010352364004388548
SecondaryStructure_group2_D25,137,0.28626344,NormVanDerWaalsVolume_group3_D0,-0.1306690752130789,6.0279830690460934e-05,-0.1205627236468545,0.00021640452341543516,0.00011504836257493687,0.00041755696603555946,0.010106351566224414
SecondaryStructure_group2_D25,137,0.28626344,NormVanDerWaalsVolume_group3_D25,0.1265702971977746,0.00010239888382598395,0.13971141706619364,1.7708057524688637e-05,0.00019214172583077886,3.901379428262536e-05,-0.013141119868419038
SecondaryStructure_group2_D25,137,0.28626344,NormVanDerWaalsVolume_group3_D50,0.1417750229059582,1.3244510543165951e-05,0.15085064158369343,3.5178283878522458e-06,2.66005202731054e-05,8.368623087910613e-06,-0.009075618677735237
SecondaryStructure_group2_D25,137,0.28626344,NormVanDerWaalsVolume_group3_D75,0.06412532909386685,0.049726960113207506,0.07208171156872517,0.02735745338365788,0.06680871722893258,0.03964160273380361,-0.007956382474858317
SecondaryStructure_group2_D25,137,0.28626344,NormVanDerWaalsVolume_group3_D100,-0.004172203641459518,0.8985105388129735,-0.012487748904770432,0.7026391603847193,0.9160638582525431,0.7403201248217547,-0.008315545263310915
SecondaryStructure_group2_D25,137,0.28626344,Polarity_C1,-0.05180134464131999,0.11305495383958514,-0.09804618787350412,0.002660406838008681,0.1428152593888859,0.004467450396656105,-0.046244843232184134
SecondaryStructure_group2_D25,137,0.28626344,Polarity_C2,0.0314165257727342,0.3367394508511146,0.08833451135999731,0.00681727448338613,0.3871634305826929,0.010884176278446307,-0.05691798558726312
SecondaryStructure_group2_D25,137,0.28626344,Polarity_C3,-0.011963108622385268,0.7145736688446908,-0.06177092779266959,0.0587422581223991,0.7521828093102009,0.0799181841665226,-0.049807819170284325
SecondaryStructure_group2_D25,137,0.28626344,Polarity_T12,-0.025734868498458758,0.4313785677950397,-0.00039866437467818764,0.9902764144305362,0.48251989833738534,0.9917610867160392,0.02533620412378057
SecondaryStructure_group2_D25,137,0.28626344,Polarity_T13,-0.0026414963042894063,0.935641080233312,-0.05134489877295625,0.11626889441200211,0.9455495334279159,0.14751803746250206,-0.04870340246866684
SecondaryStructure_group2_D25,137,0.28626344,Polarity_T23,0.004141673388916783,0.899249223623173,0.008276342899950512,0.8002614261088364,0.9165372007633195,0.824706313854833,-0.00413466951103373
SecondaryStructure_group2_D25,137,0.28626344,Polarity_group1_D0,-0.16150329172320588,6.703926621667444e-07,-0.14954924689938748,4.275129121892266e-06,1.4615610258726672e-06,1.0098254078585693e-05,0.0119540448238184
SecondaryStructure_group2_D25,137,0.28626344,Polarity_group1_D25,0.4026467333474786,7.862653923669993e-38,0.4442852641468576,1.3271780652432321e-46,4.800962359242738e-37,1.3271780652432321e-45,-0.041638530799379014
SecondaryStructure_group2_D25,137,0.28626344,Polarity_group1_D50,0.21863978920802862,1.3261978233147122e-11,0.2333512606257661,4.705450847357517e-13,3.821829792813752e-11,1.8599060154052195e-12,-0.014711471417737487
SecondaryStructure_group2_D25,137,0.28626344,Polarity_group1_D75,0.0987808635827125,0.0024691461457683477,0.1087607193322284,0.0008540141437410678,0.004005317205860262,0.0015278024853214605,-0.009979855749515903
SecondaryStructure_group2_D25,137,0.28626344,Polarity_group1_D100,-0.015875336275617286,0.6274400204295268,-0.016953598517183876,0.6042476553300329,0.6699647276964896,0.6498064596895177,-0.0010782622415665896
SecondaryStructure_group2_D25,137,0.28626344,Polarity_group2_D0,-0.029079662440425848,0.3739270191031494,-0.044392666420058055,0.17454772324991447,0.424368414476561,0.21354922917755104,-0.015313003979632207
SecondaryStructure_group2_D25,137,0.28626344,Polarity_group2_D25,-0.10859760009746217,0.0008695943743749139,-0.152675636897556,2.6689138189467545e-06,0.0014871711266831605,6.4455330117730725e-06,-0.04407803680009384
SecondaryStructure_group2_D25,137,0.28626344,Polarity_group2_D50,-0.18679976320485872,8.352951531380633e-09,-0.2121296059497254,5.3985551908952854e-11,2.0498793618524112e-08,1.868515475397954e-10,-0.025329842744866687
SecondaryStructure_group2_D25,137,0.28626344,Polarity_group2_D75,-0.038563919283080256,0.2382699471755008,-0.058267299348554964,0.07463148765839257,0.2838165561933569,0.09931042580837897,-0.01970338006547471
SecondaryStructure_group2_D25,137,0.28626344,Polarity_group2_D100,-0.08306085980478514,0.010973765388272338,-0.07666136729407516,0.018927213732344284,0.016253825453139515,0.02814643538113531,0.006399492510709981
SecondaryStructure_group2_D25,137,0.28626344,Polarity_group3_D0,0.0698425270360387,0.032543650792902244,0.07207586978035095,0.027369998131460474,0.0450645910647983,0.03964258185562792,-0.00223334274431225
SecondaryStructure_group2_D25,137,0.28626344,Polarity_group3_D25,-0.08466561147767664,0.009518422683729598,-0.056356467732667295,0.0846780982183726,0.014243517815258448,0.11148003470609558,0.02830914374500934
SecondaryStructure_group2_D25,137,0.28626344,Polarity_group3_D50,-0.06891114801244146,0.03493651455046174,-0.050186450180745704,0.1247477516347986,0.04811667828643519,0.15675601597450237,0.018724697831695752
SecondaryStructure_group2_D25,137,0.28626344,Polarity_group3_D75,-0.08176506092659679,0.01228959363220165,-0.06607289637597881,0.0431730925298831,0.01811440544199184,0.06025830716665673,0.015692164550617976
SecondaryStructure_group2_D25,137,0.28626344,Polarity_group3_D100,-0.025541829220329732,0.4348432103427585,-0.04157654229159503,0.20354091685641942,0.4862324481234728,0.2463140080798699,-0.016034713071265295
SecondaryStructure_group2_D25,137,0.28626344,Polarizability_C1,0.038840629656518376,0.2349159478704507,0.08407980334812393,0.010028472162913532,0.280021151280266,0.015681225198563294,-0.04523917369160555
SecondaryStructure_group2_D25,137,0.28626344,Polarizability_C2,-0.0600797945915382,0.06602178504592275,-0.09264387387943253,0.004536994977652776,0.0866454860720558,0.007388377974334605,-0.03256407928789433
SecondaryStructure_group2_D25,137,0.28626344,Polarizability_C3,-0.0030481692998224853,0.9257593576202111,-0.037208316910285436,0.2551884715948974,0.9372647027740241,0.30256638094673666,-0.03416014761046295
SecondaryStructure_group2_D25,137,0.28626344,Polarizability_T12,0.008900276024208485,0.7855580302531606,0.04931893442704903,0.13140667741641981,0.8158469592803347,0.16431984371802402,-0.04041865840284055
SecondaryStructure_group2_D25,137,0.28626344,Polarizability_T13,0.007084871936406555,0.8285322571566895,0.003308200503706114,0.9194467665995765,0.8535773408091742,0.927780120979633,0.003776671432700441
SecondaryStructure_group2_D25,137,0.28626344,Polarizability_T23,-0.013686051539711518,0.6756571378524675,-0.04977977609302078,0.12783586177938075,0.7152757021956391,0.16033487733501003,-0.03609372455330927
SecondaryStructure_group2_D25,137,0.28626344,Polarizability_group1_D0,-0.030760202552838442,0.34693577269329967,-0.04326279940138306,0.1857869064143391,0.3972456224873572,0.22605765662072588,-0.012502596848544621
SecondaryStructure_group2_D25,137,0.28626344,Polarizability_group1_D25,-0.03614493690563451,0.26903080685547903,-0.06547584012404785,0.04510002798820234,0.3176256256264758,0.0627903682703609,-0.02933090321841334
SecondaryStructure_group2_D25,137,0.28626344,Polarizability_group1_D50,-0.08549319803366853,0.008837233432504473,-0.11056798759548042,0.0006978589487902729,0.013295657506560784,0.0012667657005214735,-0.02507478956181189
SecondaryStructure_group2_D25,137,0.28626344,Polarizability_group1_D75,-0.04337520874487847,0.18464536417002178,-0.06262669918009797,0.055320028612198056,0.22454169043243552,0.07560102109850307,-0.019251490435219502
SecondaryStructure_group2_D25,137,0.28626344,Polarizability_group1_D100,-0.0031176100026938493,0.9240731221270161,0.0008187297446669736,0.9800324377272666,0.9364090497282263,0.9829754780808019,0.0022988802580268756
SecondaryStructure_group2_D25,137,0.28626344,Polarizability_group2_D0,0.09003747147872927,0.005815398630087578,0.08552334425126759,0.008813262259580132,0.008926209294343984,0.013871958504711424,0.004514127227461681
SecondaryStructure_group2_D25,137,0.28626344,Polarizability_group2_D25,-0.03998150180798332,0.22144030017418295,-0.021652822536850903,0.5079740257259191,0.2654740138484462,0.5632142626128309,0.01832867927113242
SecondaryStructure_group2_D25,137,0.28626344,Polarizability_group2_D50,-0.06641221097312758,0.04210928017060674,-0.04656658239016253,0.15436131276859905,0.05731254921345824,0.1913049293681339,0.01984562858296505
SecondaryStructure_group2_D25,137,0.28626344,Polarizability_group2_D75,-0.04774188311545575,0.14421237904302925,-0.03920858435927909,0.23050787489565616,0.17905923643260882,0.2760474371285377,0.008533298756176658
SecondaryStructure_group2_D25,137,0.28626344,Polarizability_group2_D100,-0.06229305769071596,0.0566339968552434,-0.05768767597853587,0.07757068469024178,0.07524166646639338,0.10297539223585356,0.004605381712180091
SecondaryStructure_group2_D25,137,0.28626344,Polarizability_group3_D0,-0.1306690752130789,6.0279830690460934e-05,-0.1205627236468545,0.00021640452341543516,0.00011504836257493687,0.00041755696603555946,0.010106351566224414
SecondaryStructure_group2_D25,137,0.28626344,Polarizability_group3_D25,0.1265702971977746,0.00010239888382598395,0.13971141706619364,1.7708057524688637e-05,0.00019214172583077886,3.901379428262536e-05,-0.013141119868419038
SecondaryStructure_group2_D25,137,0.28626344,Polarizability_group3_D50,0.1417750229059582,1.3244510543165951e-05,0.15085064158369343,3.5178283878522458e-06,2.66005202731054e-05,8.368623087910613e-06,-0.009075618677735237
SecondaryStructure_group2_D25,137,0.28626344,Polarizability_group3_D75,0.06412532909386685,0.049726960113207506,0.07208171156872517,0.02735745338365788,0.06680871722893258,0.03964160273380361,-0.007956382474858317
SecondaryStructure_group2_D25,137,0.28626344,Polarizability_group3_D100,-0.004172203641459518,0.8985105388129735,-0.012487748904770432,0.7026391603847193,0.9160638582525431,0.7403201248217547,-0.008315545263310915
SecondaryStructure_group2_D25,137,0.28626344,Charge_C1,-0.014314449345266362,0.661669500652515,-0.042834842244468145,0.19018058679474742,0.7020254549489834,0.23089900396018045,-0.02852039289920178
SecondaryStructure_group2_D25,137,0.28626344,Charge_C2,-0.00913244474765218,0.7801059559882311,0.0305461070953504,0.3503038570145212,0.8109411431685937,0.404709402431166,-0.02141366234769822
SecondaryStructure_group2_D25,137,0.28626344,Charge_C3,0.0263072883290084,0.4211992832564353,-0.008847874512105879,0.7867900521623612,0.47255814782549344,0.8128298095336488,0.017459413816902518
SecondaryStructure_group2_D25,137,0.28626344,Charge_T12,-0.03244424927556094,0.32116399840853505,-0.05406683709686766,0.09812523509740487,0.3722025519377193,0.1270303431105939,-0.021622587821306723
SecondaryStructure_group2_D25,137,0.28626344,Charge_T13,-0.010217211444409423,0.7547789769493093,-0.04459586848342972,0.17258133703304715,0.7892804580496847,0.2112982645492586,-0.034378657039020294
SecondaryStructure_group2_D25,137,0.28626344,Charge_T23,0.04498697548842029,0.16884322801239038,0.01470500310544606,0.6530347354075645,0.20661477391393968,0.694442397163639,0.03028197238297423
SecondaryStructure_group2_D25,137,0.28626344,Charge_group1_D0,-0.055593310609086476,0.08898423022832053,-0.05251721122232684,0.10815562171267103,0.11426656246158806,0.13840604464380124,0.003076099386759637
SecondaryStructure_group2_D25,137,0.28626344,Charge_group1_D25,-0.182453358040974,1.8571915791052442e-08,-0.17367172486598492,8.806196602681584e-08,4.433895549829532e-08,2.418807290539185e-07,0.00878163317498909
SecondaryStructure_group2_D25,137,0.28626344,Charge_group1_D50,-0.04997795422312003,0.126323646709329,-0.04717978449999022,0.14900060158169762,0.1586169097778793,0.18507326488764225,0.002798169723129809
SecondaryStructure_group2_D25,137,0.28626344,Charge_group1_D75,-0.07911749316103311,0.015418887168775808,-0.0713488741692825,0.028970337229950245,0.022417397091410704,0.041653433640996045,0.007768618991750617
SecondaryStructure_group2_D25,137,0.28626344,Charge_group1_D100,-0.061548097928204544,0.05966160517819571,-0.06718081141178589,0.03978123509974473,0.07873163227782444,0.055733777362897405,-0.005632713483581346
SecondaryStructure_group2_D25,137,0.28626344,Charge_group2_D0,-0.029905639772487433,0.3605025969712988,-0.030952238560265313,0.34393228914768353,0.41122905528829856,0.39803667559018124,-0.0010465987877778804
SecondaryStructure_group2_D25,137,0.28626344,Charge_group2_D25,0.11195628708681828,0.0005963760850038667,0.1003452692050724,0.0021030560749617368,0.0010390694438773681,0.0035801260399450567,0.011611017881745872
SecondaryStructure_group2_D25,137,0.28626344,Charge_group2_D50,-0.04012182549168175,0.21982183022387158,-0.04045039506142379,0.21606536231294118,0.2638177912137014,0.25958932018892933,-0.00032856956974203905
SecondaryStructure_group2_D25,137,0.28626344,Charge_group2_D75,0.06033742173190607,0.06486712266681512,0.05793361041460365,0.0763122831748742,0.08516359658300413,0.10146617269270693,0.002403811317302419
SecondaryStructure_group2_D25,137,0.28626344,Charge_group2_D100,-0.03644071518856147,0.2651299131292606,-0.022034485068940894,0.5005230012338486,0.3133524097139881,0.5566922491245602,0.014406230119620576
SecondaryStructure_group2_D25,137,0.28626344,Charge_group3_D0,0.15316081824939287,2.4786339636737397e-06,0.15207012418781676,2.926068505662298e-06,5.236329815730734e-06,7.032999332314087e-06,0.0010906940615761085
SecondaryStructure_group2_D25,137,0.28626344,Charge_group3_D25,0.07612978505499794,0.019772368034179238,0.09630394186165397,0.003169176605834612,0.02835484455606519,0.005237530857737559,-0.020174156806656032
SecondaryStructure_group2_D25,137,0.28626344,Charge_group3_D50,0.03206804009911209,0.32681016960637366,0.03371972886726876,0.3024978343023455,0.37769756625788514,0.355077280363854,-0.0016516887681566686
SecondaryStructure_group2_D25,137,0.28626344,Charge_group3_D75,-0.01853013180676353,0.5710489975590262,-0.02040310254446824,0.5327723969385839,0.6180504380580516,0.5831419632539393,-0.0018729707377047114
SecondaryStructure_group2_D25,137,0.28626344,Charge_group3_D100,0.03426235592891123,0.29477963634746346,0.02157693441664626,0.5094624502056952,0.34449404667618194,0.5643796297469393,0.012685421512264965
SecondaryStructure_group2_D25,137,0.28626344,SecondaryStructure_C1,0.062257059018249856,0.05677730643162892,0.029910953503514325,0.360417223546102,0.07534215474042137,0.4153876903533405,0.03234610551473553
SecondaryStructure_group2_D25,137,0.28626344,SecondaryStructure_C2,-0.09391995705228592,0.0040089391343567675,-0.08068889924446676,0.013486532657917018,0.006292225896969739,0.02067233551052907,0.013231057807819163
SecondaryStructure_group2_D25,137,0.28626344,SecondaryStructure_C3,-0.01756230131142092,0.5913271270124346,0.025733520023021615,0.4314027144967267,0.6354946825343458,0.48727935962768587,-0.008171218711600696
SecondaryStructure_group2_D25,137,0.28626344,SecondaryStructure_T12,-0.022044457723106304,0.5003290882879108,-0.0559302137386453,0.08706201113277545,0.5497036693689547,0.11443806264599371,-0.03388575601553899
SecondaryStructure_group2_D25,137,0.28626344,SecondaryStructure_T13,0.08770563986615004,0.007224733650541247,0.06879924942803957,0.03523384830883707,0.01097843966915731,0.050034461458977816,0.018906390438110474
SecondaryStructure_group2_D25,137,0.28626344,SecondaryStructure_T23,-0.024183483423372665,0.4596717752384207,0.012184864450685493,0.709520464122039,0.5102371981709289,0.7456885935077439,0.011998618972687173
SecondaryStructure_group2_D25,137,0.28626344,SecondaryStructure_group1_D0,-0.08108867284924388,0.013030388846342762,-0.07649872693252753,0.019182380189252786,0.01914716178917062,0.028487838964919656,0.004589945916716354
SecondaryStructure_group2_D25,137,0.28626344,SecondaryStructure_group1_D25,-0.4966873994212515,1.5918215376521042e-59,-0.5014240543832822,8.309250294923563e-61,1.329170983939507e-58,1.1101158394017882e-59,-0.004736654962030684
SecondaryStructure_group2_D25,137,0.28626344,SecondaryStructure_group1_D50,-0.2550336089226563,2.231888992501911e-15,-0.270150157666989,3.9176525273598976e-17,7.499506272591934e-15,1.885440841697703e-16,-0.015116548744332714
SecondaryStructure_group2_D25,137,0.28626344,SecondaryStructure_group1_D75,-0.22517473842750718,3.097131897311804e-12,-0.24352817586541428,4.073100511486075e-14,9.154354457541084e-12,1.7264156990308998e-13,-0.0183534374379071
SecondaryStructure_group2_D25,137,0.28626344,SecondaryStructure_group1_D100,-0.06595922685661619,0.04353449966677007,-0.08087815306573905,0.013268865993524254,0.059059800522750616,0.02034803141339348,-0.014918926209122857
SecondaryStructure_group2_D25,137,0.28626344,SecondaryStructure_group2_D0,0.1331006582962113,4.369297024967967e-05,0.14071791497970224,1.5376958751508946e-05,8.430648216864824e-05,3.4171019447797656e-05,-0.007617256683490947
SecondaryStructure_group2_D25,137,0.28626344,SecondaryStructure_group2_D25,1.0,0.0,0.9999999999999998,0.0,0.0,0.0,2.220446049250313e-16
SecondaryStructure_group2_D25,137,0.28626344,SecondaryStructure_group2_D50,0.4862147164939782,9.261043838083595e-57,0.49035002162261637,7.698297144395111e-58,7.471470149565026e-56,9.487938177962977e-57,-0.004135305128638189
SecondaryStructure_group2_D25,137,0.28626344,SecondaryStructure_group2_D75,0.35722033523293883,1.3914144969852795e-29,0.3789908598263609,2.255945564384329e-33,6.957072484926398e-29,1.6744129300097017e-32,-0.021770524593422047
SecondaryStructure_group2_D25,137,0.28626344,SecondaryStructure_group2_D100,0.05516719456990405,0.09146419168782037,0.06186005486089452,0.05837784244587202,0.11718082095792866,0.07951729557921844,-0.00669286029099047
SecondaryStructure_group2_D25,137,0.28626344,SecondaryStructure_group3_D0,-0.13615337043365863,2.8941332855419272e-05,-0.14690680739016085,6.319696498889066e-06,5.6628032652079886e-05,1.4627710537969147e-05,-0.010753436956502216
SecondaryStructure_group2_D25,137,0.28626344,SecondaryStructure_group3_D25,-0.10700992200450575,0.0010355928416399143,-0.10981853491276024,0.0007590875854674762,0.0017477918600693856,0.001370490665930725,-0.0028086129082544875
SecondaryStructure_group2_D25,137,0.28626344,SecondaryStructure_group3_D50,-0.13317146341865682,4.328183071995983e-05,-0.12398930379239193,0.0001418075752425867,8.356145352870856e-05,0.0002800930226553753,0.009182159626264896
SecondaryStructure_group2_D25,137,0.28626344,SecondaryStructure_group3_D75,-0.107020894838999,0.0010343513509404104,-0.1030377640708547,0.0015872911072020654,0.0017465791264615626,0.0027384051126316624,0.0039831307681442996
SecondaryStructure_group2_D25,137,0.28626344,SecondaryStructure_group3_D100,0.07420058690768344,0.023121949141995408,0.08463350188517554,0.009545769713961037,0.032876675238086274,0.01495444223481701,-0.010432914977492103
SecondaryStructure_group2_D25,137,0.28626344,SolventAccessibility_C1,-0.006217949591382244,0.8492448452898156,-0.013291432355572032,0.6844989321206165,0.8706193318809037,0.723489377621158,-0.0070734827641897886
SecondaryStructure_group2_D25,137,0.28626344,SolventAccessibility_C2,-0.0337903318822856,0.30148606761079505,-0.08125783470505271,0.012841512798961877,0.3514706686980997,0.019719840344152948,-0.04746750282276711
SecondaryStructure_group2_D25,137,0.28626344,SolventAccessibility_C3,0.03895624297974406,0.23352453399751333,0.10042577539559205,0.002085635271642449,0.2786609301720952,0.0035522803708749515,-0.061469532415847995
SecondaryStructure_group2_D25,137,0.28626344,SolventAccessibility_T12,-0.048030502076993026,0.14179999221524653,-0.10788198312137734,0.0009411051490285952,0.17632612583727603,0.001670186608796763,-0.059851481044384314
SecondaryStructure_group2_D25,137,0.28626344,SolventAccessibility_T13,0.048140060142297415,0.14089241177584033,0.08774698872005378,0.007197287294201056,0.1754138905286956,0.01144166566522205,-0.03960692857775636
SecondaryStructure_group2_D25,137,0.28626344,SolventAccessibility_T23,0.07253232672084792,0.026404604284897923,0.07357678259306262,0.024305484894598287,0.037070776927935714,0.035527492143526594,-0.001044455872214703
SecondaryStructure_group2_D25,137,0.28626344,SolventAccessibility_group1_D0,0.09680954635733234,0.003013096312688569,0.09488594524838347,0.0036469585711846574,0.004805989343065816,0.005997460181071765,0.0019236011089488747
SecondaryStructure_group2_D25,137,0.28626344,SolventAccessibility_group1_D25,0.07942132475808368,0.015027326819437307,0.0655993345973006,0.04469563063314633,0.02189846054839468,0.062253297045333084,0.013821990160783088
SecondaryStructure_group2_D25,137,0.28626344,SolventAccessibility_group1_D50,-0.014678267441852197,0.6536243745557038,-0.03450166259461307,0.29141802995929794,0.6954779901293566,0.3432074118702592,-0.019823395152760874
SecondaryStructure_group2_D25,137,0.28626344,SolventAccessibility_group1_D75,-0.016294109489678205,0.6183872042606315,-0.03431810965088799,0.2939941399115547,0.6613555114410853,0.34599733167885577,-0.018024000161209783
SecondaryStructure_group2_D25,137,0.28626344,SolventAccessibility_group1_D100,-0.021560147808647186,0.5097920004209918,-0.019797576740101592,0.5450041149985391,0.5591807163895279,0.5940971749657704,0.0017625710685455938
SecondaryStructure_group2_D25,137,0.28626344,SolventAccessibility_group2_D0,0.100856070587235,0.0019947437540313523,0.09983232527656447,0.0022172175779637377,0.0032723203037645955,0.0037667887641906835,0.0010237453106705374
SecondaryStructure_group2_D25,137,0.28626344,SolventAccessibility_group2_D25,-0.062061243950365955,0.05756212606750555,-0.033301941451871354,0.30853098630063314,0.07623215744070917,0.36056455361935436,0.0287593024984946
SecondaryStructure_group2_D25,137,0.28626344,SolventAccessibility_group2_D50,-0.06193781934024273,0.0580614186978716,-0.046680372305932284,0.15335564055531897,0.07683246372856226,0.1902703712684864,0.015257447034310444
SecondaryStructure_group2_D25,137,0.28626344,SolventAccessibility_group2_D75,-0.09615232963380847,0.003217393108389436,-0.08063351127348864,0.013550829114587784,0.005105032295496777,0.020732830619662482,0.015518818360319833
SecondaryStructure_group2_D25,137,0.28626344,SolventAccessibility_group2_D100,-0.040436616702326136,0.21622195460936716,-0.05939150260892206,0.06918979698622121,0.2598709350108983,0.09269712071158398,-0.01895488590659592
SecondaryStructure_group2_D25,137,0.28626344,SolventAccessibility_group3_D0,-0.1627171131186352,5.511140511328365e-07,-0.15183330050624555,3.0329655425464215e-06,1.2102044252358145e-06,7.246140852721779e-06,0.01088381261238966
SecondaryStructure_group2_D25,137,0.28626344,SolventAccessibility_group3_D25,0.14275520237726289,1.1521407253158038e-05,0.1417713202057034,1.3251462615905335e-05,2.3251661767702626e-05,2.9744546463120846e-05,0.0009838821715594803
SecondaryStructure_group2_D25,137,0.28626344,SolventAccessibility_group3_D50,-0.002599067446616145,0.9366726533938992,0.00442567308557231,0.8923812503268214,0.9459491351346563,0.9070460669785707,-0.0018266056389561651
SecondaryStructure_group2_D25,137,0.28626344,SolventAccessibility_group3_D75,0.114318765945541,0.000454589846224047,0.11032304538569156,0.0007173470496573557,0.0008050530680743991,0.0013014335393023184,0.003995720559849439
SecondaryStructure_group2_D25,137,0.28626344,SolventAccessibility_group3_D100,0.07049969049137951,0.030940869885294656,0.08747943879035898,0.00737654683564868,0.04300562023174538,0.011715485701886158,-0.01697974829897947
AAC_E,3,0.27576065,AAC_A,-0.2985330595716425,9.648576317572664e-21,-0.2489831270350921,1.0469515201209051e-14,3.795788563096902e-20,4.523697383187352e-14,0.049549932536550406
AAC_E,3,0.27576065,AAC_C,-0.24863417073637906,1.1431381462623856e-14,-0.23656942283234636,2.197251041875879e-13,3.7322398910228427e-14,8.874024764045268e-13,0.012064747904032697
AAC_E,3,0.27576065,AAC_D,0.3155471606353724,4.1553814162616485e-23,0.22977269399165773,1.08299016184789e-12,1.7435896897379278e-22,4.186559190476797e-12,0.08577446664371469
AAC_E,3,0.27576065,AAC_E,0.9999999999999998,0.0,1.0,0.0,0.0,0.0,-2.220446049250313e-16
AAC_E,3,0.27576065,AAC_F,0.26584208758014277,1.2732507682193785e-16,0.2109987247038034,6.85810530516152e-11,4.44373831332573e-16,2.347976315338295e-10,0.05484336287633937
AAC_E,3,0.27576065,AAC_G,-0.40457711248948686,3.277742338445759e-38,-0.35153327642949633,1.2196187556323521e-28,2.0198633598540283e-37,7.940597746222331e-28,0.05304383605999052
AAC_E,3,0.27576065,AAC_H,0.46891847199197206,2.1280015099698067e-52,0.3212288458672174,6.21699542751877e-24,1.5900503452570814e-51,3.64294118033556e-23,0.14768962612475467
AAC_E,3,0.27576065,AAC_I,0.32425133742202167,2.2254974173337246e-24,0.21807767129723726,1.4997476119272485e-11,9.640935634104591e-24,5.357387191269529e-11,0.1061736661247844
AAC_E,3,0.27576065,AAC_K,0.3858450395583778,1.2558903518467407e-34,0.22700549237688847,2.0438354085750495e-12,7.026254229762335e-34,7.79270578155327e-12,0.15883954718148932
AAC_E,3,0.27576065,AAC_L,0.46792163005953513,3.730729359781249e-52,0.3598986544866453,4.9291522994969854e-30,2.750692287344232e-51,3.34621314640649e-29,0.10802297557288981
AAC_E,3,0.27576065,AAC_M,0.28956724280011725,1.4767357578083577e-19,0.18073361641986668,2.5343913850467716e-08,5.624056363831146e-19,7.26916414934156e-08,0.10883362638025057
AAC_E,3,0.27576065,AAC_N,-0.22848079468736773,1.4582801859134254e-12,-0.2632499890262022,2.561256787212698e-16,4.34879984013468e-12,1.1766984414429726e-15,-0.03476919433883449
AAC_E,3,0.27576065,AAC_P,-0.3248156107723196,1.8347287058238503e-24,-0.09757171159300598,0.0027910145358558324,7.989561769819635e-24,0.004661513151131118,0.2272438991793136
AAC_E,3,0.27576065,AAC_Q,-0.009958490284503982,0.7607968393420081,-0.07055525553720238,0.030808506641751488,0.7943299291660854,0.044125391159283864,-0.060596765252698394
AAC_E,3,0.27576065,AAC_R,0.03481308298367339,0.28708209232598997,0.11682665670421986,0.0003388631102395357,0.33691292634181536,0.0006366616637652023,-0.08201357372054648
AAC_E,3,0.27576065,AAC_S,-0.5716238609684303,2.136238267126669e-82,-0.42359352111180676,4.325833668609836e-42,2.4688705232536593e-81,3.8324361944713134e-41,0.14803033985662356
AAC_E,3,0.27576065,AAC_T,-0.6395935615367069,6.302827042316622e-109,-0.5056355229530815,5.785821861171277e-62,1.0319334471243882e-107,8.085625529837684e-61,0.13395803858362543
AAC_E,3,0.27576065,AAC_V,-0.03345006830522264,0.3063828999278023,-0.053910126123031935,0.09910459589441925,0.3564329104001601,0.128056248250327,-0.020460057817809296
AAC_E,3,0.27576065,AAC_W,-0.12309422735603624,0.00015852859404114344,-0.05965929793250291,0.06794270258685853,0.0002922105431001209,0.09135972530331873,0.06343492942353333
AAC_E,3,0.27576065,AAC_Y,-0.003948105095723424,0.9039346441712149,-0.047444587277235044,0.1467300031216462,0.920189488427875,0.18252447315690812,-0.04349648218151162
AAC_E,3,0.27576065,Hydrophobicity_C1,0.672728445584342,1.8156200235204447e-124,0.5588787370976696,4.352243675124085e-78,3.567159340328403e-123,7.773526136317884e-77,0.11384970848667242
AAC_E,3,0.27576065,Hydrophobicity_C2,-0.6983559270845575,5.944228483718871e-138,-0.5815572039151866,6.886380038395595e-86,1.3692222852152434e-136,1.3690779362048387e-84,0.1167987231693709
AAC_E,3,0.27576065,Hydrophobicity_C3,0.5548463845840196,9.193708624189991e-77,0.4137192839414762,4.8045894530449454e-40,9.873629197683142e-76,4.072926084560944e-39,0.14112710064254336
AAC_E,3,0.27576065,Hydrophobicity_T12,0.09758020261592204,0.002788626749727768,0.052337503158277746,0.10936946865014996,0.004467152683017144,0.13947843653741918,0.045242699457644295
AAC_E,3,0.27576065,Hydrophobicity_T13,0.6097767058954434,1.7073419600727452e-96,0.46953647305930146,1.50109227402784e-52,2.447434397700845e-95,1.6880970354387157e-51,0.14024023283614195
AAC_E,3,0.27576065,Hydrophobicity_T23,-0.20393827713355053,2.964161713096474e-10,-0.11504995576234799,0.00041752093856399866,7.783254812690427e-10,0.0007725872214979255,0.08888832137120255
AAC_E,3,0.27576065,Hydrophobicity_group1_D0,0.023460920033858332,0.47319545489975623,0.01646695262531479,0.6146674637156831,0.5236821800414797,0.659065595123718,0.006993967408543543
AAC_E,3,0.27576065,Hydrophobicity_group1_D25,-0.34631025820707395,8.614520511011003e-28,-0.14619726372818156,7.010991812204036e-06,4.041081250951791e-27,1.6182938944548362e-05,0.2001129944788924
AAC_E,3,0.27576065,Hydrophobicity_group1_D50,-0.07349783912856842,0.024458937664276398,0.055582479625061076,0.08904658886462395,0.03460095374785395,0.11658785057147941,0.01791535950350734
AAC_E,3,0.27576065,Hydrophobicity_group1_D75,-0.13445616978683006,3.6429160624341505e-05,-0.0011398540892589271,0.9722034260224652,7.065818611225357e-05,0.9760022371250479,0.13331631569757113
AAC_E,3,0.27576065,Hydrophobicity_group1_D100,0.25378645576628395,3.079585270294683e-15,0.15683823675462671,1.4044827669271208e-06,1.026528423431561e-14,3.485120684648279e-06,0.09694821901165723
AAC_E,3,0.27576065,Hydrophobicity_group2_D0,0.1682234069056248,2.2251067472470515e-07,0.08144541858181538,0.01263489954827803,4.978744263118051e-07,0.01942935750057487,0.08677798832380941
AAC_E,3,0.27576065,Hydrophobicity_group2_D25,0.21205184757352027,5.488354266332821e-11,-0.0007110745484704953,0.9826575386902351,1.5149672107067455e-10,0.9850168605118202,0.21134077302504978
AAC_E,3,0.27576065,Hydrophobicity_group2_D50,-0.017058759938303584,0.6020064374537084,-0.14257152820241148,1.1827108259222457e-05,0.6463199939232999,2.6636912734863795e-05,-0.1255127682641079
AAC_E,3,0.27576065,Hydrophobicity_group2_D75,0.0970535162788554,0.00294031549289167,-0.021510690312680176,0.5107635839342846,0.004705631886084417,0.5654521751334812,0.07554282596617523
AAC_E,3,0.27576065,Hydrophobicity_group2_D100,-0.12508440640913657,0.00012360390559283544,-0.05647765879611184,0.08401002344141645,0.00023012098365667244,0.11073144368363495,0.06860674761302472
AAC_E,3,0.27576065,Hydrophobicity_group3_D0,-0.23472829658524708,3.4016259057155205e-13,-0.0887368997390906,0.006567496568089649,1.046172239879359e-12,0.010530695409226801,0.14599139684615647
AAC_E,3,0.27576065,Hydrophobicity_group3_D25,-0.14437066901111112,9.138450608082729e-06,0.05315888852782472,0.10390805338713201,1.8588565792324188e-05,0.13358464138299495,0.0912117804832864
AAC_E,3,0.27576065,Hydrophobicity_group3_D50,-0.049337546923732205,0.13126097860563946,0.05036692158340066,0.12339607289001896,0.16407622325704932,0.15523272446427996,-0.0010293746596684583
AAC_E,3,0.27576065,Hydrophobicity_group3_D75,0.04541625331109275,0.16481047701188342,0.07977247723998332,0.014585698838043976,0.20200623604392318,0.02216389177391578,-0.03435622392889057
AAC_E,3,0.27576065,Hydrophobicity_group3_D100,-0.021227810278015544,0.5163392226987569,0.0025488877184064694,0.9378928103948406,0.5655594953969225,0.9449659085124488,0.018678922559609075
AAC_E,3,0.27576065,NormVanDerWaalsVolume_C1,-0.6743039519184828,2.947021073991973e-125,-0.5494240323646237,5.207219237253809e-75,6.038681219100116e-124,8.919031924321907e-74,0.12487991955385913
AAC_E,3,0.27576065,NormVanDerWaalsVolume_C2,0.6442274476754323,5.5211409153997165e-111,0.5192590750499224,8.055807310609016e-66,9.360716069763987e-110,1.2052144330332381e-64,0.12496837262550986
AAC_E,3,0.27576065,NormVanDerWaalsVolume_C3,0.5096967917600409,4.2757162816292055e-63,0.37413738896366305,1.673472971189844e-32,3.6901530699332164e-62,1.2072137632341424e-31,0.13555940279637785
AAC_E,3,0.27576065,NormVanDerWaalsVolume_T12,-0.12622824500143334,0.0001069523858303345,-0.01993110515448178,0.5422948981772182,0.00020023596898728543,0.5921101536161846,0.10629713984695156
AAC_E,3,0.27576065,NormVanDerWaalsVolume_T13,-0.07029598118562519,0.031430309066013455,-0.09757749423764489,0.0027893881785441854,0.04364629928307843,0.004661513151131118,-0.0272815130520197
AAC_E,3,0.27576065,NormVanDerWaalsVolume_T23,0.5802513439077007,2.0131760189787482e-85,0.4532131727226056,1.1946365775781191e-48,2.401431394067507e-84,1.2626854965540879e-47,0.12703817118509514
AAC_E,3,0.27576065,NormVanDerWaalsVolume_group1_D0,0.1970434708174159,1.177522328601771e-09,0.11566374458551922,0.00038860038843016587,3.0091236247359718e-09,0.0007234812136882687,0.0813797262318967
AAC_E,3,0.27576065,NormVanDerWaalsVolume_group1_D25,0.20493685187355293,2.417492664600368e-10,0.03364203558321817,0.30361381017538397,6.3879948574092e-10,0.35618901509862394,0.17129481629033477
AAC_E,3,0.27576065,NormVanDerWaalsVolume_group1_D50,-0.11494295465893489,0.000422763566712406,-0.21369251146963464,3.869783682001675e-11,0.0007518798257824473,1.3505828106463525e-10,-0.09874955681069975
AAC_E,3,0.27576065,NormVanDerWaalsVolume_group1_D75,0.008394169308574784,0.7974791780199525,-0.11578311896050066,0.0003831974158567216,0.8259164200268655,0.0007146171797663038,-0.10738894965192587
AAC_E,3,0.27576065,NormVanDerWaalsVolume_group1_D100,-0.24426303017274503,3.398433850698162e-14,-0.19796063227608157,9.82900770575781e-10,1.088280830424915e-13,3.091232178646995e-09,0.04630239789666346
AAC_E,3,0.27576065,NormVanDerWaalsVolume_group2_D0,-0.040844257765425426,0.21162349978130338,-0.023833165752973298,0.466201269259458,0.25489451470232716,0.5225208856800636,0.017011092012452128
AAC_E,3,0.27576065,NormVanDerWaalsVolume_group2_D25,-0.21555876155749523,2.591593989111483e-11,-0.050128147035512396,0.12518688032082378,7.316926393603004e-11,0.15724795273634973,0.16543061452198282
AAC_E,3,0.27576065,NormVanDerWaalsVolume_group2_D50,0.01702725690001692,0.6026774429287973,0.0748177107664417,0.022000582312470117,0.6466246898111735,0.03238516744100934,-0.05779045386642478
AAC_E,3,0.27576065,NormVanDerWaalsVolume_group2_D75,0.019161562885219897,0.5579998433217795,0.035553877592212235,0.27694340557042846,0.6058905971049232,0.32742966778812704,-0.016392314706992338
AAC_E,3,0.27576065,NormVanDerWaalsVolume_group2_D100,0.14756000913289435,5.74125753375564e-06,0.09175180229846559,0.004942678217400333,1.1851545218012262e-05,0.00800996858132805,0.05580820683442876
AAC_E,3,0.27576065,NormVanDerWaalsVolume_group3_D0,-0.1934473640197945,2.3712606806410737e-09,-0.12413575464832594,0.000139234901420656,5.963863458841255e-09,0.0002759908431721015,0.06931160937146857
AAC_E,3,0.27576065,NormVanDerWaalsVolume_group3_D25,-0.07522515824073644,0.021286373610870286,0.005027194193495118,0.8778618491819429,0.030331266152008002,0.8944657035593927,0.07019796404724132
AAC_E,3,0.27576065,NormVanDerWaalsVolume_group3_D50,0.07156344119393293,0.028489849923054623,0.1486683194267246,4.873752812393702e-06,0.03971456541861538,1.1399393832909639e-05,-0.07710487823279166
AAC_E,3,0.27576065,NormVanDerWaalsVolume_group3_D75,0.06916749801213075,0.03426340215591066,0.1424494410800532,1.2034565580756113e-05,0.047211123432649174,2.7067642450993548e-05,-0.07328194306792245
AAC_E,3,0.27576065,NormVanDerWaalsVolume_group3_D100,0.16822227494918815,2.2255284984536678e-07,0.1275339809020047,9.053257613422848e-05,4.978744263118051e-07,0.00018303801712368228,0.04068829404718344
AAC_E,3,0.27576065,Polarity_C1,0.5270784145115259,4.096787514976233e-68,0.374915109428107,1.2166204624802083e-32,3.7799089226576296e-67,8.852968071206745e-32,0.1521633050834189
AAC_E,3,0.27576065,Polarity_C2,-0.6952973436368625,2.8730666263596585e-136,-0.5727660068972414,8.594716816653913e-83,6.4838125216495e-135,1.6310428504331857e-81,0.12253133673962102
AAC_E,3,0.27576065,Polarity_C3,0.7106373627374641,6.1660551671698565e-145,0.5986704028893208,3.408100732500591e-92,1.5721087220112458e-143,7.796614004487654e-91,0.11196695984814331
AAC_E,3,0.27576065,Polarity_T12,-0.42109635807430196,1.444932477171671e-41,-0.29672039469501693,1.688149913294423e-20,9.38924994893654e-41,9.05043452713222e-20,0.12437596337928503
AAC_E,3,0.27576065,Polarity_T13,0.6399602383097798,4.345287400785134e-109,0.49805152457158586,6.833666220637288e-60,7.184782137931855e-108,8.744998152079901e-59,0.14190871373819391
AAC_E,3,0.27576065,Polarity_T23,-0.09021543415952121,0.005718753351764822,-0.07052497526590655,0.030880577919988914,0.00879403139728108,0.044209657202213024,0.019690458893614662
AAC_E,3,0.27576065,Polarity_group1_D0,-0.14502938920101066,8.308585131935298e-06,-0.03173244704061271,0.33190076244262046,1.693146695586571e-05,0.3853140585882351,0.11329694216039796
AAC_E,3,0.27576065,Polarity_group1_D25,-0.11903470565471444,0.00026037447379168146,0.03673116364357113,0.261337345672418,0.00047237954506475617,0.30974688947689005,0.08230354201114332
AAC_E,3,0.27576065,Polarity_group1_D50,-0.03564808521173004,0.2756717376794932,0.05246322702129038,0.1085191367427681,0.3248918856208565,0.13858282735137883,-0.01681514180956034
AAC_E,3,0.27576065,Polarity_group1_D75,0.045417268017641746,0.16480103112873873,0.12737499471865593,9.239651476417528e-05,0.20200623604392318,0.00018658062836296582,-0.08195772670101419
AAC_E,3,0.27576065,Polarity_group1_D100,-0.0732008965443618,0.02504367385365224,-0.09347284571883237,0.004187260158118723,0.03532342511452639,0.006845545241368837,-0.020271949174470574
AAC_E,3,0.27576065,Polarity_group2_D0,0.20699896576455695,1.5816289628103228e-10,0.12351720571711879,0.00015040842681674703,4.232885204957114e-10,0.0002963800268837375,0.08348176004743817
AAC_E,3,0.27576065,Polarity_group2_D25,0.267209348771832,8.779281650336694e-17,0.06974134712412904,0.03279662372782403,3.089863088738099e-16,0.04683228869214718,0.19746800164770295
AAC_E,3,0.27576065,Polarity_group2_D50,-0.018674398054332412,0.5680548437598573,-0.17626914011420763,5.602166479755113e-08,0.6153590116445009,1.5618727915177028e-07,-0.15759474205987523
AAC_E,3,0.27576065,Polarity_group2_D75,0.02308673306035833,0.4802838161067214,-0.12463714908429709,0.00013075548854664872,0.5306476830289281,0.0002601091910338337,-0.10155041602393876
AAC_E,3,0.27576065,Polarity_group2_D100,-0.15786656779932776,1.1953893009508836e-06,-0.12556354374361287,0.00011635185519483376,2.5692408398815643e-06,0.0002322864293788074,0.03230302405571489
AAC_E,3,0.27576065,Polarity_group3_D0,0.010722038001008311,0.7430796889220306,0.029311062979034058,0.3701353391766311,0.7782647102538671,0.42570662288221345,-0.018589024978025746
AAC_E,3,0.27576065,Polarity_group3_D25,-0.3971329550640608,9.273741841060883e-37,-0.1810320763928919,2.4017861338103692e-08,5.462839109196358e-36,6.921454432205896e-08,0.21610087867116892
AAC_E,3,0.27576065,Polarity_group3_D50,-0.06495101000946579,0.04685316779073197,0.10601359409752192,0.001154232613315195,0.06310063726655031,0.0020236939257074807,-0.04106258408805613
AAC_E,3,0.27576065,Polarity_group3_D75,-0.09770510688260646,0.0027537166201030104,0.03857419397792719,0.23814480762327375,0.004417585740222889,0.2839713164804478,0.05913091290467927
AAC_E,3,0.27576065,Polarity_group3_D100,0.28594875758892513,4.321348674160389e-19,0.21147627534196498,6.199961948378963e-11,1.6144635986236799e-18,2.130439599545858e-10,0.07447248224696015
AAC_E,3,0.27576065,Polarizability_C1,-0.6596980292647117,4.043007988676856e-118,-0.5482696080811541,1.2181760248338885e-74,7.672526523966306e-117,2.0758713892577487e-73,0.11142842118355756
AAC_E,3,0.27576065,Polarizability_C2,0.5699571308867324,8.015026137607635e-82,0.478679745158066,7.895514445054355e-55,9.167872362879966e-81,9.351424910099839e-54,0.0912773857286664
AAC_E,3,0.27576065,Polarizability_C3,0.5096967917600409,4.2757162816292055e-63,0.37413738896366305,1.673472971189844e-32,3.6901530699332164e-62,1.2072137632341424e-31,0.13555940279637785
AAC_E,3,0.27576065,Polarizability_T12,-0.45583728601934853,2.9128323090847866e-49,-0.27910707197029166,3.1541506047701125e-18,2.0832676471826953e-48,1.58418992780935e-17,0.17673021404905687
AAC_E,3,0.27576065,Polarizability_T13,-0.06299461279663963,0.053900597919610146,-0.10474016718102568,0.0013241238573714986,0.07178149802691304,0.002303423793552503,-0.04174555438438604
AAC_E,3,0.27576065,Polarizability_T23,0.565731093746538,2.214712604830525e-80,0.4432490677468463,2.2721730853804567e-46,2.4990338176128224e-79,2.2586482455865256e-45,0.12248202599969166
AAC_E,3,0.27576065,Polarizability_group1_D0,0.18210158640936494,1.9796097361605137e-08,0.11449605702117827,0.0004453302208977187,4.719412218969391e-08,0.0008226786160389273,0.06760552938818667
AAC_E,3,0.27576065,Polarizability_group1_D25,0.18894038332342386,5.5959925708689755e-09,0.012081773006977404,0.7118680636073251,1.3814201911827331e-08,0.7476853246693289,0.17685861031644645
AAC_E,3,0.27576065,Polarizability_group1_D50,-0.021222002218235354,0.5164540302277286,-0.20108166154904572,5.280744287600431e-10,0.5655594953969225,1.6926761919947642e-09,-0.17985965933081036
AAC_E,3,0.27576065,Polarizability_group1_D75,0.009197162546109697,0.7785880819649511,-0.13679278054431435,2.6519355600524956e-05,0.809615253350852,5.736699980942575e-05,-0.12759561799820465
AAC_E,3,0.27576065,Polarizability_group1_D100,-0.12722114451899152,9.423464444895977e-05,-0.1148688207188167,0.00042643175515597937,0.00017702121060715728,0.0007886390156262299,0.012352323800174828
AAC_E,3,0.27576065,Polarizability_group2_D0,0.048221303516790825,0.14022227466413667,0.014801305179511124,0.6509126454056912,0.17481985717738577,0.6930341841424955,0.033419998337279704
AAC_E,3,0.27576065,Polarizability_group2_D25,-0.18052298383549753,2.632216279048391e-08,-0.05119419853449374,0.11734560695988547,6.221940815301929e-08,0.14858083299156136,0.12932878530100378
AAC_E,3,0.27576065,Polarizability_group2_D50,-0.14413207569132228,9.458094735885347e-06,0.02040639790316333,0.5327062115285228,1.92036695549283e-05,0.5831419632539393,0.12372567778815895
AAC_E,3,0.27576065,Polarizability_group2_D75,0.020828497013919173,0.5242630769387429,0.09950156629107156,0.002293809619160683,0.5733590952768177,0.0038830836938655256,-0.07867306927715238
AAC_E,3,0.27576065,Polarizability_group2_D100,-0.06558027458013492,0.04475784491731543,-0.035378287476073765,0.2793242583609019,0.060498260632874765,0.32977837501781987,0.030201987104061155
AAC_E,3,0.27576065,Polarizability_group3_D0,-0.1934473640197945,2.3712606806410737e-09,-0.12413575464832594,0.000139234901420656,5.963863458841255e-09,0.0002759908431721015,0.06931160937146857
AAC_E,3,0.27576065,Polarizability_group3_D25,-0.07522515824073644,0.021286373610870286,0.005027194193495118,0.8778618491819429,0.030331266152008002,0.8944657035593927,0.07019796404724132
AAC_E,3,0.27576065,Polarizability_group3_D50,0.07156344119393293,0.028489849923054623,0.1486683194267246,4.873752812393702e-06,0.03971456541861538,1.1399393832909639e-05,-0.07710487823279166
AAC_E,3,0.27576065,Polarizability_group3_D75,0.06916749801213075,0.03426340215591066,0.1424494410800532,1.2034565580756113e-05,0.047211123432649174,2.7067642450993548e-05,-0.07328194306792245
AAC_E,3,0.27576065,Polarizability_group3_D100,0.16822227494918815,2.2255284984536678e-07,0.1275339809020047,9.053257613422848e-05,4.978744263118051e-07,0.00018303801712368228,0.04068829404718344
AAC_E,3,0.27576065,Charge_C1,0.46813912539860913,3.3011429054919386e-52,0.35420697803465145,4.41965015117022e-29,2.4556385978492373e-51,2.905832973407192e-28,0.11393214736395768
AAC_E,3,0.27576065,Charge_C2,-0.8077872240042197,7.824304725466778e-217,-0.7420606388155618,1.3401904166487479e-164,4.0204888897013907e-215,6.487298538560606e-163,0.06572658518865782
AAC_E,3,0.27576065,Charge_C3,0.8704145753258161,5.339553177973926e-290,0.828793971290413,5.3697410866353585e-238,4.053206276007481e-288,4.076121643036841e-236,0.04162060403540313
AAC_E,3,0.27576065,Charge_T12,0.3359827990243871,3.692101351277028e-26,0.23700660307699115,1.9795823882886163e-13,1.6800570181560318e-25,8.014309305313913e-13,0.09897619594739596
AAC_E,3,0.27576065,Charge_T13,0.6313545603753362,2.3520794443077794e-105,0.5326404629415223,8.791225094175688e-70,3.688237250698583e-104,1.3850326327616415e-68,0.09871409743381387
AAC_E,3,0.27576065,Charge_T23,0.814333870870866,3.8744023467175656e-223,0.7607843970709978,9.695101047448083e-178,2.0540482282597888e-221,5.059630859136969e-176,0.053549473799868186
AAC_E,3,0.27576065,Charge_group1_D0,0.03224366595047244,0.32416640188733303,0.06462385650396195,0.04797469070229444,0.37542156113165476,0.06637757537102876,-0.03238019055348951
AAC_E,3,0.27576065,Charge_group1_D25,-0.08230230735306188,0.011727989564203085,0.0010380311882663403,0.9746856147342507,0.017317190603199955,0.9782001061335329,0.08126427616479553
AAC_E,3,0.27576065,Charge_group1_D50,0.0958547904304398,0.0033139630686251564,0.13585463274747947,3.0143522371408993e-05,0.005253268461892749,6.470396190263885e-05,-0.039999842317039666
AAC_E,3,0.27576065,Charge_group1_D75,-0.02947161713264384,0.3675185978957673,0.03660984414974622,0.26291691168835507,0.4178053495479451,0.3113980443401085,-0.007138227017102379
AAC_E,3,0.27576065,Charge_group1_D100,0.07808931335560627,0.01681123827437972,0.046673084581851015,0.15341989979748666,0.024338767159266694,0.1902794152705553,0.03141622877375526
AAC_E,3,0.27576065,Charge_group2_D0,0.06401004739013458,0.05013970353411241,0.06614112120646091,0.042957392801385726,0.06722075623122399,0.060032507094823565,-0.002131073816326337
AAC_E,3,0.27576065,Charge_group2_D25,0.06577129403160942,0.044137619130122624,-0.03956861726309618,0.22625184001278517,0.05973243431710274,0.27133972913562027,0.02620267676851324
AAC_E,3,0.27576065,Charge_group2_D50,-0.19473072615089557,1.8498945595117396e-09,-0.22760698344439512,1.7815456148171348e-12,4.68434255403276e-09,6.815993532060973e-12,-0.03287625729349955
AAC_E,3,0.27576065,Charge_group2_D75,-0.09257194993715034,0.004568550903566998,-0.12893211881669944,7.560107519031816e-05,0.007119076438935424,0.00015453340950774948,-0.0363601688795491
AAC_E,3,0.27576065,Charge_group2_D100,-0.2876606038879115,2.6052986987630777e-19,-0.2136348153137549,3.917818055531967e-11,9.810256655996255e-19,1.3659198648723142e-10,0.07402578857415659
AAC_E,3,0.27576065,Charge_group3_D0,-0.1684313043320311,2.1489407007527974e-07,-0.20778282394186187,1.3444895995293878e-10,4.817088550680767e-07,4.5177014712556896e-10,-0.03935151960983077
AAC_E,3,0.27576065,Charge_group3_D25,-0.221172157857063,7.589013170534135e-12,-0.1176886410560679,0.0003059054182869331,2.209878290286313e-11,0.0005780875251761928,0.10348351680099512
AAC_E,3,0.27576065,Charge_group3_D50,0.08116715528681315,0.012942457101034439,0.10710028294690867,0.0010254100878505077,0.019034701328690014,0.001810184827389374,-0.02593312766009552
AAC_E,3,0.27576065,Charge_group3_D75,0.15162591982908052,3.1296354783580224e-06,0.16067016167259404,7.662453124151572e-07,6.5535940424550435e-06,1.958117324764059e-06,-0.009044241843513517
AAC_E,3,0.27576065,Charge_group3_D100,0.3472251961849421,6.132854959163013e-28,0.29841055957745183,1.0021582408352605e-20,2.9054944061850304e-27,5.416195023284418e-20,0.04881463660749025
AAC_E,3,0.27576065,SecondaryStructure_C1,0.6994630939559523,1.4425633967208803e-138,0.5913923259679759,1.821173342912215e-89,3.4171359893955607e-137,3.92433481633987e-88,0.10807076798797643
AAC_E,3,0.27576065,SecondaryStructure_C2,-0.3455393485298324,1.1460146096626055e-27,-0.27913162098167266,3.1320430889383218e-18,5.3684274842540004e-27,1.577831661697435e-17,0.06640772754815977
AAC_E,3,0.27576065,SecondaryStructure_C3,-0.7012911183823664,1.3726424565627704e-139,-0.5864872155253648,1.1480468447969905e-87,3.298291945985362e-138,2.3965477885137176e-86,0.1148039028570016
AAC_E,3,0.27576065,SecondaryStructure_T12,0.47672452655906095,2.4578291516488472e-54,0.3423663024297552,3.6792816168217745e-27,1.9180255529222311e-53,2.3496750669569267e-26,0.13435822412930576
AAC_E,3,0.27576065,SecondaryStructure_T13,0.34840057659742046,3.9570303734918073e-28,0.22626923442660693,2.4167375875133717e-12,1.890769878034712e-27,9.151818075164017e-12,0.12213134217081353
AAC_E,3,0.27576065,SecondaryStructure_T23,-0.6412176575400744,1.2090992015760477e-109,-0.5218158117244341,1.4544887157771648e-66,2.019195666632e-108,2.2081783230435137e-65,0.11940184581564028
AAC_E,3,0.27576065,SecondaryStructure_group1_D0,-0.03197841436466539,0.3281647158871393,0.004354710754801991,0.8940965999769396,0.3788697376643779,0.9076846942015131,0.027623703609863402
AAC_E,3,0.27576065,SecondaryStructure_group1_D25,0.13942647700315994,1.8426761215333818e-05,0.1364834805238122,2.766585659528721e-05,3.6482147278728486e-05,5.961545872790921e-05,0.0029429964793477315
AAC_E,3,0.27576065,SecondaryStructure_group1_D50,0.31290670530234876,9.908547061934804e-23,0.27376885510683513,1.431724666520023e-17,4.12650214300028e-22,6.980964067411498e-17,0.039137850195513635
AAC_E,3,0.27576065,SecondaryStructure_group1_D75,0.1956703252609349,1.5407550484068516e-09,0.11778298861403824,0.0003024859881485929,3.910426946564502e-09,0.0005720856174497737,0.07788733664689665
AAC_E,3,0.27576065,SecondaryStructure_group1_D100,0.2259755420651303,2.5834031679638033e-12,0.15412960225156858,2.1368597648565015e-06,7.642663047829143e-12,5.21718685279292e-06,0.07184593981356172
AAC_E,3,0.27576065,SecondaryStructure_group2_D0,-0.008750905288526565,0.7890713178387317,0.04539408739418194,0.16501692065792756,0.818223595647738,0.20285480861151198,-0.03664318210565537
AAC_E,3,0.27576065,SecondaryStructure_group2_D25,0.014404514333303661,0.6596742079791095,-0.024585087095894676,0.452249676503779,0.700576106407067,0.5085905452938121,-0.010180572762591015
AAC_E,3,0.27576065,SecondaryStructure_group2_D50,-0.09377903305026918,0.004064386510565907,-0.08718225152187786,0.007580342340247502,0.006370272616278803,0.012016299675570318,0.006596781528391313
AAC_E,3,0.27576065,SecondaryStructure_group2_D75,-0.0915636994093761,0.005032293372576607,0.0077224451679272065,0.8133740533102054,0.007817609239258543,0.8377025402578125,0.08384125424144889
AAC_E,3,0.27576065,SecondaryStructure_group2_D100,-0.17024247587039085,1.5836495448770717e-07,-0.1454810400130737,7.781694084439113e-06,3.576328248742001e-07,1.7850864177216098e-05,0.02476143585731716
AAC_E,3,0.27576065,SecondaryStructure_group3_D0,0.1819030604074158,2.052113434933048e-08,0.13579335465788525,3.0395907498348867e-05,4.88877237708729e-08,6.520380927712602e-05,0.04610970574953055
AAC_E,3,0.27576065,SecondaryStructure_group3_D25,-0.06602903802449635,0.04331223713975043,-0.09716279763261754,0.002908237227857879,0.05878215036439108,0.004842229482076428,-0.03113375960812119
AAC_E,3,0.27576065,SecondaryStructure_group3_D50,-0.28616808027575946,4.0508659566688155e-19,-0.24290954235732007,4.7416816456599155e-14,1.5151055201874405e-18,1.9971269478567612e-13,0.043258537918439394
AAC_E,3,0.27576065,SecondaryStructure_group3_D75,-0.13222110242011256,4.9118518105143064e-05,-0.11646282346338876,0.0003537458095423732,9.444781259135165e-05,0.0006626533953289549,0.015758278956723798
AAC_E,3,0.27576065,SecondaryStructure_group3_D100,-0.1941272733445438,2.0794207808882026e-09,-0.14755605942431257,5.7445980387316415e-06,5.245668737285949e-09,1.3380026115316375e-05,0.046571213920231225
AAC_E,3,0.27576065,SolventAccessibility_C1,-0.053630640805424956,0.1008705490025491,-0.12087074259748529,0.00020842946189092513,0.1287873217387286,0.0004038018577237181,-0.06724010179206033
AAC_E,3,0.27576065,SolventAccessibility_C2,0.672728445584342,1.8156200235204447e-124,0.5588787370976696,4.352243675124085e-78,3.567159340328403e-123,7.773526136317884e-77,0.11384970848667242
AAC_E,3,0.27576065,SolventAccessibility_C3,-0.6255302443702597,6.791551454289724e-103,-0.4688550233070557,2.2055409920668375e-52,1.0357891259053734e-101,2.4719821857393414e-51,0.15667522106320403
AAC_E,3,0.27576065,SolventAccessibility_T12,0.5959493989310869,3.63517345981439e-91,0.43342994128314094,3.3852117677106485e-44,4.7801099825905765e-90,3.176013287683586e-43,0.16251945764794595
AAC_E,3,0.27576065,SolventAccessibility_T13,-0.5759419942252113,6.70624566579786e-84,-0.45798387844634797,9.097913326412584e-50,7.804481018733398e-83,9.739432855839113e-49,0.11795811577886334
AAC_E,3,0.27576065,SolventAccessibility_T23,0.08427455493678332,0.009856272183730364,0.10482532778889664,0.0013120803041901318,0.014702969671129707,0.0022836624366831893,-0.02055077285211332
AAC_E,3,0.27576065,SolventAccessibility_group1_D0,0.14093376196447696,1.4916596472861599e-05,0.14505005907431812,8.28374606050009e-06,2.9797507308228313e-05,1.8937516661239082e-05,-0.004116297109841155
AAC_E,3,0.27576065,SolventAccessibility_group1_D25,0.2950390762902299,2.826231183695789e-20,0.2172715770721225,1.7879503807497428e-11,1.1001878966834422e-19,6.366475769407401e-11,0.07776749921810741
AAC_E,3,0.27576065,SolventAccessibility_group1_D50,0.18329125011745906,1.5944272183305488e-08,0.060247414436373554,0.06526862236900405,3.8229626053295285e-08,0.08815090930548869,0.12304383568108551
AAC_E,3,0.27576065,SolventAccessibility_group1_D75,0.06633313308418942,0.042355203889075065,-0.06613165011965283,0.042987282131479315,0.05755345036188394,0.06004915195279838,0.0002014829645365923
AAC_E,3,0.27576065,SolventAccessibility_group1_D100,-0.16521415138950826,3.66627154318972e-07,-0.1764039086035564,5.4712194566424004e-08,8.16901064326462e-07,1.5266393471333014e-07,-0.011189757214048135
AAC_E,3,0.27576065,SolventAccessibility_group2_D0,0.023460920033858332,0.47319545489975623,0.01646695262531479,0.6146674637156831,0.5236821800414797,0.659065595123718,0.006993967408543543
AAC_E,3,0.27576065,SolventAccessibility_group2_D25,-0.34631025820707395,8.614520511011003e-28,-0.14619726372818156,7.010991812204036e-06,4.041081250951791e-27,1.6182938944548362e-05,0.2001129944788924
AAC_E,3,0.27576065,SolventAccessibility_group2_D50,-0.07349783912856842,0.024458937664276398,0.055582479625061076,0.08904658886462395,0.03460095374785395,0.11658785057147941,0.01791535950350734
AAC_E,3,0.27576065,SolventAccessibility_group2_D75,-0.13445616978683006,3.6429160624341505e-05,-0.0011398540892589271,0.9722034260224652,7.065818611225357e-05,0.9760022371250479,0.13331631569757113
AAC_E,3,0.27576065,SolventAccessibility_group2_D100,0.25378645576628395,3.079585270294683e-15,0.15683823675462671,1.4044827669271208e-06,1.026528423431561e-14,3.485120684648279e-06,0.09694821901165723
AAC_E,3,0.27576065,SolventAccessibility_group3_D0,-0.16261305439795382,5.604805058832017e-07,-0.06895988883665195,0.03480767209480823,1.2299637908343584e-06,0.04951346882310881,0.09365316556130186
AAC_E,3,0.27576065,SolventAccessibility_group3_D25,-0.15180780812985295,3.0446927149417663e-06,-0.18733308025143855,7.562888262053915e-09,6.391749634132935e-06,2.259395956642225e-08,-0.0355252721215856
AAC_E,3,0.27576065,SolventAccessibility_group3_D50,-0.15557921027226443,1.708518432005816e-06,-0.12268048095641419,0.00016686861723058666,3.6416410739626197e-06,0.00032707815818671326,0.032898729315850236
AAC_E,3,0.27576065,SolventAccessibility_group3_D75,0.09719556985818098,0.0028986796714167607,0.07536964319141787,0.02103799539896484,0.0046412224844352735,0.031036618653949896,0.021825926666763112
AAC_E,3,0.27576065,SolventAccessibility_group3_D100,-0.15997919170505745,8.556164715846348e-07,-0.06347983028132917,0.05207513570934016,1.8508801911222023e-06,0.07154708073599182,0.09649936142372828
Hydrophobicity_C2,21,0.27171656,AAC_A,0.6304591542062943,5.664287364497484e-105,0.6536089571597293,2.918991396164401e-115,8.799404556940277e-104,9.46546724581466e-114,-0.02314980295343505
Hydrophobicity_C2,21,0.27171656,AAC_C,0.24373994027584184,3.866233109727039e-14,0.23427961123901317,3.7818102877767877e-13,1.2333542107438693e-13,1.496593170755269e-12,0.009460329036828669
Hydrophobicity_C2,21,0.27171656,AAC_D,-0.3464400547487946,8.209680676533362e-28,-0.26147550163810185,4.1146030352087454e-16,3.862018797129778e-27,1.8697651887887357e-15,0.08496455311069273
Hydrophobicity_C2,21,0.27171656,AAC_E,-0.6983559270845575,5.944228483718871e-138,-0.5815572039151866,6.886380038395595e-86,1.3692222852152434e-136,1.3690779362048387e-84,0.1167987231693709
Hydrophobicity_C2,21,0.27171656,AAC_F,-0.4426887389407606,3.036537359785932e-46,-0.4245928823105116,2.662059742089313e-42,2.095461731753102e-45,2.3647020049410386e-41,0.018095856630248985
Hydrophobicity_C2,21,0.27171656,AAC_G,0.6661331539639357,3.2514783948809413e-121,0.6740772694819294,3.830880903345954e-125,6.205678765087055e-120,1.421682468575054e-123,-0.007944115517993677
Hydrophobicity_C2,21,0.27171656,AAC_H,-0.4549744429313752,4.639187379071559e-49,-0.28524757345053714,5.311270480173069e-19,3.3038136132407266e-48,2.7460748303061996e-18,0.16972686948083804
Hydrophobicity_C2,21,0.27171656,AAC_I,-0.6414872317748809,9.183717806727105e-110,-0.6066478526152395,2.890537090005585e-95,1.5413878127873634e-108,7.151402874532336e-94,0.034839379159641415
Hydrophobicity_C2,21,0.27171656,AAC_K,-0.7149457453528478,1.7880392963164563e-147,-0.6424282597227248,3.5085129038318264e-110,4.777640999757572e-146,1.0557146935854326e-108,0.07251748563012306
Hydrophobicity_C2,21,0.27171656,AAC_L,-0.5850573547817602,3.7912795514114235e-87,-0.5013052094466283,8.953300474192959e-61,4.63841527535317e-86,1.186667602531924e-59,0.08375214533513198
Hydrophobicity_C2,21,0.27171656,AAC_M,-0.4200894709517953,2.34313644652007e-41,-0.33347198066564254,9.01172209828969e-26,1.5108254307677673e-40,5.522780148309645e-25,0.08661749028615273
Hydrophobicity_C2,21,0.27171656,AAC_N,-0.16481472833267308,3.9148850855021493e-07,-0.20027865286573499,6.202020746764967e-10,8.69974463444922e-07,1.9784860834952233e-09,-0.03546392453306191
Hydrophobicity_C2,21,0.27171656,AAC_P,0.5190863391213854,9.038695803791388e-66,0.3355012018508482,4.384138889346753e-26,8.050465062576863e-65,2.716702020485743e-25,0.18358513727053716
Hydrophobicity_C2,21,0.27171656,AAC_Q,-0.19586512728036395,1.4832692142314155e-09,-0.16955931075813016,1.7775747348934201e-07,3.767391008009831e-09,4.7611063468677015e-07,0.026305816522233794
Hydrophobicity_C2,21,0.27171656,AAC_R,0.0985500156410348,0.0025278453031035092,0.032503100535165606,0.3202865435659709,0.004088621458772746,0.3731276789362898,0.06604691510586919
Hydrophobicity_C2,21,0.27171656,AAC_S,0.5423986533366197,8.724336982207982e-73,0.36263020399842794,1.6930966656303128e-30,8.911096489472373e-72,1.1805726227985898e-29,0.1797684493381918
Hydrophobicity_C2,21,0.27171656,AAC_T,0.7595470339914613,7.798759362869773e-177,0.6570609777034175,7.126100131214336e-117,3.2971969964538026e-175,2.3565519245797904e-115,0.10248605628804375
Hydrophobicity_C2,21,0.27171656,AAC_V,0.09771714928954739,0.0027503719813200354,0.13503243937474155,3.3701664353296335e-05,0.0044164627007735185,7.206373811780394e-05,-0.03731529008519416
Hydrophobicity_C2,21,0.27171656,AAC_W,0.18013223548755153,2.823469043445815e-08,0.12242959065610123,0.0001721247920868282,6.65048420670594e-08,0.00033659063557962897,0.057702644831450295
Hydrophobicity_C2,21,0.27171656,AAC_Y,-0.07664006959099334,0.01896045818144135,-0.043471618808784224,0.18367043387670118,0.027237819495059833,0.22405377982037325,0.03316845078220912
Hydrophobicity_C2,21,0.27171656,Hydrophobicity_C1,-0.9172919801741715,0.0,-0.8863018959806741,7.61339179e-315,0.0,7.70567532883e-313,0.030990084193497358
Hydrophobicity_C2,21,0.27171656,Hydrophobicity_C2,0.9999999999999998,0.0,1.0,0.0,0.0,0.0,-2.220446049250313e-16
Hydrophobicity_C2,21,0.27171656,Hydrophobicity_C3,-0.854519238599226,3.1209000918441245e-268,-0.8067201528004665,7.909710415204926e-216,2.043883589560662e-266,5.180084860153814e-214,0.047799085798759466
Hydrophobicity_C2,21,0.27171656,Hydrophobicity_T12,0.07255731107059735,0.026352621736840384,0.15813298008005172,1.1463029741196613e-06,0.03702892578924984,2.8830210343069796e-06,-0.08557566900945437
Hydrophobicity_C2,21,0.27171656,Hydrophobicity_T13,-0.902766950563602,0.0,-0.8637437649266652,1.5741118283501281e-280,0.0,1.5021524304826938e-278,0.03902318563693685
Hydrophobicity_C2,21,0.27171656,Hydrophobicity_T23,0.4100828385223384,2.6179011100357444e-39,0.36008983738005607,4.57548144289162e-30,1.6466647283464004e-38,3.118797554950615e-29,0.049993001142282334
Hydrophobicity_C2,21,0.27171656,Hydrophobicity_group1_D0,-0.01298326795455395,0.69143385126908,-0.0033521315653379227,0.9183807730369925,0.7301261660571379,0.9269918362702873,0.009631136389216026
Hydrophobicity_C2,21,0.27171656,Hydrophobicity_group1_D25,0.3508647542688857,1.5695973293068254e-28,0.12556686354188457,0.00011630303490912457,7.619847499832553e-28,0.0002322864293788074,0.22529789072700113
Hydrophobicity_C2,21,0.27171656,Hydrophobicity_group1_D50,0.0654973479656988,0.045029377311618074,-0.08284855636967273,0.01118039588443114,0.06081606155309518,0.017320279338589987,-0.01735120840397393
Hydrophobicity_C2,21,0.27171656,Hydrophobicity_group1_D75,0.03202133453406861,0.32751559471925895,-0.1437101918407574,1.0049560274998853e-05,0.37825106720688967,2.2740874877029924e-05,-0.11168885730668879
Hydrophobicity_C2,21,0.27171656,Hydrophobicity_group1_D100,-0.2963339207657803,1.9010140242224705e-20,-0.2002548851279179,6.231547272067893e-10,7.43487920480451e-20,1.9841151466831994e-09,0.09607903563786241
Hydrophobicity_C2,21,0.27171656,Hydrophobicity_group2_D0,-0.47294177524013653,2.1660475539938967e-53,-0.44642413896110167,4.3487479205532176e-47,1.6517348927716016e-52,4.374945197183056e-46,0.026517636279034862
Hydrophobicity_C2,21,0.27171656,Hydrophobicity_group2_D25,-0.34655345438816254,7.871440757761108e-28,-0.14900498266116724,4.636080748957653e-06,3.7133632953279804e-27,1.0873953442077641e-05,0.1975484717269953
Hydrophobicity_C2,21,0.27171656,Hydrophobicity_group2_D50,-0.010070834406042265,0.75818191219708,0.1277193168912485,8.840448602478295e-05,0.791847275402829,0.00017906063270028809,-0.11764848248520622
Hydrophobicity_C2,21,0.27171656,Hydrophobicity_group2_D75,0.0506065980880587,0.12161864629335936,0.21948342957595385,1.1019856429274183e-11,0.1530543627052827,3.9747646299973834e-11,-0.16887683148789515
Hydrophobicity_C2,21,0.27171656,Hydrophobicity_group2_D100,0.41710013801617646,9.748317071253754e-41,0.4049180538777803,2.8067285032518447e-38,6.2255026803035445e-40,2.269848232654034e-37,0.012182084138396165
Hydrophobicity_C2,21,0.27171656,Hydrophobicity_group3_D0,0.2195833198639892,1.0780295791779859e-11,0.05190541624248385,0.11233203832523589,3.120120272490877e-11,0.1429291459071573,0.16767790362150536
Hydrophobicity_C2,21,0.27171656,Hydrophobicity_group3_D25,0.28150418020541407,1.581803940130144e-18,0.09779601271550309,0.0027285600044540735,5.824945049652349e-18,0.004577293026055552,0.18370816748991098
Hydrophobicity_C2,21,0.27171656,Hydrophobicity_group3_D50,0.054275832697132154,0.09683115128968449,-0.057780887746131826,0.07709176541690581,0.12381931290487985,0.10242104076868154,-0.0035050550489996724
Hydrophobicity_C2,21,0.27171656,Hydrophobicity_group3_D75,-0.07119338477093781,0.02932286719136192,-0.11682530018008559,0.00033891749645943996,0.040807656841312004,0.0006366616637652023,-0.04563191540914778
Hydrophobicity_C2,21,0.27171656,Hydrophobicity_group3_D100,-0.06486791022853933,0.04713593661327369,-0.1093190183059257,0.0008026235363650787,0.06345587597272637,0.001442821642335502,-0.04445110807738638
Hydrophobicity_C2,21,0.27171656,NormVanDerWaalsVolume_C1,0.9564283773399653,0.0,0.9371179857803135,0.0,0.0,0.0,0.019310391559651863
Hydrophobicity_C2,21,0.27171656,NormVanDerWaalsVolume_C2,-0.8910896456681915,5e-323,-0.84889041161771,3.8670484494172395e-261,4.23e-321,3.0752242431079956e-259,0.04219923405048154
Hydrophobicity_C2,21,0.27171656,NormVanDerWaalsVolume_C3,-0.7500749686186671,4.42588184304787e-170,-0.6799822578630784,3.8212005084339823e-128,1.5895102533096652e-168,1.466989620479253e-126,0.07009271075558865
Hydrophobicity_C2,21,0.27171656,NormVanDerWaalsVolume_T12,0.33256858615858537,1.2398430147396754e-25,0.2614573075019997,4.134573805154749e-16,5.580964513787757e-25,1.8762875691870737e-15,0.07111127865658567
Hydrophobicity_C2,21,0.27171656,NormVanDerWaalsVolume_T13,0.10118985317473196,0.001926754425644078,0.14030066196770902,1.6305495488704158e-05,0.0031670077665606404,3.6186282347024506e-05,-0.039110808792977056
Hydrophobicity_C2,21,0.27171656,NormVanDerWaalsVolume_T23,-0.8696550673638272,6.7910188262193135e-289,-0.8314356145324333,7.319867708508983e-241,5.040445084349446e-287,5.685664685213954e-239,0.03821945283139394
Hydrophobicity_C2,21,0.27171656,NormVanDerWaalsVolume_group1_D0,-0.4266429718779044,9.782537237495583e-43,-0.38971979847428695,2.3798007667069007e-35,6.431825664022687e-42,1.8356892750117893e-34,0.03692317340361745
Hydrophobicity_C2,21,0.27171656,NormVanDerWaalsVolume_group1_D25,-0.37670845240795076,5.8134305199601024e-33,-0.2325937908653308,5.619957868021517e-13,3.126708202361794e-32,2.203129023379327e-12,0.14411466154261995
Hydrophobicity_C2,21,0.27171656,NormVanDerWaalsVolume_group1_D50,0.03216049520981421,0.3254166668471678,0.12982149774479762,6.734731242558753e-05,0.37634753021798495,0.00013876620820571397,-0.09766100253498342
Hydrophobicity_C2,21,0.27171656,NormVanDerWaalsVolume_group1_D75,0.03686810362661931,0.2595622866549454,0.18936492820263132,5.165769358706325e-09,0.30731585871234235,1.5670907954658607e-08,-0.152496824576012
Hydrophobicity_C2,21,0.27171656,NormVanDerWaalsVolume_group1_D100,0.40959746606353753,3.277516172454063e-39,0.39766595984195746,7.320457025762753e-37,2.0461502833638446e-38,5.807678495498241e-36,0.011931506221580068
Hydrophobicity_C2,21,0.27171656,NormVanDerWaalsVolume_group2_D0,-0.10152400249443028,0.00186082444687347,-0.14931596176952044,4.426421573332121e-06,0.0030631609918962,1.0426126978088353e-05,-0.04779195927509017
Hydrophobicity_C2,21,0.27171656,NormVanDerWaalsVolume_group2_D25,0.25346317619278397,3.3466600476315578e-15,0.07782911958994063,0.017180602781953578,1.1133311313834067e-14,0.025697811595040285,0.17563405660284334
Hydrophobicity_C2,21,0.27171656,NormVanDerWaalsVolume_group2_D50,-0.045910691097584895,0.16025581964742053,-0.11849609109352693,0.00027777364864353633,0.1968570936455993,0.0005310612401084209,-0.07258539999594205
Hydrophobicity_C2,21,0.27171656,NormVanDerWaalsVolume_group2_D75,-0.1371156182923588,2.5370864022873575e-05,-0.1804340692460783,2.6746004929202553e-08,4.987562438869791e-05,7.648258258864428e-08,-0.0433184509537195
Hydrophobicity_C2,21,0.27171656,NormVanDerWaalsVolume_group2_D100,-0.2411372686254015,7.311679585805352e-14,-0.20051347865280109,5.917527211307643e-10,2.306044364172793e-13,1.893155257257426e-09,0.04062378997260041
Hydrophobicity_C2,21,0.27171656,NormVanDerWaalsVolume_group3_D0,0.20357098808107715,3.194137652795114e-10,0.13038157637206957,6.259459189837746e-05,8.354283289221364e-10,0.00012937248573055736,0.07318941170900758
Hydrophobicity_C2,21,0.27171656,NormVanDerWaalsVolume_group3_D25,0.19591030062696832,1.4702397563006937e-09,0.13205364966651106,5.022121825345459e-05,3.737139106578627e-09,0.00010483679310408646,0.06385665096045726
Hydrophobicity_C2,21,0.27171656,NormVanDerWaalsVolume_group3_D50,0.0663339073174603,0.042352790239915034,0.00571369840834211,0.8613414002229017,0.05755345036188394,0.8797832896574914,0.06062020890911819
Hydrophobicity_C2,21,0.27171656,NormVanDerWaalsVolume_group3_D75,-0.028275823744586436,0.3872839913070091,-0.1050366269439257,0.001282632584664637,0.43744623975833963,0.002233572905516104,-0.07676080319933926
Hydrophobicity_C2,21,0.27171656,NormVanDerWaalsVolume_group3_D100,-0.15172019138714002,3.085330787445043e-06,-0.10520756065076636,0.0012592573905105607,6.464871286114456e-06,0.0021951564114328147,0.046512630736373656
Hydrophobicity_C2,21,0.27171656,Polarity_C1,-0.8430845779147749,4.0406551937447505e-254,-0.7896790128468195,1.3762251600046297e-200,2.4537796994740846e-252,7.92515868002666e-199,0.05340556506795535
Hydrophobicity_C2,21,0.27171656,Polarity_C2,0.9778768116593766,0.0,0.9678045404780463,0.0,0.0,0.0,0.01007227118133025
Hydrophobicity_C2,21,0.27171656,Polarity_C3,-0.9261713938762699,0.0,-0.8929238288532848,0.0,0.0,0.0,0.03324756502298509
Hydrophobicity_C2,21,0.27171656,Polarity_T12,0.6521284659879697,1.4134357759579609e-114,0.5825643515085291,3.000741403827661e-86,2.524532348502454e-113,6.07422805380872e-85,0.06956411447944055
Hydrophobicity_C2,21,0.27171656,Polarity_T13,-0.9022205618996838,0.0,-0.8574748000905964,4.455029224651398e-272,0.0,3.915736213246228e-270,0.0447457618090874
Hydrophobicity_C2,21,0.27171656,Polarity_T23,0.3135107612151084,8.128448610827069e-23,0.3390060044204203,1.2470382517620213e-26,3.3936272950203014e-22,7.918455819173292e-26,-0.02549524320531188
Hydrophobicity_C2,21,0.27171656,Polarity_group1_D0,0.10856917156184054,0.0008723364836451611,-0.027151932352622633,0.4064389279043,0.0014910971624231514,0.4615797413126018,0.08141723920921791
Hydrophobicity_C2,21,0.27171656,Polarity_group1_D25,0.2609605049906065,4.718305431994775e-16,0.12153473122733797,0.00019216574376928902,1.6196444134493884e-15,0.0003740288952152828,0.13942577376326853
Hydrophobicity_C2,21,0.27171656,Polarity_group1_D50,0.07921666128684204,0.015290110699688561,-0.01135916089145349,0.7283988904579308,0.022252274395189453,0.763846874137987,0.06785750039538856
Hydrophobicity_C2,21,0.27171656,Polarity_group1_D75,-0.020770855155332155,0.5254120220749733,-0.11029549119604763,0.0007195706242286914,0.5742395791002654,0.001304758895181232,-0.08952463604071548
Hydrophobicity_C2,21,0.27171656,Polarity_group1_D100,0.007005074638284274,0.8304340459708129,0.018305243174601166,0.5757313205108395,0.8550091595383832,0.6229162975400725,-0.011300168536316891
Hydrophobicity_C2,21,0.27171656,Polarity_group2_D0,-0.4623708414092655,8.219503868185874e-51,-0.42952527304061056,2.366517093813786e-43,5.994136008677035e-50,2.1834715727453163e-42,0.03284556836865493
Hydrophobicity_C2,21,0.27171656,Polarity_group2_D25,-0.4097128681340433,3.107105863005117e-39,-0.23282434027062446,5.324578729766531e-13,1.9433958019545112e-38,2.094710595691427e-12,0.17688852786341883
Hydrophobicity_C2,21,0.27171656,Polarity_group2_D50,-0.06541465795493151,0.045301514507411864,0.09474859523330119,0.003696549323494415,0.06115887568906856,0.006076021033696529,-0.02933393727836968
Hydrophobicity_C2,21,0.27171656,Polarity_group2_D75,0.06749481069236153,0.03886202128611227,0.2583347530086433,9.438548662952535e-16,0.05321818413104345,4.237197921271702e-15,-0.19083994231628176
Hydrophobicity_C2,21,0.27171656,Polarity_group2_D100,0.3944926339906416,2.9738468991887533e-36,0.41063901687528337,2.0226799191424678e-39,1.7214295742271117e-35,1.6974248567677995e-38,-0.016146382884641763
Hydrophobicity_C2,21,0.27171656,Polarity_group3_D0,0.024858409553305583,0.44723727719118134,0.010623152526898948,0.745366782631988,0.4979241686061819,0.7787066168254112,0.014235257026406635
Hydrophobicity_C2,21,0.27171656,Polarity_group3_D25,0.3939050798903201,3.848672093076674e-36,0.14553243206238972,7.723803059966525e-06,2.2201320882342127e-35,1.7754647088980174e-05,0.24837264782793037
Hydrophobicity_C2,21,0.27171656,Polarity_group3_D50,0.08420998723019177,0.00991306943387195,-0.10542277732755874,0.0012303850197995896,0.014781094602291213,0.0021504374495712347,-0.02121279009736697
Hydrophobicity_C2,21,0.27171656,Polarity_group3_D75,0.0037492308178091044,0.9087519780090269,-0.17365349800879787,8.833981302590947e-08,0.9231239679288776,2.422454642910818e-07,-0.16990426719098878
Hydrophobicity_C2,21,0.27171656,Polarity_group3_D100,-0.29964053560496845,6.841893728993373e-21,-0.22305898975074132,4.984593489653623e-12,2.714005350930863e-20,1.845736391955998e-11,0.07658154585422713
Hydrophobicity_C2,21,0.27171656,Polarizability_C1,0.9314308292321153,0.0,0.909874843736291,0.0,0.0,0.0,0.02155598549582427
Hydrophobicity_C2,21,0.27171656,Polarizability_C2,-0.7747881617012271,2.1843385453268962e-188,-0.7380300783261644,6.416279952079463e-162,9.859041542421396e-187,3.0614821485636296e-160,0.0367580833750627
Hydrophobicity_C2,21,0.27171656,Polarizability_C3,-0.7500749686186671,4.42588184304787e-170,-0.6799822578630784,3.8212005084339823e-128,1.5895102533096652e-168,1.466989620479253e-126,0.07009271075558865
Hydrophobicity_C2,21,0.27171656,Polarizability_T12,0.7181945562901701,2.0295263722260835e-149,0.6168356625654211,2.566382343384636e-99,5.5312141734143416e-148,6.74938348575172e-98,0.10135889372474904
Hydrophobicity_C2,21,0.27171656,Polarizability_T13,0.07252320094853451,0.02642361344946804,0.12366399439145409,0.00014768301149115906,0.03708187769799297,0.0002913533717545607,-0.05114079344291958
Hydrophobicity_C2,21,0.27171656,Polarizability_T23,-0.8375291046965812,1.1489544731220573e-247,-0.7945352818899216,8.77531564490266e-205,6.732470070574862e-246,5.142027062100857e-203,0.04299382280665953
Hydrophobicity_C2,21,0.27171656,Polarizability_group1_D0,-0.4044845297214078,3.418667374888753e-38,-0.38004687496251693,1.4521475036638113e-33,2.102826709415918e-37,1.0802166285606079e-32,0.02443765475889087
Hydrophobicity_C2,21,0.27171656,Polarizability_group1_D25,-0.28197065373547386,1.3819242853143006e-18,-0.10882541412210728,0.0008479067573289401,5.105782204590447e-18,0.0015193179020808261,0.17314523961336659
Hydrophobicity_C2,21,0.27171656,Polarizability_group1_D50,0.004071442574570992,0.9009488002763778,0.20594553999317144,1.9655050330890713e-10,0.9179893205988718,6.499788921304454e-10,-0.20187409741860046
Hydrophobicity_C2,21,0.27171656,Polarizability_group1_D75,0.05851037926382489,0.07342619896792937,0.24187177138988744,6.112929771915811e-14,0.09561150274966242,2.552148179774851e-13,-0.18336139212606256
Hydrophobicity_C2,21,0.27171656,Polarizability_group1_D100,0.2898575781487044,1.353919652349116e-19,0.3120276894766385,1.3207034684883559e-22,5.168104730109769e-19,7.401257692535417e-22,-0.022170111327934117
Hydrophobicity_C2,21,0.27171656,Polarizability_group2_D0,-0.22199873025287523,6.315613967943753e-12,-0.22079583653251292,8.248937273569921e-12,1.8422838998194003e-11,3.001247330470974e-11,0.001202893720362308
Hydrophobicity_C2,21,0.27171656,Polarizability_group2_D25,0.11790449057982258,0.0002981350382238744,-0.042816755828743405,0.1903679419882066,0.0005376733410732941,0.23104248773277983,0.07508773475107917
Hydrophobicity_C2,21,0.27171656,Polarizability_group2_D50,0.06727868238859053,0.03949276786817724,-0.13965420810932797,1.7850181313831838e-05,0.05405977240971803,3.9223424729077857e-05,-0.07237552572073744
Hydrophobicity_C2,21,0.27171656,Polarizability_group2_D75,-0.11732687573557012,0.0003193546281977047,-0.22850216976937032,1.4511402541262111e-12,0.0005725413087387727,5.583880701361228e-12,-0.1111752940338002
Hydrophobicity_C2,21,0.27171656,Polarizability_group2_D100,0.07452621368253752,0.02252423116169112,0.04323136334265479,0.18610707688795486,0.03204043103920287,0.22636476212883075,0.03129485033988273
Hydrophobicity_C2,21,0.27171656,Polarizability_group3_D0,0.20357098808107715,3.194137652795114e-10,0.13038157637206957,6.259459189837746e-05,8.354283289221364e-10,0.00012937248573055736,0.07318941170900758
Hydrophobicity_C2,21,0.27171656,Polarizability_group3_D25,0.19591030062696832,1.4702397563006937e-09,0.13205364966651106,5.022121825345459e-05,3.737139106578627e-09,0.00010483679310408646,0.06385665096045726
Hydrophobicity_C2,21,0.27171656,Polarizability_group3_D50,0.0663339073174603,0.042352790239915034,0.00571369840834211,0.8613414002229017,0.05755345036188394,0.8797832896574914,0.06062020890911819
Hydrophobicity_C2,21,0.27171656,Polarizability_group3_D75,-0.028275823744586436,0.3872839913070091,-0.1050366269439257,0.001282632584664637,0.43744623975833963,0.002233572905516104,-0.07676080319933926
Hydrophobicity_C2,21,0.27171656,Polarizability_group3_D100,-0.15172019138714002,3.085330787445043e-06,-0.10520756065076636,0.0012592573905105607,6.464871286114456e-06,0.0021951564114328147,0.046512630736373656
Hydrophobicity_C2,21,0.27171656,Charge_C1,-0.7350918250654949,5.3705157531812424e-160,-0.6888034871982706,9.221053290183542e-133,1.6608817236690138e-158,3.7558924377089064e-131,0.046288337867224305
Hydrophobicity_C2,21,0.27171656,Charge_C2,0.8250827935553717,4.7153547534153695e-234,0.7588639145152318,2.452261174140087e-176,2.581849979738907e-232,1.260084972558137e-174,0.0662188790401399
Hydrophobicity_C2,21,0.27171656,Charge_C3,-0.6732706402723666,9.723688807488784e-125,-0.5554964962035643,5.6380634634566645e-77,1.9331619414888417e-123,9.807881233304822e-76,0.11777414406880227
Hydrophobicity_C2,21,0.27171656,Charge_T12,-0.6358581300178338,2.7069287859486486e-107,-0.6041178076545825,2.7831376483100315e-94,4.3467029543598493e-106,6.735999815475003e-93,0.031740322363251305
Hydrophobicity_C2,21,0.27171656,Charge_T13,-0.688167063624989,2.0111681450108613e-132,-0.5997510358521896,1.3228153900818491e-92,4.3903932054485467e-131,3.0470368295678454e-91,0.08841602777279944
Hydrophobicity_C2,21,0.27171656,Charge_T23,-0.5711551381945985,3.100814604779559e-82,-0.43019995853169074,1.694235719957449e-43,3.5590105773071227e-81,1.5718742512938552e-42,0.14095517966290777
Hydrophobicity_C2,21,0.27171656,Charge_group1_D0,0.00460043730174789,0.8881588903651984,-0.02560899250240233,0.4336359572222146,0.9071714659999274,0.4893054382169584,-0.02100855520065444
Hydrophobicity_C2,21,0.27171656,Charge_group1_D25,0.07959547271472606,0.014806860418907962,-0.01474040552286681,0.6522542890401024,0.021596032226704188,0.6942413401510332,0.06485506719185924
Hydrophobicity_C2,21,0.27171656,Charge_group1_D50,-0.09375675296884863,0.004073216083909069,-0.14123307277505165,1.4299888163730456e-05,0.006381117129576121,3.194757623201319e-05,-0.047476319806203024
Hydrophobicity_C2,21,0.27171656,Charge_group1_D75,-0.03794322562409373,0.24591574554598453,-0.12733894557757566,9.28241550266708e-05,0.2925066204143833,0.00018733092313539604,-0.08939571995348193
Hydrophobicity_C2,21,0.27171656,Charge_group1_D100,-0.1366963315722222,2.6871937855091436e-05,-0.11459628806230132,0.00044017339290189817,5.270245005050229e-05,0.0008136021761440729,0.02210004350992087
Hydrophobicity_C2,21,0.27171656,Charge_group2_D0,-0.24834290528607614,1.2300280398805761e-14,-0.2898662210364778,1.3504224471317284e-19,4.008091368976707e-14,7.075941361887304e-19,-0.04152331575040166
Hydrophobicity_C2,21,0.27171656,Charge_group2_D25,-0.05805750673850262,0.07568465333171562,0.06301452832889815,0.053824636759838215,0.09843720487847747,0.07376868558796046,-0.004957021590395523
Hydrophobicity_C2,21,0.27171656,Charge_group2_D50,0.1855338955982407,1.056242307185982e-08,0.2256040622984645,2.8104012041260546e-12,2.5713187361524637e-08,1.0570653177681332e-11,-0.040070166700223786
Hydrophobicity_C2,21,0.27171656,Charge_group2_D75,0.1623317757966174,5.865719552436071e-07,0.2203059829692927,9.19258236109612e-12,1.2830061103560236e-06,3.337307074571852e-11,-0.05797420717267532
Hydrophobicity_C2,21,0.27171656,Charge_group2_D100,0.2894129110583567,1.5464296825907094e-19,0.21060142353697894,7.457223437688099e-11,5.882773507805204e-19,2.5441395589252555e-10,0.07881148752137776
Hydrophobicity_C2,21,0.27171656,Charge_group3_D0,0.025438727702094127,0.4367002141109348,0.04497130649771217,0.16899181272638542,0.48798217301121516,0.20728338395377427,-0.019532578795618045
Hydrophobicity_C2,21,0.27171656,Charge_group3_D25,0.17110768602433046,1.367203360657626e-07,0.044600408052814365,0.17253759729463092,3.1022141471443415e-07,0.2112982645492586,0.1265072779715161
Hydrophobicity_C2,21,0.27171656,Charge_group3_D50,-0.04776288254132747,0.14403580511370082,-0.07241535456326768,0.026649155194853464,0.17890650393445917,0.03874975113226407,-0.024652472021940215
Hydrophobicity_C2,21,0.27171656,Charge_group3_D75,-0.11742035896870281,0.0003158272584869478,-0.12412358365189907,0.00013944702315776676,0.0005665215055566089,0.00027624736497446084,-0.006703224683196257
Hydrophobicity_C2,21,0.27171656,Charge_group3_D100,-0.21827816229097524,1.4354403687732033e-11,-0.1402005227873914,1.6536151248338753e-05,4.1253589064808474e-11,3.6600891431048e-05,0.07807763950358385
Hydrophobicity_C2,21,0.27171656,SecondaryStructure_C1,-0.6376470760669221,4.500526330140927e-108,-0.4888797117494962,1.8714571333422314e-57,7.296969875082862e-107,2.281265264731041e-56,0.14876736431742588
Hydrophobicity_C2,21,0.27171656,SecondaryStructure_C2,0.1908517703946744,3.8979162116257184e-09,0.08520017412650772,0.009073282511554688,9.715701602111865e-09,0.014247655659893116,0.10565159626816668
Hydrophobicity_C2,21,0.27171656,SecondaryStructure_C3,0.7274809734289076,3.916586473798596e-155,0.6059394932093857,5.460666772207774e-95,1.1785043984222803e-153,1.3312866437353258e-93,0.12154148021952194
Hydrophobicity_C2,21,0.27171656,SecondaryStructure_T12,-0.6083618917196021,6.16022779236987e-96,-0.5015999426031356,7.439700459957038e-61,8.537411131334175e-95,9.97935724347651e-60,0.10676194911646653
Hydrophobicity_C2,21,0.27171656,SecondaryStructure_T13,-0.2541356379728902,2.8146316632707946e-15,-0.09385990276509103,0.0040324834675455265,9.400869755324455e-15,0.006608682424731138,0.16027573520779914
Hydrophobicity_C2,21,0.27171656,SecondaryStructure_T23,0.5905399711206809,3.760836430595332e-89,0.43667576786472734,6.593327180286294e-45,4.740073086108834e-88,6.346314922811592e-44,0.15386420325595357
Hydrophobicity_C2,21,0.27171656,SecondaryStructure_group1_D0,-0.09005433181733996,0.0058061797356483945,-0.15624730319968133,1.5400815444688595e-06,0.008916156467616385,3.799019467153612e-06,-0.06619297138234137
Hydrophobicity_C2,21,0.27171656,SecondaryStructure_group1_D25,-0.09989544588714303,0.002202869724255548,-0.09147638170780396,0.0050743891858606085,0.003597841016632533,0.008215443471049168,0.008419064179339061
Hydrophobicity_C2,21,0.27171656,SecondaryStructure_group1_D50,-0.2806917445429797,2.0001698637954625e-18,-0.23524729892333995,3.008455205525541e-13,7.349359015486078e-18,1.2005066172586985e-12,0.04544444561963973
Hydrophobicity_C2,21,0.27171656,SecondaryStructure_group1_D75,-0.26703384444316763,9.209494441716996e-17,-0.19790599341828363,9.935605755389553e-10,3.2344596672276306e-16,3.1218178008467645e-09,0.069127851024884
Hydrophobicity_C2,21,0.27171656,SecondaryStructure_group1_D100,-0.22966952966977847,1.1091028140412855e-12,-0.1527379543973755,2.643712793063801e-06,3.3342964886569696e-12,6.393917978879866e-06,0.07693157527240296
Hydrophobicity_C2,21,0.27171656,SecondaryStructure_group2_D0,-0.04019346983241534,0.21899877232221496,-0.11225767836314066,0.0005762393116449417,0.26301902177497233,0.001055753867742241,-0.07206420853072532
Hydrophobicity_C2,21,0.27171656,SecondaryStructure_group2_D25,0.049763613597299236,0.12795980832743495,0.10738701537686274,0.000993707652948371,0.1603698911120573,0.001757936208076038,-0.0576234017795635
Hydrophobicity_C2,21,0.27171656,SecondaryStructure_group2_D50,0.13590513643870095,2.9937009626381586e-05,0.1390569584003325,1.9400179576797755e-05,5.85076724120038e-05,4.2489573630494754e-05,-0.0031518219616315513
Hydrophobicity_C2,21,0.27171656,SecondaryStructure_group2_D75,0.21946521582323006,1.106409507538787e-11,0.13670267616824536,2.6848608240819406e-05,3.1994872339216874e-11,5.8041651472062666e-05,0.0827625396549847
Hydrophobicity_C2,21,0.27171656,SecondaryStructure_group2_D100,0.18395189514563892,1.4130273873399236e-08,0.16214989441721148,6.040614643345766e-07,3.4026759002994556e-08,1.561583042474834e-06,0.021802000728427445
Hydrophobicity_C2,21,0.27171656,SecondaryStructure_group3_D0,-0.3059710226627692,9.317954695252209e-22,-0.2836293279465713,8.530395295917297e-19,3.795362034407607e-21,4.3765776172601804e-18,0.022341694716197902
Hydrophobicity_C2,21,0.27171656,SecondaryStructure_group3_D25,-0.09562156582395288,0.0033914935593946675,-0.09165466178328607,0.004988775940012627,0.005371070881165571,0.008080752492551975,0.0039669040406668105
Hydrophobicity_C2,21,0.27171656,SecondaryStructure_group3_D50,0.2052969933928052,2.2455531884295285e-10,0.1439268284005402,9.741571426329032e-06,5.952498134408433e-10,2.210383733963245e-05,0.061370164992265
Hydrophobicity_C2,21,0.27171656,SecondaryStructure_group3_D75,0.08255739440963587,0.011469385784177869,0.057144822730093185,0.08040813481437228,0.01695783466983359,0.10636165159604095,0.025412571679542688
Hydrophobicity_C2,21,0.27171656,SecondaryStructure_group3_D100,0.28195577215863266,1.3878982452435954e-18,0.2516174593447416,5.368525830574824e-15,5.122187999020562e-18,2.346973334308889e-14,0.030338312813891044
Hydrophobicity_C2,21,0.27171656,SolventAccessibility_C1,0.24091119862600693,7.725047106714267e-14,0.35841661123108315,8.763743045687583e-30,2.4341186166439297e-13,5.937302590790371e-29,-0.11750541260507621
Hydrophobicity_C2,21,0.27171656,SolventAccessibility_C2,-0.9172919801741715,0.0,-0.8863018959806741,7.61339179e-315,0.0,7.70567532883e-313,0.030990084193497358
Hydrophobicity_C2,21,0.27171656,SolventAccessibility_C3,0.7110416116078732,3.58009011089162e-145,0.5692873416529725,1.3606623363253791e-81,9.198077669521547e-144,2.5388894990652326e-80,0.1417542699549007
Hydrophobicity_C2,21,0.27171656,SolventAccessibility_T12,-0.7188304233343401,8.384837308964573e-150,-0.5874290503925523,5.209549647344399e-88,2.3337797176618063e-148,1.1012592292487528e-86,0.13140137294178778
Hydrophobicity_C2,21,0.27171656,SolventAccessibility_T13,0.7644101396461203,2.001049716819295e-180,0.6979277659094862,1.0260165159902131e-137,8.679877992436942e-179,4.337841978996597e-136,0.06648237373663402
Hydrophobicity_C2,21,0.27171656,SolventAccessibility_T23,-0.18916668393099476,5.362508670342898e-09,-0.23599136051914874,2.521428283192043e-13,1.327707854629005e-08,1.0134260488401233e-12,-0.04682467658815398
Hydrophobicity_C2,21,0.27171656,SolventAccessibility_group1_D0,-0.21031453030478792,7.921320039500198e-11,-0.23234752715564755,5.95321285688784e-13,2.1668475783726996e-10,2.3283057309139796e-12,-0.022032996850859632
Hydrophobicity_C2,21,0.27171656,SolventAccessibility_group1_D25,-0.2637120866394641,2.2624812871909856e-16,-0.1729086334890639,1.0044832253718447e-07,7.847027517360219e-16,2.7454778827675627e-07,0.0908034531504002
Hydrophobicity_C2,21,0.27171656,SolventAccessibility_group1_D50,-0.21578644531120783,2.4672598462673948e-11,-0.08620908841758167,0.008283420792362259,6.983599903841609e-11,0.013074964766772185,0.12957735689362615
Hydrophobicity_C2,21,0.27171656,SolventAccessibility_group1_D75,-0.13294021007373144,4.4638363322172635e-05,0.0014686446867378362,0.9641902869728629,8.608090848502113e-05,0.9685400175907856,0.13147156538699362
Hydrophobicity_C2,21,0.27171656,SolventAccessibility_group1_D100,0.1644318686712357,4.1683843680776673e-07,0.18073118147360343,2.5355018664619515e-08,9.220134959853913e-07,7.26916414934156e-08,-0.016299312802367738
Hydrophobicity_C2,21,0.27171656,SolventAccessibility_group2_D0,-0.01298326795455395,0.69143385126908,-0.0033521315653379227,0.9183807730369925,0.7301261660571379,0.9269918362702873,0.009631136389216026
Hydrophobicity_C2,21,0.27171656,SolventAccessibility_group2_D25,0.3508647542688857,1.5695973293068254e-28,0.12556686354188457,0.00011630303490912457,7.619847499832553e-28,0.0002322864293788074,0.22529789072700113
Hydrophobicity_C2,21,0.27171656,SolventAccessibility_group2_D50,0.0654973479656988,0.045029377311618074,-0.08284855636967273,0.01118039588443114,0.06081606155309518,0.017320279338589987,-0.01735120840397393
Hydrophobicity_C2,21,0.27171656,SolventAccessibility_group2_D75,0.03202133453406861,0.32751559471925895,-0.1437101918407574,1.0049560274998853e-05,0.37825106720688967,2.2740874877029924e-05,-0.11168885730668879
Hydrophobicity_C2,21,0.27171656,SolventAccessibility_group2_D100,-0.2963339207657803,1.9010140242224705e-20,-0.2002548851279179,6.231547272067893e-10,7.43487920480451e-20,1.9841151466831994e-09,0.09607903563786241
Hydrophobicity_C2,21,0.27171656,SolventAccessibility_group3_D0,0.10300666174674639,0.0015925179190203055,-0.014817134151443673,0.6505641114277496,0.0026449576576468526,0.6930341841424955,0.08818952759530271
Hydrophobicity_C2,21,0.27171656,SolventAccessibility_group3_D25,0.08177365330213501,0.012280427730747405,0.11148305503716255,0.0006293176236546657,0.01811440544199184,0.001148590635522723,-0.029709401735027535
Hydrophobicity_C2,21,0.27171656,SolventAccessibility_group3_D50,0.182483535356378,1.8470384200988536e-08,0.15381925519600895,2.2410991429452554e-06,4.41280995932058e-08,5.4438335544997476e-06,0.028664280160369066
Hydrophobicity_C2,21,0.27171656,SolventAccessibility_group3_D75,0.07558914928052239,0.020665476548241923,0.13416733197223962,3.7873722832470306e-05,0.029533512746809733,8.057212373277122e-05,-0.05857818269171723
Hydrophobicity_C2,21,0.27171656,SolventAccessibility_group3_D100,0.3389402271228874,1.2770028070302729e-26,0.2730339774679188,1.7586192824918628e-17,5.883019828249809e-26,8.549910339916772e-17,0.06590624965496861
Polarity_group2_D25,74,0.1984286,AAC_A,-0.17933063247396977,3.258853111515157e-08,-0.11976111384154624,0.00023852081817799602,7.654408855457542e-08,0.0004575873249365346,0.05956951863242353
Polarity_group2_D25,74,0.1984286,AAC_C,-0.11669785684516804,0.000344063518189625,-0.0873999466442174,0.0074305720229176295,0.0006158478835762848,0.011795679922312207,0.02929791020095064
Polarity_group2_D25,74,0.1984286,AAC_D,0.12591667102138646,0.00011126555687948022,0.026561790049883446,0.41671907789720797,0.00020796136540428872,0.47245136462208914,0.09935488097150301
Polarity_group2_D25,74,0.1984286,AAC_E,0.267209348771832,8.779281650336694e-17,0.06974134712412904,0.03279662372782403,3.089863088738099e-16,0.04683228869214718,0.19746800164770295
Polarity_group2_D25,74,0.1984286,AAC_F,0.13517379421693568,3.306283929876872e-05,0.07074968813366286,0.030349156622977526,6.439060248273326e-05,0.043486136044935626,0.06442410608327281
Polarity_group2_D25,74,0.1984286,AAC_G,-0.2633028365783524,2.5252122200633946e-16,-0.19544112846928002,1.6111694965139525e-09,8.740112761670196e-16,5.010527112063875e-09,0.06786170810907238
Polarity_group2_D25,74,0.1984286,AAC_H,0.17616335900351976,5.7070671357762986e-08,-0.007487876961957397,0.8189430850460715,1.3127826607088732e-07,0.8426586272501166,0.16867548204156235
Polarity_group2_D25,74,0.1984286,AAC_I,0.24245023612364533,5.306657917799851e-14,0.14116444100065237,1.4439116013029514e-05,1.6784315762738163e-13,3.22370638258814e-05,0.10128579512299296
Polarity_group2_D25,74,0.1984286,AAC_K,0.3259700578377918,1.2344099307202929e-24,0.18564675633007624,1.0344392924752195e-08,5.446405770945546e-24,3.0521442021795343e-08,0.14032330150771558
Polarity_group2_D25,74,0.1984286,AAC_L,0.23109398158339572,7.973678356167068e-13,0.09862244424777451,0.0025092926574196133,2.4036178438265348e-12,0.004230710487522216,0.13247153733562123
Polarity_group2_D25,74,0.1984286,AAC_M,0.16378934650401517,4.6297370275794695e-07,0.054578846757861434,0.09497915442543535,1.022706459795994e-06,0.12358020092752398,0.10921049974615374
Polarity_group2_D25,74,0.1984286,AAC_N,0.11305894340334822,0.0005257369211617065,0.12585840103008075,0.00011209016912106044,0.000919351474701623,0.00022512397165624887,-0.012799457626732527
Polarity_group2_D25,74,0.1984286,AAC_P,-0.2712098919869297,2.922023980026091e-17,-0.07850699742441372,0.01623285065225626,1.0449207808658612e-16,0.02443340296463989,0.19270289456251596
Polarity_group2_D25,74,0.1984286,AAC_Q,0.09529720968024182,0.003502060606458446,0.0589376376764046,0.07134622723254902,0.005535675544520212,0.09535670226359093,0.036359572003837215
Polarity_group2_D25,74,0.1984286,AAC_R,-0.11018549285943799,0.000728511152108026,-0.06224783371982846,0.05681408050990968,0.0012561834011568442,0.07748429109967266,0.047937659139609526
Polarity_group2_D25,74,0.1984286,AAC_S,-0.29896369246625354,8.44289425213293e-21,-0.10922218721037093,0.0008113261720518863,3.3293113107584397e-20,0.0014576812343481981,0.18974150525588263
Polarity_group2_D25,74,0.1984286,AAC_T,-0.3046751489064761,1.4070349133323604e-21,-0.10286857576693534,0.0016159151296110267,5.703272585594762e-21,0.0027846293287508333,0.20180657313954078
Polarity_group2_D25,74,0.1984286,AAC_V,0.05663631875288618,0.08314184449443347,0.050481059041925534,0.12254712715778214,0.1073005257385656,0.1543014284111765,0.006155259710960648
Polarity_group2_D25,74,0.1984286,AAC_W,-0.11904347348057588,0.0002600998702826856,-0.06574075062324924,0.04423630206586389,0.00047213780801313586,0.061639236086769036,0.05330272285732664
Polarity_group2_D25,74,0.1984286,AAC_Y,0.050251881764152025,0.12425636203952604,0.021639158663724463,0.5082418525494229,0.15619730869853857,0.5632142626128309,0.02861272310042756
Polarity_group2_D25,74,0.1984286,Hydrophobicity_C1,0.3766341529377783,5.994600154068877e-33,0.2075940093722592,1.3982223044413498e-10,3.2137984774622874e-32,4.679421339513135e-10,0.1690401435655191
Polarity_group2_D25,74,0.1984286,Hydrophobicity_C2,-0.4097128681340433,3.107105863005117e-39,-0.23282434027062446,5.324578729766531e-13,1.9433958019545112e-38,2.094710595691427e-12,0.17688852786341883
Polarity_group2_D25,74,0.1984286,Hydrophobicity_C3,0.34905382635223964,3.0992637666948137e-28,0.186240096856908,9.26807397258222e-09,1.4830287938052547e-27,2.744270130179487e-08,0.16281372949533163
Polarity_group2_D25,74,0.1984286,Hydrophobicity_T12,-0.16018171195037365,8.284333365902831e-07,-0.22606628275717933,2.5307428710413578e-12,1.7944016499426366e-06,9.551052191274728e-12,-0.06588457080680568
Polarity_group2_D25,74,0.1984286,Hydrophobicity_T13,0.4050949540584051,2.589475473379063e-38,0.23934402206796138,1.1292777662307048e-13,1.5986780186850408e-37,4.65078636154199e-13,0.16575093199044375
Polarity_group2_D25,74,0.1984286,Hydrophobicity_T23,-0.2312174063501624,7.748116835256402e-13,-0.16045696281139035,7.928162062391175e-07,2.339847217880324e-12,2.0182973542977534e-06,0.07076044353877206
Polarity_group2_D25,74,0.1984286,Hydrophobicity_group1_D0,-0.1379548161176651,2.260231773339966e-05,-0.1605653005792893,7.792052655583985e-07,4.448541027080428e-05,1.9881937257181445e-06,-0.022610484461624197
Polarity_group2_D25,74,0.1984286,Hydrophobicity_group1_D25,-0.5956791178409117,4.5930649021908014e-91,-0.4984004684940983,5.501059648374744e-60,5.992514364577061e-90,7.094030589023801e-59,0.09727864934681335
Polarity_group2_D25,74,0.1984286,Hydrophobicity_group1_D50,-0.41292159647727045,6.981482181626364e-40,-0.35520163384829656,3.0220919712971813e-29,4.4163163800439497e-39,2.0027355524072592e-28,0.057719962628973887
Polarity_group2_D25,74,0.1984286,Hydrophobicity_group1_D75,-0.35889878351590243,7.269853231159694e-30,-0.2832386739416067,9.559642372309832e-19,3.6458423111221286e-29,4.8896179974754735e-18,0.07566010957429575
Polarity_group2_D25,74,0.1984286,Hydrophobicity_group1_D100,0.032197934652191625,0.32485347102557105,-0.07917338017137929,0.015346197414240195,0.3758263225581598,0.023234949847489687,-0.04697544551918766
Polarity_group2_D25,74,0.1984286,Hydrophobicity_group2_D0,0.36599917678923527,4.467480012841133e-31,0.3185559852396722,1.5272645606332175e-23,2.292071158661964e-30,8.825369606427244e-23,0.04744319154956306
Polarity_group2_D25,74,0.1984286,Hydrophobicity_group2_D25,0.880927163978072,4.8159340140193845e-306,0.8553478580523798,2.6596930599234422e-269,3.9232242943474985e-304,2.2777884154216147e-267,0.02557930592569224
Polarity_group2_D25,74,0.1984286,Hydrophobicity_group2_D50,0.5308080323154326,3.1415229791664754e-69,0.5008854698798962,1.1651648168511737e-60,2.9808769177318263e-68,1.5382017740248696e-59,0.02992256243553637
Polarity_group2_D25,74,0.1984286,Hydrophobicity_group2_D75,0.33287713935167684,1.1119726666330823e-25,0.2684075812647633,6.326990706865413e-17,5.012130508170708e-25,3.0188784229900687e-16,0.06446955808691357
Polarity_group2_D25,74,0.1984286,Hydrophobicity_group2_D100,-0.2098672011993879,8.701739578350276e-11,-0.16268931605071477,5.536012449278979e-07,2.374494296706693e-10,1.433355161286185e-06,0.04717788514867313
Polarity_group2_D25,74,0.1984286,Hydrophobicity_group3_D0,-0.19285783390605132,2.6562442091991637e-09,-0.06742251201494316,0.039072059194129836,6.665556467862665e-09,0.05497079937169067,0.12543532189110818
Polarity_group2_D25,74,0.1984286,Hydrophobicity_group3_D25,-0.533280946901554,5.6224687284152514e-70,-0.44813838517295074,1.7680676187952454e-47,5.443201609538244e-69,1.817029491315729e-46,0.0851425617286033
Polarity_group2_D25,74,0.1984286,Hydrophobicity_group3_D50,-0.3270115454087798,8.62082971996546e-25,-0.28072386770684327,1.9817262761353808e-18,3.808673447709608e-24,1.0043954115769608e-17,0.046287677701936536
Polarity_group2_D25,74,0.1984286,Hydrophobicity_group3_D75,-0.21375512853307446,3.818303470510571e-11,-0.21443583507485758,3.300095286262963e-11,1.0627611326254422e-10,1.1565916323314056e-10,-0.0006807065417831215
Polarity_group2_D25,74,0.1984286,Hydrophobicity_group3_D100,-0.002916740051706152,0.9289517726864576,0.01827879906727038,0.5762830907676806,0.9396423139832732,0.6232225324285869,-0.015362059015564226
Polarity_group2_D25,74,0.1984286,NormVanDerWaalsVolume_C1,-0.39819407988542743,5.788653477489289e-37,-0.21960911815645118,1.0719257653265354e-11,3.434121245970555e-36,3.8747100175223254e-11,0.17858496172897625
Polarity_group2_D25,74,0.1984286,NormVanDerWaalsVolume_C2,0.4007186432895109,1.873363791737352e-37,0.2370642242860443,1.9525195306380188e-13,1.1273937052977938e-36,7.92395532482501e-13,0.1636544190034666
Polarity_group2_D25,74,0.1984286,NormVanDerWaalsVolume_C3,0.2767269242220508,6.21718992164715e-18,0.11597086846545984,0.0003748413605400436,2.2644944752782425e-17,0.0006998156200132732,0.16075605575659097
Polarity_group2_D25,74,0.1984286,NormVanDerWaalsVolume_T12,-0.21767648223620803,1.636998455941199e-11,-0.14298461176706634,1.1150154879675657e-05,4.6785951185732e-11,2.5129228946097635e-05,0.07469187046914169
Polarity_group2_D25,74,0.1984286,NormVanDerWaalsVolume_T13,-0.11309788385575197,0.0005233907712272619,-0.1374124802992827,2.435660303720154e-05,0.0009171695571348661,5.2894053409787476e-05,-0.024314596443530748
Polarity_group2_D25,74,0.1984286,NormVanDerWaalsVolume_T23,0.36716977305602444,2.801516814631371e-31,0.21502062959346332,2.9103025220109827e-11,1.4484622540044549e-30,1.0232010972122823e-10,0.15214914346256111
Polarity_group2_D25,74,0.1984286,NormVanDerWaalsVolume_group1_D0,0.4245645895650364,2.6989631203498222e-42,0.3844924427314239,2.232845234880047e-34,1.7606517230407044e-41,1.6885256797638482e-33,0.04007214683361249
Polarity_group2_D25,74,0.1984286,NormVanDerWaalsVolume_group1_D25,0.8785546257550582,2.711809545136995e-302,0.8603026070395356,7.717305730495617e-276,2.1565342573232296e-300,7.159944761070933e-274,0.01825201871552251
Polarity_group2_D25,74,0.1984286,NormVanDerWaalsVolume_group1_D50,0.47723642437791225,1.8270164734519325e-54,0.4681119531455603,3.352000034701539e-52,1.4290948527703641e-53,3.731893371967713e-51,0.009124471232351938
Polarity_group2_D25,74,0.1984286,NormVanDerWaalsVolume_group1_D75,0.32347557783783665,2.9001573050484853e-24,0.2652007984970671,1.5146795706987906e-16,1.2466570654905972e-23,7.065684030913353e-16,0.05827477934076952
Polarity_group2_D25,74,0.1984286,NormVanDerWaalsVolume_group1_D100,-0.14257699881010366,1.1817892530772182e-05,-0.08904154203111818,0.006383892136938755,2.3792502141518438e-05,0.010246131541266431,0.05353545677898548
Polarity_group2_D25,74,0.1984286,NormVanDerWaalsVolume_group2_D0,-0.025939225843847055,0.42772826059911756,-0.00999000284206349,0.7600630747353123,0.4792393124458412,0.7913374905286606,0.015949223001783565
Polarity_group2_D25,74,0.1984286,NormVanDerWaalsVolume_group2_D25,-0.5735428123451214,4.6175098785726366e-83,-0.5028168794455322,3.456526777412729e-61,5.355028817511321e-82,4.731475178917424e-60,0.07072593289958917
Polarity_group2_D25,74,0.1984286,NormVanDerWaalsVolume_group2_D50,-0.2992774218637302,7.659409363825295e-21,-0.2878139911474917,2.489385367964673e-19,3.031093279049346e-20,1.301181084350862e-18,0.01146343071623851
Polarity_group2_D25,74,0.1984286,NormVanDerWaalsVolume_group2_D75,-0.15023680138341505,3.857468159644181e-06,-0.15508310950584125,1.8448854113805876e-06,8.042411768546545e-06,4.527492486415256e-06,-0.004846308122426202
Polarity_group2_D25,74,0.1984286,NormVanDerWaalsVolume_group2_D100,0.10579565227629542,0.0011818027224332315,0.05372640480778953,0.10026265763828691,0.0019845254363634957,0.12949623995045564,0.05206924746850589
Polarity_group2_D25,74,0.1984286,NormVanDerWaalsVolume_group3_D0,-0.19845537619041514,8.913126134386762e-10,-0.14022075993212896,1.6489289102397814e-05,2.288227616360629e-09,3.652136976260524e-05,0.05823461625828619
Polarity_group2_D25,74,0.1984286,NormVanDerWaalsVolume_group3_D25,-0.3991250945122089,3.822812743099227e-37,-0.37164961451631523,4.613279838125123e-32,2.2841135173437244e-36,3.2783733317740237e-31,0.02747547999589367
Polarity_group2_D25,74,0.1984286,NormVanDerWaalsVolume_group3_D50,-0.26942959665112465,4.77848048689608e-17,-0.24722044260621173,1.629835003510342e-14,1.6906911892195877e-16,6.970101039340004e-14,0.022209154044912915
Polarity_group2_D25,74,0.1984286,NormVanDerWaalsVolume_group3_D75,-0.18160298581694118,2.166612040123237e-08,-0.1523660907595301,2.7975429041047217e-06,5.146859327177533e-08,6.7464211550251045e-06,0.02923689505741109
Polarity_group2_D25,74,0.1984286,NormVanDerWaalsVolume_group3_D100,-0.009346981082022945,0.7750775207713662,-0.0647762107825817,0.04744962995053251,0.8062157955080544,0.0657055406446014,-0.055429229700558746
Polarity_group2_D25,74,0.1984286,Polarity_C1,0.3515588735976524,1.2078798261235524e-28,0.1873082080009142,7.59806420752527e-09,5.906762253664225e-28,2.2678761799047718e-08,0.16425066559673823
Polarity_group2_D25,74,0.1984286,Polarity_C2,-0.40241018912094906,8.749050573505366e-38,-0.21570294359936223,2.5121664161797242e-11,5.303417226044995e-37,8.888385413178262e-11,0.18670724552158682
Polarity_group2_D25,74,0.1984286,Polarity_C3,0.3778085203484441,3.687216403842638e-33,0.19042483930799328,4.227177978822848e-09,1.995821200240521e-32,1.2905643920720579e-08,0.1873836810404508
Polarity_group2_D25,74,0.1984286,Polarity_T12,-0.294789000062113,3.0504780405039015e-20,-0.16915805585464616,1.9019570762152076e-07,1.1860997270410978e-19,5.082029307647035e-07,0.12563094420746684
Polarity_group2_D25,74,0.1984286,Polarity_T13,0.39216740569611475,8.22628878832747e-36,0.20694020471497165,1.6009651214915537e-10,4.696718727010898e-35,5.320620403762974e-10,0.1852272009811431
Polarity_group2_D25,74,0.1984286,Polarity_T23,-0.26738347382864214,8.372020232153413e-17,-0.26814636863235985,6.796278372504445e-17,2.9558718367222413e-16,3.238169723846626e-16,-0.0007628948037177175
Polarity_group2_D25,74,0.1984286,Polarity_group1_D0,-0.15391052761887736,2.2099469766970314e-06,-0.06283399041085007,0.054516510274901495,4.683517069903607e-06,0.07468627740696103,0.09107653720802729
Polarity_group2_D25,74,0.1984286,Polarity_group1_D25,-0.5289539648195241,1.1306262016295557e-68,-0.4669578063472649,6.408769263444317e-52,1.0577847376590241e-67,7.087844152286099e-51,0.061996158472259144
Polarity_group2_D25,74,0.1984286,Polarity_group1_D50,-0.318470257829068,1.5716955049926547e-23,-0.28093819504741946,1.862889519908235e-18,6.644889856551224e-23,9.456004553941498e-18,0.037532062781648556
Polarity_group2_D25,74,0.1984286,Polarity_group1_D75,-0.23810386163410602,1.5221670599713002e-13,-0.20576304752910896,2.040663520186109e-10,4.751437364770226e-13,6.741657920298323e-10,0.03234081410499706
Polarity_group2_D25,74,0.1984286,Polarity_group1_D100,-0.0586885234417935,0.07255301922944879,-0.07151041206431023,0.02860795777098614,0.09458512264885206,0.04118696811247494,-0.012821888622516736
Polarity_group2_D25,74,0.1984286,Polarity_group2_D0,0.4339703673986937,2.581228947789115e-44,0.3923879787916494,7.47201803857578e-36,1.7416777142657867e-43,5.844623009096747e-35,0.04158238860704433
Polarity_group2_D25,74,0.1984286,Polarity_group2_D25,1.0,0.0,0.9999999999999999,0.0,0.0,0.0,1.1102230246251565e-16
Polarity_group2_D25,74,0.1984286,Polarity_group2_D50,0.5830112505832266,2.0736917568114137e-86,0.5426629047356393,7.211484982444629e-73,2.4914138373201875e-85,1.1923940515527257e-71,0.040348345847587286
Polarity_group2_D25,74,0.1984286,Polarity_group2_D75,0.3353341958030573,4.6529306254719086e-26,0.26143303682279656,4.161363023753498e-16,2.108655127418748e-25,1.88332689692909e-15,0.07390115898026073
Polarity_group2_D25,74,0.1984286,Polarity_group2_D100,-0.1481560308575993,5.257891917056789e-06,-0.1179787539759115,0.000295504576797011,1.086717760084757e-05,0.0005596271145699365,0.030177276881687795
Polarity_group2_D25,74,0.1984286,Polarity_group3_D0,-0.13869500214763447,2.0400943635291835e-05,-0.13958266476267672,1.802944313289189e-05,4.0271366277703745e-05,3.959128209326687e-05,-0.0008876626150422506
Polarity_group2_D25,74,0.1984286,Polarity_group3_D25,-0.608839570157608,3.997239771728341e-96,-0.5030999120440224,2.8908014901114883e-61,5.633240859735299e-95,3.9897838747819715e-60,0.10573965811358566
Polarity_group2_D25,74,0.1984286,Polarity_group3_D50,-0.44879381003066326,1.2515977557761285e-47,-0.3724234993635066,3.3684239715338283e-32,8.709034383942228e-47,2.414278125519954e-31,0.07637031066715666
Polarity_group2_D25,74,0.1984286,Polarity_group3_D75,-0.3668555321684128,3.1760049112184546e-31,-0.2951954476958869,2.6943628702090363e-20,1.6344925120908532e-30,1.439867517839709e-19,0.07166008447252592
Polarity_group2_D25,74,0.1984286,Polarity_group3_D100,0.01052017351428969,0.7477509384554742,-0.08916366810845017,0.006311592414413045,0.7821760521269289,0.010144715430288533,-0.07864349459416048
Polarity_group2_D25,74,0.1984286,Polarizability_C1,-0.37104641727557536,5.891297940170073e-32,-0.20926572004117758,9.870379600204555e-11,3.093857723296862e-31,3.3333738993612957e-10,0.16178069723439778
Polarity_group2_D25,74,0.1984286,Polarizability_C2,0.33036149154778555,2.691158843175496e-25,0.2082965287362343,1.2082945440230924e-10,1.2081277602427631e-24,4.072354971783177e-10,0.12206496281155124
Polarity_group2_D25,74,0.1984286,Polarizability_C3,0.2767269242220508,6.21718992164715e-18,0.11597086846545984,0.0003748413605400436,2.2644944752782425e-17,0.0006998156200132732,0.16075605575659097
Polarity_group2_D25,74,0.1984286,Polarizability_T12,-0.37096196829698885,6.096231278510395e-32,-0.21045196474571667,7.695582816924559e-11,3.19144396085027e-31,2.6201066879233465e-10,0.16051000355127218
Polarity_group2_D25,74,0.1984286,Polarizability_T13,-0.09901294429593296,0.002411391198567919,-0.1342987654473484,3.720978041898892e-05,0.0039230621545138095,7.931121033785769e-05,-0.03528582115141543
Polarity_group2_D25,74,0.1984286,Polarizability_T23,0.3510260906175811,1.476967591905917e-28,0.2039273601765171,2.9707584171073767e-10,7.191066701116272e-28,9.661473333143755e-10,0.147098730441064
Polarity_group2_D25,74,0.1984286,Polarizability_group1_D0,0.39276906868818035,6.32707352683658e-36,0.360341434803587,4.148104427800826e-30,3.624772826695399e-35,2.844901188676542e-29,0.032427633884593354
Polarity_group2_D25,74,0.1984286,Polarizability_group1_D25,0.7583769032539425,5.53682899338252e-176,0.7182286005897588,1.9358318521342034e-149,2.311626104737202e-174,8.620904514837653e-148,0.04014830266418368
Polarity_group2_D25,74,0.1984286,Polarizability_group1_D50,0.4532448917040101,1.1745161846514002e-48,0.38272908270509054,4.70872673789849e-34,8.311195035456943e-48,3.5341904055238106e-33,0.07051580899891957
Polarity_group2_D25,74,0.1984286,Polarizability_group1_D75,0.2989030921772051,8.603106539494351e-21,0.22287581092612851,5.193081219185589e-12,3.388487717206502e-20,1.920807449842732e-11,0.0760272812510766
Polarity_group2_D25,74,0.1984286,Polarizability_group1_D100,-0.04432415605998388,0.1752144484530257,-0.022972773539808373,0.48245401599274224,0.21366055415593496,0.5382085549150831,0.02135138252017551
Polarity_group2_D25,74,0.1984286,Polarizability_group2_D0,0.06363613983069864,0.05149818468063185,0.03770428441222173,0.24890435372556877,0.06877406510728125,0.2957454789908928,0.025931855418476916
Polarity_group2_D25,74,0.1984286,Polarizability_group2_D25,-0.37878117952972035,2.461685789598164e-33,-0.30244122322755984,2.8493393970820587e-21,1.339092921377503e-32,1.5524948754084952e-20,0.0763399563021605
Polarity_group2_D25,74,0.1984286,Polarizability_group2_D50,-0.30206564789541895,3.2062882422186703e-21,-0.19566551330339846,1.5422021383222508e-09,1.2825152968874681e-20,4.8005173737151146e-09,0.1064001345920205
Polarity_group2_D25,74,0.1984286,Polarizability_group2_D75,-0.1339067431941447,3.9223439711840026e-05,-0.08935250791585722,0.006201245408207226,7.585772358861939e-05,0.00997215198045842,0.044554235278287474
Polarity_group2_D25,74,0.1984286,Polarizability_group2_D100,-0.032537832082011574,0.31976944140533897,-0.00366639715866298,0.9107594576956369,0.3708437271853584,0.9209617283389123,0.028871434923348593
Polarity_group2_D25,74,0.1984286,Polarizability_group3_D0,-0.19845537619041514,8.913126134386762e-10,-0.14022075993212896,1.6489289102397814e-05,2.288227616360629e-09,3.652136976260524e-05,0.05823461625828619
Polarity_group2_D25,74,0.1984286,Polarizability_group3_D25,-0.3991250945122089,3.822812743099227e-37,-0.37164961451631523,4.613279838125123e-32,2.2841135173437244e-36,3.2783733317740237e-31,0.02747547999589367
Polarity_group2_D25,74,0.1984286,Polarizability_group3_D50,-0.26942959665112465,4.77848048689608e-17,-0.24722044260621173,1.629835003510342e-14,1.6906911892195877e-16,6.970101039340004e-14,0.022209154044912915
Polarity_group2_D25,74,0.1984286,Polarizability_group3_D75,-0.18160298581694118,2.166612040123237e-08,-0.1523660907595301,2.7975429041047217e-06,5.146859327177533e-08,6.7464211550251045e-06,0.02923689505741109
Polarity_group2_D25,74,0.1984286,Polarizability_group3_D100,-0.009346981082022945,0.7750775207713662,-0.0647762107825817,0.04744962995053251,0.8062157955080544,0.0657055406446014,-0.055429229700558746
Polarity_group2_D25,74,0.1984286,Charge_C1,0.2821949540976275,1.294894237163529e-18,0.15340052147285219,2.3894938296431806e-06,4.789531286961448e-18,5.795415274483463e-06,0.12879443262477533
Polarity_group2_D25,74,0.1984286,Charge_C2,-0.3139949431586933,6.93312420857269e-23,-0.1302327485482615,6.382561621050079e-05,2.8982021097162433e-22,0.000131672364510854,0.1837621946104318
Polarity_group2_D25,74,0.1984286,Charge_C3,0.2541658396529485,2.7927975220706273e-15,0.06385939252736458,0.05068341167230712,9.356011758992873e-15,0.06980725566412609,0.1903064471255839
Polarity_group2_D25,74,0.1984286,Charge_T12,0.23683420726025228,2.0627672286730117e-13,0.1385913967156875,2.069631427760531e-05,6.414937191590186e-13,4.529861709515185e-05,0.0982428105445648
Polarity_group2_D25,74,0.1984286,Charge_T13,0.3290404482515268,4.26656446144958e-25,0.18231463866384823,1.9045639191523928e-08,1.9102312736248792e-24,5.541152865826648e-08,0.14672580958767856
Polarity_group2_D25,74,0.1984286,Charge_T23,0.2055830237776178,2.1175487116458102e-10,0.01827379430935458,0.5763875457101512,5.640042023043864e-10,0.6232225324285869,0.18730922946826323
Polarity_group2_D25,74,0.1984286,Charge_group1_D0,-0.11743413949522948,0.0003153103729586413,-0.10805266929053117,0.0009235710954262116,0.0005662024976784204,0.0016443110121127649,0.009381470204698303
Polarity_group2_D25,74,0.1984286,Charge_group1_D25,-0.2856441399947268,4.726793060659912e-19,-0.24187265145821674,6.111616177745996e-14,1.7619965203799227e-18,2.552148179774851e-13,0.043771488536510084
Polarity_group2_D25,74,0.1984286,Charge_group1_D50,-0.1733066443375091,9.379155635676975e-08,-0.17168646606733956,1.2386731554746734e-07,2.138319441854e-07,3.3541913795549484e-07,0.0016201782701695533
Polarity_group2_D25,74,0.1984286,Charge_group1_D75,-0.14377846887283638,9.95150359179449e-06,-0.10346043914758382,0.001517805577035247,2.015647179902583e-05,0.002625308455358739,0.04031802972525256
Polarity_group2_D25,74,0.1984286,Charge_group1_D100,0.047122837394326746,0.14949238508821708,0.01721105658402952,0.5987673165976929,0.1846540555453569,0.6451234959471916,0.029911780810297224
Polarity_group2_D25,74,0.1984286,Charge_group2_D0,0.05304041938702541,0.10468213645198848,0.05209353637902976,0.11103453344155137,0.13319555647605394,0.14138594803460983,0.0009468830079956483
Polarity_group2_D25,74,0.1984286,Charge_group2_D25,0.4816985661116597,1.3478255426039545e-55,0.4486726348009843,1.3342211421967878e-47,1.071842217213621e-54,1.3882550202296796e-46,0.03302593131067538
Polarity_group2_D25,74,0.1984286,Charge_group2_D50,0.21434480206800816,3.3651928869178456e-11,0.23474729655982418,3.3863822681587263e-13,9.429315639518125e-11,1.3432917785807775e-12,-0.020402494491816026
Polarity_group2_D25,74,0.1984286,Charge_group2_D75,0.1297164217714723,6.827612747660442e-05,0.1260147571298508,0.00010989037382829245,0.00012986461604319976,0.0002209716126348566,0.0037016646416214993
Polarity_group2_D25,74,0.1984286,Charge_group2_D100,-0.08685820288469183,0.0078082885155750185,0.002938709733017046,0.9284180484798891,0.011838258575588088,0.9357019559211918,0.08391949315167478
Polarity_group2_D25,74,0.1984286,Charge_group3_D0,-0.08309251584743452,0.010943247228246147,-0.10150429804662746,0.0018646541132760004,0.01622301186965918,0.003188911796385992,-0.01841178219919294
Polarity_group2_D25,74,0.1984286,Charge_group3_D25,-0.3490595848743787,3.0925877951022617e-28,-0.28066370843784755,2.016405082617627e-18,1.4830287938052547e-27,1.0204231781731627e-17,0.06839587643653117
Polarity_group2_D25,74,0.1984286,Charge_group3_D50,-0.25190394827731305,4.990064581485914e-15,-0.2674337851048234,8.257850969301634e-17,1.6501797724913815e-14,3.9122301046053135e-16,-0.015529836827510357
Polarity_group2_D25,74,0.1984286,Charge_group3_D75,-0.21389925064456897,3.702343402706134e-11,-0.24780546288707184,1.4077151079042923e-14,1.0339320204881678e-10,6.051182059717292e-14,-0.03390621224250287
Polarity_group2_D25,74,0.1984286,Charge_group3_D100,-0.10585418140097994,0.001174339599684822,-0.20672934804906873,1.6722676055706434e-10,0.0019729850417239967,5.546547966838082e-10,-0.1008751666480888
Polarity_group2_D25,74,0.1984286,SecondaryStructure_C1,0.28628402461259844,3.9146951796272855e-19,0.0854373052587648,0.008881831235809668,1.4658163564972122e-18,0.013966721434841945,0.20084671935383364
Polarity_group2_D25,74,0.1984286,SecondaryStructure_C2,-0.056205344677137586,0.0855171797651184,0.040362436000800625,0.21706642685707017,0.11015325122078497,0.2606982616694047,0.01584290867633696
Polarity_group2_D25,74,0.1984286,SecondaryStructure_C3,-0.3475533493862954,5.42770591396568e-28,-0.15187220195744902,3.015153181725935e-06,2.582412785277118e-27,7.208741322093502e-06,0.19568114742884637
Polarity_group2_D25,74,0.1984286,SecondaryStructure_T12,0.3452301674545018,1.2847181075065705e-27,0.2088202350625951,1.0833323492407197e-10,6.009745769008327e-27,3.6548788348121247e-10,0.1364099323919067
Polarity_group2_D25,74,0.1984286,SecondaryStructure_T13,0.1569745254162195,1.3748769896147782e-06,0.024256004484334747,0.4583264862488778,2.943646888021384e-06,0.514558139183614,0.13271852093188477
Polarity_group2_D25,74,0.1984286,SecondaryStructure_T23,-0.3116302860323671,1.5034453784823263e-22,-0.13167496157674236,5.2801944613214104e-05,6.222438121599714e-22,0.00011001777604999071,0.17995532445562473
Polarity_group2_D25,74,0.1984286,SecondaryStructure_group1_D0,-0.03377834042589719,0.30165775073118334,-0.004490302410457426,0.8908194234744539,0.3515481114592297,0.9057342083423672,0.029288038015439763
Polarity_group2_D25,74,0.1984286,SecondaryStructure_group1_D25,-0.12495229734028077,0.00012567705507887872,-0.1578367496770556,1.201007270012146e-06,0.000233720135837113,3.0092755302629915e-06,-0.03288445233677484
Polarity_group2_D25,74,0.1984286,SecondaryStructure_group1_D50,-6.603982916846961e-05,0.9983892231027667,-0.07402194725271388,0.023455663728042763,0.9983892231027667,0.03439065709028219,-0.07395590742354541
Polarity_group2_D25,74,0.1984286,SecondaryStructure_group1_D75,0.016057378556278108,0.6234977383252506,-0.07150998440109999,0.028608911982317926,0.6663943827220278,0.04118696811247494,-0.05545260584482188
Polarity_group2_D25,74,0.1984286,SecondaryStructure_group1_D100,0.06075095005619648,0.06304853898478979,-0.020857910312425763,0.5236772927046854,0.0829721823138129,0.5765277519293088,0.03989303974377072
Polarity_group2_D25,74,0.1984286,SecondaryStructure_group2_D0,-0.022306210458768464,0.49525370300395055,0.019265412487306243,0.5558676340811142,0.5446649219733931,0.6039680864772028,0.003040797971462221
Polarity_group2_D25,74,0.1984286,SecondaryStructure_group2_D25,-0.10859760009746217,0.0008695943743749139,-0.152675636897556,2.6689138189467545e-06,0.0014871711266831605,6.4455330117730725e-06,-0.04407803680009384
Polarity_group2_D25,74,0.1984286,SecondaryStructure_group2_D50,-0.10890991083882746,0.0008399909081648066,-0.1030475206359128,0.0015856547474659161,0.0014409705358348504,0.0027369957914915553,0.005862390202914666
Polarity_group2_D25,74,0.1984286,SecondaryStructure_group2_D75,-0.21052265522721694,7.581931648776089e-11,-0.14485869177870303,8.516447587674624e-06,2.0774119529870497e-10,1.9416337844937368e-05,0.06566396344851391
Polarity_group2_D25,74,0.1984286,SecondaryStructure_group2_D100,-0.10881635819658182,0.0008487592232343229,-0.07878948063145846,0.015851648323376537,0.0014552647872703483,0.023913507407442473,0.030026877565123358
Polarity_group2_D25,74,0.1984286,SecondaryStructure_group3_D0,0.23247914449859908,5.772763086508645e-13,0.19764959110814329,1.045105557237477e-09,1.7528207917217158e-12,3.277608038660257e-09,0.03482955339045579
Polarity_group2_D25,74,0.1984286,SecondaryStructure_group3_D25,0.352023176612911,1.0133669515479302e-28,0.371956848519059,4.072212639220906e-32,4.9994765408716205e-28,2.9124604314770503e-31,-0.01993367190614803
Polarity_group2_D25,74,0.1984286,SecondaryStructure_group3_D50,0.093232898337007,0.00428589230401479,0.1775375846395696,4.4808914030777075e-08,0.006701722984742228,1.2619036497706192e-07,-0.08430468630256259
Polarity_group2_D25,74,0.1984286,SecondaryStructure_group3_D75,0.10818405296353445,0.0009102808442905873,0.14881884119515965,4.766084354750747e-06,0.0015496116309533952,1.1171032803415786e-05,-0.040634788231625196
Polarity_group2_D25,74,0.1984286,SecondaryStructure_group3_D100,-0.08355019650660053,0.010510356721549916,-0.030045163606443347,0.3582651300942767,0.01562287113928648,0.4131925188242003,0.053505032900157186
Polarity_group2_D25,74,0.1984286,SolventAccessibility_C1,-0.028403168597845096,0.38514881636048165,-0.07765218113560829,0.01743582248175804,0.43562378823027725,0.026056217936944903,-0.04924901253776319
Polarity_group2_D25,74,0.1984286,SolventAccessibility_C2,0.3766341529377783,5.994600154068877e-33,0.2075940093722592,1.3982223044413498e-10,3.2137984774622874e-32,4.679421339513135e-10,0.1690401435655191
Polarity_group2_D25,74,0.1984286,SolventAccessibility_C3,-0.3515818909961477,1.1974195869501173e-28,-0.13992315622011064,1.71913437369371e-05,5.86419563110468e-28,3.792542145400919e-05,0.21165873477603703
Polarity_group2_D25,74,0.1984286,SolventAccessibility_T12,0.3367194261596923,2.8372443724217897e-26,0.1292155020116089,7.287277044843921e-05,1.294589645339997e-25,0.00014950556099372662,0.2075039241480834
Polarity_group2_D25,74,0.1984286,SolventAccessibility_T13,-0.3225379114563042,3.989972843096204e-24,-0.17060317564969854,1.4896687845999084e-07,1.701980752993783e-23,4.0124949520674956e-07,0.1519347358066057
Polarity_group2_D25,74,0.1984286,SolventAccessibility_T23,-0.06836607807504914,0.03640527227218812,-0.06971209043132481,0.03287008474198647,0.049956289806535874,0.04689708801291534,-0.0013460123562756693
Polarity_group2_D25,74,0.1984286,SolventAccessibility_group1_D0,0.06848309473735868,0.036085603245715414,0.060980716786173984,0.062056407191921,0.049599141909748755,0.0839823338820973,0.007502377951184698
Polarity_group2_D25,74,0.1984286,SolventAccessibility_group1_D25,0.18424079490737766,1.3401463724377826e-08,0.10271782071265863,0.0016418193697207001,3.2318331292001395e-08,0.0028251811926157332,0.08152297419471903
Polarity_group2_D25,74,0.1984286,SolventAccessibility_group1_D50,0.17160437916103874,1.256164660011768e-07,0.06953642484061513,0.03331412976949517,2.854142832951908e-07,0.047469792418990554,0.1020679543204236
Polarity_group2_D25,74,0.1984286,SolventAccessibility_group1_D75,0.2059785637977208,1.9521959330610332e-10,0.11894973166784777,0.0002630499093250601,5.203778464823505e-10,0.0005037767758862962,0.08702883212987304
Polarity_group2_D25,74,0.1984286,SolventAccessibility_group1_D100,-0.0699208995250771,0.032348850211228124,-0.06510698040968615,0.046326284328973025,0.044813421694525894,0.06428325287028247,0.004813919115390947
Polarity_group2_D25,74,0.1984286,SolventAccessibility_group2_D0,-0.1379548161176651,2.260231773339966e-05,-0.1605653005792893,7.792052655583985e-07,4.448541027080428e-05,1.9881937257181445e-06,-0.022610484461624197
Polarity_group2_D25,74,0.1984286,SolventAccessibility_group2_D25,-0.5956791178409117,4.5930649021908014e-91,-0.4984004684940983,5.501059648374744e-60,5.992514364577061e-90,7.094030589023801e-59,0.09727864934681335
Polarity_group2_D25,74,0.1984286,SolventAccessibility_group2_D50,-0.41292159647727045,6.981482181626364e-40,-0.35520163384829656,3.0220919712971813e-29,4.4163163800439497e-39,2.0027355524072592e-28,0.057719962628973887
Polarity_group2_D25,74,0.1984286,SolventAccessibility_group2_D75,-0.35889878351590243,7.269853231159694e-30,-0.2832386739416067,9.559642372309832e-19,3.6458423111221286e-29,4.8896179974754735e-18,0.07566010957429575
Polarity_group2_D25,74,0.1984286,SolventAccessibility_group2_D100,0.032197934652191625,0.32485347102557105,-0.07917338017137929,0.015346197414240195,0.3758263225581598,0.023234949847489687,-0.04697544551918766
Polarity_group2_D25,74,0.1984286,SolventAccessibility_group3_D0,-0.10401896891139448,0.0014302752277825528,-0.01936074955706693,0.5539137034249492,0.0023849821571611213,0.6022375275705749,0.08465821935432755
Polarity_group2_D25,74,0.1984286,SolventAccessibility_group3_D25,0.38661784964027524,9.029014684798073e-35,0.41723429802149736,9.146964490933191e-41,5.068388075163961e-34,7.873933350442489e-40,-0.030616448381222128
Polarity_group2_D25,74,0.1984286,SolventAccessibility_group3_D50,0.17578459576343772,6.098488244885158e-08,0.2410161641606321,7.530342108335738e-14,1.3990608060807257e-07,3.1243903902908525e-13,-0.06523156839719438
Polarity_group2_D25,74,0.1984286,SolventAccessibility_group3_D75,0.14831384654886717,5.136571554684791e-06,0.13413251803486578,3.8051458982988185e-05,1.0636174204988965e-05,8.079585060596346e-05,0.01418132851400139
Polarity_group2_D25,74,0.1984286,SolventAccessibility_group3_D100,-0.12480356527787127,0.00012805020799043653,-0.040899195975191906,0.21100919897282014,0.00023760427482669887,0.254246293134639,0.08390436930267936
Polarity_group3_D75,81,0.19842263,AAC_A,-0.025857624494584168,0.4291836960890363,-0.07353920003926638,0.02437843481955356,0.4802256431951026,0.03561853556312725,-0.04768157554468221
Polarity_group3_D75,81,0.19842263,AAC_C,0.08786672211937972,0.007118337432054489,0.06734826264847363,0.03928876523927741,0.010826615219973584,0.05522915652322666,0.020518459470906095
Polarity_group3_D75,81,0.19842263,AAC_D,-0.07176290086755621,0.028049355656043155,-0.009738133870741917,0.7659337720620414,0.03914953944470712,0.7962087764354865,0.06202476699681429
Polarity_group3_D75,81,0.19842263,AAC_E,-0.09770510688260646,0.0027537166201030104,0.03857419397792719,0.23814480762327375,0.004417585740222889,0.2839713164804478,0.05913091290467927
Polarity_group3_D75,81,0.19842263,AAC_F,0.05664182190087053,0.08311186227279153,0.10562565556969855,0.0012037280223380323,0.1073005257385656,0.002107154923799281,-0.04898383366882802
Polarity_group3_D75,81,0.19842263,AAC_G,-0.09519322585755587,0.003538193927875809,-0.15913861918331726,9.778906720045838e-07,0.005590145562490635,2.466884323636941e-06,-0.0639453933257614
Polarity_group3_D75,81,0.19842263,AAC_H,-0.002566991527672093,0.9374525860166804,0.1248948151386601,0.0001265892852623078,0.9459491351346563,0.00025227220332703343,-0.12232782361098801
Polarity_group3_D75,81,0.19842263,AAC_I,0.04344206779550042,0.18396885800310914,0.12578391235516578,0.00011315268427731351,0.22384553214221659,0.00022698496425599225,-0.08234184455966537
Polarity_group3_D75,81,0.19842263,AAC_K,-0.004965752241187528,0.8793431279919139,0.11376728220677514,0.0004845524751811461,0.8989917500743778,0.000893652825568762,-0.1088015299655876
Polarity_group3_D75,81,0.19842263,AAC_L,-0.013966641979538171,0.6693972360432376,0.0839510126112442,0.010143813866470185,0.7097735772648932,0.01584674383255866,-0.06998437063170602
Polarity_group3_D75,81,0.19842263,AAC_M,-0.02840910985741468,0.3850493757277129,0.04582839823070854,0.16100722265872774,0.43562378823027725,0.19873027482636757,-0.017419288373293863
Polarity_group3_D75,81,0.19842263,AAC_N,0.05834683810105402,0.07423533854926898,0.0596587194390865,0.06794537654294723,0.09662744768299235,0.09135972530331873,-0.0013118813380324848
Polarity_group3_D75,81,0.19842263,AAC_P,0.022530522566443056,0.4909262348315257,-0.12576875180214198,0.00011337009464451038,0.5400835389780289,0.00022714824001959487,-0.10323822923569892
Polarity_group3_D75,81,0.19842263,AAC_Q,-0.013889725776038463,0.6711109595711661,0.01229306938187432,0.7070593787654754,0.7111391513222381,0.7435700015984533,0.0015966563941641424
Polarity_group3_D75,81,0.19842263,AAC_R,0.10590333252758938,0.0011681058917060857,0.07597056161769956,0.020031835679593844,0.0019634995864611605,0.029617676480674385,0.029932770909889814
Polarity_group3_D75,81,0.19842263,AAC_S,0.18167898439012323,2.1370413624580593e-08,0.06151130398065784,0.05981454922024586,5.0838448366167505e-08,0.08121162373805738,0.12016768040946538
Polarity_group3_D75,81,0.19842263,AAC_T,-0.0768683470398169,0.018606772166277902,-0.26364394811890074,2.304277424373892e-16,0.02675274172852699,1.0644933053124203e-15,-0.18677560107908384
Polarity_group3_D75,81,0.19842263,AAC_V,-0.09481930905957452,0.003670941892305271,-0.0912834509326186,0.00516852994333424,0.005794397882939322,0.008363803299775369,0.003535858126955921
Polarity_group3_D75,81,0.19842263,AAC_W,-0.01178927592514731,0.7185436046292777,-0.05064313439784924,0.12134945982964483,0.7561233898745392,0.15317732268745796,-0.03885385847270193
Polarity_group3_D75,81,0.19842263,AAC_Y,0.03180928694364028,0.3307306895965229,0.052438020874918376,0.10868919833385698,0.381568394905833,0.13871682171764704,-0.020628733931278093
Polarity_group3_D75,81,0.19842263,Hydrophobicity_C1,-0.002945278010398342,0.9282584871429027,0.15424757214065832,2.098468820010488e-06,0.9392254913836096,5.130955972792848e-06,-0.15130229413025997
Polarity_group3_D75,81,0.19842263,Hydrophobicity_C2,0.0037492308178091044,0.9087519780090269,-0.17365349800879787,8.833981302590947e-08,0.9231239679288776,2.422454642910818e-07,-0.16990426719098878
Polarity_group3_D75,81,0.19842263,Hydrophobicity_C3,-0.0038479673681176495,0.9063598514789483,0.1396582942883515,1.7839994173964564e-05,0.9218154396893079,3.9223424729077857e-05,-0.13581032692023384
Polarity_group3_D75,81,0.19842263,Hydrophobicity_T12,0.11308320075145341,0.0005242742771296402,0.14548794052151617,7.77389694353164e-06,0.0009177547618516763,1.78452342208905e-05,-0.032404739770062765
Polarity_group3_D75,81,0.19842263,Hydrophobicity_T13,-0.03925151695098135,0.22999739525799273,0.11553595312490614,0.0003944630419244125,0.2750416398717135,0.0007331700389691363,-0.07628443617392479
Polarity_group3_D75,81,0.19842263,Hydrophobicity_T23,0.027182904636124557,0.4059036044747263,-0.028728460230875566,0.37972739352089774,0.45631707806987065,0.4355389747114693,-0.0015455555947510094
Polarity_group3_D75,81,0.19842263,Hydrophobicity_group1_D0,0.09871861038806518,0.0024848517954388608,0.10702935099726912,0.0010333955408880337,0.004026882579701987,0.0018223553888944205,-0.008310740609203948
Polarity_group3_D75,81,0.19842263,Hydrophobicity_group1_D25,0.48993892252659466,9.873011361435273e-58,0.4330702591622202,4.053618232500011e-44,8.06255695530411e-57,3.781867289539116e-43,0.05686866336437446
Polarity_group3_D75,81,0.19842263,Hydrophobicity_group1_D50,0.6555784786794258,3.5310625720500096e-116,0.6333367891481345,3.3264782236336267e-106,6.515883420246979e-115,9.336501904988498e-105,0.022241689531291242
Polarity_group3_D75,81,0.19842263,Hydrophobicity_group1_D75,0.9394102729645964,0.0,0.935029569391319,0.0,0.0,0.0,0.004380703573277467
Polarity_group3_D75,81,0.19842263,Hydrophobicity_group1_D100,0.3499002457493272,2.2563023877622376e-28,0.4395404696569787,1.5332354860118505e-45,1.0874530988637626e-27,1.4973703284443218e-44,-0.08964022390765147
Polarity_group3_D75,81,0.19842263,Hydrophobicity_group2_D0,0.025218459507744373,0.44068279871940286,0.07986157090052874,0.01447548320473516,0.4914459257839084,0.022026475582603844,-0.05464311139278437
Polarity_group3_D75,81,0.19842263,Hydrophobicity_group2_D25,-0.3372080764539288,2.3815101716395038e-26,-0.2613866843221815,4.2130008707156486e-16,1.094118840890776e-25,1.904116767008155e-15,0.07582139213174732
Polarity_group3_D75,81,0.19842263,Hydrophobicity_group2_D50,-0.4721128641714885,3.4769085653825633e-53,-0.4435403828276434,1.953770591951689e-46,2.645301733115663e-52,1.9479384409309376e-45,0.028572481343845102
Polarity_group3_D75,81,0.19842263,Hydrophobicity_group2_D75,-0.6078351100428216,9.916798153159708e-96,-0.5837538928610302,1.1207410745278881e-86,1.3686820591551002e-94,2.2964878459651204e-85,0.02408121718179146
Polarity_group3_D75,81,0.19842263,Hydrophobicity_group2_D100,-0.035364573840910185,0.279510786813842,-0.07793635220739814,0.017027525692250762,0.3288362197809906,0.025485686178692412,-0.042571778366487956
Polarity_group3_D75,81,0.19842263,Hydrophobicity_group3_D0,0.016909154463493097,0.6051959774392626,-0.07155867453425041,0.02850044917036644,0.6490165768788348,0.041101684036711536,-0.05464952007075731
Polarity_group3_D75,81,0.19842263,Hydrophobicity_group3_D25,0.16051296766728448,7.857517765750827e-07,0.07296794332144432,0.02551082400618355,1.704162944000504e-06,0.03722418181767281,0.08754502434584016
Polarity_group3_D75,81,0.19842263,Hydrophobicity_group3_D50,0.15242140670453466,2.7741292283071663e-06,0.11117555328228458,0.0006516202484283701,5.834755429814821e-06,0.001187349497954586,0.04124585342225008
Polarity_group3_D75,81,0.19842263,Hydrophobicity_group3_D75,0.17042496448287808,1.5354082333251256e-07,0.16424983055412123,4.2943924236581073e-07,3.476788813088759e-07,1.1214441512914839e-06,0.0061751339287568485
Polarity_group3_D75,81,0.19842263,Hydrophobicity_group3_D100,0.05967416926688652,0.06787399283512834,0.0494854626894556,0.1301075344373135,0.08886677227335502,0.16293931946780169,0.010188706577430921
Polarity_group3_D75,81,0.19842263,NormVanDerWaalsVolume_C1,-0.00686446212641866,0.8337876362156533,-0.18433812186691054,1.3164249674244338e-08,0.8581974437473905,3.8636725757448234e-08,-0.17747365974049187
Polarity_group3_D75,81,0.19842263,NormVanDerWaalsVolume_C2,-0.04217575294223151,0.19709592514753368,0.10847843726383119,0.0008811420035732102,0.2382556605113147,0.0015738044341895839,-0.06630268432159968
Polarity_group3_D75,81,0.19842263,NormVanDerWaalsVolume_C3,0.06347668524908366,0.05208679944516504,0.20031573120518104,6.156230477660304e-10,0.06947680117685752,1.9657561945875158e-09,-0.13683904595609736
Polarity_group3_D75,81,0.19842263,NormVanDerWaalsVolume_T12,0.07125981548689915,0.02917180525856038,0.016598181971460353,0.6118498752222377,0.04064823928393478,0.6566769226356921,0.0546616335154388
Polarity_group3_D75,81,0.19842263,NormVanDerWaalsVolume_T13,0.16953753613859365,1.784118111842387e-07,0.18277718880798627,1.751007170729396e-08,4.0127639687229444e-07,5.098835178933027e-08,-0.013239652669392615
Polarity_group3_D75,81,0.19842263,NormVanDerWaalsVolume_T23,-0.06955949769458855,0.03325551574597335,0.05716183167797219,0.08031797026513898,0.04593607220494251,0.10632660352182488,0.012397666016616363
Polarity_group3_D75,81,0.19842263,NormVanDerWaalsVolume_group1_D0,-0.03229295127056164,0.3234269956133573,0.019098998379480415,0.5592863134323744,0.3746951666141566,0.6072842394059775,0.013193952891081228
Polarity_group3_D75,81,0.19842263,NormVanDerWaalsVolume_group1_D25,-0.289771337517011,1.3893086473280385e-19,-0.22046170181358346,8.881702756212196e-12,5.297135710132019e-19,3.227952905957425e-11,0.06930963570342755
Polarity_group3_D75,81,0.19842263,NormVanDerWaalsVolume_group1_D50,-0.3863052201151831,1.0319559075216763e-34,-0.3674113012738646,2.5437371763888863e-31,5.78310860926577e-34,1.7924223985525063e-30,0.01889391884131847
Polarity_group3_D75,81,0.19842263,NormVanDerWaalsVolume_group1_D75,-0.5567428759176495,2.2013214569455536e-77,-0.5321572177816775,1.2309466082333183e-69,2.4106274315403766e-76,1.930216747182762e-68,0.02458565813597202
Polarity_group3_D75,81,0.19842263,NormVanDerWaalsVolume_group1_D100,-0.08452940883052042,0.009634905035746889,-0.12852393801197778,7.97008351440967e-05,0.014404916212799735,0.0001623175545007823,-0.04399452918145737
Polarity_group3_D75,81,0.19842263,NormVanDerWaalsVolume_group2_D0,0.1387337978173832,2.0291375077096002e-05,0.13298716356655932,4.435971778683334e-05,4.00787656756361e-05,9.330066587407012e-05,0.00574663425082389
Polarity_group3_D75,81,0.19842263,NormVanDerWaalsVolume_group2_D25,0.3020853653474368,3.1864961590051634e-21,0.2351200420060187,3.10052181167181e-13,1.276126759121972e-20,1.235768836632917e-12,0.06696532334141811
Polarity_group3_D75,81,0.19842263,NormVanDerWaalsVolume_group2_D50,0.29759501957973905,1.289446210610547e-20,0.28433743525202354,6.935765384584729e-19,5.06081121438217e-20,3.569407763407241e-18,0.01325758432771551
Polarity_group3_D75,81,0.19842263,NormVanDerWaalsVolume_group2_D75,0.35193655138503577,1.047137486529736e-28,0.3581993368346436,9.532741127310738e-30,5.158464904143537e-28,6.445213636683779e-29,-0.006262785449607844
Polarity_group3_D75,81,0.19842263,NormVanDerWaalsVolume_group2_D100,0.03132083037900801,0.3382140264416594,0.0694065944767305,0.033645597448568126,0.38859127909017627,0.047880824660510246,-0.03808576409772249
Polarity_group3_D75,81,0.19842263,NormVanDerWaalsVolume_group3_D0,0.06586226436455449,0.04384480089069826,0.022239297744874847,0.49654852272830396,0.05943248172683937,0.5524557181587393,0.04362296661967964
Polarity_group3_D75,81,0.19842263,NormVanDerWaalsVolume_group3_D25,0.17506225479849002,6.918179023847562e-08,0.14110034963149137,1.4570297727017295e-05,1.5837366648150005e-07,3.248651162098649e-05,0.03396190516699865
Polarity_group3_D75,81,0.19842263,NormVanDerWaalsVolume_group3_D50,0.2709597593887662,3.1317825421095067e-17,0.25252235808966716,4.260274406827227e-15,1.1151549776807839e-16,1.8747452593943262e-14,0.018437401299099043
Polarity_group3_D75,81,0.19842263,NormVanDerWaalsVolume_group3_D75,0.4563940968115262,2.1556144325522874e-49,0.44681609365472597,3.5415332998598594e-47,1.5516707337768618e-48,3.573631788982456e-46,0.009578003156800241
Polarity_group3_D75,81,0.19842263,NormVanDerWaalsVolume_group3_D100,0.3180930034652659,1.78289764269389e-23,0.3625911969088867,1.7192570576972925e-30,7.499846507049864e-23,1.1938292250954172e-29,-0.04449819344362077
Polarity_group3_D75,81,0.19842263,Polarity_C1,0.008382158872514943,0.7977626648793735,0.15607013070167552,1.583127341984569e-06,0.8259539059817445,3.902321271017314e-06,-0.14768797182916057
Polarity_group3_D75,81,0.19842263,Polarity_C2,-0.001788284568202801,0.9564036179537613,-0.18990314874946723,4.666334023736253e-09,0.9612964441665852,1.4194495117740513e-08,-0.18811486418126444
Polarity_group3_D75,81,0.19842263,Polarity_C3,-0.003230573492545536,0.9213307494541872,0.17436001568553208,7.816644630975345e-08,0.934480626534159,2.15054308628152e-07,-0.17112944219298654
Polarity_group3_D75,81,0.19842263,Polarity_T12,0.05341134105059432,0.10227366681433381,-0.043500248835874764,0.18338165200409887,0.13037940731292935,0.22394688032676058,0.009911092214719558
Polarity_group3_D75,81,0.19842263,Polarity_T13,-0.052584094116140415,0.10770658573294263,0.11556421801565925,0.0003931592790412055,0.13657554910707229,0.0007311536703772975,-0.06298012389951883
Polarity_group3_D75,81,0.19842263,Polarity_T23,0.16982639171478509,1.6991764580492936e-07,0.16050246519119094,7.8707192631897e-07,3.832038737261742e-07,2.006733002981191e-06,0.00932392652359415
Polarity_group3_D75,81,0.19842263,Polarity_group1_D0,0.046409781648018796,0.15575529994262047,-0.01463185959385954,0.6546483846557474,0.1919354321691059,0.6956810705536736,0.031777922054159254
Polarity_group3_D75,81,0.19842263,Polarity_group1_D25,0.13073505081246165,5.976017335549576e-05,0.059436280807798635,0.0689799722046097,0.00011418705892869329,0.09249020761276452,0.071298770004663
Polarity_group3_D75,81,0.19842263,Polarity_group1_D50,0.0805908703845829,0.013600512329518746,0.04168799316862207,0.20233072025443116,0.01994980728177102,0.24511592515408057,0.038902877215960835
Polarity_group3_D75,81,0.19842263,Polarity_group1_D75,0.2342808854968861,3.780673707761451e-13,0.21065288610163646,7.376830483537046e-11,1.161678949762948e-12,2.5192856661568236e-10,0.02362799939524965
Polarity_group3_D75,81,0.19842263,Polarity_group1_D100,0.07414428678361694,0.023226675699402125,0.08063572756815374,0.013548251171730235,0.032983459539116966,0.020732830619662482,-0.006491440784536798
Polarity_group3_D75,81,0.19842263,Polarity_group2_D0,-0.03788778630979385,0.24660691662258166,0.015071492186162888,0.6449739739755226,0.29322431524365355,0.6875879582120158,0.02281629412363096
Polarity_group3_D75,81,0.19842263,Polarity_group2_D25,-0.3668555321684128,3.1760049112184546e-31,-0.2951954476958869,2.6943628702090363e-20,1.6344925120908532e-30,1.439867517839709e-19,0.07166008447252592
Polarity_group3_D75,81,0.19842263,Polarity_group2_D50,-0.5174052362772021,2.7617507998489067e-65,-0.4837255942059239,4.0718865824964016e-56,2.427433597761934e-64,4.909783821493856e-55,0.033679642071278215
Polarity_group3_D75,81,0.19842263,Polarity_group2_D75,-0.625611264369395,6.282024758679743e-103,-0.599764164853561,1.307663633237394e-92,9.624753529353367e-102,3.033053149314511e-91,0.02584709951583397
Polarity_group3_D75,81,0.19842263,Polarity_group2_D100,-0.09044538037093981,0.005596020012658838,-0.12049607306850467,0.00021816744144451388,0.008653105019574314,0.0004205488924941123,-0.030050692697564857
Polarity_group3_D75,81,0.19842263,Polarity_group3_D0,0.08136552601325767,0.012722534860990904,0.07657031146255416,0.019069703665536033,0.01872775074293064,0.02833310064185514,0.004795214550703503
Polarity_group3_D75,81,0.19842263,Polarity_group3_D25,0.5054179365018282,6.645826178818522e-62,0.45047176337545414,5.150714153222298e-48,5.633771430775093e-61,5.392910743499209e-47,0.054946173126374065
Polarity_group3_D75,81,0.19842263,Polarity_group3_D50,0.7013881565736331,1.2109053144391335e-139,0.6771428499183393,1.081581028000382e-126,2.95213412425307e-138,4.10509162900145e-125,0.024245306655293786
Polarity_group3_D75,81,0.19842263,Polarity_group3_D75,0.9999999999999999,0.0,1.0,0.0,0.0,0.0,-1.1102230246251565e-16
Polarity_group3_D75,81,0.19842263,Polarity_group3_D100,0.42079054011380485,1.6737486722868146e-41,0.5035552096974064,2.167703497286584e-61,1.0833954584182095e-40,3.016720700390496e-60,-0.08276466958360157
Polarity_group3_D75,81,0.19842263,Polarizability_C1,-0.023524473667153562,0.47199727009813414,-0.17662748377893148,5.260489186952797e-08,0.5228759144702382,1.473996131243485e-07,-0.1531030101117779
Polarity_group3_D75,81,0.19842263,Polarizability_C2,-0.02424061451108993,0.45861179078482694,0.07810806287994818,0.01678489277335601,0.5092298474804927,0.02516227193133262,-0.05386744836885825
Polarity_group3_D75,81,0.19842263,Polarizability_C3,0.06347668524908366,0.05208679944516504,0.20031573120518104,6.156230477660304e-10,0.06947680117685752,1.9657561945875158e-09,-0.13683904595609736
Polarity_group3_D75,81,0.19842263,Polarizability_T12,0.02452829810144403,0.45329507992391205,-0.11841154859329706,0.0002806014842185987,0.5039965269460274,0.0005358541779817722,-0.09388325049185303
Polarity_group3_D75,81,0.19842263,Polarizability_T13,0.14585848834906615,7.365981201251054e-06,0.165481964348328,3.5081724112189737e-07,1.5056534401578043e-05,9.197249492520701e-07,-0.01962347599926184
Polarity_group3_D75,81,0.19842263,Polarizability_T23,-0.05114496164759339,0.11769907986246426,0.07113987658543922,0.029445031707758407,0.1483452553738229,0.042281343896781204,-0.019994914937845824
Polarity_group3_D75,81,0.19842263,Polarizability_group1_D0,-0.012088410694907155,0.7117168276590744,0.03248281253446899,0.32058885474643456,0.7496481250019894,0.37334964255686587,-0.020394401839561836
Polarity_group3_D75,81,0.19842263,Polarizability_group1_D25,-0.24578284378422974,2.3323891230603097e-14,-0.17123475229655957,1.337926782430395e-07,7.519478446931886e-14,3.6183606909453597e-07,0.07454809148767017
Polarity_group3_D75,81,0.19842263,Polarizability_group1_D50,-0.3723362685929293,3.4901226177510584e-32,-0.3225985786680379,3.9085942796517604e-24,1.8473866154181514e-31,2.2983635376825492e-23,0.04973768992489136
Polarity_group3_D75,81,0.19842263,Polarizability_group1_D75,-0.5290549411190292,1.0546714136540513e-68,-0.4975354471999992,9.414212321910812e-60,9.894950903383516e-68,1.200132410503134e-58,0.03151949391902997
Polarity_group3_D75,81,0.19842263,Polarizability_group1_D100,-0.16450420736847282,4.119306412812984e-07,-0.18536640352042336,1.0894233112930035e-08,9.117616579718599e-07,3.211539152443629e-08,-0.020862196151950535
Polarity_group3_D75,81,0.19842263,Polarizability_group2_D0,0.10194808684567995,0.0017801300987821448,0.12444627813294724,0.00013392449008732662,0.002939018551622523,0.00026609625038171976,-0.022498191287267294
Polarity_group3_D75,81,0.19842263,Polarizability_group2_D25,0.18596622332287174,9.750642274634901e-09,0.12459644799609541,0.0001314252659794168,2.3858714430242177e-08,0.00026128594545907864,0.06136977532677633
Polarity_group3_D75,81,0.19842263,Polarizability_group2_D50,0.26645819240970875,1.0771486722415572e-16,0.2016417052588179,4.718634065345367e-10,3.7751065742778607e-16,1.5183273389454264e-09,0.06481648715089086
Polarity_group3_D75,81,0.19842263,Polarizability_group2_D75,0.2777933645722413,4.59095321627628e-18,0.25570364848245775,1.876030951165562e-15,1.6776568645911132e-17,8.365745496519329e-15,0.02208971608978355
Polarity_group3_D75,81,0.19842263,Polarizability_group2_D100,-0.10105053789644379,0.0019548694936613034,-0.12332381571510054,0.00015407129760841126,0.003211639994505043,0.00030323991397294845,-0.022273277818656748
Polarity_group3_D75,81,0.19842263,Polarizability_group3_D0,0.06586226436455449,0.04384480089069826,0.022239297744874847,0.49654852272830396,0.05943248172683937,0.5524557181587393,0.04362296661967964
Polarity_group3_D75,81,0.19842263,Polarizability_group3_D25,0.17506225479849002,6.918179023847562e-08,0.14110034963149137,1.4570297727017295e-05,1.5837366648150005e-07,3.248651162098649e-05,0.03396190516699865
Polarity_group3_D75,81,0.19842263,Polarizability_group3_D50,0.2709597593887662,3.1317825421095067e-17,0.25252235808966716,4.260274406827227e-15,1.1151549776807839e-16,1.8747452593943262e-14,0.018437401299099043
Polarity_group3_D75,81,0.19842263,Polarizability_group3_D75,0.4563940968115262,2.1556144325522874e-49,0.44681609365472597,3.5415332998598594e-47,1.5516707337768618e-48,3.573631788982456e-46,0.009578003156800241
Polarity_group3_D75,81,0.19842263,Polarizability_group3_D100,0.3180930034652659,1.78289764269389e-23,0.3625911969088867,1.7192570576972925e-30,7.499846507049864e-23,1.1938292250954172e-29,-0.04449819344362077
Polarity_group3_D75,81,0.19842263,Charge_C1,0.08029182625486461,0.013953481761440864,0.1925617191749873,2.8116866889163423e-09,0.02044959591189666,8.7034601862656e-09,-0.11226989292012268
Polarity_group3_D75,81,0.19842263,Charge_C2,0.024835067630821044,0.4476641038348623,-0.12533488963655642,0.00011976121635838852,0.49823329117242254,0.00023895009715472977,-0.10049982200573537
Polarity_group3_D75,81,0.19842263,Charge_C3,-0.10628072225141597,0.0011212501237831565,0.02127541426582473,0.515398735955419,0.0018897109571185484,0.5700105225467216,0.08500530798559124
Polarity_group3_D75,81,0.19842263,Charge_T12,0.1396190556730138,1.793804772751762e-05,0.2265447580968418,2.2699795067281523e-12,3.5535634288202166e-05,8.615604036900032e-12,-0.086925702423828
Polarity_group3_D75,81,0.19842263,Charge_T13,-0.10969517309145889,0.0007696309360776955,-0.0001006569121587013,0.9975448803365237,0.0013257180642080985,0.9978436359161392,0.10959451617930019
Polarity_group3_D75,81,0.19842263,Charge_T23,-0.10177171244824726,0.0018132921942640354,0.01715677334461503,0.5999209344775813,0.0029893365887669683,0.6461579881183881,0.08461493910363223
Polarity_group3_D75,81,0.19842263,Charge_group1_D0,0.08638558816888349,0.008151736503489476,0.07713983065752225,0.018193658223250888,0.012319818969074591,0.027091760350271048,0.009245757511361238
Polarity_group3_D75,81,0.19842263,Charge_group1_D25,0.17894536835067487,3.4905892354083105e-08,0.14338369886521343,1.0531330395662589e-05,8.175713917436014e-08,2.377923670543646e-05,0.03556166948546144
Polarity_group3_D75,81,0.19842263,Charge_group1_D50,0.3464925353749531,8.051392865566883e-28,0.3476569881019075,5.2221564948974735e-28,3.792898754724032e-27,3.360694160492786e-27,-0.001164452726954368
Polarity_group3_D75,81,0.19842263,Charge_group1_D75,0.5517989822650011,8.968413034698839e-76,0.5429236340957423,5.975127252506248e-73,9.570127647250517e-75,9.978462511685435e-72,0.008875348169258834
Polarity_group3_D75,81,0.19842263,Charge_group1_D100,0.35750074156466466,1.248745160761508e-29,0.3909549031550507,1.39389021956752e-35,6.253086712059125e-29,1.085219891225062e-34,-0.033454161590386056
Polarity_group3_D75,81,0.19842263,Charge_group2_D0,0.09946807444223559,0.002301698541289393,0.10658524937042366,0.0010847123111790825,0.003750084452637353,0.0019058070064903398,-0.007117174928188072
Polarity_group3_D75,81,0.19842263,Charge_group2_D25,-0.277625291964665,4.816105184189142e-18,-0.23975763518077564,1.0218656312185124e-13,1.7580099798023753e-17,4.213618775641767e-13,0.03786765678388937
Polarity_group3_D75,81,0.19842263,Charge_group2_D50,-0.3999415107853883,2.653966307101166e-37,-0.4129660369272395,6.8378198030910366e-40,1.5942891125391897e-36,5.76725205614244e-39,-0.013024526141851178
Polarity_group3_D75,81,0.19842263,Charge_group2_D75,-0.5713795676466135,2.5943242317271492e-82,-0.581836444841133,5.471324802592608e-86,2.987945839299544e-81,1.1008569181120067e-84,-0.010456877194519487
Polarity_group3_D75,81,0.19842263,Charge_group2_D100,0.028511408407937838,0.3833396329917158,-0.02767451933507131,0.39746298495997184,0.4341656067115398,0.45246297538047237,0.0008368890728665292
Polarity_group3_D75,81,0.19842263,Charge_group3_D0,0.19869299572957025,8.503322289418664e-10,0.21131419811740174,6.416101457412018e-11,2.186381558634206e-09,2.202443871300734e-10,-0.012621202387831487
Polarity_group3_D75,81,0.19842263,Charge_group3_D25,0.384864547597458,1.9064479952446128e-34,0.344021825854342,2.005350063011901e-27,1.0630277636255438e-33,1.2831167069846265e-26,0.040842721743115984
Polarity_group3_D75,81,0.19842263,Charge_group3_D50,0.4989028062338541,4.023781086967451e-60,0.5104542553503476,2.6200306140324437e-63,3.385246556793775e-59,3.7397018166104106e-62,-0.011551449116493528
Polarity_group3_D75,81,0.19842263,Charge_group3_D75,0.5491118849012263,6.554671356052479e-75,0.57522726979366,1.1935098363002823e-83,6.862884742700715e-74,2.3042328631462096e-82,-0.026115384892433702
Polarity_group3_D75,81,0.19842263,Charge_group3_D100,0.32169002556386256,5.3190330692066324e-24,0.3892465393058791,2.9194056460334815e-35,2.2631299937770896e-23,2.2467315340442003e-34,-0.06755651374201654
Polarity_group3_D75,81,0.19842263,SecondaryStructure_C1,-0.028338754679268677,0.3862279370702766,0.12898579113662337,7.507704603802813e-05,0.43654866660396746,0.00015355623623209671,-0.10064703645735469
Polarity_group3_D75,81,0.19842263,SecondaryStructure_C2,-0.03591741179694228,0.2720581799256358,-0.09763346065318897,0.002773692331455836,0.3208595766072117,0.004646004206149696,-0.06171604885624669
Polarity_group3_D75,81,0.19842263,SecondaryStructure_C3,0.0638622429281096,0.05067307909230599,-0.09733210302082652,0.0028591689614529815,0.06786210271383401,0.0047700421235029765,-0.03346986009271692
Polarity_group3_D75,81,0.19842263,SecondaryStructure_T12,-0.051980406362985676,0.11181339188383735,0.06051510887677342,0.0640804773544342,0.14135379594701616,0.08668642947096404,-0.008534702513787747
Polarity_group3_D75,81,0.19842263,SecondaryStructure_T13,-0.07716506832960056,0.018155664785136246,0.006560080879231931,0.8410573606167616,0.026126635235827256,0.8616968050490748,0.07060498745036863
Polarity_group3_D75,81,0.19842263,SecondaryStructure_T23,0.08907502960017673,0.006363993522617227,-0.04502010618317538,0.16852938103826745,0.009728026711918324,0.20679211339743325,0.044054923417001346
Polarity_group3_D75,81,0.19842263,SecondaryStructure_group1_D0,0.1215000014146689,0.00019298602263235446,0.10720595826868562,0.001013618958625946,0.0003539666752290301,0.001790315876155822,0.014294043145983287
Polarity_group3_D75,81,0.19842263,SecondaryStructure_group1_D25,0.08502440911955518,0.009217553888240025,0.09951879357093515,0.002289761413959466,0.013818056547002551,0.003878196309647372,-0.014494384451379974
Polarity_group3_D75,81,0.19842263,SecondaryStructure_group1_D50,0.32491417207748424,1.7738084327456094e-24,0.3828489188562948,4.4765607146872515e-34,7.744470804405667e-24,3.3675028799674375e-33,-0.05793474677881055
Polarity_group3_D75,81,0.19842263,SecondaryStructure_group1_D75,0.48632912005119355,8.64913924497193e-57,0.5638566091335053,9.506512047534843e-80,6.994703408766646e-56,1.7256385999329553e-78,-0.07752748908231177
Polarity_group3_D75,81,0.19842263,SecondaryStructure_group1_D100,0.14603978618438837,7.173925130381926e-06,0.20493069829905772,2.420539306729374e-10,1.4690931904031656e-05,7.941651556459833e-10,-0.05889091211466935
Polarity_group3_D75,81,0.19842263,SecondaryStructure_group2_D0,0.06245082408604959,0.05600947427966654,0.0397006751538962,0.22470487262408897,0.07444156151774224,0.2695812767832102,0.022750148932153394
Polarity_group3_D75,81,0.19842263,SecondaryStructure_group2_D25,-0.08176506092659679,0.01228959363220165,-0.06607289637597881,0.0431730925298831,0.01811440544199184,0.06025830716665673,0.015692164550617976
Polarity_group3_D75,81,0.19842263,SecondaryStructure_group2_D50,-0.2550423260230181,2.2268585634924217e-15,-0.273865806736376,1.3933373574913923e-17,7.490138572069173e-15,6.803723353832237e-17,-0.018823480713357932
Polarity_group3_D75,81,0.19842263,SecondaryStructure_group2_D75,-0.20641545945052886,1.784182373846496e-10,-0.2702856669059546,3.77375742788177e-17,4.767335302917837e-10,1.81880949626625e-16,-0.06387020745542576
Polarity_group3_D75,81,0.19842263,SecondaryStructure_group2_D100,-0.02938855511443805,0.36887091842340125,-0.054402552111716455,0.09605317470720574,0.4190574379367891,0.12458936059109406,-0.025013996997278406
Polarity_group3_D75,81,0.19842263,SecondaryStructure_group3_D0,-0.008779226083147296,0.7884048646190788,0.02569119790264531,0.4321609601387651,0.8177969752773968,0.4879707933953602,-0.016911971819498016
Polarity_group3_D75,81,0.19842263,SecondaryStructure_group3_D25,-0.06875908008637899,0.03534110983295565,-0.061854627943600346,0.0583999778610248,0.04859584472707776,0.07951729557921844,0.0069044521427786415
Polarity_group3_D75,81,0.19842263,SecondaryStructure_group3_D50,-0.0700404155181987,0.03205370504230179,-0.11551938819744383,0.00039522899878397297,0.044459873272960124,0.0007341851256609953,-0.045478972679245125
Polarity_group3_D75,81,0.19842263,SecondaryStructure_group3_D75,-0.18849930260408562,6.079783024363692e-09,-0.2122578999258089,5.253522654253911e-11,1.499739682523983e-08,1.8202039071792594e-10,-0.02375859732172328
Polarity_group3_D75,81,0.19842263,SecondaryStructure_group3_D100,-0.11658276557442941,0.0003487733975343662,-0.15779580208058144,1.2087634603400865e-06,0.0006239438391884216,3.0241722528358715e-06,-0.04121303650615203
Polarity_group3_D75,81,0.19842263,SolventAccessibility_C1,-0.07742931897283634,0.017762002001562312,-0.05402744594331505,0.0983706797860662,0.02561532240294392,0.12729874873516508,0.023401873029521285
Polarity_group3_D75,81,0.19842263,SolventAccessibility_C2,-0.002945278010398342,0.9282584871429027,0.15424757214065832,2.098468820010488e-06,0.9392254913836096,5.130955972792848e-06,-0.15130229413025997
Polarity_group3_D75,81,0.19842263,SolventAccessibility_C3,0.06841875940791073,0.03626105913487594,-0.10780196457819045,0.0009494307589594054,0.04977884813419057,0.0016840673047925727,-0.039383205170279725
Polarity_group3_D75,81,0.19842263,SolventAccessibility_T12,-0.07320404268003684,0.025037415731708947,0.09301540846419566,0.004377105352548475,0.03532342511452639,0.007141930570352665,-0.01981136578415882
Polarity_group3_D75,81,0.19842263,SolventAccessibility_T13,-0.039733476195082766,0.22432180360124263,-0.17432308940707117,7.866886594593404e-08,0.26854294768034065,2.1625844630404913e-07,-0.1345896132119884
Polarity_group3_D75,81,0.19842263,SolventAccessibility_T23,0.17533435050498467,6.59762190440976e-08,0.17819716208556802,3.9870650250859754e-08,1.5124267097274264e-07,1.1285421342192506e-07,-0.002862811580583352
Polarity_group3_D75,81,0.19842263,SolventAccessibility_group1_D0,0.08373691050662027,0.010338169602267338,0.09502291505095913,0.0035981073468456717,0.015380617581992386,0.00592003868889879,-0.011286004544338854
Polarity_group3_D75,81,0.19842263,SolventAccessibility_group1_D25,-0.06933302968293731,0.03383466141207006,-0.013052569494690457,0.6898720129442195,0.04665886420987366,0.7287073128506303,0.05628046018824685
Polarity_group3_D75,81,0.19842263,SolventAccessibility_group1_D50,-0.12458913020243284,0.0001315460294581674,-0.06107964043296235,0.06163324509579296,0.00024395543497516886,0.08344346924197343,0.06350948976947049
Polarity_group3_D75,81,0.19842263,SolventAccessibility_group1_D75,-0.4150220297368949,2.6041465745691153e-40,-0.37652272735484815,6.276840602949329e-33,1.656733249344923e-39,4.5874502437310193e-32,0.03849930238204674
Polarity_group3_D75,81,0.19842263,SolventAccessibility_group1_D100,-0.03210633722146704,0.32623247855562804,-0.04010454848192448,0.2200206416104943,0.3771604286520587,0.2641513094820456,-0.007998211260457445
Polarity_group3_D75,81,0.19842263,SolventAccessibility_group2_D0,0.09871861038806518,0.0024848517954388608,0.10702935099726912,0.0010333955408880337,0.004026882579701987,0.0018223553888944205,-0.008310740609203948
Polarity_group3_D75,81,0.19842263,SolventAccessibility_group2_D25,0.48993892252659466,9.873011361435273e-58,0.4330702591622202,4.053618232500011e-44,8.06255695530411e-57,3.781867289539116e-43,0.05686866336437446
Polarity_group3_D75,81,0.19842263,SolventAccessibility_group2_D50,0.6555784786794258,3.5310625720500096e-116,0.6333367891481345,3.3264782236336267e-106,6.515883420246979e-115,9.336501904988498e-105,0.022241689531291242
Polarity_group3_D75,81,0.19842263,SolventAccessibility_group2_D75,0.9394102729645964,0.0,0.935029569391319,0.0,0.0,0.0,0.004380703573277467
Polarity_group3_D75,81,0.19842263,SolventAccessibility_group2_D100,0.3499002457493272,2.2563023877622376e-28,0.4395404696569787,1.5332354860118505e-45,1.0874530988637626e-27,1.4973703284443218e-44,-0.08964022390765147
Polarity_group3_D75,81,0.19842263,SolventAccessibility_group3_D0,0.02344728121818533,0.47345280682331453,-0.031292118120899416,0.338657261394995,0.5237934331864428,0.3923396646060643,-0.007844836902714085
Polarity_group3_D75,81,0.19842263,SolventAccessibility_group3_D25,-0.30490732478893007,1.3070830226600876e-21,-0.3104061643595137,2.2382892219471367e-22,5.31101860788892e-21,1.250148160753083e-21,-0.0054988395705836135
Polarity_group3_D75,81,0.19842263,SolventAccessibility_group3_D50,-0.32164764027831066,5.395901976299355e-24,-0.36102150977162056,3.180859466476998e-30,2.2929150891653745e-23,2.186022760912176e-29,-0.0393738694933099
Polarity_group3_D75,81,0.19842263,SolventAccessibility_group3_D75,-0.3184162687278254,1.600330413061618e-23,-0.3131301479758038,9.209170476802607e-23,6.757400227086983e-23,5.204505819377446e-22,0.005286120752021617
Polarity_group3_D75,81,0.19842263,SolventAccessibility_group3_D100,-0.03067335301215235,0.3482995746569905,-0.08969946595555263,0.00600301441227574,0.39853394291002003,0.009700081343493455,-0.05902611294340028
Hydrophobicity_T12,23,0.17208129,AAC_A,0.12841789451587107,8.079977422494782e-05,0.14935012091813427,4.403952630038987e-06,0.00015272849230974856,1.0380523489294438e-05,-0.020932226402263193
Hydrophobicity_T12,23,0.17208129,AAC_C,0.0008814627809269806,0.9785028317351235,0.01032351828257532,0.7523105544804376,0.9808521782699017,0.7844886830985519,-0.009442055501648339
Hydrophobicity_T12,23,0.17208129,AAC_D,0.28651315770500385,3.658732192352537e-19,0.27071057918110253,3.355471397360704e-17,1.3745967966768813e-18,1.619548333408201e-16,0.015802578523901323
Hydrophobicity_T12,23,0.17208129,AAC_E,0.09758020261592204,0.002788626749727768,0.052337503158277746,0.10936946865014996,0.004467152683017144,0.13947843653741918,0.045242699457644295
Hydrophobicity_T12,23,0.17208129,AAC_F,-0.17598834438649547,5.8848114624845943e-08,-0.1977822583515396,1.018118477094281e-09,1.351806759607878e-07,3.1959734149388148e-09,-0.021793913965044126
Hydrophobicity_T12,23,0.17208129,AAC_G,0.1552715829390602,1.7918916918403666e-06,0.18280869846220751,1.740995132928152e-08,3.8144794459826797e-06,5.074104488638767e-08,-0.027537115523147304
Hydrophobicity_T12,23,0.17208129,AAC_H,-0.03278236042916977,0.3161442111766877,-0.08695999631201706,0.007736031877733102,0.36689425480546795,0.012234065564218069,-0.05417763588284729
Hydrophobicity_T12,23,0.17208129,AAC_I,-0.17604891246399326,5.822701080728586e-08,-0.21573929238042425,2.4925209912873556e-11,1.338459849252132e-07,8.828229173806752e-11,-0.039690379916430985
Hydrophobicity_T12,23,0.17208129,AAC_K,-0.06653952657965306,0.0417158771553074,-0.12040105982605276,0.00022070384190426157,0.056800256705555115,0.0004251158200462709,-0.053861533246399695
Hydrophobicity_T12,23,0.17208129,AAC_L,-0.19429985787993218,2.0110908905911198e-09,-0.24773972186919901,1.4311107198914253e-14,5.077130441855133e-09,6.135956103257203e-14,-0.05343986398926684
Hydrophobicity_T12,23,0.17208129,AAC_M,-0.09344969873614807,0.004196684499417555,-0.12788283050350785,8.656622879616849e-05,0.006571460960175636,0.00017565686766658734,-0.03443313176735978
Hydrophobicity_T12,23,0.17208129,AAC_N,-0.08327135283921859,0.01077224876558263,-0.08344584933203833,0.01060769079671452,0.015997915018695415,0.01649426781239595,-0.00017449649281973956
Hydrophobicity_T12,23,0.17208129,AAC_P,-0.0012575108134191028,0.9693355844047383,0.058703345025538006,0.0724807547745758,0.9723361084795187,0.09675688287253524,-0.05744583421211891
Hydrophobicity_T12,23,0.17208129,AAC_Q,0.04947238354261425,0.13020920776047382,0.03945670541235917,0.22756873743950592,0.162916160851076,0.27272320884390017,0.010015678130255078
Hydrophobicity_T12,23,0.17208129,AAC_R,0.16457453246348497,4.072128468969989e-07,0.18047419465311465,2.6553920963808508e-08,9.025155332687302e-07,7.599836848253676e-08,-0.015899662189629682
Hydrophobicity_T12,23,0.17208129,AAC_S,-0.06673880615337408,0.04110634511685913,-0.016135873073413978,0.6218011804803071,0.05603885415931,0.6665006234930121,0.0506029330799601
Hydrophobicity_T12,23,0.17208129,AAC_T,-0.04714144951331956,0.149331518808663,0.010533527429814636,0.7474416339336022,0.18459188483380254,0.7803860760669682,0.036607922083504926
Hydrophobicity_T12,23,0.17208129,AAC_V,-0.03623447878581586,0.26784574777115827,-0.039148531072005194,0.23122327230522563,0.3163383301116226,0.276705743281782,-0.0029140522861893364
Hydrophobicity_T12,23,0.17208129,AAC_W,-0.037189856220090134,0.2554244833115525,-0.022678439995491812,0.48808372315465,0.30263134950712495,0.5437623867033126,0.014511416224598322
Hydrophobicity_T12,23,0.17208129,AAC_Y,0.05290041647783942,0.10560280775052122,0.045671819116183496,0.1624442548226337,0.13411155052727788,0.2002080483791869,0.007228597361655924
Hydrophobicity_T12,23,0.17208129,Hydrophobicity_C1,0.14175751035112444,1.3277422229674896e-05,0.10357369454605625,0.0014996681936018867,2.6634588737005496e-05,0.002595280708098602,0.03818381580506819
Hydrophobicity_T12,23,0.17208129,Hydrophobicity_C2,0.07255731107059735,0.026352621736840384,0.15813298008005172,1.1463029741196613e-06,0.03702892578924984,2.8830210343069796e-06,-0.08557566900945437
Hydrophobicity_T12,23,0.17208129,Hydrophobicity_C3,-0.33371964467517473,8.255459630232929e-26,-0.43856922425766104,2.5180737956300217e-45,3.7311549614313914e-25,2.4307417564752235e-44,-0.10484957958248631
Hydrophobicity_T12,23,0.17208129,Hydrophobicity_T12,1.0,0.0,1.0,0.0,0.0,0.0,0.0
Hydrophobicity_T12,23,0.17208129,Hydrophobicity_T13,-0.1414332568860856,1.3901055052668146e-05,-0.23119190574121978,7.794201287989436e-13,2.786886187029508e-05,3.0270502676610136e-12,-0.08975864885513418
Hydrophobicity_T12,23,0.17208129,Hydrophobicity_T23,-0.2281469027995423,1.5743811580644254e-12,-0.2120398218854124,5.502371727018065e-11,4.682487148651096e-12,1.900508952248225e-10,0.016107080914129907
Hydrophobicity_T12,23,0.17208129,Hydrophobicity_group1_D0,-0.09888796903765971,0.002442336950872255,-0.10136352830678184,0.001892224463870302,0.003969540348376317,0.003231099033398164,-0.0024755592691221295
Hydrophobicity_T12,23,0.17208129,Hydrophobicity_group1_D25,-0.042214796374113676,0.1966812177770482,0.00694269799615322,0.8319213441450601,0.23792657275456028,0.8536458646526884,0.035272098377960456
Hydrophobicity_T12,23,0.17208129,Hydrophobicity_group1_D50,0.022913709892581045,0.48358089078740746,0.04932730945498413,0.1313411021312886,0.5332321476493697,0.16431984371802402,-0.02641359956240309
Hydrophobicity_T12,23,0.17208129,Hydrophobicity_group1_D75,0.08823045749257787,0.006883236375716042,0.12065406366367254,0.0002140102487941476,0.010488143017742509,0.0004136540688497992,-0.032423606171094674
Hydrophobicity_T12,23,0.17208129,Hydrophobicity_group1_D100,0.20849656493013455,1.158986184782655e-10,0.18991728826010426,4.6538673058855304e-09,3.1243049694705956e-10,1.4169477485558496e-08,0.018579276670030287
Hydrophobicity_T12,23,0.17208129,Hydrophobicity_group2_D0,-0.25351178057054313,3.3050983350381737e-15,-0.28095000489519517,1.856549650966154e-18,1.1006010407804088e-14,9.438167175383492e-18,-0.02743822432465204
Hydrophobicity_T12,23,0.17208129,Hydrophobicity_group2_D25,-0.0932877315116463,0.004263169115698876,-0.1519292243791993,2.9892244840353175e-06,0.006669313745402457,7.172420816578994e-06,-0.05864149286755302
Hydrophobicity_T12,23,0.17208129,Hydrophobicity_group2_D50,-0.04188942116844665,0.20015679805615508,-0.06489977863653408,0.04702732702776203,0.24186820025599057,0.06522893366807525,-0.023010357468087432
Hydrophobicity_T12,23,0.17208129,Hydrophobicity_group2_D75,0.05217954086980273,0.11044529027940413,0.029386753294586666,0.36890028779293155,0.13988899110095174,0.4247249090756261,0.022792787575216068
Hydrophobicity_T12,23,0.17208129,Hydrophobicity_group2_D100,0.17201752384834026,1.1704874609263487e-07,0.19111990024815503,3.704016206753882e-09,2.6630981740422374e-07,1.1360343554231373e-08,-0.01910237639981477
Hydrophobicity_T12,23,0.17208129,Hydrophobicity_group3_D0,0.021123476085771593,0.5184036006750522,0.05790641352147724,0.07645062199544925,0.5671365955632736,0.10160966075002009,-0.03678293743570565
Hydrophobicity_T12,23,0.17208129,Hydrophobicity_group3_D25,0.05348561837784999,0.10179670126502599,0.099574738951328,0.002276659938601805,0.12982091722993006,0.0038599209111319943,-0.046089120573478005
Hydrophobicity_T12,23,0.17208129,Hydrophobicity_group3_D50,0.0548364286288075,0.09342721068787642,0.07547134267247063,0.020864683357106433,0.11960401828191154,0.030794539289763806,-0.020634914043663133
Hydrophobicity_T12,23,0.17208129,Hydrophobicity_group3_D75,0.04732904614757609,0.14771746035199082,0.05247826792525678,0.1084177584980754,0.18307098982398864,0.13858282735137883,-0.005149221777680693
Hydrophobicity_T12,23,0.17208129,Hydrophobicity_group3_D100,-0.004314485257328371,0.8950691781940372,0.0005152871079248181,0.9874321470313039,0.9139501850101145,0.9892091694914682,0.003799198149403553
Hydrophobicity_T12,23,0.17208129,NormVanDerWaalsVolume_C1,0.11500390388969996,0.00041976982246489546,0.20793780031555398,1.3018968587394515e-10,0.00074695322697536,4.3834027300300076e-10,-0.09293389642585402
Hydrophobicity_T12,23,0.17208129,NormVanDerWaalsVolume_C2,-0.15380353405330352,2.2465072503254036e-06,-0.24311958957572932,4.503407356903522e-14,4.754964648977724e-06,1.9015651797797425e-13,-0.0893160555224258
Hydrophobicity_T12,23,0.17208129,NormVanDerWaalsVolume_C3,-0.034388619213298506,0.29300276171281037,-0.08858527729163225,0.006660633142301043,0.343017603968029,0.01065956621719477,-0.054196658078333744
Hydrophobicity_T12,23,0.17208129,NormVanDerWaalsVolume_T12,0.16287742990549212,5.369779796312762e-07,0.19096836016365867,3.812420883629121e-09,1.180715241585558e-06,1.1682097019560793e-08,-0.028090930258166558
Hydrophobicity_T12,23,0.17208129,NormVanDerWaalsVolume_T13,0.2286808052045488,1.3927942918019366e-12,0.22714605279398334,1.979346783710973e-12,4.160941801984318e-12,7.555449437251028e-12,0.0015347524105654708
Hydrophobicity_T12,23,0.17208129,NormVanDerWaalsVolume_T23,-0.1534113309547571,2.3855473219193944e-06,-0.22838744666912092,1.4898666700325531e-12,5.04286585772834e-06,5.726299974578513e-12,-0.07497611571436383
Hydrophobicity_T12,23,0.17208129,NormVanDerWaalsVolume_group1_D0,-0.23641234222976393,2.2810573630583487e-13,-0.26337330245315005,2.4779266963878463e-16,7.074031190914469e-13,1.1415551953014354e-15,-0.02696096022338612
Hydrophobicity_T12,23,0.17208129,NormVanDerWaalsVolume_group1_D25,-0.15475779278953275,1.9399118134183676e-06,-0.2055556007110801,2.1295059244026122e-10,4.1216955832171424e-06,7.01434890286462e-10,-0.05079780792154734
Hydrophobicity_T12,23,0.17208129,NormVanDerWaalsVolume_group1_D50,-0.046592671254622214,0.15413029921511964,-0.06143970885563828,0.06011308437755304,0.1901718505277058,0.08156295490040898,-0.014847037601016064
Hydrophobicity_T12,23,0.17208129,NormVanDerWaalsVolume_group1_D75,0.011329557310397887,0.729078874953994,-0.010822639707629457,0.7407552218626374,0.7655213588011128,0.7746156671951187,0.0005069176027684297
Hydrophobicity_T12,23,0.17208129,NormVanDerWaalsVolume_group1_D100,0.18339531788283503,1.564424445896363e-08,0.20227507965333388,4.153051915258399e-10,3.753719575642135e-08,1.3389182815601403e-09,-0.018879761770498854
Hydrophobicity_T12,23,0.17208129,NormVanDerWaalsVolume_group2_D0,-0.11073605856230417,0.0006847723072147916,-0.10722313613947468,0.0010117141535730247,0.0011862756774364128,0.0017878969698062977,0.0035129224228294953
Hydrophobicity_T12,23,0.17208129,NormVanDerWaalsVolume_group2_D25,-0.011710109668861875,0.7203541026510499,0.02608889481501881,0.4250662468322403,0.7577898276707108,0.4814246403593363,-0.014378785146156935
Hydrophobicity_T12,23,0.17208129,NormVanDerWaalsVolume_group2_D50,-0.02304652906552012,0.48104883796192516,-0.013444664404509723,0.6810604204496221,0.5313171689129729,0.7205390574284883,0.009601864661010397
Hydrophobicity_T12,23,0.17208129,NormVanDerWaalsVolume_group2_D75,0.007816647449316007,0.81114016923386,0.010245579315544647,0.7541200351212353,0.8392453556727872,0.7856397121974191,-0.0024289318662286397
Hydrophobicity_T12,23,0.17208129,NormVanDerWaalsVolume_group2_D100,0.03167437037002003,0.33278688987195587,0.01768955602247414,0.5886420810606332,0.3835432064086724,0.6352389501591325,0.01398481434754589
Hydrophobicity_T12,23,0.17208129,NormVanDerWaalsVolume_group3_D0,0.019243157368243176,0.556324235176649,0.03815747264851261,0.24325744274721045,0.604267624549596,0.28986081297741095,-0.018914315280269434
Hydrophobicity_T12,23,0.17208129,NormVanDerWaalsVolume_group3_D25,0.10394415738730392,0.0014417235997406569,0.12250870170505423,0.0001704508558493324,0.002401674226001892,0.00033351251232382556,-0.018564544317750314
Hydrophobicity_T12,23,0.17208129,NormVanDerWaalsVolume_group3_D50,0.12856420082137615,7.928729456198672e-05,0.14172089135226112,1.3346492935531918e-05,0.0001499544529088537,2.991764188233329e-05,-0.013156690530884974
Hydrophobicity_T12,23,0.17208129,NormVanDerWaalsVolume_group3_D75,0.09080387460537098,0.005409402817599747,0.10285976065544365,0.001617419430472041,0.008383946826349492,0.0027846293287508333,-0.01205588605007267
Hydrophobicity_T12,23,0.17208129,NormVanDerWaalsVolume_group3_D100,0.1578345398606542,1.2014246246872997e-06,0.14749306525260375,5.798127685172243e-06,2.578893474585849e-06,1.3485895869411765e-05,0.01034147460805046
Hydrophobicity_T12,23,0.17208129,Polarity_C1,-0.2978813531129755,1.1803470836846447e-20,-0.39942708361932383,3.3404938205762813e-37,4.638069717066721e-20,2.6820310963280718e-36,-0.10154573050634835
Hydrophobicity_T12,23,0.17208129,Polarity_C2,0.06075086198516039,0.06304892177019675,0.14872139305775461,4.8355263899755715e-06,0.0829721823138129,1.1325847224767468e-05,-0.08797053107259423
Hydrophobicity_T12,23,0.17208129,Polarity_C3,0.11919704198963944,0.0002553339302581043,0.0740389119597661,0.02342379380311416,0.00046474949703654943,0.03435901242968876,0.045158130029873345
Hydrophobicity_T12,23,0.17208129,Polarity_T12,-0.1614655946622494,6.744685965741439e-07,-0.13356425257564689,4.106678335799197e-05,1.4694880055822834e-06,8.692208898332901e-05,0.027901342086602526
Hydrophobicity_T12,23,0.17208129,Polarity_T13,-0.09028067780405402,0.0056836857094016,-0.18141906114295242,2.2398268045052017e-08,0.008752194683910254,6.482687631756823e-08,-0.0911383833388984
Hydrophobicity_T12,23,0.17208129,Polarity_T23,0.8044552292595848,1.0234636549014388e-213,0.8163500301030946,3.942986389988947e-225,5.027012657898243e-212,2.6876682739924657e-223,-0.0118948008435098
Hydrophobicity_T12,23,0.17208129,Polarity_group1_D0,0.03633154152718235,0.2665652034685333,0.0628085832764961,0.054614469698411244,0.3149373114909449,0.07472852469999736,-0.026477041749313757
Hydrophobicity_T12,23,0.17208129,Polarity_group1_D25,0.08657295437754593,0.008013994866404436,0.12348675679561313,0.00015097965861913927,0.012122619046100912,0.00029733022393155966,-0.0369138024180672
Hydrophobicity_T12,23,0.17208129,Polarity_group1_D50,0.0776925214766899,0.017377344451261607,0.09598010519576472,0.003272973815813124,0.025114811971966147,0.005406395917317425,-0.018287583719074824
Hydrophobicity_T12,23,0.17208129,Polarity_group1_D75,0.09858737001977796,0.002518261363536781,0.11320291210491089,0.0005171113352647025,0.004077068809603902,0.0009510748126564461,-0.014615542085132924
Hydrophobicity_T12,23,0.17208129,Polarity_group1_D100,0.029677516743934967,0.3641796940370805,0.028302494941859047,0.38683620313625267,0.4144327693641734,0.44278030105383276,0.0013750218020759201
Hydrophobicity_T12,23,0.17208129,Polarity_group2_D0,-0.27139962779553184,2.7722014959547963e-17,-0.30040727597522926,5.388152318828648e-21,9.934713515546158e-17,2.926248576404501e-20,-0.02900764817969742
Hydrophobicity_T12,23,0.17208129,Polarity_group2_D25,-0.16018171195037365,8.284333365902831e-07,-0.22606628275717933,2.5307428710413578e-12,1.7944016499426366e-06,9.551052191274728e-12,-0.06588457080680568
Hydrophobicity_T12,23,0.17208129,Polarity_group2_D50,-0.1172083785076882,0.00032387876165509283,-0.1493513724469439,4.403131484356891e-06,0.0005803406995321943,1.0380523489294438e-05,-0.03214299393925571
Hydrophobicity_T12,23,0.17208129,Polarity_group2_D75,0.013536438862056632,0.6790041690552263,-0.01315655225692883,0.6875310430241621,0.7185912308759366,0.7264643099337873,0.00037988660512780145
Hydrophobicity_T12,23,0.17208129,Polarity_group2_D100,0.18752324595923558,7.299119652116928e-09,0.1999039382317834,6.683796915986567e-10,1.7938969564437483e-08,2.12002675207931e-09,-0.012380692272547816
Hydrophobicity_T12,23,0.17208129,Polarity_group3_D0,-0.11132424301124544,0.0006407459370353107,-0.10896287202512599,0.0008350643292492485,0.0011111585823976831,0.0014987183555574906,0.0023613709861194515
Hydrophobicity_T12,23,0.17208129,Polarity_group3_D25,-0.009873598893523327,0.7627745885722588,0.05245973007641574,0.10854271747042127,0.7953996467297784,0.13858282735137883,-0.04258613118289241
Hydrophobicity_T12,23,0.17208129,Polarity_group3_D50,0.04884108511919397,0.1351903036525065,0.08455481932629558,0.009613077840305947,0.168861486237611,0.015052826997947428,-0.03571373420710161
Hydrophobicity_T12,23,0.17208129,Polarity_group3_D75,0.11308320075145341,0.0005242742771296402,0.14548794052151617,7.77389694353164e-06,0.0009177547618516763,1.78452342208905e-05,-0.032404739770062765
Hydrophobicity_T12,23,0.17208129,Polarity_group3_D100,0.20833565123311976,1.1984926193374659e-10,0.19156240183724782,3.404337376535206e-09,3.222999475512992e-10,1.0499064485344033e-08,0.016773249395871936
Hydrophobicity_T12,23,0.17208129,Polarizability_C1,0.13251061455872468,4.726590370472509e-05,0.21129646391584084,6.44019294859308e-11,9.093785620609551e-05,2.2084439885319188e-10,-0.07878584935711616
Hydrophobicity_T12,23,0.17208129,Polarizability_C2,-0.18137172207431865,2.2590556248264044e-08,-0.23751205040399456,1.7542026235451115e-13,5.3474456321191995e-08,7.136463779099479e-13,-0.056140328329675915
Hydrophobicity_T12,23,0.17208129,Polarizability_C3,-0.034388619213298506,0.29300276171281037,-0.08858527729163225,0.006660633142301043,0.343017603968029,0.01065956621719477,-0.054196658078333744
Hydrophobicity_T12,23,0.17208129,Polarizability_T12,0.12582730187865526,0.00011253262338518078,0.2027828825505569,3.7478409706713884e-10,0.0002100944450008406,1.2117898201396358e-09,-0.07695558067190164
Hydrophobicity_T12,23,0.17208129,Polarizability_T13,0.22224533768713006,5.97798740935683e-12,0.2181346408805986,1.481193587779841e-11,1.745321498885648e-11,5.2967736436666685e-11,0.00411069680653145
Hydrophobicity_T12,23,0.17208129,Polarizability_T23,-0.1427019437155624,1.160926510430197e-05,-0.21099661959016403,6.861152346617293e-11,2.3414822130657355e-05,2.347976315338295e-10,-0.06829467587460161
Hydrophobicity_T12,23,0.17208129,Polarizability_group1_D0,-0.22690316724561047,2.0920715068375505e-12,-0.24921781803570614,9.867808607683903e-15,6.2056117520758595e-12,4.2692332577285276e-14,-0.022314650790095675
Hydrophobicity_T12,23,0.17208129,Polarizability_group1_D25,-0.07029155498869231,0.03144101678894812,-0.11528250058460868,0.00040633550010019115,0.04364629928307843,0.000753559450491193,-0.04499094559591636
Hydrophobicity_T12,23,0.17208129,Polarizability_group1_D50,0.01908810841330097,0.5595103829496311,-0.011317866589824553,0.7293474656020148,0.6071360230837451,0.7646015489989735,0.007770241823476416
Hydrophobicity_T12,23,0.17208129,Polarizability_group1_D75,0.04533929793265125,0.16552803958704973,0.020599535587745292,0.5288344209006353,0.2027369461755578,0.5798958990766568,0.024739762344905956
Hydrophobicity_T12,23,0.17208129,Polarizability_group1_D100,0.16228977006316353,5.905673692713154e-07,0.1692993683891772,1.857223580542187e-07,1.2908998778574564e-06,4.966474586878226e-07,-0.007009598326013666
Hydrophobicity_T12,23,0.17208129,Polarizability_group2_D0,-0.14536486724703582,7.914088068910045e-06,-0.15389044445732705,2.2167657231622584e-06,1.6147253604251406e-05,5.396499646765265e-06,-0.008525577210291235
Hydrophobicity_T12,23,0.17208129,Polarizability_group2_D25,-0.07942875487443328,0.015017861870016597,-0.05329183779139117,0.10304477124682802,0.021894220273180026,0.13262795220208307,0.02613691708304211
Hydrophobicity_T12,23,0.17208129,Polarizability_group2_D50,-0.09411649768335101,0.003932753811283039,-0.06467277035843931,0.047805589451476685,0.006181363637498988,0.06617101896723254,0.029443727324911698
Hydrophobicity_T12,23,0.17208129,Polarizability_group2_D75,-0.057825546794196686,0.07686316249856376,-0.04518380644151696,0.16698506242131622,0.0997369707634821,0.20504783400264565,0.012641740352679724
Hydrophobicity_T12,23,0.17208129,Polarizability_group2_D100,-0.04801495414545064,0.14192915398025735,-0.04109897297555438,0.20878621458133229,0.17642105481729048,0.25184035995003606,0.006915981169896265
Hydrophobicity_T12,23,0.17208129,Polarizability_group3_D0,0.019243157368243176,0.556324235176649,0.03815747264851261,0.24325744274721045,0.604267624549596,0.28986081297741095,-0.018914315280269434
Hydrophobicity_T12,23,0.17208129,Polarizability_group3_D25,0.10394415738730392,0.0014417235997406569,0.12250870170505423,0.0001704508558493324,0.002401674226001892,0.00033351251232382556,-0.018564544317750314
Hydrophobicity_T12,23,0.17208129,Polarizability_group3_D50,0.12856420082137615,7.928729456198672e-05,0.14172089135226112,1.3346492935531918e-05,0.0001499544529088537,2.991764188233329e-05,-0.013156690530884974
Hydrophobicity_T12,23,0.17208129,Polarizability_group3_D75,0.09080387460537098,0.005409402817599747,0.10285976065544365,0.001617419430472041,0.008383946826349492,0.0027846293287508333,-0.01205588605007267
Hydrophobicity_T12,23,0.17208129,Polarizability_group3_D100,0.1578345398606542,1.2014246246872997e-06,0.14749306525260375,5.798127685172243e-06,2.578893474585849e-06,1.3485895869411765e-05,0.01034147460805046
Hydrophobicity_T12,23,0.17208129,Charge_C1,0.05771299807269027,0.07744034177832337,0.021510403289916637,0.5107692252627883,0.10033000059720718,0.5654521751334812,0.036202594782773635
Hydrophobicity_T12,23,0.17208129,Charge_C2,-0.1701013699628445,1.6219511690123766e-07,-0.13689985594355344,2.613307310392215e-05,3.660349259798201e-07,5.656802603182111e-05,0.033201514019291056
Hydrophobicity_T12,23,0.17208129,Charge_C3,0.21761054861024012,1.6607002512938125e-11,0.19210442358094312,3.069258315709772e-09,4.740802426770371e-11,9.483184805245734e-09,0.025506125029297
Hydrophobicity_T12,23,0.17208129,Charge_T12,0.11834426058283015,0.0002828714042172237,0.09374111960843035,0.004079421941684657,0.000510973764243119,0.006675781129459458,0.024603140974399806
Hydrophobicity_T12,23,0.17208129,Charge_T13,-0.005904074934010474,0.8567704538735827,-0.0559859219743497,0.08674741270563287,0.8780648407296,0.11411435936857572,-0.050081847040339224
Hydrophobicity_T12,23,0.17208129,Charge_T23,0.30875884108488943,3.8125516183998505e-22,0.2950410730422056,2.824507821193032e-20,1.5643639318741402e-21,1.5070057704128957e-19,0.01371776804268382
Hydrophobicity_T12,23,0.17208129,Charge_group1_D0,-0.07928044378818827,0.015207785263794169,-0.07493637814490905,0.021790454462418393,0.022142111064111823,0.03208999907604825,0.004344065643279216
Hydrophobicity_T12,23,0.17208129,Charge_group1_D25,-0.04293404158077323,0.18915540256736554,-0.02629381175025246,0.42143730672205937,0.22940415561909983,0.47763848132055586,0.016640229830520766
Hydrophobicity_T12,23,0.17208129,Charge_group1_D50,0.016016477044506542,0.6243825635886361,0.020525094154149125,0.5303250374138754,0.6671266034504302,0.5813211765547568,-0.004508617109642583
Hydrophobicity_T12,23,0.17208129,Charge_group1_D75,-0.00023997914402598686,0.9941467192392377,0.012450768714144293,0.7034780328455661,0.9950404681627372,0.740736642403591,-0.012210789570118306
Hydrophobicity_T12,23,0.17208129,Charge_group1_D100,0.0921437374998429,0.004760567967563915,0.0850286113104267,0.009214080935132807,0.007402372910457856,0.014461950339917096,0.007115126189416204
Hydrophobicity_T12,23,0.17208129,Charge_group2_D0,-0.2052059713660278,2.2878477544795124e-10,-0.20778827371631728,1.3429690127997883e-10,6.05500118855909e-10,4.517136457956992e-10,-0.0025823023502894726
Hydrophobicity_T12,23,0.17208129,Charge_group2_D25,0.05300288256671785,0.10492835527960406,0.03338172580599565,0.30737274760301453,0.13340140203838022,0.3597699644619456,0.019621156760722194
Hydrophobicity_T12,23,0.17208129,Charge_group2_D50,-0.0032421922914144105,0.9210487365927541,-0.0035997267421277643,0.9123756338620028,0.934478365801883,0.9220494954210181,-0.00035753445071335386
Hydrophobicity_T12,23,0.17208129,Charge_group2_D75,-0.01304110278440062,0.6901303456341532,-0.01697544252537525,0.6037818044849312,0.7293708792046625,0.6498064596895177,-0.003934339740974631
Hydrophobicity_T12,23,0.17208129,Charge_group2_D100,0.040076401148889905,0.2203448166549943,0.06404535131132498,0.050013001320708995,0.2643504625099429,0.06899769698933005,-0.023968950162435075
Hydrophobicity_T12,23,0.17208129,Charge_group3_D0,-0.08053003675705381,0.013671670988289796,-0.08322617088718672,0.010815224964912168,0.02004538239722911,0.01679965571295343,-0.0026961341301329073
Hydrophobicity_T12,23,0.17208129,Charge_group3_D25,-0.028593623968096435,0.3819689127590537,-0.003439912530946547,0.9162511957951186,0.4327598943742332,0.9256742268468531,0.025153711437149888
Hydrophobicity_T12,23,0.17208129,Charge_group3_D50,0.09631795673846398,0.0031647528907209786,0.0991922074578761,0.002367628296319188,0.005031695258284795,0.003999938548156848,-0.002874250719412122
Hydrophobicity_T12,23,0.17208129,Charge_group3_D75,0.17873814175155306,3.6217555408672043e-08,0.17707119160477516,4.865286882498945e-08,8.476989142604389e-08,1.365551108197183e-07,0.0016669501467778958
Hydrophobicity_T12,23,0.17208129,Charge_group3_D100,0.2650053335970883,1.5968498980474534e-16,0.2513312696791504,5.774720211620669e-15,5.561500166296658e-16,2.5146760765075665e-14,0.013674063917937851
Hydrophobicity_T12,23,0.17208129,SecondaryStructure_C1,0.03771358413004949,0.248787563376366,-0.019885967731495403,0.543209960631094,0.29550158665613885,0.5927217473073682,0.01782761639855409
Hydrophobicity_T12,23,0.17208129,SecondaryStructure_C2,-0.22395701630116413,4.0753339058840184e-12,-0.20729686638533873,1.4870528867080565e-10,1.2013782211520406e-11,4.961794846758151e-10,0.0166601499158254
Hydrophobicity_T12,23,0.17208129,SecondaryStructure_C3,0.10800403573038796,0.0009285360290700211,0.20003091624082922,6.516592168878855e-10,0.001578274980709349,2.0709246283592176e-09,-0.09202688051044126
Hydrophobicity_T12,23,0.17208129,SecondaryStructure_T12,-0.15527515107983234,1.7909026509864562e-06,-0.2182662441778139,1.4391865270112671e-11,3.8144794459826797e-06,5.152071811594461e-11,-0.06299109309798157
Hydrophobicity_T12,23,0.17208129,SecondaryStructure_T13,0.2096089936720288,9.18586639415817e-11,0.18691038803854174,8.18274992615029e-09,2.4964030721308615e-10,2.4315288926460827e-08,0.02269860563348705
Hydrophobicity_T12,23,0.17208129,SecondaryStructure_T23,-0.07919970539677049,0.015312061832245621,-0.032070794854346205,0.3267685935068359,0.02227451503471271,0.37988412889412876,0.04712891054242428
Hydrophobicity_T12,23,0.17208129,SecondaryStructure_group1_D0,-0.09845912098586726,0.0025513052610930433,-0.09182597346432222,0.004907739865988474,0.004120580063854335,0.007957209297282284,0.006633147521545035
Hydrophobicity_T12,23,0.17208129,SecondaryStructure_group1_D25,0.0665741784809301,0.04160934274142376,0.062483797106275614,0.055879675754567114,0.05667830536556092,0.07633460818824302,0.004090381374654485
Hydrophobicity_T12,23,0.17208129,SecondaryStructure_group1_D50,0.0666481373159618,0.041382731484606326,0.051148990051820976,0.1176701285457059,0.05639262470770507,0.14892695314234852,0.015499147264140818
Hydrophobicity_T12,23,0.17208129,SecondaryStructure_group1_D75,0.12788688865820563,8.652106795907445e-05,0.11072991489422278,0.0006852466384489707,0.00016317355560886997,0.001244548000228147,0.017156973763982855
Hydrophobicity_T12,23,0.17208129,SecondaryStructure_group1_D100,0.13547653058991024,3.1733107737528015e-05,0.11858631029023349,0.00027478535750603,6.183697773824013e-05,0.0005256489656759106,0.016890220299676753
Hydrophobicity_T12,23,0.17208129,SecondaryStructure_group2_D0,-0.06263078093353529,0.055304112009751306,-0.053321341386195244,0.10285396913700419,0.07356261812527652,0.13243340667601927,0.009309439547340044
Hydrophobicity_T12,23,0.17208129,SecondaryStructure_group2_D25,0.031559655494472254,0.33454167378989186,0.024425243177670607,0.4551956455007651,0.38490154683370265,0.5113869680365137,0.007134412316801647
Hydrophobicity_T12,23,0.17208129,SecondaryStructure_group2_D50,-0.04498077112474034,0.16890205057296626,-0.04139908960218785,0.20547864119151985,0.20661477391393968,0.24820928086064242,0.0035816815225524906
Hydrophobicity_T12,23,0.17208129,SecondaryStructure_group2_D75,-0.039576315539254836,0.22616145227166964,-0.01984683232618405,0.5440039661128983,0.2706482445673151,0.5933942674125017,0.019729483213070786
Hydrophobicity_T12,23,0.17208129,SecondaryStructure_group2_D100,-0.023989913912108037,0.46327333802411685,-0.014810435528567931,0.6507115973406858,0.5137227586323209,0.6930341841424955,0.009179478383540106
Hydrophobicity_T12,23,0.17208129,SecondaryStructure_group3_D0,-0.11983979816960087,0.0002362596683789424,-0.13526279796344692,3.266651491614407e-05,0.0004309706676054984,6.993984603841101e-05,-0.015422999793846051
Hydrophobicity_T12,23,0.17208129,SecondaryStructure_group3_D25,-0.10463429742802957,0.0013392381165781544,-0.10895073211914412,0.0008361912431956284,0.002236527654685518,0.0014999348830684205,-0.0043164346911145485
Hydrophobicity_T12,23,0.17208129,SecondaryStructure_group3_D50,0.0037674851331158925,0.9083096611287148,0.020443830481946156,0.5319546911168196,0.9231239679288776,0.5827250470089136,-0.016676345348830265
Hydrophobicity_T12,23,0.17208129,SecondaryStructure_group3_D75,0.005643944922530315,0.8630173533873754,0.012316689616138507,0.7065225495003329,0.8839245508475418,0.743426832795123,-0.006672744693608192
Hydrophobicity_T12,23,0.17208129,SecondaryStructure_group3_D100,0.093441160212889,0.004200165824112189,0.1090248006417531,0.000829337522918385,0.006573830296408018,0.0014892404981437667,-0.015583640428864107
Hydrophobicity_T12,23,0.17208129,SolventAccessibility_C1,-0.08133871378617408,0.012752065723862933,-0.09262740909817277,0.004544201290679089,0.018762951329384228,0.0073965069741072885,-0.011288695311998692
Hydrophobicity_T12,23,0.17208129,SolventAccessibility_C2,0.14175751035112444,1.3277422229674896e-05,0.10357369454605625,0.0014996681936018867,2.6634588737005496e-05,0.002595280708098602,0.03818381580506819
Hydrophobicity_T12,23,0.17208129,SolventAccessibility_C3,-0.07258143550125228,0.02630251214496465,-0.013496886433677094,0.6798900691273936,0.03698963813228713,0.7195287803819691,0.05908454906757518
Hydrophobicity_T12,23,0.17208129,SolventAccessibility_T12,0.18387261956483805,1.4336892818193877e-08,0.152348917559048,2.804850264111024e-06,3.447460188104215e-08,6.749423546203761e-06,0.03152370200579005
Hydrophobicity_T12,23,0.17208129,SolventAccessibility_T13,-0.20155378367461332,4.802851400857832e-10,-0.17444836178396816,7.697696604767404e-08,1.2473968646084882e-09,2.1195636158221872e-07,0.02710542189064516
Hydrophobicity_T12,23,0.17208129,SolventAccessibility_T23,0.4536227777481293,9.592132104391308e-49,0.45741423286705035,1.2399530904034853e-49,6.80206395513099e-48,1.3231448312931759e-48,-0.003791455118921039
Hydrophobicity_T12,23,0.17208129,SolventAccessibility_group1_D0,-0.12804202742098306,8.481119008785144e-05,-0.1320912292911718,4.9971731116533796e-05,0.0001600391948550417,0.00010444654688937603,-0.004049201870188757
Hydrophobicity_T12,23,0.17208129,SolventAccessibility_group1_D25,0.0723295082513479,0.026829872445714515,0.0507342004482165,0.12068054279979072,0.03762039209432682,0.15239055310068092,0.021595307803131403
Hydrophobicity_T12,23,0.17208129,SolventAccessibility_group1_D50,0.08965802155248906,0.006026389667356345,0.06485398460453907,0.04718346212788315,0.009228859004571386,0.06541833271362794,0.024804036947949984
Hydrophobicity_T12,23,0.17208129,SolventAccessibility_group1_D75,-0.018015083817876074,0.5817992299432025,-0.04464116274007947,0.17214528769539944,0.6282604034950846,0.21091902454241898,-0.026626078922203394
Hydrophobicity_T12,23,0.17208129,SolventAccessibility_group1_D100,0.06786600309392986,0.03779867483051107,0.07096857625036591,0.029839071413786045,0.05182576926679268,0.04282874882769462,-0.003102573156436056
Hydrophobicity_T12,23,0.17208129,SolventAccessibility_group2_D0,-0.09888796903765971,0.002442336950872255,-0.10136352830678184,0.001892224463870302,0.003969540348376317,0.003231099033398164,-0.0024755592691221295
Hydrophobicity_T12,23,0.17208129,SolventAccessibility_group2_D25,-0.042214796374113676,0.1966812177770482,0.00694269799615322,0.8319213441450601,0.23792657275456028,0.8536458646526884,0.035272098377960456
Hydrophobicity_T12,23,0.17208129,SolventAccessibility_group2_D50,0.022913709892581045,0.48358089078740746,0.04932730945498413,0.1313411021312886,0.5332321476493697,0.16431984371802402,-0.02641359956240309
Hydrophobicity_T12,23,0.17208129,SolventAccessibility_group2_D75,0.08823045749257787,0.006883236375716042,0.12065406366367254,0.0002140102487941476,0.010488143017742509,0.0004136540688497992,-0.032423606171094674
Hydrophobicity_T12,23,0.17208129,SolventAccessibility_group2_D100,0.20849656493013455,1.158986184782655e-10,0.18991728826010426,4.6538673058855304e-09,3.1243049694705956e-10,1.4169477485558496e-08,0.018579276670030287
Hydrophobicity_T12,23,0.17208129,SolventAccessibility_group3_D0,-0.08570940594302796,0.008666592280366963,-0.06597187131498305,0.04349417146646299,0.013050684497937627,0.060681091352542356,0.01973753462804491
Hydrophobicity_T12,23,0.17208129,SolventAccessibility_group3_D25,-0.14534539183013856,7.936492206984545e-06,-0.1481958128773333,5.227053930122822e-06,1.618307934757532e-05,1.2217186932547395e-05,-0.00285042104719474
Hydrophobicity_T12,23,0.17208129,SolventAccessibility_group3_D50,-0.07974721029182857,0.014617090120207567,-0.07011875915061812,0.03186148804039594,0.021347215129642882,0.045574890815812605,0.009628451141210456
Hydrophobicity_T12,23,0.17208129,SolventAccessibility_group3_D75,0.012326392165104533,0.7063020768657838,0.005713560308028998,0.8613447177185619,0.7441794753096902,0.8797832896574914,0.006612831857075535
Hydrophobicity_T12,23,0.17208129,SolventAccessibility_group3_D100,0.04497660041009267,0.16894160106555967,0.06881543654171633,0.03519070341642823,0.20661477391393968,0.05001572315356182,-0.023838836131623665
Polarizability_T12,86,0.16945419,AAC_A,0.5449561280222557,1.3714208374805953e-73,0.5358033706366396,9.579586348276582e-71,1.4093986452877503e-72,1.5531950681186304e-69,0.00915275738561605
Polarizability_T12,86,0.16945419,AAC_C,0.18033086355514932,2.7246264570500992e-08,0.1570926515095844,1.3497022180810299e-06,6.42673189727919e-08,3.3641831405900298e-06,0.02323821204556492
Polarizability_T12,86,0.16945419,AAC_D,-0.1072891516404955,0.0010044246265891621,0.012971280129266868,0.6917041523329299,0.0016977622736881587,0.7299500375330129,0.09431787151122864
Polarizability_T12,86,0.16945419,AAC_E,-0.45583728601934853,2.9128323090847866e-49,-0.27910707197029166,3.1541506047701125e-18,2.0832676471826953e-48,1.58418992780935e-17,0.17673021404905687
Polarizability_T12,86,0.16945419,AAC_F,-0.4946668213866832,5.531187406243927e-59,-0.4778368073074411,1.2894043228252884e-54,4.595563665884258e-58,1.5217704728750752e-53,0.016830014079242117
Polarizability_T12,86,0.16945419,AAC_G,0.525246996829231,1.429023209039798e-67,0.4932499513677,1.3181668654647949e-58,1.3112465709321225e-66,1.6551418536287276e-57,0.03199704546153104
Polarizability_T12,86,0.16945419,AAC_H,-0.475736140625765,4.351539009837374e-54,-0.33686567413129775,2.692475665695943e-26,3.372190323168638e-53,1.6903888577865508e-25,0.13887046649446727
Polarizability_T12,86,0.16945419,AAC_I,-0.47422714310303454,1.0371647092291422e-53,-0.40102605677323133,1.6318164885960919e-37,7.927071233009921e-53,1.3133173667255295e-36,0.07320108632980321
Polarizability_T12,86,0.16945419,AAC_K,-0.6737029649026547,5.904404508767546e-125,-0.5953810918845849,5.942857536607034e-91,1.1879946421255184e-123,1.2973296844619275e-89,0.07832187301806981
Polarizability_T12,86,0.16945419,AAC_L,-0.32367767282111676,2.7070501538040617e-24,-0.18774937075171683,6.997086346182156e-09,1.1681585935020111e-23,2.099754572888446e-08,0.13592830206939993
Polarizability_T12,86,0.16945419,AAC_M,-0.43834388684930087,2.8246010372484646e-45,-0.3620868410364897,2.0958417834705672e-30,1.9292776000838182e-44,1.446304040659441e-29,0.07625704581281118
Polarizability_T12,86,0.16945419,AAC_N,-0.19325965496837155,2.458610933741034e-09,-0.22249451676240328,5.65479610892172e-12,6.178901819936082e-09,2.080068172224509e-11,-0.02923486179403173
Polarizability_T12,86,0.16945419,AAC_P,0.4936354501962086,1.0411924348071834e-58,0.33237148825194285,1.329031584137019e-25,8.58662403026171e-58,8.070846347304807e-25,0.16126396194426573
Polarizability_T12,86,0.16945419,AAC_Q,-0.051687170206896595,0.11385225196932774,-0.0035992455412721426,0.91238730010972,0.14376806108792237,0.9220494954210181,0.04808792466562445
Polarizability_T12,86,0.16945419,AAC_R,0.11912349951069881,0.00025760599843658574,0.06529813842905245,0.04568733475119275,0.00046837454261197404,0.06350216315812891,0.05382536108164636
Polarizability_T12,86,0.16945419,AAC_S,0.353107820731288,6.716270339723407e-29,0.14166207733251046,1.3458144576811783e-05,3.3233100643964707e-28,3.014768805268367e-05,0.21144574339877753
Polarizability_T12,86,0.16945419,AAC_T,0.5625241231680687,2.6627151128252435e-79,0.4093144615069732,3.735709396927042e-39,2.964489492278771e-78,3.111538500183621e-38,0.15320966166109545
Polarizability_T12,86,0.16945419,AAC_V,0.2284951525889514,1.4534804233878527e-12,0.27570328525909865,8.307247745612743e-18,4.338359798137111e-12,4.1044685607021544e-17,-0.04720813267014726
Polarizability_T12,86,0.16945419,AAC_W,0.019755762492208895,0.5458538801481926,-0.057152506705491254,0.08036739184775844,0.594829350634572,0.10634987669235864,-0.03739674421328236
Polarizability_T12,86,0.16945419,AAC_Y,-0.3441097059217297,1.9415766296584914e-27,-0.3539924781520062,4.796348413829396e-29,9.057075339468381e-27,3.1411379808216044e-28,-0.009882772230276504
Polarizability_T12,86,0.16945419,Hydrophobicity_C1,-0.673707751267179,5.871856033050538e-125,-0.5666308372660729,1.096930823230384e-80,1.1879946421255184e-123,2.0241706903809294e-79,0.10707691400110608
Polarizability_T12,86,0.16945419,Hydrophobicity_C2,0.7181945562901701,2.0295263722260835e-149,0.6168356625654211,2.566382343384636e-99,5.5312141734143416e-148,6.74938348575172e-98,0.10135889372474904
Polarizability_T12,86,0.16945419,Hydrophobicity_C3,-0.5942581676798948,1.565100658743947e-90,-0.472185008977528,3.3367806782361957e-53,2.0028491188524073e-89,3.8298444897968705e-52,0.12207315870236679
Polarizability_T12,86,0.16945419,Hydrophobicity_T12,0.12582730187865526,0.00011253262338518078,0.2027828825505569,3.7478409706713884e-10,0.0002100944450008406,1.2117898201396358e-09,-0.07695558067190164
Polarizability_T12,86,0.16945419,Hydrophobicity_T13,-0.6802364864276279,2.8275031602600505e-128,-0.5722102400452218,1.3391693489939528e-82,6.015197805903547e-127,2.5128233851909e-81,0.1080262463824061
Polarizability_T12,86,0.16945419,Hydrophobicity_T23,0.4498048912141785,7.334559077662273e-48,0.4062547597937266,1.525085190512262e-38,5.114285452900208e-47,1.2393636341389185e-37,0.04355013142045189
Polarizability_T12,86,0.16945419,Hydrophobicity_group1_D0,-0.018406313895154385,0.5736247253485977,-0.010894956930871764,0.7390857430310293,0.6200344927716234,0.7735964844010147,0.007511356964282621
Polarizability_T12,86,0.16945419,Hydrophobicity_group1_D25,0.3000822906832427,5.962754541618479e-21,0.09685002666580805,0.0030009078578032596,2.3709047820244908e-20,0.004976679366962705,0.20323226401743466
Polarizability_T12,86,0.16945419,Hydrophobicity_group1_D50,0.11327144131772442,0.000513051978481135,-0.002281295445731315,0.944401902526585,0.0009004695786269002,0.9506637596259173,0.1109901458719931
Polarizability_T12,86,0.16945419,Hydrophobicity_group1_D75,0.034311497079252504,0.29408722900979883,-0.11118960876437053,0.0006505850248657337,0.3439255409288264,0.0011861102527573966,-0.07687811168511803
Polarizability_T12,86,0.16945419,Hydrophobicity_group1_D100,-0.21767505417992486,1.6375082915006198e-11,-0.11803413791196882,0.0002935569849009585,4.6785951185732e-11,0.0005580423048202627,0.09964091626795604
Polarizability_T12,86,0.16945419,Hydrophobicity_group2_D0,-0.39608269518528505,1.4760632407358467e-36,-0.3508038405125678,1.6060471986699258e-28,8.649212673785487e-36,1.0415917754480685e-27,0.04527885467271725
Polarizability_T12,86,0.16945419,Hydrophobicity_group2_D25,-0.3618172022879176,2.3296039977720143e-30,-0.19893504551014354,8.10475901055447e-10,1.1771372696760253e-29,2.5610118349339575e-09,0.16288215677777404
Polarizability_T12,86,0.16945419,Hydrophobicity_group2_D50,-0.10549867455600376,0.0012203494878413666,-0.007407865547850953,0.82084478933573,0.00204616831796695,0.8443552806841202,0.0980908090081528
Polarizability_T12,86,0.16945419,Hydrophobicity_group2_D75,0.009863407915220468,0.7630121162042545,0.1413023531295958,1.4160641583956078e-05,0.7953996467297784,3.165765923053099e-05,-0.13143894521437532
Polarizability_T12,86,0.16945419,Hydrophobicity_group2_D100,0.3911461518689647,1.2828264265136118e-35,0.36717363827782246,2.797194368320839e-31,7.286803171012694e-35,1.966869303198232e-30,0.02397251359114222
Polarizability_T12,86,0.16945419,Hydrophobicity_group3_D0,0.2007900195792748,5.598773405448712e-10,0.054518545401111035,0.09534543558808155,1.448482042927862e-09,0.12396020041424383,0.14627147417816377
Polarizability_T12,86,0.16945419,Hydrophobicity_group3_D25,0.268836637672528,5.624480594643098e-17,0.11008336434869347,0.0007369041559031939,1.987911659905603e-16,0.0013325716733712332,0.15875327332383454
Polarizability_T12,86,0.16945419,Hydrophobicity_group3_D50,0.13675032511463187,2.667401254238034e-05,0.056311506363142715,0.08492703975293711,5.2345006986809834e-05,0.11176371661734041,0.08043881875148914
Polarizability_T12,86,0.16945419,Hydrophobicity_group3_D75,0.017830249597996117,0.5856800384484745,-0.005218593472254733,0.8732502413397659,0.6318382843727083,0.8905819255190285,0.012611656125741385
Polarizability_T12,86,0.16945419,Hydrophobicity_group3_D100,0.02170622434371692,0.506928001609435,-0.0008792850179857867,0.9785559303659769,0.556587615179327,0.9817893684056362,0.020826939325731132
Polarizability_T12,86,0.16945419,NormVanDerWaalsVolume_C1,0.7873406317309788,1.3164687638250118e-198,0.7125804780357993,4.480498154010154e-146,6.106952321077138e-197,1.9434888096615475e-144,0.07476015369517952
Polarizability_T12,86,0.16945419,NormVanDerWaalsVolume_C2,-0.5320064887638244,1.3670641231041522e-69,-0.3767447179291413,5.726984024099078e-33,1.3120672905654794e-68,4.1947646141427457e-32,0.15526177083468307
Polarizability_T12,86,0.16945419,NormVanDerWaalsVolume_C3,-0.8585268593037162,1.8156213389210776e-273,-0.8227980186428066,1.1356206988741882e-231,1.2375867902033468e-271,7.902027362999559e-230,0.035728840660909644
Polarizability_T12,86,0.16945419,NormVanDerWaalsVolume_T12,0.7748059948845325,2.114815476809913e-188,0.7845614322917785,2.7618117035193195e-196,9.676005058280972e-187,1.5634662863990727e-194,-0.009755437407246048
Polarizability_T12,86,0.16945419,NormVanDerWaalsVolume_T13,-0.24330865354740125,4.2990136379708316e-14,-0.2631307065451151,2.6444847022711075e-16,1.3687993852071092e-13,1.2132663331848214e-15,-0.019822052997713863
Polarizability_T12,86,0.16945419,NormVanDerWaalsVolume_T23,-0.7527954232925246,5.465813232623044e-172,-0.6817843506252124,4.489258880090476e-129,2.173311452019163e-170,1.8065210433135168e-127,0.07101107266731221
Polarizability_T12,86,0.16945419,NormVanDerWaalsVolume_group1_D0,-0.3738412393375491,1.8890585698315195e-32,-0.3249947188866758,1.7255119403833354e-24,1.0062927628767584e-31,1.023660724845531e-23,0.04884652045087329
Polarizability_T12,86,0.16945419,NormVanDerWaalsVolume_group1_D25,-0.3471941553135584,6.204077708946295e-28,-0.2157752477191189,2.473235959136198e-11,2.9350735903513632e-27,8.769223039824735e-11,0.1314189075944395
Polarizability_T12,86,0.16945419,NormVanDerWaalsVolume_group1_D50,-0.07288115644892101,0.025686775565072758,-0.009080846976504893,0.7813167165424619,0.03615416366933966,0.8086761181443516,0.06380030947241612
Polarizability_T12,86,0.16945419,NormVanDerWaalsVolume_group1_D75,-0.017907979751875754,0.5840465421901021,0.09807494515367493,0.0026526730911243033,0.630483339015818,0.004458947219101748,-0.08016696540179918
Polarizability_T12,86,0.16945419,NormVanDerWaalsVolume_group1_D100,0.36128967619199287,2.8641827825614104e-30,0.334188346235228,6.992064133075152e-26,1.4428914771877997e-29,4.300827661965195e-25,0.027101329956764897
Polarizability_T12,86,0.16945419,NormVanDerWaalsVolume_group2_D0,-0.07793606986314365,0.01702792717129529,-0.111485009685306,0.0006291781515867366,0.0246311289528481,0.001148590635522723,-0.03354893982216235
Polarizability_T12,86,0.16945419,NormVanDerWaalsVolume_group2_D25,0.23487565085456488,3.285144259684489e-13,0.08165475469693412,0.012407801204318584,1.011279431091815e-12,0.01910652652025084,0.15322089615763076
Polarizability_T12,86,0.16945419,NormVanDerWaalsVolume_group2_D50,0.09700201451069683,0.0029555447144504173,0.05935615956049065,0.06935577923919489,0.0047254759915100015,0.09288223843581032,0.03764585495020618
Polarizability_T12,86,0.16945419,NormVanDerWaalsVolume_group2_D75,-0.02400535814617747,0.4629854067535424,-0.040085057807462326,0.22024508083693797,0.5135739815864602,0.264325752783102,-0.016079699661284856
Polarizability_T12,86,0.16945419,NormVanDerWaalsVolume_group2_D100,-0.0697640646249544,0.032739678900579806,-0.0039546114631025895,0.9037770990036669,0.04527972154365903,0.9158420845486187,0.0658094531618518
Polarizability_T12,86,0.16945419,NormVanDerWaalsVolume_group3_D0,0.10958127100707801,0.0007794861590354258,0.02922842167791715,0.37148673582558306,0.0013406198615748312,0.42696686085941066,0.08035284932916087
Polarizability_T12,86,0.16945419,NormVanDerWaalsVolume_group3_D25,0.1471493461495068,6.098703363260189e-06,0.08206061988614963,0.011977759487261644,1.2535181066639405e-05,0.018461336727020716,0.06508872626335718
Polarizability_T12,86,0.16945419,NormVanDerWaalsVolume_group3_D50,0.057306704708493285,0.07955331674855617,0.004210202324228405,0.8975912767192074,0.10290785357869002,0.9106788773518082,0.05309650238426488
Polarizability_T12,86,0.16945419,NormVanDerWaalsVolume_group3_D75,0.005028434445763429,0.8778319528268537,-0.052750865925351186,0.10659333745618409,0.8977215929092748,0.1365637695065803,-0.047722431479587754
Polarizability_T12,86,0.16945419,NormVanDerWaalsVolume_group3_D100,-0.16972973874866237,1.7271543868783363e-07,-0.13031685003284094,6.312719032983704e-05,3.8872612211412687e-07,0.00013031199981560922,0.03941288871582144
Polarizability_T12,86,0.16945419,Polarity_C1,-0.6964525770302566,6.678885264302662e-137,-0.6038497388781695,3.533700147173263e-94,1.5175154273993806e-135,8.49104927450266e-93,0.09260283815208714
Polarizability_T12,86,0.16945419,Polarity_C2,0.7746381593871674,2.8670012342033534e-188,0.6927278372851323,7.193575833793501e-135,1.2767712162985601e-186,2.9662399117123822e-133,0.08191032210203508
Polarizability_T12,86,0.16945419,Polarity_C3,-0.7130960749485872,2.22631348436497e-146,-0.6097915771303385,1.6844106282595283e-96,5.8550291636055114e-145,4.2946041972418505e-95,0.10330449781824869
Polarizability_T12,86,0.16945419,Polarity_T12,0.5890945546970372,1.2799859229920055e-88,0.5077927684625646,1.4565226709038601e-62,1.595206336863171e-87,2.061349881702921e-61,0.0813017862344726
Polarizability_T12,86,0.16945419,Polarity_T13,-0.7353330100503779,3.7424820346253796e-160,-0.6394585174972,7.227119418661726e-109,1.1682140182849315e-158,2.0990068572461014e-107,0.09587449255317793
Polarizability_T12,86,0.16945419,Polarity_T23,0.3735137694004025,2.1596049170137643e-32,0.39547108999480773,1.9333703012519915e-36,1.1485796851633714e-31,1.5302030346402017e-35,-0.02195732059440525
Polarizability_T12,86,0.16945419,Polarity_group1_D0,0.12443924730426467,0.00013404259028954537,0.01273869155605027,0.6969562774694498,0.0002483096237199565,0.7350280918054822,0.1117005557482144
Polarizability_T12,86,0.16945419,Polarity_group1_D25,0.24440648320426278,3.280165955160979e-14,0.12107273644498184,0.00020335007437108303,1.0524259644800835e-13,0.0003944188434375246,0.12333374675928094
Polarizability_T12,86,0.16945419,Polarity_group1_D50,0.13644584319992722,2.7808537726920278e-05,0.06876456577313399,0.035326445385667794,5.4443444318823996e-05,0.050123333724779284,0.06768127742679324
Polarizability_T12,86,0.16945419,Polarity_group1_D75,0.07726439358948234,0.018006810879676403,0.018720015098973534,0.567109653966538,0.025923598421603095,0.6153821456297066,0.05854437849050881
Polarizability_T12,86,0.16945419,Polarity_group1_D100,-0.01575479592127149,0.6300562902019567,-0.009859377007221155,0.763106073298355,0.6723284374679027,0.7940106806281949,0.005895418914050337
Polarizability_T12,86,0.16945419,Polarity_group2_D0,-0.4035478724026414,5.229878600082834e-38,-0.35627428314676696,2.0027312997078394e-29,3.1992297663510376e-37,1.3351541998052262e-28,0.04727358925587444
Polarizability_T12,86,0.16945419,Polarity_group2_D25,-0.37096196829698885,6.096231278510395e-32,-0.21045196474571667,7.695582816924559e-11,3.19144396085027e-31,2.6201066879233465e-10,0.16051000355127218
Polarizability_T12,86,0.16945419,Polarity_group2_D50,-0.15798114899890386,1.1740352563547091e-06,-0.041113020993720835,0.20863053767899647,2.5265964924128405e-06,0.2517434956097718,0.11686812800518304
Polarizability_T12,86,0.16945419,Polarity_group2_D75,0.02270989491936313,0.48748040246365737,0.17098555019939496,1.395926506635311e-07,0.5368231270124021,3.769114415652335e-07,-0.14827565528003184
Polarizability_T12,86,0.16945419,Polarity_group2_D100,0.3857010952117324,1.3353733569314466e-34,0.3880470094083906,4.893311050161468e-35,7.458439819650554e-34,3.748545620995253e-34,-0.0023459141966581942
Polarizability_T12,86,0.16945419,Polarity_group3_D0,-0.007481473713890447,0.8190952379056557,-0.024536167110372743,0.453150141608666,0.8456810184250046,0.5094316637404727,-0.017054693396482294
Polarizability_T12,86,0.16945419,Polarity_group3_D25,0.32892476358109946,4.441788373284337e-25,0.1015178132186179,0.0018620265883894315,1.983365396626963e-24,0.003186049592838474,0.22740695036248154
Polarizability_T12,86,0.16945419,Polarity_group3_D50,0.14622269162087534,6.985016603793219e-06,0.0002649121340752711,0.9935385965781316,1.4321642392062215e-05,0.9941338863304253,0.14595777948680005
Polarizability_T12,86,0.16945419,Polarity_group3_D75,0.02452829810144403,0.45329507992391205,-0.11841154859329706,0.0002806014842185987,0.5039965269460274,0.0005358541779817722,-0.09388325049185303
Polarizability_T12,86,0.16945419,Polarity_group3_D100,-0.22925958184662135,1.2191016220282473e-12,-0.14741064328581238,5.868886364643391e-06,3.658400195484587e-12,1.3640974570569887e-05,0.08184893856080896
Polarizability_T12,86,0.16945419,Polarizability_C1,0.7507696630256884,1.448904274289414e-170,0.6734063105408424,8.315360435080573e-125,5.377044751251826e-169,3.052011412436167e-123,0.07736335248484594
Polarizability_T12,86,0.16945419,Polarizability_C2,-0.3746992182947502,1.3293204967576818e-32,-0.2414433986188973,6.786346477775821e-14,7.103888734673051e-32,2.8192036362899555e-13,0.13325581967585293
Polarizability_T12,86,0.16945419,Polarizability_C3,-0.8585268593037162,1.8156213389210776e-273,-0.8227980186428066,1.1356206988741882e-231,1.2375867902033468e-271,7.902027362999559e-230,0.035728840660909644
Polarizability_T12,86,0.16945419,Polarizability_T12,1.0,0.0,0.9999999999999999,0.0,0.0,0.0,1.1102230246251565e-16
Polarizability_T12,86,0.16945419,Polarizability_T13,-0.24852667623887156,1.1744799873693806e-14,-0.2546871425718848,2.441133159678641e-15,3.830823396302472e-14,1.0842266959210984e-14,-0.006160466333013231
Polarizability_T12,86,0.16945419,Polarizability_T23,-0.7431760575502111,2.380055959107036e-165,-0.6747089490709192,1.8433369976329663e-125,8.280611357726563e-164,6.917691654038323e-124,0.06846710847929194
Polarizability_T12,86,0.16945419,Polarizability_group1_D0,-0.3683766419323432,1.7280848463173193e-31,-0.3330217324945937,1.0566297338252815e-25,8.96242761909914e-31,6.451815925002633e-25,0.03535490943774949
Polarizability_T12,86,0.16945419,Polarizability_group1_D25,-0.3042943490548365,1.5875579071657497e-21,-0.16188115720000532,6.308244461300662e-07,6.427204133252853e-21,1.6244823824783507e-06,0.14241319185483117
Polarizability_T12,86,0.16945419,Polarizability_group1_D50,-0.10739408186236672,0.0009929379144691173,0.037844623839392834,0.24714597029566146,0.0016808984461869497,0.29376069067171146,0.06954945802297388
Polarizability_T12,86,0.16945419,Polarizability_group1_D75,0.0065466971284376665,0.8413773285259498,0.14761585220670603,5.6942259118836046e-06,0.8643484207377168,1.3281225241404496e-05,-0.14106915507826837
Polarizability_T12,86,0.16945419,Polarizability_group1_D100,0.2705275460903193,3.5297338494975617e-17,0.2787819070507468,3.4619005025296645e-18,1.2528492090671472e-16,1.7361483000674293e-17,-0.008254360960427476
Polarizability_T12,86,0.16945419,Polarizability_group2_D0,-0.19062282722539392,4.071255159591127e-09,-0.17950033408230265,3.161571111958064e-08,1.0132632066344533e-08,9.017632377403871e-08,0.011122493143091272
Polarizability_T12,86,0.16945419,Polarizability_group2_D25,0.14416038618362303,9.419616828809576e-06,0.013940834429617613,0.6699720474634893,1.91371777422287e-05,0.7103698557817029,0.13021955175400543
Polarizability_T12,86,0.16945419,Polarizability_group2_D50,0.16450424749175993,4.1192793463844476e-07,0.012308852263375344,0.7067006569235076,9.117616579718599e-07,0.743426832795123,0.1521953952283846
Polarizability_T12,86,0.16945419,Polarizability_group2_D75,-0.0027422097778444766,0.9331928677827211,-0.07431027189379563,0.022919094114366496,0.9436464360866753,0.033667142039968734,-0.07156806211595115
Polarizability_T12,86,0.16945419,Polarizability_group2_D100,0.14348380048893689,1.0381328775124244e-05,0.1258417764604437,0.00011232648619729401,2.1001597885472425e-05,0.00022546301917004928,0.017642024028493186
Polarizability_T12,86,0.16945419,Polarizability_group3_D0,0.10958127100707801,0.0007794861590354258,0.02922842167791715,0.37148673582558306,0.0013406198615748312,0.42696686085941066,0.08035284932916087
Polarizability_T12,86,0.16945419,Polarizability_group3_D25,0.1471493461495068,6.098703363260189e-06,0.08206061988614963,0.011977759487261644,1.2535181066639405e-05,0.018461336727020716,0.06508872626335718
Polarizability_T12,86,0.16945419,Polarizability_group3_D50,0.057306704708493285,0.07955331674855617,0.004210202324228405,0.8975912767192074,0.10290785357869002,0.9106788773518082,0.05309650238426488
Polarizability_T12,86,0.16945419,Polarizability_group3_D75,0.005028434445763429,0.8778319528268537,-0.052750865925351186,0.10659333745618409,0.8977215929092748,0.1365637695065803,-0.047722431479587754
Polarizability_T12,86,0.16945419,Polarizability_group3_D100,-0.16972973874866237,1.7271543868783363e-07,-0.13031685003284094,6.312719032983704e-05,3.8872612211412687e-07,0.00013031199981560922,0.03941288871582144
Polarizability_T12,86,0.16945419,Charge_C1,-0.6713750160829683,8.579484373482e-124,-0.607981448468682,8.688984137524636e-96,1.6660161515947605e-122,2.1985762893433546e-94,0.06339356761428638
Polarizability_T12,86,0.16945419,Charge_C2,0.6019862349283635,1.8465353292352134e-93,0.47333900378045884,1.7257444405851568e-53,2.4768787147171136e-92,2.0153798711728755e-52,0.1286472311479046
Polarizability_T12,86,0.16945419,Charge_C3,-0.3778048277046472,3.692866771702521e-33,-0.18699322166944768,8.057515444884193e-09,1.995821200240521e-32,2.3964471581400894e-08,0.1908116060351995
Polarizability_T12,86,0.16945419,Charge_T12,-0.6021675267718303,1.5729039142099326e-93,-0.5572429842627745,1.5076760139716206e-77,2.1183464005891833e-92,2.6785307907793684e-76,0.044924542509055754
Polarizability_T12,86,0.16945419,Charge_T13,-0.5287900441914196,1.2656853712822537e-68,-0.4068940981507535,1.13805757227589e-38,1.1808349553303708e-67,9.271005588784079e-38,0.12189594604066611
Polarizability_T12,86,0.16945419,Charge_T23,-0.26371858571963674,2.2585339507425867e-16,-0.05596795495571692,0.08684877671505704,7.841479621081331e-16,0.11420272213712225,0.2077506307639198
Polarizability_T12,86,0.16945419,Charge_group1_D0,-0.017774114409756715,0.586861032491015,-0.04610578731482173,0.15848500565534088,0.6329079265482692,0.19619715303515142,-0.028331672905065018
Polarizability_T12,86,0.16945419,Charge_group1_D25,0.09405372318667503,0.003956943276608682,0.016512222903902817,0.6136948338974612,0.006216458393166979,0.6584454690708385,0.07754150028277221
Polarizability_T12,86,0.16945419,Charge_group1_D50,-0.008858963049791333,0.7865293028783813,-0.03347795173959767,0.3059796529477568,0.8163480023660017,0.3585866809984238,-0.02461898868980633
Polarizability_T12,86,0.16945419,Charge_group1_D75,-0.04049290458047361,0.2155827515848623,-0.11387159925214005,0.0004787474605185663,0.25938270543711817,0.0008834345404044262,-0.07337869467166644
Polarizability_T12,86,0.16945419,Charge_group1_D100,-0.13690876409882535,2.610117814065084e-05,-0.11526714880077688,0.00040706522021881906,5.128113822927871e-05,0.0007544938044011407,0.021641615298048478
Polarizability_T12,86,0.16945419,Charge_group2_D0,-0.23560518248992457,2.763669333039547e-13,-0.26182646908217305,3.7474210837025056e-16,8.515364919143991e-13,1.7098888551320177e-15,-0.026221286592248483
Polarizability_T12,86,0.16945419,Charge_group2_D25,-0.049947091517795,0.1265582286308059,0.05279896202504314,0.10627397996025485,0.15885174131036892,0.13626089502165456,-0.0028518705072481387
Polarizability_T12,86,0.16945419,Charge_group2_D50,0.14458544896019646,8.859545665341575e-06,0.16714219786642354,2.6651357946549806e-07,1.80322257905185e-05,7.047944223394802e-07,-0.02255674890622708
Polarizability_T12,86,0.16945419,Charge_group2_D75,0.20967731162988165,9.055274145604487e-11,0.2603519500473636,5.544687183709024e-16,2.46894821602604e-10,2.495856495092741e-15,-0.05067463841748196
Polarizability_T12,86,0.16945419,Charge_group2_D100,0.21055590844151428,7.529037824797151e-11,0.12564462759190936,0.00011516495481883347,2.0646129995749168e-10,0.00023060608458927084,0.08491128084960492
Polarizability_T12,86,0.16945419,Charge_group3_D0,-0.07372383164403915,0.02402186679128215,-0.07247891523372955,0.02651602920484353,0.034040320357608136,0.03858977670770257,0.0012449164103095905
Polarizability_T12,86,0.16945419,Charge_group3_D25,0.0845117031640104,0.009650139976308463,-0.03911199748644021,0.23165925597486847,0.014421238264371484,0.27712819303583835,0.045399705677570186
Polarizability_T12,86,0.16945419,Charge_group3_D50,-0.09422105052326546,0.003892762993345081,-0.1200790321286879,0.00022950753647424813,0.006121388134544524,0.00044080228397009127,-0.025857981605422437
Polarizability_T12,86,0.16945419,Charge_group3_D75,-0.14966843275102504,4.199755497319225e-06,-0.15688750625999842,1.3937100731506468e-06,8.73967810657085e-06,3.463535449645209e-06,-0.007219073508973384
Polarizability_T12,86,0.16945419,Charge_group3_D100,-0.09537659672231694,0.0034747004494416756,-0.005725613830648996,0.8610551728422612,0.005495028172885982,0.8797832896574914,0.08965098289166794
Polarizability_T12,86,0.16945419,SecondaryStructure_C1,-0.44146391680884717,5.7127636083477255e-46,-0.2515625402524307,5.444232443479566e-15,3.9260556485352685e-45,2.3738559218305157e-14,0.18990137655641648
Polarizability_T12,86,0.16945419,SecondaryStructure_C2,0.003895408691434779,0.9052107734080492,-0.11972251945866823,0.00023963729939438232,0.921207794997832,0.0004592017096828669,-0.11582711076723345
Polarizability_T12,86,0.16945419,SecondaryStructure_C3,0.594729065570005,1.0432489352263914e-90,0.44790556163547507,1.998554633708363e-47,1.3505625750605222e-89,2.0413371488030373e-46,0.14682350393452998
Polarizability_T12,86,0.16945419,SecondaryStructure_T12,-0.4936400480995731,1.038265453518223e-58,-0.36954027467594663,1.0824473722697161e-31,8.58662403026171e-58,7.659691151230619e-31,0.12409977342362649
Polarizability_T12,86,0.16945419,SecondaryStructure_T13,-0.11899335673942224,0.0002616731609512571,0.04600659770233686,0.15938345479155064,0.00047447793570966275,0.19716323666806634,0.07298675903708537
Polarizability_T12,86,0.16945419,SecondaryStructure_T23,0.4247508107103523,2.4650859891744094e-42,0.24344643080370237,4.1558294831074114e-14,1.6112303725719232e-41,1.7570215789340195e-13,0.18130437990664994
Polarizability_T12,86,0.16945419,SecondaryStructure_group1_D0,-0.0924233386964676,0.004634382156569912,-0.145252086038594,8.044671734499887e-06,0.0072128781001600676,1.8416177925448678e-05,-0.05282874734212639
Polarizability_T12,86,0.16945419,SecondaryStructure_group1_D25,-0.04699113751589977,0.15063445380367382,-0.029865951128333665,0.3611406580066772,0.18599596144335326,0.41607788814843116,0.017125186387566105
Polarizability_T12,86,0.16945419,SecondaryStructure_group1_D50,-0.18706914327853397,7.94436669088683e-09,-0.1281265997079637,8.38925455032675e-05,1.9510429961442655e-08,0.00017043862650907145,0.05894254357057027
Polarizability_T12,86,0.16945419,SecondaryStructure_group1_D75,-0.21154529679027384,6.110091602969171e-11,-0.13922795264433754,1.894380487738036e-05,1.68103014447422e-10,4.1517262657775855e-05,0.0723173441459363
Polarizability_T12,86,0.16945419,SecondaryStructure_group1_D100,-0.10961829739079458,0.0007762697438697166,-0.021079521310698113,0.519274572409784,0.0013364644043942543,0.5731583185223658,0.08853877608009647
Polarizability_T12,86,0.16945419,SecondaryStructure_group2_D0,0.012841564512765651,0.6946314776215061,-0.03786340828640788,0.24691127121974019,0.7332709024196682,0.29358620358630555,-0.02502184377364223
Polarizability_T12,86,0.16945419,SecondaryStructure_group2_D25,0.008900276024208485,0.7855580302531606,0.04931893442704903,0.13140667741641981,0.8158469592803347,0.16431984371802402,-0.04041865840284055
Polarizability_T12,86,0.16945419,SecondaryStructure_group2_D50,0.13011263780735186,6.483575512833517e-05,0.12845789863040782,8.038353854263261e-05,0.00012346147213719469,0.0001635085375958544,0.0016547391769440312
Polarizability_T12,86,0.16945419,SecondaryStructure_group2_D75,0.21918258415464617,1.1773243237793635e-11,0.14578652821992547,7.443564148494044e-06,3.401611800538991e-11,1.7157697899220228e-05,0.0733960559347207
Polarizability_T12,86,0.16945419,SecondaryStructure_group2_D100,0.11153647885533387,0.000625515932627691,0.07823782738124699,0.016603546771082257,0.0010875706480877084,0.02496886367195621,0.03329865147408688
Polarizability_T12,86,0.16945419,SecondaryStructure_group3_D0,-0.24318878890247503,4.4275137048849025e-14,-0.20773661338680316,1.3574508856615504e-10,1.408371026125293e-13,4.556669304632742e-10,0.03545217551567187
Polarizability_T12,86,0.16945419,SecondaryStructure_group3_D25,-0.12260859760820855,0.0001683589630218417,-0.12081175367047502,0.00020993510912824912,0.0003093063457056938,0.00040648305187730553,0.001796843937733536
Polarizability_T12,86,0.16945419,SecondaryStructure_group3_D50,0.10291666778142339,0.0016077308322069337,0.031202917500567976,0.3400366366224575,0.0026688971071427226,0.393801097891473,0.07171375028085542
Polarizability_T12,86,0.16945419,SecondaryStructure_group3_D75,0.06374728193738055,0.05109120759452683,0.03792928167553445,0.2460894592830012,0.06831250334896702,0.2928175254738953,0.0258180002618461
Polarizability_T12,86,0.16945419,SecondaryStructure_group3_D100,0.22915666715683677,1.248353007571599e-12,0.1891898995383928,5.3390983780659294e-09,3.739461027165149e-12,1.6138089215149506e-08,0.03996676761844398
Polarizability_T12,86,0.16945419,SolventAccessibility_C1,0.32362830820033955,2.7530117981405303e-24,0.42720402488962644,7.42924899889404e-43,1.1864592781663704e-23,6.706403150352999e-42,-0.10357571668928689
Polarizability_T12,86,0.16945419,SolventAccessibility_C2,-0.673707751267179,5.871856033050538e-125,-0.5666308372660729,1.096930823230384e-80,1.1879946421255184e-123,2.0241706903809294e-79,0.10707691400110608
Polarizability_T12,86,0.16945419,SolventAccessibility_C3,0.3981713201000835,5.847570115258984e-37,0.1569666761542222,1.3765656854875793e-06,3.4629227278306753e-36,3.428582691669288e-06,0.2412046439458613
Polarizability_T12,86,0.16945419,SolventAccessibility_T12,-0.44846929153432397,1.4852228328223452e-47,-0.23837230499213155,1.4271118392330966e-13,1.0291793073914177e-46,5.819967696017756e-13,0.21009698654219242
Polarizability_T12,86,0.16945419,SolventAccessibility_T13,0.46584250456732296,1.1960532090690602e-51,0.3233319844956815,3.045582550945812e-24,8.779819161078376e-51,1.7972165583319808e-23,0.14251052007164144
Polarizability_T12,86,0.16945419,SolventAccessibility_T23,-0.2322324942999287,6.115444188242874e-13,-0.27234855053863855,2.1292607834132876e-17,1.8551847037902996e-12,1.0336818338081948e-16,-0.04011605623870984
Polarizability_T12,86,0.16945419,SolventAccessibility_group1_D0,-0.1829041172021148,1.711013661851548e-08,-0.191864751850622,3.213270504896461e-09,4.093685981793819e-08,9.918968101990924e-09,-0.008960634648507187
Polarizability_T12,86,0.16945419,SolventAccessibility_group1_D25,-0.14806624125818227,5.32813501025904e-06,-0.04733181582193549,0.1476937305235958,1.100554788760989e-05,0.18351825146905135,0.10073442543624678
Polarizability_T12,86,0.16945419,SolventAccessibility_group1_D50,-0.18440731984298028,1.299807669429169e-08,-0.06716719677767957,0.03982150427966814,3.141358622209425e-08,0.055766802639032116,0.11724012306530071
Polarizability_T12,86,0.16945419,SolventAccessibility_group1_D75,-0.13094093454938724,5.8165624595202154e-05,-0.016691396169130575,0.6098519729192547,0.00011120388445791367,0.6553750288128413,0.11424953838025667
Polarizability_T12,86,0.16945419,SolventAccessibility_group1_D100,0.15472876329752538,1.948615955420032e-06,0.16265624600852527,5.565743226562981e-07,4.137557082710049e-06,1.4399366674454187e-06,-0.007927482710999884
Polarizability_T12,86,0.16945419,SolventAccessibility_group2_D0,-0.018406313895154385,0.5736247253485977,-0.010894956930871764,0.7390857430310293,0.6200344927716234,0.7735964844010147,0.007511356964282621
Polarizability_T12,86,0.16945419,SolventAccessibility_group2_D25,0.3000822906832427,5.962754541618479e-21,0.09685002666580805,0.0030009078578032596,2.3709047820244908e-20,0.004976679366962705,0.20323226401743466
Polarizability_T12,86,0.16945419,SolventAccessibility_group2_D50,0.11327144131772442,0.000513051978481135,-0.002281295445731315,0.944401902526585,0.0009004695786269002,0.9506637596259173,0.1109901458719931
Polarizability_T12,86,0.16945419,SolventAccessibility_group2_D75,0.034311497079252504,0.29408722900979883,-0.11118960876437053,0.0006505850248657337,0.3439255409288264,0.0011861102527573966,-0.07687811168511803
Polarizability_T12,86,0.16945419,SolventAccessibility_group2_D100,-0.21767505417992486,1.6375082915006198e-11,-0.11803413791196882,0.0002935569849009585,4.6785951185732e-11,0.0005580423048202627,0.09964091626795604
Polarizability_T12,86,0.16945419,SolventAccessibility_group3_D0,0.06144599963267929,0.06008680395590675,-0.04525122972072874,0.1663520996914818,0.07926142385968742,0.2044209024906362,0.016194769911950554
Polarizability_T12,86,0.16945419,SolventAccessibility_group3_D25,-0.05804959180506759,0.07572462238217105,-0.05565576896619203,0.08862531560547401,0.09845085198771947,0.1163291270048515,0.002393822838875556
Polarizability_T12,86,0.16945419,SolventAccessibility_group3_D50,0.11548667710623021,0.00039674562575585566,0.07730631436612898,0.017944307235705843,0.0007078687980900416,0.026744304403060023,0.03818036274010124
Polarizability_T12,86,0.16945419,SolventAccessibility_group3_D75,0.10697516273121466,0.0010395346763859084,0.1580959536090947,1.1530073363172773e-06,0.0017535584945095625,2.89552218293211e-06,-0.051120790877880046
Polarizability_T12,86,0.16945419,SolventAccessibility_group3_D100,0.23683025417915782,2.064714338805952e-13,0.15757985925550227,1.250469250178901e-06,6.415019434057562e-13,3.126173125447252e-06,0.07925039492365554
AAC_R,14,0.16513048,AAC_A,0.3496530705353769,2.475709640211811e-28,0.3352480500383665,4.797891631796484e-26,1.1897654961593451e-27,2.9675848241111585e-25,0.014405020497010423
AAC_R,14,0.16513048,AAC_C,-0.11167217677572534,0.0006159552327141384,-0.12476770567171375,0.0001286286556655702,0.001072063823483701,0.0002561834883261803,-0.013095528895988404
AAC_R,14,0.16513048,AAC_D,0.08630610246867357,0.008210806502457849,0.12240808236148332,0.00017258255487642327,0.012403479745910998,0.00033728831672747437,-0.03610197989280975
AAC_R,14,0.16513048,AAC_E,0.03481308298367339,0.28708209232598997,0.11682665670421986,0.0003388631102395357,0.33691292634181536,0.0006366616637652023,-0.08201357372054648
AAC_R,14,0.16513048,AAC_F,-0.24432792039824514,3.344426250197642e-14,-0.22751143107179503,1.8208913401124483e-12,1.0720137884510677e-13,6.958555006837046e-12,0.016816489326450107
AAC_R,14,0.16513048,AAC_G,0.05986687085149289,0.06698880630476378,0.03330677211390158,0.30846077717289677,0.08784554890377347,0.36056455361935436,0.02656009873759131
AAC_R,14,0.16513048,AAC_H,0.12911016985312537,7.387582738561768e-05,0.20696787463445143,1.591831382052566e-10,0.0001401165607427388,5.300814372936761e-10,-0.07785770478132606
AAC_R,14,0.16513048,AAC_I,-0.34706621324175196,6.506386192306194e-28,-0.3265107373005336,1.0246972561893128e-24,3.0737383143285275e-27,6.144504193307549e-24,0.02055547594121837
AAC_R,14,0.16513048,AAC_K,-0.5179179990188676,1.9656930719072542e-65,-0.5141865539210727,2.303485683085909e-64,1.732299435401116e-64,3.359669074893859e-63,0.003731445097794883
AAC_R,14,0.16513048,AAC_L,0.20178233103779017,4.586915796432487e-10,0.2658181393799055,1.2815442475828975e-16,1.1922411486447086e-09,5.994898861242126e-16,-0.06403580834211534
AAC_R,14,0.16513048,AAC_M,-0.10464929734299012,0.0013370870678892227,-0.07244975664581148,0.026577029647954258,0.0022340524295897967,0.038661706892058896,0.03219954069717865
AAC_R,14,0.16513048,AAC_N,-0.5253994390296921,1.2882544508630137e-67,-0.530166063493457,4.898997917115788e-69,1.1853360512072909e-66,7.64609955288165e-68,-0.004766624463764857
AAC_R,14,0.16513048,AAC_P,0.4072177559186499,9.8107153273075e-39,0.39893217887857396,4.166470759360395e-37,6.079367197255483e-38,3.3212439943350165e-36,0.008285577040075931
AAC_R,14,0.16513048,AAC_Q,-0.15820611214992067,1.1331708597751123e-06,-0.14727076240809084,5.990865433769369e-06,2.4433768054544063e-06,1.3914805666752221e-05,0.01093534974182983
AAC_R,14,0.16513048,AAC_R,0.9999999999999998,0.0,1.0,0.0,0.0,0.0,-2.220446049250313e-16
AAC_R,14,0.16513048,AAC_S,-0.21424006154708403,3.441645756535961e-11,-0.32741791688174354,7.491189781997234e-25,9.635454171693301e-11,4.5001032143652446e-24,-0.11317785533465952
AAC_R,14,0.16513048,AAC_T,-0.12024036001633787,0.0002250567668371205,-0.22654693108696453,2.2688574789187135e-12,0.0004109839263181971,8.615604036900032e-12,-0.10630657107062666
AAC_R,14,0.16513048,AAC_V,0.20491897713079038,2.4263528326558645e-10,0.21006361322815661,8.350244856819636e-11,6.406338704403626e-10,2.837214427444312e-10,-0.005144636097366234
AAC_R,14,0.16513048,AAC_W,0.14010909775488933,1.674944362708401e-05,0.12401609134803962,0.00014133368795345158,3.331932204553936e-05,0.0002794875771252388,0.016093006406849714
AAC_R,14,0.16513048,AAC_Y,-0.4315260741030268,8.764879357012954e-44,-0.4268136374183914,8.9975213533728e-43,5.8432529046753026e-43,8.10019442594748e-42,0.0047124366846353904
AAC_R,14,0.16513048,Hydrophobicity_C1,-0.11433054713142092,0.00045396901261084914,-0.05694518326590076,0.08147257327316318,0.0008043801072255895,0.10768436673223784,0.05738536386552016
AAC_R,14,0.16513048,Hydrophobicity_C2,0.0985500156410348,0.0025278453031035092,0.032503100535165606,0.3202865435659709,0.004088621458772746,0.3731276789362898,0.06604691510586919
AAC_R,14,0.16513048,Hydrophobicity_C3,-0.052997494117021586,0.10496373789127642,0.00968318473676556,0.7672163543868437,0.13340140203838022,0.7970459171546059,0.04331430938025603
AAC_R,14,0.16513048,Hydrophobicity_T12,0.16457453246348497,4.072128468969989e-07,0.18047419465311465,2.6553920963808508e-08,9.025155332687302e-07,7.599836848253676e-08,-0.015899662189629682
AAC_R,14,0.16513048,Hydrophobicity_T13,-0.10032644550423955,0.002107148523646836,-0.03894380860792044,0.233673901906037,0.0034482489313965863,0.27923822267125714,0.061382636896319114
AAC_R,14,0.16513048,Hydrophobicity_T23,0.1518014077540805,3.047643871877759e-06,0.12850848642012405,7.986007879019007e-05,6.393926213612886e-06,0.00016254275634322658,0.02329292133395644
AAC_R,14,0.16513048,Hydrophobicity_group1_D0,-0.07730391712691301,0.01794787638406047,-0.07558778117266385,0.02066778043507181,0.02586104707625624,0.030517412313501253,0.0017161359542491594
AAC_R,14,0.16513048,Hydrophobicity_group1_D25,0.03919351230002139,0.2306872761417714,-0.02342801488997944,0.47381647567067403,0.27566923159696477,0.5296342130990801,0.015765497410041948
AAC_R,14,0.16513048,Hydrophobicity_group1_D50,0.13978480346155092,1.7527319846474918e-05,0.11334630399950073,0.000508651361467129,3.476321157198707e-05,0.0009360306045731189,0.026438499462050194
AAC_R,14,0.16513048,Hydrophobicity_group1_D75,0.10280601154557532,0.0016266196075121876,0.07191579371146396,0.027715681385108597,0.0026948955799061046,0.04009111122835111,0.03089021783411136
AAC_R,14,0.16513048,Hydrophobicity_group1_D100,0.04473099563075184,0.17128289893087695,0.07893812313455759,0.01565423369737126,0.2092483110567407,0.023637043647929484,-0.034207127503805744
AAC_R,14,0.16513048,Hydrophobicity_group2_D0,-0.20961603076654317,9.172330257233821e-11,-0.18954841733829747,4.9899332775595575e-09,2.49475432077858e-10,1.516503835036299e-08,0.0200676134282457
AAC_R,14,0.16513048,Hydrophobicity_group2_D25,-0.10152659404277135,0.001860321302546561,-0.05262596907109641,0.10742619823470213,0.0030631609918962,0.1375780299478164,0.048900624971674946
AAC_R,14,0.16513048,Hydrophobicity_group2_D50,-0.20624743318341512,1.8470595659150028e-10,-0.18533684878946888,1.0953822910115646e-08,4.931398041691534e-10,3.226258246894732e-08,0.020910584393946247
AAC_R,14,0.16513048,Hydrophobicity_group2_D75,-0.08457737720025667,0.009593737891920013,-0.05720797143111118,0.08007379600177054,0.014349791562477763,0.10604539200868898,0.02736940576914549
AAC_R,14,0.16513048,Hydrophobicity_group2_D100,0.1197557511910702,0.00023867566009054674,0.10218494479699258,0.0017364712676901923,0.0004351401226541628,0.002983443433171421,0.017570806394077612
AAC_R,14,0.16513048,Hydrophobicity_group3_D0,0.052861403171799236,0.1058605019978771,0.012270476243131252,0.7075730008267862,0.13438771443288083,0.7438759278443393,0.04059092692866798
AAC_R,14,0.16513048,Hydrophobicity_group3_D25,0.21165862807885671,5.965279036366377e-11,0.17801002222900736,4.1215508386155344e-08,1.6425417956688953e-10,1.1646345009285857e-07,0.033648605849849356
AAC_R,14,0.16513048,Hydrophobicity_group3_D50,0.22831399261214982,1.5151918195209196e-12,0.2100875000872729,8.308454564386435e-11,4.510464061675465e-12,2.825889841654857e-10,0.01822649252487693
AAC_R,14,0.16513048,Hydrophobicity_group3_D75,0.17688657521473752,5.026100822258848e-08,0.17256071236103918,1.0663943947932051e-07,1.1577363273341071e-07,2.905185382226187e-07,0.004325862853698348
AAC_R,14,0.16513048,Hydrophobicity_group3_D100,-0.010823578219851505,0.7407335480169177,-0.016952030711568946,0.604281096944803,0.7762943364846266,0.6498064596895177,-0.006128452491717441
AAC_R,14,0.16513048,NormVanDerWaalsVolume_C1,0.15276595253323014,2.632464805640127e-06,0.09875976297735285,0.002474459358240524,5.550778062397743e-06,0.004176197198849596,0.054006189555877285
AAC_R,14,0.16513048,NormVanDerWaalsVolume_C2,-0.20370805479378878,3.106349030765642e-10,-0.16161551614431233,6.583983805442031e-07,8.143803581442107e-10,1.6941838143433268e-06,0.04209253864947646
AAC_R,14,0.16513048,NormVanDerWaalsVolume_C3,-0.046394984514284185,0.15588734009769378,0.010425027122026602,0.7499558982036668,0.1919354321691059,0.7822775452842745,0.035969957392257584
AAC_R,14,0.16513048,NormVanDerWaalsVolume_T12,0.12328700084872281,0.00015477801370350228,0.0985370042806793,0.0025311914162015245,0.00028561246727607604,0.0042654789758390975,0.02474999656804351
AAC_R,14,0.16513048,NormVanDerWaalsVolume_T13,0.11342048751030828,0.0005043253431365614,0.1179793508892257,0.00029548352190819,0.00088655086635585,0.0005596271145699365,-0.0045588633789174215
AAC_R,14,0.16513048,NormVanDerWaalsVolume_T23,-0.15282377477084477,2.6093802361264415e-06,-0.10611868130099768,0.0011411520402628914,5.50557800926236e-06,0.002002862750645327,0.046705093469847095
AAC_R,14,0.16513048,NormVanDerWaalsVolume_group1_D0,-0.2003697327219858,6.090129338336515e-10,-0.18006417469580566,2.858130204449481e-08,1.573165660482905e-09,8.166086298427089e-08,0.020305558026180143
AAC_R,14,0.16513048,NormVanDerWaalsVolume_group1_D25,-0.13254733403448,4.703571588797315e-05,-0.09398248223441923,0.003984558547052734,9.054714182468605e-05,0.006533345874892554,0.038564851800060765
AAC_R,14,0.16513048,NormVanDerWaalsVolume_group1_D50,-0.28142776020629984,1.6171614523261783e-18,-0.2688059074982564,5.672133735320314e-17,5.94858948322625e-18,2.718066954945459e-16,0.012621852708043446
AAC_R,14,0.16513048,NormVanDerWaalsVolume_group1_D75,-0.13216056636523782,4.9514485132076466e-05,-0.10842898211726316,0.0008859760634795328,9.511010049831811e-05,0.0015799039252651574,0.023731584247974655
AAC_R,14,0.16513048,NormVanDerWaalsVolume_group1_D100,0.13503267623987986,3.370058416323493e-05,0.11811817257465043,0.00029062479476279086,6.555617420221588e-05,0.0005537289301241993,0.016914503665229425
AAC_R,14,0.16513048,NormVanDerWaalsVolume_group2_D0,0.002015363090093212,0.9508742925372355,-0.0031862301168618344,0.9224071475907419,0.9571790648204842,0.9302052756500839,-0.0011708670267686224
AAC_R,14,0.16513048,NormVanDerWaalsVolume_group2_D25,0.1052986745987386,0.0012469586088423635,0.06525174216942413,0.04584172994197658,0.0020886869375794856,0.06366377463875333,0.040046932429314466
AAC_R,14,0.16513048,NormVanDerWaalsVolume_group2_D50,0.20607111010622156,1.9153649569558648e-10,0.19652356494152934,1.3040012772850943e-09,5.109679677502068e-10,4.066633301710752e-09,0.009547545164692223
AAC_R,14,0.16513048,NormVanDerWaalsVolume_group2_D75,0.16357504408109277,4.794269096355047e-07,0.16203533319161534,6.153339902681418e-07,1.0569543750380104e-06,1.587039017371115e-06,0.0015397108894774358
AAC_R,14,0.16513048,NormVanDerWaalsVolume_group2_D100,-0.09132583416221796,0.005147714985134207,-0.07503091886791913,0.02162429851858045,0.007989483294771492,0.03185935467669109,0.01629491529429883
AAC_R,14,0.16513048,NormVanDerWaalsVolume_group3_D0,-0.09056982333445938,0.005530593024495724,-0.11570430824885128,0.00038675652474199723,0.008559861307606914,0.0007204499680079591,-0.025134484914391894
AAC_R,14,0.16513048,NormVanDerWaalsVolume_group3_D25,0.06978511127696811,0.032686997761656233,0.0505699337575261,0.1218892443884245,0.045225589280833395,0.15368443799824003,0.01921517751944201
AAC_R,14,0.16513048,NormVanDerWaalsVolume_group3_D50,0.18148947569986792,2.2115180128430544e-08,0.16968728387489132,1.739583789104565e-07,5.242349299429242e-08,4.6630897717570205e-07,0.011802191824976604
AAC_R,14,0.16513048,NormVanDerWaalsVolume_group3_D75,0.05785010365228614,0.07673769491883647,0.04495128143987647,0.1691818473586022,0.09961286476055727,0.20736417254228673,0.01289882221240967
AAC_R,14,0.16513048,NormVanDerWaalsVolume_group3_D100,0.05551568881947484,0.08943190934540785,0.07161614223388324,0.02837288850964031,0.11470913103443249,0.04095308886006856,-0.016100453414408397
AAC_R,14,0.16513048,Polarity_C1,-0.21393058130836398,3.677593960723045e-11,-0.17474846826839935,7.306566535962636e-08,1.027879818310876e-10,2.0168539033153058e-07,0.03918211303996463
AAC_R,14,0.16513048,Polarity_C2,0.14434826564337694,9.168020417559251e-06,0.08645815026592293,0.008098143678731922,1.863736347817888e-05,0.012794607325905686,0.057890115377454004
AAC_R,14,0.16513048,Polarity_C3,-0.0723006018691783,0.026890961306187126,-0.0006065870604366605,0.9852055767469784,0.037690226925163654,0.9872747153720095,0.07169401480874164
AAC_R,14,0.16513048,Polarity_T12,0.05497192526914759,0.09261902710707948,0.009203547308597872,0.7784383810290387,0.11861485833498675,0.8066969260431242,0.04576837796054972
AAC_R,14,0.16513048,Polarity_T13,-0.14116251410404626,1.444304352107889e-05,-0.0836615173358937,0.010407392957937026,2.888608704215778e-05,0.016213009552010108,0.057500996768152554
AAC_R,14,0.16513048,Polarity_T23,0.3234702879110474,2.905390799036423e-24,0.31915826018815935,1.2482574945150933e-23,1.2473014484295183e-23,7.238159777222937e-23,0.004312027722888079
AAC_R,14,0.16513048,Polarity_group1_D0,0.056152604913727366,0.08581158175867838,0.026945973249543002,0.410009402901901,0.11048985469313254,0.4653181806633875,0.029206631664184364
AAC_R,14,0.16513048,Polarity_group1_D25,0.1707698523522786,1.4480823904784341e-07,0.14008504506619157,1.680599139536682e-05,3.2834997856062255e-07,3.7173517391076276e-05,0.030684807286087024
AAC_R,14,0.16513048,Polarity_group1_D50,0.23148841111868307,7.274562880326882e-13,0.21552840345190372,2.608627895713577e-11,2.200818842417734e-12,9.200440519201e-11,0.015960007666779352
AAC_R,14,0.16513048,Polarity_group1_D75,0.18984996201056276,4.713519652641827e-09,0.17650361279315765,5.376253486440991e-08,1.170494843109569e-08,1.502651602068026e-07,0.013346349217405101
AAC_R,14,0.16513048,Polarity_group1_D100,-0.13138530519464492,5.486008382320087e-05,-0.1305929445130842,6.08847831082344e-05,0.00010505553592914677,0.00012607264450186168,0.0007923606815607165
AAC_R,14,0.16513048,Polarity_group2_D0,-0.20489691281429637,2.437333368766291e-10,-0.18407485125267337,1.381551035312672e-08,6.430247592163833e-10,4.047702156091512e-08,0.020822061561623
AAC_R,14,0.16513048,Polarity_group2_D25,-0.11018549285943799,0.000728511152108026,-0.06224783371982846,0.05681408050990968,0.0012561834011568442,0.07748429109967266,0.047937659139609526
AAC_R,14,0.16513048,Polarity_group2_D50,-0.24694726206771292,1.7450150115072162e-14,-0.22334821032730787,4.6719798691537855e-12,5.6476261031338194e-14,1.73189930776622e-11,0.023599051740405053
AAC_R,14,0.16513048,Polarity_group2_D75,-0.09777490625211437,0.002734382095138598,-0.06810963570710359,0.037114261981528125,0.004392898604022567,0.05239291420891967,0.02966527054501078
AAC_R,14,0.16513048,Polarity_group2_D100,0.09761991559609731,0.0027774836534812572,0.0859976134973431,0.008443699718594202,0.004453574365159577,0.01331537160533741,0.011622302098754214
AAC_R,14,0.16513048,Polarity_group3_D0,-0.08771561796487266,0.007218101861856464,-0.0922314611750592,0.004720647441619134,0.010973354673919248,0.007668756057883225,-0.00451584321018654
AAC_R,14,0.16513048,Polarity_group3_D25,0.04385693333113711,0.17981200408250755,-0.027656608294065473,0.39776863591807704,0.2191069294547885,0.4525024672910004,0.01620032503707164
AAC_R,14,0.16513048,Polarity_group3_D50,0.17481669805081357,7.220361773240491e-08,0.1438526542504341,9.845996007891131e-06,1.651781391960496e-07,2.23256121292304e-05,0.03096404380037948
AAC_R,14,0.16513048,Polarity_group3_D75,0.10590333252758938,0.0011681058917060857,0.07597056161769956,0.020031835679593844,0.0019634995864611605,0.029617676480674385,0.029932770909889814
AAC_R,14,0.16513048,Polarity_group3_D100,0.055870344801892784,0.08740113037728679,0.08598244637285803,0.008455300755392766,0.11236327000005307,0.013327373536107521,-0.030112101570965243
AAC_R,14,0.16513048,Polarizability_C1,0.07608062802818327,0.0198521590051367,0.015209876431138544,0.6419410110703936,0.028445392997493175,0.6852294589246132,0.06087075159704473
AAC_R,14,0.16513048,Polarizability_C2,-0.0779163675806335,0.017055963294544216,-0.03312267871411527,0.3111438621466093,0.024661003205098564,0.36323680516241696,0.04479368886651823
AAC_R,14,0.16513048,Polarizability_C3,-0.046394984514284185,0.15588734009769378,0.010425027122026602,0.7499558982036668,0.1919354321691059,0.7822775452842745,0.035969957392257584
AAC_R,14,0.16513048,Polarizability_T12,0.11912349951069881,0.00025760599843658574,0.06529813842905245,0.04568733475119275,0.00046837454261197404,0.06350216315812891,0.05382536108164636
AAC_R,14,0.16513048,Polarizability_T13,0.006228722882211593,0.8489867789525739,0.013300245360791323,0.6843009912845737,0.8706193318809037,0.723489377621158,-0.00707152247857973
AAC_R,14,0.16513048,Polarizability_T23,-0.08504472798760036,0.009200771914840998,-0.03190045328757768,0.32934592263722545,0.013805291192977959,0.38248100890414916,0.053144274700022684
AAC_R,14,0.16513048,Polarizability_group1_D0,-0.17751211945215253,4.501098266676216e-08,-0.1594900312423181,9.248567922452927e-07,1.0382367548824973e-07,2.3472809164888127e-06,0.018022088209834447
AAC_R,14,0.16513048,Polarizability_group1_D25,-0.11405224806921084,0.0004688476786453051,-0.07375184913935241,0.023968154767089647,0.0008289842491663944,0.03511124426406992,0.04030039892985843
AAC_R,14,0.16513048,Polarizability_group1_D50,-0.254638900137684,2.471757929806816e-15,-0.2291471182736746,1.2511016832920817e-12,8.288826792725667e-15,4.830843493867691e-12,0.025491781864009383
AAC_R,14,0.16513048,Polarizability_group1_D75,-0.14663846602648342,6.573109949524774e-06,-0.1197361330167289,0.0002392429206567596,1.3501960166920508e-05,0.00045870915900894204,0.026902333009754517
AAC_R,14,0.16513048,Polarizability_group1_D100,0.15043042694924894,3.7470833434575523e-06,0.14465635322540996,8.769268786264186e-06,7.82692830966118e-06,1.9951878573652848e-05,0.005774073723838979
AAC_R,14,0.16513048,Polarizability_group2_D0,-0.07562266316824394,0.0206091090994276,-0.06730638024542844,0.03941145311553733,0.029466791263736376,0.05533175847242315,0.008316282922815499
AAC_R,14,0.16513048,Polarizability_group2_D25,0.07392726531034023,0.023634224294080214,0.04062233517451547,0.21411810035436182,0.033505224593475345,0.25734237322186704,0.033304930135824765
AAC_R,14,0.16513048,Polarizability_group2_D50,0.19087404187810542,3.881441843414296e-09,0.1594327721529781,9.333054256850839e-07,9.681863896193988e-09,2.3633359528341016e-06,0.03144126972512731
AAC_R,14,0.16513048,Polarizability_group2_D75,0.20444170799504505,2.6749917689446596e-10,0.1911851664820176,3.6582562350354484e-09,7.035017723051309e-10,1.1240640133411589e-08,0.013256541513027437
AAC_R,14,0.16513048,Polarizability_group2_D100,-0.12292316575700095,0.0001619280971593123,-0.13330583919818584,4.251161458677942e-05,0.000298312103977994,8.963938934333539e-05,-0.01038267344118489
AAC_R,14,0.16513048,Polarizability_group3_D0,-0.09056982333445938,0.005530593024495724,-0.11570430824885128,0.00038675652474199723,0.008559861307606914,0.0007204499680079591,-0.025134484914391894
AAC_R,14,0.16513048,Polarizability_group3_D25,0.06978511127696811,0.032686997761656233,0.0505699337575261,0.1218892443884245,0.045225589280833395,0.15368443799824003,0.01921517751944201
AAC_R,14,0.16513048,Polarizability_group3_D50,0.18148947569986792,2.2115180128430544e-08,0.16968728387489132,1.739583789104565e-07,5.242349299429242e-08,4.6630897717570205e-07,0.011802191824976604
AAC_R,14,0.16513048,Polarizability_group3_D75,0.05785010365228614,0.07673769491883647,0.04495128143987647,0.1691818473586022,0.09961286476055727,0.20736417254228673,0.01289882221240967
AAC_R,14,0.16513048,Polarizability_group3_D100,0.05551568881947484,0.08943190934540785,0.07161614223388324,0.02837288850964031,0.11470913103443249,0.04095308886006856,-0.016100453414408397
AAC_R,14,0.16513048,Charge_C1,0.22116349942340208,7.603599406910674e-12,0.28986322950387083,1.351631912839551e-19,2.212197039989691e-11,7.075941361887304e-19,-0.06869973008046876
AAC_R,14,0.16513048,Charge_C2,-0.16309644884188043,5.182288585256557e-07,-0.2662319607698048,1.1454342236839686e-16,1.1409916858771852e-06,5.395980687030261e-16,-0.10313551192792439
AAC_R,14,0.16513048,Charge_C3,0.06938030109850908,0.03371306844976212,0.15176877179632753,3.062734675894044e-06,0.046510387700208794,7.312032750168768e-06,-0.08238847069781845
AAC_R,14,0.16513048,Charge_T12,0.2663280981944671,1.1159106091737745e-16,0.31667477061384225,2.8594470932322576e-23,3.9068568497278896e-16,1.6353687142800923e-22,-0.05034667241937513
AAC_R,14,0.16513048,Charge_T13,0.034658554352589396,0.28922814609871617,0.09994623679942534,0.0021913862584536595,0.3390740638714328,0.003726695571912028,-0.06528768244683594
AAC_R,14,0.16513048,Charge_T23,0.08105041454205755,0.01307344441718605,0.15786859200091222,1.1950088417842648e-06,0.01920198080624512,2.9964936423118954e-06,-0.07681817745885466
AAC_R,14,0.16513048,Charge_group1_D0,-0.0416638265221559,0.20259268981279363,-0.048092005734639905,0.1412899446614254,0.24472317684438727,0.17621673456652756,-0.006428179212484002
AAC_R,14,0.16513048,Charge_group1_D25,-0.013223988231045213,0.6860144483377947,-0.03519047933558515,0.2818861138127746,0.7255504298442793,0.33256786299352425,-0.021966491104539933
AAC_R,14,0.16513048,Charge_group1_D50,0.11090859976499803,0.0006715747954051262,0.10647367921519779,0.0010979691804422463,0.0011640165109772296,0.0019280846806924831,0.004434920549800242
AAC_R,14,0.16513048,Charge_group1_D75,0.03040596672486323,0.35251967669189876,0.015140843448832073,0.643453263361111,0.40322456169552806,0.6861857917069318,0.015265123276031158
AAC_R,14,0.16513048,Charge_group1_D100,0.12090822057804979,0.0002074781317755313,0.1320444887904084,5.028221478338034e-05,0.0003797134028111094,0.00010489856175920695,-0.011136268212358608
AAC_R,14,0.16513048,Charge_group2_D0,-0.07750591949442139,0.017649292860512422,-0.07637836383919903,0.019373145869213192,0.025463774580609715,0.02873281847387747,0.001127555655222351
AAC_R,14,0.16513048,Charge_group2_D25,0.028431426197123168,0.38467600048423267,0.0552478356043974,0.09099065934459957,0.43538388397741007,0.1187607667881839,-0.026816409407274235
AAC_R,14,0.16513048,Charge_group2_D50,-0.11152126771066424,0.0006265961945662853,-0.11203768810429074,0.0005908739526249066,0.001087754139766647,0.0010819731369337653,-0.0005164203936264961
AAC_R,14,0.16513048,Charge_group2_D75,-0.015154658375076496,0.6431505121430011,-0.01051184087121906,0.7479439603874243,0.684988109233936,0.780666508654374,0.004642817503857435
AAC_R,14,0.16513048,Charge_group2_D100,-0.010702122686885064,0.7435401232266058,-0.039332296292864694,0.22903908505341203,0.7785028249457252,0.2743868522519355,-0.02863017360597963
AAC_R,14,0.16513048,Charge_group3_D0,-0.19348825931904762,2.3526344169280102e-09,-0.19238409045896665,2.9091374780872814e-09,5.9259418948262095e-09,8.996777015566222e-09,0.0011041688600809674
AAC_R,14,0.16513048,Charge_group3_D25,0.014332789488125663,0.6612629994100923,-0.017593772088124935,0.5906625777482015,0.7018171013758209,0.6372135044182794,-0.0032609825999992716
AAC_R,14,0.16513048,Charge_group3_D50,0.03293710303363662,0.31386406105881476,0.030340105227122945,0.3535640932646796,0.36462816136919696,0.4081935954040891,0.002596997806513672
AAC_R,14,0.16513048,Charge_group3_D75,0.05205161061484707,0.11132267666433153,0.05586137652547832,0.08745202144541898,0.14078672474777257,0.11490548844520039,-0.0038097659106312506
AAC_R,14,0.16513048,Charge_group3_D100,0.1134301510369425,0.000503764341584774,0.14108538157118616,1.4601097268001416e-05,0.0008860310167947052,3.253346556045679e-05,-0.027655230534243666
AAC_R,14,0.16513048,SecondaryStructure_C1,0.34749103405352216,5.555133608882297e-28,0.4912228193957025,4.53415633807622e-58,2.6355321383049534e-27,5.608919321916509e-57,-0.14373178534218034
AAC_R,14,0.16513048,SecondaryStructure_C2,-0.4893368010066005,1.420523285999608e-57,-0.5347921105819549,1.951002660253468e-70,1.1572067744484613e-56,3.1178702800222886e-69,-0.045455309575354375
AAC_R,14,0.16513048,SecondaryStructure_C3,-0.1227972446955294,0.00016447415621115652,-0.23506122959245196,3.143998892165157e-13,0.0003025020273927658,1.2501138452180505e-12,-0.11226398489692256
AAC_R,14,0.16513048,SecondaryStructure_T12,-0.013241154702350644,0.6856285859039183,0.04376898430365637,0.18068735924541704,0.7253720230975885,0.22081806801305998,-0.030527829601305723
AAC_R,14,0.16513048,SecondaryStructure_T13,0.23324799517691483,4.820948683973498e-13,0.29305821295409806,5.163835969631818e-20,1.4718435653081796e-12,2.7420051094706313e-19,-0.05981021777718323
AAC_R,14,0.16513048,SecondaryStructure_T23,-0.3036587892656827,1.9411293871016693e-21,-0.42602567715783346,1.3233592885419302e-42,7.849118829200455e-21,1.1849919634665004e-41,-0.12236688789215078
AAC_R,14,0.16513048,SecondaryStructure_group1_D0,-0.07255017765243486,0.026367454545349823,-0.0825466130477363,0.011480212661171609,0.03703418762887654,0.01774428897407621,-0.009996435395301442
AAC_R,14,0.16513048,SecondaryStructure_group1_D25,0.01849261322945417,0.5718288988209447,0.02426785435225842,0.45810687712191733,0.6184936923775761,0.5144845223897794,-0.00577524112280425
AAC_R,14,0.16513048,SecondaryStructure_group1_D50,0.1134980590692207,0.0004998383958251798,0.1366275518589957,2.712608497105768e-05,0.0008795891686280824,5.852515534636711e-05,-0.023129492789774997
AAC_R,14,0.16513048,SecondaryStructure_group1_D75,0.025205455289341705,0.4409185710597902,0.05098450889813718,0.11885676526539708,0.4915447354271359,0.15031487920727993,-0.025779053608795476
AAC_R,14,0.16513048,SecondaryStructure_group1_D100,0.1115481632631374,0.0006246873068230617,0.1395014017690707,1.8235135814214683e-05,0.0010866956274942845,4.0016658094268754e-05,-0.027953238505933287
AAC_R,14,0.16513048,SecondaryStructure_group2_D0,0.0401591273627883,0.2193930261720043,0.02835571915954341,0.3859435540100668,0.263397809998021,0.4420615467742192,0.011803408203244891
AAC_R,14,0.16513048,SecondaryStructure_group2_D25,0.0065904839020674245,0.8403306071702376,0.015823550965836645,0.6285634250314183,0.8637063644053661,0.6724541446524461,-0.00923306706376922
AAC_R,14,0.16513048,SecondaryStructure_group2_D50,0.025971298788634002,0.42715699642277555,0.021421461630974515,0.5125189060896641,0.4787598550510303,0.5670132978931693,0.004549837157659487
AAC_R,14,0.16513048,SecondaryStructure_group2_D75,0.034072755633129566,0.2974613528812382,0.009328211038422247,0.7755170923019417,0.34714217981248624,0.8041148333080411,0.02474454459470732
AAC_R,14,0.16513048,SecondaryStructure_group2_D100,-0.16416912633700004,4.3514230065419943e-07,-0.17788444252586932,4.214248322739963e-08,9.61863192710143e-07,1.1878134513039222e-07,-0.013715316188869286
AAC_R,14,0.16513048,SecondaryStructure_group3_D0,-0.15970785093215123,8.933840816132662e-07,-0.14539159515870426,7.883439055199858e-06,1.9313286942319152e-06,1.8071850682475996e-05,0.014316255773446973
AAC_R,14,0.16513048,SecondaryStructure_group3_D25,-0.10530786958206308,0.001245723619065469,-0.10169494737579803,0.0018279019073397845,0.002087665272292357,0.0031340823257263247,0.0036129222062650512
AAC_R,14,0.16513048,SecondaryStructure_group3_D50,-0.18039905523385164,2.691471948909253e-08,-0.20478837653351065,2.4920569251751576e-10,6.353015059616188e-08,8.152272409485825e-10,-0.02438932129965901
AAC_R,14,0.16513048,SecondaryStructure_group3_D75,-0.05560009431812781,0.08894519138906108,-0.06440387468143234,0.04874141099022433,0.1142603612459477,0.0673825797629757,-0.00880378036330453
AAC_R,14,0.16513048,SecondaryStructure_group3_D100,-0.001844768156775361,0.9550280455837081,-0.019504944047732883,0.5509648350404944,0.9604919217854818,0.5998117826060142,-0.017660175890957523
AAC_R,14,0.16513048,SolventAccessibility_C1,0.29309636553923707,5.104463495162693e-20,0.3099714543166356,2.5768902544749597e-22,1.9755397536319112e-19,1.4368636811262714e-21,-0.016875088777398517
AAC_R,14,0.16513048,SolventAccessibility_C2,-0.11433054713142092,0.00045396901261084914,-0.05694518326590076,0.08147257327316318,0.0008043801072255895,0.10768436673223784,0.05738536386552016
AAC_R,14,0.16513048,SolventAccessibility_C3,-0.1338526716057915,3.9509155364142054e-05,-0.2633026183033002,2.5253600625024246e-16,7.636607576170975e-05,1.16180476704657e-15,-0.1294499466975087
AAC_R,14,0.16513048,SolventAccessibility_T12,0.0984661878694928,0.002549474192341589,0.2116698323863879,5.951145792995584e-11,0.004119614805235079,2.0491574173819846e-10,-0.1132036445168951
AAC_R,14,0.16513048,SolventAccessibility_T13,-0.09043356186561806,0.005602269805880088,-0.1642023287765354,4.3278723383545313e-07,0.008658760366330169,1.1293041882893855e-06,-0.07376876691091734
AAC_R,14,0.16513048,SolventAccessibility_T23,-0.17224523709688178,1.125707225409983e-07,-0.17528842077164478,6.6507051164329e-08,2.562959872439907e-07,1.8419034070386307e-07,-0.0030431836747630003
AAC_R,14,0.16513048,SolventAccessibility_group1_D0,-0.029911419996481566,0.3604097292097298,-0.026102537982034046,0.42482407077723183,0.41122905528829856,0.48131356729849195,0.003808882014447519
AAC_R,14,0.16513048,SolventAccessibility_group1_D25,0.11774202464815635,0.0003039662282301675,0.1513576185990293,3.2590881548066975e-06,0.0005467136253574364,7.764161510024515e-06,-0.03361559395087295
AAC_R,14,0.16513048,SolventAccessibility_group1_D50,-0.025407964730546823,0.43725518081483744,0.008906842979730881,0.7854036710504863,0.488402786057581,0.8117644309709037,0.01650112175081594
AAC_R,14,0.16513048,SolventAccessibility_group1_D75,-0.05108437730675724,0.11813516052947996,-0.020851323878883218,0.523808436518442,0.1488387160197899,0.5765277519293088,0.03023305342787402
AAC_R,14,0.16513048,SolventAccessibility_group1_D100,0.052525447056187495,0.10810024852890136,0.049625084048408104,0.1290259903771616,0.13697072461552753,0.16170611927193984,0.0029003630077793913
AAC_R,14,0.16513048,SolventAccessibility_group2_D0,-0.07730391712691301,0.01794787638406047,-0.07558778117266385,0.02066778043507181,0.02586104707625624,0.030517412313501253,0.0017161359542491594
AAC_R,14,0.16513048,SolventAccessibility_group2_D25,0.03919351230002139,0.2306872761417714,-0.02342801488997944,0.47381647567067403,0.27566923159696477,0.5296342130990801,0.015765497410041948
AAC_R,14,0.16513048,SolventAccessibility_group2_D50,0.13978480346155092,1.7527319846474918e-05,0.11334630399950073,0.000508651361467129,3.476321157198707e-05,0.0009360306045731189,0.026438499462050194
AAC_R,14,0.16513048,SolventAccessibility_group2_D75,0.10280601154557532,0.0016266196075121876,0.07191579371146396,0.027715681385108597,0.0026948955799061046,0.04009111122835111,0.03089021783411136
AAC_R,14,0.16513048,SolventAccessibility_group2_D100,0.04473099563075184,0.17128289893087695,0.07893812313455759,0.01565423369737126,0.2092483110567407,0.023637043647929484,-0.034207127503805744
AAC_R,14,0.16513048,SolventAccessibility_group3_D0,-0.028950098996555235,0.3760604579329091,-0.057254073212664285,0.07983042450320718,0.426499806280447,0.10576502096021895,-0.02830397421610905
AAC_R,14,0.16513048,SolventAccessibility_group3_D25,-0.13444013016999182,3.650799027536473e-05,-0.13308011156888755,4.3812968256470316e-05,7.076998695282541e-05,9.22669066687332e-05,0.001360018601104268
AAC_R,14,0.16513048,SolventAccessibility_group3_D50,-0.05628315417053636,0.08508432339981944,-0.07001769401906797,0.0321096377977935,0.10963797845501426,0.04591018418006434,-0.013734539848531617
AAC_R,14,0.16513048,SolventAccessibility_group3_D75,0.029492382410899676,0.36718100384524377,0.03811858727357174,0.24373841530857732,0.4175636884041928,0.2902268474619067,-0.00862620486267206
AAC_R,14,0.16513048,SolventAccessibility_group3_D100,0.0008116587245366571,0.9802048535755068,-0.027140614347534182,0.4066346526624227,0.982263489631621,0.46164505094918146,-0.026328955622997526
Polarity_group3_D25,79,0.1624636,AAC_A,0.14365938680640858,1.0123121507968353e-05,0.06418044818747377,0.04953062456525944,2.0491652022190482e-05,0.06841699174853867,0.0794789386189348
Polarity_group3_D25,79,0.1624636,AAC_C,0.059417707489611456,0.06906694091060646,0.01482782134415591,0.650328836067856,0.09035784670639466,0.6930341841424955,0.044589886145455546
Polarity_group3_D25,79,0.1624636,AAC_D,-0.24078900957524343,7.95792941591546e-14,-0.13721448387200272,2.5028705573200738e-05,2.5051351789969496e-13,5.428303676265614e-05,0.10357452570324072
Polarity_group3_D25,79,0.1624636,AAC_E,-0.3971329550640608,9.273741841060883e-37,-0.1810320763928919,2.4017861338103692e-08,5.462839109196358e-36,6.921454432205896e-08,0.21610087867116892
Polarity_group3_D25,79,0.1624636,AAC_F,-0.06064957572000029,0.06349041603263622,0.03407083446500837,0.29748860903870533,0.08345893380470631,0.34974021618770706,0.02657874125499192
Polarity_group3_D25,79,0.1624636,AAC_G,0.12609192840670153,0.00010881968955996089,0.017109945696055714,0.6009169134689846,0.00020361779447073915,0.6470220796216661,0.10898198271064581
Polarity_group3_D25,79,0.1624636,AAC_H,-0.3083828227560217,4.303352540318816e-22,-0.10683818378391416,0.0010552039449758157,1.759265298000593e-21,0.001856892084414765,0.20154463897210753
Polarity_group3_D25,79,0.1624636,AAC_I,-0.16556462484366277,3.460716513225024e-07,-0.020821328803547135,0.5244058871213959,7.7161503031853e-07,0.5765357679346486,0.14474329604011563
Polarity_group3_D25,79,0.1624636,AAC_K,-0.25298711187672257,3.781887177240937e-15,-0.050235450247669164,0.12437962033447958,1.2568659872621622e-14,0.15635225138018885,0.2027516616290534
Polarity_group3_D25,79,0.1624636,AAC_L,-0.22617577374534226,2.4685990439024883e-12,-0.054274373411829314,0.0968401395897079,7.30950426120063e-12,0.1254153029195907,0.17190140033351295
Polarity_group3_D25,79,0.1624636,AAC_M,-0.17825471466176915,3.946566734079208e-08,-0.04150487002326197,0.20432194927771152,9.172952603914096e-08,0.24716029923545846,0.13674984463850717
Polarity_group3_D25,79,0.1624636,AAC_N,0.03848926130120029,0.23918062808769186,0.04348058209023677,0.1835799880006584,0.2847997496659147,0.22402526851377386,-0.0049913207890364825
Polarity_group3_D25,79,0.1624636,AAC_P,0.20947609929966773,9.445186019900846e-11,-0.06827059245338324,0.03666790446676076,2.560626729421171e-10,0.0518065993735114,0.1412055068462845
Polarity_group3_D25,79,0.1624636,AAC_Q,-0.11397816602574949,0.00047288417712866587,-0.07273765563455796,0.025980008093450465,0.0008347955346774546,0.03784266333716727,0.04124051039119153
Polarity_group3_D25,79,0.1624636,AAC_R,0.04385693333113711,0.17981200408250755,-0.027656608294065473,0.39776863591807704,0.2191069294547885,0.4525024672910004,0.01620032503707164
Polarity_group3_D25,79,0.1624636,AAC_S,0.48419859745180927,3.076022126044404e-56,0.29815527065070513,1.0845274579588324e-20,2.475641903852605e-55,5.842454370294355e-20,0.18604332680110414
Polarity_group3_D25,79,0.1624636,AAC_T,0.32588965080319166,1.26902770818259e-24,0.06313234082562617,0.0533771031823413,5.58439070530942e-24,0.07321541052526485,0.26275730997756547
Polarity_group3_D25,79,0.1624636,AAC_V,-0.04828387130196125,0.13970785408284123,-0.04083027775671036,0.21178002538689047,0.17424355214215448,0.25508304536322185,0.0074535935452508875
Polarity_group3_D25,79,0.1624636,AAC_W,0.10902543766534642,0.000829278804063308,0.04091327207754576,0.21085201209115897,0.001423325388268987,0.25414858187819234,0.06811216558780066
Polarity_group3_D25,79,0.1624636,AAC_Y,0.012667338461052788,0.6985704399224075,0.05964323104698059,0.0680170002957113,0.7369631299244602,0.09141922776164015,-0.046975892585927805
Polarity_group3_D25,79,0.1624636,Hydrophobicity_C1,-0.39500598844618723,2.3729255088563178e-36,-0.17525084328398044,6.694442249986899e-08,1.3783602086226263e-35,1.8494158076886883e-07,0.2197551451622068
Polarity_group3_D25,79,0.1624636,Hydrophobicity_C2,0.3939050798903201,3.848672093076674e-36,0.14553243206238972,7.723803059966525e-06,2.2201320882342127e-35,1.7754647088980174e-05,0.24837264782793037
Polarity_group3_D25,79,0.1624636,Hydrophobicity_C3,-0.29266829326411536,5.811083454739132e-20,-0.058368790800782784,0.07412630400740819,2.241226182312783e-19,0.09875622472466827,0.2342995024633326
Polarity_group3_D25,79,0.1624636,Hydrophobicity_T12,-0.009873598893523327,0.7627745885722588,0.05245973007641574,0.10854271747042127,0.7953996467297784,0.13858282735137883,-0.04258613118289241
Polarity_group3_D25,79,0.1624636,Hydrophobicity_T13,-0.42105680528425377,1.4726797548358734e-41,-0.20351539797471216,3.2304273271918743e-10,9.550971613887024e-41,1.0465205890223918e-09,0.2175414073095416
Polarity_group3_D25,79,0.1624636,Hydrophobicity_T23,0.2926059491882245,5.921743963505593e-20,0.2185776769959873,1.344364662621424e-11,2.281271607624992e-19,4.828148358231781e-11,0.07402827219223723
Polarity_group3_D25,79,0.1624636,Hydrophobicity_group1_D0,0.11774229421169888,0.0003039564654065067,0.14926746412700234,4.458510417362977e-06,0.0005467136253574364,1.0479538912028392e-05,-0.031525169915303464
Polarity_group3_D25,79,0.1624636,Hydrophobicity_group1_D25,0.9302296536389085,0.0,0.9106073734653981,0.0,0.0,0.0,0.01962228017351042
Polarity_group3_D25,79,0.1624636,Hydrophobicity_group1_D50,0.5402641412293795,4.0375725460779113e-72,0.5024344018177709,4.3996549566849755e-61,4.037572546077911e-71,5.973515266393422e-60,0.03782973941160861
Polarity_group3_D25,79,0.1624636,Hydrophobicity_group1_D75,0.5065997161949167,3.127141546025594e-62,0.4482489645046683,1.668049659666079e-47,2.664452235644256e-61,1.7195326738533037e-46,0.05835075169024845
Polarity_group3_D25,79,0.1624636,Hydrophobicity_group1_D100,0.015677722121426825,0.6317315736489352,0.17177029976910413,1.221052361153407e-07,0.6736856500598478,3.3103205245555025e-07,-0.1560925776476773
Polarity_group3_D25,79,0.1624636,Hydrophobicity_group2_D0,-0.1018667986004418,0.0017953442316714595,0.00080534555256579,0.9803587912532852,0.0029626727933708867,0.9830076141657078,0.10106145304787602
Polarity_group3_D25,79,0.1624636,Hydrophobicity_group2_D25,-0.5515616780764708,1.0698420586477375e-75,-0.42909401074629266,2.928931426962783e-43,1.1379848649310329e-74,2.6728499907255998e-42,0.12246766733017816
Polarity_group3_D25,79,0.1624636,Hydrophobicity_group2_D50,-0.36747111487464723,2.483619891987785e-31,-0.312322740432251,1.199397763452545e-22,1.2860915409673181e-30,6.744088434228114e-22,0.05514837444239623
Polarity_group3_D25,79,0.1624636,Hydrophobicity_group2_D75,-0.3283713638172644,5.383573249141367e-25,-0.25226329061767605,4.5522616702654864e-15,2.3942922306434307e-24,2.0005992077219376e-14,0.07610807319958834
Polarity_group3_D25,79,0.1624636,Hydrophobicity_group2_D100,0.08519702031752727,0.00907585338324054,0.0068580737536193745,0.8339400702868275,0.01363623495277706,0.8549293538238194,0.07833894656390789
Polarity_group3_D25,79,0.1624636,Hydrophobicity_group3_D0,0.1459495999743561,7.268857467020247e-06,-0.026637247051447897,0.4153961590498049,1.4876215649416436e-05,0.4711114333535988,0.1193123529229082
Polarity_group3_D25,79,0.1624636,Hydrophobicity_group3_D25,0.13574501178168713,3.0596430037127724e-05,-0.07229416707791138,0.026904576478222534,5.972652035301379e-05,0.03907012410315794,0.06345084470377575
Polarity_group3_D25,79,0.1624636,Hydrophobicity_group3_D50,0.031284464493487936,0.3387754742712353,-0.07602539270967543,0.019942150915616602,0.38910250483697584,0.029537376522465388,-0.04474092821618749
Polarity_group3_D25,79,0.1624636,Hydrophobicity_group3_D75,0.05884826243889933,0.07177728727875807,0.040792243757171505,0.2122062915713113,0.09364692949650466,0.25541225724258726,0.018056018681727827
Polarity_group3_D25,79,0.1624636,Hydrophobicity_group3_D100,0.10335426290747958,0.0015349922635098218,0.0929189248534341,0.004418129278880387,0.002551953290255254,0.007205347554424069,0.010435338054045479
Polarity_group3_D25,79,0.1624636,NormVanDerWaalsVolume_C1,0.3659496006969827,4.556458378264923e-31,0.10958756283772027,0.0007789387294138695,2.3341366538964483e-30,0.0014040233978641794,0.2563620378592624
Polarity_group3_D25,79,0.1624636,NormVanDerWaalsVolume_C2,-0.36296475403214457,1.484333404914942e-30,-0.12923716349274378,7.266809317703735e-05,7.5344583167415e-30,0.00014926902288518127,0.2337275905394008
Polarity_group3_D25,79,0.1624636,NormVanDerWaalsVolume_C3,-0.2606634416211372,5.105326036825013e-16,-0.04542569721910964,0.16472257959121428,1.7489014321021069e-15,0.2025675316033342,0.21523774440202756
Polarity_group3_D25,79,0.1624636,NormVanDerWaalsVolume_T12,0.1922811100845903,2.96713008342621e-09,0.09522460265756116,0.0035272552934017547,7.428946385789761e-09,0.005806324632805254,0.09705650742702915
Polarity_group3_D25,79,0.1624636,NormVanDerWaalsVolume_T13,0.06438052016227512,0.04882341016928767,0.0922877007231118,0.00469521384454337,0.0656482246237604,0.007631150482128884,-0.027907180560836686
Polarity_group3_D25,79,0.1624636,NormVanDerWaalsVolume_T23,-0.35696889412583444,1.5330136795376811e-29,-0.15334387587578452,2.410277495495545e-06,7.630798345239724e-29,5.837800460446063e-06,0.20362501825004992
Polarity_group3_D25,79,0.1624636,NormVanDerWaalsVolume_group1_D0,-0.15393103107233339,2.203006277808805e-06,-0.06160709091613134,0.05941706085055783,4.671772043099307e-06,0.0808033319384622,0.09232394015620204
Polarity_group3_D25,79,0.1624636,NormVanDerWaalsVolume_group1_D25,-0.5215747012967417,1.7103570662609867e-66,-0.42335913881507814,4.8463950450469015e-42,1.5439439463004583e-65,4.2822644048827117e-41,0.09821556248166352
Polarity_group3_D25,79,0.1624636,NormVanDerWaalsVolume_group1_D50,-0.2936024620182777,4.377805297071469e-20,-0.2645880609258395,1.7872252718193484e-16,1.6982427052518824e-19,8.313833437154073e-16,0.029014401092438247
Polarity_group3_D25,79,0.1624636,NormVanDerWaalsVolume_group1_D75,-0.274887917878271,1.0455193330000405e-17,-0.19831137488985892,9.170765216896701e-10,3.775172510508254e-17,2.8896562098523565e-09,0.07657654298841207
Polarity_group3_D25,79,0.1624636,NormVanDerWaalsVolume_group1_D100,0.11062615429328501,0.0006933038356401965,0.0388978320077056,0.23422678304882294,0.0011998107829213765,0.2797988037850746,0.0717283222855794
Polarity_group3_D25,79,0.1624636,NormVanDerWaalsVolume_group2_D0,0.06498859239995355,0.04672575258123308,0.05166523817250997,0.11400591174889152,0.06295442259835356,0.14483824467147116,0.013323354227443587
Polarity_group3_D25,79,0.1624636,NormVanDerWaalsVolume_group2_D25,0.41879950559316576,4.342438015448996e-41,0.297595410127293,1.2892908260881928e-20,2.79455548585735e-40,6.934350014709443e-20,0.12120409546587274
Polarity_group3_D25,79,0.1624636,NormVanDerWaalsVolume_group2_D50,0.2026036640255259,3.886245181387957e-10,0.1811443389026495,2.3536691312174762e-08,1.013275480549241e-09,6.800393510611047e-08,0.021459325122876405
Polarity_group3_D25,79,0.1624636,NormVanDerWaalsVolume_group2_D75,0.044372546675709286,0.1747433269921707,0.038106264231210926,0.24389097790064335,0.21316388318256033,0.2903050128967031,0.00626628244449836
Polarity_group3_D25,79,0.1624636,NormVanDerWaalsVolume_group2_D100,-0.05309328565541175,0.1043361427463267,0.02164494505111132,0.5081284240162648,0.13285056451838895,0.5632142626128309,0.031448340604300434
Polarity_group3_D25,79,0.1624636,NormVanDerWaalsVolume_group3_D0,0.14735366839235434,5.918280437164244e-06,0.06729425329308933,0.03944703767174568,1.220188682723986e-05,0.055335197741969995,0.08005941509926501
Polarity_group3_D25,79,0.1624636,NormVanDerWaalsVolume_group3_D25,0.36497521317196,6.709012456266104e-31,0.33583705288523014,3.8892607939760185e-26,3.421084214340273e-30,2.4190188178547302e-25,0.029138160286729886
Polarity_group3_D25,79,0.1624636,NormVanDerWaalsVolume_group3_D50,0.24884744987514748,1.0833660510192949e-14,0.2254502902395631,2.9099799181179026e-12,3.540550499417265e-14,1.0896113146315913e-11,0.02339715963558439
Polarity_group3_D25,79,0.1624636,NormVanDerWaalsVolume_group3_D75,0.2877630842451891,2.5272797406643585e-19,0.27467088339432977,1.1113736289062998e-17,9.537982298100517e-19,5.458805765510355e-17,0.013092200850859326
Polarity_group3_D25,79,0.1624636,NormVanDerWaalsVolume_group3_D100,0.06374757811592041,0.05109012665882479,0.14707775007987056,6.163159254014362e-06,0.06831250334896702,1.428518522443301e-05,-0.08333017196395015
Polarity_group3_D25,79,0.1624636,Polarity_C1,-0.27401230185201897,1.3372495427120902e-17,-0.030067257741837584,0.3579116202058211,4.81813751095834e-17,0.4129813036027039,0.2439450441101814
Polarity_group3_D25,79,0.1624636,Polarity_C2,0.3968632004582045,1.0451260487979763e-36,0.13751040773608247,2.403055723275496e-05,6.134834803137506e-36,5.2219948703579416e-05,0.259352792722122
Polarity_group3_D25,79,0.1624636,Polarity_C3,-0.4249368821021533,2.2515117470999685e-42,-0.18926763240608435,5.261434074148031e-09,1.474519457904685e-41,1.5917744390991323e-08,0.23566924969606895
Polarity_group3_D25,79,0.1624636,Polarity_T12,0.3726899791796914,3.0221063092460157e-32,0.2318663688343652,6.661172640527011e-13,1.6047432548301576e-31,2.599102408803764e-12,0.14082361034532617
Polarity_group3_D25,79,0.1624636,Polarity_T13,-0.41818374237118067,5.824006402311366e-41,-0.17585326534576695,6.025647439147617e-08,3.726471529448269e-40,1.6757420854915105e-07,0.24233047702541372
Polarity_group3_D25,79,0.1624636,Polarity_T23,0.1055759899944544,0.0012102040889846832,0.08825410757465872,0.006868194032857967,0.0020301766234097646,0.010960233191469475,0.01732188241979568
Polarity_group3_D25,79,0.1624636,Polarity_group1_D0,0.14267977288994216,1.1646026980269769e-05,0.024639940626466385,0.4512411950411665,2.34747918612559e-05,0.507993965809021,0.11803983226347578
Polarity_group3_D25,79,0.1624636,Polarity_group1_D25,0.0838380124438613,0.010245983609224754,-0.086276583475198,0.008232840816427268,0.015250260808739162,0.013001271076532895,-0.0024385710313366976
Polarity_group3_D25,79,0.1624636,Polarity_group1_D50,-0.011224166991039905,0.7315013801042978,-0.11181474456506806,0.0006060568778835137,0.7678235730824496,0.0011085596780563722,-0.10059057757402814
Polarity_group3_D25,79,0.1624636,Polarity_group1_D75,0.1399383173314158,1.7154901237389844e-05,0.08777516595400126,0.007178637504185719,3.408528859778826e-05,0.011417452030466811,0.052163151377414535
Polarity_group3_D25,79,0.1624636,Polarity_group1_D100,0.10129878224498903,0.0019050303354998246,0.1277747600602687,8.77770946058364e-05,0.0031328416152483574,0.00017789775241716844,-0.02647597781527966
Polarity_group3_D25,79,0.1624636,Polarity_group2_D0,-0.16216092229592421,6.029868968983177e-07,-0.06727172992192859,0.03951320107552715,1.3154645562641287e-06,0.05540474038298098,0.09488919237399562
Polarity_group3_D25,79,0.1624636,Polarity_group2_D25,-0.608839570157608,3.997239771728341e-96,-0.5030999120440224,2.8908014901114883e-61,5.633240859735299e-95,3.9897838747819715e-60,0.10573965811358566
Polarity_group3_D25,79,0.1624636,Polarity_group2_D50,-0.43342943577772125,3.3860696899350253e-44,-0.36467499990530455,7.556368583832648e-31,2.266427407691981e-43,5.302157787815346e-30,0.0687544358724167
Polarity_group3_D25,79,0.1624636,Polarity_group2_D75,-0.35085196233781274,1.5771832301084572e-28,-0.2659718613190103,1.229219481883396e-16,7.645561666998907e-28,5.766282400969863e-16,0.08488010101880245
Polarity_group3_D25,79,0.1624636,Polarity_group2_D100,0.06952215487463048,0.033350425186668,0.02101167079030981,0.5206205217583098,0.04604812737638326,0.5740747912422431,0.04851048408432067
Polarity_group3_D25,79,0.1624636,Polarity_group3_D0,0.1351471410468524,3.318240760145313e-05,0.1408849260823357,1.5019591506107476e-05,6.458580500515934e-05,3.3399091631424084e-05,-0.005737785035483278
Polarity_group3_D25,79,0.1624636,Polarity_group3_D25,1.0,0.0,0.9999999999999996,0.0,0.0,0.0,4.440892098500626e-16
Polarity_group3_D25,79,0.1624636,Polarity_group3_D50,0.617104087195554,1.997809475907383e-99,0.5655216951002001,2.6073420961987528e-80,2.926615635759061e-98,4.78490252818892e-79,0.05158239209535387
Polarity_group3_D25,79,0.1624636,Polarity_group3_D75,0.5054179365018282,6.645826178818522e-62,0.45047176337545414,5.150714153222298e-48,5.633771430775093e-61,5.392910743499209e-47,0.054946173126374065
Polarity_group3_D25,79,0.1624636,Polarity_group3_D100,0.025125230525478676,0.442374677323556,0.16353833689016994,4.82301031577956e-07,0.4928390334425207,1.2545836802728762e-06,-0.13841310636469126
Polarity_group3_D25,79,0.1624636,Polarizability_C1,0.35704865772056554,1.4866141100341303e-29,0.13722779762541962,2.498296495500312e-05,7.421959831859484e-29,5.421904025322314e-05,0.21982086009514593
Polarity_group3_D25,79,0.1624636,Polarizability_C2,-0.3234311133036239,2.944439282216733e-24,-0.16580108025323262,3.3283572147282263e-07,1.2624425163804735e-23,8.746430446256708e-07,0.15763003305039128
Polarity_group3_D25,79,0.1624636,Polarizability_C3,-0.2606634416211372,5.105326036825013e-16,-0.04542569721910964,0.16472257959121428,1.7489014321021069e-15,0.2025675316033342,0.21523774440202756
Polarity_group3_D25,79,0.1624636,Polarizability_T12,0.32892476358109946,4.441788373284337e-25,0.1015178132186179,0.0018620265883894315,1.983365396626963e-24,0.003186049592838474,0.22740695036248154
Polarity_group3_D25,79,0.1624636,Polarizability_T13,0.059817711919570034,0.0672137143911863,0.10324984421726512,0.0015520688223324935,0.08810588935108409,0.0026804084108534272,-0.04343213229769508
Polarity_group3_D25,79,0.1624636,Polarizability_T23,-0.3475702131749232,5.393721931443376e-28,-0.1542025915937305,2.1130281711439877e-06,2.5735758930029822e-27,5.162775487652465e-06,0.1933676215811927
Polarity_group3_D25,79,0.1624636,Polarizability_group1_D0,-0.147284576986084,5.978711863727586e-06,-0.07114590330188539,0.02943125030567536,1.2303695394239148e-05,0.04227973162191643,0.0761386736841986
Polarity_group3_D25,79,0.1624636,Polarizability_group1_D25,-0.4688840558096393,2.169718370521096e-52,-0.35593081380409536,2.2851435139235025e-29,1.6176025351652815e-51,1.5203942901403383e-28,0.11295324200554396
Polarity_group3_D25,79,0.1624636,Polarizability_group1_D50,-0.31266143453045875,1.0736771233636178e-22,-0.19946021808942532,7.301548787680244e-10,4.465855033666854e-22,2.3115803744883426e-09,0.11320121644103343
Polarity_group3_D25,79,0.1624636,Polarizability_group1_D75,-0.3286038233273478,4.966054110881784e-25,-0.24298599714264768,4.653553518058766e-14,2.214502100179594e-24,1.9624834280702372e-13,0.0856178261847001
Polarity_group3_D25,79,0.1624636,Polarizability_group1_D100,-0.030290713925881237,0.35434860928364464,-0.06983952465485332,0.0325511333403703,0.4051778004133424,0.046521517054701235,-0.03954881072897209
Polarity_group3_D25,79,0.1624636,Polarizability_group2_D0,0.010673056065421132,0.7442122965212865,0.055596402060674975,0.08896643785633612,0.7789624162899081,0.11657430460579155,-0.04492334599525384
Polarity_group3_D25,79,0.1624636,Polarizability_group2_D25,0.269558584835975,4.611760749165024e-17,0.15484165399553396,1.914976016732381e-06,1.6351678240139256e-16,4.696049850136675e-06,0.11471693084044104
Polarity_group3_D25,79,0.1624636,Polarizability_group2_D50,0.28421944615994377,7.179393702021859e-19,0.14615297405976538,7.056455174832262e-06,2.667316458815685e-18,1.6276630030345133e-05,0.1380664721001784
Polarity_group3_D25,79,0.1624636,Polarizability_group2_D75,0.08502724521549732,0.009215209833411063,0.02201314284987466,0.5009381229563872,0.013818056547002551,0.5568368424053077,0.06301410236562266
Polarity_group3_D25,79,0.1624636,Polarizability_group2_D100,0.10061943170743429,0.0020442697531915695,0.07562700391644672,0.020601818137500477,0.003350275257929265,0.030446934769580353,0.024992427790987565
Polarity_group3_D25,79,0.1624636,Polarizability_group3_D0,0.14735366839235434,5.918280437164244e-06,0.06729425329308933,0.03944703767174568,1.220188682723986e-05,0.055335197741969995,0.08005941509926501
Polarity_group3_D25,79,0.1624636,Polarizability_group3_D25,0.36497521317196,6.709012456266104e-31,0.33583705288523014,3.8892607939760185e-26,3.421084214340273e-30,2.4190188178547302e-25,0.029138160286729886
Polarity_group3_D25,79,0.1624636,Polarizability_group3_D50,0.24884744987514748,1.0833660510192949e-14,0.2254502902395631,2.9099799181179026e-12,3.540550499417265e-14,1.0896113146315913e-11,0.02339715963558439
Polarity_group3_D25,79,0.1624636,Polarizability_group3_D75,0.2877630842451891,2.5272797406643585e-19,0.27467088339432977,1.1113736289062998e-17,9.537982298100517e-19,5.458805765510355e-17,0.013092200850859326
Polarity_group3_D25,79,0.1624636,Polarizability_group3_D100,0.06374757811592041,0.05109012665882479,0.14707775007987056,6.163159254014362e-06,0.06831250334896702,1.428518522443301e-05,-0.08333017196395015
Polarity_group3_D25,79,0.1624636,Charge_C1,-0.2528239045644071,3.943539466482961e-15,-0.07994205946243649,0.014376543844818391,1.309286463027146e-14,0.021905865165006123,0.17288184510197063
Polarity_group3_D25,79,0.1624636,Charge_C2,0.39502360427193467,2.3545990792756194e-36,0.17911160568378906,3.3887041029086735e-08,1.372488817588232e-35,9.657228416139052e-08,0.2159119985881456
Polarity_group3_D25,79,0.1624636,Charge_C3,-0.4055817009927028,2.074104197431331e-38,-0.2050127389810277,2.3802269018998075e-10,1.2828718554482678e-37,7.817067701421197e-10,0.2005689620116751
Polarity_group3_D25,79,0.1624636,Charge_T12,-0.18157226879678096,2.1786760818626918e-08,-0.04589300775518004,0.16041705975853895,5.171839455168011e-08,0.19829180388241635,0.1356792610416009
Polarity_group3_D25,79,0.1624636,Charge_T13,-0.37022719851292873,8.205132385678784e-32,-0.191198693999894,3.6488406931107756e-09,4.288754642905655e-31,1.1222033070893177e-08,0.17902850451303473
Polarity_group3_D25,79,0.1624636,Charge_T23,-0.37899936391493005,2.2479712019939963e-33,-0.18702689040720447,8.007145955973557e-09,1.2248325961924874e-32,2.383588903115123e-08,0.1919724735077256
Polarity_group3_D25,79,0.1624636,Charge_group1_D0,0.104844707031074,0.001309353794093147,0.09463554142608835,0.0037378262155301554,0.002191002841819194,0.006140845823841967,0.010209165604985651
Polarity_group3_D25,79,0.1624636,Charge_group1_D25,0.43377959092823865,2.8406728537693814e-44,0.4135082360918689,5.30441040606702e-40,1.905190227226854e-43,4.4852482927250245e-39,0.02027135483636977
Polarity_group3_D25,79,0.1624636,Charge_group1_D50,0.23356168270627353,4.478435289980706e-13,0.2483207015860674,1.2369118332625747e-14,1.3722911805995924e-12,5.3306909975445155e-14,-0.014759018879793862
Polarity_group3_D25,79,0.1624636,Charge_group1_D75,0.31120488182945955,1.726794661438916e-22,0.29335973897744994,4.7125865301473576e-20,7.129164609648925e-22,2.5063756386452507e-19,0.01784514285200961
Polarity_group3_D25,79,0.1624636,Charge_group1_D100,0.0938282068841535,0.0040449603255784065,0.15635777439413198,1.5138125279604033e-06,0.006342801637291962,3.7400728973747962e-06,-0.06252956750997848
Polarity_group3_D25,79,0.1624636,Charge_group2_D0,0.046257992136448385,0.1571138019099793,0.0626512682324824,0.05522428031994318,0.1932818041912821,0.07550106273786747,-0.01639327609603402
Polarity_group3_D25,79,0.1624636,Charge_group2_D25,-0.5451234835732112,1.214354673900973e-73,-0.5292695807624164,9.096720548507041e-69,1.2518347564287808e-72,1.4001403977886414e-67,0.015853902810794795
Polarity_group3_D25,79,0.1624636,Charge_group2_D50,-0.3246430774641738,1.9463924650532778e-24,-0.3786235413428072,2.6285164828387922e-33,8.44279328997136e-24,1.9466175283107686e-32,-0.05398046387863337
Polarity_group3_D25,79,0.1624636,Charge_group2_D75,-0.2591566914445192,7.60345437437197e-16,-0.2815199231586045,1.5746153374236023e-18,2.5913813888165695e-15,8.017096382614073e-18,-0.02236323171408533
Polarity_group3_D25,79,0.1624636,Charge_group2_D100,0.07981458528766623,0.014533516259502615,-0.03747271857155828,0.25182481730283995,0.021234446328407146,0.2988965493217788,0.04234186671610795
Polarity_group3_D25,79,0.1624636,Charge_group3_D0,0.2153730943056364,2.6974980060753282e-11,0.2656277033316949,1.3494144838608973e-16,7.583874865565317e-11,6.30355856796559e-16,-0.050254609026058494
Polarity_group3_D25,79,0.1624636,Charge_group3_D25,0.5497590100293356,4.0666191028169914e-75,0.5113360655042225,1.479144725355069e-63,4.271228868996462e-74,2.1294583546060046e-62,0.03842294452511308
Polarity_group3_D25,79,0.1624636,Charge_group3_D50,0.37715057767139365,4.842315699593673e-33,0.42869977377362406,3.558292168937839e-43,2.6086023284907855e-32,3.2383367423031014e-42,-0.05154919610223041
Polarity_group3_D25,79,0.1624636,Charge_group3_D75,0.2964170678918116,1.8530882904404685e-20,0.3634324186802113,1.2346042820335226e-30,7.264454096327658e-20,8.626732849355575e-30,-0.06701535078839971
Polarity_group3_D25,79,0.1624636,Charge_group3_D100,0.03002763611137941,0.35854572889941705,0.1519840578902098,2.9644926296111305e-06,0.4094163194954027,7.118192223509113e-06,-0.1219564217788304
Polarity_group3_D25,79,0.1624636,SecondaryStructure_C1,-0.36963530022044117,1.0417883667925712e-31,-0.13246508728793635,4.7552786913492275e-05,5.4283512403856286e-31,9.951523075881215e-05,0.23717021293250481
Polarity_group3_D25,79,0.1624636,SecondaryStructure_C2,0.16846356690002742,2.137348659425905e-07,0.06529214512266775,0.045707254345467234,4.794321371714253e-07,0.06350342325867743,0.10317142177735968
Polarity_group3_D25,79,0.1624636,SecondaryStructure_C3,0.38064217980047305,1.1320068463494784e-33,0.12906148793041672,7.4343807598027e-05,6.198201420995505e-33,0.00015224299042146546,0.2515806918700563
Polarity_group3_D25,79,0.1624636,SecondaryStructure_T12,-0.32823896839827565,5.6366976102388925e-25,-0.14680776409911975,6.412123650073695e-06,2.5035332471007848e-24,1.4831366337428077e-05,0.1814312042991559
Polarity_group3_D25,79,0.1624636,SecondaryStructure_T13,-0.2760953386996168,7.435572608384644e-18,-0.13270662662308486,4.60493709837249e-05,2.7023735051147672e-17,9.667184103434392e-05,0.14338871207653192
Polarity_group3_D25,79,0.1624636,SecondaryStructure_T23,0.3780669340995345,3.31237349385793e-33,0.1620611703938241,6.1277413315499e-07,1.7959947190723193e-32,1.5816581180352911e-06,0.21600576370571042
Polarity_group3_D25,79,0.1624636,SecondaryStructure_group1_D0,0.05900517636022673,0.07102189283336062,0.02600075637261094,0.4266327067404174,0.09277009075613003,0.4827077373011498,0.03300441998761579
Polarity_group3_D25,79,0.1624636,SecondaryStructure_group1_D25,0.004215265254744831,0.8974688049077699,0.03133517558322532,0.337992717007421,0.9155607233939986,0.39170564705231997,-0.02711991032848049
Polarity_group3_D25,79,0.1624636,SecondaryStructure_group1_D50,0.03428556925252671,0.294452420784997,0.13833717235171045,2.1438408539801896e-05,0.3442320915022366,4.683079432500872e-05,-0.10405160309918374
Polarity_group3_D25,79,0.1624636,SecondaryStructure_group1_D75,-0.017613088456589182,0.5902548557401098,0.09718156231205152,0.0029027612662687417,0.6354946825343458,0.004835522508397804,-0.07956847385546234
Polarity_group3_D25,79,0.1624636,SecondaryStructure_group1_D100,-0.08576602668567607,0.008622393218753719,0.015171141097569936,0.6427893741121432,0.012995845374836381,0.6856967453000825,0.07059488558810613
Polarity_group3_D25,79,0.1624636,SecondaryStructure_group2_D0,0.003474031362654737,0.9154236297183925,-0.05395067028510761,0.09885047251485257,0.9290534558673446,0.12787009225391463,-0.050476638922452875
Polarity_group3_D25,79,0.1624636,SecondaryStructure_group2_D25,-0.08466561147767664,0.009518422683729598,-0.056356467732667295,0.0846780982183726,0.014243517815258448,0.11148003470609558,0.02830914374500934
Polarity_group3_D25,79,0.1624636,SecondaryStructure_group2_D50,-0.07766430430805227,0.01741823044900235,-0.11365649468618108,0.0004907892784766517,0.025163014575980903,0.0009046557340574044,-0.03599219037812881
Polarity_group3_D25,79,0.1624636,SecondaryStructure_group2_D75,0.07339612683881434,0.024657884356741218,-0.03331943963401568,0.30827671679376045,0.03485287082163169,0.36056455361935436,0.040076687204798664
Polarity_group3_D25,79,0.1624636,SecondaryStructure_group2_D100,0.08571567381308709,0.00866168954845596,0.045932621274129726,0.16005602602832478,0.01304918497602296,0.19792192778030535,0.039783052538957364
Polarity_group3_D25,79,0.1624636,SecondaryStructure_group3_D0,-0.040462646143824846,0.21592619613796502,0.03240495524320797,0.32175073275615357,0.25970237490126147,0.37444161930507075,0.008057690900616879
Polarity_group3_D25,79,0.1624636,SecondaryStructure_group3_D25,-0.09035193446968519,0.005645607484219077,-0.08449785767924971,0.009662068336577397,0.00870962078396846,0.015122449973837163,0.005854076790435481
Polarity_group3_D25,79,0.1624636,SecondaryStructure_group3_D50,0.0689062745001623,0.03494941961763227,-0.015238056260880307,0.6413241226704199,0.04811667828643519,0.684789824079029,0.053668218239282
Polarity_group3_D25,79,0.1624636,SecondaryStructure_group3_D75,-0.00022410730063141004,0.9945338397678714,-0.03900094893186512,0.2329880620045986,0.9951297258312434,0.2786180190101537,-0.03877684163123371
Polarity_group3_D25,79,0.1624636,SecondaryStructure_group3_D100,0.044401073371807674,0.1744660394004841,-0.03049698890420426,0.3510794798866097,0.21290338750369636,0.405465236106942,0.013904084467603415
Polarity_group3_D25,79,0.1624636,SolventAccessibility_C1,-0.03169987702393939,0.3323975245073118,0.023637236511298912,0.46987545204490716,0.38322669377094287,0.5255807132719323,0.008062640512640482
Polarity_group3_D25,79,0.1624636,SolventAccessibility_C2,-0.39500598844618723,2.3729255088563178e-36,-0.17525084328398044,6.694442249986899e-08,1.3783602086226263e-35,1.8494158076886883e-07,0.2197551451622068
Polarity_group3_D25,79,0.1624636,SolventAccessibility_C3,0.4207322096567639,1.7213130659069637e-41,0.16192960225814598,6.259170612659441e-07,1.1120281702377675e-40,1.6130887227069856e-06,0.25880260739861793
Polarity_group3_D25,79,0.1624636,SolventAccessibility_T12,-0.46808858332837566,3.39636282985423e-52,-0.24226722204838286,5.549745044012718e-14,2.5152664859674343e-51,2.3286618652013163e-13,0.2258213612799928
Polarity_group3_D25,79,0.1624636,SolventAccessibility_T13,0.3403930191404067,7.548395797080237e-27,0.14715412690388893,6.094422404361414e-06,3.4967603276349505e-26,1.4145497450011898e-05,0.19323889223651777
Polarity_group3_D25,79,0.1624636,SolventAccessibility_T23,0.09785058305526523,0.002713559478705698,0.1072724593458974,0.0010062632144558288,0.0043615441091804765,0.0017792054718276699,-0.009421876290632167
Polarity_group3_D25,79,0.1624636,SolventAccessibility_group1_D0,0.005841375518945484,0.8582753469858214,0.02604614486543493,0.42582561045900114,0.879337318690995,0.48212119963832667,-0.020204769346489446
Polarity_group3_D25,79,0.1624636,SolventAccessibility_group1_D25,-0.39307466083924425,5.5361757807688815e-36,-0.3332762742911467,9.65747721379177e-26,3.182586421302593e-35,5.907687526385442e-25,0.05979838654809755
Polarity_group3_D25,79,0.1624636,SolventAccessibility_group1_D50,-0.30302545574252193,2.3706040890770166e-21,-0.20121127857865412,5.145115374635113e-10,9.562581711977338e-21,1.6507862969530524e-09,0.10181417716386781
Polarity_group3_D25,79,0.1624636,SolventAccessibility_group1_D75,-0.37927858627468913,2.0011104780368828e-33,-0.30635632711892685,8.240039908878474e-22,1.0921093131769916e-32,4.541570081765445e-21,0.07292225915576228
Polarity_group3_D25,79,0.1624636,SolventAccessibility_group1_D100,0.06188779530718416,0.05826480284071935,0.05675667537266905,0.0824881117580446,0.07704055482502084,0.10886988394181805,0.0051311199345151146
Polarity_group3_D25,79,0.1624636,SolventAccessibility_group2_D0,0.11774229421169888,0.0003039564654065067,0.14926746412700234,4.458510417362977e-06,0.0005467136253574364,1.0479538912028392e-05,-0.031525169915303464
Polarity_group3_D25,79,0.1624636,SolventAccessibility_group2_D25,0.9302296536389085,0.0,0.9106073734653981,0.0,0.0,0.0,0.01962228017351042
Polarity_group3_D25,79,0.1624636,SolventAccessibility_group2_D50,0.5402641412293795,4.0375725460779113e-72,0.5024344018177709,4.3996549566849755e-61,4.037572546077911e-71,5.973515266393422e-60,0.03782973941160861
Polarity_group3_D25,79,0.1624636,SolventAccessibility_group2_D75,0.5065997161949167,3.127141546025594e-62,0.4482489645046683,1.668049659666079e-47,2.664452235644256e-61,1.7195326738533037e-46,0.05835075169024845
Polarity_group3_D25,79,0.1624636,SolventAccessibility_group2_D100,0.015677722121426825,0.6317315736489352,0.17177029976910413,1.221052361153407e-07,0.6736856500598478,3.3103205245555025e-07,-0.1560925776476773
Polarity_group3_D25,79,0.1624636,SolventAccessibility_group3_D0,0.10066365817321596,0.002034928893804215,-0.00852605924806352,0.7943678919847845,0.0033366040772243883,0.820151084769453,0.09213759892515244
Polarity_group3_D25,79,0.1624636,SolventAccessibility_group3_D25,-0.2404276567465618,8.68769910738029e-14,-0.270078972345337,3.995394273530605e-17,2.732289549778735e-13,1.9200887587902477e-16,-0.029651315598775208
Polarity_group3_D25,79,0.1624636,SolventAccessibility_group3_D50,-0.10823879784694238,0.0009047954762453944,-0.18866246108581702,5.8962708163569e-09,0.0015434202710212551,1.7773957154000043e-08,-0.08042366323887465
Polarity_group3_D25,79,0.1624636,SolventAccessibility_group3_D75,-0.09255757778243352,0.004574880287725015,-0.06955863973568363,0.03325769371705941,0.00712358981864874,0.047409601798966465,0.022998938046749892
Polarity_group3_D25,79,0.1624636,SolventAccessibility_group3_D100,0.09584900720905898,0.0033158659244494327,-0.016832494300228915,0.6068332715487414,0.005253791360370543,0.6523408841238483,0.07901651290883006
Hydrophobicity_C3,22,0.15500139,AAC_A,-0.4973503740644636,1.0558937662549443e-59,-0.4797060276697637,4.337474107536283e-55,8.83880997316169e-59,5.1925317273014995e-54,0.01764434639469986
Hydrophobicity_C3,22,0.15500139,AAC_C,-0.18380425649905696,1.4517420484160913e-08,-0.16109661651391088,7.156430873592911e-07,3.4883585911580894e-08,1.8372389790776575e-06,0.022707639985146078
Hydrophobicity_C3,22,0.15500139,AAC_D,0.1530277510226241,2.5294853654713343e-06,0.0431060550208219,0.1873873657506733,5.340379975141755e-06,0.2276605244215398,0.10992169600180218
Hydrophobicity_C3,22,0.15500139,AAC_E,0.5548463845840196,9.193708624189991e-77,0.4137192839414762,4.8045894530449454e-40,9.873629197683142e-76,4.072926084560944e-39,0.14112710064254336
Hydrophobicity_C3,22,0.15500139,AAC_F,0.461705841171976,1.1860273202696349e-50,0.43894754853958323,2.07598727437315e-45,8.630351306537213e-50,2.0156388070948607e-44,0.022758292632392763
Hydrophobicity_C3,22,0.15500139,AAC_G,-0.5805947868236113,1.518993885898866e-85,-0.5572352230448508,1.5165652997066003e-77,1.8184371250545562e-84,2.680067778317484e-76,0.023359563778760473
Hydrophobicity_C3,22,0.15500139,AAC_H,0.47490150106572004,7.039002937640716e-54,0.3385862255317489,1.45093158346628e-26,5.429623513099305e-53,9.143606582598821e-26,0.13631527553397116
Hydrophobicity_C3,22,0.15500139,AAC_I,0.5654004850472076,2.865523460754655e-80,0.509945601354539,3.6408264745827717e-63,3.222507864956413e-79,5.174621457492109e-62,0.0554548836926686
Hydrophobicity_C3,22,0.15500139,AAC_K,0.5048985636489454,9.24763586179196e-62,0.3859941705220443,1.1784914548489649e-34,7.819519943894973e-61,9.0072344604017e-34,0.11890439312690104
Hydrophobicity_C3,22,0.15500139,AAC_L,0.7022033845600241,4.215211922342686e-140,0.6500495384552214,1.2757098612533339e-113,1.042874653379598e-138,4.0579723205582243e-112,0.05215384610480267
Hydrophobicity_C3,22,0.15500139,AAC_M,0.40247056973166345,8.513780705900032e-38,0.32045339942777457,8.076616740556954e-24,5.170186828673838e-37,4.7243257291524043e-23,0.08201717030388889
Hydrophobicity_C3,22,0.15500139,AAC_N,-0.0260349163147786,0.42602519321538,-0.02816228244876989,0.38919378805221716,0.47765160971445764,0.4448690116681743,-0.002127366133991289
Hydrophobicity_C3,22,0.15500139,AAC_P,-0.38266012234458324,4.8477004510015564e-34,-0.19044501597553626,4.211026306466236e-09,2.6851276129925703e-33,1.286809502616398e-08,0.19221510636904698
Hydrophobicity_C3,22,0.15500139,AAC_Q,0.08865528624779777,0.00661748265987202,0.04679323209499897,0.15236311036081013,0.010101641720279957,0.1891794753178832,0.0418620541527988
Hydrophobicity_C3,22,0.15500139,AAC_R,-0.052997494117021586,0.10496373789127642,0.00968318473676556,0.7672163543868437,0.13340140203838022,0.7970459171546059,0.04331430938025603
Hydrophobicity_C3,22,0.15500139,AAC_S,-0.46327412651600486,4.9885046935407113e-51,-0.2919597426001742,7.198579310784679e-20,3.6538608939530647e-50,3.810341505233095e-19,0.17131438391583065
Hydrophobicity_C3,22,0.15500139,AAC_T,-0.6992270743930018,1.9519391121790026e-138,-0.5975874165764304,8.767023284010213e-92,4.559074569704803e-137,1.978503903283386e-90,0.10163965781657136
Hydrophobicity_C3,22,0.15500139,AAC_V,0.04639306897261319,0.15590443936370788,0.03879467809760341,0.23547060228096264,0.1919354321691059,0.2811840584978245,0.0075983908750097764
Hydrophobicity_C3,22,0.15500139,AAC_W,-0.0736350379697548,0.024192781181591613,-0.006422777697247299,0.8443411299212195,0.034267976737284135,0.8642658210042516,0.06721226027250751
Hydrophobicity_C3,22,0.15500139,AAC_Y,-0.07066545786826894,0.03054742567825714,-0.12028392032832054,0.00022386895320662627,0.04247643703804282,0.00043071561273625103,-0.049618462460051596
Hydrophobicity_C3,22,0.15500139,Hydrophobicity_C1,0.5770027564671314,2.8430643201882693e-84,0.44133153872553416,6.115661484933467e-46,3.331871869975024e-83,6.025459988105539e-45,0.13567121774159724
Hydrophobicity_C3,22,0.15500139,Hydrophobicity_C2,-0.854519238599226,3.1209000918441245e-268,-0.8067201528004665,7.909710415204926e-216,2.043883589560662e-266,5.180084860153814e-214,0.047799085798759466
Hydrophobicity_C3,22,0.15500139,Hydrophobicity_C3,0.9999999999999999,0.0,0.9999999999999999,0.0,0.0,0.0,0.0
Hydrophobicity_C3,22,0.15500139,Hydrophobicity_T12,-0.33371964467517473,8.255459630232929e-26,-0.43856922425766104,2.5180737956300217e-45,3.7311549614313914e-25,2.4307417564752235e-44,-0.10484957958248631
Hydrophobicity_C3,22,0.15500139,Hydrophobicity_T13,0.750862984993192,1.2467231934992194e-170,0.6693099981884448,9.028469838044292e-123,4.786270650905049e-169,3.2424827160288102e-121,0.08155298680474721
Hydrophobicity_C3,22,0.15500139,Hydrophobicity_T23,-0.049656267038133015,0.12878539396439814,0.059582353576793375,0.06829911996339456,0.16122309439321206,0.09168772535278852,-0.00992608653866036
Hydrophobicity_C3,22,0.15500139,Hydrophobicity_group1_D0,0.10627501872035344,0.001121945158073677,0.1109938812544222,0.0006651392444345145,0.0018897109571185484,0.0012086861133902495,-0.004718862534068752
Hydrophobicity_C3,22,0.15500139,Hydrophobicity_group1_D25,-0.2357563606927646,2.666235004708289e-13,-0.018646031528474404,0.5686429802342158,8.222737687650679e-13,0.6166453097345067,0.21711032916429018
Hydrophobicity_C3,22,0.15500139,Hydrophobicity_group1_D50,-0.01949195216301286,0.5512302109436108,0.10981350978844193,0.0007595144379155007,0.5995144593134679,0.001370490665930725,-0.09032155762542907
Hydrophobicity_C3,22,0.15500139,Hydrophobicity_group1_D75,-0.02586684763389398,0.42901904895063453,0.11801499995763058,0.0002942286151083654,0.4802022866940749,0.0005583656673079206,-0.0921481523237366
Hydrophobicity_C3,22,0.15500139,Hydrophobicity_group1_D100,0.17841496196309178,3.8358918273760215e-08,0.07372938287122913,0.024011216325606325,8.928138469293319e-08,0.03514349804010742,0.10468557909186266
Hydrophobicity_C3,22,0.15500139,Hydrophobicity_group2_D0,0.4250520266476311,2.128660891257957e-42,0.3844906803767311,2.2345160193282063e-34,1.3968030209826278e-41,1.6885256797638482e-33,0.04056134627089997
Hydrophobicity_C3,22,0.15500139,Hydrophobicity_group2_D25,0.2787161864863534,3.527605134810363e-18,0.09805050189392261,0.0026592453505445567,1.2919080208625672e-17,0.004467450396656105,0.18066568459243076
Hydrophobicity_C3,22,0.15500139,Hydrophobicity_group2_D50,-0.05817151952672372,0.07511081317913679,-0.1808955175794757,2.4616027183959825e-08,0.0977289115770615,7.075519001241465e-08,-0.12272399805275197
Hydrophobicity_C3,22,0.15500139,Hydrophobicity_group2_D75,-0.07523307287594685,0.021272702160850095,-0.21476233807606981,3.0765785059814856e-11,0.030331266152008002,1.0805228401659477e-10,-0.13952926520012296
Hydrophobicity_C3,22,0.15500139,Hydrophobicity_group2_D100,-0.35071016997980947,1.6637403540446817e-28,-0.320183623829242,8.844835104044972e-24,8.053467800738025e-28,5.1646414768374486e-23,0.03052654615056749
Hydrophobicity_C3,22,0.15500139,Hydrophobicity_group3_D0,-0.2331990630997575,4.876643040221315e-13,-0.09634033488132167,0.003157701007466791,1.4861302695564956e-12,0.005221149190563902,0.1368587282184358
Hydrophobicity_C3,22,0.15500139,Hydrophobicity_group3_D25,-0.25921737330481126,7.482828129526944e-16,-0.10146703677835978,0.0018719158095121206,2.555485271229038e-15,0.0031996923253687216,0.15775033652645148
Hydrophobicity_C3,22,0.15500139,Hydrophobicity_group3_D50,-0.03223260418086179,0.3243325077288049,0.06317307816214544,0.05322307829096988,0.37548373511757654,0.07306415186676507,-0.030940473981283655
Hydrophobicity_C3,22,0.15500139,Hydrophobicity_group3_D75,0.11037397969987596,0.0007132535117359623,0.15077030098013053,3.5605947346142963e-06,0.0012311455964848133,8.440302635636444e-06,-0.04039632128025457
Hydrophobicity_C3,22,0.15500139,Hydrophobicity_group3_D100,0.053269189089584536,0.10319143278772246,0.08583025566268492,0.008572498671604206,0.13149919325104653,0.013505729039225494,-0.03256106657310038
Hydrophobicity_C3,22,0.15500139,NormVanDerWaalsVolume_C1,-0.8302738031407688,1.3516034375492005e-239,-0.7736799316011953,1.620914652316234e-187,7.651449968498865e-238,8.732024094735841e-186,0.056593871539573515
Hydrophobicity_C3,22,0.15500139,NormVanDerWaalsVolume_C2,0.8054406003211497,1.2436376092756085e-214,0.7431415814929729,2.510989862263642e-165,6.19962629101572e-213,1.2333391382294947e-163,0.06229901882817679
Hydrophobicity_C3,22,0.15500139,NormVanDerWaalsVolume_C3,0.6130003065389308,8.953885210426228e-98,0.5132649872090558,4.2104632565613495e-64,1.2890507156389481e-96,6.087855964032428e-63,0.099735319329875
Hydrophobicity_C3,22,0.15500139,NormVanDerWaalsVolume_T12,-0.21354863144854397,3.9906562831724814e-11,-0.128568676765105,7.92414472931091e-05,1.1070425237372166e-10,0.0001616777238601004,0.08497995468343897
Hydrophobicity_C3,22,0.15500139,NormVanDerWaalsVolume_T13,-0.13613602105123926,2.90098876517591e-05,-0.16981418381923533,1.7026859615724462e-07,5.672893721128536e-05,4.5715201862154097e-07,-0.03367816276799607
Hydrophobicity_C3,22,0.15500139,NormVanDerWaalsVolume_T23,0.7376151043013879,1.2033844604102447e-161,0.6636861878560116,4.987722445736515e-120,3.940494213500213e-160,1.7353117675791627e-118,0.07392891644537625
Hydrophobicity_C3,22,0.15500139,NormVanDerWaalsVolume_group1_D0,0.3830770489047437,4.065521155913691e-34,0.3359143662235835,3.7834110001282974e-26,2.259374485981985e-33,2.361979951481965e-25,0.047162682681160195
Hydrophobicity_C3,22,0.15500139,NormVanDerWaalsVolume_group1_D25,0.30548602298300287,1.0874602467971517e-21,0.16749736202855087,2.512069072238181e-07,4.424016107554795e-21,6.664265846922578e-07,0.137988660954452
Hydrophobicity_C3,22,0.15500139,NormVanDerWaalsVolume_group1_D50,-0.11398373739562086,0.00047257948872551404,-0.20422734998730718,2.7945900848512626e-10,0.0008346988325453288,9.124077109876068e-10,-0.09024361259168633
Hydrophobicity_C3,22,0.15500139,NormVanDerWaalsVolume_group1_D75,-0.0904512961993365,0.005592893998008338,-0.2216454720911127,6.831971853207753e-12,0.00865227695847515,2.4993193855108318e-11,-0.1311941758917762
Hydrophobicity_C3,22,0.15500139,NormVanDerWaalsVolume_group1_D100,-0.3763884924775058,6.634402581895206e-33,-0.3512551188205867,1.354700880753941e-28,3.551106510181088e-32,8.802920120074248e-28,0.02513337365691909
Hydrophobicity_C3,22,0.15500139,NormVanDerWaalsVolume_group2_D0,0.14554803854368073,7.70630453418009e-06,0.18751884999799912,7.305114953420282e-09,1.5732920014768644e-05,2.1843405500826983e-08,-0.041970811454318385
Hydrophobicity_C3,22,0.15500139,NormVanDerWaalsVolume_group2_D25,-0.20286739817122285,3.684251098212312e-10,-0.04587631872490654,0.1605693458007122,9.613592709397751e-10,0.19829180388241635,0.1569910794463163
Hydrophobicity_C3,22,0.15500139,NormVanDerWaalsVolume_group2_D50,0.09631670670933068,0.0031651472268432197,0.160971481577459,7.301481431416337e-07,0.005031695258284795,1.8701647224640005e-06,-0.06465477486812832
Hydrophobicity_C3,22,0.15500139,NormVanDerWaalsVolume_group2_D75,0.12603890661139383,0.00010955425870886974,0.15577772009101992,1.6567080697401906e-06,0.00020487750508825584,4.074672277564239e-06,-0.02973881347962609
Hydrophobicity_C3,22,0.15500139,NormVanDerWaalsVolume_group2_D100,0.18533992941895008,1.0947596849234667e-08,0.13796293008256483,2.257700659788059e-05,2.661206220992998e-08,4.918930335089444e-05,0.047376999336385256
Hydrophobicity_C3,22,0.15500139,NormVanDerWaalsVolume_group3_D0,-0.18441104765413185,1.2989182674923838e-08,-0.11718474321786254,0.00032478827320579914,3.141358622209425e-08,0.0006121855713924205,0.06722630443626931
Hydrophobicity_C3,22,0.15500139,NormVanDerWaalsVolume_group3_D25,-0.17753104997486308,4.48606832955482e-08,-0.11813057301402657,0.0002901944373685116,1.0354850187085763e-07,0.0005532245552573224,0.0594004769608365
Hydrophobicity_C3,22,0.15500139,NormVanDerWaalsVolume_group3_D50,-0.043365605512847884,0.18474268422405174,0.010727660123682047,0.7429497242325802,0.22454169043243552,0.7764243050490669,0.03263794538916584
Hydrophobicity_C3,22,0.15500139,NormVanDerWaalsVolume_group3_D75,0.07228025164848416,0.026934040017447383,0.13993253301818187,1.7168796210825003e-05,0.037718949122966146,3.790071338014244e-05,-0.06765228136969771
Hydrophobicity_C3,22,0.15500139,NormVanDerWaalsVolume_group3_D100,0.07602731388695669,0.019939014887619025,0.023411187989609766,0.4741342235670768,0.028545353503920935,0.529634885188641,0.05261612589734692
Hydrophobicity_C3,22,0.15500139,Polarity_C1,0.9258839821731294,0.0,0.9037898543497931,0.0,0.0,0.0,0.022094127823336307
Hydrophobicity_C3,22,0.15500139,Polarity_C2,-0.8246865332396631,1.227633225225122e-233,-0.765480199705485,3.1583758096615866e-181,6.613378987503075e-232,1.674440508614238e-179,0.059206333534178146
Hydrophobicity_C3,22,0.15500139,Polarity_C3,0.6263961467976928,2.947618207019884e-103,0.4941500094654566,7.596124206625189e-59,4.557891116410376e-102,9.610248049290958e-58,0.13224613733223622
Hydrophobicity_C3,22,0.15500139,Polarity_T12,-0.33562457037261406,4.1955048669069764e-26,-0.19963575780909132,7.050784274570801e-10,1.9065287422407213e-25,2.2343092482985268e-09,0.13598881256352274
Hydrophobicity_C3,22,0.15500139,Polarity_T13,0.7379991844885972,6.724104470143359e-162,0.6462395997678001,6.87761038055303e-112,2.2236147455721602e-160,2.0882926064588292e-110,0.09175958472079715
Hydrophobicity_C3,22,0.15500139,Polarity_T23,-0.4343818152477844,2.099078653467003e-44,-0.4633523968368979,4.7769134593463204e-51,1.4192151219797146e-43,5.231111788267774e-50,-0.028970581589113475
Hydrophobicity_C3,22,0.15500139,Polarity_group1_D0,-0.12885194468547687,7.63902903420366e-05,-0.020093387600141115,0.5390113292736861,0.0001448033880490365,0.5892955285676307,0.10875855708533574
Hydrophobicity_C3,22,0.15500139,Polarity_group1_D25,-0.26235750274101294,3.25232178789964e-16,-0.14472159216583136,8.686980953926766e-06,1.123345891580641e-15,1.9791621000078716e-05,0.11763591057518158
Hydrophobicity_C3,22,0.15500139,Polarity_group1_D50,-0.06633600911411278,0.04234623853714833,0.010870492138623799,0.739650387884001,0.05755345036188394,0.7739449547407778,0.055465516975488974
Hydrophobicity_C3,22,0.15500139,Polarity_group1_D75,0.053087919386393526,0.10437122194498581,0.12967557835928387,6.864041674194008e-05,0.13285056451838895,0.00014125631048556985,-0.07658765897289034
Hydrophobicity_C3,22,0.15500139,Polarity_group1_D100,-0.017621945474466213,0.5900679487049281,-0.028029755117741282,0.3914301576846663,0.6354946825343458,0.4471192635659321,-0.01040780964327507
Hydrophobicity_C3,22,0.15500139,Polarity_group2_D0,0.40873857435176086,4.8735404975981885e-39,0.3624166573544675,1.8413056820911125e-30,3.031215132584348e-38,1.2759255141461235e-29,0.04632191699729338
Hydrophobicity_C3,22,0.15500139,Polarity_group2_D25,0.34905382635223964,3.0992637666948137e-28,0.186240096856908,9.26807397258222e-09,1.4830287938052547e-27,2.744270130179487e-08,0.16281372949533163
Hydrophobicity_C3,22,0.15500139,Polarity_group2_D50,0.01658501699750844,0.6121322790317922,-0.12295665672917967,0.00016125718699640826,0.6548756604632242,0.0003168229438635315,-0.10637163973167123
Hydrophobicity_C3,22,0.15500139,Polarity_group2_D75,-0.08640506377197327,0.00813732120713994,-0.24254472894745369,5.1852714759092663e-14,0.012303600195494523,2.1812099155588096e-13,-0.15613966517548042
Hydrophobicity_C3,22,0.15500139,Polarity_group2_D100,-0.35323047800492446,6.410367400592224e-29,-0.3498614750660992,2.2893980890045046e-28,3.1766509077118736e-28,1.4790308737475909e-27,0.0033690029388252496
Hydrophobicity_C3,22,0.15500139,Polarity_group3_D0,0.05139135370651792,0.11593855384089162,0.07411654116009696,0.02327843774036288,0.14623669555459895,0.034160800550444646,-0.022725187453579036
Hydrophobicity_C3,22,0.15500139,Polarity_group3_D25,-0.29266829326411536,5.811083454739132e-20,-0.058368790800782784,0.07412630400740819,2.241226182312783e-19,0.09875622472466827,0.2342995024633326
Hydrophobicity_C3,22,0.15500139,Polarity_group3_D50,-0.034462752137519495,0.2919628570578941,0.13011007647005984,6.48574597625033e-05,0.3420399658272067,0.00013371846642392656,-0.09564732433254035
Hydrophobicity_C3,22,0.15500139,Polarity_group3_D75,-0.0038479673681176495,0.9063598514789483,0.1396582942883515,1.7839994173964564e-05,0.9218154396893079,3.9223424729077857e-05,-0.13581032692023384
Hydrophobicity_C3,22,0.15500139,Polarity_group3_D100,0.18552358257284182,1.0582567195976223e-08,0.09776874282052023,0.0027360843769049722,2.574346280740028e-08,0.004587611354850706,0.0877548397523216
Hydrophobicity_C3,22,0.15500139,Polarizability_C1,-0.8301912790468184,1.6612387069365605e-239,-0.778730495656947,1.5924174406124606e-191,9.247562135280186e-238,8.719138117451833e-190,0.05146078338987148
Hydrophobicity_C3,22,0.15500139,Polarizability_C2,0.7452189233007407,9.811824350925506e-167,0.6971895034232704,2.623728224534262e-137,3.449630877062231e-165,1.0954065337430544e-135,0.048029419877470336
Hydrophobicity_C3,22,0.15500139,Polarizability_C3,0.6130003065389308,8.953885210426228e-98,0.5132649872090558,4.2104632565613495e-64,1.2890507156389481e-96,6.087855964032428e-63,0.099735319329875
Hydrophobicity_C3,22,0.15500139,Polarizability_T12,-0.5942581676798948,1.565100658743947e-90,-0.472185008977528,3.3367806782361957e-53,2.0028491188524073e-89,3.8298444897968705e-52,0.12207315870236679
Hydrophobicity_C3,22,0.15500139,Polarizability_T13,-0.1404612721151685,1.5941934998372846e-05,-0.1893044923756559,5.224991260945446e-09,3.178869426541212e-05,1.5821823038583672e-08,-0.048843220260487374
Hydrophobicity_C3,22,0.15500139,Polarizability_T23,0.7262390761345467,2.3483982375486315e-154,0.6543730771055619,1.2887011720450353e-115,7.003259029832526e-153,4.219864622186684e-114,0.07186599902898483
Hydrophobicity_C3,22,0.15500139,Polarizability_group1_D0,0.36260557087299367,1.7095707723491145e-30,0.326242591849857,1.1238794589841411e-24,8.651464211584913e-30,6.71512950448485e-24,0.03636297902313668
Hydrophobicity_C3,22,0.15500139,Polarizability_group1_D25,0.21388528610178575,3.7134269552745855e-11,0.054602335827972914,0.09483678258429161,1.03616090481346e-10,0.12344304514089399,0.15928295027381284
Hydrophobicity_C3,22,0.15500139,Polarizability_group1_D50,-0.08562938342274365,0.008729403927161695,-0.26407211088584975,2.0537259218822543e-16,0.013139346154447978,9.52700635984268e-16,-0.1784427274631061
Hydrophobicity_C3,22,0.15500139,Polarizability_group1_D75,-0.15014679475644085,3.909833601387179e-06,-0.31298161787374396,9.668410874067675e-23,8.141424082689015e-06,5.445614219120748e-22,-0.1628348231173031
Hydrophobicity_C3,22,0.15500139,Polarizability_group1_D100,-0.3201280116925073,9.011958298250621e-24,-0.33439197747969257,6.504688264435938e-26,3.819789430984401e-23,4.008424133434692e-25,-0.014263965787185251
Hydrophobicity_C3,22,0.15500139,Polarizability_group2_D0,0.26446602986955803,1.847005386390158e-16,0.26345468211897716,2.424401166485369e-16,6.426039573482425e-16,1.1184392121631399e-15,0.001011347750580871
Hydrophobicity_C3,22,0.15500139,Polarizability_group2_D25,-0.07399632456309065,0.023503869782694788,0.06644934653823013,0.04199420945876257,0.033362193216902335,0.058711033734728746,0.007546978024860512
Hydrophobicity_C3,22,0.15500139,Polarizability_group2_D50,0.0036387195646218036,0.9114303536110083,0.18638484064517913,9.022479660011863e-09,0.9255632049439854,2.678673961283522e-08,-0.18274612108055732
Hydrophobicity_C3,22,0.15500139,Polarizability_group2_D75,0.15998583186781568,8.547117584041072e-07,0.2530858588587391,3.687262684002898e-15,1.8501213694554231e-06,1.6268767984900502e-14,-0.0931000269909234
Hydrophobicity_C3,22,0.15500139,Polarizability_group2_D100,-0.05150061869553417,0.1151644749507106,-0.02094637212953145,0.5219175423934697,0.14531520450901902,0.5753150467307553,0.03055424656600272
Hydrophobicity_C3,22,0.15500139,Polarizability_group3_D0,-0.18441104765413185,1.2989182674923838e-08,-0.11718474321786254,0.00032478827320579914,3.141358622209425e-08,0.0006121855713924205,0.06722630443626931
Hydrophobicity_C3,22,0.15500139,Polarizability_group3_D25,-0.17753104997486308,4.48606832955482e-08,-0.11813057301402657,0.0002901944373685116,1.0354850187085763e-07,0.0005532245552573224,0.0594004769608365
Hydrophobicity_C3,22,0.15500139,Polarizability_group3_D50,-0.043365605512847884,0.18474268422405174,0.010727660123682047,0.7429497242325802,0.22454169043243552,0.7764243050490669,0.03263794538916584
Hydrophobicity_C3,22,0.15500139,Polarizability_group3_D75,0.07228025164848416,0.026934040017447383,0.13993253301818187,1.7168796210825003e-05,0.037718949122966146,3.790071338014244e-05,-0.06765228136969771
Hydrophobicity_C3,22,0.15500139,Polarizability_group3_D100,0.07602731388695669,0.019939014887619025,0.023411187989609766,0.4741342235670768,0.028545353503920935,0.529634885188641,0.05261612589734692
Hydrophobicity_C3,22,0.15500139,Charge_C1,0.5325979317390463,9.055768418066737e-70,0.43908678365104087,1.933485336961749e-45,8.716503318830808e-69,1.8827524855545894e-44,0.09351114808800548
Hydrophobicity_C3,22,0.15500139,Charge_C2,-0.5873780109476047,5.437826944083239e-88,-0.45713007458896593,1.4467220146037152e-49,6.751799997486251e-87,1.53886991362306e-48,0.13024793635863874
Hydrophobicity_C3,22,0.15500139,Charge_C3,0.4715049875064486,4.915362899043655e-53,0.3130170164605662,9.55694893759888e-23,3.714324000634798e-52,5.391927272226395e-22,0.15848797104588241
Hydrophobicity_C3,22,0.15500139,Charge_T12,0.4544561765116466,6.131557137073345e-49,0.38223898601237244,5.7891485623829446e-34,4.3573193271968026e-48,4.33537134492355e-33,0.07221719049927416
Hydrophobicity_C3,22,0.15500139,Charge_T13,0.48338168700976314,4.991577130037439e-56,0.35210052941723397,9.841242904844752e-29,3.998049787607925e-55,6.419873301207319e-28,0.13128115759252917
Hydrophobicity_C3,22,0.15500139,Charge_T23,0.3975215035197603,7.805402530633028e-37,0.23127102825638154,7.652081232295306e-13,4.614167159701648e-36,2.975314472161388e-12,0.16625047526337874
Hydrophobicity_C3,22,0.15500139,Charge_group1_D0,0.08322989405652584,0.010811677814107544,0.11998209638793467,0.00023222136114842365,0.016042205197298622,0.0004457582449630661,-0.03675220233140883
Hydrophobicity_C3,22,0.15500139,Charge_group1_D25,-0.016737615781102666,0.6088624012722876,0.0711867820887851,0.02933791818657703,0.652003982125502,0.04216378947640589,-0.05444916630768243
Hydrophobicity_C3,22,0.15500139,Charge_group1_D50,0.1366287362719162,2.7121689215645862e-05,0.17840187124845264,3.84481904178355e-08,5.316105750015092e-05,1.0910531520439301e-07,-0.041773134976536425
Hydrophobicity_C3,22,0.15500139,Charge_group1_D75,0.05778745794125972,0.0770580989160626,0.13197111803788497,5.0773280129493505e-05,0.09995108752607733,0.00010585690114388783,-0.07418366009662525
Hydrophobicity_C3,22,0.15500139,Charge_group1_D100,0.03731671965191762,0.2538056450547232,0.0017552298294853334,0.9572086765159656,0.3008709788853546,0.9623952376770998,0.03556148982243229
Hydrophobicity_C3,22,0.15500139,Charge_group2_D0,0.3025429432306406,2.7596153443544402e-21,0.3367710152565425,2.785318322779776e-26,1.1091594765516042e-20,1.7453964724361074e-25,-0.03422807202590189
Hydrophobicity_C3,22,0.15500139,Charge_group2_D25,0.0252663639224553,0.4398148928565478,-0.07928864888032372,0.015197223115909144,0.4906418644425082,0.023051192192160102,-0.05402228495786842
Hydrophobicity_C3,22,0.15500139,Charge_group2_D50,-0.1802786616170046,2.7502738554722665e-08,-0.20686074609748717,1.627479275591215e-10,6.482649736963564e-08,5.403360616774014e-10,-0.026582084480482576
Hydrophobicity_C3,22,0.15500139,Charge_group2_D75,-0.13572757395483734,3.066906833284985e-05,-0.17448135097494932,7.653730736257112e-08,5.9833345929742115e-05,2.109196424018049e-07,-0.038753777020111985
Hydrophobicity_C3,22,0.15500139,Charge_group2_D100,-0.20965451624954373,9.098645581839548e-11,-0.12598873294317367,0.00011025366851219034,2.4767299301828927e-10,0.00022156874418213942,0.08366578330637006
Hydrophobicity_C3,22,0.15500139,Charge_group3_D0,0.039072896374837705,0.23212652529786348,0.032875798726116796,0.31476609184873844,0.2772899121941574,0.36708056800795613,0.006197097648720909
Hydrophobicity_C3,22,0.15500139,Charge_group3_D25,-0.09670281410079949,0.0030454494189168183,0.022271924801479256,0.4959169355312364,0.004855274968583376,0.5521208548914432,0.07443088929932024
Hydrophobicity_C3,22,0.15500139,Charge_group3_D50,0.039011308595955745,0.23286387055489194,0.05642769072440072,0.08428495824751944,0.2779718826495136,0.11105000416043982,-0.017416382128444978
Hydrophobicity_C3,22,0.15500139,Charge_group3_D75,0.08476763817398579,0.009431991161457959,0.08246214334147409,0.011565352873914584,0.014126838779941517,0.01786691887089487,0.0023054948325117036
Hydrophobicity_C3,22,0.15500139,Charge_group3_D100,0.12735184917402498,9.267086948753935e-05,0.04450104284132516,0.17349689647551753,0.00017447615788522062,0.21234138300777888,0.08285080633269981
Hydrophobicity_C3,22,0.15500139,SecondaryStructure_C1,0.6025209648076042,1.1502086586562974e-93,0.4711217644334579,6.112133365700456e-53,1.5553428825554793e-92,6.943716136544056e-52,0.13139920037414632
Hydrophobicity_C3,22,0.15500139,SecondaryStructure_C2,-0.1257903275835926,0.00011306080477636941,-0.025106867402034598,0.44270836002287284,0.0002109626189681977,0.49920524053895854,0.100683460181558
Hydrophobicity_C3,22,0.15500139,SecondaryStructure_C3,-0.7261444154785892,2.6908312359712384e-154,-0.6313600862862088,2.3393354587219036e-105,7.883663445740295e-153,6.352341814740779e-104,0.09478432919238045
Hydrophobicity_C3,22,0.15500139,SecondaryStructure_T12,0.6084638963718099,5.617105076881293e-96,0.5150793379714849,1.281902974884655e-64,7.817137898659799e-95,1.8861479894778623e-63,0.093384558400325
Hydrophobicity_C3,22,0.15500139,SecondaryStructure_T13,0.16364167682884584,4.742517461893988e-07,0.011122248674024175,0.7338466226144511,1.0469271859038944e-06,0.7688355456500209,0.15251942815482167
Hydrophobicity_C3,22,0.15500139,SecondaryStructure_T23,-0.5215169787908496,1.77797931410536e-66,-0.37413998916169106,1.6716925117465888e-32,1.60066062240213e-65,1.2072137632341424e-31,0.14737698962915852
Hydrophobicity_C3,22,0.15500139,SecondaryStructure_group1_D0,0.10466082380491791,0.0013354362893264944,0.15779954066404794,1.208053316252626e-06,0.002232411014189435,3.0241722528358715e-06,-0.053138716859130034
Hydrophobicity_C3,22,0.15500139,SecondaryStructure_group1_D25,0.07340236612603486,0.02464564029645652,0.06019187960533878,0.06551736830015392,0.03485031269693682,0.08845109544159825,0.013210486520696077
Hydrophobicity_C3,22,0.15500139,SecondaryStructure_group1_D50,0.2826578270270991,1.1320232277258443e-18,0.2390874298474951,1.201401351241547e-13,4.196401310326659e-18,4.941724769885181e-13,0.04357039717960398
Hydrophobicity_C3,22,0.15500139,SecondaryStructure_group1_D75,0.20039262118145118,6.062321564819002e-10,0.12739905132115772,9.211217267388165e-05,1.5671945840940764e-09,0.00018611896958908936,0.07299356986029346
Hydrophobicity_C3,22,0.15500139,SecondaryStructure_group1_D100,0.1630450506577053,5.225713628829407e-07,0.08466457667194036,0.009519302915986273,1.1497946983063384e-06,0.01491997735307093,0.07838047398576495
Hydrophobicity_C3,22,0.15500139,SecondaryStructure_group2_D0,0.052837478607618615,0.10601877686488523,0.11183774285293858,0.0006044740402456698,0.134537505596017,0.0011062702983126232,-0.05900026424531997
Hydrophobicity_C3,22,0.15500139,SecondaryStructure_group2_D25,-0.057990433268621265,0.07602390771654455,-0.10439276577292188,0.0013743165354593596,0.09876306953452306,0.002385767790246497,-0.04640233250430061
Hydrophobicity_C3,22,0.15500139,SecondaryStructure_group2_D50,-0.09623215580156545,0.003191923814551391,-0.08957150235993949,0.006075451809883758,0.0050718484969560634,0.009797914549557757,0.0066606534416259605
Hydrophobicity_C3,22,0.15500139,SecondaryStructure_group2_D75,-0.1519226227214003,2.9922153600735573e-06,-0.06888709753952263,0.035000239696839554,6.285534152607347e-06,0.04976619863237297,0.08303552518187768
Hydrophobicity_C3,22,0.15500139,SecondaryStructure_group2_D100,-0.16258013272774685,5.63475599880211e-07,-0.13698226041124895,2.583943712973878e-05,1.2349137162729034e-06,5.597022742978763e-05,0.025597872316497905
Hydrophobicity_C3,22,0.15500139,SecondaryStructure_group3_D0,0.30940018572144634,3.099839240983906e-22,0.2838698792682422,7.951822737547455e-19,1.2750570276953505e-21,4.086013529755154e-18,0.025530306453204143
Hydrophobicity_C3,22,0.15500139,SecondaryStructure_group3_D25,0.06282346154040039,0.054557087483683875,0.05246154803047619,0.10853045807043815,0.07259787736872675,0.13858282735137883,0.0103619135099242
Hydrophobicity_C3,22,0.15500139,SecondaryStructure_group3_D50,-0.22919087837358793,1.2385536835888581e-12,-0.17798229271075963,4.141848198420045e-08,3.713437435535715e-12,1.1693806409740449e-07,0.05120858566282829
Hydrophobicity_C3,22,0.15500139,SecondaryStructure_group3_D75,-0.11745447588862454,0.0003145490315153635,-0.09955128736081491,0.002282143541033306,0.0005651391959447629,0.003867254909716511,0.01790318852780963
Hydrophobicity_C3,22,0.15500139,SecondaryStructure_group3_D100,-0.26726603360105927,8.644604985837546e-17,-0.2332421569829876,4.827560798756342e-13,3.0488891924706866e-16,1.9036662417764086e-12,0.034023876618071686
Hydrophobicity_C3,22,0.15500139,SolventAccessibility_C1,0.05472228578298719,0.09411240239907553,0.008499363901392007,0.7949973738471656,0.12043502835743766,0.8205473512514009,0.046222921881595186
Hydrophobicity_C3,22,0.15500139,SolventAccessibility_C2,0.5770027564671314,2.8430643201882693e-84,0.44133153872553416,6.115661484933467e-46,3.331871869975024e-83,6.025459988105539e-45,0.13567121774159724
Hydrophobicity_C3,22,0.15500139,SolventAccessibility_C3,-0.6217002891817307,2.6405329086584758e-101,-0.47887631777605355,7.040789560862896e-55,3.9726936553690586e-100,8.368767663089705e-54,0.14282397140567715
Hydrophobicity_C3,22,0.15500139,SolventAccessibility_T12,0.5286877479343314,1.357985903688894e-68,0.3549464901025979,3.332033048582844e-29,1.2599091439780294e-67,2.1994052138866994e-28,0.1737412578317335
Hydrophobicity_C3,22,0.15500139,SolventAccessibility_T13,-0.5370980826756987,3.839863103919987e-71,-0.41626772585076793,1.4461854905027927e-40,3.7832279548946184e-70,1.2385280867382892e-39,0.12083035682493076
Hydrophobicity_C3,22,0.15500139,SolventAccessibility_T23,0.0015364470746318474,0.9625382595134552,0.008356827871191219,0.7983606493419282,0.9671714159972745,0.8237641547117825,-0.006820380796559371
Hydrophobicity_C3,22,0.15500139,SolventAccessibility_group1_D0,0.21144525058966432,6.240777451313996e-11,0.22365938620481673,4.357059349431475e-12,1.7155717438180037e-10,1.618751749399458e-11,-0.012214135615152416
Hydrophobicity_C3,22,0.15500139,SolventAccessibility_group1_D25,0.2185918841240584,1.3401879579751489e-11,0.13151138917185326,5.395504395587481e-05,3.8588170514112044e-11,0.0001122802783879264,0.08708049495220513
Hydrophobicity_C3,22,0.15500139,SolventAccessibility_group1_D50,0.1625896121012529,5.626116252588277e-07,0.043648962909287534,0.18188702260314688,1.2338298282104298e-06,0.22220287326061103,0.11894064919196536
Hydrophobicity_C3,22,0.15500139,SolventAccessibility_group1_D75,0.07866430559638321,0.016019587486480497,-0.04234755502797383,0.19527586943629113,0.02323137781465708,0.23682694405127536,0.036316750568409384
Hydrophobicity_C3,22,0.15500139,SolventAccessibility_group1_D100,-0.1313816133284163,5.488679945998835e-05,-0.13549215387417976,3.1665879864100465e-05,0.00010505553592914677,6.788449213484952e-05,-0.004110540545763458
Hydrophobicity_C3,22,0.15500139,SolventAccessibility_group2_D0,0.10627501872035344,0.001121945158073677,0.1109938812544222,0.0006651392444345145,0.0018897109571185484,0.0012086861133902495,-0.004718862534068752
Hydrophobicity_C3,22,0.15500139,SolventAccessibility_group2_D25,-0.2357563606927646,2.666235004708289e-13,-0.018646031528474404,0.5686429802342158,8.222737687650679e-13,0.6166453097345067,0.21711032916429018
Hydrophobicity_C3,22,0.15500139,SolventAccessibility_group2_D50,-0.01949195216301286,0.5512302109436108,0.10981350978844193,0.0007595144379155007,0.5995144593134679,0.001370490665930725,-0.09032155762542907
Hydrophobicity_C3,22,0.15500139,SolventAccessibility_group2_D75,-0.02586684763389398,0.42901904895063453,0.11801499995763058,0.0002942286151083654,0.4802022866940749,0.0005583656673079206,-0.0921481523237366
Hydrophobicity_C3,22,0.15500139,SolventAccessibility_group2_D100,0.17841496196309178,3.8358918273760215e-08,0.07372938287122913,0.024011216325606325,8.928138469293319e-08,0.03514349804010742,0.10468557909186266
Hydrophobicity_C3,22,0.15500139,SolventAccessibility_group3_D0,-0.061068877169313376,0.06167917078379199,0.0434806924079182,0.18357887502213782,0.0812656530247989,0.22402526851377386,0.017588184761395176
Hydrophobicity_C3,22,0.15500139,SolventAccessibility_group3_D25,-0.09210320415338191,0.004779116361835447,-0.1153070388408694,0.000405171650124529,0.007427756467440853,0.0007522364154618827,-0.02320383468748749
Hydrophobicity_C3,22,0.15500139,SolventAccessibility_group3_D50,-0.18040452311576463,2.688830480393881e-08,-0.1520682347239039,2.9269069077594557e-06,6.351268602910582e-08,7.032999332314087e-06,0.028336288391860726
Hydrophobicity_C3,22,0.15500139,SolventAccessibility_group3_D75,-0.01682282817031744,0.6070398592335601,-0.05390936017608733,0.09910940171469917,0.6502607857088167,0.128056248250327,-0.03708653200576989
Hydrophobicity_C3,22,0.15500139,SolventAccessibility_group3_D100,-0.2760512290016797,7.528957032606207e-18,-0.2044309674085065,2.6808637198404095e-10,2.7333387487939924e-17,8.761335444488227e-10,0.07162026159317322
AAC_T,16,0.15326624,AAC_A,0.22374293212968827,4.276108544077625e-12,0.15812343290953743,1.1480280827318173e-06,1.2579648554784648e-11,2.885187205661602e-06,0.06561949922015084
AAC_T,16,0.15326624,AAC_C,0.21511523548546746,2.8516242310711027e-11,0.19871700491905242,8.46295093651911e-10,8.010449900569792e-11,2.671668821169549e-09,0.01639823056641504
AAC_T,16,0.15326624,AAC_D,-0.3026639807942727,2.656481716552477e-21,-0.20984517493655402,8.742046643330567e-11,1.0689938473837679e-20,2.9673207102361883e-10,0.09281880585771868
AAC_T,16,0.15326624,AAC_E,-0.6395935615367069,6.302827042316622e-109,-0.5056355229530815,5.785821861171277e-62,1.0319334471243882e-107,8.085625529837684e-61,0.13395803858362543
AAC_T,16,0.15326624,AAC_F,-0.27646849792740424,6.689897316641447e-18,-0.22210794471872913,6.163848771264615e-12,2.434014927841224e-17,2.26233570285976e-11,0.05436055320867511
AAC_T,16,0.15326624,AAC_G,0.4025970246918437,8.041207712060352e-38,0.3489616382587975,3.2081031507753625e-28,4.90102805808058e-37,2.0685452748242688e-27,0.05363538643304622
AAC_T,16,0.15326624,AAC_H,-0.5292016347951489,9.532857903693164e-69,-0.3898362216440417,2.263000599899571e-35,8.968942365728215e-68,1.7496347230705016e-34,0.13936541315110723
AAC_T,16,0.15326624,AAC_I,-0.4011353768018991,1.5535916771241238e-37,-0.3070187791574538,6.667264585109299e-22,9.400355437671327e-37,3.69297905709205e-21,0.0941165976444453
AAC_T,16,0.15326624,AAC_K,-0.4025297374180933,8.289330128095304e-38,-0.23701058078804893,1.9777024196328646e-13,5.0430533019741916e-37,8.014309305313913e-13,0.16551915663004435
AAC_T,16,0.15326624,AAC_L,-0.5309307049848743,2.8854882048011944e-69,-0.4338702232757089,2.714339118053956e-44,2.7457352148250683e-68,2.560986625508535e-43,0.09706048170916537
AAC_T,16,0.15326624,AAC_M,-0.3105668779514637,2.12457468086822e-22,-0.1999805557727026,6.58241357933346e-10,8.749789684463446e-22,2.089853740967087e-09,0.1105863221787611
AAC_T,16,0.15326624,AAC_N,0.06675210303571437,0.0410659437227545,0.07743825161428376,0.017748826259883655,0.056006636191915087,0.026500259145288963,-0.010686148578569393
AAC_T,16,0.15326624,AAC_P,0.32476985413566745,1.8637095942362523e-24,0.07814098757346673,0.01673871688833861,8.09465545481025e-24,0.02510476820486092,0.24662886656220073
AAC_T,16,0.15326624,AAC_Q,-0.09616756844705929,0.003212516788283852,-0.0505074914177019,0.12235117640337567,0.005102142688001933,0.1542086525234999,0.045660077029357385
AAC_T,16,0.15326624,AAC_R,-0.12024036001633787,0.0002250567668371205,-0.22654693108696453,2.2688574789187135e-12,0.0004109839263181971,8.615604036900032e-12,-0.10630657107062666
AAC_T,16,0.15326624,AAC_S,0.49174660842209067,3.297683737070381e-58,0.3011950322794076,4.212455122355134e-21,2.712872828033269e-57,2.291465815743672e-20,0.1905515761426831
AAC_T,16,0.15326624,AAC_T,1.0,0.0,0.9999999999999999,0.0,0.0,0.0,1.1102230246251565e-16
AAC_T,16,0.15326624,AAC_V,-0.024269010948757712,0.45808544551319885,-0.01234011901129747,0.7059902014868374,0.5088145620266326,0.7431475805124605,0.011928891937460242
AAC_T,16,0.15326624,AAC_W,0.04970601191161595,0.12840230158400387,-0.03231124784286943,0.32315277962214994,0.1608640987586545,0.37594227932357394,0.017394764068746522
AAC_T,16,0.15326624,AAC_Y,0.022087419848889973,0.4994941676958842,0.07285331840921949,0.025743435903744154,0.5489669365265722,0.037514431029016346,-0.05076589856032952
AAC_T,16,0.15326624,Hydrophobicity_C1,-0.6582560651544993,1.948367423225536e-117,-0.5294373248743707,8.103156146019669e-69,3.655925389647916e-116,1.2529880336900784e-67,0.12881874028012863
AAC_T,16,0.15326624,Hydrophobicity_C2,0.7595470339914613,7.798759362869773e-177,0.6570609777034175,7.126100131214336e-117,3.2971969964538026e-175,2.3565519245797904e-115,0.10248605628804375
AAC_T,16,0.15326624,Hydrophobicity_C3,-0.6992270743930018,1.9519391121790026e-138,-0.5975874165764304,8.767023284010213e-92,4.559074569704803e-137,1.978503903283386e-90,0.10163965781657136
AAC_T,16,0.15326624,Hydrophobicity_T12,-0.04714144951331956,0.149331518808663,0.010533527429814636,0.7474416339336022,0.18459188483380254,0.7803860760669682,0.036607922083504926
AAC_T,16,0.15326624,Hydrophobicity_T13,-0.670476244058961,2.3952836567340458e-123,-0.5416894942266965,1.453208359009885e-72,4.6244204702264233e-122,2.3909930635926184e-71,0.12878674983226446
AAC_T,16,0.15326624,Hydrophobicity_T23,0.21423526192542341,3.4451894936624934e-11,0.12204656725093622,0.00018044987276247417,9.637297243578499e-11,0.0003522516510968227,0.09218869467448719
AAC_T,16,0.15326624,Hydrophobicity_group1_D0,0.010109498284332104,0.7572826066925196,0.023655108631264892,0.469539642545946,0.7911554289499578,0.5255571066030361,-0.013545610346932788
AAC_T,16,0.15326624,Hydrophobicity_group1_D25,0.29031799258813934,1.1795126444457527e-19,0.054907738702491556,0.09300117311655215,4.51268296958627e-19,0.12112382765162492,0.2354102538856478
AAC_T,16,0.15326624,Hydrophobicity_group1_D50,-0.012436818377624644,0.7037945811886661,-0.17095693125568875,1.4027407292152118e-07,0.7417715055759371,3.7813995444542436e-07,-0.1585201128780641
AAC_T,16,0.15326624,Hydrophobicity_group1_D75,-0.033365342786272574,0.30761034699811385,-0.2154478857189501,2.6543380303060558e-11,0.3576117504259312,9.341927314248921e-11,-0.18208254293267753
AAC_T,16,0.15326624,Hydrophobicity_group1_D100,-0.3253952376123255,1.5040083999752877e-24,-0.2385644365266482,1.362679099253209e-13,6.575115256436468e-24,5.577632587629556e-13,0.08683080108567734
AAC_T,16,0.15326624,Hydrophobicity_group2_D0,-0.2823997034142187,1.2201809259341515e-18,-0.21385158561136078,3.7403084636938304e-11,4.518186577184109e-18,1.306760488361652e-10,0.06854811780285794
AAC_T,16,0.15326624,Hydrophobicity_group2_D25,-0.28283070210398636,1.0765237589558795e-18,-0.07433235625705018,0.022878437760221384,3.9950992832362634e-18,0.03364157214227971,0.2084983458469362
AAC_T,16,0.15326624,Hydrophobicity_group2_D50,0.05102419316682279,0.11856961241156092,0.19485076053919687,1.807273116498502e-09,0.1493297531880141,5.615155543353485e-09,-0.1438265673723741
AAC_T,16,0.15326624,Hydrophobicity_group2_D75,0.0394968507445014,0.22709571038137147,0.19708317077677334,1.1683709955674734e-09,0.2716689372040762,3.653894311980675e-09,-0.15758632003227194
AAC_T,16,0.15326624,Hydrophobicity_group2_D100,0.2383767694446228,1.4255812765135378e-13,0.1878998202846205,6.802892575893709e-09,4.458278523928105e-13,2.0451540237160205e-08,0.05047694916000231
AAC_T,16,0.15326624,Hydrophobicity_group3_D0,0.24008965144755967,9.429552270716459e-14,0.08474335744871629,0.009452496865655031,2.9628132252298184e-13,0.014822225132060003,0.15534629399884337
AAC_T,16,0.15326624,Hydrophobicity_group3_D25,0.21910274672109245,1.1981488481132527e-11,0.026013742631370695,0.4264016947374148,3.458787513135924e-11,0.4826098476526484,0.19308900408972177
AAC_T,16,0.15326624,Hydrophobicity_group3_D50,0.03859289525765381,0.23791715629270432,-0.07145060136911326,0.028741674680717366,0.28349743204339367,0.041342460565717484,-0.032857706111459446
AAC_T,16,0.15326624,Hydrophobicity_group3_D75,-0.15681258818298233,1.4101223795388659e-06,-0.2155718941462725,2.5842590329547916e-11,3.01524247609463e-06,9.124128086753705e-11,-0.05875930596329018
AAC_T,16,0.15326624,Hydrophobicity_group3_D100,-0.017585551733079626,0.5908361288808502,-0.05042403811646218,0.12297067319242516,0.6354946825343458,0.15475585850139414,-0.03283848638338255
AAC_T,16,0.15326624,NormVanDerWaalsVolume_C1,0.735445794263018,3.160462112931034e-160,0.6240941535091218,2.6955785387261793e-102,1.0053279483037766e-158,7.260671225278579e-101,0.11135164075389625
AAC_T,16,0.15326624,NormVanDerWaalsVolume_C2,-0.6723310570971209,2.866966505930501e-124,-0.5474949358017013,2.150750359911782e-74,5.599805923864254e-123,3.646449848784443e-73,0.12483612129541966
AAC_T,16,0.15326624,NormVanDerWaalsVolume_C3,-0.5921663527620035,9.409016269477202e-90,-0.47314721430294754,1.9259403397512854e-53,1.1903831189414337e-88,2.2335558106837822e-52,0.11901913845905593
AAC_T,16,0.15326624,NormVanDerWaalsVolume_T12,0.1961961697009461,1.3903311565642647e-09,0.0970239409667747,0.002949052235059107,3.5394101089364663e-09,0.004897978351614827,0.0991722287341714
AAC_T,16,0.15326624,NormVanDerWaalsVolume_T13,0.01954636380577093,0.5501192024925052,0.04065624515149711,0.21373555854583395,0.5990864481007393,0.2569750775893036,-0.021109881345726177
AAC_T,16,0.15326624,NormVanDerWaalsVolume_T23,-0.6209565903236123,5.3435250665781256e-101,-0.4984662520663926,5.280487026918173e-60,8.003306601960062e-100,6.862578470780816e-59,0.12249033825721967
AAC_T,16,0.15326624,NormVanDerWaalsVolume_group1_D0,-0.26123720315055143,4.3838591305842695e-16,-0.18842011269496015,6.17083944844594e-09,1.506387808246035e-15,1.8568111493522016e-08,0.07281709045559129
AAC_T,16,0.15326624,NormVanDerWaalsVolume_group1_D25,-0.24537027132068415,2.5839785878753373e-14,-0.07149622245743302,0.02863963253957167,8.306533670359602e-14,0.04121343071183515,0.17387404886325114
AAC_T,16,0.15326624,NormVanDerWaalsVolume_group1_D50,0.14047866518911595,1.5903029927824237e-05,0.2542506024185733,2.7324043082547904e-15,3.173005971262422e-05,1.2103753832322281e-14,-0.11377193722945733
AAC_T,16,0.15326624,NormVanDerWaalsVolume_group1_D75,0.11316492693188586,0.000519374258039372,0.27393518310542364,1.3664924928776874e-17,0.000911087196350579,6.682408383911386e-17,-0.1607702561735378
AAC_T,16,0.15326624,NormVanDerWaalsVolume_group1_D100,0.3020187201435936,3.2538832627903977e-21,0.26609696365169855,1.18819350729065e-16,1.2999964231722402e-20,5.589530020212353e-16,0.03592175649189505
AAC_T,16,0.15326624,NormVanDerWaalsVolume_group2_D0,-0.04307812896667148,0.18767357187549344,-0.07671939429397645,0.01883689512131111,0.22768969490161572,0.028024601204979554,-0.03364126532730497
AAC_T,16,0.15326624,NormVanDerWaalsVolume_group2_D25,0.2094124031982929,9.571997481709585e-11,0.02963268519591408,0.3649050730823245,2.592901183204381e-10,0.42026998072240135,0.17977971800237882
AAC_T,16,0.15326624,NormVanDerWaalsVolume_group2_D50,-0.07029490285312345,0.031432917447871196,-0.1435080237158158,1.034533774509817e-05,0.04364629928307843,2.3378503429382876e-05,-0.07321312086269235
AAC_T,16,0.15326624,NormVanDerWaalsVolume_group2_D75,-0.09593973178310591,0.00328612894265222,-0.12828927128329032,8.215190220042162e-05,0.005211619500692505,0.00016700386691990762,-0.032349539500184404
AAC_T,16,0.15326624,NormVanDerWaalsVolume_group2_D100,-0.15461574112388823,1.982862461553342e-06,-0.09711305771324472,0.0029227980488031355,4.20759887013225e-06,0.004859206313092321,0.05750268341064352
AAC_T,16,0.15326624,NormVanDerWaalsVolume_group3_D0,0.18573890743307617,1.0169615237435404e-08,0.11106011465876614,0.0006601806564409928,2.482932375221802e-08,0.0012009822399307822,0.07467879277431003
AAC_T,16,0.15326624,NormVanDerWaalsVolume_group3_D25,0.10759468153263933,0.0009713155330495176,0.027730125723555068,0.39651496615003623,0.0016467989240534966,0.4516916735815556,0.07986455580908426
AAC_T,16,0.15326624,NormVanDerWaalsVolume_group3_D50,-0.09901914013640987,0.0024098663787171038,-0.18903084488750396,5.501498453542701e-09,0.0039224920589255,1.6598920356669037e-08,-0.09001170475109409
AAC_T,16,0.15326624,NormVanDerWaalsVolume_group3_D75,-0.19906401799930842,7.899881285869135e-10,-0.3045726170845436,1.453543567213838e-21,2.034356476083494e-09,7.971815294735993e-21,-0.10550859908523516
AAC_T,16,0.15326624,NormVanDerWaalsVolume_group3_D100,-0.19459339314126356,1.899858170689724e-09,-0.15753430129153864,1.25944287431259e-06,4.803577812341921e-09,3.1439007475366597e-06,0.03705909184972492
AAC_T,16,0.15326624,Polarity_C1,-0.6577521619175972,3.3685892098927976e-117,-0.5396739080170789,6.155608203720514e-72,6.285524000582091e-116,1.0029137268500741e-70,0.11807825390051829
AAC_T,16,0.15326624,Polarity_C2,0.7559682723194711,3.0216986827831645e-174,0.6474356513175507,1.9791835367738366e-112,1.2159606747585264e-172,6.120808345207976e-111,0.1085326210019204
AAC_T,16,0.15326624,Polarity_C3,-0.7116857181342064,1.5025883881441326e-145,-0.588682314065027,1.813094224009875e-88,3.8904226483731806e-144,3.8818812232006303e-87,0.12300340406917942
AAC_T,16,0.15326624,Polarity_T12,0.4502232010428654,5.876565238578299e-48,0.32602544287576996,1.2111098850375024e-24,4.1062192252827444e-47,7.210529440330229e-24,0.12419775816709544
AAC_T,16,0.15326624,Polarity_T13,-0.6856707157756335,4.2019709608113317e-131,-0.5494448542166134,5.127849336409098e-75,8.99652756994221e-130,8.828359166807417e-74,0.13622586155902017
AAC_T,16,0.15326624,Polarity_T23,0.10874229174769634,0.0008557612026291144,0.09195512841739005,0.004847433340828777,0.0014665174021453267,0.0078670686872537,0.01678716333030629
AAC_T,16,0.15326624,Polarity_group1_D0,0.11742561605564578,0.0003156299801961263,-0.010269203731403305,0.7535714127758484,0.0005664718612869757,0.7853131103498701,0.10715641232424247
AAC_T,16,0.15326624,Polarity_group1_D25,0.20436534678520235,2.7170128682890366e-10,0.05669452481970254,0.08282516923682452,7.139907930830356e-10,0.10925594994115083,0.1476708219654998
AAC_T,16,0.15326624,Polarity_group1_D50,0.044788680219894315,0.17073083656175336,-0.048748172930743294,0.1359356494054917,0.20872657178486687,0.16972899776237094,-0.003959492710848979
AAC_T,16,0.15326624,Polarity_group1_D75,-0.138076941062683,2.2224190383003063e-05,-0.24582483653777512,2.3081727794104592e-14,4.3792799928749396e-05,9.820760615580808e-14,-0.10774789547509211
AAC_T,16,0.15326624,Polarity_group1_D100,0.048181619174146144,0.1405493050479269,0.06650723587840028,0.041815359676219244,0.17509685895564187,0.05848546956389124,-0.018325616704254137
AAC_T,16,0.15326624,Polarity_group2_D0,-0.29024688237241575,1.2049242699761437e-19,-0.2193645471447945,1.1311756051553101e-11,4.604630505400824e-19,4.0756488902035985e-11,0.07088233522762125
AAC_T,16,0.15326624,Polarity_group2_D25,-0.3046751489064761,1.4070349133323604e-21,-0.10286857576693534,0.0016159151296110267,5.703272585594762e-21,0.0027846293287508333,0.20180657313954078
AAC_T,16,0.15326624,Polarity_group2_D50,0.031354738332218864,0.3376910640473226,0.20575010197834054,2.0461002721343046e-10,0.3881239345898339,6.752939633328633e-10,-0.17439536364612168
AAC_T,16,0.15326624,Polarity_group2_D75,0.09797877227534486,0.002678617753266269,0.2855998878375149,4.788731913630671e-19,0.0043136852921452935,2.4835969862618698e-18,-0.18762111556217004
AAC_T,16,0.15326624,Polarity_group2_D100,0.26713827923628813,8.951056329972095e-17,0.254912967023431,2.3026665860677448e-15,3.147002962327031e-16,1.0240887346825922e-14,0.012225312212857109
AAC_T,16,0.15326624,Polarity_group3_D0,0.030975067381568258,0.3435763470861816,0.018392624320477086,0.5739098405269342,0.39366895343665403,0.6213480931474749,0.012582443061091172
AAC_T,16,0.15326624,Polarity_group3_D25,0.32588965080319166,1.26902770818259e-24,0.06313234082562617,0.0533771031823413,5.58439070530942e-24,0.07321541052526485,0.26275730997756547
AAC_T,16,0.15326624,Polarity_group3_D50,-0.023961546482090194,0.46380245960946537,-0.2308798647699294,8.380341453562021e-13,0.5141388035498222,3.247139263909182e-12,-0.2069183182878392
AAC_T,16,0.15326624,Polarity_group3_D75,-0.0768683470398169,0.018606772166277902,-0.26364394811890074,2.304277424373892e-16,0.02675274172852699,1.0644933053124203e-15,-0.18677560107908384
AAC_T,16,0.15326624,Polarity_group3_D100,-0.35032689642485476,1.9219694205045245e-28,-0.28626548522907425,3.9361614613007484e-19,9.2899824377498e-28,2.047784934695405e-18,0.06406141119578052
AAC_T,16,0.15326624,Polarizability_C1,0.7336335008207,4.729224889859598e-159,0.6402839357431503,3.12788093168539e-109,1.4491386359753264e-157,9.24524098391965e-108,0.09334956507754966
AAC_T,16,0.15326624,Polarizability_C2,-0.6089013737924962,3.779495920991148e-96,-0.5244683133649474,2.4251393790840656e-67,5.3717090962172065e-95,3.6986143954980726e-66,0.08443306042754883
AAC_T,16,0.15326624,Polarizability_C3,-0.5921663527620035,9.409016269477202e-90,-0.47314721430294754,1.9259403397512854e-53,1.1903831189414337e-88,2.2335558106837822e-52,0.11901913845905593
AAC_T,16,0.15326624,Polarizability_T12,0.5625241231680687,2.6627151128252435e-79,0.4093144615069732,3.735709396927042e-39,2.964489492278771e-78,3.111538500183621e-38,0.15320966166109545
AAC_T,16,0.15326624,Polarizability_T13,0.04523577905681813,0.16649698959158485,0.08809200292865645,0.006971893072441411,0.20384895353221896,0.011120402512872165,-0.042856223871838316
AAC_T,16,0.15326624,Polarizability_T23,-0.6262831568987712,3.2872885935228304e-103,-0.5149645456687157,1.3823706923917424e-64,5.059697650860025e-102,2.0250518037668508e-63,0.11131861123005549
AAC_T,16,0.15326624,Polarizability_group1_D0,-0.25977552299529644,6.458018465636806e-16,-0.2041548437322361,2.836211872468726e-10,2.2077565686005048e-15,9.232892450336788e-10,0.05562067926306033
AAC_T,16,0.15326624,Polarizability_group1_D25,-0.2399763905191722,9.691775951386961e-14,-0.06281303621557213,0.05459729041716345,3.042343202785005e-13,0.07472852469999736,0.17716335430360006
AAC_T,16,0.15326624,Polarizability_group1_D50,0.035626304066734,0.2759653978427655,0.23479788977572758,3.346117333151174e-13,0.3251232553068208,1.328897965841251e-12,-0.19917158570899357
AAC_T,16,0.15326624,Polarizability_group1_D75,0.10177955867494388,0.0018118049734002584,0.2851359843991111,5.488213417631043e-19,0.0029883598079786977,2.833173541713707e-18,-0.18335642572416722
AAC_T,16,0.15326624,Polarizability_group1_D100,0.1840869945178927,1.3784795578303744e-08,0.1829364027239443,1.700983057062792e-08,3.32187714513236e-08,4.966156827438571e-08,0.0011505917939484134
AAC_T,16,0.15326624,Polarizability_group2_D0,-0.11065161391938885,0.0006913187514919533,-0.08670242371452844,0.007920035330777264,0.0011969956609554817,0.012519128255937558,0.023949190204860415
AAC_T,16,0.15326624,Polarizability_group2_D25,0.17377690729175288,8.64750115863259e-08,0.033378452968029305,0.30742020316598584,1.9728588708902223e-07,0.3597699644619456,0.14039845432372358
AAC_T,16,0.15326624,Polarizability_group2_D50,0.10020707842434201,0.002133270227442343,-0.088436579834159,0.006753122717078653,0.003489286268196585,0.010797237853060172,0.011770498590183018
AAC_T,16,0.15326624,Polarizability_group2_D75,-0.06505151474462798,0.046513079340125774,-0.15948218222286364,9.260105591674528e-07,0.06269317392898309,2.348424652710169e-06,-0.09443066747823567
AAC_T,16,0.15326624,Polarizability_group2_D100,0.13009881290341987,6.495298813002382e-05,0.1102575273252348,0.0007226447151211718,0.00012361423382010233,0.0013074936882474075,0.01984128557818507
AAC_T,16,0.15326624,Polarizability_group3_D0,0.18573890743307617,1.0169615237435404e-08,0.11106011465876614,0.0006601806564409928,2.482932375221802e-08,0.0012009822399307822,0.07467879277431003
AAC_T,16,0.15326624,Polarizability_group3_D25,0.10759468153263933,0.0009713155330495176,0.027730125723555068,0.39651496615003623,0.0016467989240534966,0.4516916735815556,0.07986455580908426
AAC_T,16,0.15326624,Polarizability_group3_D50,-0.09901914013640987,0.0024098663787171038,-0.18903084488750396,5.501498453542701e-09,0.0039224920589255,1.6598920356669037e-08,-0.09001170475109409
AAC_T,16,0.15326624,Polarizability_group3_D75,-0.19906401799930842,7.899881285869135e-10,-0.3045726170845436,1.453543567213838e-21,2.034356476083494e-09,7.971815294735993e-21,-0.10550859908523516
AAC_T,16,0.15326624,Polarizability_group3_D100,-0.19459339314126356,1.899858170689724e-09,-0.15753430129153864,1.25944287431259e-06,4.803577812341921e-09,3.1439007475366597e-06,0.03705909184972492
AAC_T,16,0.15326624,Charge_C1,-0.5564948995305907,2.6551235453661567e-77,-0.46012973510143335,2.8192125612127936e-50,2.898076026641491e-76,3.047304192378877e-49,0.09636516442915738
AAC_T,16,0.15326624,Charge_C2,0.6881267235557392,2.1129320839265993e-132,0.5728991838825682,7.727227247668016e-83,4.582592961243404e-131,1.4747965146977814e-81,0.11522753967317101
AAC_T,16,0.15326624,Charge_C3,-0.609031072227113,3.3602088738652068e-96,-0.4729185097749541,2.195049259970617e-53,4.796195572098201e-95,2.5368389371286715e-52,0.13611256245215886
AAC_T,16,0.15326624,Charge_T12,-0.48237542732994143,9.045619834165458e-56,-0.41224602270748195,9.573088852374108e-40,7.227839771797279e-55,8.053933694440685e-39,0.07012940462245948
AAC_T,16,0.15326624,Charge_T13,-0.519769112821949,5.732124564207619e-66,-0.38084017127606884,1.0419000203149398e-33,5.132787143285107e-65,7.76773675859799e-33,0.1389289415458802
AAC_T,16,0.15326624,Charge_T23,-0.5618000657909824,4.650854484091343e-79,-0.423109246878677,5.47003973687863e-42,5.160748829523284e-78,4.80787703188806e-41,0.1386908189123054
AAC_T,16,0.15326624,Charge_group1_D0,-0.02163768008363694,0.5082708387658457,-0.05526826117023501,0.09087103128454757,0.557878607123866,0.11865099471868212,-0.03363058108659807
AAC_T,16,0.15326624,Charge_group1_D25,0.08094015639498535,0.013198231474150059,-0.008975850435328916,0.7837821306712547,0.019368230722171,0.8104744013752293,0.07196430595965643
AAC_T,16,0.15326624,Charge_group1_D50,-0.16514091125699457,3.7106894192796316e-07,-0.22278934580712217,5.2944344495672135e-12,8.256963797730826e-07,1.953968073099944e-11,-0.05764843455012761
AAC_T,16,0.15326624,Charge_group1_D75,-0.13919736111621123,1.9024695022379512e-05,-0.24346980101241522,4.1320110464031095e-14,3.764365010352344e-05,1.749165639415258e-13,-0.104272439896204
AAC_T,16,0.15326624,Charge_group1_D100,-0.1621961468401429,5.995668907189081e-07,-0.14492461078430982,8.43559500044456e-06,1.3088584411772243e-06,1.92612495812166e-05,0.017271536055833092
AAC_T,16,0.15326624,Charge_group2_D0,-0.1843233452069192,1.3200000617159633e-08,-0.2098166743921873,8.794471927969452e-11,3.18554928188679e-08,2.9820848974028394e-10,-0.025493329185268088
AAC_T,16,0.15326624,Charge_group2_D25,-0.09798754776647454,0.002676240815872977,0.009054107275077668,0.7819443818698301,0.004311936480953084,0.8090750419594895,0.08893344049139687
AAC_T,16,0.15326624,Charge_group2_D50,0.2078494320344724,1.3260193874125173e-10,0.24851963616854272,1.1765618404224765e-14,3.5573532160303673e-10,5.077153161513013e-14,-0.040670204134070326
AAC_T,16,0.15326624,Charge_group2_D75,0.19755806305046453,1.0641287546050918e-09,0.2578508928022775,1.0715780502659687e-15,2.7235172723226104e-09,4.804121728709175e-15,-0.06029282975181299
AAC_T,16,0.15326624,Charge_group2_D100,0.23146780282286852,7.309554446689046e-13,0.14216606984420643,1.2529531844056018e-05,2.20940378750601e-12,2.8142996879049834e-05,0.08930173297866209
AAC_T,16,0.15326624,Charge_group3_D0,0.07289109589638186,0.02566657135098599,0.1000559493047512,0.0021667677835587574,0.03614095628680152,0.0036867062644351752,-0.02716485340836934
AAC_T,16,0.15326624,Charge_group3_D25,0.14636162211462783,6.844710662359125e-06,0.019548738084812358,0.5500707481724443,1.4051219183945592e-05,0.5990336807616445,0.12681288402981547
AAC_T,16,0.15326624,Charge_group3_D50,-0.11600756999531027,0.00037322790795783826,-0.1517196743030474,3.0855721543508518e-06,0.000666620969293679,7.3612935682370325e-06,-0.03571210430773712
AAC_T,16,0.15326624,Charge_group3_D75,-0.211693242760292,5.921721135323235e-11,-0.2346410944202453,3.4724554292433366e-13,1.6318934481831356e-10,1.3758008462245249e-12,-0.022947851659953306
AAC_T,16,0.15326624,Charge_group3_D100,-0.31485925899660544,5.215532127558917e-23,-0.25907030882061105,7.778475755915109e-16,2.185680966881654e-22,3.4966499360372094e-15,0.05578895017599439
AAC_T,16,0.15326624,SecondaryStructure_C1,-0.7181860954689857,2.0535046631837676e-149,-0.607921012139437,9.176546892238916e-96,5.5312141734143416e-148,2.2872885537371628e-94,0.11026508332954876
AAC_T,16,0.15326624,SecondaryStructure_C2,0.5461506594260629,5.747342091506831e-74,0.5208878703620121,2.711766164401759e-66,5.943072007935855e-73,4.079864409505349e-65,0.025262789064050772
AAC_T,16,0.15326624,SecondaryStructure_C3,0.5841638233769765,7.974377353352351e-87,0.408196241272399,6.25722470988204e-39,9.68524376734431e-86,5.173052111635152e-38,0.17596758210457747
AAC_T,16,0.15326624,SecondaryStructure_T12,-0.371539590940852,4.823893978538297e-32,-0.19658058422640315,1.2895092324962625e-09,2.549336374733847e-31,4.025197043493006e-09,0.17495900671444883
AAC_T,16,0.15326624,SecondaryStructure_T13,-0.4814078463016404,1.599204524756844e-55,-0.3852853446826593,1.594055568064502e-34,1.2687275802108929e-54,1.2155583555560359e-33,0.09612250161898112
AAC_T,16,0.15326624,SecondaryStructure_T23,0.6734955959855807,7.501410769095183e-125,0.5564563721300424,2.7335414806421978e-77,1.5002821538190365e-123,4.8052781817604955e-76,0.11703922385553833
AAC_T,16,0.15326624,SecondaryStructure_group1_D0,-0.08430670945189021,0.00982809545715846,-0.14534769113884216,7.933843979104326e-06,0.014667488305142652,1.817492379300991e-05,-0.06104098168695195
AAC_T,16,0.15326624,SecondaryStructure_group1_D25,-0.1028302041030921,0.0016224726589480376,-0.09456691174855751,0.0037630870708293697,0.002690694479089596,0.00617930718612099,0.008263292354534588
AAC_T,16,0.15326624,SecondaryStructure_group1_D50,-0.366984279832396,3.0169229641194195e-31,-0.33899454261251516,1.252209087581787e-26,1.5574223647849861e-30,7.936201807444342e-26,0.02798973721988085
AAC_T,16,0.15326624,SecondaryStructure_group1_D75,-0.33928311740321726,1.128258895633262e-26,-0.2866562336620327,3.5073510235657705e-19,5.204951258860628e-26,1.827543279049871e-18,0.05262688374118457
AAC_T,16,0.15326624,SecondaryStructure_group1_D100,-0.24928199276020235,9.709278950561012e-15,-0.17858642415799092,3.720800081344377e-08,3.179312911262135e-14,1.0567578462321615e-07,0.07069556860221143
AAC_T,16,0.15326624,SecondaryStructure_group2_D0,-0.09642703023092017,0.003130516056839529,-0.17527862812731534,6.662076255478629e-08,0.004986134301308549,1.843524001101791e-07,-0.07885159789639518
AAC_T,16,0.15326624,SecondaryStructure_group2_D25,0.0188385505087006,0.5646571119849665,0.06731878459460493,0.039375082736174155,0.6121242304543292,0.055303942951565044,-0.04848023408590432
AAC_T,16,0.15326624,SecondaryStructure_group2_D50,0.17950160613019467,3.160852636677129e-08,0.18951353498210097,5.022906899195788e-09,7.429449547151029e-08,1.525137185755812e-08,-0.010011928851906299
AAC_T,16,0.15326624,SecondaryStructure_group2_D75,0.1996113006842839,7.085212410346424e-10,0.1152537436150455,0.0004077034115542646,1.8273829691549851e-09,0.0007552575677156094,0.08435755706923839
AAC_T,16,0.15326624,SecondaryStructure_group2_D100,0.24957090778643526,9.026021238042198e-15,0.23988776131383746,9.901950165649245e-14,2.9613861429332946e-14,4.0931328655035246e-13,0.009683146472597798
AAC_T,16,0.15326624,SecondaryStructure_group3_D0,-0.1792840726943237,3.2860464995762066e-08,-0.13085042217592482,5.88616139425894e-05,7.712856857754413e-08,0.00012226230756731877,0.048433650518398874
AAC_T,16,0.15326624,SecondaryStructure_group3_D25,-0.0017947016375301167,0.9562473333319769,0.020249749158147704,0.5358570001236739,0.9612964441665852,0.5862307174625191,-0.018455047520617586
AAC_T,16,0.15326624,SecondaryStructure_group3_D50,0.27116342356495493,2.9599163550922636e-17,0.22451686728516693,3.5928970476612963e-12,1.0562094685906154e-16,1.3393165333915993e-11,0.046646556279788004
AAC_T,16,0.15326624,SecondaryStructure_group3_D75,0.15712438710321844,1.3430145965023322e-06,0.14634719138764143,6.8591580321030396e-06,2.8772730932121806e-06,1.585438603960149e-05,0.010777195715577004
AAC_T,16,0.15326624,SecondaryStructure_group3_D100,0.24409120545684743,3.545612131012593e-14,0.20563083914712604,2.0968563327741785e-10,1.1343241875078602e-13,6.913623051792454e-10,0.03846036630972138
AAC_T,16,0.15326624,SolventAccessibility_C1,-0.13363165423051493,4.06976507836825e-05,-0.09573987004811897,0.00335196216373022,7.861778693898182e-05,0.005531400013270224,0.03789178418239596
AAC_T,16,0.15326624,SolventAccessibility_C2,-0.6582560651544993,1.948367423225536e-117,-0.5294373248743707,8.103156146019669e-69,3.655925389647916e-116,1.2529880336900784e-67,0.12881874028012863
AAC_T,16,0.15326624,SolventAccessibility_C3,0.7694642098532736,2.993138786706964e-184,0.6638777525536813,4.031565985765944e-120,1.3154057299475341e-182,1.4324925949423673e-118,0.10558645729959226
AAC_T,16,0.15326624,SolventAccessibility_T12,-0.6776818624947918,5.750542637818083e-127,-0.5353099000308897,1.3558726034987034e-70,1.192969714926236e-125,2.177218507541187e-69,0.14237196246390205
AAC_T,16,0.15326624,SolventAccessibility_T13,0.6344080260296627,1.149017410745991e-106,0.5273232373369463,3.4646358052803155e-68,1.8274848342341e-105,5.30820348148452e-67,0.10708478869271643
AAC_T,16,0.15326624,SolventAccessibility_T23,0.006833838478955069,0.8345184089916656,0.000342322781909645,0.9916505544957412,0.8586849926161932,0.9928395839375826,0.006491515697045425
AAC_T,16,0.15326624,SolventAccessibility_group1_D0,-0.16463882929483364,4.029450440037728e-07,-0.17532765460009914,6.605335089431064e-08,8.942434863605323e-07,1.8323770098587836e-07,-0.010688825305265492
AAC_T,16,0.15326624,SolventAccessibility_group1_D25,-0.33664804183741676,2.91067840575073e-26,-0.264300017382902,1.93150141246182e-16,1.3262845668768673e-25,8.97248222200623e-16,0.07234802445451477
AAC_T,16,0.15326624,SolventAccessibility_group1_D50,-0.28859422349329017,1.974072868902307e-19,-0.18078996541577813,2.5088241086574685e-08,7.475514038700347e-19,7.205049460804768e-08,0.10780425807751204
AAC_T,16,0.15326624,SolventAccessibility_group1_D75,-0.09059245563725776,0.005518768236790464,0.04734911298850979,0.14754559883096433,0.008549483261076136,0.18347069996106508,0.043243342648747976
AAC_T,16,0.15326624,SolventAccessibility_group1_D100,0.11632470160876499,0.0003595538723178654,0.12149986727834708,0.00019298919713964566,0.0006425414304663833,0.000375412882030528,-0.0051751656695820936
AAC_T,16,0.15326624,SolventAccessibility_group2_D0,0.010109498284332104,0.7572826066925196,0.023655108631264892,0.469539642545946,0.7911554289499578,0.5255571066030361,-0.013545610346932788
AAC_T,16,0.15326624,SolventAccessibility_group2_D25,0.29031799258813934,1.1795126444457527e-19,0.054907738702491556,0.09300117311655215,4.51268296958627e-19,0.12112382765162492,0.2354102538856478
AAC_T,16,0.15326624,SolventAccessibility_group2_D50,-0.012436818377624644,0.7037945811886661,-0.17095693125568875,1.4027407292152118e-07,0.7417715055759371,3.7813995444542436e-07,-0.1585201128780641
AAC_T,16,0.15326624,SolventAccessibility_group2_D75,-0.033365342786272574,0.30761034699811385,-0.2154478857189501,2.6543380303060558e-11,0.3576117504259312,9.341927314248921e-11,-0.18208254293267753
AAC_T,16,0.15326624,SolventAccessibility_group2_D100,-0.3253952376123255,1.5040083999752877e-24,-0.2385644365266482,1.362679099253209e-13,6.575115256436468e-24,5.577632587629556e-13,0.08683080108567734
AAC_T,16,0.15326624,SolventAccessibility_group3_D0,0.1347511121939388,3.500805938201994e-05,0.028841116798604596,0.3778607950780911,6.802031316808993e-05,0.43369589538172654,0.10590999539533419
AAC_T,16,0.15326624,SolventAccessibility_group3_D25,0.18576907932959072,1.0113015205960952e-08,0.2326467415819939,5.550728348907268e-13,2.472728461779618e-08,2.1785467315335224e-12,-0.04687766225240317
AAC_T,16,0.15326624,SolventAccessibility_group3_D50,0.2659616263575088,1.2326369842436648e-16,0.2532775901851749,3.5101342698116556e-15,4.3110026464647543e-16,1.5507736059749905e-14,0.012684036172333935
AAC_T,16,0.15326624,SolventAccessibility_group3_D75,-0.004633442859966337,0.8873618172714275,0.03528324836436377,0.2806186868948474,0.9066345884633122,0.33118954566388353,-0.030649805504397436
AAC_T,16,0.15326624,SolventAccessibility_group3_D100,0.24673623047045495,1.8394305162242794e-14,0.16206474881379485,6.124204051469073e-07,5.947432646843265e-14,1.5816581180352911e-06,0.08467148165666011
Polarity_group1_D100,72,0.13639091,AAC_A,-0.04310418509966722,0.1874065199805392,-0.041193639042076256,0.20773877089304282,0.22744832003452067,0.2507580393143343,0.0019105460575909658
Polarity_group1_D100,72,0.13639091,AAC_C,0.16512434453534952,3.7208082944043704e-07,0.16713529385291348,2.668198580784855e-07,8.273967845080291e-07,7.050461439732132e-07,-0.0020109493175639592
Polarity_group1_D100,72,0.13639091,AAC_D,0.008877942958767086,0.7860830418253925,0.005457023857217835,0.867511484081063,0.8161384394456981,0.8855404513541414,0.0034209191015492513
Polarity_group1_D100,72,0.13639091,AAC_E,-0.0732008965443618,0.02504367385365224,-0.09347284571883237,0.004187260158118723,0.03532342511452639,0.006845545241368837,-0.020271949174470574
Polarity_group1_D100,72,0.13639091,AAC_F,0.08385870875269955,0.010227202791697426,0.0825688056600634,0.011457936216870227,0.015229093769179403,0.017725570618039165,0.0012899030926361438
Polarity_group1_D100,72,0.13639091,AAC_G,0.0414906960071787,0.20447666489193939,0.04570800800540686,0.16211126955341226,0.24655309051952257,0.19987140653687596,-0.004217311998228154
Polarity_group1_D100,72,0.13639091,AAC_H,-0.12942173348744734,7.094599538319597e-05,-0.15070604400995757,3.5951573175037512e-06,0.0001347893200113052,8.510152686366073e-06,-0.02128431052251023
Polarity_group1_D100,72,0.13639091,AAC_I,0.017591363808324177,0.5907134198036988,0.013985962080352726,0.6689670460537444,0.6354946825343458,0.7095426909557022,0.0036054017279714516
Polarity_group1_D100,72,0.13639091,AAC_K,0.03890809955931632,0.23410323276623293,0.03605102999915294,0.27027749096919496,0.2792517133711493,0.3196624716137079,0.0028570695601633778
Polarity_group1_D100,72,0.13639091,AAC_L,-0.11910847181404123,0.00025807259660454325,-0.13267627015880148,4.6235815838484064e-05,0.0004687126006847061,9.688056769167928e-05,-0.013567798344760254
Polarity_group1_D100,72,0.13639091,AAC_M,-0.025401653737686346,0.43736908176593553,-0.030662376464029827,0.34847218168050104,0.488402786057581,0.4028719580522234,-0.005260722726343481
Polarity_group1_D100,72,0.13639091,AAC_N,0.13267735083382778,4.6229166243922254e-05,0.13273168881883537,4.5895979387877866e-05,8.904579887814322e-05,9.641042211038496e-05,-5.4337985007590905e-05
Polarity_group1_D100,72,0.13639091,AAC_P,-0.14289439077726826,1.1294777991152235e-05,-0.1563572098312274,1.5139456758235701e-06,2.280807647548275e-05,3.7400728973747962e-06,-0.01346281905395913
Polarity_group1_D100,72,0.13639091,AAC_Q,0.02300395722515382,0.48185963797774445,0.02164290713585882,0.5081683710454041,0.5318609355074906,0.5632142626128309,0.001361050089295001
Polarity_group1_D100,72,0.13639091,AAC_R,-0.13138530519464492,5.486008382320087e-05,-0.1305929445130842,6.08847831082344e-05,0.00010505553592914677,0.00012607264450186168,0.0007923606815607165
Polarity_group1_D100,72,0.13639091,AAC_S,0.11282471013914615,0.0005400571120766487,0.13966746047799947,1.7817162313301006e-05,0.0009434052062426812,3.9223424729077857e-05,-0.02684275033885332
Polarity_group1_D100,72,0.13639091,AAC_T,0.048181619174146144,0.1405493050479269,0.06650723587840028,0.041815359676219244,0.17509685895564187,0.05848546956389124,-0.018325616704254137
Polarity_group1_D100,72,0.13639091,AAC_V,-0.0595193683677115,0.0685920175867285,-0.0599252850199438,0.06672235897025837,0.0897716844591196,0.08985995119381571,-0.00040591665223229517
Polarity_group1_D100,72,0.13639091,AAC_W,0.11475178133430784,0.00043228337730735885,0.11807137784319599,0.0002922541886707938,0.0007679928086205205,0.00055619885479228,-0.003319596508888148
Polarity_group1_D100,72,0.13639091,AAC_Y,0.07321657999765661,0.025012490606416884,0.07234441976961488,0.02679840621936503,0.03532342511452639,0.03893287375932109,0.0008721602280417351
Polarity_group1_D100,72,0.13639091,Hydrophobicity_C1,0.002495069182016849,0.9392016094531069,-0.0058302663590595275,0.8585420396007205,0.947141719677952,0.878263525962146,-0.0033351971770426785
Polarity_group1_D100,72,0.13639091,Hydrophobicity_C2,0.007005074638284274,0.8304340459708129,0.018305243174601166,0.5757313205108395,0.8550091595383832,0.6229162975400725,-0.011300168536316891
Polarity_group1_D100,72,0.13639091,Hydrophobicity_C3,-0.017621945474466213,0.5900679487049281,-0.028029755117741282,0.3914301576846663,0.6354946825343458,0.4471192635659321,-0.01040780964327507
Polarity_group1_D100,72,0.13639091,Hydrophobicity_T12,0.029677516743934967,0.3641796940370805,0.028302494941859047,0.38683620313625267,0.4144327693641734,0.44278030105383276,0.0013750218020759201
Polarity_group1_D100,72,0.13639091,Hydrophobicity_T13,0.021226940942051006,0.516356405963885,0.015880583587336378,0.6273262359120643,0.5655594953969225,0.6717760910376065,0.005346357354714629
Polarity_group1_D100,72,0.13639091,Hydrophobicity_T23,0.05216268155846136,0.11056060386287095,0.056557888247583774,0.08357010074960601,0.13998196243441582,0.11019507955139521,-0.004395206689122411
Polarity_group1_D100,72,0.13639091,Hydrophobicity_group1_D0,-0.08007655310560108,0.014212548016830463,-0.08036795014139424,0.013862873111377754,0.020801888858989374,0.02118115104849117,-0.0002913970357931589
Polarity_group1_D100,72,0.13639091,Hydrophobicity_group1_D25,0.0640060881739735,0.05015392949946412,0.0799637399632292,0.014349995426434942,0.06722075623122399,0.02187539238899713,-0.015957651789255692
Polarity_group1_D100,72,0.13639091,Hydrophobicity_group1_D50,0.09040122397391886,0.005619402692565422,0.0966701957462431,0.003055399747267002,0.00867320008926456,0.005059511728245804,-0.0062689717723242305
Polarity_group1_D100,72,0.13639091,Hydrophobicity_group1_D75,0.12492793305496158,0.00012606295309274812,0.13356591515554636,4.1057640024902105e-05,0.00023417700963836413,8.692208898332901e-05,-0.008637982100584779
Polarity_group1_D100,72,0.13639091,Hydrophobicity_group1_D100,0.07224614248002942,0.027006378002241083,0.07079986756452977,0.03023156506092592,0.037728289808040646,0.04333623489420282,0.0014462749154996457
Polarity_group1_D100,72,0.13639091,Hydrophobicity_group2_D0,0.0014419284245721377,0.9648412800267905,-0.0014760777109319855,0.9640091712773169,0.9686113241026392,0.9685400175907856,-3.4149286359847755e-05
Polarity_group1_D100,72,0.13639091,Hydrophobicity_group2_D25,-0.03098384723809388,0.34343951601889305,-0.040970494371823284,0.2102138852085046,0.3936472146544622,0.2534708940781247,-0.009986647133729404
Polarity_group1_D100,72,0.13639091,Hydrophobicity_group2_D50,-0.0824872621755348,0.011539976397972546,-0.08734700350009343,0.0074667500345881556,0.017054655384614294,0.011841854280875802,-0.004859741324558631
Polarity_group1_D100,72,0.13639091,Hydrophobicity_group2_D75,-0.20537751477094482,2.208774250417036e-10,-0.21438019168004654,3.3397380936987e-11,5.868978517416786e-10,1.1692584101628571e-10,-0.009002676909101726
Polarity_group1_D100,72,0.13639091,Hydrophobicity_group2_D100,-0.06573145266012105,0.04426637981487623,-0.06424875029385475,0.04928823188627605,0.059882425508986065,0.06811034112542905,0.0014827023662662975
Polarity_group1_D100,72,0.13639091,Hydrophobicity_group3_D0,-0.023132072927449294,0.47942186125243985,-0.019443506645051126,0.5522203256403585,0.5298706209739077,0.6009826939194517,0.003688566282398168
Polarity_group1_D100,72,0.13639091,Hydrophobicity_group3_D25,0.021465917033441632,0.5116439793924783,0.0289609418714219,0.37588162809870157,0.5610278697212336,0.43186950046428046,-0.007495024837980268
Polarity_group1_D100,72,0.13639091,Hydrophobicity_group3_D50,0.06966228110814705,0.03299547520017061,0.07357818823000857,0.024302760140224446,0.0456146056161299,0.035527492143526594,-0.003915907121861517
Polarity_group1_D100,72,0.13639091,Hydrophobicity_group3_D75,0.10259966993169141,0.0016623872916368698,0.1033997995187268,0.001527599479013411,0.002750061195674663,0.002639514878378061,-0.0008001295870353892
Polarity_group1_D100,72,0.13639091,Hydrophobicity_group3_D100,0.8499703577307326,1.774795355112136e-262,0.8516582480886384,1.3687009764664174e-264,1.0977437937175063e-260,1.1149905515604473e-262,-0.0016878903579058413
Polarity_group1_D100,72,0.13639091,NormVanDerWaalsVolume_C1,0.030061064820121507,0.3580106858843557,0.04577752482578686,0.1614730668755481,0.4089451747105841,0.19923163774079447,-0.015716460005665355
Polarity_group1_D100,72,0.13639091,NormVanDerWaalsVolume_C2,-0.04119948757889136,0.20767418411053173,-0.056862446537782635,0.08191704221959481,0.2502279130336133,0.10818620838807698,-0.015662958958891277
Polarity_group1_D100,72,0.13639091,NormVanDerWaalsVolume_C3,-0.007797017639608496,0.8116055385697912,-0.015702688849189905,0.6311886871537361,0.8392453556727872,0.6748304145625732,-0.007905671209581409
Polarity_group1_D100,72,0.13639091,NormVanDerWaalsVolume_T12,-0.01107884429486799,0.7348461555837383,-0.008088116334516145,0.8047112816617813,0.7708892905451775,0.8290362988125692,0.0029907279603518452
Polarity_group1_D100,72,0.13639091,NormVanDerWaalsVolume_T13,0.08299434747755934,0.011038133009748275,0.0826312048809176,0.01139550641510582,0.01633467623064211,0.017637160067865355,0.0003631425966417329
Polarity_group1_D100,72,0.13639091,NormVanDerWaalsVolume_T23,-0.052989212088560465,0.10501813927759285,-0.06739360753347558,0.03915629974802411,0.13341977374939526,0.055066122593010754,-0.014404395444915112
Polarity_group1_D100,72,0.13639091,NormVanDerWaalsVolume_group1_D0,-0.018667696209473335,0.5681937700334254,-0.021982456097116614,0.5015353217808416,0.6153590116445009,0.5568909490518653,-0.0033147598876432788
Polarity_group1_D100,72,0.13639091,NormVanDerWaalsVolume_group1_D25,-0.015432410038916695,0.6370762479711868,-0.0220106593562527,0.5009864405472904,0.6789517128984569,0.5568368424053077,-0.006578249317336004
Polarity_group1_D100,72,0.13639091,NormVanDerWaalsVolume_group1_D50,-0.030750815137722758,0.34708301987924683,-0.0330232561298931,0.31259927804712845,0.3972780282373833,0.36480838178805347,-0.0022724409921703395
Polarity_group1_D100,72,0.13639091,NormVanDerWaalsVolume_group1_D75,-0.17848985925214472,3.785200206308603e-08,-0.18572737843067683,1.0191323781136589e-08,8.828609419742133e-08,3.012302781327098e-08,-0.007237519178532104
Polarity_group1_D100,72,0.13639091,NormVanDerWaalsVolume_group1_D100,0.061902320061723734,0.05820568834080007,0.06482627910734841,0.04727813540824151,0.07699287091416722,0.06552239513009404,-0.0029239590456246745
Polarity_group1_D100,72,0.13639091,NormVanDerWaalsVolume_group2_D0,-0.05597952273857129,0.08678350414957639,-0.05543978256213893,0.08987144377068051,0.11164819617468355,0.11743764561583447,0.0005397401764323587
Polarity_group1_D100,72,0.13639091,NormVanDerWaalsVolume_group2_D25,-0.00943494914853502,0.7730183769189984,-0.004631863686569805,0.8873999511919886,0.8048258662435956,0.9030822172398665,0.0048030854619652156
Polarity_group1_D100,72,0.13639091,NormVanDerWaalsVolume_group2_D50,-0.0064226098879750105,0.8443451449451888,-0.0050712308343768085,0.8768004501740604,0.8666603516032362,0.8939296408978515,0.001351379053598202
Polarity_group1_D100,72,0.13639091,NormVanDerWaalsVolume_group2_D75,0.04867192005238405,0.1365497169202192,0.04902457248318847,0.13372762489844334,0.1704320084131286,0.1670969948225966,-0.0003526524308044218
Polarity_group1_D100,72,0.13639091,NormVanDerWaalsVolume_group2_D100,0.31817876683871427,1.7325462401266345e-23,0.3192006650000401,1.2306320759527497e-23,7.306445002554242e-23,7.148367189012495e-23,-0.0010218981613258071
Polarity_group1_D100,72,0.13639091,NormVanDerWaalsVolume_group3_D0,0.0658164605687762,0.04399203027594684,0.06944245761766626,0.033553755552956734,0.05958369064138786,0.04777047892023678,-0.0036259970488900645
Polarity_group1_D100,72,0.13639091,NormVanDerWaalsVolume_group3_D25,0.03597271096383971,0.2713202546623812,0.038771952649574934,0.2357452495863643,0.32010231387225474,0.2813108730326748,-0.0027992416857352265
Polarity_group1_D100,72,0.13639091,NormVanDerWaalsVolume_group3_D50,0.03975124454963268,0.22411448946128887,0.04163758499134938,0.2028774307023604,0.2683909626391914,0.2456000792119912,-0.0018863404417167051
Polarity_group1_D100,72,0.13639091,NormVanDerWaalsVolume_group3_D75,0.04158724968096294,0.20342442204063346,0.04337460356271773,0.18465149602420206,0.24546154971666032,0.22487108719531518,-0.0017873538817547927
Polarity_group1_D100,72,0.13639091,NormVanDerWaalsVolume_group3_D100,0.42793186830101965,5.1948772165129614e-43,0.4291897944307072,2.7935364748624435e-43,3.4222662530874344e-42,2.5562772126138524e-42,-0.0012579261296875588
Polarity_group1_D100,72,0.13639091,Polarity_C1,0.010943605921090671,0.7379633469220721,0.004401656925151408,0.8929617294005371,0.7738767908068197,0.9070839951939762,0.006541948995939263
Polarity_group1_D100,72,0.13639091,Polarity_C2,0.012715097581189501,0.6974898734553826,0.025950238652320063,0.42753205696702584,0.7360556642467545,0.4834906098035097,-0.013235141071130562
Polarity_group1_D100,72,0.13639091,Polarity_C3,-0.02781266992284114,0.39511020696830956,-0.04337208034310962,0.1846770635259729,0.44599536531827144,0.22487108719531518,-0.015559410420268479
Polarity_group1_D100,72,0.13639091,Polarity_T12,0.06401767010739383,0.05011232365489953,0.07432915518366494,0.022884326918341167,0.06722075623122399,0.03364157214227971,-0.01031148507627111
Polarity_group1_D100,72,0.13639091,Polarity_T13,0.02536714766585124,0.4379921495715214,0.02067700074375351,0.5272855210745314,0.4887717272198067,0.5791297732288506,0.004690146922097727
Polarity_group1_D100,72,0.13639091,Polarity_T23,0.006505630472850869,0.8423592800319122,0.007376242008673905,0.8215967055088393,0.8648877944379301,0.8448685333742375,-0.0008706115358230364
Polarity_group1_D100,72,0.13639091,Polarity_group1_D0,-0.007246782091881097,0.8246765867056824,-0.003911649898876806,0.9048174399141158,0.8506546632479862,0.9166182133191224,0.0033351321930042907
Polarity_group1_D100,72,0.13639091,Polarity_group1_D25,0.015554302096073518,0.6344181769656361,0.02082850646060795,0.5242628887482235,0.6763347306304579,0.5765357679346486,-0.005274204364534433
Polarity_group1_D100,72,0.13639091,Polarity_group1_D50,0.05967546665309466,0.06786800125263365,0.06281700221922952,0.05458199350459076,0.08886677227335502,0.07472852469999736,-0.003141535566134862
Polarity_group1_D100,72,0.13639091,Polarity_group1_D75,0.11353491689360991,0.0004977194887153277,0.11632159808941435,0.00035968539312273385,0.0008763221361672086,0.000672647935627061,-0.0027866811958044413
Polarity_group1_D100,72,0.13639091,Polarity_group1_D100,0.9999999999999996,0.0,0.9999999999999997,0.0,0.0,0.0,-1.1102230246251565e-16
Polarity_group1_D100,72,0.13639091,Polarity_group2_D0,-0.007107936378373575,0.827982754508663,-0.010309630788787312,0.7526328762071857,0.8532744214930374,0.7845798397415731,-0.0032016944104137366
Polarity_group1_D100,72,0.13639091,Polarity_group2_D25,-0.0586885234417935,0.07255301922944879,-0.07151041206431023,0.02860795777098614,0.09458512264885206,0.04118696811247494,-0.012821888622516736
Polarity_group1_D100,72,0.13639091,Polarity_group2_D50,-0.05773947053970183,0.07730426795741094,-0.06356599378065207,0.051756435291681294,0.10023146544167412,0.07113847484535618,-0.005826523240950239
Polarity_group1_D100,72,0.13639091,Polarity_group2_D75,-0.1923856204048,2.9082842634062633e-09,-0.20261883571691955,3.8743381830190267e-10,7.2870738482947636e-09,1.2502695199307778e-09,-0.010233215312119542
Polarity_group1_D100,72,0.13639091,Polarity_group2_D100,0.0026232281468364675,0.9360852209713446,0.004100139879083265,0.9002542739777922,0.9457122317133367,0.912826130870014,-0.001476911732246798
Polarity_group1_D100,72,0.13639091,Polarity_group3_D0,-0.027585343223545923,0.39898617087832355,-0.027176145836137845,0.40602038736624374,0.44959980119217297,0.4612612563956646,0.00040919738740807787
Polarity_group1_D100,72,0.13639091,Polarity_group3_D25,0.10129878224498903,0.0019050303354998246,0.1277747600602687,8.77770946058364e-05,0.0031328416152483574,0.00017789775241716844,-0.02647597781527966
Polarity_group1_D100,72,0.13639091,Polarity_group3_D50,0.06321586791358072,0.053061692714958746,0.07093893035350875,0.029907722890892132,0.07072069180684845,0.042908846415627026,-0.007723062439928027
Polarity_group1_D100,72,0.13639091,Polarity_group3_D75,0.07414428678361694,0.023226675699402125,0.08063572756815374,0.013548251171730235,0.032983459539116966,0.020732830619662482,-0.006491440784536798
Polarity_group1_D100,72,0.13639091,Polarity_group3_D100,-0.003986763063806398,0.9029986358446288,-0.007286840059381054,0.823723308142056,0.919516903573494,0.8465341074444515,-0.0033000769955746564
Polarity_group1_D100,72,0.13639091,Polarizability_C1,0.05597456274181066,0.08681148666636322,0.07238126339424378,0.026720795339993015,0.11164819617468355,0.03883701324437627,-0.016406700652433118
Polarity_group1_D100,72,0.13639091,Polarizability_C2,-0.0832341771985799,0.010807598441309959,-0.09532821688971625,0.003491350991110966,0.016042205197298622,0.005752892111648065,-0.012094039691136357
Polarity_group1_D100,72,0.13639091,Polarizability_C3,-0.007797017639608496,0.8116055385697912,-0.015702688849189905,0.6311886871537361,0.8392453556727872,0.6748304145625732,-0.007905671209581409
Polarity_group1_D100,72,0.13639091,Polarizability_T12,-0.01575479592127149,0.6300562902019567,-0.009859377007221155,0.763106073298355,0.6723284374679027,0.7940106806281949,0.005895418914050337
Polarity_group1_D100,72,0.13639091,Polarizability_T13,0.11309805711730664,0.0005233803540770208,0.11248121974958974,0.0005617141580808198,0.0009171695571348661,0.0010297065246926114,0.0006168373677168937
Polarity_group1_D100,72,0.13639091,Polarizability_T23,-0.0682646690389792,0.03668424970504387,-0.0832052914057518,0.010835136480572362,0.05031843696708276,0.01680100085659781,-0.014940622366772599
Polarity_group1_D100,72,0.13639091,Polarizability_group1_D0,-0.033627844129464714,0.3038179489403482,-0.036613477175074585,0.26286951474166315,0.3536953466227825,0.3113980443401085,-0.0029856330456098715
Polarity_group1_D100,72,0.13639091,Polarizability_group1_D25,-0.00937796881365104,0.7743519833991698,-0.015604761035510806,0.633319204483064,0.805963111422009,0.6768915657514988,-0.006226792221859767
Polarity_group1_D100,72,0.13639091,Polarizability_group1_D50,0.006538422325092747,0.8415751689338488,0.0024233589001730962,0.9409457674510174,0.8643484207377168,0.9477559901346194,0.004115063424919651
Polarity_group1_D100,72,0.13639091,Polarizability_group1_D75,-0.050361622652763186,0.12343559700796342,-0.05565320812445176,0.08864000845130152,0.15528244595352084,0.1163291270048515,-0.005291585471688572
Polarity_group1_D100,72,0.13639091,Polarizability_group1_D100,-0.007530197980846035,0.8179376318250209,-0.006719100594168385,0.8372576656859593,0.8447651594878957,0.8580670768306549,0.0008110973866776502
Polarity_group1_D100,72,0.13639091,Polarizability_group2_D0,-0.027812102920913663,0.3951198461008279,-0.028918625941610387,0.3765798350147021,0.44599536531827144,0.43252291917094393,-0.0011065230206967237
Polarity_group1_D100,72,0.13639091,Polarizability_group2_D25,-0.00047848340402496434,0.9883297230280126,0.0036765668019021398,0.9105129647688761,0.9898114767357007,0.9209617283389123,-0.0031980833978771757
Polarity_group1_D100,72,0.13639091,Polarizability_group2_D50,-0.04164132213186384,0.2028368620766233,-0.03899254471651954,0.23308884602659433,0.24492954422846053,0.27863877799886366,0.0026487774153442986
Polarity_group1_D100,72,0.13639091,Polarizability_group2_D75,-0.07865993644587199,0.016025477390709555,-0.07742640642315468,0.01776629989305474,0.02323137781465708,0.02651449581894675,0.0012335300227173107
Polarity_group1_D100,72,0.13639091,Polarizability_group2_D100,0.32197386641148773,4.8314512731811224e-24,0.3238132859773948,2.5846552933238822e-24,2.0582968434215494e-23,1.5306291985286822e-23,-0.0018394195659070522
Polarity_group1_D100,72,0.13639091,Polarizability_group3_D0,0.0658164605687762,0.04399203027594684,0.06944245761766626,0.033553755552956734,0.05958369064138786,0.04777047892023678,-0.0036259970488900645
Polarity_group1_D100,72,0.13639091,Polarizability_group3_D25,0.03597271096383971,0.2713202546623812,0.038771952649574934,0.2357452495863643,0.32010231387225474,0.2813108730326748,-0.0027992416857352265
Polarity_group1_D100,72,0.13639091,Polarizability_group3_D50,0.03975124454963268,0.22411448946128887,0.04163758499134938,0.2028774307023604,0.2683909626391914,0.2456000792119912,-0.0018863404417167051
Polarity_group1_D100,72,0.13639091,Polarizability_group3_D75,0.04158724968096294,0.20342442204063346,0.04337460356271773,0.18465149602420206,0.24546154971666032,0.22487108719531518,-0.0017873538817547927
Polarity_group1_D100,72,0.13639091,Polarizability_group3_D100,0.42793186830101965,5.1948772165129614e-43,0.4291897944307072,2.7935364748624435e-43,3.4222662530874344e-42,2.5562772126138524e-42,-0.0012579261296875588
Polarity_group1_D100,72,0.13639091,Charge_C1,-0.06227734371102022,0.056696516704452,-0.07255591758518304,0.02635551870225104,0.07529477765124043,0.03837289994137684,-0.010278573874162818
Polarity_group1_D100,72,0.13639091,Charge_C2,0.06356301493385387,0.05176742615672483,0.08218369629125814,0.011849984912108827,0.06910599654814585,0.018289717932737284,-0.018620681357404273
Polarity_group1_D100,72,0.13639091,Charge_C3,-0.04712499102216875,0.1494737643306973,-0.06198408013847334,0.057873859386894724,0.1846540555453569,0.07889742463356261,-0.01485908911630459
Polarity_group1_D100,72,0.13639091,Charge_T12,-0.047212249040618645,0.14872079683027642,-0.05334189459699103,0.10272121574451894,0.1841095112724697,0.13236452954733535,-0.006129645556372382
Polarity_group1_D100,72,0.13639091,Charge_T13,-0.07306173645170819,0.025321839458487733,-0.08773471595204635,0.007205423890220652,0.03568563029170845,0.011449151186173635,-0.014672979500338162
Polarity_group1_D100,72,0.13639091,Charge_T23,-0.03781990191190905,0.24745509188283965,-0.04993375779429427,0.12665968057289625,0.2941281163304927,0.15897908046353756,-0.01211385588238522
Polarity_group1_D100,72,0.13639091,Charge_group1_D0,-0.04629095104604209,0.15681806322742972,-0.045662881906367685,0.16252656815638347,0.192989068231251,0.20023560960616776,0.0006280691396744059
Polarity_group1_D100,72,0.13639091,Charge_group1_D25,0.05419525547479079,0.09732845542582236,0.05740330921779834,0.07904672059895032,0.12440759323469065,0.10480986375565465,-0.0032080537430075537
Polarity_group1_D100,72,0.13639091,Charge_group1_D50,-0.023420495274744692,0.47395845659268226,-0.02282495240900612,0.48527697226329625,0.5241792202051518,0.5409963575965986,0.0005955428657385721
Polarity_group1_D100,72,0.13639091,Charge_group1_D75,0.022985478173063154,0.4822118107553521,0.024938625667243083,0.44577222091318414,0.5320738182764704,0.5023209237010914,-0.0019531474941799284
Polarity_group1_D100,72,0.13639091,Charge_group1_D100,0.15257545935263728,2.709908426226844e-06,0.1519166166350928,2.99493890282337e-06,5.706868942999785e-06,7.180973392268526e-06,0.0006588427175444889
Polarity_group1_D100,72,0.13639091,Charge_group2_D0,-0.06368667865780578,0.051312788390246146,-0.06390181629545892,0.050529809273451416,0.06855388528936884,0.06962440716721441,-0.00021513763765314275
Polarity_group1_D100,72,0.13639091,Charge_group2_D25,-0.006681667668080361,0.8381517688079646,-0.009759369861969439,0.7654382684972421,0.8621579636028955,0.795941412447319,-0.0030777021938890783
Polarity_group1_D100,72,0.13639091,Charge_group2_D50,-0.035063961801992116,0.28362085873355153,-0.035115650800874296,0.28291125498457337,0.33331937655526467,0.3335416843093805,-5.168899888217948e-05
Polarity_group1_D100,72,0.13639091,Charge_group2_D75,-0.061740970096529506,0.05886516945089044,-0.062330630371269014,0.05648474189126594,0.07780358763987894,0.07709809477598212,-0.0005896602747395077
Polarity_group1_D100,72,0.13639091,Charge_group2_D100,0.2430930192858472,4.53288613229604e-14,0.25201747959148363,4.847452016701971e-15,1.4405175720141553e-13,2.127528217580103e-14,-0.008924460305636428
Polarity_group1_D100,72,0.13639091,Charge_group3_D0,0.0437545309472743,0.18083151502160383,0.04345510759019256,0.18383713005430707,0.2202688767950973,0.22417525169090385,0.00029942335708173923
Polarity_group1_D100,72,0.13639091,Charge_group3_D25,0.07158073395720135,0.02845142581446005,0.07747166972500115,0.017699609995428384,0.03969413626578804,0.02643859453699946,-0.005890935767799796
Polarity_group1_D100,72,0.13639091,Charge_group3_D50,0.08802864019229135,0.007012806646463496,0.08838608452169576,0.006784791858886944,0.01067583144903741,0.010842681726642293,-0.00035744432940440496
Polarity_group1_D100,72,0.13639091,Charge_group3_D75,0.03547999086233155,0.2779435589959525,0.03511586392276406,0.28290833166522544,0.32722294220884085,0.3335416843093805,0.0003641269395674926
Polarity_group1_D100,72,0.13639091,Charge_group3_D100,0.09315222399395572,0.004319523598321167,0.0920338834120282,0.004810989489148044,0.006744838157266339,0.007811718470468871,0.0011183405819275155
Polarity_group1_D100,72,0.13639091,SecondaryStructure_C1,-0.1473124582636246,5.9542546315932045e-06,-0.1819899157749881,2.020081713517331e-08,1.2260918908459496e-05,5.861922609164106e-08,-0.0346774575113635
Polarity_group1_D100,72,0.13639091,SecondaryStructure_C2,0.15388189016847198,2.2196762444611606e-06,0.1610093869487444,7.257247356418425e-07,4.7011532381105115e-06,1.8616901820612552e-06,-0.007127496780272413
Polarity_group1_D100,72,0.13639091,SecondaryStructure_C3,0.09009672528627978,0.005783057933522841,0.117977082505349,0.00029556354194651733,0.008884734819671706,0.0005596271145699365,-0.027880357219069216
Polarity_group1_D100,72,0.13639091,SecondaryStructure_T12,-0.03424565969537667,0.2950151372120737,-0.04416366295343823,0.17678375116701703,0.3446486737629682,0.21612654791282462,-0.00991800325806156
Polarity_group1_D100,72,0.13639091,SecondaryStructure_T13,-0.06510012887224141,0.04634932446875241,-0.07384692648138634,0.023786657516594017,0.06249767611046954,0.0348606564745169,-0.00874679760914493
Polarity_group1_D100,72,0.13639091,SecondaryStructure_T23,0.12836412831773003,8.13624066819866e-05,0.15601567824076307,1.5965874728045654e-06,0.00015370499904854935,3.93259746251272e-06,-0.027651549923033036
Polarity_group1_D100,72,0.13639091,SecondaryStructure_group1_D0,-0.02895126689876079,0.37604119338566155,-0.027985055246226433,0.3921862111271418,0.426499806280447,0.4478297248426166,0.000966211652534358
Polarity_group1_D100,72,0.13639091,SecondaryStructure_group1_D25,-0.047318575211913814,0.14780719881384477,-0.04800192174093132,0.14203748792821902,0.18311425965810146,0.17708294500942573,-0.0006833465290175048
Polarity_group1_D100,72,0.13639091,SecondaryStructure_group1_D50,-0.07654249248504912,0.019113422882803557,-0.07986551153631613,0.014470625316776706,0.02744575770789505,0.022026475582603844,-0.003323019051267015
Polarity_group1_D100,72,0.13639091,SecondaryStructure_group1_D75,-0.024504129209349485,0.4537404070888143,-0.027801066333409813,0.3953074982977305,0.5043237802584492,0.45077090307296774,-0.0032969371240603278
Polarity_group1_D100,72,0.13639091,SecondaryStructure_group1_D100,-0.07495278102442998,0.021761547007076942,-0.07915713621463685,0.015367294096322748,0.030981912618771094,0.02324581625077807,-0.004204355190206871
Polarity_group1_D100,72,0.13639091,SecondaryStructure_group2_D0,-0.08158837538867916,0.012479418882193385,-0.08056836885635699,0.013626794787664433,0.018386086928330794,0.020839512175274362,0.0010200065323221763
Polarity_group1_D100,72,0.13639091,SecondaryStructure_group2_D25,-0.015875336275617286,0.6274400204295268,-0.016953598517183876,0.6042476553300329,0.6699647276964896,0.6498064596895177,-0.0010782622415665896
Polarity_group1_D100,72,0.13639091,SecondaryStructure_group2_D50,0.01156066965257982,0.7237759941328245,0.012111563633893659,0.7111893897658631,0.7608073898396908,0.7472074746203154,-0.0005508939813138394
Polarity_group1_D100,72,0.13639091,SecondaryStructure_group2_D75,0.05397888192727739,0.09867395371669564,0.05793956113936166,0.0762820416089457,0.12603097721367626,0.10146617269270693,-0.0039606792120842685
Polarity_group1_D100,72,0.13639091,SecondaryStructure_group2_D100,0.3960769752490244,1.4797975114814376e-36,0.39903541403678155,3.978921437515168e-37,8.655908385898427e-36,3.1869538612231807e-36,-0.002958438787757145
Polarity_group1_D100,72,0.13639091,SecondaryStructure_group3_D0,-0.06578565465277926,0.0440912854458527,-0.06828483960835961,0.036628615827042445,0.05969391706086259,0.05179490976389575,-0.0024991849555803525
Polarity_group1_D100,72,0.13639091,SecondaryStructure_group3_D25,0.07224773816139193,0.027002990186161088,0.07178348778415843,0.028004226198310625,0.037728289808040646,0.04047343812304521,0.0004642503772335077
Polarity_group1_D100,72,0.13639091,SecondaryStructure_group3_D50,0.04813623248181044,0.14092404481828047,0.05107501459682836,0.118202665216692,0.1754138905286956,0.14954428099384517,-0.0029387821150179197
Polarity_group1_D100,72,0.13639091,SecondaryStructure_group3_D75,0.007383618031146777,0.8214213103970296,0.008330253948009084,0.7989881021951484,0.8478205119672679,0.824156967675045,-0.0009466359168623069
Polarity_group1_D100,72,0.13639091,SecondaryStructure_group3_D100,0.01702922963326797,0.6026354144230207,0.01918271435118278,0.5575652457891579,0.6466246898111735,0.6056155840441585,-0.0021534847179148116
Polarity_group1_D100,72,0.13639091,SolventAccessibility_C1,-0.019141477245564826,0.5584126936162531,-0.020704164635606283,0.5267429323647992,0.6061418253748084,0.5789145752215957,-0.0015626873900414576
Polarity_group1_D100,72,0.13639091,SolventAccessibility_C2,0.002495069182016849,0.9392016094531069,-0.0058302663590595275,0.8585420396007205,0.947141719677952,0.878263525962146,-0.0033351971770426785
Polarity_group1_D100,72,0.13639091,SolventAccessibility_C3,0.013699608872531115,0.67535415744842,0.027846496503301985,0.3945354059904037,0.7151816378813325,0.45005063388249605,-0.01414688763077087
Polarity_group1_D100,72,0.13639091,SolventAccessibility_T12,0.011545060206848406,0.7241337402096937,0.0038190491757903143,0.9070603762697321,0.7608073898396908,0.9177769332750395,0.0077260110310580915
Polarity_group1_D100,72,0.13639091,SolventAccessibility_T13,0.06373313810305548,0.05114284931330785,0.07793380136594029,0.01703115315893457,0.06835418835792247,0.025485686178692412,-0.014200663262884813
Polarity_group1_D100,72,0.13639091,SolventAccessibility_T23,0.04538163096945917,0.16513301961288163,0.04556907755314471,0.16339241962243647,0.20232732410382415,0.20122812741111276,-0.00018744658368553824
Polarity_group1_D100,72,0.13639091,SolventAccessibility_group1_D0,-0.04979404085391696,0.1277265459936052,-0.05028525404217324,0.12400631828884508,0.16019777079182926,0.15594168037829162,-0.0004912131882562759
Polarity_group1_D100,72,0.13639091,SolventAccessibility_group1_D25,-0.02933144990926639,0.3698024301817416,-0.03343505573403512,0.3066001555357273,0.4198300872899446,0.3591878356679513,-0.004103605824768732
Polarity_group1_D100,72,0.13639091,SolventAccessibility_group1_D50,0.05639365116088453,0.08447266703150598,0.05444834209553346,0.09577328486638761,0.10893386404835134,0.12427458098435688,0.001945309065351071
Polarity_group1_D100,72,0.13639091,SolventAccessibility_group1_D75,0.10593502832019362,0.001164102204661495,0.10550851126694254,0.001219054365839045,0.0019587412410928934,0.0021328662031966533,0.00042651705325108535
Polarity_group1_D100,72,0.13639091,SolventAccessibility_group1_D100,0.4291616980141977,2.8325946326689443e-43,0.4297319106448808,2.136453438954695e-43,1.873438826359262e-42,1.976663292550881e-42,-0.0005702126306831312
Polarity_group1_D100,72,0.13639091,SolventAccessibility_group2_D0,-0.08007655310560108,0.014212548016830463,-0.08036795014139424,0.013862873111377754,0.020801888858989374,0.02118115104849117,-0.0002913970357931589
Polarity_group1_D100,72,0.13639091,SolventAccessibility_group2_D25,0.0640060881739735,0.05015392949946412,0.0799637399632292,0.014349995426434942,0.06722075623122399,0.02187539238899713,-0.015957651789255692
Polarity_group1_D100,72,0.13639091,SolventAccessibility_group2_D50,0.09040122397391886,0.005619402692565422,0.0966701957462431,0.003055399747267002,0.00867320008926456,0.005059511728245804,-0.0062689717723242305
Polarity_group1_D100,72,0.13639091,SolventAccessibility_group2_D75,0.12492793305496158,0.00012606295309274812,0.13356591515554636,4.1057640024902105e-05,0.00023417700963836413,8.692208898332901e-05,-0.008637982100584779
Polarity_group1_D100,72,0.13639091,SolventAccessibility_group2_D100,0.07224614248002942,0.027006378002241083,0.07079986756452977,0.03023156506092592,0.037728289808040646,0.04333623489420282,0.0014462749154996457
Polarity_group1_D100,72,0.13639091,SolventAccessibility_group3_D0,-0.03121342664770389,0.3398739393110849,-0.028800431319346228,0.3785342577573496,0.3900958616147847,0.43431962243543376,0.0024129953283576616
Polarity_group1_D100,72,0.13639091,SolventAccessibility_group3_D25,0.007185056143136544,0.8261460136179327,0.006902423563192972,0.8328819606243061,0.8519072817177817,0.8541425038213473,0.000282632579943572
Polarity_group1_D100,72,0.13639091,SolventAccessibility_group3_D50,-0.1083801222663251,0.000890776028771891,-0.10746202988618082,0.0009855645468715179,0.0015210592720338015,0.0017463053509553686,0.0009180923801442725
Polarity_group1_D100,72,0.13639091,SolventAccessibility_group3_D75,-0.21703393775308294,1.8827942133715803e-11,-0.2184433613344493,1.3844859288091297e-11,5.365642212168155e-11,4.96689903568474e-11,-0.0014094235813663647
Polarity_group1_D100,72,0.13639091,SolventAccessibility_group3_D100,-0.01663211399511338,0.6111222599162516,-0.013847893659642986,0.6720437138542439,0.654004597283012,0.7121275394267687,0.002784220335470395
SecondaryStructure_C3,127,0.13137002,AAC_A,0.17163961463452035,1.248627471397978e-07,0.09321404575232306,0.00429373022054047,2.838948777719024e-07,0.007012742756286147,0.07842556888219729
SecondaryStructure_C3,127,0.13137002,AAC_C,0.23627442443457014,2.3572188275795445e-13,0.22499490275834352,3.225576567660492e-12,7.303442378585974e-13,1.2050811785219287e-11,0.011279521676226617
SecondaryStructure_C3,127,0.13137002,AAC_D,-0.14263580371159776,1.1719261551972045e-05,-0.009458799300275548,0.7724603701056699,2.3608162595649355e-05,0.8019949133207764,0.13317700441132221
SecondaryStructure_C3,127,0.13137002,AAC_E,-0.7012911183823664,1.3726424565627704e-139,-0.5864872155253648,1.1480468447969905e-87,3.298291945985362e-138,2.3965477885137176e-86,0.1148039028570016
SecondaryStructure_C3,127,0.13137002,AAC_F,-0.2847829782800594,6.087132306387356e-19,-0.23167391377952987,6.966891537305353e-13,2.266557625789718e-18,2.712053349020965e-12,0.05310906450052952
SecondaryStructure_C3,127,0.13137002,AAC_G,0.6085576207865329,5.160232958212208e-96,0.6023102538517832,1.3862212256166871e-93,7.211371581769362e-95,3.307127781114097e-92,0.0062473669347496985
SecondaryStructure_C3,127,0.13137002,AAC_H,-0.5554611177191193,5.790265811037801e-77,-0.4203869953427491,2.0315792178685655e-41,6.279054483398135e-76,1.7670506738752627e-40,0.13507412237637023
SecondaryStructure_C3,127,0.13137002,AAC_I,-0.35416426558371733,4.492246542604159e-29,-0.2462882677232307,2.056786614198007e-14,2.2294358770130597e-28,8.773521444982558e-14,0.10787599786048663
SecondaryStructure_C3,127,0.13137002,AAC_K,-0.45671615871156535,1.810662278993967e-49,-0.3025796300635253,2.7279445134731548e-21,1.3090069289696645e-48,1.48878017565365e-20,0.15413652864804006
SecondaryStructure_C3,127,0.13137002,AAC_L,-0.6447541341043213,3.2055973911997004e-111,-0.5780035270760241,1.2615901832803503e-84,5.462599636023979e-110,2.4498321000909126e-83,0.06675060702829716
SecondaryStructure_C3,127,0.13137002,AAC_M,-0.31163458062443977,1.5013428841454408e-22,-0.19824084081587595,9.299592329694425e-10,6.221445698567956e-22,2.9274871235795833e-09,0.11339373980856382
SecondaryStructure_C3,127,0.13137002,AAC_N,0.2962317831158625,1.9615631233250533e-20,0.35392977296010475,4.912358148683441e-29,7.662714423281495e-20,3.210817263523032e-28,-0.05769798984424224
SecondaryStructure_C3,127,0.13137002,AAC_P,0.35171282717349317,1.139600300630794e-28,0.1052246789606032,0.0012569382230938188,5.597448535451253e-28,0.002193403168826204,0.24648814821288997
SecondaryStructure_C3,127,0.13137002,AAC_Q,-0.15815682189185462,1.1420057891439547e-06,-0.12399671240106369,0.0001416763634372388,2.4608382811231023e-06,0.0002799994401659039,0.03416010949079093
SecondaryStructure_C3,127,0.13137002,AAC_R,-0.1227972446955294,0.00016447415621115652,-0.23506122959245196,3.143998892165157e-13,0.0003025020273927658,1.2501138452180505e-12,-0.11226398489692256
SecondaryStructure_C3,127,0.13137002,AAC_S,0.7118547796774075,1.1959157085204603e-145,0.6003417680098521,7.873241407463547e-93,3.120592551920576e-144,1.8389249161488284e-91,0.11151301166755545
SecondaryStructure_C3,127,0.13137002,AAC_T,0.5841638233769765,7.974377353352351e-87,0.408196241272399,6.25722470988204e-39,9.68524376734431e-86,5.173052111635152e-38,0.17596758210457747
SecondaryStructure_C3,127,0.13137002,AAC_V,0.0043001538833853424,0.8954157224678772,0.02232439288705726,0.4949021684342662,0.9140246066756448,0.5511748057920804,-0.018024239003671918
SecondaryStructure_C3,127,0.13137002,AAC_W,0.08951965753354012,0.006105023108494023,0.012764055471209299,0.6963828198139531,0.009344994125742453,0.7346552805365141,0.07675560206233081
SecondaryStructure_C3,127,0.13137002,AAC_Y,-0.026588711344031957,0.416246806930738,0.01660187776703849,0.611770606513459,0.4676301160944046,0.6566769226356921,0.009986833576993467
SecondaryStructure_C3,127,0.13137002,Hydrophobicity_C1,-0.5871986935579051,6.321719520332073e-88,-0.4253411152220342,1.8487825339361595e-42,7.791344353472e-87,1.6466489768924728e-41,0.1618575783358709
SecondaryStructure_C3,127,0.13137002,Hydrophobicity_C2,0.7274809734289076,3.916586473798596e-155,0.6059394932093857,5.460666772207774e-95,1.1785043984222803e-153,1.3312866437353258e-93,0.12154148021952194
SecondaryStructure_C3,127,0.13137002,Hydrophobicity_C3,-0.7261444154785892,2.6908312359712384e-154,-0.6313600862862088,2.3393354587219036e-105,7.883663445740295e-153,6.352341814740779e-104,0.09478432919238045
SecondaryStructure_C3,127,0.13137002,Hydrophobicity_T12,0.10800403573038796,0.0009285360290700211,0.20003091624082922,6.516592168878855e-10,0.001578274980709349,2.0709246283592176e-09,-0.09202688051044126
SecondaryStructure_C3,127,0.13137002,Hydrophobicity_T13,-0.6171129284418055,1.981389018328265e-99,-0.4613878229166927,1.4129510615695633e-50,2.915347718597535e-98,1.5372171158444109e-49,0.15572510552511282
SecondaryStructure_C3,127,0.13137002,Hydrophobicity_T23,0.10995538392272541,0.0007475482748973619,-0.00874477459923385,0.7892156073217216,0.0012883442921347724,0.8150835276606524,0.10121060932349156
SecondaryStructure_C3,127,0.13137002,Hydrophobicity_group1_D0,-0.06703856809464989,0.04020366768616122,-0.06834114388866402,0.03647369861819013,0.05488574443640659,0.05159769308968871,-0.0013025757940141325
SecondaryStructure_C3,127,0.13137002,Hydrophobicity_group1_D25,0.33684869641413917,2.708899190993527e-26,0.10844828742391263,0.0008840861270861163,1.2394141503997782e-25,0.0015773758891386904,0.22840040899022654
SecondaryStructure_C3,127,0.13137002,Hydrophobicity_group1_D50,0.0873911488408181,0.007436572991751437,-0.05450245515506378,0.09544336125665905,0.011279815527906358,0.12399098661891919,0.03288869368575432
SecondaryStructure_C3,127,0.13137002,Hydrophobicity_group1_D75,0.09793971878961616,0.002689219193295061,-0.06006215913514178,0.06610144012438339,0.004326585792680878,0.08913153412008096,0.03787755965447438
SecondaryStructure_C3,127,0.13137002,Hydrophobicity_group1_D100,-0.2332619563126405,4.80517281480338e-13,-0.12268810824316878,0.00016671121114765166,1.468369368842021e-12,0.00032696150630249945,0.11057384806947171
SecondaryStructure_C3,127,0.13137002,Hydrophobicity_group2_D0,-0.33038261065997354,2.6713561324030055e-25,-0.2714195568679088,2.7569108949558668e-17,1.2008518818608397e-24,1.3345046940800862e-16,0.058963053792064735
SecondaryStructure_C3,127,0.13137002,Hydrophobicity_group2_D25,-0.32079629231519746,7.19475969748571e-24,-0.11647128906859112,0.0003533926932426217,3.0534304179926646e-23,0.000662363409332411,0.20432500324660635
SecondaryStructure_C3,127,0.13137002,Hydrophobicity_group2_D50,-0.030273588315882043,0.3546208832329382,0.10167932909421128,0.0018308875237586495,0.405350359342236,0.0031375907282472494,-0.07140574077832923
SecondaryStructure_C3,127,0.13137002,Hydrophobicity_group2_D75,-0.07631435411957171,0.019475268577867424,0.06133944011531034,0.060533254284279636,0.02794132175690601,0.08205400540158035,0.014974914004261375
SecondaryStructure_C3,127,0.13137002,Hydrophobicity_group2_D100,0.21817978680930358,1.4666499035724914e-11,0.1627436188486859,5.487524228716859e-07,4.208428417467458e-11,1.421903097278069e-06,0.05543616796061768
SecondaryStructure_C3,127,0.13137002,Hydrophobicity_group3_D0,0.30856062291652175,4.0639531484660683e-22,0.1660126629711943,3.214067883193014e-07,1.665472824033947e-21,8.466077862669297e-07,0.14254795994532746
SecondaryStructure_C3,127,0.13137002,Hydrophobicity_group3_D25,0.2224126126639315,5.759094441079395e-12,0.02284685645683922,0.4848581055392831,1.6843586193699807e-11,0.5407098739569969,0.19956575620709227
SecondaryStructure_C3,127,0.13137002,Hydrophobicity_group3_D50,0.08144402639082599,0.012636422083605183,-0.023646104199624606,0.4697088154104786,0.018609193015538497,0.525570332821105,0.057797922191201376
SecondaryStructure_C3,127,0.13137002,Hydrophobicity_group3_D75,-0.027784176613085895,0.3955947738753585,-0.06411301057659828,0.04977092794633708,0.44622983611742567,0.06869210716560571,-0.036328833963512386
SecondaryStructure_C3,127,0.13137002,Hydrophobicity_group3_D100,0.0519613234360326,0.11194519391716197,0.03163032245012778,0.3334599842401082,0.14146687388699242,0.38672095394512546,0.020331000985904825
SecondaryStructure_C3,127,0.13137002,NormVanDerWaalsVolume_C1,0.7502488876490361,3.347641660181913e-170,0.6404194224197294,2.725474115771757e-109,1.2286948510997352e-168,8.12775316667649e-108,0.1098294652293067
SecondaryStructure_C3,127,0.13137002,NormVanDerWaalsVolume_C2,-0.6496448434184097,1.953786514016087e-113,-0.5109797320416923,1.8639442018954848e-63,3.452723257573402e-112,2.6719200147343003e-62,0.13866511137671733
SecondaryStructure_C3,127,0.13137002,NormVanDerWaalsVolume_C3,-0.6474048595034545,2.0438225426899206e-112,-0.5433586708055975,4.364206691891995e-73,3.555399631554341e-111,7.324849422572495e-72,0.10404618869785698
SecondaryStructure_C3,127,0.13137002,NormVanDerWaalsVolume_T12,0.263428712533635,2.4413572266527143e-16,0.17661964059009455,5.267746989893669e-08,8.458644333008366e-16,1.474792535309711e-07,0.08680907194354043
SecondaryStructure_C3,127,0.13137002,NormVanDerWaalsVolume_T13,-0.0034776488677972705,0.9153358910169358,0.014051243204871318,0.6675142705083047,0.9290534558673446,0.7082267037794592,-0.010573594337074048
SecondaryStructure_C3,127,0.13137002,NormVanDerWaalsVolume_T23,-0.6796210962648341,5.858464704470503e-128,-0.5740495702114606,3.0760689904146757e-83,1.230646044838458e-126,5.904638177002883e-82,0.1055715260533735
SecondaryStructure_C3,127,0.13137002,NormVanDerWaalsVolume_group1_D0,-0.3231661225402268,3.2225542165202123e-24,-0.26274524503528923,2.932052616169806e-16,1.379914241433014e-23,1.341514484658514e-15,0.060420877504937576
SecondaryStructure_C3,127,0.13137002,NormVanDerWaalsVolume_group1_D25,-0.2992283541753288,7.777031848332242e-21,-0.1341521559098961,3.795110447181992e-05,3.0739983873881286e-20,8.068535260081383e-05,0.16507619826543268
SecondaryStructure_C3,127,0.13137002,NormVanDerWaalsVolume_group1_D50,0.055537768719417825,0.08930438091194273,0.1571996302965944,1.3272855580384156e-06,0.1146336019392347,3.3107795099688636e-06,-0.10166186157717658
SecondaryStructure_C3,127,0.13137002,NormVanDerWaalsVolume_group1_D75,-0.04994062333468489,0.12660743502965313,0.08129519383235011,0.012800127348403923,0.1588538065360787,0.01967437889722462,-0.03135457049766522
SecondaryStructure_C3,127,0.13137002,NormVanDerWaalsVolume_group1_D100,0.3105721151798038,2.120966710599334e-22,0.27692191827667223,5.882447980124251e-18,8.745714584446636e-22,2.9324442169574624e-17,0.03365019690313159
SecondaryStructure_C3,127,0.13137002,NormVanDerWaalsVolume_group2_D0,-0.0757019835272335,0.020476232141608066,-0.11768589144241812,0.00030600561212919427,0.029289342763584986,0.0005780875251761928,-0.04198390791518462
SecondaryStructure_C3,127,0.13137002,NormVanDerWaalsVolume_group2_D25,0.26145606382291015,4.1359424050686947e-16,0.08941387209326901,0.006165762905098356,1.4226619601369145e-15,0.00991986902843377,0.17204219172964114
SecondaryStructure_C3,127,0.13137002,NormVanDerWaalsVolume_group2_D50,-0.021275640688582568,0.5153942647636599,-0.088044948425777,0.007002255832758207,0.564954658454422,0.011163500945781581,-0.06676930773719443
SecondaryStructure_C3,127,0.13137002,NormVanDerWaalsVolume_group2_D75,-0.0534995393867463,0.10170750573132684,-0.07938970952441184,0.015067658968301978,0.12975671090245672,0.022865052682475514,-0.025890170137665536
SecondaryStructure_C3,127,0.13137002,NormVanDerWaalsVolume_group2_D100,-0.11042630909828212,0.0007090704285878936,-0.042085264577464754,0.19805952124279783,0.001225191532065993,0.24011571722357342,0.06834104452081737
SecondaryStructure_C3,127,0.13137002,NormVanDerWaalsVolume_group3_D0,0.2502554167396449,7.590183910836253e-15,0.18769176612636068,7.072855909316273e-09,2.5025877850141248e-14,2.1186850885306146e-08,0.06256365061328423
SecondaryStructure_C3,127,0.13137002,NormVanDerWaalsVolume_group3_D25,0.1073136849149009,0.0010017280214142392,0.024630482212482437,0.4514149971620283,0.0016940615653283841,0.507993965809021,0.08268320270241847
SecondaryStructure_C3,127,0.13137002,NormVanDerWaalsVolume_group3_D50,0.0014566711887022531,0.9644820413344734,-0.07221213396566364,0.027078669163460734,0.9685417973713593,0.039271712985653,-0.07075546277696139
SecondaryStructure_C3,127,0.13137002,NormVanDerWaalsVolume_group3_D75,-0.002306504413478125,0.9437885378993586,-0.07292869211752019,0.025590272464905087,0.9511930345756963,0.03730751201780139,-0.07062218770404206
SecondaryStructure_C3,127,0.13137002,NormVanDerWaalsVolume_group3_D100,-0.15573076255647655,1.6688259237926703e-06,-0.11025789657905471,0.0007226147565459395,3.5593094415501396e-06,0.0013074936882474075,0.04547286597742184
SecondaryStructure_C3,127,0.13137002,Polarity_C1,-0.7018312554458893,6.826694731685298e-140,-0.5961989569733656,2.928532876166392e-91,1.6765559120462424e-138,6.520866537597166e-90,0.10563229847252376
SecondaryStructure_C3,127,0.13137002,Polarity_C2,0.7395530939489824,6.315567208495748e-163,0.6177474925905804,1.0949980776184256e-99,2.152448415956714e-161,2.9258348633964333e-98,0.12180560135840202
SecondaryStructure_C3,127,0.13137002,Polarity_C3,-0.6542182947607934,1.5211142480047722e-115,-0.49994681149980275,2.097260707188408e-60,2.731463219535451e-114,2.757815260633576e-59,0.15427148326099066
SecondaryStructure_C3,127,0.13137002,Polarity_T12,0.36512362824228467,6.325605396753749e-31,0.213060212570886,4.4291239060216714e-11,3.23545513402106e-30,1.5393625230085727e-10,0.15206341567139867
SecondaryStructure_C3,127,0.13137002,Polarity_T13,-0.6554865913179065,3.898130575243079e-116,-0.499208875476342,3.32486871253439e-60,7.11462083131797e-115,4.337914648384712e-59,0.15627771584156452
SecondaryStructure_C3,127,0.13137002,Polarity_T23,0.2549385227817359,2.2874917762949654e-15,0.2678346077867866,7.401397396316467e-17,7.678615610879583e-15,3.521462578874216e-16,-0.012896085005050684
SecondaryStructure_C3,127,0.13137002,Polarity_group1_D0,0.17925576487315273,3.3026870586149486e-08,0.061263879256570515,0.06085149052880856,7.74647105040304e-08,0.08245191820130653,0.11799188561658222
SecondaryStructure_C3,127,0.13137002,Polarity_group1_D25,0.18567458465172634,1.0291307634747487e-08,0.027885811150779677,0.3938679835461927,2.508975729931139e-08,0.4494427963936739,0.15778877350094667
SecondaryStructure_C3,127,0.13137002,Polarity_group1_D50,0.07884506172884326,0.01577757571506709,-0.011090703118861196,0.7345730213557703,0.022911783864488732,0.7693552497109667,0.06775435860998207
SecondaryStructure_C3,127,0.13137002,Polarity_group1_D75,0.008252101959532186,0.8008341453724462,-0.07430875956412242,0.02292188053858949,0.8288769896324668,0.033667142039968734,-0.06605665760459023
SecondaryStructure_C3,127,0.13137002,Polarity_group1_D100,0.09009672528627978,0.005783057933522841,0.117977082505349,0.00029556354194651733,0.008884734819671706,0.0005596271145699365,-0.027880357219069216
SecondaryStructure_C3,127,0.13137002,Polarity_group2_D0,-0.3255842322088017,1.4094949284819226e-24,-0.26143873410794227,4.155059239306673e-16,6.178101130091367e-24,1.8830254897264978e-15,0.06414549810085945
SecondaryStructure_C3,127,0.13137002,Polarity_group2_D25,-0.3475533493862954,5.42770591396568e-28,-0.15187220195744902,3.015153181725935e-06,2.582412785277118e-27,7.208741322093502e-06,0.19568114742884637
SecondaryStructure_C3,127,0.13137002,Polarity_group2_D50,-0.05862578516331912,0.07285955986614176,0.1017839593666618,0.001810971329877755,0.09491065910800058,0.0031082447285671645,-0.043158174203342684
SecondaryStructure_C3,127,0.13137002,Polarity_group2_D75,-0.053187234365834196,0.10372351518955235,0.10675875732032448,0.0010643893208418295,0.1321268271293306,0.0018720696848929493,-0.05357152295449029
SecondaryStructure_C3,127,0.13137002,Polarity_group2_D100,0.23152901739505943,7.206095760352869e-13,0.21323932455285038,4.263123319809807e-11,2.1820815811041325e-12,1.4832116550171622e-10,0.01828969284220905
SecondaryStructure_C3,127,0.13137002,Polarity_group3_D0,-0.018494959373886632,0.5717801145393143,-0.04136422603527815,0.20586090773802349,0.6184936923775761,0.24858113949566105,-0.02286926666139152
SecondaryStructure_C3,127,0.13137002,Polarity_group3_D25,0.38064217980047305,1.1320068463494784e-33,0.12906148793041672,7.4343807598027e-05,6.198201420995505e-33,0.00015224299042146546,0.2515806918700563
SecondaryStructure_C3,127,0.13137002,Polarity_group3_D50,0.09542373144969427,0.0034585478504661057,-0.0896524345091972,0.0060295470966592645,0.005472074761040641,0.009738243376616025,0.005771296940497064
SecondaryStructure_C3,127,0.13137002,Polarity_group3_D75,0.0638622429281096,0.05067307909230599,-0.09733210302082652,0.0028591689614529815,0.06786210271383401,0.0047700421235029765,-0.03346986009271692
SecondaryStructure_C3,127,0.13137002,Polarity_group3_D100,-0.2620328171256641,3.5467972248381295e-16,-0.17713436768652813,4.811408393602049e-08,1.2225286616057124e-15,1.3515646791110884e-07,0.08489844943913599
SecondaryStructure_C3,127,0.13137002,Polarizability_C1,0.7409957994877155,6.919754999268446e-164,0.6476236731217005,1.62639349706934e-112,2.3826785255213e-162,5.076779701132332e-111,0.093372126366015
SecondaryStructure_C3,127,0.13137002,Polarizability_C2,-0.5665171673638243,1.1988945900385431e-80,-0.46868505317477804,2.427376205524852e-52,1.3573925188910962e-79,2.7115172329274265e-51,0.09783211418904625
SecondaryStructure_C3,127,0.13137002,Polarizability_C3,-0.6474048595034545,2.0438225426899206e-112,-0.5433586708055975,4.364206691891995e-73,3.555399631554341e-111,7.324849422572495e-72,0.10404618869785698
SecondaryStructure_C3,127,0.13137002,Polarizability_T12,0.594729065570005,1.0432489352263914e-90,0.44790556163547507,1.998554633708363e-47,1.3505625750605222e-89,2.0413371488030373e-46,0.14682350393452998
SecondaryStructure_C3,127,0.13137002,Polarizability_T13,0.014343414109143844,0.6610275549371042,0.05311656486596564,0.10418407522739628,0.7017902204354507,0.13388796123874705,-0.03877315075682179
SecondaryStructure_C3,127,0.13137002,Polarizability_T23,-0.6798812350575367,4.3066310045206373e-128,-0.5836059379077925,1.2670731384101097e-86,9.10389085765755e-127,2.5805026111522964e-85,0.09627529714974425
SecondaryStructure_C3,127,0.13137002,Polarizability_group1_D0,-0.30074402049718374,4.8504424326426685e-21,-0.2533308204627728,3.4624597778750583e-15,1.9332312321034022e-20,1.531737173258635e-14,0.04741320003441096
SecondaryStructure_C3,127,0.13137002,Polarizability_group1_D25,-0.23583297935914443,2.6181487098812143e-13,-0.05088708785957877,0.1195640058920786,8.089377142463696e-13,0.15109488447958477,0.18494589149956567
SecondaryStructure_C3,127,0.13137002,Polarizability_group1_D50,0.005623244846002831,0.8635148288258369,0.20602311878174437,1.934378809797569e-10,0.8841629455175644,6.409548834051469e-10,-0.20039987393574155
SecondaryStructure_C3,127,0.13137002,Polarizability_group1_D75,0.008665160039803643,0.7910900379562908,0.17837524581844438,3.8630383622504804e-08,0.8200622988125423,1.0952927105192364e-07,-0.16971008577864075
SecondaryStructure_C3,127,0.13137002,Polarizability_group1_D100,0.21538779975697955,2.6889580971167577e-11,0.22181307094790786,6.582039730659357e-12,7.572613865404697e-11,2.4131737322066138e-11,-0.006425271190928311
SecondaryStructure_C3,127,0.13137002,Polarizability_group2_D0,-0.18218677536649033,1.9492649358039528e-08,-0.17254198701213955,1.0698290118789119e-07,4.650389203989431e-08,2.912166992400624e-07,0.009644788354350786
SecondaryStructure_C3,127,0.13137002,Polarizability_group2_D25,0.1527301356357761,2.646862123708987e-06,0.001988469005576688,0.9515290410942607,5.577614822200641e-06,0.9575495622943148,0.1507416666301994
SecondaryStructure_C3,127,0.13137002,Polarizability_group2_D50,0.09661152235648293,0.0030733727884583533,-0.10066886598576252,0.0020338315536660902,0.004897454729699857,0.0034658149945126235,-0.004057343629279592
SecondaryStructure_C3,127,0.13137002,Polarizability_group2_D75,-0.09142176665783848,0.005100880364074578,-0.19593993101499965,1.4617539482516368e-09,0.007920474391450065,4.554345323843719e-09,-0.10451816435716117
SecondaryStructure_C3,127,0.13137002,Polarizability_group2_D100,0.10214009701528683,0.001744661623546888,0.07664468468211132,0.018953249975177267,0.002881884185285166,0.028172610109965322,0.02549541233317551
SecondaryStructure_C3,127,0.13137002,Polarizability_group3_D0,0.2502554167396449,7.590183910836253e-15,0.18769176612636068,7.072855909316273e-09,2.5025877850141248e-14,2.1186850885306146e-08,0.06256365061328423
SecondaryStructure_C3,127,0.13137002,Polarizability_group3_D25,0.1073136849149009,0.0010017280214142392,0.024630482212482437,0.4514149971620283,0.0016940615653283841,0.507993965809021,0.08268320270241847
SecondaryStructure_C3,127,0.13137002,Polarizability_group3_D50,0.0014566711887022531,0.9644820413344734,-0.07221213396566364,0.027078669163460734,0.9685417973713593,0.039271712985653,-0.07075546277696139
SecondaryStructure_C3,127,0.13137002,Polarizability_group3_D75,-0.002306504413478125,0.9437885378993586,-0.07292869211752019,0.025590272464905087,0.9511930345756963,0.03730751201780139,-0.07062218770404206
SecondaryStructure_C3,127,0.13137002,Polarizability_group3_D100,-0.15573076255647655,1.6688259237926703e-06,-0.11025789657905471,0.0007226147565459395,3.5593094415501396e-06,0.0013074936882474075,0.04547286597742184
SecondaryStructure_C3,127,0.13137002,Charge_C1,-0.620345562266,9.522148545687826e-101,-0.5406503192220988,3.06260905826706e-72,1.41982036350881e-99,5.014271693437245e-71,0.07969524304390119
SecondaryStructure_C3,127,0.13137002,Charge_C2,0.6972041992029058,2.5752185357416385e-137,0.5814046989246449,7.807443676686239e-86,5.891253362587036e-136,1.5430095787060378e-84,0.11579950027826091
SecondaryStructure_C3,127,0.13137002,Charge_C3,-0.5696059213044306,1.058015835937291e-81,-0.4140375285527631,4.137959603175207e-40,1.2060658334575261e-80,3.52571047821561e-39,0.15556839275166745
SecondaryStructure_C3,127,0.13137002,Charge_T12,-0.5295427750708573,7.534647137849186e-69,-0.47080629991589984,7.311506981431589e-53,7.129099558191581e-68,8.278112989146273e-52,0.0587364751549575
SecondaryStructure_C3,127,0.13137002,Charge_T13,-0.5766322643614382,3.8380623790931494e-84,-0.4519654119336175,2.3270617754092423e-48,4.4822127084514404e-83,2.4518568863933345e-47,0.12466685242782072
SecondaryStructure_C3,127,0.13137002,Charge_T23,-0.48002612955763735,3.59679719702147e-55,-0.3083527515038846,4.3451973138805925e-22,2.8333260938801206e-54,2.41480183500186e-21,0.17167337805375277
SecondaryStructure_C3,127,0.13137002,Charge_group1_D0,0.002237884973339895,0.9454582086726723,-0.028177383976598733,0.3889394466889021,0.9525883610759353,0.4447304867993609,-0.02593949900325884
SecondaryStructure_C3,127,0.13137002,Charge_group1_D25,0.09082885420284269,0.005396610959311949,-0.00030990036766402894,0.9924413305900881,0.008371890666094709,0.9933335463502829,0.09051895383517866
SecondaryStructure_C3,127,0.13137002,Charge_group1_D50,-0.07999370781040897,0.014313369991712958,-0.12410876622231302,0.0001397056783668859,0.02094027848108685,0.00027659571176372194,-0.04411505841190405
SecondaryStructure_C3,127,0.13137002,Charge_group1_D75,0.01730164734359933,0.596844337885126,-0.05963410404005096,0.06805923579423978,0.6411901217550083,0.09143919853288852,-0.04233245669645164
SecondaryStructure_C3,127,0.13137002,Charge_group1_D100,-0.0836951787796795,0.010376435484462689,-0.05076725363264707,0.12043846766453517,0.015430674317945405,0.15214239107395894,0.032927925147032425
SecondaryStructure_C3,127,0.13137002,Charge_group2_D0,-0.16465454878045377,4.019082122349291e-07,-0.18859522920108485,5.971228653584623e-09,8.925355245110792e-07,1.7983682329100668e-08,-0.023940680420631077
SecondaryStructure_C3,127,0.13137002,Charge_group2_D25,-0.0633584890615677,0.05252672862808599,0.05548715842050983,0.08959691117349378,0.07003563817078132,0.1171705886137311,0.00787133064105787
SecondaryStructure_C3,127,0.13137002,Charge_group2_D50,0.19708962066335448,1.1668907686226206e-09,0.23882224936778573,1.2806853804633252e-13,2.9842382597240068e-09,5.261364293662369e-13,-0.04173262870443126
SecondaryStructure_C3,127,0.13137002,Charge_group2_D75,0.12252187901101408,0.0001701735226631133,0.1716837734468908,1.239243162386469e-07,0.00031246815046443013,3.3541913795549484e-07,-0.049161894435876735
SecondaryStructure_C3,127,0.13137002,Charge_group2_D100,0.2553813774852473,2.0396161586526923e-15,0.16910856953822664,1.9178667657630127e-07,6.867256018044347e-15,5.120443643204206e-07,0.08627280794702066
SecondaryStructure_C3,127,0.13137002,Charge_group3_D0,-0.007258247213167215,0.8244037193069382,0.005480237798295957,0.8669531172236108,0.8506359043821976,0.8852410307327607,0.0017780094148712577
SecondaryStructure_C3,127,0.13137002,Charge_group3_D25,0.11939355255350535,0.0002493545140976694,-0.018468509733071504,0.5723302064431531,0.00045411345533599555,0.6198388098314305,0.10092504282043385
SecondaryStructure_C3,127,0.13137002,Charge_group3_D50,-0.10704651035943082,0.0010314585045224861,-0.14331888300601475,1.0629556260115158e-05,0.0017425753187178066,2.397212552922662e-05,-0.036272372646583936
SecondaryStructure_C3,127,0.13137002,Charge_group3_D75,-0.14292584000673078,1.1244163467246036e-05,-0.1545167043303804,2.0133451760856315e-06,2.2733357131114866e-05,4.93003877428593e-06,-0.011590864323649613
SecondaryStructure_C3,127,0.13137002,Charge_group3_D100,-0.22249111986710698,5.659084806814203e-12,-0.1457608645581377,7.471421366918508e-06,1.6580125662069682e-11,1.7198215613607572e-05,0.07673025530896929
SecondaryStructure_C3,127,0.13137002,SecondaryStructure_C1,-0.8598320350517843,3.304503857041406e-275,-0.8033041507338633,1.1824609635307217e-212,2.3483069962804887e-273,7.313740033690019e-211,0.056527884317920996
SecondaryStructure_C3,127,0.13137002,SecondaryStructure_C2,0.23055399042695712,9.038554529931124e-13,0.13477095277376314,3.491437437711751e-05,2.722161598734892e-12,7.456138773629954e-05,0.09578303765319399
SecondaryStructure_C3,127,0.13137002,SecondaryStructure_C3,1.0,0.0,0.9999999999999999,0.0,0.0,0.0,1.1102230246251565e-16
SecondaryStructure_C3,127,0.13137002,SecondaryStructure_T12,-0.7371530058026291,2.4206395207184186e-161,-0.6716514630670638,6.251648744677255e-124,7.773976922307229e-160,2.2696203051328294e-122,0.0655015427355653
SecondaryStructure_C3,127,0.13137002,SecondaryStructure_T13,-0.22084110905902948,8.16666947807223e-12,-0.05279875714065996,0.10627533878185932,2.373949178134138e-11,0.13626089502165456,0.16804235191836953
SecondaryStructure_C3,127,0.13137002,SecondaryStructure_T23,0.7498191632370217,6.67070497424014e-170,0.6578437005966,3.049915147055023e-117,2.3702292142512835e-168,1.0289612718347249e-115,0.09197546264042167
SecondaryStructure_C3,127,0.13137002,SecondaryStructure_group1_D0,0.04813172030002699,0.14096134196976617,0.010850768192273087,0.7401057165555097,0.1754138905286956,0.7741788579064837,0.03728095210775391
SecondaryStructure_C3,127,0.13137002,SecondaryStructure_group1_D25,-0.034692102461268824,0.2887613241030836,-0.013030833116171333,0.6903617408528582,0.3387646022143657,0.7289940608436757,0.02166126934509749
SecondaryStructure_C3,127,0.13137002,SecondaryStructure_group1_D50,-0.30648415818245567,7.910397130529913e-22,-0.26662083848736445,1.0305480636748375e-16,3.2299176547640477e-21,4.861625046149657e-16,0.039863319695091215
SecondaryStructure_C3,127,0.13137002,SecondaryStructure_group1_D75,-0.2153908484408227,2.6871909419290747e-11,-0.13500758982753958,3.381516979794177e-05,7.572613865404697e-11,7.22601837012959e-05,0.08038325861328313
SecondaryStructure_C3,127,0.13137002,SecondaryStructure_group1_D100,-0.20966629561261468,9.076208419228142e-11,-0.12866408858980338,7.827007152040767e-05,2.4726375301975527e-10,0.0001597934222971648,0.0810022070228113
SecondaryStructure_C3,127,0.13137002,SecondaryStructure_group2_D0,-0.03127501198170219,0.33892150801594584,-0.10077441102325387,0.002011708615287659,0.38913641690383605,0.003431617351920726,-0.06949939904155167
SecondaryStructure_C3,127,0.13137002,SecondaryStructure_group2_D25,-0.01756230131142092,0.5913271270124346,0.025733520023021615,0.4314027144967267,0.6354946825343458,0.48727935962768587,-0.008171218711600696
SecondaryStructure_C3,127,0.13137002,SecondaryStructure_group2_D50,0.13204998053236325,5.024564030602744e-05,0.13418502562950246,3.778369296567304e-05,9.63931295934128e-05,8.043182568855829e-05,-0.0021350450971392154
SecondaryStructure_C3,127,0.13137002,SecondaryStructure_group2_D75,0.13588064972854155,3.0036969084587637e-05,0.034845511827929034,0.28663309474549836,5.8668699849428485e-05,0.3376911945149787,0.10103513790061253
SecondaryStructure_C3,127,0.13137002,SecondaryStructure_group2_D100,0.2294661456397505,1.16240223228641e-12,0.21694427976808853,1.9198406814546256e-11,3.4913879998530654e-12,6.82882627908248e-11,0.012521865871661986
SecondaryStructure_C3,127,0.13137002,SecondaryStructure_group3_D0,-0.3123527036700887,1.1877127318570697e-22,-0.2911088668300228,9.301840982056439e-20,4.934030502988325e-22,4.89262187087693e-19,0.02124383684006592
SecondaryStructure_C3,127,0.13137002,SecondaryStructure_group3_D25,-0.023327214668437044,0.4757216655276334,-0.004678785403919271,0.8862669957260121,0.5259551019074133,0.9022041346311735,0.018648429264517773
SecondaryStructure_C3,127,0.13137002,SecondaryStructure_group3_D50,0.2439009245742253,3.7159068828960195e-14,0.1911283286598867,3.6980756809684365e-09,1.1876678458251393e-13,1.1352548505914134e-08,0.05277259591433861
SecondaryStructure_C3,127,0.13137002,SecondaryStructure_group3_D75,0.12365001796506961,0.00014794049731716273,0.10669493376891331,0.0010718237309338004,0.00027375139115752,0.0018841532954309965,0.016955084196156295
SecondaryStructure_C3,127,0.13137002,SecondaryStructure_group3_D100,0.27233232401662216,2.1389086989745198e-17,0.2398174180910429,1.0071938868674351e-13,7.681672101693437e-17,4.1582541188346523e-13,0.03251490592557926
SecondaryStructure_C3,127,0.13137002,SolventAccessibility_C1,-0.0711294879069814,0.02946880069875789,-0.019586210615718226,0.5493062863351762,0.04099366694454451,0.5983962806130099,0.05154327729126317
SecondaryStructure_C3,127,0.13137002,SolventAccessibility_C2,-0.5871986935579051,6.321719520332073e-88,-0.4253411152220342,1.8487825339361595e-42,7.791344353472e-87,1.6466489768924728e-41,0.1618575783358709
SecondaryStructure_C3,127,0.13137002,SolventAccessibility_C3,0.645743773520822,1.1507421958280096e-111,0.47343408011421423,1.6343139242656665e-53,1.9811747082812124e-110,1.9153012305429213e-52,0.1723096934066078
SecondaryStructure_C3,127,0.13137002,SolventAccessibility_T12,-0.5416500313572946,1.495008180184528e-72,-0.32934195008220635,3.841378261989339e-25,1.5177286692450832e-71,2.3201091130279192e-24,0.21230808127508827
SecondaryStructure_C3,127,0.13137002,SolventAccessibility_T13,0.5329526569932851,7.070978165236933e-70,0.3892236662398268,2.948358776264296e-35,6.825741928292299e-69,2.2637973132695974e-34,0.1437289907534583
SecondaryStructure_C3,127,0.13137002,SolventAccessibility_T23,0.016709035501487685,0.6094742269122413,0.011967702564802144,0.7144688578077646,0.6524499736816942,0.7501810704426073,0.004741332936685541
SecondaryStructure_C3,127,0.13137002,SolventAccessibility_group1_D0,-0.18787903113998367,6.829411316586326e-09,-0.20486453960838347,2.4535319868257583e-10,1.6809310093882334e-08,8.03411454509611e-10,-0.0169855084683998
SecondaryStructure_C3,127,0.13137002,SolventAccessibility_group1_D25,-0.247969058994633,1.3511137790870989e-14,-0.1540003181531267,2.1797059696464437e-06,4.389805469018395e-14,5.317909378100162e-06,0.0939687408415063
SecondaryStructure_C3,127,0.13137002,SolventAccessibility_group1_D50,-0.14024344268767744,1.643691398264777e-05,0.006900962809734277,0.8329168068700982,3.273660864761095e-05,0.8541425038213473,0.13334247987794315
SecondaryStructure_C3,127,0.13137002,SolventAccessibility_group1_D75,-0.06006209794433631,0.06610171664598354,0.09056743158203687,0.005531843985495122,0.08671631327477808,0.008943058524469364,-0.030505333637700555
SecondaryStructure_C3,127,0.13137002,SolventAccessibility_group1_D100,0.1575992439128981,1.2466696753010271e-06,0.1721183999626042,1.15044163496116e-07,2.6742946149681634e-06,3.1265053382996535e-07,-0.014519156049706106
SecondaryStructure_C3,127,0.13137002,SolventAccessibility_group2_D0,-0.06703856809464989,0.04020366768616122,-0.06834114388866402,0.03647369861819013,0.05488574443640659,0.05159769308968871,-0.0013025757940141325
SecondaryStructure_C3,127,0.13137002,SolventAccessibility_group2_D25,0.33684869641413917,2.708899190993527e-26,0.10844828742391263,0.0008840861270861163,1.2394141503997782e-25,0.0015773758891386904,0.22840040899022654
SecondaryStructure_C3,127,0.13137002,SolventAccessibility_group2_D50,0.0873911488408181,0.007436572991751437,-0.05450245515506378,0.09544336125665905,0.011279815527906358,0.12399098661891919,0.03288869368575432
SecondaryStructure_C3,127,0.13137002,SolventAccessibility_group2_D75,0.09793971878961616,0.002689219193295061,-0.06006215913514178,0.06610144012438339,0.004326585792680878,0.08913153412008096,0.03787755965447438
SecondaryStructure_C3,127,0.13137002,SolventAccessibility_group2_D100,-0.2332619563126405,4.80517281480338e-13,-0.12268810824316878,0.00016671121114765166,1.468369368842021e-12,0.00032696150630249945,0.11057384806947171
SecondaryStructure_C3,127,0.13137002,SolventAccessibility_group3_D0,0.17798235430845463,4.1418030032892285e-08,0.07814077289850604,0.016739017602462655,9.606681965962516e-08,0.02510476820486092,0.09984158140994859
SecondaryStructure_C3,127,0.13137002,SolventAccessibility_group3_D25,0.05418787664242085,0.09737409758201655,0.07795089187625207,0.017006862235181223,0.12441831902216345,0.02547216137466605,-0.023763015233831217
SecondaryStructure_C3,127,0.13137002,SolventAccessibility_group3_D50,0.11833250529019014,0.0002832697201796627,0.07639137957488536,0.01935243748900296,0.0005114166840000398,0.028714856158716075,0.04194112571530478
SecondaryStructure_C3,127,0.13137002,SolventAccessibility_group3_D75,-0.08500706664718473,0.009231899134085352,-0.059727573076374975,0.06762772241079609,0.013833352672878005,0.09100587947302939,0.025279493570809754
SecondaryStructure_C3,127,0.13137002,SolventAccessibility_group3_D100,0.23054290164031535,9.061821116336547e-13,0.14002804575171574,1.694072270177522e-05,2.7267101377084744e-12,3.744673317268645e-05,0.09051485588859962
Hydrophobicity_group3_D75,39,0.12779579,AAC_A,0.05760859824000985,0.07797887829222329,0.050478868114107386,0.1225633801122309,0.10098854342614415,0.1543014284111765,0.007129730125902463
Hydrophobicity_group3_D75,39,0.12779579,AAC_C,-0.14592511188729712,7.294840594177707e-06,-0.15083326380000975,3.527036921997989e-06,1.4920249592500638e-05,8.378594110578437e-06,-0.004908151912712627
Hydrophobicity_group3_D75,39,0.12779579,AAC_D,0.17968175498922725,3.060682624442939e-08,0.19708968807525648,1.166875307464211e-09,7.204143738998884e-08,3.6526368574793486e-09,-0.017407933086029226
Hydrophobicity_group3_D75,39,0.12779579,AAC_E,0.04541625331109275,0.16481047701188342,0.07977247723998332,0.014585698838043976,0.20200623604392318,0.02216389177391578,-0.03435622392889057
Hydrophobicity_group3_D75,39,0.12779579,AAC_F,0.03659542597931159,0.2631050711893732,0.04520361085680563,0.16679895347821355,0.3112897406207958,0.20489463207695227,-0.00860818487749404
Hydrophobicity_group3_D75,39,0.12779579,AAC_G,-0.02982227239282333,0.3618436832022172,-0.04069861499301965,0.21325827234779465,0.41261792485333065,0.25649356486915165,-0.010876342600196317
Hydrophobicity_group3_D75,39,0.12779579,AAC_H,0.05917125931549683,0.07022945968208359,0.08795499932751881,0.007060627235126793,0.09180680835153003,0.011240464711784312,-0.028783740012021983
Hydrophobicity_group3_D75,39,0.12779579,AAC_I,0.00971615528435836,0.7664467034400875,0.02386123209368425,0.4656762595779825,0.7984815937273525,0.522107655921605,-0.01414507680932589
Hydrophobicity_group3_D75,39,0.12779579,AAC_K,-0.0694548352153527,0.033522107508122505,-0.05546630061358094,0.08971769435887693,0.04626604920542527,0.11728262197990175,0.013988534601771761
Hydrophobicity_group3_D75,39,0.12779579,AAC_L,0.19054471603397277,4.132091373520353e-09,0.2209230292674416,8.019842070745416e-12,1.0268738978837784e-08,2.9242655585469095e-11,-0.030378313233468818
Hydrophobicity_group3_D75,39,0.12779579,AAC_M,0.0006219435338729561,0.9848310828112277,0.013931846535587702,0.6701722801102232,0.9866034242919918,0.7103698557817029,-0.013309903001714746
Hydrophobicity_group3_D75,39,0.12779579,AAC_N,-0.15362820171581493,2.307676118709083e-06,-0.15391675646853412,2.207836211986687e-06,4.881341505059111e-06,5.378681946050718e-06,-0.00028855475271918896
Hydrophobicity_group3_D75,39,0.12779579,AAC_P,0.052103585876764905,0.11096555366593314,0.03361305301578458,0.30403081045640257,0.14038823835008207,0.35642783675829576,0.018490532860980326
Hydrophobicity_group3_D75,39,0.12779579,AAC_Q,-0.05773350522238325,0.07733491390335549,-0.05343872978069375,0.10209758618397737,0.10023229042964972,0.13161170893650498,0.004294775441689498
Hydrophobicity_group3_D75,39,0.12779579,AAC_R,0.17688657521473752,5.026100822258848e-08,0.17256071236103918,1.0663943947932051e-07,1.1577363273341071e-07,2.905185382226187e-07,0.004325862853698348
Hydrophobicity_group3_D75,39,0.12779579,AAC_S,-0.0423686057038761,0.19505370942637545,-0.07648417215894401,0.019205360848584003,0.2361288109764748,0.028509291215231363,-0.034115566455067914
Hydrophobicity_group3_D75,39,0.12779579,AAC_T,-0.15681258818298233,1.4101223795388659e-06,-0.2155718941462725,2.5842590329547916e-11,3.01524247609463e-06,9.124128086753705e-11,-0.05875930596329018
Hydrophobicity_group3_D75,39,0.12779579,AAC_V,-0.014961860201058122,0.6473809716082098,-0.013790203922793601,0.6733308815713669,0.689273970408486,0.7132651901200017,0.0011716562782645209
Hydrophobicity_group3_D75,39,0.12779579,AAC_W,0.009900127284345158,0.762156379078855,0.003351832894907491,0.9183880198258625,0.7953547627560387,0.9269918362702873,0.0065482943894376675
Hydrophobicity_group3_D75,39,0.12779579,AAC_Y,-0.20125185901970344,5.10335476927299e-10,-0.19862569481672482,8.617490678931677e-10,1.3244137474259353e-09,2.7178865786243437e-09,0.0026261642029786203
Hydrophobicity_group3_D75,39,0.12779579,Hydrophobicity_C1,0.027326713326598574,0.4034235353482656,0.059244509938891986,0.06988226747240285,0.4538344924429798,0.09343745931057867,-0.03191779661229341
Hydrophobicity_group3_D75,39,0.12779579,Hydrophobicity_C2,-0.07119338477093781,0.02932286719136192,-0.11682530018008559,0.00033891749645943996,0.040807656841312004,0.0006366616637652023,-0.04563191540914778
Hydrophobicity_group3_D75,39,0.12779579,Hydrophobicity_C3,0.11037397969987596,0.0007132535117359623,0.15077030098013053,3.5605947346142963e-06,0.0012311455964848133,8.440302635636444e-06,-0.04039632128025457
Hydrophobicity_group3_D75,39,0.12779579,Hydrophobicity_T12,0.04732904614757609,0.14771746035199082,0.05247826792525678,0.1084177584980754,0.18307098982398864,0.13858282735137883,-0.005149221777680693
Hydrophobicity_group3_D75,39,0.12779579,Hydrophobicity_T13,0.06155539452043976,0.05963131342661371,0.10068059767199845,0.0020313615514272864,0.07872276159877066,0.003463372936073066,-0.03912520315155869
Hydrophobicity_group3_D75,39,0.12779579,Hydrophobicity_T23,0.140116862018556,1.673122856111627e-05,0.13351518337061238,4.133750894154563e-05,3.330292216574991e-05,8.732908277341076e-05,0.006601678647943615
Hydrophobicity_group3_D75,39,0.12779579,Hydrophobicity_group1_D0,0.02651482892708476,0.41754365557192036,0.02739355766982535,0.4022738550139005,0.4687717007093156,0.45719146755582585,-0.00087872874274059
Hydrophobicity_group3_D75,39,0.12779579,Hydrophobicity_group1_D25,0.049462747940202265,0.1302841513871928,0.03169751579064629,0.3324335569713244,0.162916160851076,0.38566449471490916,0.017765232149555978
Hydrophobicity_group3_D75,39,0.12779579,Hydrophobicity_group1_D50,0.13058634896810806,6.093746212115995e-05,0.12327973280917419,0.0001549178941120851,0.00011617073258257663,0.00030454724328096776,0.007306616158933868
Hydrophobicity_group3_D75,39,0.12779579,Hydrophobicity_group1_D75,0.16926666344926275,1.867485361087125e-07,0.1630334982852724,5.235522046604244e-07,4.194620784149965e-07,1.3587135692042093e-06,0.006233165163990362
Hydrophobicity_group3_D75,39,0.12779579,Hydrophobicity_group1_D100,0.07557916136446771,0.020682301291852685,0.0895219546015472,0.006103710169488289,0.029533512746809733,0.009829504323091072,-0.01394279323707949
Hydrophobicity_group3_D75,39,0.12779579,Hydrophobicity_group2_D0,-0.07550363308886231,0.02080991585269305,-0.06782937375190211,0.03790249526952972,0.02970304228546786,0.053437878514237765,0.007674259336960199
Hydrophobicity_group3_D75,39,0.12779579,Hydrophobicity_group2_D25,-0.2575687465640647,1.153748725011055e-15,-0.2627769389071938,2.9072903911802276e-16,3.9161796153830525e-15,1.3320095893747546e-15,-0.005208192343129081
Hydrophobicity_group3_D75,39,0.12779579,Hydrophobicity_group2_D50,-0.4582261374757545,7.974069218651888e-50,-0.4589613957023645,5.3408164599360465e-50,5.789867650064631e-49,5.754299024576257e-49,-0.0007352582266099694
Hydrophobicity_group3_D75,39,0.12779579,Hydrophobicity_group2_D75,-0.4997219503748909,2.4137081993585784e-60,-0.5029462217687275,3.185494460909229e-61,2.035804390368094e-59,4.378416254912274e-60,-0.0032242713938365752
Hydrophobicity_group3_D75,39,0.12779579,Hydrophobicity_group2_D100,-0.08887191600275024,0.006485546653766848,-0.0971270313550516,0.002918700722011266,0.00990476718042125,0.00485481096191117,-0.008255115352301362
Hydrophobicity_group3_D75,39,0.12779579,Hydrophobicity_group3_D0,0.08857741712623247,0.006665493542763153,0.07797012406011278,0.016979563629625386,0.010170282518423448,0.025442683949281644,0.010607293066119697
Hydrophobicity_group3_D75,39,0.12779579,Hydrophobicity_group3_D25,0.43119739872214824,1.0322994163887402e-43,0.44620532305392047,4.876362922274953e-47,6.8682869536621355e-43,4.8910066547742774e-46,-0.015007924331772227
Hydrophobicity_group3_D75,39,0.12779579,Hydrophobicity_group3_D50,0.6458216565759837,1.061432702274645e-111,0.6489468140669341,4.069318418266212e-113,1.8368835365789196e-110,1.2822191997178442e-111,-0.0031251574909504365
Hydrophobicity_group3_D75,39,0.12779579,Hydrophobicity_group3_D75,1.0,0.0,1.0,0.0,0.0,0.0,0.0
Hydrophobicity_group3_D75,39,0.12779579,Hydrophobicity_group3_D100,0.17821157300591928,3.976886828861919e-08,0.17645056663086117,5.426578426509881e-08,9.236997224199451e-08,1.515449159242726e-07,0.001761006375058105
Hydrophobicity_group3_D75,39,0.12779579,NormVanDerWaalsVolume_C1,-0.01884488304503906,0.5645262329279591,-0.053184447643101526,0.10374164588885229,0.6121242304543292,0.13342206286821975,-0.034339564598062464
Hydrophobicity_group3_D75,39,0.12779579,NormVanDerWaalsVolume_C2,0.03156853768560616,0.33440559135754194,0.06455151040128523,0.04822571996114768,0.38490154683370265,0.06669726901458935,-0.03298297271567907
Hydrophobicity_group3_D75,39,0.12779579,NormVanDerWaalsVolume_C3,-0.0019787778269538814,0.9517649852172825,0.019962908962745787,0.5416506067507172,0.9574985092246155,0.5917935971695765,-0.017984131135791906
Hydrophobicity_group3_D75,39,0.12779579,NormVanDerWaalsVolume_T12,0.1561193979674346,1.571042844295845e-06,0.1498372864165104,4.095145011326776e-06,3.3550403452353724e-06,9.679960607099385e-06,0.006282111550924202
Hydrophobicity_group3_D75,39,0.12779579,NormVanDerWaalsVolume_T13,0.08759614280427151,0.007297868673472886,0.08898950598634708,0.006414923348346066,0.011084529954251677,0.010290991346530191,-0.0013933631820755715
Hydrophobicity_group3_D75,39,0.12779579,NormVanDerWaalsVolume_T23,-0.029364473777382202,0.3692635602758335,-0.009095569569037357,0.7809711914249364,0.4193608607008786,0.8086761181443516,0.020268904208344846
Hydrophobicity_group3_D75,39,0.12779579,NormVanDerWaalsVolume_group1_D0,-0.07928127054146576,0.015206720718937106,-0.07169469698492681,0.02819931570748649,0.022142111064111823,0.04073776577119588,0.007586573556538953
Hydrophobicity_group3_D75,39,0.12779579,NormVanDerWaalsVolume_group1_D25,-0.21046322361857223,7.677370887261566e-11,-0.2077042649103621,1.366596554220294e-10,2.101837603561773e-10,4.5827635452768896e-10,0.0027589587082101352
Hydrophobicity_group3_D75,39,0.12779579,NormVanDerWaalsVolume_group1_D50,-0.3840966344357191,2.6409926760775553e-34,-0.381758221230129,7.08711396708763e-34,1.4701525896831725e-33,5.2955169239536206e-33,0.0023384132055901397
Hydrophobicity_group3_D75,39,0.12779579,NormVanDerWaalsVolume_group1_D75,-0.40923292755094026,3.879138077080557e-39,-0.40907960230965296,4.163821726829155e-39,2.417224100270347e-38,3.459493673534671e-38,0.0001533252412873054
Hydrophobicity_group3_D75,39,0.12779579,NormVanDerWaalsVolume_group1_D100,-0.0201760986806583,0.5373416166292893,-0.027391971422737478,0.40230111471454255,0.5859356838203807,0.45719146755582585,-0.0072158727420791775
Hydrophobicity_group3_D75,39,0.12779579,NormVanDerWaalsVolume_group2_D0,0.09404770715303232,0.003959268557990296,0.09236758708479088,0.004659299183785594,0.00621718711033737,0.0075764650797682,0.0016801200682414336
Hydrophobicity_group3_D75,39,0.12779579,NormVanDerWaalsVolume_group2_D25,0.24121222414962595,7.179477110371819e-14,0.240331156087825,8.893449294295585e-14,2.2664889932553758e-13,3.6808080102784703e-13,0.0008810680618009659
Hydrophobicity_group3_D75,39,0.12779579,NormVanDerWaalsVolume_group2_D50,0.36455150371915146,7.934980956120269e-31,0.3622079386927435,1.9985701290057533e-30,4.040066523390503e-30,1.3820340022524257e-29,0.002343565026407979
Hydrophobicity_group3_D75,39,0.12779579,NormVanDerWaalsVolume_group2_D75,0.31687063774548635,2.6792571555590866e-23,0.3162391843476747,3.3042341333564317e-23,1.125625018813503e-22,1.8865200009248688e-22,0.0006314533978116765
Hydrophobicity_group3_D75,39,0.12779579,NormVanDerWaalsVolume_group2_D100,0.034660259133462816,0.2892044118355282,0.04140472961687174,0.20541684887800424,0.3390740638714328,0.24820928086064242,-0.006744470483408926
Hydrophobicity_group3_D75,39,0.12779579,NormVanDerWaalsVolume_group3_D0,0.06220714292258486,0.05697651921425119,0.0550737996107583,0.09201508569619019,0.07554647644922548,0.11995721554460392,0.007133343311826565
Hydrophobicity_group3_D75,39,0.12779579,NormVanDerWaalsVolume_group3_D25,0.08438281657240411,0.00976168878958055,0.07817985395655028,0.01668435129874489,0.014574895197675027,0.025067806269819134,0.006202962615853833
Hydrophobicity_group3_D75,39,0.12779579,NormVanDerWaalsVolume_group3_D50,0.18478421955571364,1.2128098594359637e-08,0.18098178246472196,2.4236505872847787e-08,2.9396117057446434e-08,6.972431491413574e-08,0.0038024370909916783
Hydrophobicity_group3_D75,39,0.12779579,NormVanDerWaalsVolume_group3_D75,0.27054563370895124,3.512123494304835e-17,0.2674625785526881,8.193202346481173e-17,1.2479247309551223e-16,3.8871158859726023e-16,0.0030830551562631148
Hydrophobicity_group3_D75,39,0.12779579,NormVanDerWaalsVolume_group3_D100,0.06168812147433916,0.05908251808337316,0.06760096346361338,0.03855536821361031,0.07802910652371149,0.05428959942388636,-0.005912841989274227
Hydrophobicity_group3_D75,39,0.12779579,Polarity_C1,0.028922535656345727,0.3765152917942322,0.05845405188616133,0.07370406850711644,0.42687069741776495,0.09827209134282193,-0.029531516229815605
Hydrophobicity_group3_D75,39,0.12779579,Polarity_C2,-0.03763408242446769,0.24978721921182173,-0.07873642510139954,0.015922639786529788,0.2964780782400443,0.024009759316934307,-0.04110234267693185
Hydrophobicity_group3_D75,39,0.12779579,Polarity_C3,0.03818105769175997,0.24296604439628264,0.07704370612387212,0.018339003801294978,0.2892040585472502,0.02729602170067969,-0.03886264843211215
Hydrophobicity_group3_D75,39,0.12779579,Polarity_T12,0.06779933632931699,0.037987812506677265,0.0549047918716252,0.09301874788216107,0.0520423682413052,0.12112382765162492,0.012894544457691795
Hydrophobicity_group3_D75,39,0.12779579,Polarity_T13,0.018122596589763066,0.5795474085239232,0.05350894420862864,0.10164728175562746,0.6260311592722844,0.13108182280455433,-0.03538634761886557
Hydrophobicity_group3_D75,39,0.12779579,Polarity_T23,0.14626050533747084,6.946558858166903e-06,0.14396808541483144,9.683946571294442e-06,1.4251539672160599e-05,2.1988022806338165e-05,0.0022924199226393993
Hydrophobicity_group3_D75,39,0.12779579,Polarity_group1_D0,0.10005305628632827,0.002167413687392771,0.09189467968645441,0.004875574932531716,0.003543397805135514,0.007908897656462325,0.008158376599873854
Hydrophobicity_group3_D75,39,0.12779579,Polarity_group1_D25,0.3808406962753674,1.0416708089580235e-33,0.3847629540176101,1.990546780322659e-34,5.722336351841774e-33,1.511005965063109e-33,-0.003922257742242752
Hydrophobicity_group3_D75,39,0.12779579,Polarity_group1_D50,0.53384562260916,3.7882200171178765e-70,0.533855983372166,3.760846430835802e-70,3.6888206580681367e-69,5.953188189095535e-69,-1.0360763005978768e-05
Hydrophobicity_group3_D75,39,0.12779579,Polarity_group1_D75,0.8028587221487076,3.03479307484488e-212,0.8042924563237766,1.4480381971707682e-213,1.4690157782582463e-210,9.300860727981473e-212,-0.0014337341750689792
Hydrophobicity_group3_D75,39,0.12779579,Polarity_group1_D100,0.10259966993169141,0.0016623872916368698,0.1033997995187268,0.001527599479013411,0.002750061195674663,0.002639514878378061,-0.0008001295870353892
Hydrophobicity_group3_D75,39,0.12779579,Polarity_group2_D0,-0.0625160489914594,0.05575295807602328,-0.05433376883345458,0.096474838217191,0.07413012737815197,0.12504935070821474,0.008182280158004825
Hydrophobicity_group3_D75,39,0.12779579,Polarity_group2_D25,-0.21375512853307446,3.818303470510571e-11,-0.21443583507485758,3.300095286262963e-11,1.0627611326254422e-10,1.1565916323314056e-10,-0.0006807065417831215
Hydrophobicity_group3_D75,39,0.12779579,Polarity_group2_D50,-0.39711464201873337,9.349337245148185e-37,-0.3988838012926859,4.257352478819265e-37,5.497673661759673e-36,3.385608876013416e-36,-0.0017691592739525475
Hydrophobicity_group3_D75,39,0.12779579,Polarity_group2_D75,-0.4375732278799574,4.1811308967499364e-45,-0.44058200155394556,8.990400560225539e-46,2.8441908747749056e-44,8.831746432692147e-45,-0.003008773673988163
Hydrophobicity_group3_D75,39,0.12779579,Polarity_group2_D100,-0.08813581164000361,0.00694373089836906,-0.0932634715146078,0.0042732091118642705,0.010575495303489587,0.0069826411123418124,-0.005127659874604187
Hydrophobicity_group3_D75,39,0.12779579,Polarity_group3_D0,0.058632166060225664,0.07282833439991945,0.057388326925614304,0.0791251159852616,0.0949069983986465,0.10487217753602134,0.0012438391346113603
Hydrophobicity_group3_D75,39,0.12779579,Polarity_group3_D25,0.05884826243889933,0.07177728727875807,0.040792243757171505,0.2122062915713113,0.09364692949650466,0.25541225724258726,0.018056018681727827
Hydrophobicity_group3_D75,39,0.12779579,Polarity_group3_D50,0.16054402141897,7.818607988938621e-07,0.15394752874299614,2.197436769704924e-06,1.6968259053317083e-06,5.357254606433902e-06,0.00659649267597387
Hydrophobicity_group3_D75,39,0.12779579,Polarity_group3_D75,0.17042496448287808,1.5354082333251256e-07,0.16424983055412123,4.2943924236581073e-07,3.476788813088759e-07,1.1214441512914839e-06,0.0061751339287568485
Hydrophobicity_group3_D75,39,0.12779579,Polarity_group3_D100,0.08241647635648029,0.011611614929414801,0.09451279035708121,0.003783116931861324,0.01715293846273571,0.0062091452346028616,-0.012096314000600919
Hydrophobicity_group3_D75,39,0.12779579,Polarizability_C1,-0.02025409189020784,0.5357695255207336,-0.04909080013504141,0.1332027004361629,0.5844122192159538,0.1665033755452036,-0.028836708244833573
Hydrophobicity_group3_D75,39,0.12779579,Polarizability_C2,0.03483991477376698,0.2867105556271472,0.05577118130149732,0.08796516840417434,0.3367135217280843,0.11553427545023293,-0.020931266527730343
Hydrophobicity_group3_D75,39,0.12779579,Polarizability_C3,-0.0019787778269538814,0.9517649852172825,0.019962908962745787,0.5416506067507172,0.9574985092246155,0.5917935971695765,-0.017984131135791906
Hydrophobicity_group3_D75,39,0.12779579,Polarizability_T12,0.017830249597996117,0.5856800384484745,-0.005218593472254733,0.8732502413397659,0.6318382843727083,0.8905819255190285,0.012611656125741385
Hydrophobicity_group3_D75,39,0.12779579,Polarizability_T13,0.06612448586130487,0.0430099031140255,0.06878424482931553,0.03527388159083514,0.058395559512538685,0.050070023167611284,-0.002659758968010656
Hydrophobicity_group3_D75,39,0.12779579,Polarizability_T23,-0.014504997593609067,0.6574509594970709,0.00644346847106455,0.8438461110566426,0.698881669229859,0.8640239150610626,0.008061529122544518
Hydrophobicity_group3_D75,39,0.12779579,Polarizability_group1_D0,-0.08395481446207838,0.010140392205128142,-0.07739707759605347,0.017809629587465,0.015106561090601246,0.026557354348270865,0.006557736866024913
Hydrophobicity_group3_D75,39,0.12779579,Polarizability_group1_D25,-0.22705532977783988,2.020738153987345e-12,-0.22556427389720193,2.835842454428775e-12,5.9993470527268726e-12,1.0642375053698999e-11,0.0014910558806379426
Hydrophobicity_group3_D75,39,0.12779579,Polarizability_group1_D50,-0.3725037231156425,3.2602192543783776e-32,-0.3754176101221389,9.896698583038506e-33,1.7284336999402828e-31,7.217243071473497e-32,-0.0029138870064964184
Hydrophobicity_group3_D75,39,0.12779579,Polarizability_group1_D75,-0.4577752138554479,1.0191218026019437e-49,-0.4609594295178078,1.788222235052586e-50,7.383659047050958e-49,1.9391760600894928e-49,-0.0031842156623598794
Hydrophobicity_group3_D75,39,0.12779579,Polarizability_group1_D100,-0.055990599140017916,0.08672104132492997,-0.058725698373711305,0.0723718795560343,0.11161783353574802,0.09668883108686183,-0.002735099233693389
Hydrophobicity_group3_D75,39,0.12779579,Polarizability_group2_D0,0.09443713150428014,0.003811279767977686,0.09802206455562668,0.002666910227728146,0.0059960783914486445,0.004476120683724627,-0.0035849330513465366
Hydrophobicity_group3_D75,39,0.12779579,Polarizability_group2_D25,0.1953600037411479,1.6368353403925597e-09,0.19017912964095285,4.428766780243601e-09,4.1511237941618444e-09,1.3508749813711076e-08,0.005180874100195049
Hydrophobicity_group3_D75,39,0.12779579,Polarizability_group2_D50,0.32359655416930583,2.782983865616566e-24,0.32618657686133207,1.1457675212407126e-24,1.1978306844277487e-23,6.833684858828536e-24,-0.0025900226920262392
Hydrophobicity_group3_D75,39,0.12779579,Polarizability_group2_D75,0.3955001693279454,1.9087442893606312e-36,0.3932393604727775,5.151445462870076e-36,1.1145464906406483e-35,4.0579782655627483e-35,0.002260808855167884
Hydrophobicity_group3_D75,39,0.12779579,Polarizability_group2_D100,0.006387590568818265,0.8451831093912291,0.003191771518308894,0.9222726269342206,0.8672539432770215,0.9302052756500839,0.0031958190505093713
Hydrophobicity_group3_D75,39,0.12779579,Polarizability_group3_D0,0.06220714292258486,0.05697651921425119,0.0550737996107583,0.09201508569619019,0.07554647644922548,0.11995721554460392,0.007133343311826565
Hydrophobicity_group3_D75,39,0.12779579,Polarizability_group3_D25,0.08438281657240411,0.00976168878958055,0.07817985395655028,0.01668435129874489,0.014574895197675027,0.025067806269819134,0.006202962615853833
Hydrophobicity_group3_D75,39,0.12779579,Polarizability_group3_D50,0.18478421955571364,1.2128098594359637e-08,0.18098178246472196,2.4236505872847787e-08,2.9396117057446434e-08,6.972431491413574e-08,0.0038024370909916783
Hydrophobicity_group3_D75,39,0.12779579,Polarizability_group3_D75,0.27054563370895124,3.512123494304835e-17,0.2674625785526881,8.193202346481173e-17,1.2479247309551223e-16,3.8871158859726023e-16,0.0030830551562631148
Hydrophobicity_group3_D75,39,0.12779579,Polarizability_group3_D100,0.06168812147433916,0.05908251808337316,0.06760096346361338,0.03855536821361031,0.07802910652371149,0.05428959942388636,-0.005912841989274227
Hydrophobicity_group3_D75,39,0.12779579,Charge_C1,0.06438206431576023,0.048817984982357704,0.08713558982448315,0.007612794252224606,0.0656482246237604,0.012056298151934654,-0.02275352550872292
Hydrophobicity_group3_D75,39,0.12779579,Charge_C2,-0.11468154016704131,0.00043583107663976893,-0.15988031229599342,8.691980846955598e-07,0.0007738839957346244,2.2076970364130568e-06,-0.04519877212895211
Hydrophobicity_group3_D75,39,0.12779579,Charge_C3,0.12531931653744557,0.00011999680804860614,0.16889072124987822,1.989444458927349e-07,0.00022365476500130834,5.307303908001075e-07,-0.04357140471243265
Hydrophobicity_group3_D75,39,0.12779579,Charge_T12,0.09316640282865218,0.0043135955168578455,0.11028376032052278,0.0007205192241103098,0.00673873200482002,0.001305770053460898,-0.0171173574918706
Hydrophobicity_group3_D75,39,0.12779579,Charge_T13,0.07573448445989019,0.02042200261513128,0.10563099200558747,0.0012030340908927356,0.029224288232450074,0.002107044501091629,-0.029896507545697282
Hydrophobicity_group3_D75,39,0.12779579,Charge_T23,0.13746898431735657,2.4167965792984155e-05,0.17795273523787525,4.163590116660586e-08,4.7538872643443506e-05,1.1745262660174289e-07,-0.040483750920518674
Hydrophobicity_group3_D75,39,0.12779579,Charge_group1_D0,0.07025141509315173,0.03153826474032312,0.06825674766139872,0.03670611786431769,0.04376310936131251,0.051838661169903204,0.001994667431753014
Hydrophobicity_group3_D75,39,0.12779579,Charge_group1_D25,0.07539049753319388,0.02100235456885581,0.06880686940174158,0.035213532532317376,0.02996491425031115,0.05002688160695025,0.0065836281314523015
Hydrophobicity_group3_D75,39,0.12779579,Charge_group1_D50,0.14395177119008098,9.706694150380356e-06,0.1422889828534576,1.2312502905523091e-05,1.9684492083952877e-05,2.7674131698820408e-05,0.0016627883366233942
Hydrophobicity_group3_D75,39,0.12779579,Charge_group1_D75,0.14867975190925348,4.8654941979139725e-06,0.1443280550080131,9.194774367771981e-06,1.0081110807092226e-05,2.0905749753817845e-05,0.004351696901240376
Hydrophobicity_group3_D75,39,0.12779579,Charge_group1_D100,0.06139980970360497,0.06027998917502298,0.06511543217560957,0.0462978762533191,0.07948486531566394,0.06427053478224679,-0.003715622472004597
Hydrophobicity_group3_D75,39,0.12779579,Charge_group2_D0,0.09682289063982281,0.0030090734314089426,0.09757060720822497,0.002791325240198274,0.004801865867609111,0.004661513151131118,-0.0007477165684021542
Hydrophobicity_group3_D75,39,0.12779579,Charge_group2_D25,-0.04617013876496842,0.15790416774788824,-0.03788713957832684,0.24661498754127797,0.194111122663948,0.29333833988171953,0.008282999186641583
Hydrophobicity_group3_D75,39,0.12779579,Charge_group2_D50,-0.14027101882329598,1.6373453112304764e-05,-0.14027152025447576,1.6372301331543317e-05,3.262967386342357e-05,3.631041596769899e-05,-5.014311797724158e-07
Hydrophobicity_group3_D75,39,0.12779579,Charge_group2_D75,-0.09996058013332165,0.0021881532662815263,-0.09843486882944351,0.0025575982646290577,0.0035755537717124747,0.0043056341753331916,0.001525711303878144
Hydrophobicity_group3_D75,39,0.12779579,Charge_group2_D100,0.10510376877012392,0.0012734036547285951,0.09762123200910222,0.0027771149763805383,0.0021319138881170465,0.004649405524366415,0.007482536761021702
Hydrophobicity_group3_D75,39,0.12779579,Charge_group3_D0,-0.09470644973703954,0.0037118883808177593,-0.09384230629288455,0.004039405879954926,0.005856262254100763,0.006616780597866333,0.0008641434441549883
Hydrophobicity_group3_D75,39,0.12779579,Charge_group3_D25,0.06287833792111995,0.054345875214228685,0.05332905970485288,0.10280410047531965,0.0723456449643379,0.13242024511668632,0.009549278216267068
Hydrophobicity_group3_D75,39,0.12779579,Charge_group3_D50,0.13423631438610148,3.752386734962324e-05,0.1333876725802028,4.2048940995066035e-05,7.269705159381765e-05,8.871981233324104e-05,0.0008486418058986922
Hydrophobicity_group3_D75,39,0.12779579,Charge_group3_D75,0.20447027922854125,2.6594326660463524e-10,0.20594968148364437,1.9638311079979783e-10,6.999610011501038e-10,6.499788921304454e-10,-0.0014794022551031238
Hydrophobicity_group3_D75,39,0.12779579,Charge_group3_D100,0.18519096191080545,1.1252631730772345e-08,0.19746795184642713,1.0831865769543437e-09,2.7333665440567006e-08,3.3938491247912833e-09,-0.01227698993562168
Hydrophobicity_group3_D75,39,0.12779579,SecondaryStructure_C1,0.14959113989970801,4.248489510002521e-06,0.20419737164426432,2.8117262590773847e-10,8.83009020747257e-06,9.162112883237527e-10,-0.05460623174455631
Hydrophobicity_group3_D75,39,0.12779579,SecondaryStructure_C2,-0.24596797450228514,2.2274688773487976e-14,-0.262686787944758,2.9782704025922032e-16,7.195112234376193e-14,1.3607965998164101e-15,-0.01671881344247289
Hydrophobicity_group3_D75,39,0.12779579,SecondaryStructure_C3,-0.027784176613085895,0.3955947738753585,-0.06411301057659828,0.04977092794633708,0.44622983611742567,0.06869210716560571,-0.036328833963512386
Hydrophobicity_group3_D75,39,0.12779579,SecondaryStructure_T12,-0.008778793292126115,0.7884150480219215,0.01113609004984337,0.7335279726045633,0.8177969752773968,0.7687428391902232,-0.0023572967577172553
Hydrophobicity_group3_D75,39,0.12779579,SecondaryStructure_T13,0.20107844031758695,5.284158900809629e-10,0.22856343006983185,1.4308666076137337e-12,1.3692079696434572e-09,5.512219687923727e-12,-0.027484989752244893
Hydrophobicity_group3_D75,39,0.12779579,SecondaryStructure_T23,-0.10866246180605804,0.0008633679026185395,-0.15136969384008528,3.2531533899785008e-06,0.001478036286389504,7.755554834067233e-06,-0.04270723203402724
Hydrophobicity_group3_D75,39,0.12779579,SecondaryStructure_group1_D0,0.08786775644350467,0.007117658814096794,0.08490898278247194,0.00931340659446311,0.010826615219973584,0.0146109807541131,0.0029587736610327264
Hydrophobicity_group3_D75,39,0.12779579,SecondaryStructure_group1_D25,0.054652973274620584,0.09453043986110075,0.05675449768811905,0.08249990307088069,0.12092365727157278,0.10886988394181805,-0.002101524413498465
Hydrophobicity_group3_D75,39,0.12779579,SecondaryStructure_group1_D50,0.21740681828564543,1.7360769936153322e-11,0.227762637133807,1.7192279274114808e-12,4.9517482140693504e-11,6.585116143984341e-12,-0.010355818848161585
Hydrophobicity_group3_D75,39,0.12779579,SecondaryStructure_group1_D75,0.12280563577089676,0.00016430333031693247,0.13413456561131423,3.8040983616567836e-05,0.0003025020273927658,8.079585060596346e-05,-0.011328929840417473
Hydrophobicity_group3_D75,39,0.12779579,SecondaryStructure_group1_D100,0.05256020250119747,0.10786681889818439,0.062454346101437505,0.05599559789371875,0.136726821677395,0.07646169131848758,-0.009894143600240032
Hydrophobicity_group3_D75,39,0.12779579,SecondaryStructure_group2_D0,0.11481560897006685,0.00042908297017325213,0.11107169508435699,0.0006593172163789504,0.0007627126771573507,0.001200719467124152,0.003743913885709854
Hydrophobicity_group3_D75,39,0.12779579,SecondaryStructure_group2_D25,0.017726108560259548,0.5878718712055463,0.02104700706309354,0.5199193329946589,0.6335889157233058,0.5734909419425894,-0.0033208985028339924
Hydrophobicity_group3_D75,39,0.12779579,SecondaryStructure_group2_D50,-0.023869172236503047,0.4655277906022662,-0.025612811282598485,0.4335673732200022,0.5158801660954111,0.4893054382169584,-0.0017436390460954382
Hydrophobicity_group3_D75,39,0.12779579,SecondaryStructure_group2_D75,0.24581739011504625,2.3124488907835512e-14,0.2417083407465263,6.361732936302028e-14,7.462395454316001e-14,2.649400000903837e-13,0.00410904936851994
Hydrophobicity_group3_D75,39,0.12779579,SecondaryStructure_group2_D100,0.06689197040946812,0.04064300022693623,0.06308306403888585,0.05356391166400698,0.05545245945995384,0.07344148807790776,0.003808906370582274
Hydrophobicity_group3_D75,39,0.12779579,SecondaryStructure_group3_D0,-0.037654364812601024,0.2495319222881998,-0.03195837337360658,0.3284680993761836,0.2962803485398462,0.38159424414485327,0.0056959914389944424
Hydrophobicity_group3_D75,39,0.12779579,SecondaryStructure_group3_D25,-0.08306216284623387,0.010972507696437603,-0.0815791746796589,0.012489374456819715,0.016253825453139515,0.01922327681372251,0.0014829881665749667
Hydrophobicity_group3_D75,39,0.12779579,SecondaryStructure_group3_D50,-0.2039194634888657,2.9755390053678374e-10,-0.2140132731224891,3.613045849905989e-11,7.806991577320169e-10,1.2636202239461782e-10,-0.010093809633623413
Hydrophobicity_group3_D75,39,0.12779579,SecondaryStructure_group3_D75,-0.23349990282877048,4.543949613389075e-13,-0.23714160233433138,1.9167476679593336e-13,1.391089982467416e-12,7.788244782219189e-13,-0.003641699505560897
Hydrophobicity_group3_D75,39,0.12779579,SecondaryStructure_group3_D100,-0.014508214613492653,0.6573798309605403,-0.02092555970733137,0.5223312857765104,0.698881669229859,0.575581159516181,-0.006417345093838718
Hydrophobicity_group3_D75,39,0.12779579,SolventAccessibility_C1,0.12732325895042,9.301082297312311e-05,0.13269496306935644,4.612092241916906e-05,0.00017486891779646202,9.67612317085582e-05,-0.005371704118936449
Hydrophobicity_group3_D75,39,0.12779579,SolventAccessibility_C2,0.027326713326598574,0.4034235353482656,0.059244509938891986,0.06988226747240285,0.4538344924429798,0.09343745931057867,-0.03191779661229341
Hydrophobicity_group3_D75,39,0.12779579,SolventAccessibility_C3,-0.13492842881246886,3.417917584220281e-05,-0.20176947589806532,4.598806311045173e-10,6.644845594467833e-05,1.481197018215128e-09,-0.06684104708559646
Hydrophobicity_group3_D75,39,0.12779579,SolventAccessibility_T12,0.09804886278216322,0.0026596866031093004,0.15189125972265666,3.006463540542533e-06,0.004287332651730243,7.198271129327642e-06,-0.053842396940493434
Hydrophobicity_group3_D75,39,0.12779579,SolventAccessibility_T13,-0.05016605119338809,0.12490125650060495,-0.07815754169771323,0.016715542325461616,0.1568898821782702,0.025103377413238218,-0.027991490504325138
Hydrophobicity_group3_D75,39,0.12779579,SolventAccessibility_T23,-0.019353684217731072,0.5540583921062616,-0.019938599410116116,0.5421430428651397,0.6023942153759485,0.5921101536161846,-0.0005849151923850437
Hydrophobicity_group3_D75,39,0.12779579,SolventAccessibility_group1_D0,0.048597008915685184,0.1371550583794221,0.050121980012348376,0.1252333994846378,0.17112360664447882,0.15724795273634973,-0.0015249710966631913
Hydrophobicity_group3_D75,39,0.12779579,SolventAccessibility_group1_D25,0.29556933069301483,2.4031843677541225e-20,0.31398131423851566,6.964263231083198e-23,9.365969414584327e-20,3.949174735452951e-22,-0.018411983545500832
Hydrophobicity_group3_D75,39,0.12779579,SolventAccessibility_group1_D50,0.2990791881321498,8.1456664500942e-21,0.3229654725445874,3.450281969091516e-24,3.215901411739318e-20,2.0324412304701346e-23,-0.02388628441243762
Hydrophobicity_group3_D75,39,0.12779579,SolventAccessibility_group1_D75,0.20759941453458114,1.3966553747080693e-10,0.22557672990508634,2.8278537620540314e-12,3.7438434602928986e-10,1.0624332469359354e-11,-0.017977315370505204
Hydrophobicity_group3_D75,39,0.12779579,SolventAccessibility_group1_D100,0.16226888913239831,5.925632115112477e-07,0.1613015724754336,6.924824601067417e-07,1.294415386819861e-06,1.7805168720219531e-06,0.0009673166569647007
Hydrophobicity_group3_D75,39,0.12779579,SolventAccessibility_group2_D0,0.02651482892708476,0.41754365557192036,0.02739355766982535,0.4022738550139005,0.4687717007093156,0.45719146755582585,-0.00087872874274059
Hydrophobicity_group3_D75,39,0.12779579,SolventAccessibility_group2_D25,0.049462747940202265,0.1302841513871928,0.03169751579064629,0.3324335569713244,0.162916160851076,0.38566449471490916,0.017765232149555978
Hydrophobicity_group3_D75,39,0.12779579,SolventAccessibility_group2_D50,0.13058634896810806,6.093746212115995e-05,0.12327973280917419,0.0001549178941120851,0.00011617073258257663,0.00030454724328096776,0.007306616158933868
Hydrophobicity_group3_D75,39,0.12779579,SolventAccessibility_group2_D75,0.16926666344926275,1.867485361087125e-07,0.1630334982852724,5.235522046604244e-07,4.194620784149965e-07,1.3587135692042093e-06,0.006233165163990362
Hydrophobicity_group3_D75,39,0.12779579,SolventAccessibility_group2_D100,0.07557916136446771,0.020682301291852685,0.0895219546015472,0.006103710169488289,0.029533512746809733,0.009829504323091072,-0.01394279323707949
Hydrophobicity_group3_D75,39,0.12779579,SolventAccessibility_group3_D0,0.09312232461546795,0.004332048518881548,0.0855244864504062,0.008812355165955346,0.006761234604235686,0.013871958504711424,0.007597838165061752
Hydrophobicity_group3_D75,39,0.12779579,SolventAccessibility_group3_D25,-0.2791963772852243,3.0744572418413572e-18,-0.27865209015426534,3.592869396925894e-18,1.1271884948134065e-17,1.7991280038579438e-17,0.0005442871309589425
Hydrophobicity_group3_D75,39,0.12779579,SolventAccessibility_group3_D50,-0.3115924732518512,1.5220833427889518e-22,-0.31809311845588684,1.7828291728587726e-23,6.291780154597895e-22,1.0248966329343031e-22,-0.006500645204035649
Hydrophobicity_group3_D75,39,0.12779579,SolventAccessibility_group3_D75,-0.14825674490484148,5.180155999981833e-06,-0.14576084707723108,7.471440375851672e-06,1.0719777595997102e-05,1.7198215613607572e-05,0.002495897827610394
Hydrophobicity_group3_D75,39,0.12779579,SolventAccessibility_group3_D100,-0.05702698781438883,0.08103503500045185,-0.06834607205506345,0.03646016568908536,0.10470290789226662,0.05159769308968871,-0.01131908424067462
AAC_L,9,0.12366004,AAC_A,-0.2237403512738465,4.27858705336388e-12,-0.17722888331711503,4.7318792736044514e-08,1.2579648554784648e-11,1.3303431627810493e-07,0.04651146795673147
AAC_L,9,0.12366004,AAC_C,-0.30359292226342083,1.981947614771586e-21,-0.29175779642524874,7.650715803680694e-20,8.004480088678474e-21,4.0432580354894804e-19,0.01183512583817209
AAC_L,9,0.12366004,AAC_D,0.12346335459018198,0.00015142007686738527,0.041896241483100366,0.20008348864228676,0.00027987994285393845,0.24248144124282936,0.08156711310708162
AAC_L,9,0.12366004,AAC_E,0.46792163005953513,3.730729359781249e-52,0.3598986544866453,4.9291522994969854e-30,2.750692287344232e-51,3.34621314640649e-29,0.10802297557288981
AAC_L,9,0.12366004,AAC_F,0.12242441723265864,0.00017223479422464718,0.06774298205263612,0.038148319207588724,0.000316079237752924,0.05376176630942883,0.05468143518002251
AAC_L,9,0.12366004,AAC_G,-0.510769365993489,2.1363020047139147e-63,-0.47625315363931076,3.2282757127550706e-54,1.8533113495440194e-62,3.7966341128880056e-53,0.03451621235417823
AAC_L,9,0.12366004,AAC_H,0.47046019380040616,8.897861907746875e-53,0.37749898277418453,4.191928545755543e-33,6.69343666033211e-52,3.077151943477696e-32,0.09296121102622162
AAC_L,9,0.12366004,AAC_I,0.20951383836975745,9.370827174390751e-11,0.12233196619315768,0.00017421173923187866,2.544598598574399e-10,0.00034027322165758756,0.08718187217659977
AAC_L,9,0.12366004,AAC_K,0.2107256780901838,7.264560721579596e-11,0.07865246766875397,0.016035550198715772,1.993724963851754e-10,0.02416910544391276,0.13207321042142983
AAC_L,9,0.12366004,AAC_L,0.9999999999999999,0.0,1.0,0.0,0.0,0.0,-1.1102230246251565e-16
AAC_L,9,0.12366004,AAC_M,0.11553234729070862,0.0003946296565202686,0.020834750512791836,0.5241385065421823,0.0007044698304530718,0.5765357679346486,0.09469759677791678
AAC_L,9,0.12366004,AAC_N,-0.25015637954299824,7.783105639726158e-15,-0.2660689658772007,1.1972563648023613e-16,2.5636659602253817e-14,5.62424227628676e-16,-0.01591258633420245
AAC_L,9,0.12366004,AAC_P,-0.09026084426020452,0.005694325449793858,0.1036378141471886,0.0014894882993541575,0.008760500691990549,0.002580337614026393,-0.013376969886984086
AAC_L,9,0.12366004,AAC_Q,0.13392559052642816,3.9124310907842e-05,0.10608681440503047,0.0011451040995758771,7.575373822156074e-05,0.002008743536020709,0.027838776121397693
AAC_L,9,0.12366004,AAC_R,0.20178233103779017,4.586915796432487e-10,0.2658181393799055,1.2815442475828975e-16,1.1922411486447086e-09,5.994898861242126e-16,-0.06403580834211534
AAC_L,9,0.12366004,AAC_S,-0.4185084352010047,4.989191257999922e-41,-0.29821281717539544,1.065395327974484e-20,3.204595923407642e-40,5.748659766453596e-20,0.12029561802560929
AAC_L,9,0.12366004,AAC_T,-0.5309307049848743,2.8854882048011944e-69,-0.4338702232757089,2.714339118053956e-44,2.7457352148250683e-68,2.560986625508535e-43,0.09706048170916537
AAC_L,9,0.12366004,AAC_V,-0.14480170479192367,8.586940108657268e-06,-0.16429666678023486,4.261625923913357e-07,1.7488036562753218e-05,1.1146304295904942e-06,-0.019494961988311188
AAC_L,9,0.12366004,AAC_W,-0.0938661940419027,0.00403001110387871,-0.04733993163478536,0.14762421316058547,0.006322328363999479,0.18350013842811888,0.046526262407117346
AAC_L,9,0.12366004,AAC_Y,-0.19095636672745417,3.8211308861230835e-09,-0.2317586915793749,6.830562008450088e-13,9.53854795190665e-09,2.6620860102944333e-12,-0.04080232485192073
AAC_L,9,0.12366004,Hydrophobicity_C1,0.3816044784047754,7.56020097555706e-34,0.2518052360868587,5.117407679101517e-15,4.173730786505881e-33,2.2401234139186192e-14,0.12979924231791673
AAC_L,9,0.12366004,Hydrophobicity_C2,-0.5850573547817602,3.7912795514114235e-87,-0.5013052094466283,8.953300474192959e-61,4.63841527535317e-86,1.186667602531924e-59,0.08375214533513198
AAC_L,9,0.12366004,Hydrophobicity_C3,0.7022033845600241,4.215211922342686e-140,0.6500495384552214,1.2757098612533339e-113,1.042874653379598e-138,4.0579723205582243e-112,0.05215384610480267
AAC_L,9,0.12366004,Hydrophobicity_T12,-0.19429985787993218,2.0110908905911198e-09,-0.24773972186919901,1.4311107198914253e-14,5.077130441855133e-09,6.135956103257203e-14,-0.05343986398926684
AAC_L,9,0.12366004,Hydrophobicity_T13,0.48223873542730167,9.80497222226623e-56,0.37456136666589995,1.4066350359431369e-32,7.815896711782628e-55,1.0213393521847994e-31,0.10767736876140171
AAC_L,9,0.12366004,Hydrophobicity_T23,0.007529456413738117,0.817955247240675,0.08912911241339251,0.006331974680940288,0.8447651594878957,0.010172580776498588,-0.0815996559996544
AAC_L,9,0.12366004,Hydrophobicity_group1_D0,0.1075851870568932,0.0009723290360235725,0.10803295961933126,0.000925580261657585,0.0016468453247052396,0.001646133159710508,-0.0004477725624380674
AAC_L,9,0.12366004,Hydrophobicity_group1_D25,-0.18619227353860976,9.350635084085695e-09,-0.02856349000631645,0.3824709655670395,2.289671640824503e-08,0.438234313891565,0.15762878353229332
AAC_L,9,0.12366004,Hydrophobicity_group1_D50,0.022729530730156617,0.48710398196400373,0.11640336630592417,0.00035623517752315025,0.5365855210289487,0.0006665689036007405,-0.09367383557576756
AAC_L,9,0.12366004,Hydrophobicity_group1_D75,-0.03108381019559766,0.34188407837039636,0.06796281381365325,0.03752544129466666,0.3919989089451163,0.05292862074501125,-0.03687900361805559
AAC_L,9,0.12366004,Hydrophobicity_group1_D100,0.11152123537964502,0.000626598492488332,0.029338514283883427,0.36968711561699347,0.001087754139766647,0.4253375701552732,0.0821827210957616
AAC_L,9,0.12366004,Hydrophobicity_group2_D0,0.22243805913577844,5.726490436080458e-12,0.16728357869663177,2.603156339250258e-07,1.6762908024985744e-11,6.894958107133911e-07,0.05515448043914667
AAC_L,9,0.12366004,Hydrophobicity_group2_D25,0.1781312895561474,4.033911705662468e-08,0.03630705693553448,0.2668878302400918,9.36293613406021e-08,0.3157652685093541,0.14182423262061292
AAC_L,9,0.12366004,Hydrophobicity_group2_D50,-0.16790965275427627,2.3450070467259175e-07,-0.26121258236689515,4.4126474090645653e-16,5.242519100444822e-07,1.991654371118331e-15,-0.09330292961261888
AAC_L,9,0.12366004,Hydrophobicity_group2_D75,-0.08602252071394498,0.00842467950659021,-0.18175510313706497,2.1078161789593592e-08,0.012715060800728107,6.111203157746754e-08,-0.09573258242312
AAC_L,9,0.12366004,Hydrophobicity_group2_D100,-0.3064347735313822,8.036173599004485e-22,-0.2734498651161897,1.5655284650688145e-17,3.2772673773717923e-21,7.622252293483732e-17,0.032984908415192526
AAC_L,9,0.12366004,Hydrophobicity_group3_D0,-0.15833095987269666,1.1110856102959424e-06,-0.05180841373683336,0.1130057339992037,2.397303577770315e-06,0.1436222037889423,0.10652254613586329
AAC_L,9,0.12366004,Hydrophobicity_group3_D25,-0.08974290222542011,0.005978603278113881,0.045713735530663296,0.16205861597985763,0.00916408212432325,0.19987140653687596,0.044029166694756816
AAC_L,9,0.12366004,Hydrophobicity_group3_D50,0.09288336655798704,0.004433335854272071,0.17009600160614208,1.6234258682252248e-07,0.0069160867600507785,4.362222365142599e-07,-0.07721263504815504
AAC_L,9,0.12366004,Hydrophobicity_group3_D75,0.19054471603397277,4.132091373520353e-09,0.2209230292674416,8.019842070745416e-12,1.0268738978837784e-08,2.9242655585469095e-11,-0.030378313233468818
AAC_L,9,0.12366004,Hydrophobicity_group3_D100,0.026826595810231314,0.4120874061104643,0.04601383097777096,0.15931780678064192,0.4631130337849767,0.1971550480353257,-0.019187235167539646
AAC_L,9,0.12366004,NormVanDerWaalsVolume_C1,-0.5782879409939657,1.0009493302911398e-84,-0.49289967372675214,1.6328150005878143e-58,1.1813324251492603e-83,2.042547603731573e-57,0.0853882672672136
AAC_L,9,0.12366004,NormVanDerWaalsVolume_C2,0.6333924617080895,3.1480168733956177e-106,0.5642635706873924,6.934285450766967e-80,4.983116756939034e-105,1.2656018254405284e-78,0.06912889102069708
AAC_L,9,0.12366004,NormVanDerWaalsVolume_C3,0.34036185560028365,7.634233261403168e-27,0.22367210913997237,4.344635505424289e-12,3.5267412300258066e-26,1.615933473064268e-11,0.11668974646031127
AAC_L,9,0.12366004,NormVanDerWaalsVolume_T12,-0.004263213033744908,0.8963090739670391,0.07824038440888481,0.01659999064871691,0.9146569835166241,0.02496886367195621,-0.0739771713751399
AAC_L,9,0.12366004,NormVanDerWaalsVolume_T13,-0.20488463621460157,2.443463912126609e-10,-0.22907493815227106,1.2720716321302302e-12,6.441333438439522e-10,4.906142322534606e-12,-0.024190301937669495
AAC_L,9,0.12366004,NormVanDerWaalsVolume_T23,0.5231979961092418,5.730304624834662e-67,0.43510506708197616,1.4584116027630574e-44,5.215045625871327e-66,1.3917413580653176e-43,0.08809292902726562
AAC_L,9,0.12366004,NormVanDerWaalsVolume_group1_D0,0.21581604214471492,2.4515319949333235e-11,0.16016453809546274,8.307058747476166e-07,6.944967653161409e-11,2.1115354807131196e-06,0.055651504049252176
AAC_L,9,0.12366004,NormVanDerWaalsVolume_group1_D25,0.20923601405076608,9.931903440476849e-11,0.09818682790061573,0.002622779049941622,2.688213735104755e-10,0.004410917435450664,0.11104918615015036
AAC_L,9,0.12366004,NormVanDerWaalsVolume_group1_D50,-0.22352783905963375,4.487569793855925e-12,-0.2913847351034558,8.56086717026432e-20,1.3170899043478726e-11,4.5171084279119795e-19,-0.06785689604382206
AAC_L,9,0.12366004,NormVanDerWaalsVolume_group1_D75,-0.12878198954402248,7.708525993716765e-05,-0.2208458118446191,8.158169885585172e-12,0.000146037871917266,2.97145991470605e-11,-0.09206382230059662
AAC_L,9,0.12366004,NormVanDerWaalsVolume_group1_D100,-0.3021161253212637,3.1558604418899566e-21,-0.2698150452997948,4.297116855680645e-17,1.2653750151155407e-20,2.0621221692490452e-16,0.03230108002146892
AAC_L,9,0.12366004,NormVanDerWaalsVolume_group2_D0,0.20707997588015034,1.5553445741351422e-10,0.23628537431816876,2.3510819918237394e-13,4.1658788112360665e-10,9.460980545411192e-13,-0.02920539843801842
AAC_L,9,0.12366004,NormVanDerWaalsVolume_group2_D25,-0.05526537180304807,0.09088794600206118,0.07504443564576627,0.02160063288921264,0.11648723700954887,0.03183853214914837,-0.019779063842718193
AAC_L,9,0.12366004,NormVanDerWaalsVolume_group2_D50,0.21769810594709288,1.6292974368196564e-11,0.2685310572596425,6.116409688488127e-17,4.667112726395928e-11,2.9267633752937454e-16,-0.05083295131254961
AAC_L,9,0.12366004,NormVanDerWaalsVolume_group2_D75,0.20335782622847692,3.335489528253657e-10,0.225676446726394,2.764689433640639e-12,8.71716355584289e-10,1.041044273772236e-11,-0.02231862049791708
AAC_L,9,0.12366004,NormVanDerWaalsVolume_group2_D100,0.14218579199644574,1.24944644293761e-05,0.10162007158123067,0.0018422560209100161,2.5139464574768782e-05,0.003155453902481771,0.04056572041521507
AAC_L,9,0.12366004,NormVanDerWaalsVolume_group3_D0,-0.25414832266349435,2.8054409703539732e-15,-0.20946307370879289,9.470984334109172e-11,9.379552393375645e-15,3.204973422079497e-10,0.04468524895470147
AAC_L,9,0.12366004,NormVanDerWaalsVolume_group3_D25,-0.202525792340007,3.947923733680262e-10,-0.15940328686099162,9.376848963042248e-07,1.0277525542082678e-09,2.3708308506102276e-06,0.04312250547901539
AAC_L,9,0.12366004,NormVanDerWaalsVolume_group3_D50,-0.01952043550329121,0.5506484842323014,0.020639105047380587,0.5280429489230852,0.5992720551762419,0.5795804960246811,-0.001118669544089377
AAC_L,9,0.12366004,NormVanDerWaalsVolume_group3_D75,0.07224515001328709,0.027008485308690173,0.11701343480213618,0.00033145208981439495,0.037728289808040646,0.0006240417023563016,-0.04476828478884909
AAC_L,9,0.12366004,NormVanDerWaalsVolume_group3_D100,0.042555276562330956,0.19309175569194592,0.001855927386470663,0.9547562951127392,0.23392327312698563,0.9602186165843266,0.040699349175860294
AAC_L,9,0.12366004,Polarity_C1,0.5966276135502646,2.019351784797863e-91,0.5213039270242623,2.051418163390391e-66,2.676442444930501e-90,3.1003333329067447e-65,0.0753236865260023
AAC_L,9,0.12366004,Polarity_C2,-0.5613529831607519,6.558284126826592e-79,-0.46963477168175644,1.4199434831327576e-52,7.253201650198946e-78,1.6022335248862875e-51,0.09171821147899545
AAC_L,9,0.12366004,Polarity_C3,0.45057418110009245,4.878225109764786e-48,0.32838040737105423,5.366699261764786e-25,3.415780265537607e-47,3.2355190495116218e-24,0.12219377372903822
AAC_L,9,0.12366004,Polarity_T12,-0.23695372871700163,2.004739303206286e-13,-0.1266635651500717,0.00010118934309625592,6.24028823178844e-13,0.00020384342939776525,0.11029016356692992
AAC_L,9,0.12366004,Polarity_T13,0.4745167040173338,8.782378750931249e-54,0.3581309618664126,9.788297016208285e-30,6.727785556906048e-53,6.585080385520822e-29,0.11638574215092123
AAC_L,9,0.12366004,Polarity_T23,-0.2122183155390649,5.29786083857033e-11,-0.2051213190195949,2.3278791720291556e-10,1.4648058941080216e-10,7.652673656080098e-10,0.007096996519469989
AAC_L,9,0.12366004,Polarity_group1_D0,-0.0590325749701071,0.07089066374273828,0.025250925678815626,0.4400944874664224,0.09263490489074563,0.49642539281926734,0.033781649291291474
AAC_L,9,0.12366004,Polarity_group1_D25,-0.09320397692401798,0.004297921625468691,0.011427451214999667,0.7268310987379928,0.006717388034190655,0.7624421701585729,0.08177652570901832
AAC_L,9,0.12366004,Polarity_group1_D50,0.06121710139943996,0.061049195365140356,0.12637562861296306,0.00010496746443118235,0.08046736879225289,0.00021119959710852354,-0.0651585272135231
AAC_L,9,0.12366004,Polarity_group1_D75,0.1524614900689409,2.7572805069356166e-06,0.2114905865215416,6.181222431408885e-11,5.8029722074133324e-06,2.1261877364475463e-10,-0.05902909645260068
AAC_L,9,0.12366004,Polarity_group1_D100,-0.11910847181404123,0.00025807259660454325,-0.13267627015880148,4.6235815838484064e-05,0.0004687126006847061,9.688056769167928e-05,-0.013567798344760254
AAC_L,9,0.12366004,Polarity_group2_D0,0.22478665374921905,3.3808387190213102e-12,0.16756019112215767,2.485889021681588e-07,9.984086049099183e-12,6.600055113208668e-07,0.05722646262706138
AAC_L,9,0.12366004,Polarity_group2_D25,0.23109398158339572,7.973678356167068e-13,0.09862244424777451,0.0025092926574196133,2.4036178438265348e-12,0.004230710487522216,0.13247153733562123
AAC_L,9,0.12366004,Polarity_group2_D50,-0.12436921729427922,0.00013522427752488565,-0.23547327249703429,2.8515316117954313e-13,0.0002503598042866508,1.1447254306967237e-12,-0.11110405520275507
AAC_L,9,0.12366004,Polarity_group2_D75,-0.12269800486481292,0.00016650718014064018,-0.2325133017658537,5.726815978026473e-13,0.0003060726371324921,2.2423874990162277e-12,-0.10981529690104078
AAC_L,9,0.12366004,Polarity_group2_D100,-0.292954878137766,5.328088383827635e-20,-0.2770997050464921,5.592761506059242e-18,2.059700833562998e-19,2.792200811694749e-17,0.015855173091273878
AAC_L,9,0.12366004,Polarity_group3_D0,0.038858549437476374,0.2346998991836749,0.052272958573475074,0.10980805378489465,0.2798634999191268,0.1399309040982633,-0.0134144091359987
AAC_L,9,0.12366004,Polarity_group3_D25,-0.22617577374534226,2.4685990439024883e-12,-0.054274373411829314,0.0968401395897079,7.30950426120063e-12,0.1254153029195907,0.17190140033351295
AAC_L,9,0.12366004,Polarity_group3_D50,0.031604436879437994,0.33385594938897484,0.1533962840961728,2.391042589292878e-06,0.3846425908793294,5.795415274483463e-06,-0.12179184721673482
AAC_L,9,0.12366004,Polarity_group3_D75,-0.013966641979538171,0.6693972360432376,0.0839510126112442,0.010143813866470185,0.7097735772648932,0.01584674383255866,-0.06998437063170602
AAC_L,9,0.12366004,Polarity_group3_D100,0.13284901522331424,4.518430164516026e-05,0.06365769635168612,0.051419038540999586,8.708342036632157e-05,0.0707038240950756,0.06919131887162812
AAC_L,9,0.12366004,Polarizability_C1,-0.6076557431029262,1.1659739095807691e-95,-0.5341703364302834,3.0176757941139586e-70,1.602614344855872e-94,4.799541501114582e-69,0.0734854066726428
AAC_L,9,0.12366004,Polarizability_C2,0.6520218325211027,1.5829539190844476e-114,0.6007090189922416,5.699301754583362e-93,2.812269196671306e-113,1.3405399901625655e-91,0.05131281352886108
AAC_L,9,0.12366004,Polarizability_C3,0.34036185560028365,7.634233261403168e-27,0.22367210913997237,4.344635505424289e-12,3.5267412300258066e-26,1.615933473064268e-11,0.11668974646031127
AAC_L,9,0.12366004,Polarizability_T12,-0.32367767282111676,2.7070501538040617e-24,-0.18774937075171683,6.997086346182156e-09,1.1681585935020111e-23,2.099754572888446e-08,0.13592830206939993
AAC_L,9,0.12366004,Polarizability_T13,-0.23908464572684004,1.2022081885783707e-13,-0.2757984671823019,8.086792970789831e-18,3.7632383784927444e-13,4.001464966287116e-17,-0.03671382145546184
AAC_L,9,0.12366004,Polarizability_T23,0.5313065577523604,2.2233303636033004e-69,0.44853176940105954,1.4371036625899138e-47,2.127771751987113e-68,1.4906603208230784e-46,0.08277478835130081
AAC_L,9,0.12366004,Polarizability_group1_D0,0.19496104550449467,1.7689565582806967e-09,0.14757978774840352,5.724557478533739e-06,4.482788243290992e-09,1.3342653160015832e-05,0.047381257756091144
AAC_L,9,0.12366004,Polarizability_group1_D25,0.13680955670892625,2.645847826262634e-05,0.014477192685953747,0.6580658569853061,5.195256754683832e-05,0.6990903188075452,0.1223323640229725
AAC_L,9,0.12366004,Polarizability_group1_D50,-0.1845802049173389,1.259175098592359e-08,-0.31762019167878824,2.087584384865834e-23,3.049778701449224e-08,1.198029526709946e-22,-0.13303998676144935
AAC_L,9,0.12366004,Polarizability_group1_D75,-0.19675142438709817,1.2470205485144422e-09,-0.3109301194020351,1.8881676614688892e-22,3.1842879449833615e-09,1.0563618072539515e-21,-0.11417869501493691
AAC_L,9,0.12366004,Polarizability_group1_D100,-0.278415513854139,3.844223974127798e-18,-0.27676741103928987,6.146177437842671e-18,1.4063207090456565e-17,3.0593491270334605e-17,0.0016481028148491172
AAC_L,9,0.12366004,Polarizability_group2_D0,0.288201237234566,2.2188994349015414e-19,0.2821441480423327,1.3141212106292003e-18,8.3931190402844265e-19,6.71126122859561e-18,0.0060570891922333
AAC_L,9,0.12366004,Polarizability_group2_D25,0.035210447643393636,0.28161297636093835,0.14518935189611293,8.118195885409128e-06,0.3311927257202585,1.8571763189908554e-05,-0.10997890425271929
AAC_L,9,0.12366004,Polarizability_group2_D50,0.12363044664485127,0.00014830176640716664,0.2646751932016309,1.7457107056983567e-16,0.00027426794008855845,8.132041502137393e-16,-0.14104474655677962
AAC_L,9,0.12366004,Polarizability_group2_D75,0.24213261111002246,5.735484869000692e-14,0.3085820456611526,4.0360118196930667e-22,1.8123481043010702e-13,2.246713246295807e-21,-0.06644943455113014
AAC_L,9,0.12366004,Polarizability_group2_D100,-0.07224981209599113,0.026998587530555528,-0.051278209998390015,0.11674440788319591,0.037728289808040646,0.14797962896769423,0.020971602097601114
AAC_L,9,0.12366004,Polarizability_group3_D0,-0.25414832266349435,2.8054409703539732e-15,-0.20946307370879289,9.470984334109172e-11,9.379552393375645e-15,3.204973422079497e-10,0.04468524895470147
AAC_L,9,0.12366004,Polarizability_group3_D25,-0.202525792340007,3.947923733680262e-10,-0.15940328686099162,9.376848963042248e-07,1.0277525542082678e-09,2.3708308506102276e-06,0.04312250547901539
AAC_L,9,0.12366004,Polarizability_group3_D50,-0.01952043550329121,0.5506484842323014,0.020639105047380587,0.5280429489230852,0.5992720551762419,0.5795804960246811,-0.001118669544089377
AAC_L,9,0.12366004,Polarizability_group3_D75,0.07224515001328709,0.027008485308690173,0.11701343480213618,0.00033145208981439495,0.037728289808040646,0.0006240417023563016,-0.04476828478884909
AAC_L,9,0.12366004,Polarizability_group3_D100,0.042555276562330956,0.19309175569194592,0.001855927386470663,0.9547562951127392,0.23392327312698563,0.9602186165843266,0.040699349175860294
AAC_L,9,0.12366004,Charge_C1,0.4040088372161384,4.243258375211644e-38,0.31733671127370294,2.2943824791397854e-23,2.6052358406630314e-37,1.3144489674660178e-22,0.08667212594243545
AAC_L,9,0.12366004,Charge_C2,-0.46926153803894377,1.7533694710569326e-52,-0.3618593949132448,2.2913896940729005e-30,1.3160121423213832e-51,1.5779879542687604e-29,0.10740214312569896
AAC_L,9,0.12366004,Charge_C3,0.3947364413258228,2.6716566994525578e-36,0.27482519817735185,1.0641447666957713e-17,1.549189822252004e-35,5.242247080772679e-17,0.11991124314847096
AAC_L,9,0.12366004,Charge_T12,0.361577248917287,2.5592508579026012e-30,0.29432415165952036,3.514955515638309e-20,1.2912232425067504e-29,1.8724005458105186e-19,0.06725309725776663
AAC_L,9,0.12366004,Charge_T13,0.3904669460501975,1.7223726752960583e-35,0.284516506193744,6.5815078298240075e-19,9.766935034785798e-35,3.3923203937673125e-18,0.10595043985645347
AAC_L,9,0.12366004,Charge_T23,0.34463641305919723,1.5993300192394438e-27,0.22250183137448445,5.645571953004949e-12,7.47099617378985e-27,2.0789647544692976e-11,0.12213458168471278
AAC_L,9,0.12366004,Charge_group1_D0,0.013729459402084927,0.6746872404681243,0.032036176452472115,0.3272913205001822,0.7147019927572266,0.3803594330099543,-0.018306717050387188
AAC_L,9,0.12366004,Charge_group1_D25,-0.11260206312595984,0.0005540045493827176,-0.05950689980990155,0.0686501216678204,0.0009662533655030166,0.0920849021568354,0.05309516331605829
AAC_L,9,0.12366004,Charge_group1_D50,0.12786077143583366,8.681210049800649e-05,0.15235906291651524,2.8005311106855894e-06,0.00016363003141272103,6.748754624595865e-06,-0.024498291480681583
AAC_L,9,0.12366004,Charge_group1_D75,-0.010785812880141172,0.7416058565314562,0.03371540554521152,0.30255986225015824,0.7769647304940601,0.355077280363854,-0.022929592665070345
AAC_L,9,0.12366004,Charge_group1_D100,-0.0063642841059774235,0.8457408981915462,-0.03494806214024134,0.28521633896127513,0.8675597665724092,0.3361406394250737,-0.02858377803426392
AAC_L,9,0.12366004,Charge_group2_D0,0.22835255915545813,1.501842897795884e-12,0.23867605394110505,1.3265672051862641e-13,4.474714789150984e-12,5.443162733810961e-13,-0.010323494785646925
AAC_L,9,0.12366004,Charge_group2_D25,0.060449223073333454,0.06437124047847845,-0.009036599286556136,0.782355426555358,0.08454578969646796,0.8092496515004323,0.051412623786777314
AAC_L,9,0.12366004,Charge_group2_D50,-0.16134572417049473,6.875884526606847e-07,-0.1734700844568825,9.118332036429816e-08,1.4951467655512283e-06,2.498378096938112e-07,-0.012124360286387775
AAC_L,9,0.12366004,Charge_group2_D75,-0.06438710580257488,0.04880027587715941,-0.08254616656954883,0.011480661219454697,0.0656482246237604,0.01774428897407621,-0.018159060766973947
AAC_L,9,0.12366004,Charge_group2_D100,-0.1805768705310526,2.6068467977672727e-08,-0.11589207800399824,0.00037832711614180854,6.166337326163379e-08,0.000705928808890302,0.06468479252705435
AAC_L,9,0.12366004,Charge_group3_D0,0.03436280491029481,0.2933654555662627,0.02870874234560491,0.3800546788149985,0.3433218716157384,0.43576471927294713,0.005654062564689897
AAC_L,9,0.12366004,Charge_group3_D25,-0.01929624185454243,0.5552354197490944,0.07227829765738093,0.02693817948507154,0.603477481927099,0.03910192067802649,-0.052982055802838504
AAC_L,9,0.12366004,Charge_group3_D50,0.0477950423795653,0.14376570957204307,0.05933407448890496,0.0694596634419952,0.17863745162597616,0.09298407851553665,-0.01153903210933966
AAC_L,9,0.12366004,Charge_group3_D75,0.04969360599479717,0.1284977584491018,0.043416395022647596,0.1842284081626516,0.16092332704161982,0.2245703953515534,0.0062772109721495745
AAC_L,9,0.12366004,Charge_group3_D100,0.1385475345223388,2.0822582697696827e-05,0.07958534191793891,0.01481960732759095,4.107940118742316e-05,0.022509089801797985,0.0589621926043999
AAC_L,9,0.12366004,SecondaryStructure_C1,0.7573834672952613,2.8983273949299115e-175,0.7193081894262612,4.308695955674273e-150,1.180538231593403e-173,1.9447357421556855e-148,0.03807527786900011
AAC_L,9,0.12366004,SecondaryStructure_C2,-0.5355349040281318,1.157331741466926e-70,-0.5021464490931274,5.274906712271158e-61,1.1335741983869597e-69,7.132869805257355e-60,0.03338845493500431
AAC_L,9,0.12366004,SecondaryStructure_C3,-0.6447541341043213,3.2055973911997004e-111,-0.5780035270760241,1.2615901832803503e-84,5.462599636023979e-110,2.4498321000909126e-83,0.06675060702829716
AAC_L,9,0.12366004,SecondaryStructure_T12,0.4293483889073126,2.5828903727420647e-43,0.33447083092503044,6.325124742331941e-26,1.7116773501901777e-42,3.9049753492400523e-25,0.09487755798228215
AAC_L,9,0.12366004,SecondaryStructure_T13,0.37147225867584327,4.957458705077053e-32,0.2912139511411039,9.012409326826256e-20,2.6157838980975286e-31,4.747862326750741e-19,0.08025830753473939
AAC_L,9,0.12366004,SecondaryStructure_T23,-0.6897156906309382,3.004880661058772e-133,-0.634459248361805,1.0919586523089135e-106,6.646557223798873e-132,3.1172152980442485e-105,0.05525644226913318
AAC_L,9,0.12366004,SecondaryStructure_group1_D0,0.02004035004535575,0.5400833782393925,0.047936804227882095,0.14257973781186226,0.5887331864620009,0.17769265831776862,-0.027896454182526346
AAC_L,9,0.12366004,SecondaryStructure_group1_D25,-0.03647011601902455,0.264744294887534,-0.055096690636876125,0.09187981643942558,0.31311825245197006,0.11987444801081305,-0.018626574617851575
AAC_L,9,0.12366004,SecondaryStructure_group1_D50,0.21845743577522855,1.3802274568366789e-11,0.17652315585698294,5.357827037567037e-08,3.970680194517233e-11,1.4987556369743636e-07,0.04193427991824561
AAC_L,9,0.12366004,SecondaryStructure_group1_D75,0.11874353667543011,0.00026964939047327194,0.05688563331145175,0.08179228325395967,0.00048814578004375517,0.10806417170420304,0.06185790336397836
AAC_L,9,0.12366004,SecondaryStructure_group1_D100,0.18624103020759564,9.26646971640399e-09,0.13063799455322794,6.05261153047111e-05,2.272394188897895e-08,0.00012556349386194724,0.055603035654367694
AAC_L,9,0.12366004,SecondaryStructure_group2_D0,0.13391478203429594,3.918112982262408e-05,0.1790771743319121,3.409567382419267e-08,7.58197993091335e-05,9.70840158335921e-08,-0.04516239229761615
AAC_L,9,0.12366004,SecondaryStructure_group2_D25,0.04717869857159697,0.1490099678901359,0.024127804501942497,0.4607061332111046,0.18433084916779774,0.5168822589603929,0.023050894069654472
AAC_L,9,0.12366004,SecondaryStructure_group2_D50,-0.034522183566005574,0.2911309688117729,-0.023107672819779615,0.47988562619856123,0.34118506520397246,0.5355222156709638,0.011414510746225959
AAC_L,9,0.12366004,SecondaryStructure_group2_D75,-0.02026907263509569,0.5354678271149473,0.051896774673851814,0.11239192661593482,0.5842739439934415,0.142934838096203,-0.031627702038756124
AAC_L,9,0.12366004,SecondaryStructure_group2_D100,-0.2651264607619933,1.5454275104365885e-16,-0.2506098858324144,6.937425636003709e-15,5.388024932002303e-16,3.017057503157863e-14,0.014516574929578918
AAC_L,9,0.12366004,SecondaryStructure_group3_D0,0.21638231527551352,2.168811387943635e-11,0.18395803457248366,1.4114393501411739e-08,6.15448601166673e-11,4.13164542460256e-08,0.032424280703029856
AAC_L,9,0.12366004,SecondaryStructure_group3_D25,0.07357784959789639,0.024303416536853206,0.06546789369112221,0.0451261546617564,0.034410093782573,0.06280056523761099,0.008109955906774172
AAC_L,9,0.12366004,SecondaryStructure_group3_D50,-0.22720436862259175,1.9531804432898937e-12,-0.1863094669195876,9.149571235226902e-09,5.8039347692066235e-12,2.7139935990815145e-08,0.04089490170300414
AAC_L,9,0.12366004,SecondaryStructure_group3_D75,-0.14092860928825549,1.492743167304787e-05,-0.12708980733179337,9.58310238790373e-05,2.980132802628804e-05,0.0001932823790797008,0.013838801956462116
AAC_L,9,0.12366004,SecondaryStructure_group3_D100,-0.2508099885026335,6.593635475523858e-15,-0.21949055246564472,1.100260302766155e-11,2.1783128079376542e-14,3.9728317959340085e-11,0.03131943603698875
AAC_L,9,0.12366004,SolventAccessibility_C1,0.11136389965986153,0.0006378742781607697,0.082219462942908,0.011813079961884786,0.0011067532930166082,0.01824118681123217,0.029144436716953534
AAC_L,9,0.12366004,SolventAccessibility_C2,0.3816044784047754,7.56020097555706e-34,0.2518052360868587,5.117407679101517e-15,4.173730786505881e-33,2.2401234139186192e-14,0.12979924231791673
AAC_L,9,0.12366004,SolventAccessibility_C3,-0.4747388426569856,7.729460205395452e-54,-0.3540849189690039,4.630257722481913e-29,5.948478591249035e-53,3.038322356206206e-28,0.12065392368798172
AAC_L,9,0.12366004,SolventAccessibility_T12,0.39191910747112296,9.166042844468722e-36,0.24934834700064604,9.547996750608291e-15,5.21543153330929e-35,4.136226867319286e-14,0.14257076047047693
AAC_L,9,0.12366004,SolventAccessibility_T13,-0.39339739989759565,4.807249097304684e-36,-0.2856222389684202,4.757348086564802e-19,2.76831241120649e-35,2.4711574819792283e-18,0.10777516092917544
AAC_L,9,0.12366004,SolventAccessibility_T23,-0.06956732857239356,0.033235642306918466,-0.0697221415932899,0.03284483130302931,0.04592761493798415,0.04688108399663158,-0.00015481302089634386
AAC_L,9,0.12366004,SolventAccessibility_group1_D0,0.18432934889613084,1.318546382877795e-08,0.18516248485379713,1.1311874630726895e-08,3.184341951418536e-08,3.328780728337254e-08,-0.0008331359576662922
AAC_L,9,0.12366004,SolventAccessibility_group1_D25,0.28180931821285954,1.4480649186634821e-18,0.22341763209406695,4.599847294332236e-12,5.3383408701280684e-18,1.707054440341074e-11,0.058391686118792585
AAC_L,9,0.12366004,SolventAccessibility_group1_D50,0.10424675315707706,0.001395930736480515,0.013296151442946526,0.6843929383306904,0.002328875454467992,0.723489377621158,0.09095060171413052
AAC_L,9,0.12366004,SolventAccessibility_group1_D75,0.0678176340676866,0.03793582086499189,-0.01814238800673098,0.5791333288542003,0.051992466839997094,0.6259887761725013,0.049675246060955615
AAC_L,9,0.12366004,SolventAccessibility_group1_D100,-0.11883721331184584,0.0002666321966230471,-0.11724677251549831,0.0003224063901764779,0.00048294551882916337,0.000608382679768043,0.001590440796347528
AAC_L,9,0.12366004,SolventAccessibility_group2_D0,0.1075851870568932,0.0009723290360235725,0.10803295961933126,0.000925580261657585,0.0016468453247052396,0.001646133159710508,-0.0004477725624380674
AAC_L,9,0.12366004,SolventAccessibility_group2_D25,-0.18619227353860976,9.350635084085695e-09,-0.02856349000631645,0.3824709655670395,2.289671640824503e-08,0.438234313891565,0.15762878353229332
AAC_L,9,0.12366004,SolventAccessibility_group2_D50,0.022729530730156617,0.48710398196400373,0.11640336630592417,0.00035623517752315025,0.5365855210289487,0.0006665689036007405,-0.09367383557576756
AAC_L,9,0.12366004,SolventAccessibility_group2_D75,-0.03108381019559766,0.34188407837039636,0.06796281381365325,0.03752544129466666,0.3919989089451163,0.05292862074501125,-0.03687900361805559
AAC_L,9,0.12366004,SolventAccessibility_group2_D100,0.11152123537964502,0.000626598492488332,0.029338514283883427,0.36968711561699347,0.001087754139766647,0.4253375701552732,0.0821827210957616
AAC_L,9,0.12366004,SolventAccessibility_group3_D0,-0.08758442180180051,0.007305736502743282,-0.01665720781339956,0.6105844114975547,0.011091436326892074,0.6559510885821269,0.07092721398840095
AAC_L,9,0.12366004,SolventAccessibility_group3_D25,-0.16137304590983426,6.845766510680274e-07,-0.1795568943080899,3.129777239949794e-08,1.489567436200138e-06,8.93457776190796e-08,-0.018183848398255653
AAC_L,9,0.12366004,SolventAccessibility_group3_D50,-0.1687899621327467,2.023415959406025e-07,-0.14374666376050932,9.997066736951315e-06,4.5418073282366417e-07,2.2652783515208544e-05,0.02504329837223737
AAC_L,9,0.12366004,SolventAccessibility_group3_D75,0.0351383687486901,0.28259975575995927,0.013653285863854982,0.6763896044474732,0.33223624929189155,0.7162781480198354,0.021485082884835117
AAC_L,9,0.12366004,SolventAccessibility_group3_D100,-0.21373727563315245,3.832912536009262e-11,-0.15290006442935603,2.5792195175388156e-06,1.0659390399892535e-10,6.2424588323040904e-06,0.060837211203796426
